hour,user_3,user_4,user_5,user_6
2014-01-01 00,24.004267,0.43440488,148.88211,75.60976
2014-01-01 01,23.29303,0.0,145.83333,71.03658
2014-01-01 02,24.537695,0.0,142.27643,64.939026
2014-01-01 03,21.870554,0.0,127.03253,64.63415
2014-01-01 04,22.226173,0.0,111.28048,57.621952
2014-01-01 05,21.514936,0.0,105.18294,62.80488
2014-01-01 06,21.692745,0.0,97.05285,58.841465
2014-01-01 07,21.870554,0.0,89.939026,57.92683
2014-01-01 08,22.759602,0.0,68.597565,49.390244
2014-01-01 09,25.248934,0.0,141.13895,44.512196
2014-01-01 10,27.738264,0.0,104.166664,52.439026
2014-01-01 11,32.1835,0.0,153.45529,58.536587
2014-01-01 12,32.53912,0.0,160.5691,66.15854
2014-01-01 13,31.294453,0.0,142.14584,42.06179
2014-01-01 14,29.694168,0.0,89.939026,52.439026
2014-01-01 15,28.271692,0.0,86.89024,53.048782
2014-01-01 16,26.551298,0.0,84.85773,58.536587
2014-01-01 17,26.671406,0.0,111.28048,76.82927
2014-01-01 18,26.493599,0.0,147.86586,85.97561
2014-01-01 19,26.849218,0.0,169.71545,97.86585
2014-01-01 20,28.093882,0.0,184.45122,99.085365
2014-01-01 21,27.044643,0.0,205.28455,90.243904
2014-01-01 22,25.782362,0.0,178.8618,88.10976
2014-01-01 23,25.426743,0.0,158.02846,84.756096
2014-01-02 00,23.826458,1.3032146,148.37398,76.82927
2014-01-02 01,22.048365,1.7376195,122.967476,65.54878
2014-01-02 02,21.337126,1.7376195,111.28048,63.719513
2014-01-02 03,21.159317,1.7376195,102.64227,66.768295
2014-01-02 04,21.337126,1.7376195,98.06911,61.280487
2014-01-02 05,21.159317,1.7376195,99.5935,63.109756
2014-01-02 06,22.403982,0.8425247,92.479675,68.597565
2014-01-02 07,25.96017,1.7376195,107.21545,68.29269
2014-01-02 08,28.449503,1.7376195,103.150406,40.3934
2014-01-02 09,13.869132,1.9548218,107.72358,61.280487
2014-01-02 10,21.870554,1.7376195,115.34553,60.365852
2014-01-02 11,25.238382,1.7376195,135.67073,63.719513
2014-01-02 12,30.405405,1.7376195,167.68292,66.46342
2014-01-02 13,30.761024,1.7376195,155.48781,66.46342
2014-01-02 14,29.516361,1.520417,155.48781,63.109756
2014-01-02 15,28.271692,0.82081574,153.96341,64.63415
2014-01-02 16,26.849218,1.7376195,165.6504,74.39024
2014-01-02 17,27.204834,1.7376195,128.60649,85.67073
2014-01-02 18,28.62731,1.520417,226.62602,42.10367
2014-01-02 19,29.694168,1.7376195,241.86992,106.70731
2014-01-02 20,31.116644,1.9548218,217.98781,97.86585
2014-01-02 21,28.80512,1.7376195,222.56096,92.68293
2014-01-02 22,26.493599,1.7376195,196.64635,88.10976
2014-01-02 23,25.444942,1.7376195,177.3374,90.85366
2014-01-03 00,24.182077,1.7376195,157.52031,75.60976
2014-01-03 01,25.22717,1.7376195,132.11382,62.80488
2014-01-03 02,21.514936,1.7376195,110.772354,59.451218
2014-01-03 03,21.159317,1.7376195,108.231705,61.890244
2014-01-03 04,21.337126,1.7376195,111.78862,61.280487
2014-01-03 05,25.284805,1.7376195,101.11789,57.012196
2014-01-03 06,22.759602,1.7376195,98.57723,58.23171
2014-01-03 07,25.261131,1.7376195,114.32927,57.317074
2014-01-03 08,29.516361,1.7376195,108.73984,57.012196
2014-01-03 09,32.36131,0.86880976,105.69106,59.451218
2014-01-03 10,33.250355,1.3032146,112.80488,69.20731
2014-01-03 11,32.1835,1.3032146,125.0,61.890244
2014-01-03 12,32.894737,1.3032146,140.2439,60.67073
2014-01-03 13,25.384916,1.7376195,141.7683,58.841465
2014-01-03 14,29.694168,1.7376195,122.45935,59.451218
2014-01-03 15,27.560457,1.7376195,123.56005,41.45658
2014-01-03 16,27.204834,1.7376195,124.10266,62.19512
2014-01-03 17,27.382647,1.520417,153.45529,71.95122
2014-01-03 18,25.049894,0.80809623,234.24797,92.37805
2014-01-03 19,29.694168,1.7376195,220.02032,99.085365
2014-01-03 20,29.694168,2.8236315,216.97154,92.37805
2014-01-03 21,28.093882,1.7376195,199.69514,88.414635
2014-01-03 22,25.96017,1.7376195,193.59756,79.268295
2014-01-03 23,25.248934,0.8136295,185.97562,75.30488
2014-01-04 00,24.537695,1.7376195,161.07724,72.86585
2014-01-04 01,22.581793,1.7376195,124.999794,67.98781
2014-01-04 02,22.048365,1.7376195,109.24797,60.67073
2014-01-04 03,21.337126,1.7376195,107.72358,66.46342
2014-01-04 04,21.870554,1.7376195,99.085365,56.09756
2014-01-04 05,21.514936,2.1720243,95.02032,55.487804
2014-01-04 06,22.226173,1.7376195,90.44715,60.97561
2014-01-04 07,22.759602,0.8113347,94.00407,56.707317
2014-01-04 08,25.604553,2.1720243,96.544716,56.707317
2014-01-04 09,28.62731,3.040834,108.73984,57.012196
2014-01-04 10,30.049786,1.9548218,125.92327,59.756096
2014-01-04 11,25.47966,1.7376195,165.6504,68.902435
2014-01-04 12,33.428165,1.7376195,178.8618,68.29269
2014-01-04 13,33.428165,1.7376195,159.55284,41.03848
2014-01-04 14,32.894737,1.7376195,158.02846,64.32927
2014-01-04 15,32.1835,1.7376195,156.50406,66.768295
2014-01-04 16,28.80512,1.7376195,168.69919,64.32927
2014-01-04 17,28.62731,1.9548218,167.68292,61.890244
2014-01-04 18,28.80512,1.7376195,215.95529,94.51219
2014-01-04 19,25.386942,1.7376195,233.73982,99.085365
2014-01-04 20,29.871977,0.84617853,136.56273,95.42683
2014-01-04 21,28.271692,1.7376195,211.38213,98.17073
2014-01-04 22,25.96017,1.7376195,200.20325,84.45122
2014-01-04 23,25.426743,1.7376195,174.79675,76.21951
2014-01-05 00,24.359886,1.7376195,150.40651,71.34146
2014-01-05 01,22.403982,3.475239,131.6057,40.978264
2014-01-05 02,21.870554,1.7376195,109.756096,74.69512
2014-01-05 03,21.159317,1.520417,108.73984,73.17073
2014-01-05 04,21.514936,1.520417,100.60975,63.109756
2014-01-05 05,21.337126,0.7984754,123.04296,58.536587
2014-01-05 06,21.692745,1.7376195,92.479675,40.11817
2014-01-05 07,25.4562,1.7376195,93.49593,57.92683
2014-01-05 08,24.537695,1.7376195,84.85773,49.085365
2014-01-05 09,29.16074,1.7376195,114.32927,60.060974
2014-01-05 10,32.36131,1.7376195,111.78862,64.63415
2014-01-05 11,33.783783,1.7376195,182.92683,70.42683
2014-01-05 12,36.450924,1.7376195,217.98781,72.86585
2014-01-05 13,35.02845,1.7376195,174.28862,67.68293
2014-01-05 14,33.428165,0.82013404,179.3699,66.15854
2014-01-05 15,30.227596,0.80694324,157.0122,63.719513
2014-01-05 16,29.338549,1.7376195,140.75203,71.34146
2014-01-05 17,27.382647,1.7376195,163.10976,75.60976
2014-01-05 18,30.405405,1.7376195,189.02438,41.167377
2014-01-05 19,31.472261,1.9548218,211.38213,86.585365
2014-01-05 20,31.82788,1.7376195,204.77643,86.585365
2014-01-05 21,28.80512,1.7376195,206.80894,79.87805
2014-01-05 22,26.671406,1.7376195,176.32114,78.35366
2014-01-05 23,25.426743,1.7376195,166.66667,76.82927
2014-01-06 00,24.004267,1.7376195,139.73578,40.688034
2014-01-06 01,22.226173,0.8191929,122.967476,60.67073
2014-01-06 02,21.692745,1.7376195,124.763054,55.182926
2014-01-06 03,20.981508,1.520417,102.64227,59.146343
2014-01-06 04,21.337126,1.7376195,104.166664,53.658535
2014-01-06 05,21.337126,1.7376195,100.60975,51.219513
2014-01-06 06,25.218197,1.7376195,105.69106,54.57317
2014-01-06 07,32.00569,1.7376195,122.45935,57.317074
2014-01-06 08,31.116644,1.7376195,121.951225,59.146343
2014-01-06 09,29.338549,1.7376195,105.69106,65.85366
2014-01-06 10,28.449503,1.7376195,127.22344,74.69512
2014-01-06 11,28.62731,1.3032146,114.837395,73.47561
2014-01-06 12,28.80512,1.3032146,129.57317,81.402435
2014-01-06 13,27.916075,1.520417,114.32927,68.902435
2014-01-06 14,28.62731,1.3032146,102.13415,69.81707
2014-01-06 15,26.493599,1.520417,123.47561,40.182217
2014-01-06 16,27.204834,1.7376195,119.41057,75.60976
2014-01-06 17,25.12679,1.7376195,139.73578,92.98781
2014-01-06 18,29.516361,2.1720243,188.51627,109.14634
2014-01-06 19,32.53912,1.7376195,221.54471,121.03658
2014-01-06 20,32.1835,1.7376195,217.47968,99.39024
2014-01-06 21,31.116644,1.7376195,201.2195,98.47561
2014-01-06 22,27.382647,1.7376195,175.813,89.939026
2014-01-06 23,26.671406,1.7376195,157.0122,83.231705
2014-01-07 00,24.893314,1.7376195,130.0813,71.95122
2014-01-07 01,23.29303,1.7376195,124.63214,67.37805
2014-01-07 02,22.93741,1.7376195,99.085365,64.32927
2014-01-07 03,22.403982,1.7376195,124.56533,68.902435
2014-01-07 04,23.11522,1.7376195,95.52846,40.02508
2014-01-07 05,22.759602,1.7376195,106.19919,40.3191
2014-01-07 06,24.893314,1.7376195,96.544716,71.34146
2014-01-07 07,25.196415,1.7376195,111.78862,41.134678
2014-01-07 08,32.1835,1.7376195,106.19919,64.63415
2014-01-07 09,30.049786,1.7376195,115.34553,61.280487
2014-01-07 10,30.405405,1.520417,99.5935,63.414635
2014-01-07 11,30.049786,1.520417,113.31301,57.317074
2014-01-07 12,29.516361,0.8278153,126.52439,67.37805
2014-01-07 13,30.049786,1.7376195,125.61455,53.353657
2014-01-07 14,29.338549,1.7376195,105.18294,58.23171
2014-01-07 15,25.331291,1.7376195,113.82114,66.15854
2014-01-07 16,27.204834,1.7376195,125.331436,58.23171
2014-01-07 17,27.738264,1.7376195,135.1626,41.207573
2014-01-07 18,30.049786,2.1720243,130.80327,89.32927
2014-01-07 19,33.250355,1.7376195,227.64227,101.82927
2014-01-07 20,33.783783,1.7376195,224.08537,93.902435
2014-01-07 21,25.455814,1.7376195,204.77643,81.70731
2014-01-07 22,28.80512,1.7376195,188.51627,76.52439
2014-01-07 23,25.334372,1.7376195,152.43903,66.46342
2014-01-08 00,25.071123,1.7376195,135.1626,55.182926
2014-01-08 01,23.29303,1.7376195,114.837395,58.841465
2014-01-08 02,22.759602,1.520417,90.955284,53.353657
2014-01-08 03,22.403982,1.7376195,90.44715,56.40244
2014-01-08 04,22.759602,1.7376195,98.06911,40.908085
2014-01-08 05,22.759602,1.7376195,95.52846,54.878048
2014-01-08 06,25.426743,1.7376195,94.51219,52.743904
2014-01-08 07,33.072548,0.82649744,122.967476,59.146343
2014-01-08 08,32.716927,1.7376195,111.28048,60.060974
2014-01-08 09,33.250355,1.7376195,108.231705,57.621952
2014-01-08 10,32.36131,1.520417,97.560974,62.5
2014-01-08 11,25.448576,1.520417,97.05285,63.414635
2014-01-08 12,30.049786,1.520417,115.85366,69.20731
2014-01-08 13,30.049786,1.7376195,107.21545,65.85366
2014-01-08 14,29.871977,1.520417,94.51219,66.46342
2014-01-08 15,28.982933,1.520417,120.42683,68.902435
2014-01-08 16,29.16074,1.7376195,118.39431,61.280487
2014-01-08 17,28.093882,2.1720243,129.33945,80.79269
2014-01-08 18,30.583214,2.606429,130.81763,100.30488
2014-01-08 19,33.605976,1.7376195,243.90245,97.86585
2014-01-08 20,25.35172,1.7376195,220.52846,90.54878
2014-01-08 21,25.378393,1.7376195,194.1057,94.20731
2014-01-08 22,28.449503,1.7376195,169.20732,93.597565
2014-01-08 23,27.382647,1.7376195,147.35773,80.79269
2014-01-09 00,25.426743,1.7376195,117.88618,71.03658
2014-01-09 01,23.29303,1.7376195,104.6748,66.15854
2014-01-09 02,22.759602,1.7376195,85.36585,58.23171
2014-01-09 03,22.403982,1.7376195,86.89024,62.5
2014-01-09 04,25.472878,1.7376195,85.36585,54.878048
2014-01-09 05,22.759602,1.7376195,97.05285,40.63925
2014-01-09 06,25.248934,1.7376195,99.5935,59.451218
2014-01-09 07,32.53912,1.7376195,126.86944,70.42683
2014-01-09 08,32.53912,1.7376195,112.296745,59.146343
2014-01-09 09,32.00569,1.9548218,118.39431,60.67073
2014-01-09 10,30.405405,1.7376195,126.52063,59.146343
2014-01-09 11,31.650072,1.7376195,116.361786,52.439026
2014-01-09 12,31.650072,1.7376195,147.86586,53.963413
2014-01-09 13,31.116644,1.7376195,113.82114,49.390244
2014-01-09 14,31.116644,1.520417,103.65854,40.853657
2014-01-09 15,21.159317,1.520417,120.42683,40.243904
2014-01-09 16,28.80512,1.7376195,103.65854,49.390244
2014-01-09 17,29.338549,1.7376195,124.32948,51.219513
2014-01-09 18,25.015425,1.520417,178.8618,86.28049
2014-01-09 19,33.428165,1.7376195,221.03659,111.28049
2014-01-09 20,33.250355,1.9548218,226.62602,94.81707
2014-01-09 21,32.716927,1.7376195,225.60976,83.53658
2014-01-09 22,28.80512,1.7376195,187.5,82.31707
2014-01-09 23,27.204834,1.7376195,126.84825,74.39024
2014-01-10 00,25.604553,1.7376195,129.06505,59.756096
2014-01-10 01,23.648647,1.7376195,116.361786,61.280487
2014-01-10 02,23.11522,1.7376195,98.06911,60.67073
2014-01-10 03,22.581793,1.7376195,97.560974,56.707317
2014-01-10 04,22.93741,1.7376195,88.414635,50.609756
2014-01-10 05,22.93741,1.7376195,85.36585,53.353657
2014-01-10 06,25.43603,1.7376195,92.479675,60.67073
2014-01-10 07,34.49502,1.7376195,104.166664,63.414635
2014-01-10 08,32.894737,1.7376195,101.626015,57.012196
2014-01-10 09,30.938833,0.86880976,102.13415,53.048782
2014-01-10 10,31.472261,1.3032146,96.03658,55.792683
2014-01-10 11,31.82788,1.3032146,119.9187,55.487804
2014-01-10 12,31.116644,1.3032146,125.0,56.40244
2014-01-10 13,31.472261,1.7376195,113.82114,57.317074
2014-01-10 14,31.472261,1.7376195,112.296745,50.0
2014-01-10 15,29.694168,1.7376195,125.444466,62.19512
2014-01-10 16,25.258684,1.7376195,116.86991,57.621952
2014-01-10 17,25.260223,1.520417,129.06505,61.585365
2014-01-10 18,30.049786,2.1720243,186.99187,90.85366
2014-01-10 19,31.472261,0.7652222,213.92276,105.18293
2014-01-10 20,25.093513,2.8236315,212.90651,101.21951
2014-01-10 21,32.1835,1.7376195,130.14842,90.54878
2014-01-10 22,28.62731,1.7376195,174.79675,86.585365
2014-01-10 23,27.204834,0.8353466,154.47154,89.02439
2014-01-11 00,25.604553,1.7376195,133.13008,74.39024
2014-01-11 01,23.648647,1.7376195,123.74895,62.19512
2014-01-11 02,24.004267,1.7376195,90.955284,53.048782
2014-01-11 03,22.759602,0.8374195,87.39838,61.890244
2014-01-11 04,23.29303,1.7376195,84.85773,56.09756
2014-01-11 05,22.759602,2.1720243,87.9065,50.30488
2014-01-11 06,25.382145,1.7376195,77.23577,54.26829
2014-01-11 07,25.140448,0.8133324,92.98781,40.202255
2014-01-11 08,28.982933,2.1720243,97.560974,50.0
2014-01-11 09,34.139404,3.040834,130.0813,56.09756
2014-01-11 10,34.139404,0.819931,139.22765,68.902435
2014-01-11 11,34.139404,1.7376195,158.53659,65.85366
2014-01-11 12,35.20626,1.7376195,179.3699,68.29269
2014-01-11 13,34.85064,1.7376195,151.9309,41.102726
2014-01-11 14,33.605976,1.7376195,142.78455,67.68293
2014-01-11 15,32.53912,1.7376195,143.80081,76.21951
2014-01-11 16,31.116644,1.7376195,135.67073,40.354
2014-01-11 17,30.761024,1.9548218,166.15854,79.57317
2014-01-11 18,31.650072,1.7376195,237.80487,92.07317
2014-01-11 19,25.384932,1.7376195,261.17886,96.03659
2014-01-11 20,31.294453,1.7376195,214.4309,90.243904
2014-01-11 21,29.694168,1.7376195,207.31708,86.89024
2014-01-11 22,27.560457,1.7376195,129.27388,87.19512
2014-01-11 23,25.003038,1.7376195,153.45529,82.01219
2014-01-12 00,25.604553,1.7376195,142.27643,74.085365
2014-01-12 01,23.470839,3.475239,128.09146,63.109756
2014-01-12 02,23.29303,1.7376195,101.626015,68.597565
2014-01-12 03,22.581793,1.520417,95.52846,58.841465
2014-01-12 04,22.93741,1.520417,87.9065,51.219513
2014-01-12 05,22.581793,1.7376195,89.4309,51.82927
2014-01-12 06,23.29303,1.7376195,78.25203,40.74439
2014-01-12 07,23.648647,1.7376195,82.8252,51.82927
2014-01-12 08,25.96017,0.8255737,78.760155,48.47561
2014-01-12 09,30.583214,1.7376195,126.34529,60.365852
2014-01-12 10,33.605976,1.7376195,142.78455,61.585365
2014-01-12 11,35.917496,1.7376195,196.13821,60.365852
2014-01-12 12,33.428165,1.7376195,197.15446,72.256096
2014-01-12 13,32.894737,0.81382734,153.45529,64.02439
2014-01-12 14,32.716927,1.7376195,144.30894,41.056503
2014-01-12 15,30.405405,1.520417,135.1626,54.878048
2014-01-12 16,25.318298,1.7376195,124.94351,52.134148
2014-01-12 17,28.093882,1.7376195,154.47154,55.792683
2014-01-12 18,30.405405,1.7376195,188.51627,73.78049
2014-01-12 19,25.371971,1.9548218,201.2195,91.15854
2014-01-12 20,32.53912,1.7376195,182.4187,79.57317
2014-01-12 21,29.871977,1.7376195,178.8618,41.415356
2014-01-12 22,27.382647,1.7376195,180.38618,82.62195
2014-01-12 23,26.493599,1.7376195,128.38516,75.30488
2014-01-13 00,24.893314,1.7376195,135.67073,62.80488
2014-01-13 01,23.470839,0.7978447,120.815445,40.894665
2014-01-13 02,23.11522,1.7376195,123.99011,53.963413
2014-01-13 03,25.116085,1.520417,123.57083,66.46342
2014-01-13 04,22.93741,0.83825463,80.79269,53.963413
2014-01-13 05,22.581793,1.7376195,81.808945,51.219513
2014-01-13 06,25.604553,1.7376195,83.333336,56.09756
2014-01-13 07,33.072548,1.7376195,111.28048,61.585365
2014-01-13 08,32.894737,1.7376195,93.49593,59.146343
2014-01-13 09,32.00569,1.7376195,85.873985,40.093582
2014-01-13 10,32.894737,1.7376195,103.150406,59.146343
2014-01-13 11,30.761024,1.3032146,106.19919,61.585365
2014-01-13 12,22.759602,1.3032146,102.13415,67.68293
2014-01-13 13,30.761024,1.520417,97.560974,64.32927
2014-01-13 14,30.761024,1.3032146,93.49593,40.077152
2014-01-13 15,29.16074,1.520417,105.18294,70.731705
2014-01-13 16,25.111816,1.7376195,96.03658,66.46342
2014-01-13 17,28.80512,1.7376195,127.03253,78.04878
2014-01-13 18,30.761024,2.1720243,173.27235,115.243904
2014-01-13 19,33.428165,1.7376195,236.78862,117.37805
2014-01-13 20,33.428165,1.7376195,228.65854,112.5
2014-01-13 21,32.36131,1.7376195,230.69106,94.20731
2014-01-13 22,28.093882,0.83689296,168.69919,87.80488
2014-01-13 23,26.849218,1.7376195,160.5691,82.62195
2014-01-14 00,24.893314,1.7376195,133.63821,66.768295
2014-01-14 01,23.29303,1.7376195,113.82114,60.060974
2014-01-14 02,23.29303,1.7376195,104.166664,60.67073
2014-01-14 03,22.581793,1.7376195,101.626015,64.939026
2014-01-14 04,23.29303,1.7376195,96.03658,58.841465
2014-01-14 05,22.93741,1.7376195,92.98781,59.451218
2014-01-14 06,25.426743,1.7376195,85.873985,64.939026
2014-01-14 07,32.716927,0.8488395,99.085365,69.20731
2014-01-14 08,25.094484,0.827967,99.5935,65.85366
2014-01-14 09,29.694168,1.7376195,96.544716,63.414635
2014-01-14 10,29.871977,1.520417,102.64227,65.85366
2014-01-14 11,33.072548,1.520417,104.6748,69.51219
2014-01-14 12,29.516361,1.3032146,103.150406,70.42683
2014-01-14 13,30.227596,1.7376195,110.772354,63.109756
2014-01-14 14,29.694168,1.7376195,90.955284,67.07317
2014-01-14 15,27.916075,1.7376195,105.18294,69.51219
2014-01-14 16,27.916075,1.7376195,112.80488,66.46342
2014-01-14 17,25.043266,1.7376195,125.50813,66.15854
2014-01-14 18,30.583214,2.1720243,169.20732,95.12195
2014-01-14 19,26.257833,1.7376195,130.54903,107.31707
2014-01-14 20,34.672832,1.7376195,234.7561,96.64634
2014-01-14 21,25.249775,1.7376195,204.2683,85.36585
2014-01-14 22,28.982933,1.7376195,180.8943,92.68293
2014-01-14 23,25.233274,1.7376195,151.42276,75.60976
2014-01-15 00,24.715506,0.8141163,132.62195,65.85366
2014-01-15 01,22.93741,0.81825083,108.73984,67.07317
2014-01-15 02,22.93741,1.520417,91.97154,67.98781
2014-01-15 03,22.226173,1.7376195,91.97154,68.902435
2014-01-15 04,22.581793,1.7376195,92.98781,58.536587
2014-01-15 05,22.581793,1.7376195,124.57832,62.80488
2014-01-15 06,25.248934,1.7376195,89.4309,56.707317
2014-01-15 07,33.072548,1.7376195,115.85366,64.32927
2014-01-15 08,32.894737,1.7376195,125.07113,57.317074
2014-01-15 09,30.761024,0.80181515,107.21545,39.869022
2014-01-15 10,29.694168,1.520417,110.26423,61.585365
2014-01-15 11,30.049786,1.520417,128.55692,63.109756
2014-01-15 12,30.227596,1.520417,120.42683,61.280487
2014-01-15 13,30.227596,1.7376195,109.756096,58.536587
2014-01-15 14,30.227596,0.804183,124.38281,67.68293
2014-01-15 15,28.62731,1.520417,125.91044,67.07317
2014-01-15 16,25.30079,1.7376195,110.26423,66.15854
2014-01-15 17,29.338549,2.1720243,145.32521,75.0
2014-01-15 18,30.583214,2.606429,201.2195,91.46342
2014-01-15 19,33.428165,1.7376195,257.11383,93.29269
2014-01-15 20,34.139404,1.7376195,226.11789,92.07317
2014-01-15 21,25.622383,1.7376195,225.60976,42.33219
2014-01-15 22,28.093882,1.7376195,200.20325,87.80488
2014-01-15 23,26.31579,1.7376195,161.58537,74.69512
2014-01-16 00,24.715506,1.7376195,128.04878,68.597565
2014-01-16 01,23.11522,1.7376195,108.73984,60.060974
2014-01-16 02,25.123993,1.7376195,102.13415,53.658535
2014-01-16 03,25.086565,1.7376195,100.60975,59.756096
2014-01-16 04,22.93741,1.7376195,95.52846,51.52439
2014-01-16 05,22.759602,1.7376195,94.51219,51.52439
2014-01-16 06,25.604553,1.7376195,100.10162,57.012196
2014-01-16 07,32.894737,1.7376195,113.31301,62.80488
2014-01-16 08,25.268787,1.7376195,96.544716,40.605846
2014-01-16 09,32.00569,1.9548218,108.73984,66.768295
2014-01-16 10,30.938833,1.7376195,132.62195,69.51219
2014-01-16 11,31.116644,1.7376195,131.6057,64.63415
2014-01-16 12,30.227596,1.7376195,121.4431,62.80488
2014-01-16 13,31.294453,1.7376195,110.772354,57.621952
2014-01-16 14,30.761024,1.520417,100.10162,39.87666
2014-01-16 15,28.449503,1.520417,111.28048,40.972145
2014-01-16 16,28.271692,1.7376195,112.296745,57.012196
2014-01-16 17,29.16074,1.7376195,128.55692,66.15854
2014-01-16 18,25.118685,0.82322747,190.04063,93.29269
2014-01-16 19,33.783783,1.7376195,253.04878,103.35366
2014-01-16 20,34.85064,1.9548218,253.55692,102.439026
2014-01-16 21,31.650072,1.7376195,220.02032,106.402435
2014-01-16 22,28.449503,1.7376195,197.15446,87.19512
2014-01-16 23,27.027029,1.7376195,171.23984,84.45122
2014-01-17 00,25.071123,1.7376195,140.75203,75.60976
2014-01-17 01,23.29303,1.7376195,119.41057,67.07317
2014-01-17 02,23.11522,1.7376195,108.231705,62.19512
2014-01-17 03,25.472502,1.7376195,107.72358,67.68293
2014-01-17 04,22.759602,1.7376195,97.05285,63.109756
2014-01-17 05,25.338045,1.7376195,96.03658,70.731705
2014-01-17 06,25.248934,1.7376195,92.479675,75.914635
2014-01-17 07,33.428165,1.7376195,110.26423,40.115284
2014-01-17 08,33.428165,1.7376195,103.65854,63.719513
2014-01-17 09,32.00569,0.86880976,125.868515,65.85366
2014-01-17 10,30.938833,1.3032146,115.34553,65.54878
2014-01-17 11,31.82788,1.3032146,116.86991,57.012196
2014-01-17 12,29.694168,1.3032146,129.06505,40.601135
2014-01-17 13,30.049786,1.7376195,113.82114,46.646343
2014-01-17 14,29.871977,1.7376195,114.837395,52.134148
2014-01-17 15,28.62731,1.7376195,131.6057,41.386852
2014-01-17 16,25.177504,1.7376195,124.31603,59.756096
2014-01-17 17,29.16074,1.520417,151.42276,79.57317
2014-01-17 18,30.761024,2.1720243,205.28455,97.560974
2014-01-17 19,31.116644,0.8221975,245.42683,96.64634
2014-01-17 20,31.650072,2.8236315,253.04878,90.54878
2014-01-17 21,29.871977,1.7376195,217.98781,86.585365
2014-01-17 22,27.382647,1.7376195,191.56505,85.36585
2014-01-17 23,26.849218,1.7376195,171.23984,75.0
2014-01-18 00,25.248934,1.7376195,141.26016,68.597565
2014-01-18 01,23.648647,1.7376195,121.4431,60.97561
2014-01-18 02,23.29303,1.7376195,105.18294,55.792683
2014-01-18 03,22.403982,1.7376195,99.5935,55.182926
2014-01-18 04,22.93741,0.8196818,86.89024,50.609756
2014-01-18 05,22.759602,2.1720243,86.38211,55.487804
2014-01-18 06,23.29303,1.7376195,126.217445,65.54878
2014-01-18 07,24.715506,1.7376195,88.922775,60.97561
2014-01-18 08,28.271692,2.1720243,94.51219,51.52439
2014-01-18 09,33.605976,3.040834,112.80488,56.707317
2014-01-18 10,33.961594,1.9548218,171.23984,53.658535
2014-01-18 11,25.665413,1.7376195,210.87398,56.40244
2014-01-18 12,35.02845,1.7376195,188.00813,60.060974
2014-01-18 13,33.250355,0.8171153,172.2561,59.451218
2014-01-18 14,32.894737,1.7376195,169.20732,68.902435
2014-01-18 15,32.36131,1.7376195,174.79675,73.47561
2014-01-18 16,30.227596,0.79960775,171.23984,64.32927
2014-01-18 17,30.583214,1.9548218,176.32114,70.731705
2014-01-18 18,30.761024,1.7376195,230.69106,86.28049
2014-01-18 19,31.294453,1.7376195,125.03287,41.289616
2014-01-18 20,31.294453,1.7376195,254.06506,94.20731
2014-01-18 21,29.516361,1.7376195,211.89023,98.47561
2014-01-18 22,26.849218,1.7376195,190.54878,99.39024
2014-01-18 23,26.849218,1.7376195,194.61382,41.246864
2014-01-19 00,25.96017,1.7376195,126.59971,81.70731
2014-01-19 01,23.648647,3.475239,128.71356,74.39024
2014-01-19 02,23.29303,0.8102416,103.150406,67.07317
2014-01-19 03,22.759602,1.520417,92.479675,56.09756
2014-01-19 04,22.93741,1.520417,92.479675,55.487804
2014-01-19 05,22.93741,1.7376195,82.31707,56.40244
2014-01-19 06,23.11522,1.7376195,126.40881,64.939026
2014-01-19 07,23.826458,1.7376195,83.333336,59.451218
2014-01-19 08,26.849218,1.7376195,77.23577,52.439026
2014-01-19 09,31.82788,1.7376195,114.32927,56.40244
2014-01-19 10,35.56188,1.7376195,126.78132,59.756096
2014-01-19 11,25.39794,1.7376195,194.61382,71.64634
2014-01-19 12,34.672832,1.7376195,184.95935,75.60976
2014-01-19 13,25.094727,1.7376195,138.21138,67.37805
2014-01-19 14,32.894737,1.7376195,130.0813,69.51219
2014-01-19 15,31.650072,0.8142882,138.21138,65.85366
2014-01-19 16,29.694168,1.7376195,140.75203,64.32927
2014-01-19 17,28.80512,1.7376195,149.89838,70.42683
2014-01-19 18,29.16074,1.7376195,170.7317,91.768295
2014-01-19 19,32.53912,1.9548218,131.4197,99.39024
2014-01-19 20,33.250355,1.7376195,226.62602,41.91512
2014-01-19 21,30.938833,1.7376195,217.47968,91.768295
2014-01-19 22,25.308327,1.7376195,172.2561,80.18293
2014-01-19 23,26.493599,0.83318806,155.48781,87.80488
2014-01-20 00,25.248934,1.7376195,132.11382,77.13415
2014-01-20 01,23.470839,1.7376195,124.06147,40.736412
2014-01-20 02,22.93741,0.8107361,97.05285,55.792683
2014-01-20 03,22.581793,1.520417,89.4309,62.80488
2014-01-20 04,22.759602,1.7376195,122.67866,40.837185
2014-01-20 05,22.93741,1.7376195,82.31707,57.317074
2014-01-20 06,25.604553,1.7376195,125.36411,61.280487
2014-01-20 07,34.31721,1.7376195,115.34553,40.776386
2014-01-20 08,33.605976,1.7376195,109.756096,40.80127
2014-01-20 09,31.82788,1.7376195,92.98781,65.243904
2014-01-20 10,31.472261,0.8374257,103.65854,65.54878
2014-01-20 11,25.295431,1.3032146,121.951225,40.382603
2014-01-20 12,30.583214,1.3032146,127.54066,69.81707
2014-01-20 13,31.294453,1.520417,126.604126,70.42683
2014-01-20 14,30.938833,1.3032146,91.46342,65.85366
2014-01-20 15,29.516361,1.520417,100.60975,74.085365
2014-01-20 16,28.982933,1.7376195,107.21545,79.87805
2014-01-20 17,28.982933,1.7376195,140.75203,82.62195
2014-01-20 18,30.761024,2.1720243,184.95935,110.36585
2014-01-20 19,33.605976,0.7261591,246.44308,122.256096
2014-01-20 20,34.672832,1.7376195,133.3704,106.402435
2014-01-20 21,25.351297,0.8051236,234.7561,94.20731
2014-01-20 22,28.449503,1.7376195,195.63008,82.31707
2014-01-20 23,26.849218,0.83518004,167.17479,85.67073
2014-01-21 00,25.071123,1.7376195,139.22765,75.30488
2014-01-21 01,23.11522,1.7376195,107.72358,66.15854
2014-01-21 02,23.29303,1.7376195,125.05411,62.80488
2014-01-21 03,22.759602,1.7376195,105.18294,70.42683
2014-01-21 04,23.29303,1.7376195,124.36121,60.97561
2014-01-21 05,22.93741,1.7376195,92.98781,61.280487
2014-01-21 06,25.604553,0.8534646,92.98781,67.37805
2014-01-21 07,33.250355,1.7376195,111.78862,70.42683
2014-01-21 08,33.072548,1.7376195,98.06911,62.5
2014-01-21 09,30.583214,1.7376195,101.11789,57.012196
2014-01-21 10,30.405405,1.520417,121.4431,59.756096
2014-01-21 11,22.759602,1.520417,126.01626,62.19512
2014-01-21 12,25.426743,1.3032146,106.19919,65.85366
2014-01-21 13,30.938833,1.7376195,113.31301,40.164444
2014-01-21 14,29.16074,1.7376195,125.03868,64.63415
2014-01-21 15,27.560457,1.7376195,122.967476,73.47561
2014-01-21 16,27.382647,1.7376195,130.0813,71.95122
2014-01-21 17,28.80512,1.7376195,125.658424,71.03658
2014-01-21 18,30.938833,2.1720243,196.64635,95.42683
2014-01-21 19,34.672832,1.7376195,262.70325,124.69512
2014-01-21 20,25.53948,1.7376195,242.37805,108.53658
2014-01-21 21,25.226353,1.7376195,230.18292,98.78049
2014-01-21 22,28.271692,1.7376195,187.5,89.939026
2014-01-21 23,26.671406,1.7376195,158.53659,89.32927
2014-01-22 00,25.071123,1.7376195,139.73578,79.268295
2014-01-22 01,25.336226,1.7376195,125.99026,75.60976
2014-01-22 02,22.93741,1.520417,125.297424,66.15854
2014-01-22 03,22.581793,1.7376195,100.60975,68.29269
2014-01-22 04,25.12492,1.7376195,124.96808,63.109756
2014-01-22 05,22.93741,1.7376195,88.922775,66.768295
2014-01-22 06,25.426743,1.7376195,89.939026,65.85366
2014-01-22 07,25.005981,1.7376195,105.69106,71.95122
2014-01-22 08,25.477873,1.7376195,125.54078,61.585365
2014-01-22 09,32.894737,1.7376195,99.5935,60.365852
2014-01-22 10,30.938833,1.520417,116.361786,51.52439
2014-01-22 11,30.227596,1.520417,117.88618,46.951218
2014-01-22 12,25.290627,1.520417,125.0,40.31545
2014-01-22 13,30.761024,1.7376195,105.69106,40.535637
2014-01-22 14,40.71835,1.520417,102.13415,53.963413
2014-01-22 15,34.672832,1.520417,110.772354,68.597565
2014-01-22 16,25.284775,1.7376195,101.11789,65.54878
2014-01-22 17,29.16074,2.1720243,114.32927,70.42683
2014-01-22 18,31.650072,2.606429,180.38618,106.402435
2014-01-22 19,34.139404,0.76028174,263.2114,42.151978
2014-01-22 20,25.380032,1.7376195,251.01627,96.34146
2014-01-22 21,31.650072,1.7376195,229.16667,95.731705
2014-01-22 22,28.271692,1.7376195,202.23578,89.939026
2014-01-22 23,26.849218,1.7376195,170.22357,90.54878
2014-01-23 00,25.071123,1.7376195,142.27643,72.560974
2014-01-23 01,23.29303,1.7376195,118.902435,74.39024
2014-01-23 02,25.3828,1.7376195,112.296745,64.63415
2014-01-23 03,22.581793,1.7376195,103.150406,71.03658
2014-01-23 04,22.93741,1.7376195,94.00407,62.19512
2014-01-23 05,22.759602,0.80150896,125.294426,63.719513
2014-01-23 06,25.248934,1.7376195,94.51219,70.12195
2014-01-23 07,33.250355,0.8519732,110.26423,75.30488
2014-01-23 08,32.894737,1.7376195,99.5935,65.54878
2014-01-23 09,33.250355,1.9548218,100.60975,69.20731
2014-01-23 10,32.894737,1.7376195,135.1626,67.37805
2014-01-23 11,33.250355,1.7376195,131.6057,73.78049
2014-01-23 12,25.38259,1.7376195,124.49187,73.17073
2014-01-23 13,33.072548,1.7376195,101.626015,53.353657
2014-01-23 14,30.227596,1.520417,124.603485,54.878048
2014-01-23 15,29.338549,1.520417,125.355995,57.92683
2014-01-23 16,28.982933,1.7376195,125.70298,63.109756
2014-01-23 17,29.871977,1.7376195,126.1796,63.719513
2014-01-23 18,31.82788,1.520417,189.02438,82.62195
2014-01-23 19,35.384068,0.84563416,269.30893,106.402435
2014-01-23 20,35.02845,1.9548218,261.17886,97.256096
2014-01-23 21,32.1835,1.7376195,238.82114,90.54878
2014-01-23 22,28.449503,1.7376195,209.85773,84.14634
2014-01-23 23,27.027029,1.7376195,177.84555,88.71951
2014-01-24 00,25.071123,1.7376195,151.9309,70.731705
2014-01-24 01,23.29303,1.7376195,120.42683,60.060974
2014-01-24 02,25.491484,1.7376195,107.21545,55.792683
2014-01-24 03,22.759602,1.7376195,111.28048,62.80488
2014-01-24 04,23.11522,1.7376195,102.64227,55.182926
2014-01-24 05,23.11522,1.7376195,103.150406,53.048782
2014-01-24 06,25.782362,1.7376195,105.69106,62.80488
2014-01-24 07,33.783783,1.7376195,109.756096,65.54878
2014-01-24 08,33.250355,1.7376195,110.772354,40.58583
2014-01-24 09,33.072548,0.86880976,111.78862,39.832123
2014-01-24 10,32.36131,1.3032146,123.98374,40.385525
2014-01-24 11,32.716927,1.3032146,131.09756,68.29269
2014-01-24 12,31.650072,1.3032146,130.58943,70.12195
2014-01-24 13,31.650072,1.7376195,109.756096,55.792683
2014-01-24 14,30.583214,1.7376195,124.908356,62.80488
2014-01-24 15,29.694168,1.7376195,120.42683,67.37805
2014-01-24 16,25.32335,1.7376195,145.32521,68.902435
2014-01-24 17,30.227596,1.520417,147.35773,77.13415
2014-01-24 18,31.294453,0.8241675,201.2195,98.78049
2014-01-24 19,31.294453,1.7376195,266.26016,108.84146
2014-01-24 20,33.428165,2.8236315,249.49187,112.19512
2014-01-24 21,30.227596,1.7376195,259.14633,99.69512
2014-01-24 22,25.528244,1.7376195,206.80894,80.48781
2014-01-24 23,25.315481,1.7376195,126.71029,88.414635
2014-01-25 00,25.782362,1.7376195,153.96341,75.60976
2014-01-25 01,23.648647,1.7376195,123.98374,63.414635
2014-01-25 02,23.470839,1.7376195,111.28048,56.40244
2014-01-25 03,22.759602,1.7376195,109.756096,61.890244
2014-01-25 04,23.11522,1.7376195,103.150406,53.963413
2014-01-25 05,22.581793,0.82385856,102.13415,60.365852
2014-01-25 06,23.470839,1.7376195,103.65854,69.81707
2014-01-25 07,25.426743,1.7376195,98.57723,65.243904
2014-01-25 08,28.982933,2.1720243,99.085365,56.09756
2014-01-25 09,32.53912,3.040834,132.62195,62.5
2014-01-25 10,35.56188,1.9548218,166.66667,64.63415
2014-01-25 11,25.411003,1.7376195,168.69919,41.920193
2014-01-25 12,34.139404,1.7376195,179.3699,66.768295
2014-01-25 13,36.273117,1.7376195,127.438,69.20731
2014-01-25 14,33.428165,1.7376195,163.10976,67.07317
2014-01-25 15,31.294453,1.7376195,167.68292,78.65854
2014-01-25 16,30.049786,1.7376195,184.45122,73.78049
2014-01-25 17,30.049786,1.9548218,200.7114,77.13415
2014-01-25 18,25.269337,1.7376195,217.98781,89.939026
2014-01-25 19,25.51822,1.7376195,259.65448,97.86585
2014-01-25 20,32.36131,0.8143041,254.57317,98.78049
2014-01-25 21,29.871977,1.7376195,212.39838,42.256256
2014-01-25 22,27.738264,1.7376195,220.02032,70.731705
2014-01-25 23,27.027029,1.7376195,191.05692,69.51219
2014-01-26 00,25.96017,1.7376195,179.87805,71.64634
2014-01-26 01,24.182077,3.475239,140.2439,64.32927
2014-01-26 02,23.648647,1.7376195,125.50813,63.719513
2014-01-26 03,22.759602,1.520417,122.45935,53.353657
2014-01-26 04,22.93741,1.520417,101.626015,49.390244
2014-01-26 05,22.93741,1.7376195,123.63771,54.57317
2014-01-26 06,23.470839,1.7376195,97.05285,40.424145
2014-01-26 07,24.182077,0.8177191,94.00407,61.585365
2014-01-26 08,27.738264,1.7376195,85.36585,53.353657
2014-01-26 09,33.783783,1.7376195,101.11789,61.280487
2014-01-26 10,34.85064,0.8285391,151.42276,69.51219
2014-01-26 11,36.095306,1.7376195,188.51627,78.96342
2014-01-26 12,36.273117,1.7376195,165.6504,84.756096
2014-01-26 13,35.56188,1.7376195,142.27643,65.85366
2014-01-26 14,33.428165,1.7376195,153.45529,58.841465
2014-01-26 15,32.1835,1.520417,140.2439,63.414635
2014-01-26 16,30.227596,1.7376195,119.41057,57.92683
2014-01-26 17,29.516361,1.7376195,151.9309,63.414635
2014-01-26 18,31.294453,1.7376195,189.53253,41.20113
2014-01-26 19,32.716927,1.9548218,219.00406,99.39024
2014-01-26 20,25.099304,1.7376195,229.16667,93.29269
2014-01-26 21,30.583214,1.7376195,205.28455,93.597565
2014-01-26 22,25.32506,1.7376195,188.51627,73.17073
2014-01-26 23,26.849218,1.7376195,173.78049,72.560974
2014-01-27 00,24.715506,1.7376195,154.47154,65.243904
2014-01-27 01,23.648647,1.7376195,118.39431,51.219513
2014-01-27 02,23.29303,1.7376195,112.296745,40.62829
2014-01-27 03,22.759602,1.520417,104.166664,60.67073
2014-01-27 04,22.93741,1.7376195,96.03658,50.609756
2014-01-27 05,22.759602,1.7376195,97.05285,56.09756
2014-01-27 06,25.782362,1.7376195,126.54443,62.19512
2014-01-27 07,34.49502,1.7376195,115.85366,40.167095
2014-01-27 08,35.20626,1.7376195,113.82114,58.841465
2014-01-27 09,33.072548,1.7376195,108.73984,57.317074
2014-01-27 10,33.428165,0.82008886,115.85366,57.012196
2014-01-27 11,32.1835,1.3032146,116.361786,59.146343
2014-01-27 12,32.36131,1.3032146,106.70731,72.560974
2014-01-27 13,33.072548,1.520417,110.26423,59.451218
2014-01-27 14,25.336882,1.3032146,98.06911,62.5
2014-01-27 15,29.694168,0.8038029,124.78249,68.29269
2014-01-27 16,28.62731,1.7376195,119.41057,77.439026
2014-01-27 17,24.9972,1.7376195,132.11382,82.01219
2014-01-27 18,30.938833,2.1720243,131.94205,104.57317
2014-01-27 19,33.428165,1.7376195,136.19801,117.68293
2014-01-27 20,35.384068,1.7376195,250.0,98.17073
2014-01-27 21,32.36131,1.7376195,214.93903,93.597565
2014-01-27 22,28.271692,1.7376195,177.84555,78.65854
2014-01-27 23,26.849218,1.7376195,154.47154,41.68614
2014-01-28 00,24.893314,1.7376195,138.71951,65.85366
2014-01-28 01,23.29303,1.7376195,116.86991,60.67073
2014-01-28 02,23.470839,1.7376195,115.85366,56.09756
2014-01-28 03,22.581793,1.7376195,111.78862,59.451218
2014-01-28 04,22.93741,1.7376195,103.150406,50.609756
2014-01-28 05,22.759602,1.7376195,97.560974,53.353657
2014-01-28 06,25.426743,1.7376195,124.6078,64.939026
2014-01-28 07,25.368984,1.7376195,120.42683,69.81707
2014-01-28 08,33.250355,1.7376195,100.60975,58.841465
2014-01-28 09,31.82788,1.7376195,112.296745,57.012196
2014-01-28 10,25.474373,1.520417,119.9187,56.707317
2014-01-28 11,29.871977,0.8202377,119.9187,58.536587
2014-01-28 12,30.227596,1.3032146,126.01626,58.841465
2014-01-28 13,25.249784,1.7376195,111.78862,57.92683
2014-01-28 14,30.049786,1.7376195,111.28048,66.46342
2014-01-28 15,28.449503,1.7376195,122.967476,74.39024
2014-01-28 16,28.093882,1.7376195,121.951225,40.854523
2014-01-28 17,28.449503,1.7376195,135.1626,76.21951
2014-01-28 18,31.472261,2.1720243,201.2195,41.458702
2014-01-28 19,33.783783,1.7376195,263.7195,117.68293
2014-01-28 20,34.31721,1.7376195,248.47562,104.57317
2014-01-28 21,32.00569,1.7376195,231.70732,86.89024
2014-01-28 22,28.093882,1.7376195,199.187,77.743904
2014-01-28 23,25.346298,1.7376195,171.74797,72.560974
2014-01-29 00,25.071123,1.7376195,125.27699,66.768295
2014-01-29 01,23.648647,1.7376195,136.17886,56.707317
2014-01-29 02,23.470839,1.520417,118.902435,52.743904
2014-01-29 03,22.759602,1.7376195,111.78862,53.048782
2014-01-29 04,23.29303,1.7376195,102.64227,50.609756
2014-01-29 05,22.93741,1.7376195,96.03658,56.707317
2014-01-29 06,25.085495,1.7376195,105.69106,60.67073
2014-01-29 07,33.605976,1.7376195,118.902435,67.68293
2014-01-29 08,33.072548,1.7376195,126.742226,59.146343
2014-01-29 09,32.00569,1.7376195,125.75501,53.658535
2014-01-29 10,30.227596,1.520417,113.31301,59.146343
2014-01-29 11,30.227596,1.520417,116.361786,62.80488
2014-01-29 12,31.472261,1.520417,109.24797,68.29269
2014-01-29 13,30.405405,1.7376195,105.69106,58.841465
2014-01-29 14,30.227596,1.520417,96.544716,57.621952
2014-01-29 15,25.425077,1.520417,111.78862,63.719513
2014-01-29 16,25.0834,1.7376195,120.42683,66.46342
2014-01-29 17,28.093882,2.1720243,127.98852,67.37805
2014-01-29 18,30.405405,2.606429,191.56505,100.914635
2014-01-29 19,33.428165,1.7376195,268.2927,123.17073
2014-01-29 20,34.85064,1.7376195,260.67075,114.02439
2014-01-29 21,31.116644,1.7376195,235.77235,107.92683
2014-01-29 22,28.271692,1.7376195,219.51219,94.81707
2014-01-29 23,25.140795,1.7376195,125.78974,84.45122
2014-01-30 00,24.715506,0.8144348,141.26016,64.939026
2014-01-30 01,23.11522,1.7376195,112.296745,40.495792
2014-01-30 02,22.93741,1.7376195,105.69106,54.26829
2014-01-30 03,22.403982,1.7376195,107.72358,53.048782
2014-01-30 04,22.93741,1.7376195,100.10162,55.182926
2014-01-30 05,25.048323,1.7376195,97.560974,57.317074
2014-01-30 06,25.426743,1.7376195,94.51219,56.09756
2014-01-30 07,34.31721,1.7376195,113.82114,40.71862
2014-01-30 08,33.428165,1.7376195,115.85366,64.32927
2014-01-30 09,32.36131,1.9548218,105.69106,63.109756
2014-01-30 10,30.583214,1.7376195,124.373924,40.379425
2014-01-30 11,25.179237,1.7376195,124.47633,65.243904
2014-01-30 12,25.1892,1.7376195,134.14635,65.54878
2014-01-30 13,25.332886,1.7376195,122.784935,55.487804
2014-01-30 14,30.227596,1.520417,116.86991,60.67073
2014-01-30 15,28.62731,1.520417,121.4431,70.42683
2014-01-30 16,28.982933,1.7376195,110.26423,75.30488
2014-01-30 17,28.62731,1.7376195,148.37398,79.87805
2014-01-30 18,30.938833,1.520417,202.23578,96.95122
2014-01-30 19,33.428165,1.7376195,291.15854,115.54878
2014-01-30 20,34.49502,1.9548218,289.126,103.35366
2014-01-30 21,31.650072,1.7376195,233.73982,94.81707
2014-01-30 22,28.449503,1.7376195,210.36588,87.5
2014-01-30 23,27.204834,1.7376195,172.2561,78.35366
2014-01-31 00,24.893314,1.7376195,144.30894,62.5
2014-01-31 01,25.236963,1.7376195,118.902435,60.365852
2014-01-31 02,23.29303,1.7376195,123.62935,58.841465
2014-01-31 03,22.759602,1.7376195,124.18857,55.487804
2014-01-31 04,25.26543,1.7376195,108.231705,53.658535
2014-01-31 05,22.93741,0.81321377,95.52846,61.280487
2014-01-31 06,25.782362,1.7376195,103.150406,63.109756
2014-01-31 07,34.672832,1.7376195,110.26423,65.243904
2014-01-31 08,33.072548,1.7376195,110.772354,40.250656
2014-01-31 09,31.82788,0.86880976,107.72358,76.52439
2014-01-31 10,30.938833,1.3032146,110.772354,73.47561
2014-01-31 11,31.82788,1.3032146,108.231705,71.64634
2014-01-31 12,30.938833,1.3032146,127.03253,78.04878
2014-01-31 13,25.201265,1.7376195,120.42683,69.81707
2014-01-31 14,29.516361,1.7376195,109.756096,41.046516
2014-01-31 15,29.16074,1.7376195,126.52439,40.99756
2014-01-31 16,28.80512,0.8125955,145.32521,72.86585
2014-01-31 17,29.16074,1.520417,148.37398,78.35366
2014-01-31 18,30.227596,2.1720243,206.80894,97.256096
2014-01-31 19,31.116644,1.7376195,250.50813,107.62195
2014-01-31 20,32.00569,2.8236315,267.78455,42.433647
2014-01-31 21,29.871977,0.8130931,233.73982,96.03659
2014-01-31 22,27.738264,1.7376195,127.75788,82.92683
2014-01-31 23,26.671406,1.7376195,191.56505,77.13415
2014-02-01 00,25.507553,1.7376195,163.10976,75.30488
2014-02-01 01,23.826458,1.7376195,132.11382,65.243904
2014-02-01 02,23.470839,1.7376195,127.54066,57.012196
2014-02-01 03,22.759602,1.7376195,127.03253,56.09756
2014-02-01 04,22.93741,1.7376195,120.93496,40.977768
2014-02-01 05,22.759602,2.1720243,108.73984,55.792683
2014-02-01 06,23.470839,1.7376195,106.70731,54.26829
2014-02-01 07,24.537695,1.7376195,99.5935,49.085365
2014-02-01 08,28.982933,0.82471365,100.60975,48.780487
2014-02-01 09,34.139404,3.040834,127.70321,52.439026
2014-02-01 10,35.02845,1.9548218,186.48373,55.792683
2014-02-01 11,25.413326,1.7376195,122.78743,55.792683
2014-02-01 12,25.473125,1.7376195,197.15446,57.92683
2014-02-01 13,34.31721,1.7376195,125.155014,59.146343
2014-02-01 14,34.31721,0.8086702,177.3374,61.585365
2014-02-01 15,32.1835,1.7376195,180.38618,64.939026
2014-02-01 16,30.938833,1.7376195,161.58537,64.02439
2014-02-01 17,30.227596,1.9548218,165.6504,72.560974
2014-02-01 18,30.405405,1.7376195,216.97154,87.5
2014-02-01 19,32.1835,1.7376195,250.50813,97.256096
2014-02-01 20,31.472261,1.7376195,245.93495,92.68293
2014-02-01 21,29.516361,1.7376195,214.4309,89.63415
2014-02-01 22,25.315132,1.7376195,128.96988,89.63415
2014-02-01 23,26.31579,1.7376195,204.2683,89.32927
2014-02-02 00,25.96017,1.7376195,169.71545,80.79269
2014-02-02 01,24.004267,3.475239,141.7683,82.62195
2014-02-02 02,23.648647,1.7376195,116.86991,71.03658
2014-02-02 03,22.93741,1.520417,117.88618,60.67073
2014-02-02 04,23.11522,1.520417,107.21545,55.792683
2014-02-02 05,22.93741,1.7376195,102.13415,57.92683
2014-02-02 06,23.29303,1.7376195,91.46342,40.620773
2014-02-02 07,24.004267,1.7376195,93.49593,55.182926
2014-02-02 08,25.367292,0.81629694,89.939026,52.134148
2014-02-02 09,33.605976,0.8048456,125.721954,51.82927
2014-02-02 10,36.095306,1.7376195,152.43903,61.890244
2014-02-02 11,36.628735,1.7376195,183.94308,59.756096
2014-02-02 12,36.628735,1.7376195,206.30081,62.80488
2014-02-02 13,35.02845,1.7376195,166.66667,57.92683
2014-02-02 14,25.091017,1.7376195,139.73578,58.23171
2014-02-02 15,31.294453,1.520417,132.62195,61.890244
2014-02-02 16,29.694168,1.7376195,144.30894,40.526077
2014-02-02 17,29.871977,0.8135382,161.58537,63.719513
2014-02-02 18,25.43989,1.7376195,206.30081,82.62195
2014-02-02 19,32.36131,1.9548218,238.313,103.96342
2014-02-02 20,32.716927,1.7376195,254.57317,103.65854
2014-02-02 21,30.761024,1.7376195,216.97154,100.914635
2014-02-02 22,28.093882,1.7376195,221.54471,41.80844
2014-02-02 23,26.671406,1.7376195,200.7114,85.060974
2014-02-03 00,25.071123,1.7376195,189.53253,67.07317
2014-02-03 01,24.359886,1.7376195,144.81708,62.19512
2014-02-03 02,23.648647,1.7376195,116.361786,62.80488
2014-02-03 03,22.93741,1.520417,114.32927,40.66705
2014-02-03 04,23.29303,1.7376195,114.32927,59.756096
2014-02-03 05,22.93741,1.7376195,113.31301,62.19512
2014-02-03 06,26.137981,1.7376195,107.72358,62.5
2014-02-03 07,34.31721,1.7376195,126.491295,66.768295
2014-02-03 08,34.139404,0.7928418,123.94245,56.09756
2014-02-03 09,34.85064,1.7376195,125.50813,58.536587
2014-02-03 10,34.139404,1.7376195,130.58943,40.388374
2014-02-03 11,31.294453,0.80688447,127.54066,61.280487
2014-02-03 12,30.761024,1.3032146,123.98374,65.54878
2014-02-03 13,31.116644,1.520417,124.49187,62.19512
2014-02-03 14,30.761024,1.3032146,97.05285,39.69408
2014-02-03 15,29.16074,1.520417,120.42683,79.268295
2014-02-03 16,28.093882,1.7376195,127.54066,79.268295
2014-02-03 17,25.104298,1.7376195,135.67073,80.79269
2014-02-03 18,30.227596,2.1720243,193.08943,105.48781
2014-02-03 19,33.072548,1.7376195,276.9309,122.560974
2014-02-03 20,26.503674,1.7376195,265.75204,117.68293
2014-02-03 21,32.00569,1.7376195,236.78862,105.48781
2014-02-03 22,28.093882,1.7376195,210.36588,98.47561
2014-02-03 23,26.671406,1.7376195,172.76422,82.31707
2014-02-04 00,24.715506,1.7376195,146.84958,74.085365
2014-02-04 01,23.648647,1.7376195,119.9187,69.20731
2014-02-04 02,23.29303,1.7376195,108.231705,63.719513
2014-02-04 03,25.29569,1.7376195,104.6748,63.719513
2014-02-04 04,23.11522,1.7376195,98.57723,60.365852
2014-02-04 05,22.93741,1.7376195,124.12524,62.19512
2014-02-04 06,25.426743,1.7376195,124.42598,63.719513
2014-02-04 07,34.139404,1.7376195,114.32927,70.12195
2014-02-04 08,33.250355,0.83324605,123.98374,71.34146
2014-02-04 09,31.116644,1.7376195,104.6748,66.768295
2014-02-04 10,30.405405,1.520417,120.93496,58.536587
2014-02-04 11,30.938833,1.520417,122.96399,40.524628
2014-02-04 12,29.871977,1.3032146,135.1626,71.03658
2014-02-04 13,30.049786,1.7376195,121.951225,40.897987
2014-02-04 14,29.516361,1.7376195,122.967476,41.044773
2014-02-04 15,27.382647,1.7376195,140.75203,73.78049
2014-02-04 16,27.204834,1.7376195,131.09756,82.62195
2014-02-04 17,27.916075,1.7376195,158.02846,87.19512
2014-02-04 18,30.583214,2.1720243,208.84146,116.15854
2014-02-04 19,32.894737,1.7376195,276.9309,127.743904
2014-02-04 20,33.961594,1.7376195,269.81708,111.28049
2014-02-04 21,30.405405,1.7376195,247.96748,97.560974
2014-02-04 22,28.093882,1.7376195,217.98781,80.79269
2014-02-04 23,26.493599,0.7788795,188.00813,41.138416
2014-02-05 00,25.25761,1.7376195,161.07724,66.768295
2014-02-05 01,23.470839,1.7376195,135.1626,67.37805
2014-02-05 02,23.11522,1.520417,116.361786,40.26156
2014-02-05 03,22.581793,1.7376195,110.772354,59.756096
2014-02-05 04,23.11522,1.7376195,113.31301,54.878048
2014-02-05 05,22.93741,1.7376195,102.13415,61.585365
2014-02-05 06,27.027029,1.7376195,103.65854,69.81707
2014-02-05 07,35.384068,1.7376195,125.0,72.86585
2014-02-05 08,34.31721,1.7376195,126.52439,65.243904
2014-02-05 09,31.294453,1.7376195,114.837395,66.768295
2014-02-05 10,30.227596,1.520417,120.42683,68.902435
2014-02-05 11,30.938833,1.520417,120.42683,74.39024
2014-02-05 12,30.405405,1.520417,117.88618,61.585365
2014-02-05 13,31.116644,1.7376195,101.11789,40.464703
2014-02-05 14,30.583214,1.520417,126.259895,68.29269
2014-02-05 15,28.62731,1.520417,108.73984,68.902435
2014-02-05 16,28.62731,1.7376195,109.756096,63.414635
2014-02-05 17,28.80512,0.8221901,127.03253,69.51219
2014-02-05 18,30.583214,2.606429,180.8943,90.54878
2014-02-05 19,32.36131,1.7376195,243.3943,115.85366
2014-02-05 20,35.02845,1.7376195,232.21547,107.01219
2014-02-05 21,31.650072,1.7376195,231.70732,98.47561
2014-02-05 22,27.916075,1.7376195,128.05775,89.32927
2014-02-05 23,26.671406,1.7376195,200.20325,83.231705
2014-02-06 00,25.248934,1.7376195,161.58537,73.47561
2014-02-06 01,23.11522,1.7376195,121.951225,62.19512
2014-02-06 02,22.93741,1.7376195,116.86991,60.060974
2014-02-06 03,22.581793,1.7376195,106.70731,59.756096
2014-02-06 04,23.11522,1.7376195,109.24797,40.321587
2014-02-06 05,22.93741,1.7376195,124.13102,62.19512
2014-02-06 06,25.604553,1.7376195,102.64227,62.80488
2014-02-06 07,33.428165,1.7376195,120.42683,73.47561
2014-02-06 08,32.716927,1.7376195,104.166664,78.04878
2014-02-06 09,31.116644,1.9548218,109.24797,67.68293
2014-02-06 10,29.516361,1.7376195,131.09756,69.20731
2014-02-06 11,24.182077,0.8094225,122.45935,70.12195
2014-02-06 12,9.779516,1.7376195,135.1626,72.560974
2014-02-06 13,11.201991,1.7376195,123.98374,68.902435
2014-02-06 14,9.068279,0.799933,127.54066,65.54878
2014-02-06 15,8.001423,1.520417,119.9187,71.95122
2014-02-06 16,7.823613,1.7376195,128.55692,83.53658
2014-02-06 17,8.71266,1.7376195,134.65446,85.060974
2014-02-06 18,10.846373,1.520417,186.48373,102.13415
2014-02-06 19,13.335703,1.7376195,272.86584,117.07317
2014-02-06 20,13.5135145,0.9331418,292.1748,108.53658
2014-02-06 21,12.268847,1.7376195,253.04878,96.03659
2014-02-06 22,8.89047,1.7376195,235.77235,90.85366
2014-02-06 23,6.5789475,1.7376195,183.94308,77.439026
2014-02-07 00,5.156472,1.7376195,121.09385,65.85366
2014-02-07 01,3.3783786,1.7376195,133.63821,66.768295
2014-02-07 02,2.8449502,1.7376195,117.37805,63.109756
2014-02-07 03,2.4893315,1.7376195,110.26423,57.621952
2014-02-07 04,2.8449502,1.7376195,109.756096,57.621952
2014-02-07 05,2.6671407,1.7376195,105.69106,61.890244
2014-02-07 06,5.3342814,1.7376195,108.73984,64.63415
2014-02-07 07,14.046941,1.7376195,115.85366,66.768295
2014-02-07 08,13.869132,1.7376195,122.18336,41.447746
2014-02-07 09,24.893314,0.86880976,124.3204,74.085365
2014-02-07 10,29.338549,1.3032146,125.50813,40.22158
2014-02-07 11,27.916075,1.3032146,118.39431,41.098675
2014-02-07 12,28.62731,1.3032146,119.9187,61.280487
2014-02-07 13,28.093882,1.7376195,114.32927,59.146343
2014-02-07 14,28.271692,0.82344544,116.86991,59.146343
2014-02-07 15,27.560457,1.7376195,126.52439,40.24736
2014-02-07 16,27.027029,1.7376195,130.0813,67.68293
2014-02-07 17,26.671406,1.520417,153.45529,75.914635
2014-02-07 18,28.271692,0.80112976,194.61382,82.92683
2014-02-07 19,29.338549,1.7376195,268.8008,99.085365
2014-02-07 20,26.64007,0.8244884,268.2927,108.84146
2014-02-07 21,29.871977,1.7376195,256.09756,93.597565
2014-02-07 22,25.96017,1.7376195,230.69106,87.80488
2014-02-07 23,24.359886,1.7376195,209.85773,86.89024
2014-02-08 00,23.648647,1.7376195,174.28862,71.03658
2014-02-08 01,21.514936,1.7376195,136.687,65.85366
2014-02-08 02,21.337126,1.7376195,114.32927,57.92683
2014-02-08 03,20.625889,1.7376195,112.296745,55.487804
2014-02-08 04,20.981508,1.7376195,102.64227,40.146618
2014-02-08 05,20.803698,2.1720243,106.19919,57.012196
2014-02-08 06,21.514936,1.7376195,102.13415,29.268293
2014-02-08 07,22.581793,1.7376195,95.52846,61.585365
2014-02-08 08,26.31579,2.1720243,125.31039,57.621952
2014-02-08 09,30.405405,3.040834,121.4431,61.890244
2014-02-08 10,25.153505,1.9548218,161.07724,59.146343
2014-02-08 11,31.650072,1.7376195,220.02032,58.23171
2014-02-08 12,32.1835,1.7376195,202.23578,41.522858
2014-02-08 13,32.36131,0.7934393,185.46748,53.658535
2014-02-08 14,31.82788,1.7376195,189.53253,58.536587
2014-02-08 15,30.583214,1.7376195,201.72765,59.756096
2014-02-08 16,28.62731,1.7376195,176.82927,40.781765
2014-02-08 17,28.093882,1.9548218,126.26281,64.939026
2014-02-08 18,29.694168,1.7376195,207.82521,41.466507
2014-02-08 19,30.583214,1.7376195,239.32927,42.424442
2014-02-08 20,29.871977,0.79876274,238.82114,92.68293
2014-02-08 21,27.916075,1.7376195,203.25203,83.231705
2014-02-08 22,25.604553,0.80512935,200.20325,87.80488
2014-02-08 23,24.715506,1.7376195,209.3496,91.46342
2014-02-09 00,23.826458,1.7376195,192.5813,77.439026
2014-02-09 01,21.870554,3.475239,152.94716,65.243904
2014-02-09 02,21.514936,1.7376195,131.6057,62.5
2014-02-09 03,25.150349,1.520417,127.54066,60.060974
2014-02-09 04,20.981508,1.520417,123.22149,59.451218
2014-02-09 05,20.803698,1.7376195,103.150406,59.451218
2014-02-09 06,21.337126,1.7376195,95.52846,54.57317
2014-02-09 07,21.870554,0.7979448,94.00407,49.085365
2014-02-09 08,24.893314,1.7376195,97.05285,47.256096
2014-02-09 09,28.271692,0.8170086,120.93496,56.09756
2014-02-09 10,31.472261,0.7953754,172.76422,59.146343
2014-02-09 11,33.605976,1.7376195,232.72357,75.914635
2014-02-09 12,33.783783,1.7376195,226.11789,75.30488
2014-02-09 13,30.583214,1.7376195,182.4187,70.731705
2014-02-09 14,31.472261,1.7376195,168.69919,67.98781
2014-02-09 15,29.871977,1.520417,159.55284,66.768295
2014-02-09 16,27.027029,1.7376195,151.9309,63.719513
2014-02-09 17,27.738264,1.7376195,163.10976,58.841465
2014-02-09 18,27.560457,1.7376195,194.1057,41.73274
2014-02-09 19,25.416643,1.9548218,251.01627,100.60976
2014-02-09 20,30.405405,0.79574263,261.17886,88.10976
2014-02-09 21,28.449503,1.7376195,241.36179,83.53658
2014-02-09 22,25.604553,1.7376195,208.33333,89.02439
2014-02-09 23,25.013905,1.7376195,165.6504,82.92683
2014-02-10 00,23.11522,0.8122652,140.75203,71.34146
2014-02-10 01,21.692745,1.7376195,114.837395,61.280487
2014-02-10 02,20.981508,1.7376195,114.32927,56.707317
2014-02-10 03,20.625889,1.520417,104.166664,59.756096
2014-02-10 04,20.981508,1.7376195,102.13415,58.23171
2014-02-10 05,20.803698,1.7376195,106.70731,54.26829
2014-02-10 06,23.826458,1.7376195,101.11789,51.219513
2014-02-10 07,31.82788,1.7376195,113.31301,55.182926
2014-02-10 08,30.938833,1.7376195,125.0153,55.792683
2014-02-10 09,30.761024,1.7376195,123.65992,53.048782
2014-02-10 10,25.123919,1.7376195,122.967476,54.57317
2014-02-10 11,29.338549,1.3032146,120.42683,58.536587
2014-02-10 12,29.516361,0.8057353,119.9187,39.90511
2014-02-10 13,29.871977,1.520417,110.26423,58.536587
2014-02-10 14,28.62731,1.3032146,100.10162,66.15854
2014-02-10 15,24.998732,1.520417,96.03658,72.256096
2014-02-10 16,27.204834,1.7376195,101.11789,83.231705
2014-02-10 17,27.204834,1.7376195,120.93496,83.84146
2014-02-10 18,29.16074,2.1720243,179.3699,105.48781
2014-02-10 19,32.53912,1.7376195,258.1301,114.63415
2014-02-10 20,32.894737,1.7376195,235.26422,111.28049
2014-02-10 21,30.583214,0.82334805,222.56096,100.30488
2014-02-10 22,26.493599,1.7376195,198.17073,88.10976
2014-02-10 23,24.182077,1.7376195,176.82927,82.01219
2014-02-11 00,22.581793,1.7376195,155.99594,67.07317
2014-02-11 01,21.159317,1.7376195,121.951225,62.19512
2014-02-11 02,25.357958,1.7376195,110.772354,59.146343
2014-02-11 03,20.625889,1.7376195,118.39431,40.929913
2014-02-11 04,20.981508,1.7376195,105.69106,58.536587
2014-02-11 05,20.803698,1.7376195,101.626015,64.939026
2014-02-11 06,22.93741,0.8177015,101.626015,67.37805
2014-02-11 07,31.650072,1.7376195,112.80488,70.42683
2014-02-11 08,30.938833,1.7376195,106.19919,64.32927
2014-02-11 09,27.916075,1.7376195,105.69106,65.85366
2014-02-11 10,27.738264,1.520417,121.951225,63.109756
2014-02-11 11,27.027029,1.520417,119.41057,40.172703
2014-02-11 12,27.560457,1.3032146,126.34382,68.29269
2014-02-11 13,28.271692,1.7376195,112.80488,68.902435
2014-02-11 14,26.671406,1.7376195,107.72358,69.20731
2014-02-11 15,25.248934,0.8306575,119.9187,72.86585
2014-02-11 16,25.604553,1.7376195,114.32927,73.17073
2014-02-11 17,26.493599,1.7376195,138.71951,77.13415
2014-02-11 18,29.16074,2.1720243,177.3374,73.78049
2014-02-11 19,32.1835,1.7376195,254.06506,102.13415
2014-02-11 20,31.472261,1.7376195,268.2927,98.17073
2014-02-11 21,25.54574,1.7376195,235.77235,91.768295
2014-02-11 22,26.493599,1.7376195,225.10162,86.89024
2014-02-11 23,24.715506,0.78932506,194.61382,40.917774
2014-02-12 00,22.581793,1.7376195,153.45529,41.602673
2014-02-12 01,21.159317,1.7376195,132.11382,64.939026
2014-02-12 02,20.803698,1.520417,111.28048,57.317074
2014-02-12 03,20.27027,1.7376195,109.24797,60.060974
2014-02-12 04,20.803698,1.7376195,103.65854,41.171383
2014-02-12 05,25.038485,1.7376195,102.13415,68.597565
2014-02-12 06,23.470839,1.7376195,101.11789,69.20731
2014-02-12 07,31.294453,1.7376195,108.231705,67.68293
2014-02-12 08,30.938833,1.7376195,115.34553,64.63415
2014-02-12 09,25.069166,1.7376195,130.58943,62.80488
2014-02-12 10,27.738264,0.81440467,139.73578,61.585365
2014-02-12 11,27.560457,1.520417,156.50406,72.86585
2014-02-12 12,28.80512,1.520417,141.7683,71.03658
2014-02-12 13,28.271692,1.7376195,124.49187,40.32334
2014-02-12 14,28.449503,1.520417,135.67073,66.46342
2014-02-12 15,26.137981,1.520417,108.73984,72.560974
2014-02-12 16,26.137981,0.8635123,111.28048,86.89024
2014-02-12 17,26.31579,2.1720243,137.70325,86.585365
2014-02-12 18,28.449503,2.606429,181.40244,88.414635
2014-02-12 19,30.049786,1.7376195,130.96454,96.95122
2014-02-12 20,32.716927,1.7376195,129.5737,94.81707
2014-02-12 21,29.871977,1.7376195,240.85365,90.54878
2014-02-12 22,25.068424,1.7376195,223.57724,91.768295
2014-02-12 23,24.359886,1.7376195,176.32114,78.65854
2014-02-13 00,23.11522,1.7376195,153.45529,70.12195
2014-02-13 01,21.159317,1.7376195,125.50813,62.80488
2014-02-13 02,20.803698,1.7376195,116.86991,55.182926
2014-02-13 03,20.44808,1.7376195,111.78862,56.707317
2014-02-13 04,20.625889,1.7376195,105.18294,56.707317
2014-02-13 05,20.44808,1.7376195,98.57723,62.5
2014-02-13 06,22.93741,1.7376195,107.72358,63.719513
2014-02-13 07,31.650072,1.7376195,127.259766,63.414635
2014-02-13 08,25.176498,0.81298846,108.231705,61.890244
2014-02-13 09,28.449503,1.9548218,122.967476,58.841465
2014-02-13 10,28.62731,1.7376195,119.41057,64.939026
2014-02-13 11,28.80512,1.7376195,126.52439,69.51219
2014-02-13 12,25.059776,1.7376195,131.09756,68.902435
2014-02-13 13,28.982933,1.7376195,94.00407,63.414635
2014-02-13 14,28.449503,1.520417,98.57723,60.67073
2014-02-13 15,26.849218,1.520417,127.54066,68.597565
2014-02-13 16,26.31579,1.7376195,133.13008,72.560974
2014-02-13 17,26.493599,1.7376195,151.9309,72.560974
2014-02-13 18,28.449503,1.520417,180.8943,75.914635
2014-02-13 19,32.00569,1.7376195,245.93495,103.04878
2014-02-13 20,31.82788,1.9548218,264.73578,98.17073
2014-02-13 21,28.982933,1.7376195,234.24797,88.414635
2014-02-13 22,26.493599,1.7376195,222.05284,81.70731
2014-02-13 23,24.537695,1.7376195,185.97562,78.65854
2014-02-14 00,25.493406,1.7376195,153.96341,40.959007
2014-02-14 01,20.981508,1.7376195,125.0,59.451218
2014-02-14 02,20.803698,1.7376195,106.19919,40.64622
2014-02-14 03,20.27027,1.7376195,122.96953,58.536587
2014-02-14 04,20.44808,1.7376195,103.65854,54.26829
2014-02-14 05,20.44808,0.8163712,107.72358,61.890244
2014-02-14 06,23.29303,1.7376195,105.18294,64.02439
2014-02-14 07,32.00569,1.7376195,114.32927,65.54878
2014-02-14 08,30.583214,1.7376195,125.501595,62.5
2014-02-14 09,25.119379,0.8232429,129.06505,66.15854
2014-02-14 10,28.62731,1.3032146,124.641945,67.98781
2014-02-14 11,29.338549,1.3032146,133.13008,57.92683
2014-02-14 12,28.093882,0.8040552,147.35773,62.5
2014-02-14 13,28.271692,1.7376195,130.58943,57.012196
2014-02-14 14,27.916075,1.7376195,131.09756,53.353657
2014-02-14 15,27.382647,1.7376195,159.55284,66.768295
2014-02-14 16,27.382647,1.7376195,145.83333,72.256096
2014-02-14 17,26.31579,1.520417,162.60162,40.846104
2014-02-14 18,25.167042,2.1720243,212.90651,89.02439
2014-02-14 19,25.470083,1.7376195,259.14633,99.085365
2014-02-14 20,29.16074,2.8236315,263.2114,90.54878
2014-02-14 21,25.254673,1.7376195,239.8374,85.060974
2014-02-14 22,25.071123,1.7376195,214.4309,77.743904
2014-02-14 23,25.367338,1.7376195,189.02438,75.0
2014-02-15 00,23.29303,1.7376195,160.5691,67.37805
2014-02-15 01,21.692745,1.7376195,133.13008,63.109756
2014-02-15 02,21.159317,1.7376195,123.90923,63.414635
2014-02-15 03,20.803698,1.7376195,121.4431,59.756096
2014-02-15 04,20.803698,1.7376195,111.78862,56.707317
2014-02-15 05,20.803698,2.1720243,122.52225,41.403683
2014-02-15 06,21.337126,1.7376195,100.60975,60.67073
2014-02-15 07,22.759602,1.7376195,88.414635,56.09756
2014-02-15 08,27.382647,2.1720243,104.166664,60.97561
2014-02-15 09,32.36131,3.040834,121.4431,64.02439
2014-02-15 10,25.354195,1.9548218,167.17479,64.02439
2014-02-15 11,34.49502,0.79744536,182.4187,62.80488
2014-02-15 12,34.31721,1.7376195,169.71545,62.19512
2014-02-15 13,32.36131,1.7376195,152.43903,41.467567
2014-02-15 14,31.82788,1.7376195,149.89838,74.69512
2014-02-15 15,30.938833,1.7376195,150.91463,74.085365
2014-02-15 16,28.80512,1.7376195,146.84958,71.34146
2014-02-15 17,28.449503,1.9548218,169.20732,69.51219
2014-02-15 18,28.62731,1.7376195,205.79268,72.86585
2014-02-15 19,29.871977,0.7983293,254.57317,92.37805
2014-02-15 20,29.694168,1.7376195,247.96748,96.95122
2014-02-15 21,27.382647,1.7376195,213.92276,97.256096
2014-02-15 22,25.782362,1.7376195,194.61382,95.12195
2014-02-15 23,24.715506,1.7376195,195.63008,91.46342
2014-02-16 00,25.080656,1.7376195,174.79675,80.48781
2014-02-16 01,21.870554,3.475239,143.80081,70.42683
2014-02-16 02,21.337126,1.7376195,130.0813,68.597565
2014-02-16 03,20.625889,1.520417,116.361786,64.939026
2014-02-16 04,20.803698,1.520417,101.626015,63.414635
2014-02-16 05,25.094074,1.7376195,101.11789,68.29269
2014-02-16 06,21.159317,1.7376195,99.085365,65.85366
2014-02-16 07,22.226173,1.7376195,88.414635,58.841465
2014-02-16 08,25.96017,1.7376195,90.955284,55.487804
2014-02-16 09,31.650072,1.7376195,119.41057,57.92683
2014-02-16 10,25.445536,1.7376195,146.34148,64.32927
2014-02-16 11,32.894737,1.7376195,195.12195,41.994076
2014-02-16 12,32.716927,0.8333979,127.9565,80.79269
2014-02-16 13,33.072548,1.7376195,139.22765,71.64634
2014-02-16 14,32.1835,1.7376195,121.951225,68.902435
2014-02-16 15,29.338549,1.520417,116.361786,56.707317
2014-02-16 16,27.916075,1.7376195,128.04878,53.658535
2014-02-16 17,27.916075,1.7376195,131.09756,63.109756
2014-02-16 18,29.338549,1.7376195,165.14227,73.78049
2014-02-16 19,30.938833,1.9548218,223.57724,91.15854
2014-02-16 20,32.00569,1.7376195,229.16667,90.54878
2014-02-16 21,28.449503,1.7376195,198.17073,82.92683
2014-02-16 22,25.604553,0.81274545,189.53253,89.02439
2014-02-16 23,24.715506,1.7376195,171.23984,88.10976
2014-02-17 00,22.759602,1.7376195,152.43903,76.52439
2014-02-17 01,25.029827,1.7376195,124.49187,67.98781
2014-02-17 02,21.159317,1.7376195,109.756096,63.109756
2014-02-17 03,20.803698,1.520417,98.57723,65.85366
2014-02-17 04,20.981508,1.7376195,96.03658,60.67073
2014-02-17 05,25.386608,1.7376195,126.51742,66.768295
2014-02-17 06,23.648647,1.7376195,98.06911,65.243904
2014-02-17 07,25.097979,1.7376195,125.95111,68.902435
2014-02-17 08,31.294453,1.7376195,125.15971,61.585365
2014-02-17 09,29.871977,1.7376195,114.32927,55.487804
2014-02-17 10,28.271692,0.81623405,121.951225,63.109756
2014-02-17 11,27.738264,1.3032146,114.32927,72.256096
2014-02-17 12,27.916075,1.3032146,127.03253,40.828503
2014-02-17 13,27.560457,1.520417,114.837395,75.0
2014-02-17 14,27.382647,1.3032146,114.837395,75.30488
2014-02-17 15,26.31579,1.520417,134.65446,73.17073
2014-02-17 16,25.782362,1.7376195,126.25729,77.743904
2014-02-17 17,25.782362,1.7376195,128.07866,79.268295
2014-02-17 18,28.093882,2.1720243,198.67886,99.39024
2014-02-17 19,30.583214,0.8208527,283.5366,128.04878
2014-02-17 20,32.53912,1.7376195,269.30893,114.63415
2014-02-17 21,29.871977,1.7376195,260.67075,41.79405
2014-02-17 22,25.96017,1.7376195,130.64478,102.743904
2014-02-17 23,24.359886,1.7376195,202.7439,86.585365
2014-02-18 00,22.581793,1.7376195,171.74797,70.42683
2014-02-18 01,21.159317,1.7376195,136.17886,75.60976
2014-02-18 02,20.981508,1.7376195,123.68782,65.243904
2014-02-18 03,20.625889,1.7376195,123.87336,65.243904
2014-02-18 04,20.803698,1.7376195,116.86991,60.67073
2014-02-18 05,25.354313,1.7376195,112.80488,40.24559
2014-02-18 06,23.470839,1.7376195,113.82114,72.560974
2014-02-18 07,32.716927,1.7376195,118.39431,67.98781
2014-02-18 08,25.22025,1.7376195,124.64553,64.02439
2014-02-18 09,29.871977,1.7376195,126.01626,60.67073
2014-02-18 10,30.049786,1.520417,121.951225,61.890244
2014-02-18 11,30.583214,1.520417,116.86991,64.32927
2014-02-18 12,30.583214,1.3032146,109.24797,59.146343
2014-02-18 13,28.449503,1.7376195,103.150406,51.82927
2014-02-18 14,27.916075,1.7376195,101.11789,55.487804
2014-02-18 15,25.350971,1.7376195,124.38193,59.756096
2014-02-18 16,26.137981,1.7376195,122.967476,64.63415
2014-02-18 17,23.648647,1.7376195,123.98374,71.34146
2014-02-18 18,25.604553,2.1720243,162.60162,70.12195
2014-02-18 19,28.62731,1.7376195,130.86308,98.78049
2014-02-18 20,27.560457,0.7959473,255.08131,107.01219
2014-02-18 21,25.782362,1.7376195,238.313,100.914635
2014-02-18 22,23.29303,1.7376195,200.7114,96.64634
2014-02-18 23,21.159317,1.7376195,182.92683,89.63415
2014-02-19 00,19.381224,1.7376195,165.14227,69.51219
2014-02-19 01,17.60313,1.7376195,134.14635,62.80488
2014-02-19 02,25.430376,1.520417,114.837395,61.280487
2014-02-19 03,16.714083,1.7376195,114.32927,60.67073
2014-02-19 04,17.069702,1.7376195,107.21545,57.92683
2014-02-19 05,25.069014,1.7376195,126.27025,65.243904
2014-02-19 06,19.914652,1.7376195,106.19919,68.902435
2014-02-19 07,25.152605,1.7376195,104.6748,67.07317
2014-02-19 08,27.738264,1.7376195,112.80488,63.414635
2014-02-19 09,25.604553,1.7376195,125.0,63.109756
2014-02-19 10,24.359886,1.520417,126.52439,52.134148
2014-02-19 11,25.141684,1.520417,117.88618,57.92683
2014-02-19 12,24.893314,1.520417,113.82114,64.02439
2014-02-19 13,24.182077,0.8149523,93.49593,59.756096
2014-02-19 14,24.715506,1.520417,98.06911,60.365852
2014-02-19 15,23.11522,1.520417,99.085365,59.756096
2014-02-19 16,22.759602,1.7376195,117.88618,60.97561
2014-02-19 17,22.93741,0.82291037,135.67073,71.64634
2014-02-19 18,25.782362,2.606429,176.32114,81.097565
2014-02-19 19,27.382647,1.7376195,239.32927,103.04878
2014-02-19 20,29.16074,1.7376195,245.42683,104.268295
2014-02-19 21,25.782362,1.7376195,225.60976,92.98781
2014-02-19 22,22.581793,1.7376195,129.7123,92.98781
2014-02-19 23,20.981508,1.7376195,182.92683,84.756096
2014-02-20 00,19.203413,1.7376195,155.99594,41.674896
2014-02-20 01,25.328382,1.7376195,124.02914,67.98781
2014-02-20 02,17.42532,1.7376195,114.837395,62.19512
2014-02-20 03,16.891891,1.7376195,112.296745,65.85366
2014-02-20 04,17.24751,1.7376195,110.26423,60.060974
2014-02-20 05,16.891891,1.7376195,104.166664,67.68293
2014-02-20 06,19.914652,0.8310556,109.756096,66.768295
2014-02-20 07,28.449503,1.7376195,105.18294,61.890244
2014-02-20 08,27.916075,1.7376195,99.5935,60.67073
2014-02-20 09,25.071123,1.9548218,110.26423,58.841465
2014-02-20 10,25.238825,1.7376195,107.21545,62.80488
2014-02-20 11,25.248934,1.7376195,118.902435,40.66154
2014-02-20 12,24.715506,1.7376195,125.50813,69.51219
2014-02-20 13,24.182077,1.7376195,123.47561,62.5
2014-02-20 14,23.470839,1.520417,105.69106,60.97561
2014-02-20 15,24.999968,1.520417,111.28048,68.597565
2014-02-20 16,21.870554,1.7376195,110.772354,67.68293
2014-02-20 17,22.581793,1.7376195,106.19919,69.20731
2014-02-20 18,25.071123,1.520417,172.2561,77.13415
2014-02-20 19,26.849218,0.83544546,278.9634,106.097565
2014-02-20 20,27.916075,1.9548218,269.30893,101.21951
2014-02-20 21,25.58184,1.7376195,128.80151,102.13415
2014-02-20 22,22.403982,1.7376195,208.84146,101.82927
2014-02-20 23,20.981508,1.7376195,168.69919,83.53658
2014-02-21 00,19.025604,1.7376195,154.47154,74.085365
2014-02-21 01,17.42532,0.81517065,132.11382,66.768295
2014-02-21 02,25.489338,1.7376195,113.82114,64.02439
2014-02-21 03,16.891891,1.7376195,113.82114,56.707317
2014-02-21 04,17.24751,1.7376195,112.296745,56.40244
2014-02-21 05,17.069702,1.7376195,103.65854,63.414635
2014-02-21 06,20.09246,0.8044409,111.78862,60.060974
2014-02-21 07,25.392965,1.7376195,104.6748,56.707317
2014-02-21 08,27.382647,1.7376195,115.85366,60.67073
2014-02-21 09,25.604553,0.86880976,111.28048,64.02439
2014-02-21 10,25.248934,1.3032146,116.361786,73.78049
2014-02-21 11,25.248934,1.3032146,115.34553,67.37805
2014-02-21 12,25.426743,1.3032146,126.40594,69.81707
2014-02-21 13,25.25147,1.7376195,115.34553,65.85366
2014-02-21 14,26.849218,1.7376195,110.772354,60.060974
2014-02-21 15,24.182077,1.7376195,107.72358,63.719513
2014-02-21 16,23.826458,1.7376195,114.32927,69.81707
2014-02-21 17,23.29303,1.520417,123.75195,66.15854
2014-02-21 18,24.715506,2.1720243,167.17479,80.18293
2014-02-21 19,27.560457,1.7376195,254.06506,109.14634
2014-02-21 20,26.671406,2.8236315,262.70325,110.97561
2014-02-21 21,24.182077,1.7376195,233.23172,96.34146
2014-02-21 22,22.048365,1.7376195,220.02032,85.67073
2014-02-21 23,20.625889,1.7376195,194.1057,82.01219
2014-02-22 00,19.381224,1.7376195,164.12602,73.78049
2014-02-22 01,17.78094,1.7376195,120.94558,40.92971
2014-02-22 02,17.42532,1.7376195,122.758446,41.55004
2014-02-22 03,16.714083,0.7868624,119.266014,40.57043
2014-02-22 04,17.069702,1.7376195,112.296745,41.0227
2014-02-22 05,16.891891,2.1720243,110.26423,58.23171
2014-02-22 06,17.60313,1.7376195,106.19919,55.487804
2014-02-22 07,19.559032,0.81858826,89.939026,46.036587
2014-02-22 08,24.182077,2.1720243,106.19919,45.73171
2014-02-22 09,28.982933,3.040834,131.6057,48.780487
2014-02-22 10,29.516361,1.9548218,167.17479,41.769962
2014-02-22 11,28.982933,1.7376195,170.22357,62.5
2014-02-22 12,28.449503,1.7376195,124.17091,59.756096
2014-02-22 13,30.049786,1.7376195,125.09691,40.98807
2014-02-22 14,28.271692,1.7376195,150.91463,58.23171
2014-02-22 15,26.849218,1.7376195,172.2561,57.621952
2014-02-22 16,24.537695,1.7376195,125.49261,67.68293
2014-02-22 17,24.359886,1.9548218,126.94643,77.439026
2014-02-22 18,25.071123,1.7376195,198.17073,77.13415
2014-02-22 19,25.96017,1.7376195,252.03252,100.30488
2014-02-22 20,25.96017,1.7376195,228.1504,104.57317
2014-02-22 21,23.648647,1.7376195,214.93903,100.60976
2014-02-22 22,22.048365,1.7376195,201.72765,88.414635
2014-02-22 23,20.981508,1.7376195,126.23025,89.63415
2014-02-23 00,19.381224,1.7376195,155.48781,81.402435
2014-02-23 01,17.60313,3.475239,127.54066,72.86585
2014-02-23 02,17.958748,1.7376195,109.756096,70.12195
2014-02-23 03,17.069702,1.520417,106.19919,60.060974
2014-02-23 04,17.069702,1.520417,108.231705,57.92683
2014-02-23 05,16.714083,1.7376195,108.73984,54.878048
2014-02-23 06,17.42532,1.7376195,105.18294,54.26829
2014-02-23 07,18.492176,1.7376195,87.39838,42.987804
2014-02-23 08,22.048365,1.7376195,108.73984,42.987804
2014-02-23 09,28.271692,1.7376195,120.42683,46.646343
2014-02-23 10,25.18953,1.7376195,163.61789,58.23171
2014-02-23 11,30.227596,1.7376195,216.97154,59.451218
2014-02-23 12,30.049786,1.7376195,199.69514,61.280487
2014-02-23 13,28.80512,0.8032539,144.30894,40.71834
2014-02-23 14,27.916075,1.7376195,130.0813,49.390244
2014-02-23 15,25.248934,1.520417,122.45935,54.878048
2014-02-23 16,25.506342,1.7376195,107.21545,50.0
2014-02-23 17,22.93741,1.7376195,114.837395,51.52439
2014-02-23 18,25.604553,1.7376195,130.58943,63.719513
2014-02-23 19,26.493599,1.9548218,205.79268,42.385494
2014-02-23 20,26.671406,1.7376195,200.20325,94.20731
2014-02-23 21,24.182077,1.7376195,199.187,85.36585
2014-02-23 22,22.226173,1.7376195,195.63008,80.79269
2014-02-23 23,20.27027,1.7376195,156.50406,70.42683
2014-02-24 00,18.669987,1.7376195,137.70325,40.66935
2014-02-24 01,17.60313,1.7376195,112.80488,59.451218
2014-02-24 02,17.42532,1.7376195,99.085365,58.536587
2014-02-24 03,16.891891,1.520417,98.06911,57.621952
2014-02-24 04,17.24751,1.7376195,99.5935,40.212128
2014-02-24 05,17.069702,1.7376195,95.02032,56.707317
2014-02-24 06,19.914652,1.7376195,93.49593,41.041782
2014-02-24 07,28.62731,1.7376195,102.13415,55.182926
2014-02-24 08,25.168232,1.7376195,108.73984,54.26829
2014-02-24 09,26.849218,1.7376195,108.231705,40.02783
2014-02-24 10,25.782362,1.7376195,123.72112,58.536587
2014-02-24 11,24.537695,1.3032146,110.26423,61.280487
2014-02-24 12,24.359886,1.3032146,104.166664,61.890244
2014-02-24 13,25.248934,1.520417,104.166664,59.756096
2014-02-24 14,24.537695,1.3032146,95.02032,57.621952
2014-02-24 15,23.470839,1.520417,112.296745,69.51219
2014-02-24 16,22.93741,1.7376195,108.231705,57.621952
2014-02-24 17,23.29303,1.7376195,123.98374,57.621952
2014-02-24 18,25.071123,2.1720243,125.274345,65.243904
2014-02-24 19,28.271692,1.7376195,244.9187,98.17073
2014-02-24 20,25.305908,1.7376195,245.93495,98.78049
2014-02-24 21,27.204834,1.7376195,213.92276,96.95122
2014-02-24 22,23.648647,0.821822,201.2195,88.414635
2014-02-24 23,20.803698,1.7376195,166.66667,80.18293
2014-02-25 00,25.226767,1.7376195,149.89838,65.243904
2014-02-25 01,17.42532,1.7376195,116.86991,56.707317
2014-02-25 02,17.069702,1.7376195,107.21545,53.658535
2014-02-25 03,16.536274,0.8094313,104.166664,54.26829
2014-02-25 04,17.24751,1.7376195,100.10162,54.57317
2014-02-25 05,17.069702,1.7376195,96.03658,58.841465
2014-02-25 06,19.914652,1.7376195,97.560974,59.756096
2014-02-25 07,27.916075,1.7376195,125.21894,55.182926
2014-02-25 08,25.160278,1.7376195,98.57723,62.5
2014-02-25 09,25.071123,1.7376195,122.129234,40.622616
2014-02-25 10,24.182077,1.520417,107.72358,54.878048
2014-02-25 11,24.537695,1.520417,111.78862,40.94942
2014-02-25 12,24.004267,1.3032146,114.837395,55.487804
2014-02-25 13,23.648647,1.7376195,99.5935,53.658535
2014-02-25 14,24.004267,1.7376195,123.03922,41.562763
2014-02-25 15,22.759602,1.7376195,91.97154,66.15854
2014-02-25 16,22.048365,1.7376195,97.560974,70.12195
2014-02-25 17,22.759602,1.7376195,109.24797,73.47561
2014-02-25 18,25.236422,2.1720243,151.42276,75.60976
2014-02-25 19,28.449503,1.7376195,252.54065,99.085365
2014-02-25 20,29.16074,1.7376195,263.7195,99.39024
2014-02-25 21,25.96017,1.7376195,217.98781,94.81707
2014-02-25 22,22.403982,1.7376195,212.90651,92.68293
2014-02-25 23,20.981508,1.7376195,167.68292,79.57317
2014-02-26 00,18.847795,1.7376195,139.22765,69.81707
2014-02-26 01,17.24751,1.7376195,122.657616,61.280487
2014-02-26 02,17.069702,0.79956496,120.2775,40.50763
2014-02-26 03,16.536274,1.7376195,106.19919,58.23171
2014-02-26 04,17.069702,1.7376195,107.72358,55.792683
2014-02-26 05,16.891891,1.7376195,97.560974,59.756096
2014-02-26 06,19.914652,1.7376195,101.626015,59.146343
2014-02-26 07,25.179775,1.7376195,100.10162,55.487804
2014-02-26 08,27.916075,1.7376195,118.902435,59.146343
2014-02-26 09,25.782362,1.7376195,123.47561,53.658535
2014-02-26 10,24.359886,1.520417,128.55692,53.353657
2014-02-26 11,22.93741,1.520417,114.32927,50.609756
2014-02-26 12,24.359886,0.82172155,114.837395,60.060974
2014-02-26 13,23.826458,1.7376195,102.64227,51.82927
2014-02-26 14,24.182077,1.520417,97.560974,56.09756
2014-02-26 15,22.759602,1.520417,97.560974,53.963413
2014-02-26 16,22.226173,1.7376195,94.51219,52.743904
2014-02-26 17,22.048365,0.8174104,132.62195,57.012196
2014-02-26 18,24.537695,2.606429,167.68292,70.12195
2014-02-26 19,28.982933,1.7376195,242.37805,94.81707
2014-02-26 20,29.16074,0.8237916,245.93495,101.82927
2014-02-26 21,25.071123,1.7376195,223.57724,86.585365
2014-02-26 22,22.581793,1.7376195,207.31708,86.28049
2014-02-26 23,21.514936,1.7376195,176.82927,81.70731
2014-02-27 00,19.203413,1.7376195,158.53659,75.60976
2014-02-27 01,17.60313,1.7376195,126.01626,72.560974
2014-02-27 02,17.42532,1.7376195,113.82114,40.795345
2014-02-27 03,17.069702,1.7376195,108.231705,60.67073
2014-02-27 04,17.24751,1.7376195,105.18294,57.621952
2014-02-27 05,17.069702,1.7376195,104.6748,62.5
2014-02-27 06,20.27027,1.7376195,99.085365,62.5
2014-02-27 07,27.916075,1.7376195,106.70731,60.365852
2014-02-27 08,27.738264,1.7376195,109.24797,52.439026
2014-02-27 09,25.604553,1.9548218,113.31301,56.09756
2014-02-27 10,25.429018,1.7376195,133.13008,56.40244
2014-02-27 11,24.004267,1.7376195,132.62195,40.54489
2014-02-27 12,24.715506,1.7376195,123.31508,56.40244
2014-02-27 13,24.537695,1.7376195,115.85366,39.939026
2014-02-27 14,22.93741,1.520417,113.31301,35.97561
2014-02-27 15,24.537695,1.520417,119.41057,43.59756
2014-02-27 16,24.537695,1.7376195,103.150406,47.256096
2014-02-27 17,25.248934,1.7376195,123.47561,57.012196
2014-02-27 18,24.537695,0.81803375,153.96341,63.719513
2014-02-27 19,25.235678,1.7376195,128.39778,90.85366
2014-02-27 20,27.560457,1.9548218,241.86992,85.060974
2014-02-27 21,24.715506,1.7376195,208.33333,42.286438
2014-02-27 22,22.581793,1.7376195,203.76016,89.02439
2014-02-27 23,20.803698,1.7376195,174.28862,76.82927
2014-02-28 00,19.025604,1.7376195,146.34148,64.939026
2014-02-28 01,17.42532,1.7376195,119.9187,60.67073
2014-02-28 02,17.42532,1.7376195,112.296745,57.92683
2014-02-28 03,16.891891,1.7376195,121.97001,57.012196
2014-02-28 04,17.24751,1.7376195,102.64227,51.52439
2014-02-28 05,17.069702,1.7376195,104.166664,59.756096
2014-02-28 06,19.914652,0.8070557,103.150406,57.92683
2014-02-28 07,28.80512,0.8157639,106.70731,56.09756
2014-02-28 08,27.560457,1.7376195,104.6748,54.878048
2014-02-28 09,25.782362,0.86880976,96.544716,50.0
2014-02-28 10,24.893314,1.3032146,101.626015,51.82927
2014-02-28 11,24.537695,1.3032146,113.31301,53.048782
2014-02-28 12,25.248934,1.3032146,110.26423,40.09001
2014-02-28 13,25.248934,1.7376195,96.03658,49.390244
2014-02-28 14,24.537695,1.7376195,106.19919,46.951218
2014-02-28 15,25.445055,0.81466246,103.65854,47.865852
2014-02-28 16,25.32453,1.7376195,111.78862,58.536587
2014-02-28 17,25.352663,1.520417,132.62195,40.606956
2014-02-28 18,25.071123,2.1720243,159.55284,71.95122
2014-02-28 19,26.137981,1.7376195,232.21547,90.54878
2014-02-28 20,26.31579,2.8236315,130.11432,97.560974
2014-02-28 21,24.182077,1.7376195,214.4309,89.63415
2014-02-28 22,25.09419,1.7376195,180.38618,80.48781
2014-02-28 23,20.981508,1.7376195,158.02846,86.28049
2014-03-01 00,19.203413,1.7376195,152.94716,78.96342
2014-03-01 01,25.144333,1.7376195,122.45935,63.109756
2014-03-01 02,17.42532,1.7376195,110.26423,57.92683
2014-03-01 03,16.891891,1.7376195,99.5935,58.841465
2014-03-01 04,17.069702,1.7376195,99.5935,57.012196
2014-03-01 05,17.069702,2.1720243,98.57723,58.841465
2014-03-01 06,17.60313,0.8425395,78.25203,61.280487
2014-03-01 07,19.203413,1.7376195,73.67886,48.17073
2014-03-01 08,22.93741,2.1720243,89.939026,53.658535
2014-03-01 09,25.96017,3.040834,113.82114,57.317074
2014-03-01 10,28.093882,1.9548218,144.81708,65.85366
2014-03-01 11,28.093882,1.7376195,169.71545,68.29269
2014-03-01 12,29.338549,1.7376195,155.99594,67.07317
2014-03-01 13,25.17698,1.7376195,155.99594,41.134853
2014-03-01 14,27.204834,1.7376195,161.58537,80.48781
2014-03-01 15,25.426743,1.7376195,159.04471,41.450146
2014-03-01 16,24.182077,1.7376195,178.35365,71.64634
2014-03-01 17,23.826458,1.9548218,188.00813,71.34146
2014-03-01 18,23.826458,1.7376195,192.07317,64.32927
2014-03-01 19,24.893314,1.7376195,233.73982,42.58971
2014-03-01 20,24.182077,1.7376195,215.44716,97.256096
2014-03-01 21,22.93741,1.7376195,197.15446,97.86585
2014-03-01 22,25.092775,1.7376195,196.13821,90.54878
2014-03-01 23,25.407059,1.7376195,173.78049,84.756096
2014-03-02 00,19.203413,1.7376195,154.47154,69.20731
2014-03-02 01,17.78094,3.475239,121.4431,62.19512
2014-03-02 02,17.42532,1.7376195,117.37805,55.182926
2014-03-02 03,16.714083,1.520417,111.78862,57.317074
2014-03-02 04,16.891891,1.520417,103.65854,53.658535
2014-03-02 05,16.891891,1.7376195,97.560974,56.707317
2014-03-02 06,17.42532,1.7376195,89.939026,48.47561
2014-03-02 07,18.136559,1.7376195,76.21951,39.939026
2014-03-02 08,21.159317,1.7376195,86.89024,43.90244
2014-03-02 09,25.248934,1.7376195,127.03253,46.341465
2014-03-02 10,28.982933,1.7376195,147.35773,49.085365
2014-03-02 11,29.16074,1.7376195,181.91057,51.219513
2014-03-02 12,25.301414,1.7376195,176.32114,60.97561
2014-03-02 13,27.382647,0.8105854,143.80081,58.841465
2014-03-02 14,25.604553,1.7376195,129.57317,54.57317
2014-03-02 15,23.648647,0.79993075,136.17886,56.707317
2014-03-02 16,22.403982,1.7376195,121.951225,64.63415
2014-03-02 17,22.048365,1.7376195,134.14635,64.02439
2014-03-02 18,22.93741,1.7376195,175.813,63.414635
2014-03-02 19,25.426743,1.9548218,203.76016,76.21951
2014-03-02 20,24.537695,1.7376195,230.18292,77.439026
2014-03-02 21,23.826458,1.7376195,224.08537,42.510567
2014-03-02 22,21.337126,1.7376195,200.20325,75.914635
2014-03-02 23,20.27027,1.7376195,174.79675,73.78049
2014-03-03 00,18.669987,1.7376195,173.78049,68.597565
2014-03-03 01,25.479935,1.7376195,130.58943,55.487804
2014-03-03 02,16.891891,1.7376195,107.21545,57.317074
2014-03-03 03,16.536274,1.520417,104.6748,60.365852
2014-03-03 04,17.069702,1.7376195,101.11789,57.92683
2014-03-03 05,17.069702,1.7376195,98.57723,62.19512
2014-03-03 06,18.492176,1.7376195,123.02429,55.792683
2014-03-03 07,25.305384,1.7376195,97.560974,51.52439
2014-03-03 08,25.393236,1.7376195,124.82686,52.743904
2014-03-03 09,26.671406,1.7376195,114.837395,56.40244
2014-03-03 10,27.382647,1.7376195,139.22765,61.280487
2014-03-03 11,25.466547,1.3032146,133.13008,66.15854
2014-03-03 12,27.204834,1.3032146,127.03253,66.768295
2014-03-03 13,26.31579,1.520417,129.06505,73.78049
2014-03-03 14,25.248934,1.3032146,136.687,78.04878
2014-03-03 15,23.470839,1.520417,130.58943,78.96342
2014-03-03 16,22.581793,1.7376195,128.55692,79.268295
2014-03-03 17,27.560457,0.8266058,135.67073,76.21951
2014-03-03 18,24.182077,2.1720243,143.29268,76.21951
2014-03-03 19,25.782362,1.7376195,225.10162,92.07317
2014-03-03 20,27.382647,1.7376195,218.49594,96.03659
2014-03-03 21,24.182077,0.82319164,196.13821,96.95122
2014-03-03 22,22.226173,0.8330773,158.02846,85.36585
2014-03-03 23,20.803698,1.7376195,165.6504,41.702446
2014-03-04 00,25.176115,1.7376195,123.25683,41.053436
2014-03-04 01,17.60313,1.7376195,123.98374,72.560974
2014-03-04 02,17.42532,1.7376195,101.626015,64.32927
2014-03-04 03,16.891891,1.7376195,103.65854,60.060974
2014-03-04 04,17.24751,1.7376195,96.03658,52.134148
2014-03-04 05,16.891891,0.8258321,98.06911,59.756096
2014-03-04 06,17.78094,1.7376195,83.333336,56.707317
2014-03-04 07,20.27027,1.7376195,77.23577,45.121952
2014-03-04 08,23.29303,1.7376195,74.69512,51.52439
2014-03-04 09,25.782362,0.81881243,99.085365,49.085365
2014-03-04 10,28.982933,1.520417,127.03253,68.597565
2014-03-04 11,29.516361,1.520417,149.89838,79.87805
2014-03-04 12,28.093882,1.3032146,168.69919,83.231705
2014-03-04 13,28.449503,1.7376195,133.13008,72.256096
2014-03-04 14,25.530851,1.7376195,141.7683,41.512016
2014-03-04 15,23.648647,1.7376195,143.80081,70.12195
2014-03-04 16,22.048365,1.7376195,133.13008,73.17073
2014-03-04 17,25.252934,1.7376195,145.83333,75.30488
2014-03-04 18,23.648647,2.1720243,127.192764,80.79269
2014-03-04 19,24.893314,1.7376195,230.69106,94.51219
2014-03-04 20,25.161634,1.7376195,224.59349,102.13415
2014-03-04 21,24.182077,1.7376195,228.1504,96.64634
2014-03-04 22,21.514936,1.7376195,202.7439,99.39024
2014-03-04 23,20.625889,1.7376195,177.3374,85.060974
2014-03-05 00,18.847795,0.8033942,155.48781,71.03658
2014-03-05 01,17.42532,1.7376195,125.50813,61.585365
2014-03-05 02,17.24751,1.520417,116.86991,59.451218
2014-03-05 03,16.891891,1.7376195,122.6092,59.146343
2014-03-05 04,17.069702,1.7376195,105.69106,55.792683
2014-03-05 05,16.891891,1.7376195,104.6748,54.878048
2014-03-05 06,18.669987,1.7376195,98.06911,51.219513
2014-03-05 07,25.071123,1.7376195,99.085365,44.817074
2014-03-05 08,28.62731,1.7376195,122.36367,44.207317
2014-03-05 09,27.027029,1.7376195,116.86991,50.30488
2014-03-05 10,25.024046,1.520417,112.80488,61.280487
2014-03-05 11,25.782362,1.520417,107.72358,65.85366
2014-03-05 12,25.45059,1.520417,117.37805,57.92683
2014-03-05 13,24.537695,1.7376195,102.64227,48.17073
2014-03-05 14,24.537695,1.520417,97.05285,52.439026
2014-03-05 15,23.470839,1.520417,103.150406,54.26829
2014-03-05 16,22.581793,1.7376195,101.626015,58.841465
2014-03-05 17,22.759602,2.1720243,113.31301,63.719513
2014-03-05 18,25.259758,2.606429,129.57317,67.37805
2014-03-05 19,28.271692,1.7376195,217.98781,90.85366
2014-03-05 20,28.80512,1.7376195,228.65854,95.731705
2014-03-05 21,24.893314,1.7376195,221.54471,42.023376
2014-03-05 22,22.93741,1.7376195,124.15304,41.216022
2014-03-05 23,21.159317,1.7376195,157.0122,77.13415
2014-03-06 00,19.025604,1.7376195,142.27643,63.719513
2014-03-06 01,17.42532,1.7376195,122.66606,58.841465
2014-03-06 02,17.24751,1.7376195,104.6748,53.353657
2014-03-06 03,16.714083,1.7376195,107.21545,54.57317
2014-03-06 04,25.073967,1.7376195,100.60975,52.134148
2014-03-06 05,17.069702,1.7376195,101.626015,57.621952
2014-03-06 06,19.736841,1.7376195,95.02032,57.012196
2014-03-06 07,27.560457,1.7376195,115.34553,40.48391
2014-03-06 08,27.738264,1.7376195,123.98374,54.878048
2014-03-06 09,26.31579,0.80110437,112.80488,39.93868
2014-03-06 10,26.137981,1.7376195,118.39431,51.52439
2014-03-06 11,25.604553,1.7376195,105.18294,47.256096
2014-03-06 12,25.782362,1.7376195,111.28048,50.609756
2014-03-06 13,24.537695,1.7376195,106.19919,44.512196
2014-03-06 14,24.537695,1.520417,105.18294,41.158535
2014-03-06 15,23.29303,1.520417,100.60975,37.80488
2014-03-06 16,22.581793,1.7376195,109.756096,39.939026
2014-03-06 17,22.93741,1.7376195,111.28048,44.207317
2014-03-06 18,25.530712,1.520417,142.78455,51.52439
2014-03-06 19,28.80512,1.7376195,239.32927,80.79269
2014-03-06 20,28.449503,1.9548218,248.47562,85.97561
2014-03-06 21,25.782362,1.7376195,212.90651,81.70731
2014-03-06 22,22.403982,1.7376195,205.28455,81.097565
2014-03-06 23,21.159317,1.7376195,166.66667,73.47561
2014-03-07 00,18.847795,1.7376195,152.94716,64.02439
2014-03-07 01,17.42532,1.7376195,116.361786,53.658535
2014-03-07 02,16.891891,1.7376195,112.296745,49.69512
2014-03-07 03,6.5789475,1.7376195,116.361786,52.439026
2014-03-07 04,17.069702,1.7376195,111.28048,49.390244
2014-03-07 05,16.891891,1.7376195,121.58415,49.69512
2014-03-07 06,19.559032,1.7376195,92.479675,47.865852
2014-03-07 07,28.093882,1.7376195,107.72358,45.42683
2014-03-07 08,28.62731,1.7376195,112.296745,46.036587
2014-03-07 09,25.96017,0.86880976,109.756096,52.439026
2014-03-07 10,25.782362,0.8039885,122.45935,59.756096
2014-03-07 11,27.204834,1.3032146,111.78862,56.09756
2014-03-07 12,26.137981,0.8095629,100.10162,56.09756
2014-03-07 13,25.264284,1.7376195,96.544716,51.52439
2014-03-07 14,24.893314,1.7376195,97.560974,41.158535
2014-03-07 15,24.359886,1.7376195,90.955284,39.939026
2014-03-07 16,25.348001,1.7376195,94.00407,40.853657
2014-03-07 17,23.648647,1.520417,99.085365,42.987804
2014-03-07 18,25.071123,2.1720243,125.50813,54.57317
2014-03-07 19,26.671406,1.7376195,197.15446,89.939026
2014-03-07 20,27.204834,2.8236315,209.3496,85.060974
2014-03-07 21,23.826458,1.7376195,195.12195,82.01219
2014-03-07 22,21.870554,1.7376195,188.00813,71.03658
2014-03-07 23,20.625889,1.7376195,170.22357,65.85366
2014-03-08 00,25.359585,1.7376195,154.47154,58.536587
2014-03-08 01,17.78094,1.7376195,128.04878,57.621952
2014-03-08 02,17.60313,1.7376195,129.57317,47.560974
2014-03-08 03,16.891891,1.7376195,117.37805,52.134148
2014-03-08 04,25.320555,1.7376195,112.296745,47.256096
2014-03-08 05,16.891891,2.1720243,104.166664,41.01666
2014-03-08 06,18.314367,1.7376195,121.72995,50.914635
2014-03-08 07,21.692745,1.7376195,88.922775,42.378048
2014-03-08 08,25.96017,2.1720243,100.10162,42.378048
2014-03-08 09,25.284874,3.040834,119.41057,43.59756
2014-03-08 10,28.449503,1.9548218,150.91463,40.243904
2014-03-08 11,28.093882,1.7376195,124.1523,48.17073
2014-03-08 12,29.16074,1.7376195,144.81708,48.47561
2014-03-08 13,28.62731,0.7869685,145.32521,45.121952
2014-03-08 14,27.738264,1.7376195,126.52439,40.548782
2014-03-08 15,26.849218,1.7376195,148.88211,40.61724
2014-03-08 16,25.56463,1.7376195,123.47561,50.609756
2014-03-08 17,24.537695,1.9548218,145.83333,42.682926
2014-03-08 18,25.96017,1.7376195,140.2439,45.73171
2014-03-08 19,28.62731,1.7376195,218.49594,75.60976
2014-03-08 20,27.204834,1.7376195,174.28862,80.48781
2014-03-08 21,24.004267,0.79689294,163.10976,70.42683
2014-03-08 22,21.514936,1.7376195,152.94716,76.52439
2014-03-08 23,25.502165,1.7376195,151.9309,71.95122
2014-03-09 00,19.736841,0.80284184,136.687,57.012196
2014-03-09 01,17.78094,3.475239,119.9187,50.30488
2014-03-09 02,25.104216,1.7376195,111.78862,47.865852
2014-03-09 03,16.714083,0.79944515,115.34553,45.42683
2014-03-09 04,16.891891,1.520417,122.787636,47.256096
2014-03-09 05,16.714083,0.8063058,106.19919,48.47561
2014-03-09 06,17.24751,1.7376195,87.9065,46.036587
2014-03-09 07,18.136559,1.7376195,84.349594,35.67073
2014-03-09 08,21.870554,1.7376195,89.939026,39.02439
2014-03-09 09,27.027029,1.7376195,102.64227,42.378048
2014-03-09 10,29.694168,1.7376195,146.84958,58.23171
2014-03-09 11,29.16074,1.7376195,157.0122,56.707317
2014-03-09 12,28.449503,1.7376195,156.50406,57.317074
2014-03-09 13,28.271692,1.7376195,110.26423,49.390244
2014-03-09 14,28.093882,1.7376195,113.82114,45.73171
2014-03-09 15,26.31579,1.520417,122.95905,41.30813
2014-03-09 16,24.359886,1.7376195,107.21545,47.560974
2014-03-09 17,23.826458,1.7376195,101.626015,51.82927
2014-03-09 18,24.359886,1.7376195,119.9187,51.52439
2014-03-09 19,26.671406,1.9548218,167.68292,65.54878
2014-03-09 20,27.738264,1.7376195,128.11731,79.268295
2014-03-09 21,25.071123,1.7376195,165.6504,70.12195
2014-03-09 22,22.759602,1.7376195,151.42276,41.32285
2014-03-09 23,20.44808,1.7376195,143.29268,59.756096
2014-03-10 00,18.492176,1.7376195,134.14635,50.30488
2014-03-10 01,17.42532,1.7376195,123.579575,46.341465
2014-03-10 02,16.891891,1.7376195,98.06911,46.951218
2014-03-10 03,17.069702,1.520417,102.64227,47.865852
2014-03-10 04,16.891891,1.7376195,91.97154,45.121952
2014-03-10 05,25.387629,1.7376195,97.05285,49.390244
2014-03-10 06,19.559032,1.7376195,84.349594,50.0
2014-03-10 07,29.516361,1.7376195,103.65854,46.951218
2014-03-10 08,28.271692,1.7376195,102.64227,45.42683
2014-03-10 09,27.027029,1.7376195,95.52846,39.02439
2014-03-10 10,25.96017,0.80391175,100.60975,42.378048
2014-03-10 11,25.604553,1.3032146,102.13415,39.634148
2014-03-10 12,24.004267,1.3032146,111.78862,46.646343
2014-03-10 13,25.248934,0.8083007,100.60975,37.19512
2014-03-10 14,24.359886,1.3032146,92.479675,34.451218
2014-03-10 15,23.826458,1.520417,90.955284,39.02439
2014-03-10 16,23.29303,1.7376195,121.78424,38.414635
2014-03-10 17,24.359886,1.7376195,98.57723,40.548782
2014-03-10 18,26.137981,2.1720243,123.47561,48.780487
2014-03-10 19,28.271692,1.7376195,193.59756,41.510696
2014-03-10 20,27.560457,1.7376195,199.69514,73.17073
2014-03-10 21,25.782362,1.7376195,170.7317,68.597565
2014-03-10 22,23.11522,0.80181354,163.61789,65.85366
2014-03-10 23,20.803698,1.7376195,153.45529,61.280487
2014-03-11 00,18.669987,1.7376195,137.70325,49.69512
2014-03-11 01,25.5155,1.7376195,107.21545,47.865852
2014-03-11 02,13.157895,1.7376195,96.03658,41.16467
2014-03-11 03,16.891891,1.7376195,91.46342,52.134148
2014-03-11 04,17.24751,1.7376195,91.46342,52.743904
2014-03-11 05,17.24751,1.7376195,90.44715,51.82927
2014-03-11 06,20.44808,1.7376195,77.23577,48.780487
2014-03-11 07,29.516361,1.7376195,95.02032,43.292683
2014-03-11 08,28.449503,1.7376195,123.0854,40.853657
2014-03-11 09,27.204834,1.7376195,101.11789,36.890244
2014-03-11 10,24.359886,1.520417,105.69106,35.97561
2014-03-11 11,25.071123,1.520417,124.14472,43.90244
2014-03-11 12,25.071123,1.3032146,99.5935,39.32927
2014-03-11 13,24.537695,1.7376195,89.4309,30.182926
2014-03-11 14,24.359886,1.7376195,86.38211,40.765076
2014-03-11 15,23.11522,1.7376195,108.73984,41.463413
2014-03-11 16,23.826458,0.81467056,89.939026,40.153187
2014-03-11 17,23.648647,1.7376195,119.41057,39.634148
2014-03-11 18,27.560457,2.1720243,120.93496,47.865852
2014-03-11 19,30.049786,1.7376195,193.08943,66.46342
2014-03-11 20,28.093882,1.7376195,201.72765,41.249397
2014-03-11 21,26.493599,1.7376195,184.95935,67.98781
2014-03-11 22,23.29303,1.7376195,175.813,70.42683
2014-03-11 23,20.981508,1.7376195,156.50406,62.80488
2014-03-12 00,18.847795,1.7376195,122.43196,53.658535
2014-03-12 01,17.60313,0.8075257,111.78862,48.780487
2014-03-12 02,17.42532,1.520417,102.13415,46.341465
2014-03-12 03,16.714083,1.7376195,104.166664,46.036587
2014-03-12 04,25.226492,1.7376195,98.06911,50.30488
2014-03-12 05,17.42532,1.7376195,105.69106,53.353657
2014-03-12 06,20.27027,1.7376195,83.84146,46.341465
2014-03-12 07,30.049786,1.7376195,99.085365,46.646343
2014-03-12 08,29.338549,0.82046753,95.52846,49.69512
2014-03-12 09,25.536568,1.7376195,96.544716,48.17073
2014-03-12 10,25.071123,1.520417,100.10162,46.951218
2014-03-12 11,25.604553,1.520417,91.97154,36.280487
2014-03-12 12,25.782362,1.520417,94.00407,47.560974
2014-03-12 13,24.359886,1.7376195,84.349594,35.365852
2014-03-12 14,24.182077,1.520417,89.939026,38.109756
2014-03-12 15,25.206612,1.520417,83.84146,40.524887
2014-03-12 16,24.182077,1.7376195,101.11789,39.939026
2014-03-12 17,25.316116,2.1720243,110.26423,43.292683
2014-03-12 18,25.426743,2.606429,123.58408,50.0
2014-03-12 19,28.449503,1.7376195,202.7439,71.64634
2014-03-12 20,28.093882,1.7376195,194.1057,76.21951
2014-03-12 21,25.41905,1.7376195,167.68292,41.9056
2014-03-12 22,22.759602,1.7376195,168.69919,63.414635
2014-03-12 23,20.803698,1.7376195,142.27643,59.146343
2014-03-13 00,18.669987,1.7376195,124.027115,53.048782
2014-03-13 01,17.42532,1.7376195,107.72358,49.085365
2014-03-13 02,17.069702,1.7376195,111.78862,44.817074
2014-03-13 03,25.245598,1.7376195,105.18294,40.97704
2014-03-13 04,25.47347,1.7376195,102.64227,44.207317
2014-03-13 05,17.069702,1.7376195,98.57723,50.0
2014-03-13 06,25.26917,1.7376195,80.79269,46.341465
2014-03-13 07,29.871977,1.7376195,98.06911,44.207317
2014-03-13 08,28.982933,1.7376195,98.57723,41.76829
2014-03-13 09,26.849218,0.7960416,99.5935,43.59756
2014-03-13 10,25.426743,0.8090425,97.560974,41.76829
2014-03-13 11,25.96017,1.7376195,97.560974,38.109756
2014-03-13 12,25.96017,1.7376195,123.3838,39.939026
2014-03-13 13,26.849218,1.7376195,121.75017,27.134146
2014-03-13 14,25.071123,0.80977696,82.31707,40.467133
2014-03-13 15,25.297297,1.520417,89.4309,33.841465
2014-03-13 16,24.182077,1.7376195,80.79269,33.23171
2014-03-13 17,24.182077,1.7376195,124.23339,40.75265
2014-03-13 18,26.493599,1.520417,117.37805,45.121952
2014-03-13 19,27.916075,1.7376195,189.53253,73.47561
2014-03-13 20,28.449503,1.9548218,124.07412,41.210785
2014-03-13 21,25.426743,1.7376195,168.19107,69.51219
2014-03-13 22,22.93741,1.7376195,165.6504,72.256096
2014-03-13 23,20.803698,1.7376195,153.96341,40.85589
2014-03-14 00,19.025604,1.7376195,141.7683,46.341465
2014-03-14 01,17.42532,1.7376195,110.26423,41.31838
2014-03-14 02,25.371859,1.7376195,100.60975,46.341465
2014-03-14 03,16.536274,1.7376195,103.65854,44.817074
2014-03-14 04,17.24751,1.7376195,97.560974,43.90244
2014-03-14 05,17.24751,0.7932655,101.11789,40.215084
2014-03-14 06,20.803698,1.7376195,83.333336,34.756096
2014-03-14 07,30.405405,1.7376195,103.65854,39.02439
2014-03-14 08,28.982933,0.79865724,107.21545,39.634148
2014-03-14 09,28.271692,0.86880976,102.13415,38.109756
2014-03-14 10,26.493599,1.3032146,117.88618,42.987804
2014-03-14 11,27.916075,1.3032146,111.78862,40.225418
2014-03-14 12,26.849218,1.3032146,113.31301,47.560974
2014-03-14 13,25.604553,1.7376195,110.772354,39.32927
2014-03-14 14,25.426743,1.7376195,101.11789,40.853657
2014-03-14 15,25.59914,1.7376195,122.4507,47.256096
2014-03-14 16,24.537695,1.7376195,124.66569,45.73171
2014-03-14 17,25.245531,1.520417,111.78862,51.219513
2014-03-14 18,25.426743,0.8112755,125.50813,58.841465
2014-03-14 19,27.916075,1.7376195,123.679985,41.33577
2014-03-14 20,25.263176,2.8236315,194.61382,71.64634
2014-03-14 21,25.380264,1.7376195,177.3374,66.15854
2014-03-14 22,22.403982,1.7376195,162.09349,69.81707
2014-03-14 23,20.803698,1.7376195,150.40651,65.85366
2014-03-15 00,19.559032,1.7376195,136.687,55.792683
2014-03-15 01,18.136559,0.8121803,112.80488,47.256096
2014-03-15 02,17.60313,1.7376195,113.31301,40.931313
2014-03-15 03,16.891891,1.7376195,106.70731,43.90244
2014-03-15 04,17.24751,1.7376195,97.05285,42.682926
2014-03-15 05,17.60313,2.1720243,97.560974,41.76829
2014-03-15 06,20.625889,1.7376195,77.743904,40.640137
2014-03-15 07,21.514936,1.7376195,86.89024,40.34284
2014-03-15 08,25.512468,2.1720243,108.73984,34.146343
2014-03-15 09,29.871977,3.040834,117.88618,30.792683
2014-03-15 10,29.871977,1.9548218,139.22765,32.92683
2014-03-15 11,30.227596,0.7804906,139.73578,28.658537
2014-03-15 12,30.583214,1.7376195,140.75203,30.792683
2014-03-15 13,29.694168,1.7376195,130.58943,34.451218
2014-03-15 14,27.916075,0.79000086,117.37805,37.5
2014-03-15 15,25.370913,1.7376195,133.63821,47.560974
2014-03-15 16,26.849218,1.7376195,127.03253,41.76829
2014-03-15 17,27.738264,1.9548218,123.47561,38.719513
2014-03-15 18,29.516361,1.7376195,135.67073,47.560974
2014-03-15 19,29.16074,0.79151976,199.187,69.81707
2014-03-15 20,28.62731,1.7376195,190.54878,92.68293
2014-03-15 21,24.893314,1.7376195,129.62054,90.54878
2014-03-15 22,22.581793,1.7376195,155.99594,85.67073
2014-03-15 23,21.692745,1.7376195,160.06097,73.17073
2014-03-16 00,20.44808,1.7376195,142.78455,64.02439
2014-03-16 01,18.847795,3.475239,117.88618,58.536587
2014-03-16 02,25.374374,1.7376195,105.69106,53.048782
2014-03-16 03,16.891891,1.520417,92.479675,50.609756
2014-03-16 04,17.24751,1.520417,94.51219,52.743904
2014-03-16 05,17.60313,1.7376195,95.52846,50.609756
2014-03-16 06,19.025604,1.7376195,122.23425,43.292683
2014-03-16 07,20.27027,0.79282975,75.71138,28.353659
2014-03-16 08,24.893314,1.7376195,90.955284,30.182926
2014-03-16 09,30.049786,1.7376195,107.72358,35.365852
2014-03-16 10,30.405405,1.7376195,149.89838,31.09756
2014-03-16 11,31.294453,1.7376195,168.19107,36.280487
2014-03-16 12,32.36131,1.7376195,165.6504,39.02439
2014-03-16 13,30.583214,1.7376195,125.50813,35.67073
2014-03-16 14,28.093882,1.7376195,117.37805,35.67073
2014-03-16 15,25.178724,1.520417,106.70731,36.585365
2014-03-16 16,26.31579,1.7376195,90.955284,32.92683
2014-03-16 17,27.204834,1.7376195,122.3185,38.109756
2014-03-16 18,30.227596,1.7376195,118.902435,54.26829
2014-03-16 19,29.16074,1.9548218,165.6504,68.597565
2014-03-16 20,27.382647,1.7376195,126.680504,72.86585
2014-03-16 21,26.31579,1.7376195,158.53659,67.98781
2014-03-16 22,23.29303,1.7376195,136.687,73.47561
2014-03-16 23,22.048365,1.7376195,130.58943,63.719513
2014-03-17 00,20.44808,1.7376195,126.01626,53.963413
2014-03-17 01,18.847795,1.7376195,106.70731,53.963413
2014-03-17 02,18.314367,1.7376195,98.06911,52.743904
2014-03-17 03,17.60313,1.520417,101.626015,50.914635
2014-03-17 04,18.314367,1.7376195,96.03658,53.353657
2014-03-17 05,18.492176,1.7376195,98.57723,40.232635
2014-03-17 06,25.125538,1.7376195,82.31707,40.37186
2014-03-17 07,32.1835,1.7376195,97.05285,38.719513
2014-03-17 08,30.227596,1.7376195,93.49593,40.27808
2014-03-17 09,27.738264,1.7376195,121.97419,38.719513
2014-03-17 10,26.849218,1.7376195,101.626015,37.19512
2014-03-17 11,28.80512,1.3032146,91.97154,38.109756
2014-03-17 12,28.449503,1.3032146,77.743904,37.5
2014-03-17 13,25.782362,1.520417,87.39838,33.23171
2014-03-17 14,25.782362,1.3032146,82.8252,34.451218
2014-03-17 15,24.715506,1.520417,74.69512,38.719513
2014-03-17 16,24.359886,1.7376195,95.52846,33.23171
2014-03-17 17,24.182077,1.7376195,94.00407,39.02439
2014-03-17 18,26.31579,2.1720243,110.26423,43.59756
2014-03-17 19,28.449503,1.7376195,183.43495,63.414635
2014-03-17 20,27.204834,1.7376195,185.46748,41.17318
2014-03-17 21,26.137981,1.7376195,181.40244,76.21951
2014-03-17 22,23.29303,0.8078379,166.66667,73.78049
2014-03-17 23,21.159317,0.81875044,152.94716,70.42683
2014-03-18 00,19.381224,1.7376195,135.1626,59.451218
2014-03-18 01,17.78094,1.7376195,124.29566,52.439026
2014-03-18 02,17.78094,1.7376195,102.64227,50.914635
2014-03-18 03,17.24751,0.8000977,102.13415,48.17073
2014-03-18 04,17.78094,1.7376195,100.60975,50.0
2014-03-18 05,18.136559,1.7376195,93.49593,50.914635
2014-03-18 06,25.399776,1.7376195,82.31707,48.780487
2014-03-18 07,31.294453,1.7376195,98.57723,50.30488
2014-03-18 08,25.467651,1.7376195,89.939026,49.390244
2014-03-18 09,26.493599,1.7376195,95.52846,39.02439
2014-03-18 10,25.604553,1.520417,111.78862,32.92683
2014-03-18 11,26.31579,1.520417,120.45605,31.09756
2014-03-18 12,25.071123,0.78660655,121.51716,37.80488
2014-03-18 13,24.004267,1.7376195,98.57723,32.317074
2014-03-18 14,24.004267,1.7376195,96.544716,27.439024
2014-03-18 15,22.93741,1.7376195,86.38211,39.634148
2014-03-18 16,23.826458,1.7376195,122.1443,44.207317
2014-03-18 17,26.493599,1.7376195,101.626015,41.158535
2014-03-18 18,27.916075,2.1720243,126.01626,42.987804
2014-03-18 19,28.982933,1.7376195,190.54878,63.109756
2014-03-18 20,25.396963,1.7376195,193.59756,41.64672
2014-03-18 21,26.849218,1.7376195,172.76422,67.68293
2014-03-18 22,23.826458,1.7376195,154.97968,63.719513
2014-03-18 23,21.870554,1.7376195,155.48781,57.621952
2014-03-19 00,19.559032,1.7376195,137.19513,50.0
2014-03-19 01,18.314367,1.7376195,116.361786,48.17073
2014-03-19 02,17.78094,1.520417,113.82114,50.0
2014-03-19 03,17.24751,1.7376195,105.69106,40.62998
2014-03-19 04,17.78094,1.7376195,105.69106,45.42683
2014-03-19 05,18.314367,1.7376195,123.75749,53.658535
2014-03-19 06,23.29303,1.7376195,83.333336,40.119804
2014-03-19 07,32.716927,1.7376195,100.10162,44.817074
2014-03-19 08,32.894737,1.7376195,102.64227,44.207317
2014-03-19 09,28.271692,1.7376195,96.544716,40.05044
2014-03-19 10,26.849218,1.520417,103.150406,33.23171
2014-03-19 11,28.271692,1.520417,99.085365,39.02439
2014-03-19 12,25.96017,1.520417,122.18315,38.109756
2014-03-19 13,25.248934,1.7376195,99.5935,36.890244
2014-03-19 14,25.071123,1.520417,92.479675,35.365852
2014-03-19 15,24.182077,1.520417,115.85366,36.585365
2014-03-19 16,27.382647,1.7376195,111.28048,32.317074
2014-03-19 17,27.738264,2.1720243,123.47561,34.451218
2014-03-19 18,27.027029,0.796576,156.50406,45.42683
2014-03-19 19,28.80512,1.7376195,195.63008,65.243904
2014-03-19 20,27.204834,1.7376195,199.69514,68.29269
2014-03-19 21,25.96017,1.7376195,172.2561,65.243904
2014-03-19 22,23.470839,1.7376195,161.58537,70.42683
2014-03-19 23,21.692745,1.7376195,150.91463,59.451218
2014-03-20 00,19.559032,1.7376195,134.14635,53.048782
2014-03-20 01,18.136559,1.7376195,109.756096,47.256096
2014-03-20 02,17.78094,1.7376195,102.64227,40.59801
2014-03-20 03,17.069702,1.7376195,95.02032,44.512196
2014-03-20 04,17.78094,1.7376195,97.560974,46.341465
2014-03-20 05,18.136559,1.7376195,92.98781,43.90244
2014-03-20 06,22.93741,1.7376195,83.84146,35.67073
2014-03-20 07,31.650072,1.7376195,99.085365,36.585365
2014-03-20 08,29.516361,1.7376195,104.166664,40.853657
2014-03-20 09,28.093882,1.9548218,99.085365,40.375202
2014-03-20 10,25.203629,1.7376195,106.70731,44.512196
2014-03-20 11,26.671406,1.7376195,98.06911,37.80488
2014-03-20 12,26.137981,1.7376195,101.11789,32.621952
2014-03-20 13,25.426743,1.7376195,108.73984,36.585365
2014-03-20 14,24.359886,0.80236465,101.11789,36.280487
2014-03-20 15,23.29303,1.520417,107.21545,42.987804
2014-03-20 16,22.93741,1.7376195,96.544716,42.378048
2014-03-20 17,25.604553,1.7376195,118.902435,35.060974
2014-03-20 18,27.204834,1.520417,137.70325,43.292683
2014-03-20 19,29.516361,1.7376195,203.76016,66.768295
2014-03-20 20,28.271692,1.9548218,214.93903,77.439026
2014-03-20 21,27.027029,1.7376195,198.17073,75.914635
2014-03-20 22,25.071123,1.7376195,164.12602,40.88387
2014-03-20 23,22.226173,1.7376195,122.8598,56.40244
2014-03-21 00,20.09246,1.7376195,130.58943,49.390244
2014-03-21 01,19.025604,1.7376195,111.78862,48.17073
2014-03-21 02,17.78094,1.7376195,106.70731,45.42683
2014-03-21 03,17.24751,1.7376195,105.18294,44.817074
2014-03-21 04,17.60313,1.7376195,120.811066,39.634148
2014-03-21 05,17.78094,1.7376195,101.626015,49.69512
2014-03-21 06,22.93741,1.7376195,83.84146,38.719513
2014-03-21 07,25.15115,1.7376195,101.11789,42.07317
2014-03-21 08,28.62731,1.7376195,98.57723,48.47561
2014-03-21 09,26.671406,0.86880976,108.231705,49.390244
2014-03-21 10,25.282623,1.3032146,115.85366,54.878048
2014-03-21 11,25.604553,1.3032146,104.6748,52.439026
2014-03-21 12,24.715506,1.3032146,104.166664,47.865852
2014-03-21 13,23.648647,0.79924196,99.085365,46.341465
2014-03-21 14,24.182077,1.7376195,91.46342,49.390244
2014-03-21 15,22.581793,0.8040166,105.18294,60.060974
2014-03-21 16,22.226173,1.7376195,105.69106,54.26829
2014-03-21 17,22.759602,1.520417,106.19919,56.09756
2014-03-21 18,23.826458,2.1720243,143.29268,56.40244
2014-03-21 19,25.342043,1.7376195,187.5,73.47561
2014-03-21 20,25.604553,2.8236315,201.72765,79.57317
2014-03-21 21,25.320658,1.7376195,179.87805,78.65854
2014-03-21 22,21.870554,1.7376195,167.68292,41.23806
2014-03-21 23,20.44808,1.7376195,168.19107,41.726425
2014-03-22 00,19.381224,1.7376195,151.9309,60.97561
2014-03-22 01,17.78094,1.7376195,118.902435,52.439026
2014-03-22 02,17.60313,1.7376195,106.19919,46.646343
2014-03-22 03,17.069702,1.7376195,107.21545,46.036587
2014-03-22 04,17.24751,1.7376195,108.73984,47.560974
2014-03-22 05,17.60313,2.1720243,123.29356,49.085365
2014-03-22 06,19.203413,1.7376195,73.17074,45.121952
2014-03-22 07,21.514936,1.7376195,83.84146,48.17073
2014-03-22 08,26.31579,2.1720243,105.18294,47.865852
2014-03-22 09,29.694168,3.040834,116.361786,50.609756
2014-03-22 10,28.449503,1.9548218,155.48781,51.82927
2014-03-22 11,28.093882,1.7376195,156.50406,42.378048
2014-03-22 12,28.093882,0.79398805,144.30894,37.19512
2014-03-22 13,27.382647,1.7376195,124.03537,40.548782
2014-03-22 14,27.027029,1.7376195,139.73578,47.560974
2014-03-22 15,25.96017,1.7376195,123.01454,48.17073
2014-03-22 16,24.004267,1.7376195,139.22765,51.219513
2014-03-22 17,24.182077,1.9548218,157.52031,45.73171
2014-03-22 18,24.715506,1.7376195,142.78455,40.88603
2014-03-22 19,27.027029,1.7376195,221.03659,67.68293
2014-03-22 20,26.849218,1.7376195,214.4309,73.47561
2014-03-22 21,25.578846,1.7376195,182.4187,42.0661
2014-03-22 22,22.403982,1.7376195,175.813,71.95122
2014-03-22 23,20.625889,1.7376195,171.23984,75.914635
2014-03-23 00,19.203413,1.7376195,151.42276,62.19512
2014-03-23 01,18.314367,3.475239,119.9187,40.905277
2014-03-23 02,17.78094,1.7376195,114.32927,50.0
2014-03-23 03,16.891891,1.520417,120.576965,44.817074
2014-03-23 04,17.24751,1.520417,105.18294,45.42683
2014-03-23 05,17.42532,1.7376195,104.6748,46.646343
2014-03-23 06,18.669987,1.7376195,123.426956,50.30488
2014-03-23 07,19.559032,1.7376195,78.25203,40.243904
2014-03-23 08,23.29303,1.7376195,93.49593,39.939026
2014-03-23 09,27.382647,1.7376195,123.998474,39.32927
2014-03-23 10,30.405405,1.7376195,137.19513,42.378048
2014-03-23 11,28.982933,1.7376195,160.06097,41.00432
2014-03-23 12,29.16074,1.7376195,161.07724,54.26829
2014-03-23 13,28.62731,1.7376195,128.55692,58.841465
2014-03-23 14,26.671406,1.7376195,114.837395,54.57317
2014-03-23 15,25.27549,1.520417,113.82114,40.188232
2014-03-23 16,24.893314,0.81165487,109.24797,48.47561
2014-03-23 17,24.715506,1.7376195,114.32927,52.743904
2014-03-23 18,25.071123,1.7376195,125.50813,59.451218
2014-03-23 19,27.916075,1.9548218,184.95935,71.34146
2014-03-23 20,28.982933,1.7376195,211.89023,74.39024
2014-03-23 21,27.027029,1.7376195,187.5,73.17073
2014-03-23 22,23.648647,1.7376195,168.69919,67.37805
2014-03-23 23,21.337126,1.7376195,154.97968,63.414635
2014-03-24 00,19.203413,1.7376195,123.13001,41.061146
2014-03-24 01,17.958748,1.7376195,111.28048,49.69512
2014-03-24 02,17.60313,0.7971602,105.18294,50.0
2014-03-24 03,17.24751,1.520417,98.06911,40.785965
2014-03-24 04,17.42532,1.7376195,100.10162,45.42683
2014-03-24 05,17.78094,1.7376195,97.560974,52.743904
2014-03-24 06,21.870554,1.7376195,76.21951,47.865852
2014-03-24 07,30.938833,0.82213795,102.13415,52.134148
2014-03-24 08,28.449503,1.7376195,100.10162,48.780487
2014-03-24 09,26.493599,1.7376195,99.5935,55.487804
2014-03-24 10,23.29303,1.7376195,117.37805,66.46342
2014-03-24 11,24.359886,1.3032146,115.85366,67.37805
2014-03-24 12,24.359886,1.3032146,101.626015,60.365852
2014-03-24 13,26.493599,0.8234166,96.544716,50.914635
2014-03-24 14,26.31579,1.3032146,86.38211,60.97561
2014-03-24 15,24.182077,0.882328,86.89024,73.78049
2014-03-24 16,22.226173,1.7376195,97.560974,64.02439
2014-03-24 17,22.581793,1.7376195,110.772354,63.719513
2014-03-24 18,24.893314,2.1720243,128.27856,73.17073
2014-03-24 19,27.738264,1.7376195,207.31708,41.53509
2014-03-24 20,27.027029,0.8058326,219.51219,88.71951
2014-03-24 21,26.849218,1.7376195,183.94308,86.585365
2014-03-24 22,23.29303,0.8262125,125.506454,82.31707
2014-03-24 23,20.625889,1.7376195,149.89838,86.89024
2014-03-25 00,25.458992,1.7376195,135.1626,67.98781
2014-03-25 01,17.78094,1.7376195,110.26423,57.92683
2014-03-25 02,17.42532,0.82238585,104.166664,57.621952
2014-03-25 03,16.891891,0.8084006,121.366714,60.97561
2014-03-25 04,17.24751,1.7376195,124.16331,57.317074
2014-03-25 05,17.958748,1.7376195,102.64227,54.878048
2014-03-25 06,21.514936,1.7376195,81.808945,51.82927
2014-03-25 07,29.338549,1.7376195,111.28048,53.353657
2014-03-25 08,25.233019,1.7376195,100.10162,53.658535
2014-03-25 09,25.604553,1.7376195,108.73984,49.390244
2014-03-25 10,25.071123,1.520417,124.82767,52.439026
2014-03-25 11,24.715506,1.520417,111.28048,40.8157
2014-03-25 12,23.826458,0.8172889,107.72358,40.325386
2014-03-25 13,24.715506,1.7376195,103.150406,58.23171
2014-03-25 14,23.648647,0.80305785,101.626015,40.16898
2014-03-25 15,22.048365,1.7376195,112.80488,62.19512
2014-03-25 16,21.337126,1.7376195,102.13415,70.12195
2014-03-25 17,21.692745,1.7376195,112.80488,63.414635
2014-03-25 18,24.893314,2.1720243,150.91463,65.243904
2014-03-25 19,27.738264,1.7376195,222.05284,78.04878
2014-03-25 20,30.227596,1.7376195,230.18292,89.32927
2014-03-25 21,26.137981,1.7376195,193.59756,81.097565
2014-03-25 22,23.29303,1.7376195,166.66667,85.36585
2014-03-25 23,20.981508,1.7376195,126.19167,82.31707
2014-03-26 00,19.025604,1.7376195,140.75203,72.86585
2014-03-26 01,17.24751,1.7376195,112.80488,40.597572
2014-03-26 02,17.069702,0.79667825,123.52394,58.841465
2014-03-26 03,16.714083,1.7376195,108.231705,65.54878
2014-03-26 04,17.24751,0.79570985,106.70731,53.048782
2014-03-26 05,17.24751,1.7376195,106.70731,64.32927
2014-03-26 06,20.803698,1.7376195,82.31707,56.40244
2014-03-26 07,29.871977,0.81887,106.19919,61.890244
2014-03-26 08,27.738264,1.7376195,112.296745,52.439026
2014-03-26 09,26.493599,1.7376195,102.13415,47.256096
2014-03-26 10,23.470839,1.520417,127.54066,46.646343
2014-03-26 11,24.537695,0.79509085,121.4431,46.951218
2014-03-26 12,24.359886,1.520417,121.951225,41.200607
2014-03-26 13,24.359886,1.7376195,108.73984,51.52439
2014-03-26 14,25.071123,1.520417,102.13415,55.182926
2014-03-26 15,25.316462,1.520417,92.479675,54.878048
2014-03-26 16,22.581793,1.7376195,106.19919,57.92683
2014-03-26 17,22.226173,2.1720243,117.88618,60.67073
2014-03-26 18,25.248934,2.606429,151.42276,65.243904
2014-03-26 19,25.2004,1.7376195,129.62791,96.34146
2014-03-26 20,27.027029,1.7376195,226.62602,91.15854
2014-03-26 21,25.604553,1.7376195,204.2683,82.62195
2014-03-26 22,22.403982,1.7376195,127.60673,88.414635
2014-03-26 23,20.625889,1.7376195,163.61789,77.13415
2014-03-27 00,19.025604,1.7376195,135.67073,66.46342
2014-03-27 01,17.60313,1.7376195,118.39431,55.487804
2014-03-27 02,17.24751,1.7376195,112.80488,52.743904
2014-03-27 03,16.891891,0.80148655,108.73984,57.621952
2014-03-27 04,17.24751,1.7376195,106.19919,53.048782
2014-03-27 05,17.60313,1.7376195,104.6748,56.40244
2014-03-27 06,20.44808,1.7376195,77.743904,56.707317
2014-03-27 07,29.694168,1.7376195,105.69106,56.09756
2014-03-27 08,27.382647,1.7376195,111.28048,54.26829
2014-03-27 09,25.782362,1.9548218,124.84423,51.219513
2014-03-27 10,25.345577,1.7376195,129.06505,51.219513
2014-03-27 11,26.493599,1.7376195,114.837395,56.09756
2014-03-27 12,25.782362,1.7376195,126.52439,57.92683
2014-03-27 13,25.782362,1.7376195,115.85366,54.26829
2014-03-27 14,24.182077,1.520417,125.0058,58.23171
2014-03-27 15,22.93741,1.520417,99.085365,58.841465
2014-03-27 16,21.870554,1.7376195,113.31301,61.585365
2014-03-27 17,22.048365,1.7376195,118.902435,66.46342
2014-03-27 18,24.98948,1.520417,137.70325,78.04878
2014-03-27 19,27.382647,0.7665509,229.67479,41.428165
2014-03-27 20,28.80512,0.667096,159.14001,116.46342
2014-03-27 21,25.248934,0.80216026,196.64635,104.268295
2014-03-27 22,25.35063,1.7376195,178.35365,87.5
2014-03-27 23,20.27027,1.7376195,158.53659,41.127422
2014-03-28 00,25.302513,1.7376195,143.80081,66.46342
2014-03-28 01,17.42532,1.7376195,118.39431,64.32927
2014-03-28 02,16.891891,1.7376195,110.772354,41.031113
2014-03-28 03,16.536274,1.7376195,105.69106,63.719513
2014-03-28 04,25.378134,0.8006823,122.7456,57.621952
2014-03-28 05,17.069702,1.7376195,106.19919,61.280487
2014-03-28 06,20.09246,0.80638546,89.939026,54.878048
2014-03-28 07,29.516361,1.7376195,124.51091,59.756096
2014-03-28 08,27.738264,1.7376195,110.772354,55.182926
2014-03-28 09,26.849218,0.86880976,99.085365,55.792683
2014-03-28 10,24.893314,1.3032146,125.50813,61.280487
2014-03-28 11,25.44493,1.3032146,127.03253,58.841465
2014-03-28 12,25.426743,1.3032146,121.4431,62.5
2014-03-28 13,25.248934,1.7376195,111.28048,61.280487
2014-03-28 14,24.004267,1.7376195,124.93431,62.5
2014-03-28 15,22.93741,1.7376195,107.72358,55.487804
2014-03-28 16,22.581793,1.7376195,122.967476,66.768295
2014-03-28 17,24.893314,1.520417,129.06505,75.60976
2014-03-28 18,25.46204,2.1720243,145.32521,76.82927
2014-03-28 19,27.738264,0.81480044,220.52846,100.30488
2014-03-28 20,28.093882,2.8236315,230.18292,104.87805
2014-03-28 21,25.426743,1.7376195,213.92276,103.04878
2014-03-28 22,22.759602,1.7376195,186.99187,94.20731
2014-03-28 23,20.625889,1.7376195,167.17479,41.25167
2014-03-29 00,19.381224,0.8188711,152.43903,80.18293
2014-03-29 01,17.78094,1.7376195,124.1738,68.902435
2014-03-29 02,17.069702,1.7376195,120.42683,60.97561
2014-03-29 03,16.714083,1.7376195,116.86991,62.19512
2014-03-29 04,17.069702,1.7376195,109.756096,54.26829
2014-03-29 05,17.24751,2.1720243,107.21545,57.621952
2014-03-29 06,18.492176,1.7376195,71.64634,53.048782
2014-03-29 07,20.625889,1.7376195,92.479675,52.743904
2014-03-29 08,24.359886,2.1720243,100.60975,41.231705
2014-03-29 09,28.449503,3.040834,112.80488,60.365852
2014-03-29 10,28.62731,1.9548218,144.81708,58.536587
2014-03-29 11,27.916075,1.7376195,138.71951,49.69512
2014-03-29 12,28.982933,1.7376195,156.50406,49.69512
2014-03-29 13,25.188591,1.7376195,138.21138,44.512196
2014-03-29 14,26.671406,1.7376195,119.41057,54.878048
2014-03-29 15,25.782362,1.7376195,142.78455,53.048782
2014-03-29 16,24.537695,0.7866183,123.14135,40.293026
2014-03-29 17,24.537695,1.9548218,145.32521,46.951218
2014-03-29 18,24.893314,1.7376195,169.20732,41.290504
2014-03-29 19,26.31579,0.7860426,221.54471,69.20731
2014-03-29 20,26.137981,1.7376195,229.16667,92.37805
2014-03-29 21,24.182077,1.7376195,197.6626,92.68293
2014-03-29 22,22.759602,1.7376195,170.7317,85.97561
2014-03-29 23,25.45618,1.7376195,173.27235,75.914635
2014-03-30 00,20.09246,1.7376195,154.97968,68.902435
2014-03-30 01,0.0,0.0,0.0,0.0
2014-03-30 02,18.136559,0.0,126.01626,55.792683
2014-03-30 03,17.24751,1.520417,117.88618,58.841465
2014-03-30 04,16.714083,1.520417,111.78862,53.048782
2014-03-30 05,17.24751,1.7376195,109.24797,51.52439
2014-03-30 06,17.78094,1.7376195,103.150406,56.707317
2014-03-30 07,18.314367,0.8103192,91.97154,40.826874
2014-03-30 08,20.44808,1.7376195,86.89024,58.536587
2014-03-30 09,23.11522,1.7376195,101.11789,55.487804
2014-03-30 10,25.604553,1.7376195,118.39431,49.69512
2014-03-30 11,28.449503,1.7376195,185.97562,53.658535
2014-03-30 12,28.982933,1.7376195,193.08943,65.243904
2014-03-30 13,28.449503,0.80408436,152.43903,64.02439
2014-03-30 14,25.117643,1.7376195,133.63821,58.841465
2014-03-30 15,27.738264,1.520417,139.73578,63.109756
2014-03-30 16,23.648647,1.7376195,123.47561,56.707317
2014-03-30 17,23.648647,1.7376195,130.58943,49.085365
2014-03-30 18,22.93741,1.7376195,132.62195,53.353657
2014-03-30 19,25.604553,1.9548218,172.76422,71.03658
2014-03-30 20,28.982933,1.7376195,128.25227,73.47561
2014-03-30 21,26.493599,1.7376195,206.30081,83.84146
2014-03-30 22,23.11522,1.7376195,170.7317,80.48781
2014-03-30 23,22.048365,0.8137632,171.74797,78.35366
2014-03-31 00,25.276756,1.7376195,154.97968,61.585365
2014-03-31 01,17.78094,1.7376195,124.51569,60.365852
2014-03-31 02,16.891891,1.7376195,123.543846,56.09756
2014-03-31 03,16.536274,1.520417,107.21545,53.048782
2014-03-31 04,16.714083,1.7376195,109.24797,58.23171
2014-03-31 05,17.24751,1.7376195,109.24797,52.134148
2014-03-31 06,19.736841,1.7376195,111.78862,53.658535
2014-03-31 07,28.271692,0.8081715,108.231705,56.40244
2014-03-31 08,27.560457,1.7376195,112.296745,57.621952
2014-03-31 09,24.359886,1.7376195,101.11789,46.341465
2014-03-31 10,24.537695,1.7376195,107.72358,47.865852
2014-03-31 11,24.537695,0.8240499,100.10162,51.52439
2014-03-31 12,24.182077,1.3032146,108.73984,62.19512
2014-03-31 13,24.359886,1.520417,104.6748,55.182926
2014-03-31 14,23.29303,1.3032146,95.52846,55.792683
2014-03-31 15,21.514936,1.520417,97.560974,62.5
2014-03-31 16,21.514936,1.7376195,105.69106,58.23171
2014-03-31 17,22.403982,0.8109819,108.231705,56.707317
2014-03-31 18,24.359886,2.1720243,135.67073,64.32927
2014-03-31 19,25.782362,1.7376195,199.69514,67.98781
2014-03-31 20,25.375202,1.7376195,219.00406,79.57317
2014-03-31 21,25.505293,1.7376195,220.52846,89.63415
2014-03-31 22,23.29303,1.7376195,182.92683,41.09358
2014-03-31 23,21.514936,1.7376195,176.32114,82.31707
2014-04-01 00,19.203413,1.7376195,147.86586,66.15854
2014-04-01 01,17.78094,1.7376195,117.88618,41.316925
2014-04-01 02,16.891891,1.7376195,112.80488,60.060974
2014-04-01 03,16.536274,1.7376195,113.31301,57.012196
2014-04-01 04,16.536274,1.7376195,113.31301,59.451218
2014-04-01 05,17.069702,1.7376195,108.231705,54.26829
2014-04-01 06,19.559032,1.7376195,106.70731,55.182926
2014-04-01 07,27.027029,1.7376195,119.9187,40.230236
2014-04-01 08,27.204834,1.7376195,113.82114,56.707317
2014-04-01 09,24.537695,0.8101791,109.756096,55.182926
2014-04-01 10,23.826458,1.520417,121.4431,56.40244
2014-04-01 11,23.648647,1.520417,132.11382,56.09756
2014-04-01 12,23.29303,0.7931598,128.55692,40.68438
2014-04-01 13,24.004267,1.7376195,112.80488,40.989414
2014-04-01 14,23.470839,1.7376195,110.772354,56.40244
2014-04-01 15,21.692745,1.7376195,111.78862,68.29269
2014-04-01 16,21.870554,1.7376195,113.31301,72.256096
2014-04-01 17,22.581793,1.7376195,117.37805,76.82927
2014-04-01 18,24.182077,0.8163465,174.79675,80.48781
2014-04-01 19,27.560457,1.7376195,248.98373,82.31707
2014-04-01 20,28.093882,1.7376195,127.3384,88.414635
2014-04-01 21,27.027029,1.7376195,220.02032,91.46342
2014-04-01 22,23.470839,1.7376195,201.72765,91.15854
2014-04-01 23,21.514936,1.7376195,169.20732,80.79269
2014-04-02 00,19.381224,1.7376195,162.60162,67.07317
2014-04-02 01,17.78094,0.81835836,126.01626,70.42683
2014-04-02 02,17.069702,1.520417,116.86991,66.768295
2014-04-02 03,16.536274,1.7376195,114.32927,63.414635
2014-04-02 04,16.714083,1.7376195,112.296745,66.46342
2014-04-02 05,17.42532,1.7376195,111.78862,60.97561
2014-04-02 06,19.736841,1.7376195,105.18294,69.81707
2014-04-02 07,28.80512,1.7376195,104.166664,63.414635
2014-04-02 08,27.382647,1.7376195,107.21545,60.97561
2014-04-02 09,25.248934,1.7376195,110.26423,58.23171
2014-04-02 10,24.715506,1.520417,123.15722,50.914635
2014-04-02 11,25.071123,1.520417,117.88618,47.256096
2014-04-02 12,24.359886,1.520417,107.72358,46.646343
2014-04-02 13,25.596212,1.7376195,123.5058,45.121952
2014-04-02 14,24.004267,1.520417,123.27426,53.353657
2014-04-02 15,22.93741,1.520417,98.06911,55.487804
2014-04-02 16,22.581793,1.7376195,103.150406,46.646343
2014-04-02 17,22.403982,2.1720243,105.18294,53.658535
2014-04-02 18,24.893314,2.606429,131.6057,41.593124
2014-04-02 19,27.560457,1.7376195,125.34497,64.32927
2014-04-02 20,25.09559,1.7376195,125.278824,78.96342
2014-04-02 21,26.31579,1.7376195,200.20325,93.29269
2014-04-02 22,23.470839,1.7376195,126.65783,89.02439
2014-04-02 23,21.514936,1.7376195,170.22357,73.47561
2014-04-03 00,25.308279,1.7376195,121.80717,41.451
2014-04-03 01,17.60313,1.7376195,124.49187,67.68293
2014-04-03 02,25.29285,1.7376195,125.95206,62.19512
2014-04-03 03,16.536274,1.7376195,116.86991,57.317074
2014-04-03 04,16.536274,1.7376195,108.73984,62.19512
2014-04-03 05,17.069702,1.7376195,111.78862,55.792683
2014-04-03 06,19.736841,1.7376195,104.6748,60.060974
2014-04-03 07,28.271692,0.8251553,104.166664,57.317074
2014-04-03 08,27.027029,1.7376195,109.756096,58.23171
2014-04-03 09,25.071123,0.8158172,105.69106,59.146343
2014-04-03 10,24.537695,1.7376195,117.88618,58.841465
2014-04-03 11,24.715506,1.7376195,122.967476,51.52439
2014-04-03 12,24.182077,1.7376195,116.86991,52.439026
2014-04-03 13,24.537695,1.7376195,106.70731,44.512196
2014-04-03 14,25.180635,1.520417,104.166664,38.109756
2014-04-03 15,23.11522,1.520417,89.4309,50.0
2014-04-03 16,22.403982,1.7376195,109.756096,53.963413
2014-04-03 17,22.403982,0.8170879,102.64227,51.52439
2014-04-03 18,23.826458,1.520417,125.23641,57.317074
2014-04-03 19,27.560457,1.7376195,175.813,62.19512
2014-04-03 20,27.027029,1.9548218,195.12195,41.372135
2014-04-03 21,27.027029,1.7376195,213.92276,87.5
2014-04-03 22,23.470839,1.7376195,213.92276,87.19512
2014-04-03 23,21.514936,1.7376195,169.20732,80.48781
2014-04-04 00,19.381224,1.7376195,142.78455,63.414635
2014-04-04 01,17.60313,1.7376195,119.9187,54.26829
2014-04-04 02,16.714083,1.7376195,114.837395,45.73171
2014-04-04 03,16.180655,1.7376195,107.72358,48.780487
2014-04-04 04,16.536274,1.7376195,108.231705,54.26829
2014-04-04 05,17.069702,1.7376195,111.28048,51.52439
2014-04-04 06,19.559032,1.7376195,108.231705,56.40244
2014-04-04 07,25.141996,1.7376195,123.41291,58.841465
2014-04-04 08,27.738264,1.7376195,103.150406,60.67073
2014-04-04 09,24.537695,0.86880976,105.69106,59.146343
2014-04-04 10,23.826458,1.3032146,124.454124,57.621952
2014-04-04 11,24.715506,1.3032146,120.93496,40.712177
2014-04-04 12,24.359886,1.3032146,116.86991,60.67073
2014-04-04 13,24.182077,0.8057405,99.5935,55.182926
2014-04-04 14,23.826458,1.7376195,127.54066,58.536587
2014-04-04 15,22.403982,1.7376195,125.25355,65.85366
2014-04-04 16,21.692745,0.82318014,121.4431,67.07317
2014-04-04 17,22.581793,1.520417,127.54066,66.15854
2014-04-04 18,24.182077,2.1720243,144.30894,74.69512
2014-04-04 19,24.893314,0.8315587,189.02438,93.29269
2014-04-04 20,24.893314,0.82738346,210.87398,100.30488
2014-04-04 21,23.470839,0.756752,197.6626,108.231705
2014-04-04 22,22.226173,1.7376195,121.67857,40.802364
2014-04-04 23,20.625889,1.7376195,130.46524,102.13415
2014-04-05 00,19.203413,1.7376195,160.06097,87.19512
2014-04-05 01,17.78094,1.7376195,129.06505,82.31707
2014-04-05 02,17.069702,1.7376195,116.361786,41.47477
2014-04-05 03,16.891891,1.7376195,113.31301,71.95122
2014-04-05 04,16.714083,1.7376195,110.772354,68.597565
2014-04-05 05,17.069702,2.1720243,104.6748,59.451218
2014-04-05 06,17.60313,1.7376195,102.13415,58.841465
2014-04-05 07,19.559032,1.7376195,89.4309,45.73171
2014-04-05 08,23.11522,2.1720243,103.65854,44.512196
2014-04-05 09,26.137981,3.040834,139.73578,48.17073
2014-04-05 10,29.516361,1.9548218,164.63414,52.743904
2014-04-05 11,29.516361,1.7376195,166.66667,62.5
2014-04-05 12,27.560457,1.7376195,189.53253,41.72658
2014-04-05 13,29.516361,1.7376195,181.40244,63.414635
2014-04-05 14,28.271692,1.7376195,174.28862,67.07317
2014-04-05 15,26.31579,1.7376195,124.40057,40.72206
2014-04-05 16,24.893314,0.7977786,159.04471,69.81707
2014-04-05 17,24.715506,1.9548218,160.06097,72.86585
2014-04-05 18,24.715506,1.7376195,182.4187,76.21951
2014-04-05 19,26.137981,1.7376195,203.25203,63.719513
2014-04-05 20,27.738264,1.7376195,126.81625,74.39024
2014-04-05 21,25.467066,1.7376195,201.72765,91.15854
2014-04-05 22,25.45958,1.7376195,206.30081,87.19512
2014-04-05 23,21.337126,1.7376195,179.87805,88.10976
2014-04-06 00,20.27027,1.7376195,163.10976,76.21951
2014-04-06 01,25.536837,0.0,137.70325,61.585365
2014-04-06 02,17.24751,0.0,134.14635,57.012196
2014-04-06 03,17.24751,0.8026643,128.04878,59.756096
2014-04-06 04,16.891891,1.520417,123.3925,49.69512
2014-04-06 05,25.477188,1.7376195,107.72358,47.865852
2014-04-06 06,18.136559,1.7376195,104.6748,54.57317
2014-04-06 07,18.847795,1.7376195,123.259605,48.780487
2014-04-06 08,21.692745,1.7376195,95.02032,49.085365
2014-04-06 09,25.96017,1.7376195,110.26423,47.865852
2014-04-06 10,30.049786,1.7376195,146.34148,54.57317
2014-04-06 11,28.982933,1.7376195,181.40244,66.15854
2014-04-06 12,30.583214,1.7376195,175.813,65.85366
2014-04-06 13,29.871977,1.7376195,157.0122,64.02439
2014-04-06 14,27.916075,1.7376195,146.34148,49.390244
2014-04-06 15,25.434574,1.520417,121.951225,42.987804
2014-04-06 16,25.248934,1.7376195,111.78862,39.32927
2014-04-06 17,24.182077,1.7376195,119.41057,40.628605
2014-04-06 18,25.248934,1.7376195,114.32927,42.682926
2014-04-06 19,25.249538,1.9548218,148.88211,51.82927
2014-04-06 20,29.16074,1.7376195,185.46748,59.451218
2014-04-06 21,26.849218,1.7376195,192.5813,82.92683
2014-04-06 22,23.29303,0.8121815,188.51627,72.86585
2014-04-06 23,21.692745,1.7376195,165.14227,70.731705
2014-04-07 00,20.09246,1.7376195,139.22765,40.755024
2014-04-07 01,17.78094,1.7376195,124.31578,53.048782
2014-04-07 02,17.069702,1.7376195,110.772354,50.609756
2014-04-07 03,16.536274,0.812046,111.28048,49.69512
2014-04-07 04,16.536274,1.7376195,104.166664,51.82927
2014-04-07 05,17.069702,1.7376195,112.80488,53.658535
2014-04-07 06,19.025604,1.7376195,96.03658,50.0
2014-04-07 07,27.027029,1.7376195,92.98781,44.512196
2014-04-07 08,28.982933,1.7376195,102.64227,42.682926
2014-04-07 09,27.916075,1.7376195,102.13415,44.512196
2014-04-07 10,27.738264,1.7376195,113.31301,40.09741
2014-04-07 11,27.382647,1.3032146,111.78862,40.927765
2014-04-07 12,25.49579,1.3032146,118.39431,40.43141
2014-04-07 13,26.849218,0.8020369,107.21545,53.353657
2014-04-07 14,26.31579,1.3032146,97.05285,56.707317
2014-04-07 15,24.004267,1.520417,110.26423,59.146343
2014-04-07 16,22.759602,1.7376195,107.72358,53.353657
2014-04-07 17,23.29303,1.7376195,121.4431,55.792683
2014-04-07 18,24.359886,2.1720243,154.47154,61.585365
2014-04-07 19,26.671406,1.7376195,200.7114,41.45379
2014-04-07 20,29.16074,1.7376195,194.61382,68.29269
2014-04-07 21,26.31579,1.7376195,175.813,84.45122
2014-04-07 22,23.826458,1.7376195,186.48373,82.92683
2014-04-07 23,21.692745,1.7376195,164.12602,78.35366
2014-04-08 00,20.09246,1.7376195,142.78455,65.85366
2014-04-08 01,18.314367,1.7376195,120.93496,40.890587
2014-04-08 02,17.60313,1.7376195,121.4431,57.012196
2014-04-08 03,16.891891,1.7376195,107.72358,55.792683
2014-04-08 04,25.295128,1.7376195,105.69106,54.26829
2014-04-08 05,17.069702,1.7376195,106.19919,54.26829
2014-04-08 06,20.09246,1.7376195,103.150406,52.134148
2014-04-08 07,25.782362,1.7376195,104.166664,52.439026
2014-04-08 08,28.80512,1.7376195,110.26423,47.865852
2014-04-08 09,27.027029,1.7376195,108.73984,40.072372
2014-04-08 10,27.560457,1.520417,116.86991,43.90244
2014-04-08 11,26.493599,1.520417,111.28048,44.512196
2014-04-08 12,27.382647,1.3032146,105.69106,40.782528
2014-04-08 13,25.426743,1.7376195,101.626015,39.963406
2014-04-08 14,24.715506,1.7376195,89.4309,29.268293
2014-04-08 15,23.11522,1.7376195,102.64227,32.92683
2014-04-08 16,22.93741,0.79239094,104.6748,35.97561
2014-04-08 17,23.29303,1.7376195,105.18294,40.243904
2014-04-08 18,25.426743,2.1720243,137.70325,42.682926
2014-04-08 19,29.16074,0.7995567,176.32114,49.085365
2014-04-08 20,27.382647,1.7376195,125.37454,55.487804
2014-04-08 21,25.105104,1.7376195,184.45122,68.902435
2014-04-08 22,23.470839,1.7376195,125.24633,66.15854
2014-04-08 23,21.870554,1.7376195,155.48781,63.719513
2014-04-09 00,25.451506,1.7376195,124.461685,48.780487
2014-04-09 01,17.78094,1.7376195,110.26423,40.35625
2014-04-09 02,17.069702,1.520417,106.19919,42.682926
2014-04-09 03,16.891891,1.7376195,96.03658,44.207317
2014-04-09 04,17.069702,1.7376195,95.52846,43.292683
2014-04-09 05,17.069702,1.7376195,92.98781,45.121952
2014-04-09 06,19.381224,1.7376195,95.02032,41.463413
2014-04-09 07,26.493599,1.7376195,88.414635,38.719513
2014-04-09 08,27.916075,0.80493104,88.922775,37.80488
2014-04-09 09,27.027029,1.7376195,123.485306,38.719513
2014-04-09 10,25.96017,1.520417,98.06911,38.109756
2014-04-09 11,26.493599,1.520417,110.26423,34.451218
2014-04-09 12,25.248934,1.520417,120.42683,36.890244
2014-04-09 13,26.671406,1.7376195,111.78862,33.841465
2014-04-09 14,25.96017,1.520417,106.19919,40.162895
2014-04-09 15,22.581793,1.520417,105.18294,38.719513
2014-04-09 16,22.759602,1.7376195,112.296745,35.97561
2014-04-09 17,23.470839,2.1720243,113.31301,37.19512
2014-04-09 18,25.248934,2.606429,132.62195,46.646343
2014-04-09 19,25.38705,1.7376195,174.79675,54.57317
2014-04-09 20,29.16074,1.7376195,172.2561,63.719513
2014-04-09 21,26.137981,1.7376195,125.14555,72.256096
2014-04-09 22,23.29303,1.7376195,122.40736,41.606743
2014-04-09 23,21.514936,1.7376195,142.78455,62.80488
2014-04-10 00,19.381224,0.7956131,138.21138,50.609756
2014-04-10 01,17.24751,1.7376195,111.78862,46.951218
2014-04-10 02,17.24751,0.79860246,109.756096,46.036587
2014-04-10 03,16.714083,1.7376195,112.296745,44.512196
2014-04-10 04,16.891891,1.7376195,108.73984,40.853657
2014-04-10 05,25.454313,1.7376195,123.4194,43.59756
2014-04-10 06,20.09246,1.7376195,99.5935,39.634148
2014-04-10 07,25.96017,1.7376195,97.05285,37.5
2014-04-10 08,25.339195,1.7376195,102.13415,41.158535
2014-04-10 09,26.849218,1.9548218,105.69106,36.585365
2014-04-10 10,27.738264,1.7376195,124.0321,41.337177
2014-04-10 11,27.382647,1.7376195,119.41057,40.243904
2014-04-10 12,27.027029,1.7376195,109.756096,35.67073
2014-04-10 13,27.204834,1.7376195,109.756096,32.012196
2014-04-10 14,25.248934,1.520417,120.563866,25.0
2014-04-10 15,23.648647,1.520417,98.57723,30.182926
2014-04-10 16,24.537695,1.7376195,99.5935,31.707317
2014-04-10 17,24.004267,1.7376195,114.837395,36.890244
2014-04-10 18,25.426743,1.520417,125.0,46.646343
2014-04-10 19,28.80512,1.7376195,159.55284,50.0
2014-04-10 20,28.093882,1.9548218,168.69919,52.439026
2014-04-10 21,27.204834,1.7376195,184.95935,66.15854
2014-04-10 22,25.071123,1.7376195,174.79675,66.768295
2014-04-10 23,15.647226,1.7376195,159.55284,64.02439
2014-04-11 00,22.93741,1.7376195,143.29268,48.17073
2014-04-11 01,25.389168,1.7376195,115.34553,44.512196
2014-04-11 02,18.847795,1.7376195,107.72358,42.682926
2014-04-11 03,18.492176,1.7376195,95.52846,41.10095
2014-04-11 04,18.669987,1.7376195,101.11789,39.634148
2014-04-11 05,18.847795,1.7376195,100.60975,39.02439
2014-04-11 06,20.803698,1.7376195,84.349594,38.414635
2014-04-11 07,27.738264,1.7376195,91.97154,30.487804
2014-04-11 08,30.405405,1.7376195,92.479675,43.59756
2014-04-11 09,28.271692,0.86880976,122.01338,41.463413
2014-04-11 10,26.671406,0.81201124,109.756096,44.207317
2014-04-11 11,25.96017,0.8018108,108.231705,40.548782
2014-04-11 12,25.782362,1.3032146,86.89024,39.634148
2014-04-11 13,25.604553,1.7376195,105.69106,30.487804
2014-04-11 14,25.96017,1.7376195,98.06911,27.134146
2014-04-11 15,23.648647,1.7376195,102.64227,31.707317
2014-04-11 16,25.248934,0.7878756,118.39431,32.012196
2014-04-11 17,25.399132,1.520417,105.69106,28.963415
2014-04-11 18,27.027029,2.1720243,122.967476,32.317074
2014-04-11 19,29.694168,1.7376195,154.97968,43.90244
2014-04-11 20,29.694168,2.8236315,124.157646,42.987804
2014-04-11 21,27.916075,1.7376195,170.7317,60.365852
2014-04-11 22,25.158104,1.7376195,159.04471,56.707317
2014-04-11 23,25.38862,1.7376195,123.48529,56.40244
2014-04-12 00,22.581793,1.7376195,144.30894,48.780487
2014-04-12 01,20.09246,0.7901649,122.967476,41.463413
2014-04-12 02,18.847795,1.7376195,110.772354,37.5
2014-04-12 03,18.492176,1.7376195,112.296745,37.5
2014-04-12 04,25.201864,1.7376195,105.69106,33.536587
2014-04-12 05,18.847795,2.1720243,101.11789,34.451218
2014-04-12 06,19.914652,1.7376195,84.85773,30.487804
2014-04-12 07,22.403982,1.7376195,94.51219,23.780487
2014-04-12 08,28.62731,2.1720243,104.6748,31.40244
2014-04-12 09,31.472261,0.80222815,121.4431,32.92683
2014-04-12 10,32.894737,1.9548218,138.21138,38.109756
2014-04-12 11,32.53912,1.7376195,150.91463,38.109756
2014-04-12 12,31.294453,0.7885175,131.09756,33.841465
2014-04-12 13,31.294453,1.7376195,120.42683,26.524391
2014-04-12 14,28.449503,1.7376195,125.0,34.146343
2014-04-12 15,26.849218,1.7376195,125.0,34.146343
2014-04-12 16,27.027029,1.7376195,125.50813,40.8078
2014-04-12 17,26.671406,1.9548218,105.69106,28.353659
2014-04-12 18,26.671406,1.7376195,112.296745,27.134146
2014-04-12 19,28.80512,1.7376195,152.43903,41.208073
2014-04-12 20,27.916075,1.7376195,155.48781,49.390244
2014-04-12 21,26.31579,1.7376195,151.9309,61.890244
2014-04-12 22,25.604553,1.7376195,126.05612,57.92683
2014-04-12 23,24.004267,1.7376195,147.86586,57.92683
2014-04-13 00,23.648647,1.7376195,139.73578,54.26829
2014-04-13 01,20.625889,0.0,111.28048,43.59756
2014-04-13 02,19.203413,0.0,99.5935,39.02439
2014-04-13 03,18.669987,0.79939073,95.02032,35.97561
2014-04-13 04,18.847795,1.520417,100.60975,35.67073
2014-04-13 05,18.669987,0.7836542,100.10162,35.97561
2014-04-13 06,20.44808,1.7376195,75.71138,30.487804
2014-04-13 07,22.226173,1.7376195,120.003624,22.256098
2014-04-13 08,25.426743,0.78651893,86.89024,28.963415
2014-04-13 09,29.16074,1.7376195,125.121445,42.987804
2014-04-13 10,31.472261,0.8181752,128.55692,40.596775
2014-04-13 11,27.916075,0.8210663,153.96341,74.39024
2014-04-13 12,30.938833,1.7376195,149.89838,67.07317
2014-04-13 13,30.583214,1.7376195,127.54066,35.365852
2014-04-13 14,28.449503,1.7376195,116.86991,31.09756
2014-04-13 15,25.098143,0.81576335,109.756096,40.45202
2014-04-13 16,25.604553,1.7376195,120.178215,22.256098
2014-04-13 17,25.071123,1.7376195,100.10162,22.560976
2014-04-13 18,25.96017,1.7376195,95.02032,22.560976
2014-04-13 19,31.116644,1.9548218,113.82114,29.573172
2014-04-13 20,32.1835,1.7376195,143.29268,34.146343
2014-04-13 21,27.916075,1.7376195,156.50406,41.721283
2014-04-13 22,24.715506,1.7376195,141.7683,58.23171
2014-04-13 23,25.279305,0.795466,145.83333,52.743904
2014-04-14 00,22.93741,1.7376195,131.09756,43.292683
2014-04-14 01,19.914652,0.7999177,105.69106,36.890244
2014-04-14 02,18.847795,1.7376195,99.085365,34.756096
2014-04-14 03,18.314367,1.520417,91.97154,32.012196
2014-04-14 04,18.669987,1.7376195,85.873985,35.060974
2014-04-14 05,18.669987,1.7376195,82.31707,35.365852
2014-04-14 06,21.514936,1.7376195,69.10569,28.658537
2014-04-14 07,28.449503,1.7376195,75.71138,39.593563
2014-04-14 08,31.294453,1.7376195,123.90878,31.40244
2014-04-14 09,26.493599,1.7376195,77.23577,31.09756
2014-04-14 10,27.204834,1.7376195,97.05285,28.04878
2014-04-14 11,25.199884,0.80265915,95.02032,40.538017
2014-04-14 12,27.027029,1.3032146,98.57723,41.76829
2014-04-14 13,27.560457,1.520417,87.9065,43.292683
2014-04-14 14,25.96017,1.3032146,123.17351,36.280487
2014-04-14 15,25.09671,1.520417,81.30081,37.80488
2014-04-14 16,25.426743,1.7376195,89.939026,32.012196
2014-04-14 17,25.248934,1.7376195,100.10162,41.077053
2014-04-14 18,28.271692,2.1720243,118.902435,41.331966
2014-04-14 19,30.405405,1.7376195,169.71545,49.085365
2014-04-14 20,25.16448,1.7376195,170.7317,53.963413
2014-04-14 21,25.498571,0.7955556,174.28862,64.939026
2014-04-14 22,25.426743,1.7376195,154.97968,67.68293
2014-04-14 23,23.648647,1.7376195,137.19513,56.40244
2014-04-15 00,22.759602,1.7376195,129.57317,42.07317
2014-04-15 01,19.381224,1.7376195,112.296745,44.207317
2014-04-15 02,18.847795,1.7376195,94.51219,42.378048
2014-04-15 03,18.314367,1.7376195,101.11789,39.32927
2014-04-15 04,18.669987,1.7376195,92.98781,40.052986
2014-04-15 05,18.847795,1.7376195,95.52846,36.585365
2014-04-15 06,21.514936,1.7376195,83.333336,32.317074
2014-04-15 07,27.738264,1.7376195,121.31845,28.963415
2014-04-15 08,30.583214,1.7376195,80.28455,36.890244
2014-04-15 09,27.382647,1.7376195,86.89024,31.707317
2014-04-15 10,27.027029,1.520417,103.65854,31.707317
2014-04-15 11,27.204834,1.520417,96.544716,33.536587
2014-04-15 12,28.093882,1.3032146,121.89023,41.43663
2014-04-15 13,26.671406,1.7376195,105.18294,31.09756
2014-04-15 14,25.248934,1.7376195,80.28455,39.634148
2014-04-15 15,24.182077,1.7376195,89.4309,40.939842
2014-04-15 16,27.204834,0.8074931,93.49593,28.658537
2014-04-15 17,28.80512,1.7376195,94.00407,32.317074
2014-04-15 18,25.39378,2.1720243,116.361786,35.365852
2014-04-15 19,21.514936,0.7986957,151.42276,43.90244
2014-04-15 20,17.42532,1.7376195,164.12602,44.817074
2014-04-15 21,13.335703,0.7932986,178.8618,65.54878
2014-04-15 22,10.312944,1.7376195,159.04471,41.511436
2014-04-15 23,8.89047,1.7376195,135.67073,53.048782
2014-04-16 00,6.2233286,0.79854447,131.6057,41.01687
2014-04-16 01,4.089616,1.7376195,119.468285,39.32927
2014-04-16 02,25.39499,1.520417,106.19919,35.97561
2014-04-16 03,2.6671407,1.7376195,106.70731,34.146343
2014-04-16 04,2.8449502,1.7376195,99.085365,32.92683
2014-04-16 05,3.2005692,1.7376195,101.626015,35.060974
2014-04-16 06,5.6899004,1.7376195,88.414635,30.487804
2014-04-16 07,11.379801,1.7376195,119.45926,27.743902
2014-04-16 08,25.2799,1.7376195,77.23577,31.40244
2014-04-16 09,26.493599,1.7376195,80.28455,30.487804
2014-04-16 10,28.62731,1.520417,103.65854,33.841465
2014-04-16 11,28.271692,1.520417,100.10162,37.19512
2014-04-16 12,26.671406,1.520417,93.49593,39.86327
2014-04-16 13,25.233572,1.7376195,123.08311,41.5013
2014-04-16 14,26.493599,1.520417,81.30081,32.012196
2014-04-16 15,25.071123,1.520417,82.31707,38.109756
2014-04-16 16,24.715506,1.7376195,82.8252,39.02439
2014-04-16 17,25.426743,2.1720243,124.062546,36.585365
2014-04-16 18,25.782362,2.606429,104.6748,43.59756
2014-04-16 19,28.982933,0.7991699,136.17886,49.390244
2014-04-16 20,29.694168,0.7868513,155.48781,40.657475
2014-04-16 21,25.782362,1.7376195,166.66667,63.719513
2014-04-16 22,23.11522,1.7376195,158.02846,59.451218
2014-04-16 23,22.581793,1.7376195,149.39024,54.878048
2014-04-17 00,20.44808,1.7376195,126.52439,43.59756
2014-04-17 01,17.78094,0.785308,111.78862,38.719513
2014-04-17 02,17.069702,1.7376195,93.49593,33.841465
2014-04-17 03,16.891891,1.7376195,100.60975,33.841465
2014-04-17 04,17.24751,1.7376195,94.51219,32.92683
2014-04-17 05,17.42532,1.7376195,93.49593,31.707317
2014-04-17 06,19.736841,1.7376195,85.36585,29.573172
2014-04-17 07,25.248934,1.7376195,121.98158,27.134146
2014-04-17 08,30.049786,1.7376195,96.03658,31.40244
2014-04-17 09,31.116644,1.9548218,84.349594,27.439024
2014-04-17 10,31.472261,1.7376195,104.166664,40.243904
2014-04-17 11,25.314342,1.7376195,104.166664,39.32927
2014-04-17 12,28.449503,1.7376195,108.231705,37.19512
2014-04-17 13,27.916075,1.7376195,100.60975,32.317074
2014-04-17 14,27.916075,1.520417,91.46342,31.40244
2014-04-17 15,25.604553,1.520417,114.32927,34.756096
2014-04-17 16,25.267973,1.7376195,102.64227,34.146343
2014-04-17 17,27.204834,1.7376195,106.70731,37.80488
2014-04-17 18,29.16074,1.520417,127.03253,44.817074
2014-04-17 19,29.871977,1.7376195,124.21234,50.609756
2014-04-17 20,27.738264,1.9548218,163.61789,45.121952
2014-04-17 21,26.493599,1.7376195,164.12602,62.19512
2014-04-17 22,25.207129,1.7376195,159.04471,61.585365
2014-04-17 23,21.692745,1.7376195,141.26016,57.317074
2014-04-18 00,20.44808,1.7376195,128.04878,40.61786
2014-04-18 01,18.314367,1.7376195,111.28048,42.682926
2014-04-18 02,17.24751,1.7376195,105.18294,38.109756
2014-04-18 03,17.069702,1.7376195,102.13415,34.146343
2014-04-18 04,17.24751,1.7376195,93.49593,35.97561
2014-04-18 05,17.42532,0.7787275,118.93863,33.536587
2014-04-18 06,19.025604,1.7376195,82.8252,25.304878
2014-04-18 07,25.131775,0.80402327,78.25203,23.170732
2014-04-18 08,25.248934,1.7376195,92.479675,33.23171
2014-04-18 09,29.338549,0.86880976,110.772354,37.5
2014-04-18 10,28.449503,0.8027157,131.6057,43.59756
2014-04-18 11,29.16074,0.797909,122.45935,40.080593
2014-04-18 12,29.16074,1.3032146,123.98374,43.59756
2014-04-18 13,28.62731,1.7376195,115.85366,37.19512
2014-04-18 14,27.027029,1.7376195,117.37805,35.060974
2014-04-18 15,24.359886,1.7376195,128.55692,44.817074
2014-04-18 16,24.359886,1.7376195,121.66022,41.62096
2014-04-18 17,24.715506,1.520417,126.01626,34.451218
2014-04-18 18,25.248934,2.1720243,132.11382,32.317074
2014-04-18 19,27.382647,1.7376195,164.12602,50.30488
2014-04-18 20,27.382647,2.8236315,124.988594,57.92683
2014-04-18 21,24.537695,1.7376195,163.10976,64.32927
2014-04-18 22,22.403982,1.7376195,152.94716,54.26829
2014-04-18 23,21.337126,1.7376195,123.41353,56.707317
2014-04-19 00,20.44808,1.7376195,133.63821,40.7221
2014-04-19 01,18.314367,1.7376195,103.65854,43.90244
2014-04-19 02,17.60313,0.77086747,120.54014,39.634148
2014-04-19 03,16.891891,0.7856291,120.76451,34.451218
2014-04-19 04,17.069702,1.7376195,85.873985,33.536587
2014-04-19 05,17.78094,2.1720243,87.9065,32.92683
2014-04-19 06,18.847795,1.7376195,73.17074,25.914635
2014-04-19 07,20.803698,0.78471756,67.5813,20.731707
2014-04-19 08,24.004267,2.1720243,75.203255,25.304878
2014-04-19 09,26.493599,3.040834,94.00407,33.841465
2014-04-19 10,28.093882,1.9548218,113.31301,40.218433
2014-04-19 11,25.243227,1.7376195,121.951225,38.109756
2014-04-19 12,29.16074,1.7376195,126.01626,37.5
2014-04-19 13,27.916075,1.7376195,128.04878,38.719513
2014-04-19 14,28.80512,1.7376195,118.39431,42.682926
2014-04-19 15,26.671406,1.7376195,144.30894,34.451218
2014-04-19 16,25.604553,1.7376195,132.11382,31.707317
2014-04-19 17,25.356932,0.77337384,140.2439,28.963415
2014-04-19 18,26.493599,1.7376195,131.09756,30.182926
2014-04-19 19,25.31135,1.7376195,176.32114,34.451218
2014-04-19 20,25.555643,1.7376195,166.66667,45.121952
2014-04-19 21,25.20237,1.7376195,164.63414,58.536587
2014-04-19 22,23.11522,1.7376195,148.37398,56.09756
2014-04-19 23,21.337126,1.7376195,155.48781,55.487804
2014-04-20 00,20.803698,1.7376195,153.96341,56.40244
2014-04-20 01,18.669987,0.0,127.54066,42.987804
2014-04-20 02,17.78094,0.0,113.82114,39.634148
2014-04-20 03,25.446756,1.520417,101.11789,36.585365
2014-04-20 04,17.069702,1.520417,94.00407,35.365852
2014-04-20 05,17.069702,1.7376195,96.03658,33.841465
2014-04-20 06,18.314367,1.7376195,74.18699,27.134146
2014-04-20 07,19.381224,0.7835605,79.77642,22.256098
2014-04-20 08,21.514936,1.7376195,107.72358,25.304878
2014-04-20 09,25.071123,1.7376195,113.31301,28.353659
2014-04-20 10,28.80512,1.7376195,122.45935,25.914635
2014-04-20 11,30.227596,1.7376195,119.41057,30.487804
2014-04-20 12,30.583214,1.7376195,114.837395,35.060974
2014-04-20 13,26.137981,1.7376195,90.955284,29.878048
2014-04-20 14,24.004267,1.7376195,76.727646,40.7194
2014-04-20 15,25.579426,1.520417,82.8252,29.268293
2014-04-20 16,22.93741,1.7376195,72.662605,27.134146
2014-04-20 17,22.93741,1.7376195,70.63008,22.560976
2014-04-20 18,22.93741,1.7376195,82.31707,21.341463
2014-04-20 19,25.248934,0.77428406,121.234215,25.0
2014-04-20 20,25.426743,1.7376195,110.772354,33.23171
2014-04-20 21,25.248934,0.79646945,126.52439,48.47561
2014-04-20 22,23.29303,0.79712856,129.06505,48.17073
2014-04-20 23,25.060642,0.78686047,135.1626,48.780487
2014-04-21 00,20.625889,1.7376195,126.52439,54.26829
2014-04-21 01,18.669987,1.7376195,115.85366,45.42683
2014-04-21 02,17.42532,1.7376195,91.97154,35.365852
2014-04-21 03,16.714083,1.520417,91.97154,33.841465
2014-04-21 04,17.42532,1.7376195,86.38211,31.707317
2014-04-21 05,18.314367,1.7376195,96.03658,32.317074
2014-04-21 06,20.981508,1.7376195,67.07317,40.78148
2014-04-21 07,25.426743,1.7376195,68.08943,22.256098
2014-04-21 08,29.338549,1.7376195,73.67886,23.780487
2014-04-21 09,28.093882,1.7376195,108.73984,30.182926
2014-04-21 10,29.871977,1.7376195,129.57317,35.67073
2014-04-21 11,28.449503,1.3032146,128.04878,32.621952
2014-04-21 12,28.093882,1.3032146,122.45935,28.353659
2014-04-21 13,25.24656,1.520417,109.756096,29.268293
2014-04-21 14,27.560457,1.3032146,107.21545,22.865854
2014-04-21 15,24.893314,1.520417,107.72358,20.731707
2014-04-21 16,25.42242,1.7376195,100.60975,20.121952
2014-04-21 17,23.648647,1.7376195,119.9187,30.792683
2014-04-21 18,24.893314,2.1720243,110.26423,30.182926
2014-04-21 19,29.338549,1.7376195,140.75203,45.121952
2014-04-21 20,28.449503,1.7376195,137.19513,40.62789
2014-04-21 21,27.204834,1.7376195,153.96341,40.68282
2014-04-21 22,24.004267,0.8264311,141.26016,70.42683
2014-04-21 23,22.048365,1.7376195,146.34148,58.841465
2014-04-22 00,19.914652,1.7376195,130.0813,50.0
2014-04-22 01,17.78094,1.7376195,108.73984,45.73171
2014-04-22 02,17.24751,1.7376195,98.57723,41.096123
2014-04-22 03,16.714083,1.7376195,88.922775,41.158535
2014-04-22 04,17.069702,1.7376195,92.479675,40.853657
2014-04-22 05,17.42532,1.7376195,98.06911,39.32927
2014-04-22 06,21.159317,1.7376195,75.203255,35.060974
2014-04-22 07,29.516361,1.7376195,85.36585,33.536587
2014-04-22 08,28.62731,1.7376195,123.16172,36.280487
2014-04-22 09,25.96017,1.7376195,82.31707,37.80488
2014-04-22 10,25.248934,0.8173705,91.97154,45.121952
2014-04-22 11,25.426743,1.520417,87.9065,35.060974
2014-04-22 12,24.537695,1.3032146,81.808945,33.23171
2014-04-22 13,24.715506,1.7376195,85.36585,37.80488
2014-04-22 14,25.426743,1.7376195,76.21951,36.585365
2014-04-22 15,22.759602,1.7376195,89.939026,36.585365
2014-04-22 16,23.648647,1.7376195,122.76022,35.97561
2014-04-22 17,25.334314,1.7376195,88.414635,39.939026
2014-04-22 18,25.071123,2.1720243,121.4431,42.378048
2014-04-22 19,25.566912,1.7376195,164.12602,55.487804
2014-04-22 20,28.449503,1.7376195,173.27235,41.424343
2014-04-22 21,27.560457,1.7376195,173.78049,41.377293
2014-04-22 22,24.359886,1.7376195,158.53659,78.96342
2014-04-22 23,22.226173,1.7376195,148.88211,66.46342
2014-04-23 00,25.172155,1.7376195,137.70325,55.487804
2014-04-23 01,18.314367,1.7376195,109.24797,53.963413
2014-04-23 02,17.42532,1.520417,105.18294,51.219513
2014-04-23 03,16.891891,1.7376195,104.166664,51.219513
2014-04-23 04,17.24751,1.7376195,99.5935,47.256096
2014-04-23 05,17.60313,1.7376195,121.34571,48.47561
2014-04-23 06,20.625889,1.7376195,82.31707,41.463413
2014-04-23 07,28.982933,1.7376195,92.479675,42.682926
2014-04-23 08,28.093882,1.7376195,92.479675,41.76829
2014-04-23 09,27.382647,1.7376195,91.97154,37.80488
2014-04-23 10,26.137981,1.520417,104.166664,30.487804
2014-04-23 11,27.560457,1.520417,90.44715,30.487804
2014-04-23 12,25.151428,1.520417,102.13415,33.841465
2014-04-23 13,27.382647,0.80032307,91.97154,34.451218
2014-04-23 14,26.849218,1.520417,82.8252,31.09756
2014-04-23 15,25.585102,1.520417,82.31707,28.04878
2014-04-23 16,25.426743,1.7376195,97.05285,30.792683
2014-04-23 17,25.248934,2.1720243,92.98781,31.09756
2014-04-23 18,27.560457,2.606429,121.951225,34.451218
2014-04-23 19,30.405405,1.7376195,158.53659,43.292683
2014-04-23 20,31.294453,1.7376195,124.96115,47.865852
2014-04-23 21,30.049786,1.7376195,177.84555,52.439026
2014-04-23 22,27.204834,1.7376195,153.45529,60.365852
2014-04-23 23,24.715506,1.7376195,143.29268,56.707317
2014-04-24 00,22.759602,1.7376195,135.1626,46.036587
2014-04-24 01,20.625889,1.7376195,122.539,36.280487
2014-04-24 02,19.559032,1.7376195,109.24797,37.19512
2014-04-24 03,19.559032,1.7376195,101.11789,34.451218
2014-04-24 04,19.736841,1.7376195,95.52846,35.365852
2014-04-24 05,20.27027,1.7376195,97.05285,40.94228
2014-04-24 06,23.470839,1.7376195,80.28455,24.695122
2014-04-24 07,33.783783,1.7376195,98.57723,26.829268
2014-04-24 08,31.294453,1.7376195,101.11789,33.841465
2014-04-24 09,28.982933,1.9548218,104.6748,30.487804
2014-04-24 10,27.738264,1.7376195,116.361786,41.158535
2014-04-24 11,27.027029,0.80605215,109.756096,36.890244
2014-04-24 12,26.137981,1.7376195,96.544716,48.780487
2014-04-24 13,26.137981,1.7376195,123.73542,41.158535
2014-04-24 14,27.560457,1.520417,89.939026,32.012196
2014-04-24 15,26.31579,1.520417,88.922775,40.853657
2014-04-24 16,25.484459,1.7376195,85.873985,30.792683
2014-04-24 17,26.137981,1.7376195,95.52846,35.365852
2014-04-24 18,27.382647,1.520417,114.32927,42.682926
2014-04-24 19,28.449503,1.7376195,153.45529,43.90244
2014-04-24 20,28.80512,1.9548218,162.60162,52.439026
2014-04-24 21,27.382647,1.7376195,127.08836,68.597565
2014-04-24 22,25.604553,1.7376195,167.17479,66.15854
2014-04-24 23,24.359886,1.7376195,153.96341,61.585365
2014-04-25 00,22.226173,1.7376195,139.22765,54.878048
2014-04-25 01,20.981508,1.7376195,117.88618,45.121952
2014-04-25 02,25.53579,1.7376195,105.69106,51.82927
2014-04-25 03,19.559032,1.7376195,105.18294,44.817074
2014-04-25 04,19.914652,1.7376195,100.10162,43.292683
2014-04-25 05,20.09246,1.7376195,96.544716,37.80488
2014-04-25 06,20.803698,1.7376195,75.71138,31.40244
2014-04-25 07,23.29303,1.7376195,78.25203,27.439024
2014-04-25 08,27.382647,1.7376195,88.414635,35.67073
2014-04-25 09,30.583214,0.86880976,110.772354,34.451218
2014-04-25 10,30.938833,1.3032146,138.21138,36.280487
2014-04-25 11,31.472261,1.3032146,150.91463,42.07317
2014-04-25 12,31.82788,1.3032146,147.35773,49.085365
2014-04-25 13,32.00569,1.7376195,145.83333,41.023735
2014-04-25 14,29.871977,1.7376195,124.49187,41.219917
2014-04-25 15,25.383396,1.7376195,139.73578,45.121952
2014-04-25 16,27.738264,1.7376195,146.84958,43.90244
2014-04-25 17,27.738264,1.520417,124.78548,45.42683
2014-04-25 18,27.560457,2.1720243,124.98994,50.30488
2014-04-25 19,29.694168,1.7376195,180.8943,43.90244
2014-04-25 20,31.116644,2.8236315,176.32114,50.914635
2014-04-25 21,28.449503,1.7376195,126.995544,60.365852
2014-04-25 22,25.071123,1.7376195,158.53659,69.81707
2014-04-25 23,25.108757,0.79225665,148.37398,64.32927
2014-04-26 00,22.581793,1.7376195,139.73578,63.109756
2014-04-26 01,21.159317,0.81832856,119.9187,52.743904
2014-04-26 02,19.559032,0.8078269,114.837395,47.256096
2014-04-26 03,19.559032,1.7376195,104.166664,46.341465
2014-04-26 04,19.559032,1.7376195,105.69106,48.47561
2014-04-26 05,20.09246,2.1720243,105.69106,44.207317
2014-04-26 06,21.159317,1.7376195,76.727646,37.80488
2014-04-26 07,22.759602,1.7376195,84.349594,35.060974
2014-04-26 08,25.071123,2.1720243,91.46342,42.378048
2014-04-26 09,28.982933,3.040834,109.756096,43.292683
2014-04-26 10,25.488794,1.9548218,132.62195,41.158535
2014-04-26 11,32.36131,0.8116413,129.57317,46.036587
2014-04-26 12,30.049786,1.7376195,132.62195,51.219513
2014-04-26 13,31.82788,0.8132225,130.0813,45.73171
2014-04-26 14,30.049786,1.7376195,118.39431,51.219513
2014-04-26 15,27.738264,1.7376195,122.33258,40.870586
2014-04-26 16,26.137981,1.7376195,117.88618,36.890244
2014-04-26 17,26.31579,1.9548218,123.98374,37.80488
2014-04-26 18,27.560457,1.7376195,130.58943,45.73171
2014-04-26 19,27.916075,1.7376195,150.91463,58.841465
2014-04-26 20,28.271692,1.7376195,150.91463,60.97561
2014-04-26 21,27.027029,1.7376195,166.15854,41.78041
2014-04-26 22,24.893314,1.7376195,164.63414,41.547783
2014-04-26 23,23.826458,1.7376195,164.63414,67.07317
2014-04-27 00,22.226173,1.7376195,143.80081,58.841465
2014-04-27 01,20.803698,0.0,121.951225,56.40244
2014-04-27 02,19.736841,0.0,109.756096,58.23171
2014-04-27 03,19.203413,1.520417,106.70731,55.487804
2014-04-27 04,19.559032,1.520417,105.69106,44.207317
2014-04-27 05,19.559032,1.7376195,122.41704,42.07317
2014-04-27 06,20.44808,1.7376195,75.203255,39.89397
2014-04-27 07,21.870554,1.7376195,86.38211,33.841465
2014-04-27 08,24.537695,1.7376195,91.97154,27.134146
2014-04-27 09,29.516361,1.7376195,100.60975,31.707317
2014-04-27 10,30.938833,1.7376195,122.10758,33.841465
2014-04-27 11,32.1835,0.788801,163.61789,38.109756
2014-04-27 12,33.250355,1.7376195,170.7317,41.463413
2014-04-27 13,32.1835,1.7376195,120.93496,39.32927
2014-04-27 14,30.405405,1.7376195,123.357185,40.853657
2014-04-27 15,29.516361,1.520417,118.902435,41.463413
2014-04-27 16,27.560457,1.7376195,97.05285,41.158535
2014-04-27 17,28.093882,1.7376195,103.150406,34.451218
2014-04-27 18,28.271692,1.7376195,115.85366,40.63114
2014-04-27 19,30.049786,1.9548218,133.63821,43.59756
2014-04-27 20,30.405405,1.7376195,144.81708,53.048782
2014-04-27 21,30.583214,1.7376195,125.66734,69.81707
2014-04-27 22,26.849218,1.7376195,158.53659,41.06747
2014-04-27 23,24.893314,1.7376195,153.96341,63.719513
2014-04-28 00,22.93741,1.7376195,138.21138,53.963413
2014-04-28 01,20.44808,1.7376195,121.66587,44.817074
2014-04-28 02,19.381224,0.81520116,99.5935,43.59756
2014-04-28 03,19.381224,1.520417,101.11789,43.90244
2014-04-28 04,19.559032,0.8182972,95.52846,45.42683
2014-04-28 05,19.736841,1.7376195,93.49593,40.853657
2014-04-28 06,23.826458,1.7376195,76.21951,39.76239
2014-04-28 07,33.605976,1.7376195,92.479675,39.634148
2014-04-28 08,32.36131,0.79909354,97.05285,38.109756
2014-04-28 09,30.583214,1.7376195,123.3001,39.939026
2014-04-28 10,30.938833,1.7376195,102.13415,40.853657
2014-04-28 11,29.516361,1.3032146,115.85366,44.207317
2014-04-28 12,29.16074,1.3032146,123.4187,51.52439
2014-04-28 13,27.916075,1.520417,122.27962,36.890244
2014-04-28 14,27.382647,1.3032146,75.203255,40.853657
2014-04-28 15,26.31579,1.520417,88.414635,49.390244
2014-04-28 16,26.671406,1.7376195,122.46679,41.76829
2014-04-28 17,28.449503,1.7376195,88.922775,37.19512
2014-04-28 18,29.338549,2.1720243,108.73984,42.07317
2014-04-28 19,31.650072,1.7376195,141.26016,50.914635
2014-04-28 20,31.472261,1.7376195,151.42276,51.82927
2014-04-28 21,30.049786,1.7376195,164.63414,58.536587
2014-04-28 22,27.204834,1.7376195,161.58537,41.023167
2014-04-28 23,24.893314,1.7376195,154.47154,64.02439
2014-04-29 00,22.581793,0.7955578,125.50813,53.353657
2014-04-29 01,20.44808,1.7376195,109.756096,52.439026
2014-04-29 02,19.914652,1.7376195,103.150406,49.390244
2014-04-29 03,19.381224,1.7376195,97.560974,43.292683
2014-04-29 04,19.736841,1.7376195,96.03658,46.036587
2014-04-29 05,20.27027,1.7376195,88.414635,43.292683
2014-04-29 06,24.004267,1.7376195,79.268295,33.841465
2014-04-29 07,34.31721,1.7376195,88.922775,42.07317
2014-04-29 08,32.00569,1.7376195,93.49593,39.634148
2014-04-29 09,31.472261,1.7376195,91.97154,37.80488
2014-04-29 10,30.405405,0.79666746,93.49593,35.365852
2014-04-29 11,25.483702,1.520417,95.52846,39.939026
2014-04-29 12,28.982933,1.3032146,100.60975,45.42683
2014-04-29 13,25.527336,1.7376195,86.89024,41.158535
2014-04-29 14,28.093882,1.7376195,85.36585,38.414635
2014-04-29 15,26.31579,0.8082248,94.51219,39.634148
2014-04-29 16,26.493599,1.7376195,90.44715,35.060974
2014-04-29 17,27.738264,1.7376195,106.19919,40.243904
2014-04-29 18,30.227596,0.80203015,129.57317,44.207317
2014-04-29 19,32.00569,1.7376195,193.08943,52.439026
2014-04-29 20,31.116644,1.7376195,168.69919,64.32927
2014-04-29 21,25.225721,1.7376195,123.79417,67.68293
2014-04-29 22,27.738264,1.7376195,161.58537,77.439026
2014-04-29 23,25.248934,1.7376195,126.28659,64.63415
2014-04-30 00,22.403982,1.7376195,131.09756,57.92683
2014-04-30 01,20.44808,1.7376195,109.756096,53.963413
2014-04-30 02,20.27027,1.520417,103.150406,46.951218
2014-04-30 03,19.736841,1.7376195,120.96712,40.548782
2014-04-30 04,20.09246,1.7376195,98.57723,39.939026
2014-04-30 05,20.44808,1.7376195,95.52846,40.243904
2014-04-30 06,23.826458,1.7376195,75.203255,31.707317
2014-04-30 07,35.917496,1.7376195,88.922775,39.94642
2014-04-30 08,25.477331,1.7376195,100.60975,30.792683
2014-04-30 09,29.516361,1.7376195,91.46342,40.142395
2014-04-30 10,29.516361,1.520417,100.60975,35.365852
2014-04-30 11,30.049786,1.520417,103.65854,40.55857
2014-04-30 12,29.871977,1.520417,96.544716,36.280487
2014-04-30 13,29.338549,1.7376195,124.29763,35.67073
2014-04-30 14,28.62731,1.520417,84.85773,36.890244
2014-04-30 15,26.849218,1.520417,88.414635,43.90244
2014-04-30 16,27.204834,1.7376195,96.03658,40.389805
2014-04-30 17,27.560457,2.1720243,85.873985,41.158535
2014-04-30 18,29.871977,2.606429,115.34553,51.82927
2014-04-30 19,31.294453,1.7376195,137.19513,47.256096
2014-04-30 20,30.227596,1.7376195,146.84958,45.42683
2014-04-30 21,29.871977,1.7376195,152.94716,58.23171
2014-04-30 22,26.671406,0.7976251,146.34148,63.719513
2014-04-30 23,25.071123,1.7376195,138.21138,64.02439
2014-05-01 00,23.470839,1.7376195,106.19919,52.439026
2014-05-01 01,21.514936,1.7376195,121.13273,40.802677
2014-05-01 02,21.159317,1.7376195,100.60975,37.5
2014-05-01 03,19.914652,0.7905101,94.51219,35.67073
2014-05-01 04,20.27027,1.7376195,120.99554,33.536587
2014-05-01 05,20.803698,1.7376195,88.414635,36.585365
2014-05-01 06,23.11522,1.7376195,56.91057,22.865854
2014-05-01 07,25.426743,1.7376195,67.5813,21.95122
2014-05-01 08,29.871977,1.7376195,81.808945,20.121952
2014-05-01 09,32.716927,1.9548218,101.626015,20.426828
2014-05-01 10,33.605976,1.7376195,132.11382,23.780487
2014-05-01 11,36.273117,1.7376195,127.54066,29.878048
2014-05-01 12,33.783783,1.7376195,120.93496,31.40244
2014-05-01 13,32.1835,1.7376195,98.57723,39.868587
2014-05-01 14,29.694168,1.520417,97.560974,31.40244
2014-05-01 15,28.982933,1.520417,102.64227,38.109756
2014-05-01 16,27.560457,1.7376195,95.52846,31.707317
2014-05-01 17,29.694168,1.7376195,100.10162,27.439024
2014-05-01 18,31.294453,1.520417,106.19919,26.829268
2014-05-01 19,32.53912,1.7376195,150.40651,35.67073
2014-05-01 20,30.405405,1.9548218,133.13008,35.97561
2014-05-01 21,29.871977,1.7376195,148.37398,54.57317
2014-05-01 22,28.982933,1.7376195,146.34148,56.707317
2014-05-01 23,25.782362,1.7376195,133.63821,59.451218
2014-05-02 00,24.004267,1.7376195,117.88618,42.07317
2014-05-02 01,21.870554,1.7376195,99.5935,40.636257
2014-05-02 02,20.981508,1.7376195,94.51219,36.585365
2014-05-02 03,20.44808,1.7376195,86.38211,35.97561
2014-05-02 04,20.44808,1.7376195,85.873985,35.365852
2014-05-02 05,20.625889,1.7376195,92.98781,34.756096
2014-05-02 06,24.715506,0.8087868,69.61382,26.524391
2014-05-02 07,33.605976,0.81710047,78.25203,26.219513
2014-05-02 08,34.139404,1.7376195,85.36585,40.51022
2014-05-02 09,30.405405,0.86880976,100.10162,23.170732
2014-05-02 10,28.093882,1.3032146,95.02032,29.268293
2014-05-02 11,27.916075,1.3032146,91.46342,32.317074
2014-05-02 12,27.916075,1.3032146,89.4309,31.40244
2014-05-02 13,25.406033,1.7376195,86.38211,25.914635
2014-05-02 14,27.916075,1.7376195,87.9065,27.439024
2014-05-02 15,26.671406,0.8191142,84.85773,39.97165
2014-05-02 16,24.893314,1.7376195,122.25283,32.92683
2014-05-02 17,27.204834,1.520417,101.626015,31.707317
2014-05-02 18,28.449503,2.1720243,105.18294,32.012196
2014-05-02 19,30.761024,1.7376195,141.7683,33.536587
2014-05-02 20,30.761024,2.8236315,129.06505,39.32927
2014-05-02 21,27.382647,1.7376195,150.91463,51.52439
2014-05-02 22,24.715506,1.7376195,154.47154,51.52439
2014-05-02 23,23.11522,1.7376195,131.6057,52.439026
2014-05-03 00,20.981508,1.7376195,131.09756,43.59756
2014-05-03 01,18.847795,1.7376195,113.31301,41.76829
2014-05-03 02,17.60313,1.7376195,98.06911,39.32927
2014-05-03 03,16.891891,1.7376195,89.939026,35.97561
2014-05-03 04,16.536274,1.7376195,84.349594,32.317074
2014-05-03 05,17.069702,2.1720243,86.89024,33.536587
2014-05-03 06,19.736841,1.7376195,61.99187,22.560976
2014-05-03 07,23.29303,1.7376195,75.203255,21.341463
2014-05-03 08,28.271692,0.7886822,88.414635,22.560976
2014-05-03 09,25.486992,0.7925809,105.69106,28.04878
2014-05-03 10,30.049786,1.9548218,118.39431,30.792683
2014-05-03 11,29.694168,1.7376195,139.22765,26.829268
2014-05-03 12,30.227596,1.7376195,122.967476,28.658537
2014-05-03 13,29.338549,1.7376195,113.31301,27.439024
2014-05-03 14,28.271692,1.7376195,121.16375,33.23171
2014-05-03 15,27.560457,1.7376195,120.93496,37.5
2014-05-03 16,28.62731,1.7376195,120.42683,40.82785
2014-05-03 17,27.916075,1.9548218,119.9187,35.97561
2014-05-03 18,29.516361,1.7376195,133.63821,39.02439
2014-05-03 19,33.072548,0.7866748,151.9309,39.02439
2014-05-03 20,34.31721,1.7376195,157.52031,46.341465
2014-05-03 21,28.449503,1.7376195,153.96341,56.09756
2014-05-03 22,25.96017,1.7376195,143.80081,59.451218
2014-05-03 23,24.715506,0.8150186,143.29268,56.707317
2014-05-04 00,22.759602,1.7376195,147.35773,51.219513
2014-05-04 01,19.381224,0.0,118.902435,41.09742
2014-05-04 02,17.78094,0.0,112.296745,41.826866
2014-05-04 03,16.891891,1.520417,99.085365,33.536587
2014-05-04 04,16.714083,1.520417,93.49593,33.23171
2014-05-04 05,17.24751,1.7376195,92.479675,32.621952
2014-05-04 06,19.203413,1.7376195,54.36992,21.646341
2014-05-04 07,21.337126,1.7376195,74.69512,40.099037
2014-05-04 08,26.671406,1.7376195,120.57647,25.914635
2014-05-04 09,31.116644,1.7376195,97.560974,40.69483
2014-05-04 10,25.3564,1.7376195,119.9187,28.658537
2014-05-04 11,34.31721,1.7376195,123.47561,32.621952
2014-05-04 12,32.53912,0.8022636,117.37805,29.573172
2014-05-04 13,25.511242,1.7376195,100.10162,26.219513
2014-05-04 14,26.31579,1.7376195,96.544716,20.426828
2014-05-04 15,27.560457,1.520417,90.955284,27.743902
2014-05-04 16,26.31579,1.7376195,88.414635,25.304878
2014-05-04 17,25.26531,1.7376195,86.38211,27.134146
2014-05-04 18,25.548616,1.7376195,98.06911,25.304878
2014-05-04 19,32.53912,1.9548218,121.508026,28.353659
2014-05-04 20,35.56188,1.7376195,126.52439,40.41657
2014-05-04 21,30.049786,0.8051977,149.39024,52.743904
2014-05-04 22,26.137981,1.7376195,148.88211,56.09756
2014-05-04 23,23.29303,1.7376195,130.58943,53.353657
2014-05-05 00,20.625889,0.79068476,121.4431,43.292683
2014-05-05 01,18.136559,1.7376195,103.65854,40.253197
2014-05-05 02,17.42532,1.7376195,94.51219,32.621952
2014-05-05 03,16.891891,1.520417,89.4309,32.012196
2014-05-05 04,25.511822,0.8096686,84.349594,31.707317
2014-05-05 05,17.42532,1.7376195,91.97154,40.6755
2014-05-05 06,22.581793,1.7376195,70.12195,21.646341
2014-05-05 07,33.428165,1.7376195,122.68841,28.658537
2014-05-05 08,32.716927,1.7376195,85.36585,28.353659
2014-05-05 09,27.916075,1.7376195,87.39838,21.646341
2014-05-05 10,27.560457,1.7376195,106.19919,25.609756
2014-05-05 11,28.093882,1.3032146,102.64227,29.573172
2014-05-05 12,28.449503,0.79782104,97.560974,30.487804
2014-05-05 13,27.382647,1.520417,121.503944,26.219513
2014-05-05 14,27.204834,1.3032146,83.333336,28.658537
2014-05-05 15,24.359886,1.520417,121.908485,34.756096
2014-05-05 16,25.426743,1.7376195,87.39838,42.378048
2014-05-05 17,25.426743,1.7376195,89.4309,42.682926
2014-05-05 18,29.16074,2.1720243,106.70731,40.243904
2014-05-05 19,32.36131,1.7376195,146.34148,40.402107
2014-05-05 20,33.961594,1.7376195,153.96341,42.07317
2014-05-05 21,30.938833,1.7376195,159.55284,58.23171
2014-05-05 22,27.027029,0.8058628,143.29268,56.707317
2014-05-05 23,24.004267,1.7376195,132.11382,52.134148
2014-05-06 00,20.27027,1.7376195,120.93496,47.256096
2014-05-06 01,17.958748,0.7916991,108.231705,40.003662
2014-05-06 02,17.78094,1.7376195,101.11789,39.939026
2014-05-06 03,16.891891,1.7376195,90.955284,39.939026
2014-05-06 04,16.891891,1.7376195,90.955284,36.890244
2014-05-06 05,17.78094,1.7376195,100.60975,40.742405
2014-05-06 06,22.759602,0.8190043,71.64634,40.018158
2014-05-06 07,33.605976,0.8068714,92.479675,32.012196
2014-05-06 08,31.294453,1.7376195,94.00407,33.23171
2014-05-06 09,27.382647,0.8014667,79.77642,33.23171
2014-05-06 10,27.560457,1.520417,88.922775,29.573172
2014-05-06 11,26.137981,1.520417,93.49593,32.92683
2014-05-06 12,25.782362,1.3032146,121.32261,35.67073
2014-05-06 13,25.248934,1.7376195,87.39838,40.44272
2014-05-06 14,27.204834,1.7376195,72.15447,27.743902
2014-05-06 15,24.004267,1.7376195,77.743904,33.536587
2014-05-06 16,24.182077,1.7376195,77.743904,40.401855
2014-05-06 17,24.715506,1.7376195,89.939026,34.451218
2014-05-06 18,28.271692,2.1720243,109.24797,40.128834
2014-05-06 19,30.405405,0.7949622,142.78455,46.646343
2014-05-06 20,32.1835,1.7376195,158.53659,45.121952
2014-05-06 21,25.229591,1.7376195,158.02846,54.26829
2014-05-06 22,25.426743,1.7376195,160.5691,60.060974
2014-05-06 23,23.648647,1.7376195,132.11382,48.17073
2014-05-07 00,20.27027,1.7376195,119.41057,40.243904
2014-05-07 01,17.78094,1.7376195,99.085365,40.853657
2014-05-07 02,17.42532,1.520417,98.06911,35.97561
2014-05-07 03,16.714083,1.7376195,96.544716,35.67073
2014-05-07 04,17.069702,1.7376195,92.98781,32.621952
2014-05-07 05,17.60313,1.7376195,122.095856,32.317074
2014-05-07 06,22.93741,1.7376195,72.15447,23.170732
2014-05-07 07,34.85064,1.7376195,98.57723,27.439024
2014-05-07 08,33.605976,1.7376195,89.939026,28.04878
2014-05-07 09,27.204834,1.7376195,92.98781,26.219513
2014-05-07 10,27.560457,1.520417,99.5935,29.573172
2014-05-07 11,29.516361,1.520417,122.45018,26.829268
2014-05-07 12,27.916075,1.520417,94.00407,34.146343
2014-05-07 13,27.382647,1.7376195,82.8252,29.268293
2014-05-07 14,27.027029,1.520417,87.39838,40.366203
2014-05-07 15,25.071123,1.520417,89.939026,40.429745
2014-05-07 16,25.071123,1.7376195,86.89024,33.841465
2014-05-07 17,26.493599,2.1720243,123.05219,37.5
2014-05-07 18,28.80512,2.606429,116.86991,43.90244
2014-05-07 19,29.694168,1.7376195,151.42276,43.292683
2014-05-07 20,34.31721,1.7376195,167.17479,39.32927
2014-05-07 21,30.049786,1.7376195,172.2561,49.69512
2014-05-07 22,27.560457,1.7376195,157.0122,64.32927
2014-05-07 23,27.382647,1.7376195,133.13008,60.060974
2014-05-08 00,22.048365,1.7376195,127.03253,40.853657
2014-05-08 01,18.847795,1.7376195,102.64227,43.292683
2014-05-08 02,17.958748,1.7376195,99.5935,37.5
2014-05-08 03,17.42532,1.7376195,96.544716,35.97561
2014-05-08 04,17.60313,1.7376195,97.05285,34.451218
2014-05-08 05,18.492176,1.7376195,93.49593,36.280487
2014-05-08 06,23.826458,1.7376195,121.42229,22.865854
2014-05-08 07,34.139404,1.7376195,95.52846,35.67073
2014-05-08 08,25.18369,1.7376195,88.922775,38.109756
2014-05-08 09,27.738264,1.9548218,88.922775,34.756096
2014-05-08 10,26.493599,1.7376195,98.06911,40.548782
2014-05-08 11,26.31579,1.7376195,97.05285,41.158535
2014-05-08 12,26.31579,1.7376195,124.21309,41.463413
2014-05-08 13,25.54446,1.7376195,83.84146,36.890244
2014-05-08 14,24.182077,1.520417,120.7223,31.09756
2014-05-08 15,23.11522,0.79164875,88.922775,28.963415
2014-05-08 16,25.071123,1.7376195,90.955284,29.268293
2014-05-08 17,28.093882,1.7376195,92.479675,32.012196
2014-05-08 18,28.982933,1.520417,106.70731,42.987804
2014-05-08 19,25.570028,1.7376195,134.65446,49.085365
2014-05-08 20,30.761024,1.9548218,147.86586,54.26829
2014-05-08 21,27.027029,1.7376195,168.19107,55.182926
2014-05-08 22,26.137981,1.7376195,158.02846,61.585365
2014-05-08 23,24.359886,1.7376195,142.27643,60.365852
2014-05-09 00,21.514936,1.7376195,123.47561,53.658535
2014-05-09 01,18.314367,0.80605996,106.70731,47.560974
2014-05-09 02,17.42532,0.7887902,107.21545,46.341465
2014-05-09 03,17.24751,1.7376195,122.43151,41.463413
2014-05-09 04,17.42532,1.7376195,94.51219,42.987804
2014-05-09 05,18.314367,1.7376195,95.02032,40.814358
2014-05-09 06,23.826458,1.7376195,71.138214,34.756096
2014-05-09 07,33.783783,0.81191593,95.02032,38.109756
2014-05-09 08,25.468655,1.7376195,95.52846,45.121952
2014-05-09 09,28.449503,0.8035213,91.46342,39.78872
2014-05-09 10,27.738264,1.3032146,111.28048,31.707317
2014-05-09 11,27.382647,1.3032146,108.73984,33.841465
2014-05-09 12,26.849218,1.3032146,100.60975,32.92683
2014-05-09 13,26.31579,1.7376195,99.5935,27.743902
2014-05-09 14,26.137981,1.7376195,84.349594,29.573172
2014-05-09 15,27.382647,1.7376195,87.39838,29.878048
2014-05-09 16,24.004267,1.7376195,101.11789,29.573172
2014-05-09 17,25.782362,1.520417,123.31021,40.548782
2014-05-09 18,29.694168,2.1720243,112.296745,36.585365
2014-05-09 19,31.294453,1.7376195,159.55284,40.243904
2014-05-09 20,30.761024,2.8236315,156.50406,40.927258
2014-05-09 21,26.849218,0.7990357,122.62452,50.914635
2014-05-09 22,26.671406,1.7376195,147.86586,55.792683
2014-05-09 23,24.359886,1.7376195,123.727974,40.547245
2014-05-10 00,25.506258,1.7376195,131.6057,42.682926
2014-05-10 01,19.914652,1.7376195,120.93496,40.853657
2014-05-10 02,18.847795,1.7376195,114.837395,36.585365
2014-05-10 03,17.78094,1.7376195,104.6748,32.92683
2014-05-10 04,17.60313,1.7376195,100.10162,33.536587
2014-05-10 05,18.847795,2.1720243,93.49593,36.280487
2014-05-10 06,21.514936,0.7592685,118.93097,22.560976
2014-05-10 07,27.204834,1.7376195,84.85773,25.304878
2014-05-10 08,29.516361,0.82153946,105.18294,40.561447
2014-05-10 09,30.405405,3.040834,114.32927,29.573172
2014-05-10 10,30.938833,1.9548218,133.63821,36.280487
2014-05-10 11,31.116644,1.7376195,121.27201,28.963415
2014-05-10 12,25.422262,1.7376195,122.45935,31.707317
2014-05-10 13,31.82788,1.7376195,105.69106,35.67073
2014-05-10 14,28.449503,1.7376195,111.28048,33.841465
2014-05-10 15,27.027029,1.7376195,111.28048,36.890244
2014-05-10 16,28.449503,0.79166025,112.80488,29.573172
2014-05-10 17,28.80512,1.9548218,116.361786,30.792683
2014-05-10 18,26.849218,1.7376195,126.01626,30.792683
2014-05-10 19,28.093882,1.7376195,149.89838,35.67073
2014-05-10 20,29.16074,1.7376195,122.29852,42.682926
2014-05-10 21,26.31579,1.7376195,134.14635,46.646343
2014-05-10 22,24.715506,1.7376195,143.29268,49.390244
2014-05-10 23,23.648647,1.7376195,142.78455,51.52439
2014-05-11 00,21.514936,1.7376195,137.19513,40.59723
2014-05-11 01,19.559032,0.0,127.54066,41.02514
2014-05-11 02,19.203413,0.0,112.296745,37.19512
2014-05-11 03,16.891891,1.520417,102.13415,38.719513
2014-05-11 04,17.24751,1.520417,94.00407,33.23171
2014-05-11 05,17.958748,1.7376195,95.02032,36.585365
2014-05-11 06,20.27027,1.7376195,70.63008,40.701015
2014-05-11 07,23.648647,0.79195166,72.15447,23.475609
2014-05-11 08,26.493599,1.7376195,81.808945,20.121952
2014-05-11 09,30.227596,1.7376195,123.32763,30.792683
2014-05-11 10,32.894737,1.7376195,123.98374,29.573172
2014-05-11 11,33.250355,1.7376195,148.88211,28.963415
2014-05-11 12,33.783783,1.7376195,138.71951,31.09756
2014-05-11 13,30.405405,1.7376195,110.26423,27.134146
2014-05-11 14,27.560457,1.7376195,107.72358,20.426828
2014-05-11 15,26.849218,1.520417,97.560974,27.743902
2014-05-11 16,27.382647,1.7376195,99.085365,34.451218
2014-05-11 17,27.027029,1.7376195,105.69106,40.937935
2014-05-11 18,28.271692,1.7376195,123.0122,33.841465
2014-05-11 19,30.227596,1.9548218,132.62195,35.67073
2014-05-11 20,32.36131,1.7376195,124.6203,40.698864
2014-05-11 21,29.16074,1.7376195,160.06097,57.621952
2014-05-11 22,25.782362,1.7376195,153.45529,60.365852
2014-05-11 23,23.826458,1.7376195,137.19513,51.82927
2014-05-12 00,21.337126,1.7376195,125.50813,41.463413
2014-05-12 01,19.381224,0.8008806,108.231705,39.02439
2014-05-12 02,18.314367,1.7376195,122.46511,35.060974
2014-05-12 03,17.24751,1.520417,101.626015,32.317074
2014-05-12 04,17.24751,1.7376195,120.033066,32.92683
2014-05-12 05,18.492176,1.7376195,88.922775,34.451218
2014-05-12 06,23.29303,1.7376195,68.08943,23.170732
2014-05-12 07,34.139404,1.7376195,85.36585,39.840736
2014-05-12 08,25.392466,1.7376195,121.119576,40.79549
2014-05-12 09,25.51243,1.7376195,85.873985,18.59756
2014-05-12 10,26.31579,1.7376195,99.085365,24.085365
2014-05-12 11,28.449503,1.3032146,94.51219,22.256098
2014-05-12 12,26.671406,1.3032146,95.02032,24.695122
2014-05-12 13,27.027029,1.520417,91.97154,26.219513
2014-05-12 14,25.15733,1.3032146,80.28455,23.780487
2014-05-12 15,24.537695,1.520417,87.9065,35.060974
2014-05-12 16,25.584002,1.7376195,96.03658,38.109756
2014-05-12 17,26.493599,1.7376195,99.5935,35.67073
2014-05-12 18,28.62731,2.1720243,106.70731,46.036587
2014-05-12 19,31.294453,1.7376195,150.91463,41.158535
2014-05-12 20,25.45043,1.7376195,129.57317,42.07317
2014-05-12 21,29.16074,1.7376195,157.52031,50.609756
2014-05-12 22,25.782362,1.7376195,166.15854,40.977524
2014-05-12 23,23.470839,0.8042356,141.26016,46.341465
2014-05-13 00,25.455334,1.7376195,123.47561,42.987804
2014-05-13 01,19.736841,0.79799694,102.13415,44.512196
2014-05-13 02,19.736841,1.7376195,94.00407,38.414635
2014-05-13 03,17.42532,1.7376195,95.02032,34.756096
2014-05-13 04,17.958748,1.7376195,92.98781,36.890244
2014-05-13 05,19.203413,1.7376195,88.922775,40.79419
2014-05-13 06,24.004267,1.7376195,69.61382,27.134146
2014-05-13 07,35.02845,1.7376195,90.44715,31.09756
2014-05-13 08,25.568539,1.7376195,95.02032,26.829268
2014-05-13 09,27.738264,1.7376195,92.479675,23.170732
2014-05-13 10,27.382647,1.520417,101.626015,27.439024
2014-05-13 11,25.261023,1.520417,95.52846,29.573172
2014-05-13 12,25.222498,1.3032146,88.414635,30.487804
2014-05-13 13,26.137981,1.7376195,81.30081,30.182926
2014-05-13 14,25.782362,0.8065408,76.727646,25.0
2014-05-13 15,24.182077,1.7376195,87.39838,27.743902
2014-05-13 16,24.359886,1.7376195,90.44715,30.182926
2014-05-13 17,25.414589,1.7376195,99.5935,32.012196
2014-05-13 18,29.338549,2.1720243,124.49187,35.97561
2014-05-13 19,32.894737,1.7376195,152.43903,46.951218
2014-05-13 20,35.56188,1.7376195,150.40651,44.512196
2014-05-13 21,30.938833,1.7376195,159.04471,50.0
2014-05-13 22,27.027029,1.7376195,125.26397,63.109756
2014-05-13 23,24.004267,0.810368,123.10537,56.09756
2014-05-14 00,21.159317,1.7376195,125.0,39.634148
2014-05-14 01,19.025604,1.7376195,105.69106,34.451218
2014-05-14 02,18.314367,1.520417,101.626015,32.317074
2014-05-14 03,17.42532,1.7376195,101.626015,32.621952
2014-05-14 04,17.069702,0.79787356,96.544716,33.536587
2014-05-14 05,18.492176,1.7376195,89.939026,34.146343
2014-05-14 06,24.182077,1.7376195,69.61382,22.560976
2014-05-14 07,35.384068,1.7376195,95.52846,26.829268
2014-05-14 08,33.605976,1.7376195,96.03658,35.060974
2014-05-14 09,32.716927,1.7376195,97.05285,30.487804
2014-05-14 10,30.405405,1.520417,122.50991,32.621952
2014-05-14 11,28.093882,1.520417,99.5935,36.585365
2014-05-14 12,26.671406,0.8114081,83.84146,34.756096
2014-05-14 13,27.560457,1.7376195,123.202446,32.012196
2014-05-14 14,25.457031,1.520417,96.544716,33.536587
2014-05-14 15,25.213694,1.520417,87.39838,37.80488
2014-05-14 16,26.31579,1.7376195,92.479675,35.060974
2014-05-14 17,27.382647,2.1720243,99.5935,40.907585
2014-05-14 18,32.894737,2.606429,132.11382,42.987804
2014-05-14 19,35.56188,1.7376195,166.66667,41.158535
2014-05-14 20,33.072548,1.7376195,123.70757,48.47561
2014-05-14 21,29.516361,1.7376195,153.96341,59.146343
2014-05-14 22,26.493599,1.7376195,124.355576,57.317074
2014-05-14 23,27.204834,1.7376195,124.29864,56.09756
2014-05-15 00,22.403982,1.7376195,128.04878,41.43163
2014-05-15 01,19.559032,1.7376195,103.150406,41.463413
2014-05-15 02,19.025604,1.7376195,93.49593,41.463413
2014-05-15 03,17.42532,1.7376195,102.13415,41.213776
2014-05-15 04,17.78094,1.7376195,100.10162,35.67073
2014-05-15 05,19.203413,1.7376195,87.9065,38.719513
2014-05-15 06,24.715506,1.7376195,75.71138,25.609756
2014-05-15 07,36.273117,1.7376195,97.05285,34.756096
2014-05-15 08,32.36131,1.7376195,87.9065,32.317074
2014-05-15 09,30.049786,0.7932149,90.955284,30.487804
2014-05-15 10,27.560457,1.7376195,102.13415,40.45739
2014-05-15 11,25.352625,1.7376195,100.60975,33.23171
2014-05-15 12,25.179125,1.7376195,96.03658,37.5
2014-05-15 13,25.426743,1.7376195,98.57723,30.182926
2014-05-15 14,20.803698,1.520417,88.922775,40.803894
2014-05-15 15,19.736841,1.520417,105.69106,34.146343
2014-05-15 16,27.027029,1.7376195,100.60975,32.012196
2014-05-15 17,27.738264,1.7376195,115.85366,34.451218
2014-05-15 18,29.516361,1.520417,125.0,44.207317
2014-05-15 19,34.85064,1.7376195,170.7317,50.914635
2014-05-15 20,37.339973,1.9548218,166.66667,43.59756
2014-05-15 21,32.53912,1.7376195,160.5691,54.878048
2014-05-15 22,26.671406,0.8031223,168.69919,61.585365
2014-05-15 23,26.493599,1.7376195,147.86586,59.146343
2014-05-16 00,22.226173,1.7376195,133.63821,43.59756
2014-05-16 01,19.025604,1.7376195,107.21545,43.292683
2014-05-16 02,18.492176,1.7376195,104.166664,39.02439
2014-05-16 03,17.069702,0.8065433,100.60975,36.280487
2014-05-16 04,17.42532,1.7376195,102.13415,37.19512
2014-05-16 05,19.559032,1.7376195,88.922775,37.80488
2014-05-16 06,25.071123,1.7376195,74.69512,21.95122
2014-05-16 07,35.02845,1.7376195,97.560974,28.658537
2014-05-16 08,34.49502,0.80067235,94.00407,33.841465
2014-05-16 09,29.16074,0.8092909,88.922775,25.609756
2014-05-16 10,28.62731,1.3032146,105.18294,27.134146
2014-05-16 11,28.449503,0.79137605,94.51219,29.878048
2014-05-16 12,28.982933,1.3032146,85.36585,31.707317
2014-05-16 13,27.204834,1.7376195,94.51219,30.487804
2014-05-16 14,26.31579,1.7376195,87.9065,27.134146
2014-05-16 15,25.052687,1.7376195,96.03658,40.11217
2014-05-16 16,25.426743,0.81889313,99.085365,49.085365
2014-05-16 17,27.916075,1.520417,112.296745,47.560974
2014-05-16 18,29.516361,2.1720243,116.361786,48.780487
2014-05-16 19,33.428165,0.7979255,144.81708,52.439026
2014-05-16 20,34.31721,2.8236315,148.37398,48.47561
2014-05-16 21,30.227596,1.7376195,165.6504,53.353657
2014-05-16 22,25.416815,1.7376195,163.10976,58.23171
2014-05-16 23,28.093882,1.7376195,158.02846,59.451218
2014-05-17 00,23.29303,1.7376195,131.09756,51.52439
2014-05-17 01,19.914652,1.7376195,115.85366,44.512196
2014-05-17 02,19.203413,1.7376195,108.73984,38.414635
2014-05-17 03,17.24751,1.7376195,99.5935,36.890244
2014-05-17 04,17.42532,1.7376195,94.51219,36.890244
2014-05-17 05,19.914652,2.1720243,85.873985,38.109756
2014-05-17 06,24.359886,1.7376195,64.02439,24.695122
2014-05-17 07,28.271692,1.7376195,95.52846,40.659973
2014-05-17 08,30.761024,2.1720243,96.544716,30.487804
2014-05-17 09,35.917496,3.040834,116.361786,32.92683
2014-05-17 10,33.961594,0.80477816,135.1626,31.09756
2014-05-17 11,32.716927,1.7376195,125.0,27.134146
2014-05-17 12,25.634838,1.7376195,122.047066,29.268293
2014-05-17 13,29.338549,1.7376195,114.837395,31.09756
2014-05-17 14,28.982933,1.7376195,129.57317,38.109756
2014-05-17 15,25.404312,0.8000586,127.03253,40.548782
2014-05-17 16,27.204834,1.7376195,129.57317,36.890244
2014-05-17 17,28.80512,1.9548218,130.58943,40.853657
2014-05-17 18,29.694168,1.7376195,138.21138,38.719513
2014-05-17 19,35.384068,1.7376195,153.45529,40.548782
2014-05-17 20,36.628735,1.7376195,126.07831,44.512196
2014-05-17 21,33.250355,1.7376195,159.04471,54.878048
2014-05-17 22,28.449503,1.7376195,135.1626,58.841465
2014-05-17 23,26.671406,1.7376195,136.17886,56.707317
2014-05-18 00,24.893314,0.8004736,144.30894,40.770267
2014-05-18 01,20.27027,0.0,118.902435,42.987804
2014-05-18 02,18.669987,0.0,112.296745,41.71554
2014-05-18 03,17.24751,1.520417,102.13415,32.92683
2014-05-18 04,17.78094,1.520417,92.98781,34.756096
2014-05-18 05,19.381224,1.7376195,84.85773,40.040157
2014-05-18 06,22.93741,1.7376195,61.99187,40.4689
2014-05-18 07,26.671406,1.7376195,82.8252,39.85997
2014-05-18 08,25.31548,1.7376195,99.085365,24.390244
2014-05-18 09,30.938833,0.80809486,98.06911,40.114964
2014-05-18 10,33.605976,0.80748796,130.58943,31.707317
2014-05-18 11,34.49502,1.7376195,142.78455,32.621952
2014-05-18 12,35.384068,1.7376195,118.902435,37.19512
2014-05-18 13,32.00569,1.7376195,124.829994,35.365852
2014-05-18 14,28.093882,1.7376195,87.39838,26.829268
2014-05-18 15,28.80512,1.520417,87.9065,23.170732
2014-05-18 16,28.449503,1.7376195,82.31707,27.439024
2014-05-18 17,27.204834,0.79743785,92.98781,34.451218
2014-05-18 18,28.271692,1.7376195,103.150406,38.414635
2014-05-18 19,32.894737,1.9548218,122.45935,40.243904
2014-05-18 20,36.984352,1.7376195,141.26016,42.07317
2014-05-18 21,32.00569,1.7376195,143.80081,47.560974
2014-05-18 22,26.849218,0.81237894,150.40651,54.26829
2014-05-18 23,26.671406,1.7376195,141.26016,49.085365
2014-05-19 00,23.11522,0.8014716,125.50813,44.512196
2014-05-19 01,22.403982,1.7376195,106.70731,40.853657
2014-05-19 02,19.381224,1.7376195,101.11789,36.585365
2014-05-19 03,16.714083,1.520417,101.626015,33.23171
2014-05-19 04,25.20354,0.8049573,95.02032,33.536587
2014-05-19 05,19.381224,1.7376195,80.79269,33.841465
2014-05-19 06,25.426743,1.7376195,67.5813,22.256098
2014-05-19 07,34.49502,0.80231595,82.8252,32.012196
2014-05-19 08,32.894737,1.7376195,91.97154,30.792683
2014-05-19 09,30.227596,1.7376195,98.57723,25.304878
2014-05-19 10,27.738264,1.7376195,111.78862,29.878048
2014-05-19 11,27.560457,0.80113643,110.772354,35.67073
2014-05-19 12,24.893314,1.3032146,102.13415,43.90244
2014-05-19 13,24.004267,0.79039377,119.953674,36.585365
2014-05-19 14,23.826458,1.3032146,88.414635,34.146343
2014-05-19 15,23.648647,1.520417,90.955284,32.92683
2014-05-19 16,25.429222,1.7376195,89.4309,37.19512
2014-05-19 17,23.29303,1.7376195,90.955284,40.57542
2014-05-19 18,25.604553,2.1720243,129.06505,46.951218
2014-05-19 19,28.093882,1.7376195,146.34148,55.792683
2014-05-19 20,28.982933,1.7376195,146.34148,43.90244
2014-05-19 21,27.027029,1.7376195,154.47154,54.878048
2014-05-19 22,26.137981,1.7376195,153.45529,54.878048
2014-05-19 23,24.537695,0.8094288,138.21138,40.524532
2014-05-20 00,25.41654,1.7376195,123.47561,42.07317
2014-05-20 01,18.492176,1.7376195,101.626015,41.158535
2014-05-20 02,17.78094,1.7376195,95.52846,40.772408
2014-05-20 03,17.069702,1.7376195,90.44715,30.792683
2014-05-20 04,17.78094,1.7376195,87.9065,32.621952
2014-05-20 05,19.203413,1.7376195,80.79269,31.09756
2014-05-20 06,23.470839,1.7376195,72.15447,20.731707
2014-05-20 07,25.468716,1.7376195,91.46342,39.984474
2014-05-20 08,29.338549,1.7376195,93.49593,28.963415
2014-05-20 09,25.782362,1.7376195,120.54084,29.268293
2014-05-20 10,25.482557,1.520417,97.05285,35.365852
2014-05-20 11,24.004267,0.82048666,94.51219,43.90244
2014-05-20 12,23.470839,1.3032146,90.44715,48.780487
2014-05-20 13,24.359886,1.7376195,90.955284,41.76829
2014-05-20 14,23.826458,1.7376195,75.203255,36.280487
2014-05-20 15,22.93741,0.8123286,88.414635,42.987804
2014-05-20 16,25.112505,1.7376195,80.79269,46.341465
2014-05-20 17,23.11522,1.7376195,123.19401,53.353657
2014-05-20 18,23.648647,2.1720243,116.361786,55.792683
2014-05-20 19,26.493599,1.7376195,151.9309,41.231495
2014-05-20 20,26.849218,1.7376195,168.69919,55.792683
2014-05-20 21,26.137981,1.7376195,162.09349,63.719513
2014-05-20 22,24.182077,1.7376195,145.32521,64.63415
2014-05-20 23,23.29303,1.7376195,136.17886,59.451218
2014-05-21 00,21.159317,1.7376195,115.85366,49.390244
2014-05-21 01,25.198729,1.7376195,92.479675,49.085365
2014-05-21 02,17.069702,1.520417,92.479675,42.378048
2014-05-21 03,16.536274,1.7376195,120.67748,43.292683
2014-05-21 04,17.069702,1.7376195,89.939026,40.548782
2014-05-21 05,17.958748,1.7376195,86.38211,40.36934
2014-05-21 06,22.403982,1.7376195,66.05691,40.513992
2014-05-21 07,33.428165,1.7376195,86.89024,34.146343
2014-05-21 08,28.271692,1.7376195,84.85773,33.23171
2014-05-21 09,25.071123,1.7376195,94.51219,30.182926
2014-05-21 10,23.11522,1.520417,110.772354,39.634148
2014-05-21 11,23.29303,1.520417,100.60975,41.158535
2014-05-21 12,23.29303,1.520417,105.69106,56.09756
2014-05-21 13,24.182077,1.7376195,101.11789,40.243904
2014-05-21 14,23.648647,1.520417,77.743904,37.19512
2014-05-21 15,23.648647,1.520417,96.544716,44.817074
2014-05-21 16,22.93741,1.7376195,121.03636,35.67073
2014-05-21 17,20.44808,0.7935815,100.10162,42.682926
2014-05-21 18,23.11522,2.606429,130.58943,48.47561
2014-05-21 19,27.560457,1.7376195,164.63414,63.109756
2014-05-21 20,27.916075,1.7376195,165.6504,55.792683
2014-05-21 21,26.671406,1.7376195,155.48781,41.70065
2014-05-21 22,25.782362,1.7376195,154.47154,74.69512
2014-05-21 23,24.004267,1.7376195,127.54066,66.46342
2014-05-22 00,21.159317,0.8102866,114.32927,55.182926
2014-05-22 01,17.958748,1.7376195,99.5935,54.878048
2014-05-22 02,17.24751,1.7376195,96.03658,48.47561
2014-05-22 03,16.358463,1.7376195,94.51219,46.646343
2014-05-22 04,16.891891,1.7376195,122.13752,44.207317
2014-05-22 05,18.314367,0.81183183,79.77642,47.560974
2014-05-22 06,22.759602,1.7376195,67.5813,31.707317
2014-05-22 07,33.961594,1.7376195,88.414635,41.463413
2014-05-22 08,29.694168,1.7376195,90.955284,36.280487
2014-05-22 09,25.382488,1.9548218,86.89024,29.878048
2014-05-22 10,24.893314,1.7376195,102.64227,27.134146
2014-05-22 11,25.307236,1.7376195,94.00407,35.365852
2014-05-22 12,23.470839,1.7376195,92.98781,34.451218
2014-05-22 13,23.470839,1.7376195,81.30081,39.939026
2014-05-22 14,23.648647,1.520417,79.268295,37.5
2014-05-22 15,22.759602,1.520417,86.38211,31.09756
2014-05-22 16,22.759602,1.7376195,92.479675,33.841465
2014-05-22 17,23.648647,1.7376195,90.955284,38.414635
2014-05-22 18,24.537695,1.520417,102.13415,45.121952
2014-05-22 19,28.449503,1.7376195,172.76422,45.42683
2014-05-22 20,25.253517,1.9548218,169.20732,59.451218
2014-05-22 21,28.62731,1.7376195,126.56024,59.451218
2014-05-22 22,27.204834,1.7376195,150.40651,67.07317
2014-05-22 23,25.426743,1.7376195,124.58861,57.317074
2014-05-23 00,22.048365,1.7376195,119.9187,51.219513
2014-05-23 01,18.136559,0.79316646,100.10162,49.69512
2014-05-23 02,17.24751,0.79618627,120.86695,47.256096
2014-05-23 03,16.891891,1.7376195,87.9065,45.73171
2014-05-23 04,17.42532,0.8175049,86.38211,45.73171
2014-05-23 05,19.025604,1.7376195,81.30081,46.341465
2014-05-23 06,22.759602,1.7376195,61.99187,32.621952
2014-05-23 07,35.56188,1.7376195,77.23577,39.02439
2014-05-23 08,29.694168,1.7376195,83.333336,40.853657
2014-05-23 09,27.027029,0.86880976,91.46342,40.18299
2014-05-23 10,26.671406,1.3032146,111.78862,40.375652
2014-05-23 11,24.893314,1.3032146,120.9676,37.80488
2014-05-23 12,25.604553,1.3032146,97.560974,39.939026
2014-05-23 13,25.071123,1.7376195,97.05285,36.890244
2014-05-23 14,24.715506,1.7376195,80.79269,40.853657
2014-05-23 15,23.826458,1.7376195,96.03658,42.682926
2014-05-23 16,23.470839,1.7376195,99.085365,40.167896
2014-05-23 17,23.648647,1.520417,95.52846,40.243904
2014-05-23 18,25.426743,2.1720243,120.42683,46.341465
2014-05-23 19,27.738264,1.7376195,142.78455,41.00645
2014-05-23 20,27.560457,2.8236315,154.97968,41.588646
2014-05-23 21,26.137981,0.8009792,121.54006,48.780487
2014-05-23 22,23.470839,1.7376195,141.7683,59.756096
2014-05-23 23,25.345049,1.7376195,131.09756,64.32927
2014-05-24 00,22.403982,1.7376195,127.54066,56.09756
2014-05-24 01,19.025604,1.7376195,103.65854,41.222134
2014-05-24 02,18.847795,1.7376195,97.560974,44.512196
2014-05-24 03,17.78094,1.7376195,91.97154,40.243904
2014-05-24 04,18.136559,1.7376195,84.85773,40.548782
2014-05-24 05,20.09246,0.80421126,77.743904,41.463413
2014-05-24 06,22.226173,0.8293928,50.813007,29.878048
2014-05-24 07,27.027029,1.7376195,70.63008,28.353659
2014-05-24 08,25.644531,2.1720243,123.353264,39.32927
2014-05-24 09,27.738264,3.040834,99.5935,39.939026
2014-05-24 10,28.62731,0.7920064,125.50813,35.060974
2014-05-24 11,25.606222,1.7376195,138.71951,40.548782
2014-05-24 12,30.938833,1.7376195,121.73938,31.09756
2014-05-24 13,29.516361,1.7376195,125.50813,39.939026
2014-05-24 14,28.271692,1.7376195,106.70731,39.02439
2014-05-24 15,28.093882,1.7376195,107.21545,35.060974
2014-05-24 16,27.027029,1.7376195,115.34553,26.219513
2014-05-24 17,26.849218,1.9548218,123.98374,32.92683
2014-05-24 18,25.230406,1.7376195,119.41057,34.146343
2014-05-24 19,30.938833,1.7376195,147.86586,45.73171
2014-05-24 20,27.738264,1.7376195,132.11382,42.682926
2014-05-24 21,26.31579,1.7376195,119.41057,40.24299
2014-05-24 22,24.715506,1.7376195,131.09756,58.841465
2014-05-24 23,27.027029,1.7376195,132.11382,63.109756
2014-05-25 00,22.93741,1.7376195,127.54066,60.365852
2014-05-25 01,20.09246,0.0,99.5935,53.048782
2014-05-25 02,18.492176,0.0,141.00452,49.085365
2014-05-25 03,17.24751,1.520417,90.44715,40.03191
2014-05-25 04,17.60313,1.520417,89.4309,40.853657
2014-05-25 05,25.273762,1.7376195,72.15447,39.939026
2014-05-25 06,22.048365,1.7376195,49.79675,29.268293
2014-05-25 07,25.363276,1.7376195,65.04065,27.134146
2014-05-25 08,26.31579,1.7376195,124.32025,41.598988
2014-05-25 09,29.694168,1.7376195,82.8252,26.829268
2014-05-25 10,31.472261,1.7376195,131.09756,34.146343
2014-05-25 11,31.82788,1.7376195,167.17479,34.146343
2014-05-25 12,31.472261,1.7376195,144.30894,46.341465
2014-05-25 13,29.338549,1.7376195,121.4431,32.92683
2014-05-25 14,28.449503,1.7376195,110.772354,34.146343
2014-05-25 15,25.307459,1.520417,101.626015,30.182926
2014-05-25 16,27.560457,1.7376195,92.479675,26.829268
2014-05-25 17,25.782362,1.7376195,96.03658,27.439024
2014-05-25 18,28.62731,1.7376195,122.928566,30.182926
2014-05-25 19,25.55404,1.9548218,122.06036,35.060974
2014-05-25 20,30.761024,1.7376195,129.57317,31.707317
2014-05-25 21,27.560457,1.7376195,139.22765,44.817074
2014-05-25 22,26.137981,1.7376195,137.70325,52.439026
2014-05-25 23,24.537695,1.7376195,139.73578,57.92683
2014-05-26 00,22.759602,1.7376195,127.54066,40.65953
2014-05-26 01,25.211905,1.7376195,103.65854,38.719513
2014-05-26 02,17.958748,1.7376195,91.46342,39.634148
2014-05-26 03,17.958748,1.520417,81.808945,37.19512
2014-05-26 04,18.847795,1.7376195,80.28455,40.853657
2014-05-26 05,19.736841,1.7376195,72.662605,40.548782
2014-05-26 06,24.359886,1.7376195,57.418697,29.878048
2014-05-26 07,37.69559,1.7376195,77.743904,33.23171
2014-05-26 08,31.82788,1.7376195,86.89024,32.621952
2014-05-26 09,27.916075,1.7376195,121.01833,23.780487
2014-05-26 10,25.269037,1.7376195,106.19919,23.780487
2014-05-26 11,28.449503,0.8138944,103.150406,34.451218
2014-05-26 12,27.916075,1.3032146,83.84146,47.256096
2014-05-26 13,25.426743,1.520417,81.808945,32.317074
2014-05-26 14,26.671406,1.3032146,76.21951,32.317074
2014-05-26 15,25.214363,1.520417,84.85773,41.158535
2014-05-26 16,25.426743,1.7376195,88.414635,37.19512
2014-05-26 17,27.027029,1.7376195,96.03658,46.646343
2014-05-26 18,28.093882,0.82233584,109.756096,47.865852
2014-05-26 19,29.16074,1.7376195,145.32521,51.52439
2014-05-26 20,31.650072,1.7376195,159.55284,53.963413
2014-05-26 21,28.982933,1.7376195,148.88211,57.92683
2014-05-26 22,25.782362,1.7376195,150.40651,66.15854
2014-05-26 23,26.31579,1.7376195,132.62195,59.756096
2014-05-27 00,22.759602,1.7376195,119.41057,47.256096
2014-05-27 01,19.381224,1.7376195,104.6748,42.378048
2014-05-27 02,18.669987,1.7376195,99.085365,38.414635
2014-05-27 03,17.958748,1.7376195,91.97154,40.06581
2014-05-27 04,25.265469,1.7376195,93.49593,37.19512
2014-05-27 05,21.870554,1.7376195,80.79269,38.719513
2014-05-27 06,25.071123,0.7924433,71.138214,28.353659
2014-05-27 07,36.628735,1.7376195,123.17934,31.40244
2014-05-27 08,25.255627,1.7376195,96.03658,32.92683
2014-05-27 09,26.849218,1.7376195,87.9065,40.537838
2014-05-27 10,27.027029,1.520417,97.560974,40.608593
2014-05-27 11,27.204834,1.520417,105.18294,42.07317
2014-05-27 12,25.96017,1.3032146,109.756096,39.634148
2014-05-27 13,27.916075,1.7376195,95.02032,35.67073
2014-05-27 14,26.137981,1.7376195,91.97154,31.707317
2014-05-27 15,23.826458,1.7376195,93.49593,39.02439
2014-05-27 16,23.826458,1.7376195,122.69183,42.987804
2014-05-27 17,25.312143,1.7376195,98.06911,41.15092
2014-05-27 18,25.782362,0.81680757,116.86991,45.121952
2014-05-27 19,27.738264,1.7376195,177.84555,41.36647
2014-05-27 20,28.093882,1.7376195,178.8618,51.82927
2014-05-27 21,27.204834,1.7376195,149.89838,50.914635
2014-05-27 22,23.826458,1.7376195,154.97968,64.939026
2014-05-27 23,23.29303,1.7376195,148.88211,62.80488
2014-05-28 00,20.625889,1.7376195,127.54066,49.390244
2014-05-28 01,17.78094,1.7376195,101.626015,42.987804
2014-05-28 02,17.069702,1.520417,95.52846,42.378048
2014-05-28 03,17.24751,1.7376195,94.51219,40.853657
2014-05-28 04,17.78094,1.7376195,120.07035,38.109756
2014-05-28 05,19.203413,1.7376195,80.79269,40.21808
2014-05-28 06,25.44655,1.7376195,68.597565,28.04878
2014-05-28 07,34.672832,1.7376195,97.560974,33.536587
2014-05-28 08,29.16074,1.7376195,98.06911,35.67073
2014-05-28 09,27.738264,1.7376195,84.349594,33.536587
2014-05-28 10,25.96017,0.81384313,92.479675,42.07317
2014-05-28 11,25.071123,1.520417,89.4309,50.609756
2014-05-28 12,24.537695,1.520417,95.52846,40.898624
2014-05-28 13,24.359886,1.7376195,87.9065,36.280487
2014-05-28 14,24.004267,1.520417,82.8252,39.919308
2014-05-28 15,23.470839,1.520417,82.31707,45.42683
2014-05-28 16,23.648647,1.7376195,121.753044,39.634148
2014-05-28 17,25.28031,2.1720243,95.02032,45.42683
2014-05-28 18,25.96017,2.606429,113.31301,50.609756
2014-05-28 19,27.738264,1.7376195,152.94716,62.19512
2014-05-28 20,25.357244,1.7376195,150.91463,57.92683
2014-05-28 21,27.027029,1.7376195,142.78455,57.012196
2014-05-28 22,25.96017,1.7376195,161.58537,63.719513
2014-05-28 23,25.426138,1.7376195,133.13008,58.841465
2014-05-29 00,22.93741,1.7376195,123.47561,40.68863
2014-05-29 01,18.669987,1.7376195,102.64227,50.30488
2014-05-29 02,18.136559,1.7376195,95.52846,42.07317
2014-05-29 03,17.42532,1.7376195,97.560974,39.634148
2014-05-29 04,18.492176,1.7376195,94.51219,38.109756
2014-05-29 05,21.159317,1.7376195,83.84146,40.126034
2014-05-29 06,24.004267,1.7376195,72.15447,26.219513
2014-05-29 07,36.095306,1.7376195,91.46342,33.841465
2014-05-29 08,29.694168,1.7376195,86.38211,36.280487
2014-05-29 09,26.493599,1.9548218,86.89024,40.501396
2014-05-29 10,28.093882,1.7376195,110.26423,36.280487
2014-05-29 11,27.916075,1.7376195,112.296745,42.07317
2014-05-29 12,24.182077,1.7376195,104.166664,42.987804
2014-05-29 13,24.359886,1.7376195,99.085365,36.585365
2014-05-29 14,23.826458,1.520417,90.955284,31.707317
2014-05-29 15,25.382977,0.802076,84.85773,40.243904
2014-05-29 16,23.29303,1.7376195,88.414635,40.853657
2014-05-29 17,23.648647,1.7376195,98.57723,49.69512
2014-05-29 18,25.96017,1.520417,123.5362,58.23171
2014-05-29 19,29.694168,1.7376195,175.30487,54.878048
2014-05-29 20,27.916075,1.9548218,161.07724,55.487804
2014-05-29 21,27.560457,1.7376195,151.9309,60.97561
2014-05-29 22,24.359886,1.7376195,151.42276,41.167767
2014-05-29 23,24.359886,1.7376195,130.0813,64.32927
2014-05-30 00,19.736841,1.7376195,126.01626,50.30488
2014-05-30 01,20.09246,1.7376195,111.28048,42.682926
2014-05-30 02,17.60313,1.7376195,107.72358,39.939026
2014-05-30 03,17.78094,1.7376195,99.5935,38.719513
2014-05-30 04,18.314367,1.7376195,97.560974,37.5
2014-05-30 05,19.914652,1.7376195,84.349594,36.890244
2014-05-30 06,23.826458,1.7376195,69.61382,27.439024
2014-05-30 07,33.783783,1.7376195,92.98781,32.317074
2014-05-30 08,32.36131,1.7376195,104.166664,31.40244
2014-05-30 09,25.298988,0.86880976,98.06911,25.609756
2014-05-30 10,27.027029,0.7901265,101.626015,27.134146
2014-05-30 11,27.204834,1.3032146,96.03658,26.829268
2014-05-30 12,28.449503,1.3032146,122.09089,29.268293
2014-05-30 13,28.62731,1.7376195,97.560974,23.780487
2014-05-30 14,27.738264,1.7376195,88.922775,27.743902
2014-05-30 15,26.671406,1.7376195,95.52846,33.841465
2014-05-30 16,26.849218,1.7376195,104.6748,34.756096
2014-05-30 17,28.62731,1.520417,122.06782,31.707317
2014-05-30 18,29.871977,2.1720243,104.6748,33.23171
2014-05-30 19,30.761024,1.7376195,139.73578,42.07317
2014-05-30 20,29.871977,2.8236315,135.67073,40.243904
2014-05-30 21,25.96017,1.7376195,132.62195,40.548782
2014-05-30 22,25.782362,1.7376195,125.00141,57.317074
2014-05-30 23,24.359886,0.7986992,143.80081,62.19512
2014-05-31 00,23.826458,1.7376195,130.58943,46.951218
2014-05-31 01,25.47702,1.7376195,108.231705,39.634148
2014-05-31 02,20.625889,1.7376195,92.479675,35.97561
2014-05-31 03,25.302874,1.7376195,87.9065,34.146343
2014-05-31 04,25.344395,0.8211426,90.955284,40.34813
2014-05-31 05,25.247517,2.1720243,72.15447,33.23171
2014-05-31 06,24.537695,1.7376195,51.82927,23.780487
2014-05-31 07,27.916075,1.7376195,120.94186,24.085365
2014-05-31 08,29.871977,2.1720243,88.922775,26.219513
2014-05-31 09,33.428165,0.7965791,101.11789,27.439024
2014-05-31 10,32.1835,1.9548218,123.933174,41.00284
2014-05-31 11,31.650072,1.7376195,126.52439,31.707317
2014-05-31 12,32.716927,1.7376195,111.78862,33.536587
2014-05-31 13,29.338549,1.7376195,109.24797,24.390244
2014-05-31 14,28.449503,1.7376195,118.39431,33.23171
2014-05-31 15,27.560457,1.7376195,105.18294,35.060974
2014-05-31 16,25.96017,1.7376195,122.25774,31.09756
2014-05-31 17,28.093882,1.9548218,104.6748,40.05568
2014-05-31 18,28.62731,1.7376195,126.01626,34.451218
2014-05-31 19,25.486155,1.7376195,149.39024,44.207317
2014-05-31 20,29.16074,1.7376195,132.62195,47.560974
2014-05-31 21,26.493599,1.7376195,125.720406,57.012196
2014-05-31 22,25.96017,0.79715335,136.687,51.82927
2014-05-31 23,25.426743,1.7376195,150.91463,52.134148
2014-06-01 00,24.004267,1.7376195,131.09756,41.37579
2014-06-01 01,25.763542,0.0,112.296745,42.378048
2014-06-01 02,18.669987,0.0,104.6748,38.414635
2014-06-01 03,17.069702,1.520417,98.57723,36.280487
2014-06-01 04,18.136559,1.520417,88.414635,34.756096
2014-06-01 05,19.203413,1.7376195,122.23974,32.621952
2014-06-01 06,21.337126,1.7376195,56.40244,19.512196
2014-06-01 07,25.248934,1.7376195,76.727646,21.341463
2014-06-01 08,27.027029,1.7376195,78.760155,40.225822
2014-06-01 09,33.072548,1.7376195,123.25147,19.817074
2014-06-01 10,35.917496,1.7376195,121.96415,25.0
2014-06-01 11,34.85064,1.7376195,142.78455,41.293194
2014-06-01 12,34.672832,1.7376195,121.951225,25.0
2014-06-01 13,30.405405,1.7376195,96.544716,26.219513
2014-06-01 14,25.114723,1.7376195,87.9065,40.5757
2014-06-01 15,26.849218,1.520417,88.414635,27.134146
2014-06-01 16,27.204834,1.7376195,95.02032,23.780487
2014-06-01 17,28.62731,1.7376195,85.873985,25.0
2014-06-01 18,28.982933,0.79119885,96.544716,33.23171
2014-06-01 19,31.116644,1.9548218,123.98374,36.280487
2014-06-01 20,33.783783,1.7376195,137.19513,36.280487
2014-06-01 21,29.516361,0.8122907,132.11382,46.036587
2014-06-01 22,27.204834,1.7376195,144.81708,57.92683
2014-06-01 23,25.248934,0.8036428,137.19513,47.256096
2014-06-02 00,23.470839,1.7376195,114.32927,40.548782
2014-06-02 01,19.025604,1.7376195,96.03658,36.890244
2014-06-02 02,17.42532,0.78250396,92.479675,34.451218
2014-06-02 03,17.60313,1.520417,119.70131,32.621952
2014-06-02 04,18.669987,1.7376195,91.97154,33.536587
2014-06-02 05,21.337126,1.7376195,74.69512,33.536587
2014-06-02 06,24.182077,1.7376195,122.2075,23.170732
2014-06-02 07,36.806545,0.77902454,122.80292,27.439024
2014-06-02 08,25.568289,1.7376195,95.02032,29.878048
2014-06-02 09,28.982933,1.7376195,121.7008,23.475609
2014-06-02 10,25.652754,1.7376195,121.55132,31.40244
2014-06-02 11,27.027029,1.3032146,102.13415,22.560976
2014-06-02 12,26.849218,1.3032146,95.02032,33.841465
2014-06-02 13,26.31579,1.520417,108.73984,32.012196
2014-06-02 14,25.96017,1.3032146,95.02032,29.573172
2014-06-02 15,24.359886,1.520417,99.5935,30.487804
2014-06-02 16,28.093882,1.7376195,99.085365,39.02439
2014-06-02 17,28.271692,1.7376195,107.21545,40.243904
2014-06-02 18,30.405405,2.1720243,128.04878,50.0
2014-06-02 19,25.160316,1.7376195,162.09349,53.658535
2014-06-02 20,31.82788,1.7376195,150.91463,41.14686
2014-06-02 21,29.16074,1.7376195,154.97968,57.621952
2014-06-02 22,26.493599,1.7376195,161.58537,41.19326
2014-06-02 23,25.782362,1.7376195,125.72039,57.92683
2014-06-03 00,23.470839,1.7376195,124.49187,49.085365
2014-06-03 01,19.559032,0.8102226,100.10162,41.76829
2014-06-03 02,19.203413,1.7376195,97.560974,38.719513
2014-06-03 03,17.78094,1.7376195,96.03658,40.211754
2014-06-03 04,19.203413,1.7376195,94.00407,37.19512
2014-06-03 05,22.048365,1.7376195,80.28455,34.756096
2014-06-03 06,25.482147,1.7376195,118.99621,23.780487
2014-06-03 07,36.806545,0.8017411,85.36585,33.23171
2014-06-03 08,33.250355,1.7376195,122.08504,33.841465
2014-06-03 09,25.164518,1.7376195,88.414635,33.23171
2014-06-03 10,29.338549,1.520417,96.03658,33.536587
2014-06-03 11,27.916075,1.520417,97.05285,35.97561
2014-06-03 12,25.413902,1.3032146,122.94366,40.548782
2014-06-03 13,27.204834,1.7376195,86.89024,40.739132
2014-06-03 14,27.204834,1.7376195,82.8252,40.14487
2014-06-03 15,24.004267,1.7376195,92.479675,30.792683
2014-06-03 16,25.96017,1.7376195,95.52846,31.40244
2014-06-03 17,26.31579,1.7376195,86.38211,34.451218
2014-06-03 18,28.982933,2.1720243,105.69106,37.80488
2014-06-03 19,31.650072,1.7376195,164.12602,50.30488
2014-06-03 20,33.605976,1.7376195,168.19107,50.914635
2014-06-03 21,30.405405,1.7376195,149.89838,48.17073
2014-06-03 22,27.382647,1.7376195,157.0122,57.92683
2014-06-03 23,24.359886,1.7376195,141.26016,51.82927
2014-06-04 00,25.41823,1.7376195,117.88618,42.07317
2014-06-04 01,18.847795,1.7376195,97.560974,40.548782
2014-06-04 02,17.60313,1.520417,98.57723,41.122517
2014-06-04 03,25.44228,1.7376195,89.4309,34.146343
2014-06-04 04,18.492176,1.7376195,93.49593,34.451218
2014-06-04 05,19.736841,1.7376195,80.79269,34.451218
2014-06-04 06,25.426743,1.7376195,67.07317,24.390244
2014-06-04 07,37.339973,1.7376195,84.85773,29.573172
2014-06-04 08,31.650072,1.7376195,86.38211,39.760227
2014-06-04 09,27.382647,1.7376195,104.166664,27.743902
2014-06-04 10,27.916075,1.520417,120.57812,30.182926
2014-06-04 11,26.671406,1.520417,102.64227,41.01696
2014-06-04 12,26.671406,1.520417,105.69106,33.536587
2014-06-04 13,26.31579,1.7376195,87.9065,28.04878
2014-06-04 14,25.96017,1.520417,120.22228,27.134146
2014-06-04 15,25.49384,1.520417,92.479675,35.060974
2014-06-04 16,24.537695,1.7376195,86.38211,39.02439
2014-06-04 17,23.29303,2.1720243,122.75276,35.97561
2014-06-04 18,27.027029,0.78939295,122.96676,41.158535
2014-06-04 19,25.229645,1.7376195,148.88211,53.048782
2014-06-04 20,28.62731,1.7376195,130.58943,41.07986
2014-06-04 21,31.472261,1.7376195,134.65446,48.780487
2014-06-04 22,28.271692,1.7376195,163.61789,62.19512
2014-06-04 23,25.782362,1.7376195,124.13445,40.71545
2014-06-05 00,23.11522,1.7376195,122.45935,44.207317
2014-06-05 01,18.847795,1.7376195,122.03991,39.634148
2014-06-05 02,17.42532,0.7843201,97.560974,38.414635
2014-06-05 03,17.24751,1.7376195,92.98781,40.706387
2014-06-05 04,19.025604,1.7376195,97.05285,34.756096
2014-06-05 05,25.148237,1.7376195,79.77642,34.756096
2014-06-05 06,25.604553,1.7376195,73.17074,24.695122
2014-06-05 07,36.806545,1.7376195,123.58451,35.67073
2014-06-05 08,31.82788,1.7376195,87.9065,38.719513
2014-06-05 09,27.916075,1.9548218,99.085365,30.792683
2014-06-05 10,26.671406,1.7376195,114.837395,33.841465
2014-06-05 11,25.209267,1.7376195,102.64227,37.5
2014-06-05 12,25.96017,1.7376195,110.26423,37.19512
2014-06-05 13,26.137981,1.7376195,93.49593,35.060974
2014-06-05 14,24.715506,0.80305713,88.922775,35.97561
2014-06-05 15,27.382647,1.520417,88.922775,40.548782
2014-06-05 16,27.738264,0.8006228,79.77642,41.463413
2014-06-05 17,25.31452,0.7758642,121.09283,43.59756
2014-06-05 18,28.982933,1.520417,123.47561,47.560974
2014-06-05 19,30.761024,1.7376195,173.27235,48.780487
2014-06-05 20,31.294453,1.9548218,146.34148,51.52439
2014-06-05 21,29.16074,1.7376195,143.29268,48.17073
2014-06-05 22,27.560457,1.7376195,124.935486,60.060974
2014-06-05 23,24.715506,1.7376195,129.57317,51.82927
2014-06-06 00,23.29303,1.7376195,114.837395,37.80488
2014-06-06 01,19.381224,1.7376195,123.040535,37.5
2014-06-06 02,18.136559,1.7376195,84.349594,36.280487
2014-06-06 03,25.259449,1.7376195,90.44715,34.146343
2014-06-06 04,18.847795,1.7376195,89.4309,34.756096
2014-06-06 05,20.625889,1.7376195,74.69512,33.536587
2014-06-06 06,26.31579,1.7376195,64.532524,39.77637
2014-06-06 07,34.31721,0.8124129,84.349594,28.353659
2014-06-06 08,29.694168,1.7376195,85.873985,29.878048
2014-06-06 09,26.671406,0.7916395,90.44715,29.573172
2014-06-06 10,26.31579,1.3032146,108.73984,30.792683
2014-06-06 11,25.426743,1.3032146,96.03658,35.060974
2014-06-06 12,24.004267,1.3032146,121.9688,34.146343
2014-06-06 13,24.359886,1.7376195,96.544716,34.146343
2014-06-06 14,23.826458,1.7376195,84.85773,35.97561
2014-06-06 15,23.11522,1.7376195,96.544716,32.92683
2014-06-06 16,22.403982,1.7376195,102.13415,34.756096
2014-06-06 17,23.29303,1.520417,109.24797,39.32927
2014-06-06 18,25.249327,2.1720243,116.86991,44.512196
2014-06-06 19,26.671406,1.7376195,131.09756,51.219513
2014-06-06 20,27.204834,2.8236315,158.53659,49.390244
2014-06-06 21,24.893314,1.7376195,151.9309,52.743904
2014-06-06 22,23.648647,0.80053014,148.37398,63.719513
2014-06-06 23,23.470839,1.7376195,154.97968,61.890244
2014-06-07 00,22.759602,1.7376195,141.26016,49.085365
2014-06-07 01,18.492176,1.7376195,116.86991,46.341465
2014-06-07 02,25.204487,0.804198,103.150406,42.682926
2014-06-07 03,17.069702,1.7376195,101.11789,40.64306
2014-06-07 04,17.78094,0.78505164,97.560974,36.890244
2014-06-07 05,18.669987,2.1720243,81.30081,34.451218
2014-06-07 06,25.54341,1.7376195,63.00813,24.085365
2014-06-07 07,24.004267,0.80002505,81.30081,26.524391
2014-06-07 08,26.849218,2.1720243,96.03658,34.451218
2014-06-07 09,29.516361,3.040834,105.69106,36.890244
2014-06-07 10,27.560457,1.9548218,125.50813,43.90244
2014-06-07 11,27.916075,1.7376195,119.41057,44.817074
2014-06-07 12,28.271692,1.7376195,126.01626,39.634148
2014-06-07 13,28.093882,1.7376195,117.37805,38.414635
2014-06-07 14,25.537304,1.7376195,123.98374,42.07317
2014-06-07 15,25.96017,1.7376195,121.4431,35.365852
2014-06-07 16,24.537695,0.79673564,108.231705,30.182926
2014-06-07 17,23.826458,1.9548218,102.13415,32.012196
2014-06-07 18,24.182077,1.7376195,115.85366,40.691498
2014-06-07 19,28.271692,1.7376195,125.0,40.85776
2014-06-07 20,25.334614,1.7376195,133.63821,32.92683
2014-06-07 21,26.31579,1.7376195,133.63821,41.03267
2014-06-07 22,23.29303,1.7376195,133.63821,51.52439
2014-06-07 23,23.470839,0.8085713,138.71951,51.82927
2014-06-08 00,22.759602,1.7376195,129.57317,51.52439
2014-06-08 01,18.847795,0.0,112.80488,48.17073
2014-06-08 02,17.069702,0.0,132.72731,41.463413
2014-06-08 03,16.714083,1.520417,96.03658,35.365852
2014-06-08 04,17.78094,1.520417,94.00407,33.841465
2014-06-08 05,18.847795,1.7376195,82.31707,31.09756
2014-06-08 06,21.514936,1.7376195,54.36992,21.341463
2014-06-08 07,23.29303,1.7376195,70.12195,22.560976
2014-06-08 08,25.604553,1.7376195,121.82143,26.524391
2014-06-08 09,26.849218,1.7376195,108.73984,24.695122
2014-06-08 10,28.093882,1.7376195,125.50813,31.707317
2014-06-08 11,27.560457,0.7729439,123.06934,37.5
2014-06-08 12,30.049786,1.7376195,143.29268,50.30488
2014-06-08 13,28.449503,1.7376195,104.6748,39.939026
2014-06-08 14,26.31579,1.7376195,97.560974,32.92683
2014-06-08 15,26.493599,1.520417,94.00407,29.268293
2014-06-08 16,25.071123,1.7376195,97.05285,27.439024
2014-06-08 17,25.604553,1.7376195,92.479675,24.695122
2014-06-08 18,27.738264,1.7376195,105.69106,25.609756
2014-06-08 19,27.560457,1.9548218,116.86991,32.317074
2014-06-08 20,28.271692,1.7376195,133.63821,35.365852
2014-06-08 21,26.493599,1.7376195,136.17886,40.548782
2014-06-08 22,25.426743,1.7376195,162.09349,57.317074
2014-06-08 23,24.715506,1.7376195,145.32521,41.19983
2014-06-09 00,22.048365,1.7376195,122.09624,45.121952
2014-06-09 01,17.78094,1.7376195,110.26423,39.634148
2014-06-09 02,17.069702,1.7376195,98.06911,39.634148
2014-06-09 03,17.24751,0.7848243,92.98781,33.841465
2014-06-09 04,25.325441,1.7376195,89.4309,35.365852
2014-06-09 05,25.424124,1.7376195,71.138214,31.40244
2014-06-09 06,22.93741,1.7376195,63.00813,40.36034
2014-06-09 07,30.761024,1.7376195,81.808945,26.829268
2014-06-09 08,28.80512,1.7376195,81.808945,40.72228
2014-06-09 09,27.204834,1.7376195,96.03658,24.390244
2014-06-09 10,27.382647,1.7376195,109.24797,25.304878
2014-06-09 11,25.43695,1.3032146,117.37805,32.012196
2014-06-09 12,27.382647,1.3032146,104.6748,39.999454
2014-06-09 13,24.893314,1.520417,104.166664,29.878048
2014-06-09 14,25.604553,1.3032146,95.52846,30.182926
2014-06-09 15,24.004267,1.520417,122.50169,28.658537
2014-06-09 16,24.359886,1.7376195,90.955284,27.134146
2014-06-09 17,24.537695,1.7376195,98.06911,31.40244
2014-06-09 18,25.27355,2.1720243,102.64227,35.365852
2014-06-09 19,29.338549,1.7376195,124.47651,40.853657
2014-06-09 20,29.16074,0.8004424,146.34148,43.59756
2014-06-09 21,27.382647,1.7376195,145.83333,41.120705
2014-06-09 22,25.96017,0.8018222,143.29268,54.57317
2014-06-09 23,25.071123,1.7376195,134.14635,55.792683
2014-06-10 00,23.11522,0.7914752,115.34553,48.17073
2014-06-10 01,19.559032,1.7376195,108.231705,40.853657
2014-06-10 02,18.669987,1.7376195,93.49593,38.719513
2014-06-10 03,17.60313,1.7376195,94.51219,34.756096
2014-06-10 04,19.025604,1.7376195,90.44715,34.451218
2014-06-10 05,21.337126,1.7376195,81.30081,33.536587
2014-06-10 06,23.29303,1.7376195,66.05691,40.55006
2014-06-10 07,24.715506,1.7376195,75.71138,23.170732
2014-06-10 08,26.31579,1.7376195,84.349594,40.516132
2014-06-10 09,27.560457,1.7376195,97.560974,40.057827
2014-06-10 10,29.694168,1.520417,120.93496,25.609756
2014-06-10 11,25.52983,1.520417,144.30894,29.268293
2014-06-10 12,31.294453,1.3032146,134.14635,31.09756
2014-06-10 13,30.583214,1.7376195,115.34553,29.268293
2014-06-10 14,28.62731,1.7376195,113.31301,25.0
2014-06-10 15,28.982933,1.7376195,103.150406,25.914635
2014-06-10 16,27.560457,1.7376195,102.13415,27.134146
2014-06-10 17,26.849218,0.7874689,110.26423,24.085365
2014-06-10 18,25.44908,2.1720243,120.42683,29.573172
2014-06-10 19,31.294453,1.7376195,123.98374,36.890244
2014-06-10 20,32.1835,1.7376195,160.5691,39.939026
2014-06-10 21,29.338549,0.79292524,123.71071,41.76829
2014-06-10 22,27.027029,1.7376195,124.61141,55.487804
2014-06-10 23,25.220057,1.7376195,143.80081,53.963413
2014-06-11 00,23.648647,1.7376195,120.42683,41.463413
2014-06-11 01,18.847795,1.7376195,106.70731,39.02439
2014-06-11 02,17.78094,1.520417,99.5935,37.80488
2014-06-11 03,17.42532,1.7376195,95.02032,34.756096
2014-06-11 04,18.847795,1.7376195,86.38211,35.365852
2014-06-11 05,22.581793,0.80142415,73.17074,33.536587
2014-06-11 06,25.426743,1.7376195,68.08943,24.390244
2014-06-11 07,33.605976,1.7376195,88.922775,28.963415
2014-06-11 08,25.415966,1.7376195,120.03139,28.353659
2014-06-11 09,31.472261,1.7376195,96.544716,23.170732
2014-06-11 10,28.62731,0.8043044,112.80488,39.731716
2014-06-11 11,29.16074,1.520417,92.479675,22.865854
2014-06-11 12,25.631065,1.520417,120.73229,29.878048
2014-06-11 13,27.916075,1.7376195,108.73984,23.780487
2014-06-11 14,27.027029,1.520417,90.955284,28.353659
2014-06-11 15,24.893314,1.520417,120.65263,23.475609
2014-06-11 16,27.204834,1.7376195,100.60975,40.64101
2014-06-11 17,28.62731,2.1720243,100.10162,30.792683
2014-06-11 18,30.405405,2.606429,120.93496,34.146343
2014-06-11 19,36.273117,1.7376195,161.58537,41.76829
2014-06-11 20,38.05121,1.7376195,140.75203,39.634148
2014-06-11 21,35.02845,1.7376195,160.06097,50.30488
2014-06-11 22,28.271692,1.7376195,170.7317,67.68293
2014-06-11 23,26.31579,1.7376195,124.536545,64.02439
2014-06-12 00,25.071123,1.7376195,129.06505,44.207317
2014-06-12 01,22.048365,0.7856456,109.756096,40.548782
2014-06-12 02,19.025604,1.7376195,105.18294,39.32927
2014-06-12 03,18.136559,1.7376195,94.00407,36.890244
2014-06-12 04,19.025604,1.7376195,97.05285,35.97561
2014-06-12 05,22.581793,1.7376195,79.268295,31.40244
2014-06-12 06,26.137981,1.7376195,69.10569,25.0
2014-06-12 07,35.20626,1.7376195,96.03658,32.012196
2014-06-12 08,33.961594,0.8093562,97.05285,28.963415
2014-06-12 09,32.716927,1.9548218,124.81974,35.060974
2014-06-12 10,25.581614,1.7376195,117.88618,35.365852
2014-06-12 11,27.382647,1.7376195,123.46466,37.5
2014-06-12 12,27.382647,1.7376195,107.21545,43.292683
2014-06-12 13,27.916075,1.7376195,108.73984,32.012196
2014-06-12 14,29.338549,1.520417,121.06355,32.317074
2014-06-12 15,25.095865,0.79222065,101.626015,35.365852
2014-06-12 16,28.271692,1.7376195,105.18294,39.939026
2014-06-12 17,27.204834,1.7376195,113.31301,42.07317
2014-06-12 18,30.227596,1.520417,123.98374,46.951218
2014-06-12 19,36.450924,1.7376195,146.84958,50.0
2014-06-12 20,35.917496,1.9548218,145.32521,41.463413
2014-06-12 21,30.583214,1.7376195,158.02846,42.987804
2014-06-12 22,27.027029,1.7376195,162.09349,57.317074
2014-06-12 23,26.493599,1.7376195,154.47154,50.609756
2014-06-13 00,25.426743,0.7973942,132.62195,42.987804
2014-06-13 01,20.803698,0.78814125,119.9187,37.5
2014-06-13 02,19.025604,1.7376195,110.772354,37.80488
2014-06-13 03,17.78094,1.7376195,102.64227,33.536587
2014-06-13 04,19.381224,1.7376195,96.03658,37.19512
2014-06-13 05,22.226173,1.7376195,84.85773,31.707317
2014-06-13 06,24.182077,1.7376195,120.890144,22.865854
2014-06-13 07,27.560457,1.7376195,94.00407,26.219513
2014-06-13 08,29.338549,1.7376195,122.715065,27.134146
2014-06-13 09,30.938833,0.86880976,132.62195,29.878048
2014-06-13 10,32.894737,1.3032146,121.46273,32.012196
2014-06-13 11,32.716927,1.3032146,139.73578,34.146343
2014-06-13 12,30.227596,1.3032146,134.65446,36.890244
2014-06-13 13,28.271692,1.7376195,134.14635,34.146343
2014-06-13 14,27.204834,1.7376195,117.88618,37.5
2014-06-13 15,28.271692,1.7376195,108.231705,39.634148
2014-06-13 16,27.560457,1.7376195,109.24797,34.756096
2014-06-13 17,29.694168,1.520417,108.231705,35.365852
2014-06-13 18,33.961594,2.1720243,125.0,40.726048
2014-06-13 19,38.22902,1.7376195,151.9309,43.90244
2014-06-13 20,35.02845,2.8236315,163.61789,39.02439
2014-06-13 21,32.53912,1.7376195,127.03253,38.109756
2014-06-13 22,27.560457,1.7376195,146.34148,60.060974
2014-06-13 23,27.027029,1.7376195,138.71951,40.687466
2014-06-14 00,24.893314,1.7376195,121.951225,48.47561
2014-06-14 01,20.803698,1.7376195,117.37805,44.207317
2014-06-14 02,18.847795,1.7376195,122.99406,42.07317
2014-06-14 03,17.958748,1.7376195,99.5935,36.890244
2014-06-14 04,18.314367,1.7376195,96.03658,37.5
2014-06-14 05,21.514936,2.1720243,78.25203,32.621952
2014-06-14 06,24.359886,1.7376195,72.15447,25.914635
2014-06-14 07,28.093882,1.7376195,91.97154,22.560976
2014-06-14 08,28.80512,2.1720243,89.4309,22.865854
2014-06-14 09,31.472261,3.040834,109.24797,30.487804
2014-06-14 10,31.82788,1.9548218,123.98374,30.182926
2014-06-14 11,31.82788,1.7376195,121.72492,32.621952
2014-06-14 12,32.00569,0.7855297,122.92104,36.890244
2014-06-14 13,25.57706,1.7376195,141.26016,28.353659
2014-06-14 14,27.738264,1.7376195,117.88618,35.67073
2014-06-14 15,27.560457,1.7376195,115.34553,40.853657
2014-06-14 16,27.916075,1.7376195,121.951225,41.463413
2014-06-14 17,28.982933,0.7898542,124.49187,39.02439
2014-06-14 18,31.472261,1.7376195,129.57317,36.585365
2014-06-14 19,38.05121,1.7376195,139.73578,41.76829
2014-06-14 20,37.339973,1.7376195,148.88211,52.134148
2014-06-14 21,33.961594,1.7376195,123.98374,48.47561
2014-06-14 22,29.694168,1.7376195,131.6057,55.182926
2014-06-14 23,28.80512,1.7376195,155.48781,48.17073
2014-06-15 00,27.916075,1.7376195,146.34148,49.085365
2014-06-15 01,23.470839,0.0,117.37805,52.439026
2014-06-15 02,21.337126,0.0,110.26423,47.256096
2014-06-15 03,18.314367,1.520417,99.085365,50.0
2014-06-15 04,19.914652,1.520417,93.49593,41.76829
2014-06-15 05,22.403982,1.7376195,75.203255,38.414635
2014-06-15 06,25.467865,1.7376195,59.451218,39.939354
2014-06-15 07,28.80512,1.7376195,72.15447,40.070305
2014-06-15 08,28.093882,1.7376195,81.30081,30.792683
2014-06-15 09,25.27708,1.7376195,90.955284,25.914635
2014-06-15 10,33.250355,1.7376195,133.13008,32.92683
2014-06-15 11,32.894737,1.7376195,144.30894,37.5
2014-06-15 12,34.31721,1.7376195,125.50813,40.802155
2014-06-15 13,31.650072,0.80523723,101.11789,36.890244
2014-06-15 14,27.738264,1.7376195,101.626015,39.32927
2014-06-15 15,27.382647,1.520417,106.19919,34.451218
2014-06-15 16,27.916075,1.7376195,111.78862,34.451218
2014-06-15 17,28.62731,1.7376195,112.296745,35.67073
2014-06-15 18,32.00569,1.7376195,100.10162,39.939026
2014-06-15 19,38.762447,0.82903177,117.88618,49.085365
2014-06-15 20,37.51778,1.7376195,128.04878,43.292683
2014-06-15 21,34.139404,1.7376195,159.04471,50.609756
2014-06-15 22,32.1835,1.7376195,166.15854,73.47561
2014-06-15 23,27.560457,0.82513314,142.78455,63.719513
2014-06-16 00,25.96017,1.7376195,126.01626,60.67073
2014-06-16 01,19.736841,0.77616876,121.66164,50.0
2014-06-16 02,18.136559,1.7376195,104.166664,47.865852
2014-06-16 03,17.958748,1.520417,93.49593,44.817074
2014-06-16 04,18.492176,1.7376195,94.51219,48.47561
2014-06-16 05,25.452091,1.7376195,87.9065,40.853657
2014-06-16 06,26.671406,1.7376195,123.93329,41.323193
2014-06-16 07,34.139404,1.7376195,89.4309,35.365852
2014-06-16 08,33.961594,1.7376195,89.4309,31.09756
2014-06-16 09,25.38213,1.7376195,86.38211,27.743902
2014-06-16 10,30.405405,1.7376195,105.18294,27.134146
2014-06-16 11,29.16074,1.3032146,106.70731,30.792683
2014-06-16 12,26.849218,1.3032146,97.05285,30.487804
2014-06-16 13,26.493599,1.520417,92.98781,31.09756
2014-06-16 14,26.671406,1.3032146,85.873985,35.060974
2014-06-16 15,28.093882,1.520417,121.88013,41.463413
2014-06-16 16,26.31579,1.7376195,99.5935,40.548782
2014-06-16 17,26.671406,1.7376195,113.82114,37.19512
2014-06-16 18,28.093882,2.1720243,124.164986,43.90244
2014-06-16 19,35.02845,1.7376195,151.9309,57.317074
2014-06-16 20,35.56188,1.7376195,132.62195,72.86585
2014-06-16 21,33.250355,1.7376195,152.43903,67.98781
2014-06-16 22,27.560457,1.7376195,163.61789,41.160126
2014-06-16 23,26.493599,1.7376195,141.26016,65.85366
2014-06-17 00,24.182077,1.7376195,123.98374,51.52439
2014-06-17 01,20.44808,1.7376195,108.73984,51.82927
2014-06-17 02,19.025604,1.7376195,121.96063,47.256096
2014-06-17 03,25.45504,1.7376195,95.52846,41.158535
2014-06-17 04,19.736841,1.7376195,88.414635,44.817074
2014-06-17 05,23.826458,1.7376195,83.333336,36.890244
2014-06-17 06,26.849218,1.7376195,64.532524,28.658537
2014-06-17 07,31.82788,1.7376195,125.166504,41.76829
2014-06-17 08,33.250355,1.7376195,78.25203,35.67073
2014-06-17 09,28.093882,1.7376195,99.085365,30.182926
2014-06-17 10,27.382647,1.520417,110.26423,39.634148
2014-06-17 11,28.449503,1.520417,103.150406,36.585365
2014-06-17 12,27.916075,1.3032146,106.19919,39.842712
2014-06-17 13,27.560457,1.7376195,121.43586,32.317074
2014-06-17 14,26.31579,1.7376195,94.00407,41.158535
2014-06-17 15,24.893314,1.7376195,100.60975,49.085365
2014-06-17 16,24.182077,1.7376195,86.89024,46.646343
2014-06-17 17,25.782362,1.7376195,123.91521,53.963413
2014-06-17 18,29.338549,2.1720243,129.06505,49.085365
2014-06-17 19,32.894737,1.7376195,183.94308,41.404102
2014-06-17 20,33.783783,1.7376195,125.05026,58.841465
2014-06-17 21,31.116644,1.7376195,150.91463,41.554295
2014-06-17 22,27.738264,1.7376195,164.63414,97.560974
2014-06-17 23,26.137981,0.8275609,134.65446,76.82927
2014-06-18 00,24.182077,1.7376195,123.95064,53.048782
2014-06-18 01,25.586763,1.7376195,122.189865,40.706738
2014-06-18 02,25.090101,1.520417,93.49593,47.256096
2014-06-18 03,17.60313,1.7376195,87.39838,42.682926
2014-06-18 04,18.847795,1.7376195,92.479675,46.341465
2014-06-18 05,22.403982,1.7376195,71.64634,38.109756
2014-06-18 06,26.137981,1.7376195,62.5,32.621952
2014-06-18 07,32.53912,1.7376195,79.77642,39.32927
2014-06-18 08,32.716927,1.7376195,93.49593,33.841465
2014-06-18 09,28.093882,1.7376195,120.76347,28.963415
2014-06-18 10,26.849218,1.520417,105.69106,32.317074
2014-06-18 11,27.027029,1.520417,99.085365,33.23171
2014-06-18 12,28.62731,1.520417,101.11789,33.536587
2014-06-18 13,27.560457,1.7376195,107.72358,26.829268
2014-06-18 14,27.027029,0.7920696,89.939026,32.317074
2014-06-18 15,28.271692,1.520417,87.9065,39.8218
2014-06-18 16,25.96017,1.7376195,101.626015,46.036587
2014-06-18 17,27.738264,0.8074829,93.49593,39.939026
2014-06-18 18,28.449503,0.8099363,116.361786,43.90244
2014-06-18 19,32.53912,0.81568795,159.04471,53.048782
2014-06-18 20,33.961594,1.7376195,160.06097,51.219513
2014-06-18 21,32.00569,1.7376195,140.75203,42.378048
2014-06-18 22,25.069773,1.7376195,142.78455,66.15854
2014-06-18 23,27.560457,1.7376195,130.58943,58.23171
2014-06-19 00,25.285383,1.7376195,122.206406,42.987804
2014-06-19 01,20.44808,1.7376195,105.69106,40.43102
2014-06-19 02,25.404543,1.7376195,96.03658,40.548782
2014-06-19 03,18.669987,1.7376195,91.97154,37.80488
2014-06-19 04,20.09246,1.7376195,85.36585,41.009468
2014-06-19 05,22.759602,1.7376195,78.25203,32.317074
2014-06-19 06,26.31579,1.7376195,60.46748,21.646341
2014-06-19 07,34.31721,0.81943214,88.922775,32.012196
2014-06-19 08,33.783783,1.7376195,88.922775,38.414635
2014-06-19 09,29.694168,1.9548218,88.414635,30.792683
2014-06-19 10,27.560457,1.7376195,90.955284,41.76829
2014-06-19 11,28.093882,1.7376195,95.52846,42.07317
2014-06-19 12,27.738264,1.7376195,113.31301,39.32927
2014-06-19 13,27.204834,1.7376195,100.60975,35.97561
2014-06-19 14,27.027029,1.520417,92.479675,39.02439
2014-06-19 15,24.004267,1.520417,92.479675,38.414635
2014-06-19 16,26.137981,1.7376195,85.873985,40.04106
2014-06-19 17,27.738264,1.7376195,86.38211,42.987804
2014-06-19 18,27.916075,1.520417,103.150406,46.341465
2014-06-19 19,32.00569,1.7376195,143.80081,56.40244
2014-06-19 20,36.273117,1.9548218,150.40651,58.23171
2014-06-19 21,31.116644,1.7376195,152.94716,60.365852
2014-06-19 22,27.560457,1.7376195,142.78455,75.0
2014-06-19 23,26.493599,1.7376195,126.01626,61.280487
2014-06-20 00,24.537695,1.7376195,125.0,52.439026
2014-06-20 01,20.803698,1.7376195,104.6748,44.817074
2014-06-20 02,18.492176,1.7376195,93.49593,40.49343
2014-06-20 03,18.847795,1.7376195,121.509476,41.463413
2014-06-20 04,19.736841,0.7951098,84.349594,41.76829
2014-06-20 05,22.581793,1.7376195,71.138214,35.365852
2014-06-20 06,25.05436,1.7376195,60.46748,39.90228
2014-06-20 07,32.716927,1.7376195,123.31722,30.182926
2014-06-20 08,32.53912,1.7376195,92.479675,33.841465
2014-06-20 09,28.271692,0.86880976,81.808945,30.487804
2014-06-20 10,27.382647,1.3032146,106.70731,28.963415
2014-06-20 11,27.382647,1.3032146,102.13415,34.146343
2014-06-20 12,26.493599,1.3032146,106.70731,38.109756
2014-06-20 13,25.428905,1.7376195,88.922775,35.67073
2014-06-20 14,27.027029,1.7376195,122.163574,36.890244
2014-06-20 15,26.137981,1.7376195,90.44715,37.5
2014-06-20 16,28.093882,1.7376195,99.085365,38.719513
2014-06-20 17,25.48493,1.520417,102.13415,35.97561
2014-06-20 18,27.204834,2.1720243,109.756096,42.987804
2014-06-20 19,30.938833,1.7376195,142.78455,40.751263
2014-06-20 20,30.938833,0.8038678,150.40651,44.512196
2014-06-20 21,25.610735,1.7376195,140.2439,42.378048
2014-06-20 22,24.893314,1.7376195,157.52031,56.707317
2014-06-20 23,25.248934,1.7376195,123.099556,50.30488
2014-06-21 00,24.004267,1.7376195,134.65446,46.036587
2014-06-21 01,20.44808,1.7376195,115.34553,42.987804
2014-06-21 02,18.847795,1.7376195,121.03935,36.280487
2014-06-21 03,18.847795,1.7376195,94.00407,40.64564
2014-06-21 04,25.296288,1.7376195,84.349594,34.451218
2014-06-21 05,22.403982,2.1720243,68.08943,31.707317
2014-06-21 06,25.349714,1.7376195,55.386177,21.341463
2014-06-21 07,27.027029,1.7376195,75.71138,25.0
2014-06-21 08,27.560457,2.1720243,98.06911,34.451218
2014-06-21 09,28.62731,0.80843294,94.51219,40.268433
2014-06-21 10,28.982933,1.9548218,121.263016,28.353659
2014-06-21 11,29.338549,1.7376195,104.6748,29.878048
2014-06-21 12,28.62731,1.7376195,121.7566,27.439024
2014-06-21 13,27.560457,1.7376195,104.166664,30.182926
2014-06-21 14,28.271692,1.7376195,108.73984,40.853657
2014-06-21 15,27.204834,1.7376195,100.10162,32.317074
2014-06-21 16,26.849218,1.7376195,101.11789,28.353659
2014-06-21 17,25.43941,1.9548218,101.11789,33.23171
2014-06-21 18,25.388569,1.7376195,101.626015,40.15129
2014-06-21 19,30.938833,1.7376195,114.837395,37.5
2014-06-21 20,33.428165,1.7376195,116.361786,40.75744
2014-06-21 21,28.271692,1.7376195,121.4431,40.548782
2014-06-21 22,27.204834,1.7376195,131.09756,41.179752
2014-06-21 23,27.204834,1.7376195,131.6057,54.26829
2014-06-22 00,25.248934,0.7880015,129.06505,46.036587
2014-06-22 01,22.048365,0.0,109.756096,37.19512
2014-06-22 02,20.803698,0.0,95.02032,38.109756
2014-06-22 03,18.492176,0.8030448,98.57723,34.756096
2014-06-22 04,19.914652,1.520417,94.51219,35.365852
2014-06-22 05,25.259775,1.7376195,121.63735,33.536587
2014-06-22 06,24.537695,1.7376195,54.878048,20.121952
2014-06-22 07,25.604553,1.7376195,120.28426,21.95122
2014-06-22 08,25.071123,0.8068777,78.25203,26.219513
2014-06-22 09,27.204834,1.7376195,96.544716,20.426828
2014-06-22 10,28.449503,1.7376195,121.51898,29.268293
2014-06-22 11,28.093882,1.7376195,126.52439,30.182926
2014-06-22 12,28.80512,1.7376195,123.36826,41.066013
2014-06-22 13,26.493599,1.7376195,120.1269,24.390244
2014-06-22 14,27.916075,1.7376195,94.51219,26.524391
2014-06-22 15,25.96017,1.520417,83.84146,23.170732
2014-06-22 16,24.359886,1.7376195,84.85773,24.085365
2014-06-22 17,23.470839,1.7376195,86.38211,27.743902
2014-06-22 18,25.071123,1.7376195,96.544716,31.40244
2014-06-22 19,25.96017,1.9548218,113.82114,31.707317
2014-06-22 20,27.916075,1.7376195,119.41057,34.146343
2014-06-22 21,27.916075,1.7376195,130.58943,40.243904
2014-06-22 22,27.916075,1.7376195,146.34148,46.646343
2014-06-22 23,27.027029,1.7376195,139.22765,48.780487
2014-06-23 00,25.604553,1.7376195,135.1626,46.341465
2014-06-23 01,24.182077,1.7376195,110.772354,42.07317
2014-06-23 02,21.159317,1.7376195,95.52846,38.109756
2014-06-23 03,20.44808,1.520417,95.52846,35.67073
2014-06-23 04,21.159317,1.7376195,120.16341,32.92683
2014-06-23 05,22.581793,1.7376195,73.17074,31.09756
2014-06-23 06,26.137981,1.7376195,57.418697,20.731707
2014-06-23 07,31.650072,1.7376195,79.77642,26.829268
2014-06-23 08,31.472261,1.7376195,84.349594,31.707317
2014-06-23 09,29.16074,1.7376195,75.203255,22.560976
2014-06-23 10,28.982933,1.7376195,101.11789,27.134146
2014-06-23 11,30.227596,1.3032146,95.02032,26.219513
2014-06-23 12,30.405405,1.3032146,94.00407,39.8344
2014-06-23 13,28.982933,1.520417,101.11789,31.40244
2014-06-23 14,27.738264,1.3032146,76.727646,27.134146
2014-06-23 15,27.916075,1.520417,82.8252,34.146343
2014-06-23 16,26.31579,1.7376195,110.26423,34.146343
2014-06-23 17,27.382647,1.7376195,101.626015,35.365852
2014-06-23 18,27.916075,2.1720243,101.11789,42.682926
2014-06-23 19,30.227596,1.7376195,135.67073,40.438423
2014-06-23 20,31.116644,1.7376195,150.40651,41.112633
2014-06-23 21,25.367716,1.7376195,132.62195,44.207317
2014-06-23 22,27.204834,1.7376195,124.78096,59.146343
2014-06-23 23,28.093882,1.7376195,120.93496,53.353657
2014-06-24 00,24.893314,1.7376195,123.47561,44.817074
2014-06-24 01,21.870554,1.7376195,104.166664,41.463413
2014-06-24 02,20.625889,1.7376195,91.46342,37.5
2014-06-24 03,20.27027,1.7376195,87.9065,36.280487
2014-06-24 04,21.159317,1.7376195,91.97154,33.23171
2014-06-24 05,21.514936,1.7376195,69.61382,32.621952
2014-06-24 06,25.604553,1.7376195,60.975613,21.95122
2014-06-24 07,25.609331,1.7376195,89.4309,30.487804
2014-06-24 08,31.116644,0.78959674,91.46342,25.914635
2014-06-24 09,30.227596,1.7376195,86.38211,26.219513
2014-06-24 10,29.16074,1.520417,105.18294,35.060974
2014-06-24 11,29.338549,1.520417,105.69106,32.012196
2014-06-24 12,28.982933,1.3032146,101.626015,33.841465
2014-06-24 13,25.225763,1.7376195,121.34406,34.756096
2014-06-24 14,27.204834,1.7376195,104.6748,40.26779
2014-06-24 15,25.355343,1.7376195,98.57723,41.158535
2014-06-24 16,27.560457,1.7376195,109.756096,42.987804
2014-06-24 17,26.849218,1.7376195,93.49593,36.890244
2014-06-24 18,27.916075,0.80835307,106.70731,42.07317
2014-06-24 19,31.472261,0.812874,137.70325,48.47561
2014-06-24 20,31.472261,1.7376195,143.29268,47.865852
2014-06-24 21,29.516361,1.7376195,149.39024,47.560974
2014-06-24 22,27.738264,1.7376195,125.24948,62.19512
2014-06-24 23,28.271692,1.7376195,133.13008,60.97561
2014-06-25 00,25.071123,1.7376195,119.9187,40.53875
2014-06-25 01,22.048365,1.7376195,99.5935,40.853657
2014-06-25 02,20.981508,1.520417,90.44715,41.76829
2014-06-25 03,20.27027,1.7376195,92.479675,37.5
2014-06-25 04,21.514936,1.7376195,88.414635,36.585365
2014-06-25 05,23.29303,1.7376195,80.79269,40.404903
2014-06-25 06,26.31579,1.7376195,62.5,39.483295
2014-06-25 07,32.00569,1.7376195,76.21951,27.134146
2014-06-25 08,32.894737,1.7376195,87.39838,31.09756
2014-06-25 09,25.572481,1.7376195,99.5935,33.841465
2014-06-25 10,29.516361,0.80017984,118.39431,35.060974
2014-06-25 11,28.80512,1.520417,106.19919,34.756096
2014-06-25 12,28.80512,1.520417,121.9989,33.536587
2014-06-25 13,27.916075,1.7376195,90.44715,27.743902
2014-06-25 14,28.271692,1.520417,122.73428,28.04878
2014-06-25 15,26.849218,1.520417,96.544716,40.253796
2014-06-25 16,27.916075,0.8065255,122.64872,41.228485
2014-06-25 17,28.62731,2.1720243,83.84146,42.987804
2014-06-25 18,29.871977,2.606429,99.5935,41.02949
2014-06-25 19,32.53912,0.8011013,159.55284,51.52439
2014-06-25 20,31.650072,1.7376195,123.652824,44.817074
2014-06-25 21,30.583214,1.7376195,148.88211,49.69512
2014-06-25 22,29.516361,1.7376195,159.04471,58.841465
2014-06-25 23,28.982933,1.7376195,128.04878,54.57317
2014-06-26 00,25.604553,1.7376195,121.951225,46.341465
2014-06-26 01,22.226173,0.80547345,99.5935,43.59756
2014-06-26 02,20.981508,1.7376195,90.44715,38.719513
2014-06-26 03,20.625889,1.7376195,95.02032,35.97561
2014-06-26 04,22.226173,1.7376195,88.922775,35.060974
2014-06-26 05,24.715506,1.7376195,74.69512,33.536587
2014-06-26 06,27.382647,1.7376195,65.04065,25.609756
2014-06-26 07,33.428165,1.7376195,83.84146,31.09756
2014-06-26 08,34.31721,1.7376195,83.333336,31.707317
2014-06-26 09,29.694168,1.9548218,90.44715,25.914635
2014-06-26 10,30.227596,1.7376195,106.70731,33.841465
2014-06-26 11,30.583214,1.7376195,123.96152,40.54566
2014-06-26 12,32.53912,1.7376195,105.69106,30.182926
2014-06-26 13,31.472261,1.7376195,122.52975,30.487804
2014-06-26 14,29.338549,1.520417,94.00407,30.487804
2014-06-26 15,27.916075,1.520417,109.756096,33.23171
2014-06-26 16,28.449503,1.7376195,123.77234,33.536587
2014-06-26 17,27.204834,1.7376195,101.626015,32.012196
2014-06-26 18,28.80512,1.520417,120.42683,40.985558
2014-06-26 19,33.961594,1.7376195,141.26016,52.743904
2014-06-26 20,35.384068,1.9548218,140.2439,52.743904
2014-06-26 21,25.32417,1.7376195,157.0122,56.09756
2014-06-26 22,30.049786,1.7376195,157.0122,60.67073
2014-06-26 23,28.982933,1.7376195,125.76146,57.317074
2014-06-27 00,24.893314,1.7376195,120.42683,44.817074
2014-06-27 01,22.048365,0.7861277,103.150406,38.414635
2014-06-27 02,21.159317,1.7376195,91.46342,36.890244
2014-06-27 03,20.625889,1.7376195,89.4309,33.536587
2014-06-27 04,21.514936,1.7376195,89.4309,34.146343
2014-06-27 05,24.004267,1.7376195,77.743904,31.707317
2014-06-27 06,28.62731,1.7376195,62.5,23.170732
2014-06-27 07,36.095306,1.7376195,88.414635,32.317074
2014-06-27 08,36.628735,1.7376195,86.38211,37.5
2014-06-27 09,31.294453,0.86880976,96.544716,40.548782
2014-06-27 10,29.516361,1.3032146,93.49593,37.19512
2014-06-27 11,31.116644,1.3032146,107.21545,41.463413
2014-06-27 12,29.871977,0.8125979,107.72358,42.07317
2014-06-27 13,25.510218,1.7376195,121.22703,30.487804
2014-06-27 14,29.16074,1.7376195,87.9065,33.23171
2014-06-27 15,28.271692,1.7376195,95.52846,40.252857
2014-06-27 16,27.560457,1.7376195,124.19767,40.564713
2014-06-27 17,29.16074,1.520417,99.085365,38.109756
2014-06-27 18,31.650072,2.1720243,101.626015,47.256096
2014-06-27 19,25.292633,1.7376195,134.65446,65.243904
2014-06-27 20,35.917496,2.8236315,147.35773,51.219513
2014-06-27 21,32.1835,1.7376195,124.51771,41.492912
2014-06-27 22,25.129967,1.7376195,151.9309,54.26829
2014-06-27 23,30.227596,1.7376195,125.113785,53.658535
2014-06-28 00,26.493599,1.7376195,123.7658,53.658535
2014-06-28 01,23.11522,1.7376195,102.64227,44.817074
2014-06-28 02,22.226173,1.7376195,92.98781,41.463413
2014-06-28 03,21.337126,0.80330586,91.46342,37.5
2014-06-28 04,25.20512,1.7376195,83.84146,38.109756
2014-06-28 05,24.715506,2.1720243,72.662605,36.280487
2014-06-28 06,27.027029,1.7376195,59.451218,25.609756
2014-06-28 07,30.405405,1.7376195,81.808945,28.658537
2014-06-28 08,30.583214,2.1720243,89.4309,29.878048
2014-06-28 09,25.334646,3.040834,100.60975,34.146343
2014-06-28 10,32.53912,1.9548218,121.89365,31.40244
2014-06-28 11,33.605976,0.7831918,118.902435,29.878048
2014-06-28 12,32.53912,1.7376195,112.296745,32.317074
2014-06-28 13,30.583214,1.7376195,109.756096,31.09756
2014-06-28 14,30.583214,1.7376195,123.98374,35.67073
2014-06-28 15,25.52565,1.7376195,113.31301,34.451218
2014-06-28 16,30.583214,1.7376195,107.21545,29.573172
2014-06-28 17,30.583214,1.9548218,104.166664,23.780487
2014-06-28 18,31.294453,1.7376195,109.24797,33.536587
2014-06-28 19,30.583214,1.7376195,137.19513,34.756096
2014-06-28 20,25.450163,1.7376195,135.67073,35.97561
2014-06-28 21,30.761024,1.7376195,120.93496,32.621952
2014-06-28 22,27.916075,1.7376195,124.68048,39.939026
2014-06-28 23,28.80512,1.7376195,124.49187,38.719513
2014-06-29 00,26.31579,1.7376195,121.4431,42.07317
2014-06-29 01,22.048365,0.0,103.150406,37.5
2014-06-29 02,22.581793,0.0,96.03658,37.80488
2014-06-29 03,22.226173,1.520417,90.44715,34.451218
2014-06-29 04,21.159317,0.7951792,85.36585,32.92683
2014-06-29 05,23.470839,1.7376195,73.67886,30.792683
2014-06-29 06,25.604553,1.7376195,59.95935,20.731707
2014-06-29 07,27.560457,1.7376195,69.10569,20.426828
2014-06-29 08,29.516361,1.7376195,80.28455,20.426828
2014-06-29 09,32.00569,1.7376195,97.560974,22.256098
2014-06-29 10,32.894737,0.7958796,117.88618,25.304878
2014-06-29 11,34.672832,1.7376195,150.40651,33.536587
2014-06-29 12,36.095306,1.7376195,128.04878,36.280487
2014-06-29 13,25.389694,1.7376195,94.51219,32.317074
2014-06-29 14,31.294453,1.7376195,101.626015,24.390244
2014-06-29 15,30.049786,1.520417,110.26423,24.695122
2014-06-29 16,29.16074,1.7376195,97.05285,25.609756
2014-06-29 17,29.516361,0.7893128,90.955284,29.573172
2014-06-29 18,30.049786,1.7376195,122.71398,30.792683
2014-06-29 19,35.02845,1.9548218,113.31301,35.365852
2014-06-29 20,36.095306,1.7376195,122.967476,32.621952
2014-06-29 21,32.53912,1.7376195,130.0813,33.536587
2014-06-29 22,31.472261,1.7376195,143.80081,53.353657
2014-06-29 23,29.871977,1.7376195,136.687,49.085365
2014-06-30 00,25.96017,1.7376195,133.13008,41.158535
2014-06-30 01,21.337126,1.7376195,108.231705,35.67073
2014-06-30 02,20.625889,1.7376195,96.03658,35.365852
2014-06-30 03,20.27027,1.520417,97.05285,35.67073
2014-06-30 04,21.159317,1.7376195,89.939026,41.073353
2014-06-30 05,24.182077,1.7376195,75.203255,32.621952
2014-06-30 06,25.164377,1.7376195,65.04065,40.757027
2014-06-30 07,33.072548,1.7376195,83.333336,26.219513
2014-06-30 08,36.273117,1.7376195,79.77642,26.829268
2014-06-30 09,25.264572,1.7376195,82.8252,22.256098
2014-06-30 10,33.783783,1.7376195,89.4309,30.487804
2014-06-30 11,32.894737,1.3032146,123.69881,32.621952
2014-06-30 12,30.938833,1.3032146,88.922775,33.536587
2014-06-30 13,29.516361,1.520417,100.10162,32.621952
2014-06-30 14,31.116644,1.3032146,98.06911,28.04878
2014-06-30 15,29.16074,0.7720874,122.375595,31.707317
2014-06-30 16,27.560457,0.7929983,87.9065,33.841465
2014-06-30 17,29.338549,1.7376195,93.49593,39.939026
2014-06-30 18,31.82788,2.1720243,113.82114,44.512196
2014-06-30 19,32.53912,1.7376195,155.48781,44.817074
2014-06-30 20,36.628735,1.7376195,157.52031,45.121952
2014-06-30 21,33.605976,1.7376195,147.86586,44.512196
2014-06-30 22,30.227596,1.7376195,151.42276,57.621952
2014-06-30 23,25.150467,1.7376195,125.50813,53.353657
2014-07-01 00,26.671406,0.78970647,120.42683,40.853657
2014-07-01 01,22.048365,1.7376195,102.64227,37.19512
2014-07-01 02,21.159317,1.7376195,91.46342,36.280487
2014-07-01 03,20.981508,1.7376195,87.9065,34.756096
2014-07-01 04,22.403982,1.7376195,85.873985,35.67073
2014-07-01 05,25.426743,1.7376195,74.18699,31.09756
2014-07-01 06,28.982933,1.7376195,64.02439,23.780487
2014-07-01 07,32.36131,1.7376195,86.38211,29.878048
2014-07-01 08,33.250355,1.7376195,84.349594,30.487804
2014-07-01 09,29.694168,1.7376195,82.8252,27.743902
2014-07-01 10,29.694168,1.520417,123.77431,37.80488
2014-07-01 11,29.338549,1.520417,97.560974,41.158535
2014-07-01 12,25.50958,1.3032146,100.60975,34.756096
2014-07-01 13,27.560457,1.7376195,99.5935,27.134146
2014-07-01 14,27.382647,1.7376195,94.00407,30.792683
2014-07-01 15,26.31579,1.7376195,86.38211,40.548782
2014-07-01 16,26.849218,1.7376195,95.02032,38.109756
2014-07-01 17,27.916075,1.7376195,87.9065,35.365852
2014-07-01 18,31.116644,2.1720243,89.939026,39.634148
2014-07-01 19,31.294453,1.7376195,136.687,43.59756
2014-07-01 20,33.072548,1.7376195,148.37398,46.951218
2014-07-01 21,30.583214,1.7376195,135.1626,42.987804
2014-07-01 22,28.982933,1.7376195,162.09349,55.792683
2014-07-01 23,30.227596,1.7376195,129.06505,55.487804
2014-07-02 00,27.204834,1.7376195,116.86991,44.512196
2014-07-02 01,22.93741,1.7376195,101.11789,37.80488
2014-07-02 02,21.337126,0.79720867,121.44207,41.047626
2014-07-02 03,21.514936,0.80771935,88.414635,40.459038
2014-07-02 04,22.581793,0.8067762,87.39838,35.67073
2014-07-02 05,24.715506,1.7376195,76.727646,35.060974
2014-07-02 06,28.093882,1.7376195,120.526085,23.780487
2014-07-02 07,32.894737,1.7376195,122.65991,27.743902
2014-07-02 08,33.605976,0.8152064,80.79269,30.182926
2014-07-02 09,25.477232,1.7376195,98.06911,25.0
2014-07-02 10,28.982933,1.520417,90.44715,29.878048
2014-07-02 11,28.80512,1.520417,85.873985,28.353659
2014-07-02 12,28.449503,1.520417,86.89024,34.146343
2014-07-02 13,27.916075,1.7376195,86.89024,40.012672
2014-07-02 14,27.382647,1.520417,120.53323,27.439024
2014-07-02 15,25.416222,0.81495863,90.955284,42.682926
2014-07-02 16,26.671406,1.7376195,123.29343,39.32927
2014-07-02 17,27.027029,2.1720243,86.38211,40.82173
2014-07-02 18,29.694168,0.80127716,91.46342,45.121952
2014-07-02 19,31.116644,1.7376195,125.44713,46.036587
2014-07-02 20,31.650072,1.7376195,124.82556,35.67073
2014-07-02 21,30.049786,1.7376195,146.34148,38.109756
2014-07-02 22,28.093882,1.7376195,145.83333,56.707317
2014-07-02 23,28.093882,1.7376195,145.32521,51.82927
2014-07-03 00,26.137981,1.7376195,128.55692,40.853657
2014-07-03 01,21.870554,1.7376195,102.64227,40.997437
2014-07-03 02,20.44808,1.7376195,90.955284,37.5
2014-07-03 03,21.159317,1.7376195,85.36585,35.060974
2014-07-03 04,21.514936,1.7376195,82.31707,32.92683
2014-07-03 05,24.182077,0.793694,75.203255,34.756096
2014-07-03 06,27.382647,1.7376195,58.94309,22.560976
2014-07-03 07,32.36131,0.81646806,81.808945,28.658537
2014-07-03 08,34.672832,1.7376195,85.36585,25.0
2014-07-03 09,31.472261,1.9548218,81.808945,25.0
2014-07-03 10,30.938833,0.79735094,94.00407,23.475609
2014-07-03 11,30.938833,1.7376195,103.65854,28.04878
2014-07-03 12,31.294453,1.7376195,102.13415,39.881725
2014-07-03 13,30.227596,1.7376195,90.44715,28.04878
2014-07-03 14,29.16074,1.520417,82.8252,29.573172
2014-07-03 15,28.271692,1.520417,92.98781,37.5
2014-07-03 16,27.738264,1.7376195,112.296745,39.939026
2014-07-03 17,31.294453,1.7376195,106.19919,38.414635
2014-07-03 18,25.50182,1.520417,117.88618,44.817074
2014-07-03 19,36.628735,1.7376195,150.91463,41.02138
2014-07-03 20,36.984352,1.9548218,143.29268,40.61053
2014-07-03 21,35.384068,1.7376195,146.84958,54.26829
2014-07-03 22,29.16074,1.7376195,161.07724,62.19512
2014-07-03 23,30.049786,0.8139554,135.67073,64.32927
2014-07-04 00,26.31579,1.7376195,126.01626,52.439026
2014-07-04 01,22.226173,1.7376195,103.65854,47.560974
2014-07-04 02,21.870554,1.7376195,97.05285,44.817074
2014-07-04 03,21.514936,1.7376195,90.955284,42.378048
2014-07-04 04,22.048365,1.7376195,86.89024,40.853657
2014-07-04 05,23.648647,1.7376195,72.15447,40.243904
2014-07-04 06,27.382647,1.7376195,69.61382,31.40244
2014-07-04 07,33.250355,1.7376195,82.31707,38.719513
2014-07-04 08,34.49502,1.7376195,77.23577,38.719513
2014-07-04 09,33.605976,0.86880976,88.414635,36.280487
2014-07-04 10,25.20483,1.3032146,119.87206,32.317074
2014-07-04 11,31.116644,1.3032146,105.18294,32.317074
2014-07-04 12,32.1835,1.3032146,100.10162,34.451218
2014-07-04 13,25.29968,0.79195136,94.51219,32.92683
2014-07-04 14,30.049786,1.7376195,83.84146,39.667484
2014-07-04 15,28.449503,1.7376195,91.46342,36.280487
2014-07-04 16,28.271692,1.7376195,121.7998,36.585365
2014-07-04 17,25.32613,1.520417,108.231705,43.292683
2014-07-04 18,32.00569,2.1720243,125.0,50.30488
2014-07-04 19,34.85064,1.7376195,142.78455,46.646343
2014-07-04 20,36.806545,2.8236315,139.73578,41.30163
2014-07-04 21,31.294453,1.7376195,143.29268,43.292683
2014-07-04 22,29.516361,1.7376195,153.96341,64.02439
2014-07-04 23,31.116644,0.80704165,142.78455,41.07334
2014-07-05 00,27.738264,1.7376195,125.50813,53.963413
2014-07-05 01,22.93741,1.7376195,118.902435,40.604233
2014-07-05 02,21.870554,0.7926425,92.479675,42.378048
2014-07-05 03,21.692745,1.7376195,91.46342,40.853657
2014-07-05 04,22.581793,1.7376195,93.49593,40.243904
2014-07-05 05,24.537695,2.1720243,81.30081,41.76829
2014-07-05 06,27.916075,1.7376195,53.86179,27.743902
2014-07-05 07,29.871977,0.8204889,72.15447,30.487804
2014-07-05 08,30.761024,2.1720243,100.60975,33.23171
2014-07-05 09,32.53912,3.040834,107.21545,35.365852
2014-07-05 10,36.095306,1.9548218,115.85366,46.341465
2014-07-05 11,25.194553,1.7376195,119.41057,41.76829
2014-07-05 12,33.961594,1.7376195,119.41057,45.73171
2014-07-05 13,33.072548,1.7376195,115.34553,38.414635
2014-07-05 14,31.82788,1.7376195,111.78862,34.756096
2014-07-05 15,30.227596,0.81408787,123.47561,45.121952
2014-07-05 16,31.472261,1.7376195,123.47561,48.17073
2014-07-05 17,32.00569,1.9548218,120.93496,41.183636
2014-07-05 18,32.1835,1.7376195,128.04878,48.17073
2014-07-05 19,36.095306,1.7376195,135.1626,46.341465
2014-07-05 20,35.20626,1.7376195,121.951225,54.878048
2014-07-05 21,31.650072,1.7376195,133.63821,50.30488
2014-07-05 22,29.694168,1.7376195,147.35773,64.02439
2014-07-05 23,29.694168,1.7376195,123.98374,66.46342
2014-07-06 00,28.62731,1.7376195,135.1626,60.365852
2014-07-06 01,24.537695,0.0,107.72358,52.743904
2014-07-06 02,22.93741,0.0,98.06911,48.780487
2014-07-06 03,22.581793,1.520417,91.46342,44.512196
2014-07-06 04,25.17535,1.520417,92.98781,43.90244
2014-07-06 05,24.715506,1.7376195,80.28455,43.59756
2014-07-06 06,26.671406,1.7376195,50.813007,33.23171
2014-07-06 07,26.671406,1.7376195,73.67886,33.841465
2014-07-06 08,26.31579,0.81236154,83.84146,31.40244
2014-07-06 09,28.449503,1.7376195,92.479675,30.487804
2014-07-06 10,31.116644,0.78361964,132.62195,30.487804
2014-07-06 11,31.82788,1.7376195,163.10976,43.90244
2014-07-06 12,30.583214,1.7376195,125.76221,46.341465
2014-07-06 13,30.405405,1.7376195,104.166664,36.280487
2014-07-06 14,31.116644,1.7376195,98.06911,25.914635
2014-07-06 15,28.62731,1.520417,101.626015,25.304878
2014-07-06 16,25.96017,1.7376195,120.26471,24.695122
2014-07-06 17,27.204834,1.7376195,95.02032,26.219513
2014-07-06 18,28.80512,1.7376195,87.9065,34.451218
2014-07-06 19,30.049786,1.9548218,104.6748,40.548782
2014-07-06 20,30.761024,1.7376195,127.54066,34.451218
2014-07-06 21,29.516361,1.7376195,111.28048,42.987804
2014-07-06 22,28.449503,1.7376195,131.09756,61.890244
2014-07-06 23,30.227596,1.7376195,131.09756,60.365852
2014-07-07 00,27.382647,1.7376195,127.54066,48.780487
2014-07-07 01,22.403982,1.7376195,106.19919,44.817074
2014-07-07 02,21.337126,1.7376195,96.544716,41.158535
2014-07-07 03,21.159317,1.520417,120.47521,39.634148
2014-07-07 04,22.048365,1.7376195,85.873985,39.634148
2014-07-07 05,25.254208,0.7946903,75.203255,37.19512
2014-07-07 06,27.560457,1.7376195,63.00813,39.56854
2014-07-07 07,32.00569,1.7376195,80.28455,34.451218
2014-07-07 08,33.783783,1.7376195,82.8252,33.841465
2014-07-07 09,31.82788,1.7376195,88.922775,25.609756
2014-07-07 10,32.36131,1.7376195,95.02032,32.012196
2014-07-07 11,32.00569,1.3032146,110.26423,29.573172
2014-07-07 12,31.650072,1.3032146,111.28048,30.792683
2014-07-07 13,28.982933,1.520417,95.52846,23.475609
2014-07-07 14,30.405405,1.3032146,122.279945,40.736065
2014-07-07 15,29.871977,1.520417,110.26423,32.92683
2014-07-07 16,28.80512,0.7854902,122.1772,27.134146
2014-07-07 17,30.583214,1.7376195,92.98781,38.414635
2014-07-07 18,31.650072,2.1720243,116.86991,42.07317
2014-07-07 19,32.894737,1.7376195,141.7683,43.59756
2014-07-07 20,36.273117,1.7376195,154.47154,40.548782
2014-07-07 21,32.53912,1.7376195,164.12602,39.32927
2014-07-07 22,30.405405,1.7376195,173.27235,60.67073
2014-07-07 23,30.405405,1.7376195,123.489685,50.0
2014-07-08 00,27.027029,1.7376195,133.13008,42.682926
2014-07-08 01,22.403982,1.7376195,115.85366,38.109756
2014-07-08 02,20.981508,1.7376195,101.626015,40.392395
2014-07-08 03,21.514936,0.7892401,101.626015,34.146343
2014-07-08 04,21.870554,1.7376195,100.60975,33.841465
2014-07-08 05,25.47056,0.78911394,90.44715,34.451218
2014-07-08 06,28.982933,1.7376195,80.79269,22.256098
2014-07-08 07,33.428165,1.7376195,95.02032,30.792683
2014-07-08 08,25.341045,1.7376195,87.39838,28.963415
2014-07-08 09,31.472261,1.7376195,123.53563,28.658537
2014-07-08 10,32.00569,1.520417,101.11789,40.572144
2014-07-08 11,33.250355,1.520417,120.42683,29.878048
2014-07-08 12,33.428165,1.3032146,112.80488,32.621952
2014-07-08 13,32.894737,1.7376195,99.085365,33.841465
2014-07-08 14,33.250355,1.7376195,101.626015,32.621952
2014-07-08 15,32.716927,1.7376195,105.18294,39.02439
2014-07-08 16,30.761024,1.7376195,98.57723,41.158535
2014-07-08 17,34.31721,1.7376195,100.10162,39.939026
2014-07-08 18,36.628735,2.1720243,124.778694,47.865852
2014-07-08 19,25.572348,1.7376195,153.96341,57.621952
2014-07-08 20,40.54054,1.7376195,157.0122,52.743904
2014-07-08 21,35.20626,1.7376195,157.52031,49.390244
2014-07-08 22,32.716927,1.7376195,158.02846,59.451218
2014-07-08 23,33.783783,1.7376195,136.17886,54.57317
2014-07-09 00,30.761024,1.7376195,120.42683,41.76829
2014-07-09 01,26.493599,1.7376195,105.69106,39.02439
2014-07-09 02,25.604553,1.520417,91.97154,36.280487
2014-07-09 03,24.715506,1.7376195,90.955284,34.451218
2014-07-09 04,26.849218,1.7376195,86.89024,35.365852
2014-07-09 05,28.80512,0.82913256,80.79269,40.42551
2014-07-09 06,32.894737,1.7376195,59.451218,22.256098
2014-07-09 07,39.829304,1.7376195,86.38211,27.743902
2014-07-09 08,41.073967,1.7376195,86.38211,40.52688
2014-07-09 09,36.806545,1.7376195,86.89024,27.743902
2014-07-09 10,37.162163,0.7944645,97.560974,31.09756
2014-07-09 11,35.384068,1.520417,95.02032,36.585365
2014-07-09 12,33.783783,1.520417,96.03658,32.317074
2014-07-09 13,33.428165,1.7376195,91.46342,26.829268
2014-07-09 14,33.961594,1.520417,84.349594,26.219513
2014-07-09 15,32.1835,1.520417,85.36585,32.012196
2014-07-09 16,33.605976,1.7376195,84.85773,36.585365
2014-07-09 17,35.73969,2.1720243,83.333336,45.73171
2014-07-09 18,37.873398,2.606429,106.19919,50.914635
2014-07-09 19,43.20768,1.7376195,125.90848,40.183
2014-07-09 20,44.09673,1.7376195,136.687,70.42683
2014-07-09 21,25.51268,1.7376195,151.9309,57.92683
2014-07-09 22,34.139404,1.7376195,171.23984,40.92144
2014-07-09 23,33.961594,1.7376195,123.13566,40.788868
2014-07-10 00,34.139404,1.7376195,125.0,51.219513
2014-07-10 01,28.80512,1.7376195,106.19919,47.256096
2014-07-10 02,27.916075,1.7376195,85.36585,43.59756
2014-07-10 03,27.027029,1.7376195,88.922775,40.548782
2014-07-10 04,25.14012,1.7376195,83.84146,41.158535
2014-07-10 05,30.405405,1.7376195,77.743904,42.07317
2014-07-10 06,33.783783,1.7376195,64.02439,29.268293
2014-07-10 07,41.607395,1.7376195,89.4309,41.158535
2014-07-10 08,43.20768,1.7376195,86.89024,48.780487
2014-07-10 09,36.984352,0.8312288,87.39838,46.646343
2014-07-10 10,34.85064,1.7376195,88.414635,43.292683
2014-07-10 11,33.783783,1.7376195,86.38211,40.548782
2014-07-10 12,34.31721,1.7376195,92.98781,38.109756
2014-07-10 13,33.783783,1.7376195,93.49593,34.756096
2014-07-10 14,36.095306,1.520417,88.414635,36.585365
2014-07-10 15,34.49502,1.520417,92.98781,42.987804
2014-07-10 16,33.605976,1.7376195,105.18294,47.865852
2014-07-10 17,34.139404,0.8264231,111.28048,50.30488
2014-07-10 18,25.32406,1.520417,128.55692,41.078533
2014-07-10 19,42.496445,1.7376195,129.92825,67.98781
2014-07-10 20,44.630157,1.9548218,149.89838,64.939026
2014-07-10 21,41.607395,1.7376195,151.42276,61.585365
2014-07-10 22,36.450924,0.8173921,165.6504,65.54878
2014-07-10 23,34.31721,1.7376195,133.63821,63.719513
2014-07-11 00,32.894737,0.8069395,137.70325,40.118916
2014-07-11 01,26.849218,1.7376195,111.78862,40.093765
2014-07-11 02,25.071123,1.7376195,97.05285,40.98543
2014-07-11 03,25.248934,1.7376195,95.52846,45.121952
2014-07-11 04,27.204834,1.7376195,122.998535,45.73171
2014-07-11 05,25.527563,1.7376195,79.268295,43.90244
2014-07-11 06,33.072548,1.7376195,121.838776,28.658537
2014-07-11 07,39.118065,1.7376195,83.333336,39.02439
2014-07-11 08,41.251778,1.7376195,88.414635,56.707317
2014-07-11 09,38.584637,0.86880976,92.98781,43.292683
2014-07-11 10,37.339973,1.3032146,111.78862,40.046883
2014-07-11 11,25.463331,1.3032146,107.21545,50.30488
2014-07-11 12,33.605976,1.3032146,115.34553,49.085365
2014-07-11 13,33.428165,0.81399196,95.52846,39.7859
2014-07-11 14,25.150873,0.79752755,98.57723,52.743904
2014-07-11 15,34.31721,1.7376195,98.57723,49.085365
2014-07-11 16,34.672832,1.7376195,93.49593,45.73171
2014-07-11 17,35.02845,1.520417,104.6748,52.439026
2014-07-11 18,38.940254,2.1720243,116.361786,60.97561
2014-07-11 19,44.985775,1.7376195,162.09349,40.421635
2014-07-11 20,42.852062,2.8236315,173.27235,67.07317
2014-07-11 21,40.89616,1.7376195,160.06097,58.841465
2014-07-11 22,34.85064,1.7376195,162.60162,77.743904
2014-07-11 23,33.783783,0.8482985,148.37398,88.10976
2014-07-12 00,33.605976,1.7376195,150.40651,65.54878
2014-07-12 01,28.982933,1.7376195,124.49187,56.40244
2014-07-12 02,28.093882,1.7376195,101.11789,50.30488
2014-07-12 03,28.271692,1.7376195,99.5935,40.076084
2014-07-12 04,29.16074,1.7376195,95.02032,46.036587
2014-07-12 05,30.227596,2.1720243,82.31707,40.530952
2014-07-12 06,33.250355,1.7376195,70.12195,34.451218
2014-07-12 07,35.73969,1.7376195,92.479675,40.27438
2014-07-12 08,36.450924,2.1720243,105.18294,58.23171
2014-07-12 09,39.473682,0.8322342,105.18294,48.17073
2014-07-12 10,40.362732,1.9548218,125.50813,40.853657
2014-07-12 11,39.118065,1.7376195,122.45935,46.951218
2014-07-12 12,39.651493,1.7376195,121.4431,46.646343
2014-07-12 13,36.806545,1.7376195,119.9187,37.5
2014-07-12 14,35.73969,1.7376195,121.951225,45.73171
2014-07-12 15,25.362001,1.7376195,116.86991,34.756096
2014-07-12 16,33.250355,1.7376195,120.42683,40.376324
2014-07-12 17,34.85064,1.9548218,128.55692,46.341465
2014-07-12 18,38.22902,0.82307106,116.86991,62.5
2014-07-12 19,43.20768,1.7376195,141.7683,55.792683
2014-07-12 20,41.607395,1.7376195,133.63821,60.97561
2014-07-12 21,36.450924,0.81898457,134.65446,58.841465
2014-07-12 22,32.716927,1.7376195,144.30894,88.10976
2014-07-12 23,34.139404,1.7376195,131.09756,80.48781
2014-07-13 00,33.250355,1.7376195,140.2439,84.14634
2014-07-13 01,28.271692,0.0,166.83545,68.29269
2014-07-13 02,27.382647,0.0,104.6748,67.98781
2014-07-13 03,26.31579,1.520417,127.12737,67.68293
2014-07-13 04,27.738264,1.520417,104.166664,40.17524
2014-07-13 05,28.982933,1.7376195,87.39838,63.109756
2014-07-13 06,32.716927,1.7376195,126.85566,54.57317
2014-07-13 07,36.095306,1.7376195,78.25203,67.68293
2014-07-13 08,36.095306,1.7376195,128.69264,67.68293
2014-07-13 09,38.05121,1.7376195,103.65854,62.19512
2014-07-13 10,25.151989,1.7376195,126.01626,59.756096
2014-07-13 11,40.00711,0.8241434,127.03253,49.390244
2014-07-13 12,40.362732,1.7376195,121.951225,51.52439
2014-07-13 13,38.05121,1.7376195,103.65854,40.243904
2014-07-13 14,34.139404,1.7376195,97.05285,35.97561
2014-07-13 15,33.072548,1.520417,94.00407,33.23171
2014-07-13 16,32.894737,1.7376195,87.9065,35.97561
2014-07-13 17,33.428165,1.7376195,88.922775,38.414635
2014-07-13 18,37.162163,1.7376195,98.57723,37.80488
2014-07-13 19,40.71835,1.9548218,115.34553,54.878048
2014-07-13 20,40.00711,0.81966347,131.09756,57.012196
2014-07-13 21,35.917496,0.80486465,142.78455,60.67073
2014-07-13 22,33.961594,1.7376195,166.66667,83.84146
2014-07-13 23,35.384068,1.7376195,137.19513,85.060974
2014-07-14 00,25.28703,1.7376195,140.2439,73.78049
2014-07-14 01,26.671406,1.7376195,119.9187,71.34146
2014-07-14 02,25.782362,1.7376195,108.73984,63.414635
2014-07-14 03,26.137981,1.520417,107.72358,59.756096
2014-07-14 04,27.560457,1.7376195,108.231705,63.414635
2014-07-14 05,29.338549,1.7376195,95.02032,60.97561
2014-07-14 06,33.428165,1.7376195,70.12195,51.219513
2014-07-14 07,40.89616,1.7376195,94.51219,64.02439
2014-07-14 08,41.251778,1.7376195,91.46342,65.54878
2014-07-14 09,36.095306,0.88764334,74.18699,56.09756
2014-07-14 10,38.05121,1.7376195,112.296745,68.597565
2014-07-14 11,37.51778,1.3032146,125.0,48.47561
2014-07-14 12,45.87482,1.3032146,104.166664,40.4951
2014-07-14 13,34.49502,1.520417,95.02032,57.621952
2014-07-14 14,33.072548,0.8230978,119.9187,62.19512
2014-07-14 15,31.82788,1.520417,101.626015,60.060974
2014-07-14 16,33.961594,1.7376195,121.4431,53.048782
2014-07-14 17,33.783783,1.7376195,110.26423,62.80488
2014-07-14 18,35.384068,2.1720243,118.902435,40.18217
2014-07-14 19,41.607395,1.7376195,155.48781,40.598137
2014-07-14 20,42.852062,1.7376195,174.28862,40.893944
2014-07-14 21,38.940254,1.7376195,160.06097,84.756096
2014-07-14 22,33.428165,1.7376195,175.30487,92.07317
2014-07-14 23,32.894737,1.7376195,157.52031,88.10976
2014-07-15 00,33.072548,1.7376195,149.89838,78.96342
2014-07-15 01,27.382647,1.7376195,118.39431,71.64634
2014-07-15 02,25.96017,1.7376195,106.19919,67.98781
2014-07-15 03,25.084873,1.7376195,109.756096,65.243904
2014-07-15 04,26.849218,0.80917144,113.31301,66.46342
2014-07-15 05,29.516361,1.7376195,90.44715,65.85366
2014-07-15 06,33.428165,1.7376195,71.64634,55.792683
2014-07-15 07,25.148268,1.7376195,93.49593,60.67073
2014-07-15 08,40.54054,1.7376195,96.03658,71.03658
2014-07-15 09,36.450924,1.7376195,105.69106,62.19512
2014-07-15 10,35.20626,1.520417,121.951225,48.47561
2014-07-15 11,33.961594,0.7889358,122.569374,44.207317
2014-07-15 12,35.73969,1.3032146,113.82114,33.23171
2014-07-15 13,33.428165,1.7376195,106.19919,28.353659
2014-07-15 14,31.82788,0.79270315,100.60975,35.060974
2014-07-15 15,25.266516,1.7376195,111.28048,40.898228
2014-07-15 16,30.583214,1.7376195,119.41057,45.121952
2014-07-15 17,25.038721,0.8040751,106.19919,45.73171
2014-07-15 18,25.411753,2.1720243,118.39431,59.146343
2014-07-15 19,41.607395,1.7376195,140.2439,58.536587
2014-07-15 20,42.140823,1.7376195,139.73578,61.585365
2014-07-15 21,38.05121,1.7376195,165.6504,60.060974
2014-07-15 22,34.672832,1.7376195,127.44911,77.743904
2014-07-15 23,32.716927,1.7376195,140.75203,83.231705
2014-07-16 00,32.00569,1.7376195,143.80081,73.47561
2014-07-16 01,26.137981,1.7376195,126.48135,65.85366
2014-07-16 02,25.248934,1.520417,104.6748,41.089718
2014-07-16 03,25.071123,1.7376195,103.150406,49.69512
2014-07-16 04,25.071123,1.7376195,105.69106,45.42683
2014-07-16 05,27.560457,1.7376195,122.2206,44.512196
2014-07-16 06,33.605976,1.7376195,67.5813,44.817074
2014-07-16 07,40.00711,1.7376195,127.74092,56.40244
2014-07-16 08,41.785206,1.7376195,87.9065,60.67073
2014-07-16 09,36.450924,1.7376195,126.04478,59.756096
2014-07-16 10,34.49502,1.520417,111.28048,49.085365
2014-07-16 11,34.85064,1.520417,108.231705,47.865852
2014-07-16 12,34.31721,0.7985332,126.01626,47.256096
2014-07-16 13,25.456942,1.7376195,114.32927,46.951218
2014-07-16 14,33.428165,1.520417,107.72358,47.865852
2014-07-16 15,33.250355,0.8103847,116.86991,50.609756
2014-07-16 16,33.072548,1.7376195,117.88618,47.865852
2014-07-16 17,35.02845,2.1720243,105.18294,53.353657
2014-07-16 18,25.371765,2.606429,114.32927,68.29269
2014-07-16 19,44.452347,1.7376195,146.34148,79.268295
2014-07-16 20,44.452347,1.7376195,158.02846,77.13415
2014-07-16 21,40.54054,1.7376195,161.58537,61.280487
2014-07-16 22,36.273117,1.7376195,130.16644,89.63415
2014-07-16 23,33.961594,1.7376195,145.83333,40.455376
2014-07-17 00,32.894737,1.7376195,149.39024,54.26829
2014-07-17 01,26.849218,1.7376195,118.902435,53.048782
2014-07-17 02,24.893314,1.7376195,103.65854,46.341465
2014-07-17 03,25.248934,1.7376195,101.626015,43.292683
2014-07-17 04,25.604553,1.7376195,104.6748,43.90244
2014-07-17 05,28.271692,1.7376195,83.84146,42.987804
2014-07-17 06,32.894737,0.78937095,122.81686,29.878048
2014-07-17 07,25.22002,1.7376195,80.28455,39.634148
2014-07-17 08,40.18492,0.84018254,89.4309,50.914635
2014-07-17 09,35.73969,1.9548218,100.60975,47.865852
2014-07-17 10,33.250355,1.7376195,102.64227,53.658535
2014-07-17 11,34.31721,1.7376195,108.231705,47.865852
2014-07-17 12,32.894737,1.7376195,114.837395,42.378048
2014-07-17 13,33.783783,1.7376195,118.902435,35.365852
2014-07-17 14,32.894737,1.520417,105.69106,40.597416
2014-07-17 15,30.938833,1.520417,109.24797,43.90244
2014-07-17 16,30.761024,1.7376195,112.296745,40.447395
2014-07-17 17,34.139404,1.7376195,97.05285,53.658535
2014-07-17 18,35.73969,1.520417,108.231705,40.034443
2014-07-17 19,40.71835,1.7376195,148.88211,70.731705
2014-07-17 20,43.38549,1.9548218,137.19513,65.243904
2014-07-17 21,37.873398,1.7376195,141.26016,56.09756
2014-07-17 22,33.250355,1.7376195,166.66667,71.03658
2014-07-17 23,33.605976,1.7376195,151.42276,75.60976
2014-07-18 00,31.82788,1.7376195,143.80081,59.146343
2014-07-18 01,25.782362,1.7376195,110.26423,53.658535
2014-07-18 02,24.715506,1.7376195,94.51219,47.865852
2014-07-18 03,24.893314,1.7376195,92.479675,42.378048
2014-07-18 04,25.071123,1.7376195,106.70731,42.378048
2014-07-18 05,28.093882,1.7376195,94.00407,44.512196
2014-07-18 06,25.295458,1.7376195,121.89449,31.09756
2014-07-18 07,38.762447,1.7376195,87.39838,34.451218
2014-07-18 08,39.473682,1.7376195,87.39838,47.560974
2014-07-18 09,35.384068,0.8250628,91.97154,42.682926
2014-07-18 10,33.605976,1.3032146,114.837395,45.42683
2014-07-18 11,33.250355,1.3032146,112.296745,47.865852
2014-07-18 12,33.250355,1.3032146,125.0,46.951218
2014-07-18 13,25.501755,1.7376195,99.085365,42.378048
2014-07-18 14,32.36131,1.7376195,85.36585,46.951218
2014-07-18 15,31.82788,1.7376195,92.98781,44.207317
2014-07-18 16,32.894737,0.8185489,98.06911,39.651936
2014-07-18 17,35.02845,1.520417,99.5935,48.17073
2014-07-18 18,35.384068,2.1720243,104.166664,55.487804
2014-07-18 19,35.917496,0.81355774,148.88211,40.30997
2014-07-18 20,38.584637,2.8236315,146.34148,60.67073
2014-07-18 21,34.672832,1.7376195,161.58537,55.182926
2014-07-18 22,33.428165,1.7376195,158.02846,64.32927
2014-07-18 23,32.894737,1.7376195,141.26016,54.878048
2014-07-19 00,33.783783,1.7376195,136.687,47.256096
2014-07-19 01,28.449503,1.7376195,109.24797,47.865852
2014-07-19 02,27.916075,1.7376195,97.560974,44.207317
2014-07-19 03,28.093882,1.7376195,99.085365,41.463413
2014-07-19 04,28.449503,1.7376195,101.11789,42.07317
2014-07-19 05,29.516361,2.1720243,87.39838,40.243904
2014-07-19 06,33.428165,1.7376195,56.40244,40.196564
2014-07-19 07,33.605976,1.7376195,123.59239,31.09756
2014-07-19 08,33.783783,2.1720243,89.939026,35.365852
2014-07-19 09,33.961594,3.040834,101.626015,31.40244
2014-07-19 10,34.31721,1.9548218,135.1626,30.792683
2014-07-19 11,33.605976,1.7376195,140.2439,32.317074
2014-07-19 12,35.20626,1.7376195,121.4431,35.97561
2014-07-19 13,34.85064,1.7376195,114.32927,38.109756
2014-07-19 14,33.961594,0.8064722,113.82114,39.939026
2014-07-19 15,32.894737,1.7376195,113.82114,34.756096
2014-07-19 16,33.605976,1.7376195,123.98374,30.487804
2014-07-19 17,34.85064,1.9548218,116.361786,35.97561
2014-07-19 18,34.49502,1.7376195,102.64227,32.621952
2014-07-19 19,37.69559,1.7376195,125.50813,40.13325
2014-07-19 20,38.05121,1.7376195,134.65446,40.243904
2014-07-19 21,34.139404,1.7376195,133.63821,35.060974
2014-07-19 22,25.5732,1.7376195,138.21138,52.743904
2014-07-19 23,34.31721,1.7376195,128.04878,54.26829
2014-07-20 00,33.428165,1.7376195,126.01626,45.73171
2014-07-20 01,27.738264,0.0,103.150406,50.0
2014-07-20 02,26.31579,0.0,97.560974,44.207317
2014-07-20 03,25.96017,1.520417,87.9065,39.634148
2014-07-20 04,25.426743,1.520417,122.85787,35.97561
2014-07-20 05,27.560457,1.7376195,122.07982,41.127136
2014-07-20 06,31.650072,1.7376195,51.82927,25.914635
2014-07-20 07,30.938833,1.7376195,66.05691,25.609756
2014-07-20 08,32.894737,1.7376195,72.15447,25.0
2014-07-20 09,34.49502,1.7376195,82.31707,24.390244
2014-07-20 10,25.418316,1.7376195,118.902435,26.524391
2014-07-20 11,36.450924,1.7376195,123.711945,27.134146
2014-07-20 12,37.69559,1.7376195,134.65446,29.573172
2014-07-20 13,25.493225,1.7376195,111.78862,27.439024
2014-07-20 14,33.428165,1.7376195,96.03658,25.0
2014-07-20 15,32.36131,1.520417,85.36585,24.390244
2014-07-20 16,32.716927,1.7376195,83.84146,25.0
2014-07-20 17,33.072548,1.7376195,81.30081,30.487804
2014-07-20 18,25.44952,1.7376195,78.760155,29.268293
2014-07-20 19,41.073967,1.9548218,99.5935,31.707317
2014-07-20 20,40.00711,1.7376195,112.80488,34.756096
2014-07-20 21,36.095306,1.7376195,126.52439,45.42683
2014-07-20 22,33.072548,1.7376195,126.35012,58.23171
2014-07-20 23,33.961594,1.7376195,124.49187,56.707317
2014-07-21 00,33.428165,1.7376195,122.967476,50.0
2014-07-21 01,25.782362,1.7376195,99.085365,39.02439
2014-07-21 02,25.22647,1.7376195,89.939026,36.280487
2014-07-21 03,24.715506,1.520417,93.49593,35.365852
2014-07-21 04,24.893314,1.7376195,90.955284,35.67073
2014-07-21 05,27.738264,1.7376195,86.89024,35.060974
2014-07-21 06,32.1835,1.7376195,59.451218,23.780487
2014-07-21 07,36.450924,1.7376195,85.873985,30.792683
2014-07-21 08,38.940254,0.8152267,73.17074,28.658537
2014-07-21 09,35.73969,0.8020913,92.479675,26.524391
2014-07-21 10,35.20626,1.7376195,97.05285,40.298992
2014-07-21 11,34.31721,1.3032146,121.76328,30.487804
2014-07-21 12,33.605976,1.3032146,116.361786,34.756096
2014-07-21 13,33.072548,1.520417,94.51219,28.658537
2014-07-21 14,32.894737,1.3032146,102.13415,33.23171
2014-07-21 15,32.53912,1.520417,99.5935,46.036587
2014-07-21 16,31.82788,1.7376195,96.544716,40.8589
2014-07-21 17,33.428165,1.7376195,101.626015,40.480904
2014-07-21 18,35.20626,2.1720243,125.59159,54.878048
2014-07-21 19,40.89616,1.7376195,136.17886,64.63415
2014-07-21 20,40.54054,1.7376195,157.52031,55.182926
2014-07-21 21,35.917496,1.7376195,153.96341,53.658535
2014-07-21 22,34.139404,1.7376195,158.53659,69.51219
2014-07-21 23,32.894737,0.81782484,149.89838,65.85366
2014-07-22 00,32.894737,1.7376195,143.29268,52.439026
2014-07-22 01,25.171057,1.7376195,107.21545,41.061897
2014-07-22 02,24.359886,1.7376195,104.6748,45.73171
2014-07-22 03,25.782362,0.797719,97.05285,44.817074
2014-07-22 04,25.248934,0.7967646,98.57723,43.292683
2014-07-22 05,27.916075,1.7376195,122.14504,43.292683
2014-07-22 06,32.53912,1.7376195,67.07317,35.060974
2014-07-22 07,25.573244,1.7376195,89.4309,36.280487
2014-07-22 08,39.118065,1.7376195,94.51219,36.890244
2014-07-22 09,36.095306,1.7376195,87.9065,36.280487
2014-07-22 10,36.095306,0.8002418,120.42683,37.5
2014-07-22 11,33.250355,1.520417,117.37805,35.97561
2014-07-22 12,25.189915,1.3032146,101.626015,38.719513
2014-07-22 13,32.53912,1.7376195,84.85773,37.5
2014-07-22 14,34.49502,1.7376195,105.18294,37.19512
2014-07-22 15,32.1835,0.79285717,110.26423,37.80488
2014-07-22 16,32.00569,1.7376195,105.18294,43.292683
2014-07-22 17,25.35813,1.7376195,94.00407,46.036587
2014-07-22 18,36.628735,2.1720243,121.951225,60.67073
2014-07-22 19,40.89616,1.7376195,144.81708,64.63415
2014-07-22 20,42.318634,1.7376195,142.27643,63.109756
2014-07-22 21,38.22902,1.7376195,155.48781,59.146343
2014-07-22 22,33.428165,1.7376195,171.23984,71.64634
2014-07-22 23,35.73969,1.7376195,144.81708,63.719513
2014-07-23 00,33.250355,1.7376195,142.78455,52.134148
2014-07-23 01,25.51942,1.7376195,114.32927,46.036587
2014-07-23 02,25.426743,1.520417,105.69106,43.292683
2014-07-23 03,25.426743,1.7376195,98.57723,41.463413
2014-07-23 04,25.248934,1.7376195,122.3193,41.158535
2014-07-23 05,28.093882,1.7376195,97.05285,44.207317
2014-07-23 06,32.894737,1.7376195,67.5813,39.82157
2014-07-23 07,37.51778,1.7376195,86.89024,37.19512
2014-07-23 08,41.42959,1.7376195,83.333336,35.365852
2014-07-23 09,36.806545,1.7376195,89.939026,34.146343
2014-07-23 10,34.31721,0.8202012,118.902435,43.292683
2014-07-23 11,33.250355,1.520417,97.560974,42.987804
2014-07-23 12,32.53912,1.520417,125.69415,52.134148
2014-07-23 13,32.716927,1.7376195,107.21545,46.036587
2014-07-23 14,33.783783,1.520417,113.31301,42.987804
2014-07-23 15,25.536577,1.520417,94.51219,40.853657
2014-07-23 16,32.1835,0.8055267,88.922775,40.853657
2014-07-23 17,34.85064,2.1720243,84.349594,47.865852
2014-07-23 18,35.917496,2.606429,88.922775,57.621952
2014-07-23 19,37.339973,1.7376195,131.6057,59.146343
2014-07-23 20,40.18492,1.7376195,143.29268,49.085365
2014-07-23 21,25.196907,1.7376195,140.2439,40.768753
2014-07-23 22,33.783783,1.7376195,164.63414,66.768295
2014-07-23 23,33.605976,1.7376195,127.05265,72.256096
2014-07-24 00,32.716927,1.7376195,126.01626,53.353657
2014-07-24 01,27.916075,1.7376195,108.231705,43.90244
2014-07-24 02,25.426743,1.7376195,96.03658,44.207317
2014-07-24 03,26.31579,1.7376195,95.52846,42.378048
2014-07-24 04,25.604553,1.7376195,91.46342,41.158535
2014-07-24 05,28.80512,1.7376195,84.85773,42.987804
2014-07-24 06,33.250355,1.7376195,66.05691,29.268293
2014-07-24 07,36.984352,1.7376195,88.414635,33.23171
2014-07-24 08,37.51778,1.7376195,82.8252,34.756096
2014-07-24 09,34.85064,1.9548218,85.36585,36.890244
2014-07-24 10,33.783783,1.7376195,123.491684,44.817074
2014-07-24 11,34.85064,1.7376195,98.06911,49.69512
2014-07-24 12,33.605976,1.7376195,107.21545,44.512196
2014-07-24 13,33.783783,1.7376195,88.922775,40.192978
2014-07-24 14,25.269531,1.520417,84.349594,40.86537
2014-07-24 15,31.472261,0.8052726,88.414635,32.012196
2014-07-24 16,31.294453,1.7376195,86.89024,41.158535
2014-07-24 17,33.783783,1.7376195,101.11789,44.817074
2014-07-24 18,35.56188,1.520417,122.967476,59.451218
2014-07-24 19,37.162163,1.7376195,140.75203,77.13415
2014-07-24 20,40.71835,1.9548218,165.6504,78.35366
2014-07-24 21,34.49502,1.7376195,149.39024,86.585365
2014-07-24 22,33.250355,0.82739866,148.88211,85.36585
2014-07-24 23,34.139404,1.7376195,124.49187,83.53658
2014-07-25 00,32.1835,1.7376195,144.30894,75.60976
2014-07-25 01,26.671406,1.7376195,112.80488,68.597565
2014-07-25 02,24.715506,1.7376195,102.64227,68.902435
2014-07-25 03,25.604553,1.7376195,97.05285,66.15854
2014-07-25 04,26.493599,1.7376195,95.52846,66.15854
2014-07-25 05,29.16074,1.7376195,87.39838,68.597565
2014-07-25 06,33.605976,1.7376195,63.00813,57.317074
2014-07-25 07,36.273117,1.7376195,87.39838,64.63415
2014-07-25 08,38.584637,1.7376195,100.60975,70.42683
2014-07-25 09,33.783783,0.86880976,95.52846,72.256096
2014-07-25 10,25.043543,1.3032146,109.24797,80.79269
2014-07-25 11,35.02845,1.3032146,111.78862,64.939026
2014-07-25 12,35.20626,1.3032146,116.361786,40.548782
2014-07-25 13,33.605976,1.7376195,125.23442,41.463413
2014-07-25 14,33.605976,0.8151228,109.756096,45.121952
2014-07-25 15,25.492792,1.7376195,101.626015,53.963413
2014-07-25 16,32.716927,1.7376195,93.49593,66.768295
2014-07-25 17,33.961594,1.520417,127.5437,65.85366
2014-07-25 18,35.384068,2.1720243,117.88618,59.451218
2014-07-25 19,38.584637,1.7376195,141.7683,56.707317
2014-07-25 20,40.00711,2.8236315,141.26016,48.47561
2014-07-25 21,34.672832,1.7376195,139.73578,51.52439
2014-07-25 22,34.31721,1.7376195,153.45529,73.17073
2014-07-25 23,33.250355,1.7376195,135.1626,78.35366
2014-07-26 00,32.716927,1.7376195,131.09756,72.560974
2014-07-26 01,26.849218,1.7376195,106.70731,51.219513
2014-07-26 02,25.071123,0.8003088,103.65854,45.73171
2014-07-26 03,25.320814,1.7376195,102.13415,40.186596
2014-07-26 04,25.071123,1.7376195,102.64227,41.76829
2014-07-26 05,28.093882,2.1720243,94.51219,43.292683
2014-07-26 06,25.333136,1.7376195,59.451218,34.451218
2014-07-26 07,34.139404,1.7376195,122.691696,34.146343
2014-07-26 08,36.806545,2.1720243,91.46342,42.987804
2014-07-26 09,25.374783,3.040834,101.626015,43.59756
2014-07-26 10,37.873398,1.9548218,116.86991,40.190914
2014-07-26 11,36.806545,1.7376195,121.951225,52.134148
2014-07-26 12,25.281824,1.7376195,109.24797,43.59756
2014-07-26 13,34.49502,1.7376195,116.361786,40.548782
2014-07-26 14,33.961594,1.7376195,115.85366,41.158535
2014-07-26 15,25.540924,1.7376195,124.49187,42.682926
2014-07-26 16,35.20626,1.7376195,94.51219,49.390244
2014-07-26 17,35.02845,1.9548218,98.57723,48.780487
2014-07-26 18,36.984352,1.7376195,109.756096,50.914635
2014-07-26 19,41.073967,1.7376195,133.63821,60.67073
2014-07-26 20,41.42959,1.7376195,133.13008,61.585365
2014-07-26 21,36.628735,1.7376195,132.62195,41.1964
2014-07-26 22,32.716927,1.7376195,142.27643,89.63415
2014-07-26 23,32.716927,0.83315146,138.21138,81.097565
2014-07-27 00,32.53912,1.7376195,134.14635,67.98781
2014-07-27 01,27.560457,0.0,113.31301,70.12195
2014-07-27 02,26.211895,0.0,101.11789,67.07317
2014-07-27 03,24.715506,1.520417,100.10162,63.719513
2014-07-27 04,24.715506,1.520417,93.49593,61.280487
2014-07-27 05,27.560457,1.7376195,84.85773,59.756096
2014-07-27 06,25.464977,1.7376195,68.08943,51.82927
2014-07-27 07,31.116644,1.7376195,69.10569,41.76829
2014-07-27 08,32.894737,1.7376195,85.36585,42.682926
2014-07-27 09,35.20626,1.7376195,89.939026,44.207317
2014-07-27 10,36.806545,0.80873567,131.6057,56.707317
2014-07-27 11,37.69559,1.7376195,141.26016,44.207317
2014-07-27 12,25.38383,1.7376195,124.49187,36.280487
2014-07-27 13,36.273117,1.7376195,91.46342,40.17501
2014-07-27 14,34.139404,1.7376195,123.837906,39.02439
2014-07-27 15,33.783783,0.7973813,81.808945,33.536587
2014-07-27 16,33.605976,0.7998415,79.77642,33.23171
2014-07-27 17,33.605976,1.7376195,80.28455,32.012196
2014-07-27 18,36.628735,1.7376195,83.333336,38.414635
2014-07-27 19,41.251778,1.9548218,126.67042,51.82927
2014-07-27 20,43.20768,1.7376195,117.37805,53.353657
2014-07-27 21,25.281584,1.7376195,121.4431,63.109756
2014-07-27 22,33.428165,1.7376195,150.91463,82.01219
2014-07-27 23,35.02845,1.7376195,144.30894,73.17073
2014-07-28 00,32.36131,1.7376195,128.4054,74.69512
2014-07-28 01,27.204834,1.7376195,103.150406,61.585365
2014-07-28 02,24.537695,1.7376195,90.44715,57.92683
2014-07-28 03,24.715506,1.520417,122.660995,40.660652
2014-07-28 04,25.116117,1.7376195,98.57723,44.512196
2014-07-28 05,27.738264,1.7376195,89.4309,42.987804
2014-07-28 06,25.26482,1.7376195,121.401375,35.97561
2014-07-28 07,35.73969,1.7376195,76.727646,35.67073
2014-07-28 08,40.18492,1.7376195,82.8252,39.02439
2014-07-28 09,36.806545,0.8230775,80.79269,43.90244
2014-07-28 10,36.273117,1.7376195,117.88618,47.560974
2014-07-28 11,35.384068,1.3032146,121.951225,57.317074
2014-07-28 12,35.73969,1.3032146,107.72358,56.40244
2014-07-28 13,35.384068,1.520417,113.31301,39.93081
2014-07-28 14,35.02845,1.3032146,102.13415,51.82927
2014-07-28 15,33.250355,1.520417,102.13415,39.87031
2014-07-28 16,34.672832,1.7376195,92.479675,68.29269
2014-07-28 17,34.672832,1.7376195,97.560974,71.34146
2014-07-28 18,35.384068,2.1720243,112.80488,81.402435
2014-07-28 19,40.71835,1.7376195,151.42276,83.231705
2014-07-28 20,41.42959,1.7376195,145.32521,73.78049
2014-07-28 21,36.628735,1.7376195,154.97968,80.48781
2014-07-28 22,25.058697,1.7376195,154.97968,89.939026
2014-07-28 23,35.384068,0.8561405,131.6057,88.71951
2014-07-29 00,32.36131,1.7376195,129.57317,40.77427
2014-07-29 01,27.027029,1.7376195,110.772354,66.768295
2014-07-29 02,25.071123,1.7376195,96.544716,63.719513
2014-07-29 03,25.165445,1.7376195,100.10162,62.5
2014-07-29 04,25.604553,1.7376195,98.57723,62.19512
2014-07-29 05,25.332151,1.7376195,89.939026,61.890244
2014-07-29 06,33.072548,1.7376195,60.975613,51.219513
2014-07-29 07,36.984352,0.84154403,87.9065,51.52439
2014-07-29 08,39.118065,1.7376195,86.38211,62.19512
2014-07-29 09,35.384068,1.7376195,101.11789,47.256096
2014-07-29 10,34.31721,1.520417,117.88618,49.085365
2014-07-29 11,34.139404,1.520417,111.28048,46.036587
2014-07-29 12,34.139404,1.3032146,87.39838,48.47561
2014-07-29 13,33.250355,1.7376195,98.06911,39.762875
2014-07-29 14,32.53912,1.7376195,124.101364,33.536587
2014-07-29 15,33.072548,1.7376195,91.46342,37.5
2014-07-29 16,32.36131,1.7376195,99.085365,44.207317
2014-07-29 17,34.85064,1.7376195,94.00407,54.57317
2014-07-29 18,36.628735,2.1720243,97.05285,49.69512
2014-07-29 19,43.91892,1.7376195,144.81708,61.585365
2014-07-29 20,43.741108,1.7376195,138.21138,76.21951
2014-07-29 21,39.118065,0.86533993,138.21138,81.402435
2014-07-29 22,25.368961,1.7376195,166.66667,90.243904
2014-07-29 23,33.961594,1.7376195,137.19513,92.68293
2014-07-30 00,32.53912,1.7376195,137.19513,67.07317
2014-07-30 01,27.560457,1.7376195,117.88618,51.219513
2014-07-30 02,26.137981,1.520417,99.085365,48.780487
2014-07-30 03,26.137981,1.7376195,94.51219,45.42683
2014-07-30 04,25.604553,1.7376195,99.085365,49.390244
2014-07-30 05,28.449503,1.7376195,86.38211,48.780487
2014-07-30 06,25.535046,1.7376195,72.662605,37.80488
2014-07-30 07,38.406826,1.7376195,82.31707,52.439026
2014-07-30 08,40.54054,1.7376195,126.77627,53.658535
2014-07-30 09,36.806545,1.7376195,93.49593,45.73171
2014-07-30 10,35.02845,1.520417,113.82114,53.048782
2014-07-30 11,34.139404,1.520417,106.19919,59.756096
2014-07-30 12,32.894737,1.520417,108.73984,56.707317
2014-07-30 13,34.85064,1.7376195,90.44715,50.914635
2014-07-30 14,32.36131,1.520417,87.39838,62.80488
2014-07-30 15,31.472261,1.520417,126.84646,56.707317
2014-07-30 16,32.894737,1.7376195,105.69106,56.40244
2014-07-30 17,36.095306,2.1720243,125.83291,57.012196
2014-07-30 18,35.20626,0.82186943,131.09756,72.256096
2014-07-30 19,25.08337,1.7376195,158.53659,74.085365
2014-07-30 20,42.67425,1.7376195,160.5691,82.92683
2014-07-30 21,37.51778,1.7376195,167.68292,78.96342
2014-07-30 22,33.783783,1.7376195,155.48781,98.47561
2014-07-30 23,35.02845,0.84541583,142.78455,94.81707
2014-07-31 00,32.1835,1.7376195,137.19513,92.98781
2014-07-31 01,27.738264,1.7376195,126.05539,73.17073
2014-07-31 02,25.248934,1.7376195,102.64227,71.64634
2014-07-31 03,25.071123,1.7376195,96.03658,70.731705
2014-07-31 04,25.426743,0.8308727,100.10162,67.07317
2014-07-31 05,28.271692,1.7376195,91.97154,39.959007
2014-07-31 06,33.428165,1.7376195,64.532524,58.23171
2014-07-31 07,35.917496,1.7376195,82.8252,65.54878
2014-07-31 08,25.259691,1.7376195,94.51219,67.68293
2014-07-31 09,33.961594,1.9548218,108.231705,45.121952
2014-07-31 10,25.228811,1.7376195,123.98374,51.52439
2014-07-31 11,25.3997,1.7376195,109.24797,58.23171
2014-07-31 12,34.672832,1.7376195,101.626015,39.991478
2014-07-31 13,33.961594,1.7376195,96.544716,37.80488
2014-07-31 14,25.428972,1.520417,100.60975,41.10106
2014-07-31 15,31.116644,1.520417,106.19919,40.002247
2014-07-31 16,30.938833,1.7376195,109.24797,59.146343
2014-07-31 17,32.1835,1.7376195,106.19919,67.68293
2014-07-31 18,25.089907,0.8181016,125.2031,75.914635
2014-07-31 19,36.806545,1.7376195,155.99594,82.01219
2014-07-31 20,38.584637,1.9548218,141.26016,86.89024
2014-07-31 21,34.139404,1.7376195,139.73578,41.20347
2014-07-31 22,21.514936,1.7376195,161.07724,76.82927
2014-07-31 23,15.647226,1.7376195,137.19513,85.060974
2014-08-01 00,33.072548,1.7376195,141.7683,82.62195
2014-08-01 01,25.452448,1.7376195,109.756096,40.537346
2014-08-01 02,25.426743,1.7376195,102.13415,67.68293
2014-08-01 03,25.248934,1.7376195,98.06911,67.98781
2014-08-01 04,25.426743,1.7376195,96.544716,67.37805
2014-08-01 05,28.271692,1.7376195,87.9065,65.85366
2014-08-01 06,32.894737,0.8922325,65.54878,53.353657
2014-08-01 07,36.273117,1.7376195,79.268295,40.243904
2014-08-01 08,37.873398,1.7376195,83.84146,46.951218
2014-08-01 09,33.072548,0.86880976,100.10162,50.914635
2014-08-01 10,33.250355,1.3032146,114.32927,49.390244
2014-08-01 11,35.20626,1.3032146,113.31301,42.682926
2014-08-01 12,33.250355,1.3032146,98.57723,46.341465
2014-08-01 13,34.31721,1.7376195,97.05285,36.280487
2014-08-01 14,34.139404,1.7376195,97.05285,43.90244
2014-08-01 15,33.605976,1.7376195,99.5935,47.256096
2014-08-01 16,33.072548,1.7376195,95.52846,38.109756
2014-08-01 17,25.213917,1.520417,106.70731,38.414635
2014-08-01 18,34.49502,2.1720243,107.72358,36.890244
2014-08-01 19,35.20626,1.7376195,144.81708,39.02439
2014-08-01 20,37.69559,2.8236315,148.88211,43.90244
2014-08-01 21,32.53912,1.7376195,140.2439,51.52439
2014-08-01 22,31.116644,1.7376195,143.80081,62.5
2014-08-01 23,33.072548,1.7376195,120.93496,60.67073
2014-08-02 00,31.82788,1.7376195,141.26016,58.23171
2014-08-02 01,28.271692,1.7376195,107.72358,47.256096
2014-08-02 02,25.071123,1.7376195,92.479675,44.512196
2014-08-02 03,25.604553,1.7376195,90.955284,42.378048
2014-08-02 04,25.248934,1.7376195,95.02032,41.158535
2014-08-02 05,27.916075,2.1720243,90.955284,40.77085
2014-08-02 06,32.00569,1.7376195,67.07317,34.146343
2014-08-02 07,32.716927,1.7376195,77.23577,26.829268
2014-08-02 08,33.250355,2.1720243,85.873985,30.792683
2014-08-02 09,35.02845,3.040834,90.955284,30.182926
2014-08-02 10,35.20626,1.9548218,129.57317,32.92683
2014-08-02 11,34.139404,1.7376195,129.57317,38.414635
2014-08-02 12,25.436295,1.7376195,124.49187,37.80488
2014-08-02 13,34.85064,1.7376195,115.34553,33.536587
2014-08-02 14,33.250355,1.7376195,120.42683,34.451218
2014-08-02 15,32.894737,1.7376195,108.231705,30.182926
2014-08-02 16,32.716927,1.7376195,112.296745,29.878048
2014-08-02 17,33.605976,1.9548218,121.951225,35.67073
2014-08-02 18,33.428165,1.7376195,137.70325,31.09756
2014-08-02 19,35.20626,1.7376195,134.65446,31.40244
2014-08-02 20,35.73969,1.7376195,120.42683,32.621952
2014-08-02 21,31.82788,1.7376195,150.40651,42.682926
2014-08-02 22,30.405405,1.7376195,144.81708,52.439026
2014-08-02 23,25.307402,1.7376195,124.095634,55.487804
2014-08-03 00,32.53912,0.8037697,125.0,50.914635
2014-08-03 01,27.560457,0.0,116.361786,45.42683
2014-08-03 02,25.695606,0.0,107.72358,42.378048
2014-08-03 03,25.96017,1.520417,122.28007,40.745678
2014-08-03 04,25.426743,1.520417,98.57723,37.80488
2014-08-03 05,27.916075,1.7376195,89.939026,37.5
2014-08-03 06,31.116644,1.7376195,67.5813,29.573172
2014-08-03 07,30.227596,1.7376195,84.85773,25.914635
2014-08-03 08,31.650072,1.7376195,85.873985,29.268293
2014-08-03 09,34.672832,0.798837,86.38211,26.829268
2014-08-03 10,34.31721,0.8063256,123.98374,33.841465
2014-08-03 11,35.73969,1.7376195,139.73578,38.719513
2014-08-03 12,36.450924,0.7890919,138.21138,41.158535
2014-08-03 13,34.49502,1.7376195,104.166664,27.439024
2014-08-03 14,32.894737,1.7376195,96.03658,28.658537
2014-08-03 15,25.258314,1.520417,102.13415,22.865854
2014-08-03 16,33.783783,1.7376195,84.349594,26.524391
2014-08-03 17,33.605976,1.7376195,83.333336,27.743902
2014-08-03 18,35.02845,1.7376195,87.39838,28.04878
2014-08-03 19,25.274174,1.9548218,98.57723,33.536587
2014-08-03 20,41.607395,1.7376195,123.78126,33.23171
2014-08-03 21,34.85064,1.7376195,125.800705,41.463413
2014-08-03 22,25.1716,1.7376195,147.35773,56.40244
2014-08-03 23,33.072548,1.7376195,134.14635,52.134148
2014-08-04 00,32.716927,1.7376195,124.49187,43.292683
2014-08-04 01,28.093882,1.7376195,106.70731,37.5
2014-08-04 02,25.071123,1.7376195,102.13415,37.19512
2014-08-04 03,25.427933,1.520417,95.52846,36.585365
2014-08-04 04,25.426743,1.7376195,87.9065,36.280487
2014-08-04 05,27.382647,1.7376195,88.414635,34.451218
2014-08-04 06,31.472261,0.8189072,70.63008,30.487804
2014-08-04 07,34.49502,1.7376195,81.808945,28.353659
2014-08-04 08,37.873398,1.7376195,83.333336,29.268293
2014-08-04 09,35.02845,1.7376195,89.939026,23.475609
2014-08-04 10,35.56188,1.7376195,106.19919,29.268293
2014-08-04 11,32.716927,1.3032146,105.69106,35.365852
2014-08-04 12,33.783783,1.3032146,109.24797,40.86387
2014-08-04 13,35.02845,1.520417,109.24797,30.487804
2014-08-04 14,33.783783,1.3032146,98.06911,39.634148
2014-08-04 15,32.36131,1.520417,96.544716,42.682926
2014-08-04 16,32.894737,1.7376195,90.44715,39.939026
2014-08-04 17,32.716927,1.7376195,94.51219,48.47561
2014-08-04 18,36.095306,2.1720243,110.772354,53.048782
2014-08-04 19,40.71835,1.7376195,147.86586,49.085365
2014-08-04 20,41.963017,1.7376195,147.86586,47.865852
2014-08-04 21,34.139404,1.7376195,145.32521,45.121952
2014-08-04 22,32.716927,1.7376195,160.06097,59.451218
2014-08-04 23,33.072548,1.7376195,126.01626,58.536587
2014-08-05 00,32.894737,1.7376195,117.88618,51.82927
2014-08-05 01,25.462696,0.79422843,121.617256,45.121952
2014-08-05 02,25.248934,1.7376195,94.00407,41.76829
2014-08-05 03,25.248934,1.7376195,91.97154,40.853657
2014-08-05 04,25.248934,1.7376195,92.479675,38.414635
2014-08-05 05,28.449503,1.7376195,89.939026,40.243904
2014-08-05 06,31.82788,0.8278018,59.95935,29.268293
2014-08-05 07,34.49502,1.7376195,80.79269,39.527187
2014-08-05 08,36.628735,1.7376195,97.05285,30.792683
2014-08-05 09,34.672832,1.7376195,98.06911,32.92683
2014-08-05 10,34.49502,1.520417,121.4431,31.09756
2014-08-05 11,34.31721,1.520417,108.73984,31.40244
2014-08-05 12,32.894737,1.3032146,107.72358,33.536587
2014-08-05 13,32.894737,1.7376195,93.49593,30.182926
2014-08-05 14,32.716927,1.7376195,96.544716,33.23171
2014-08-05 15,30.405405,1.7376195,87.9065,32.92683
2014-08-05 16,29.694168,1.7376195,87.39838,37.5
2014-08-05 17,31.82788,1.7376195,90.44715,39.973186
2014-08-05 18,34.672832,2.1720243,108.231705,36.280487
2014-08-05 19,38.05121,1.7376195,125.0,39.939026
2014-08-05 20,40.00711,1.7376195,135.1626,45.121952
2014-08-05 21,34.49502,1.7376195,155.48781,57.92683
2014-08-05 22,33.605976,1.7376195,153.45529,67.37805
2014-08-05 23,33.428165,1.7376195,133.63821,60.365852
2014-08-06 00,33.428165,1.7376195,122.45935,54.57317
2014-08-06 01,27.382647,1.7376195,96.544716,48.47561
2014-08-06 02,20.27027,1.520417,92.98781,42.987804
2014-08-06 03,22.581793,1.7376195,94.51219,39.939026
2014-08-06 04,27.738264,1.7376195,89.4309,40.853657
2014-08-06 05,29.16074,1.7376195,123.74567,39.634148
2014-08-06 06,32.894737,1.7376195,74.18699,34.451218
2014-08-06 07,36.806545,1.7376195,85.873985,32.621952
2014-08-06 08,40.54054,1.7376195,97.05285,33.841465
2014-08-06 09,37.51778,1.7376195,125.118484,35.365852
2014-08-06 10,35.73969,0.81263006,90.44715,40.548782
2014-08-06 11,33.783783,1.520417,105.18294,40.853657
2014-08-06 12,33.428165,1.520417,107.72358,45.73171
2014-08-06 13,25.363781,1.7376195,96.03658,41.02996
2014-08-06 14,32.53912,1.520417,100.10162,31.09756
2014-08-06 15,32.894737,0.80263704,88.922775,41.158535
2014-08-06 16,32.894737,1.7376195,96.03658,40.243904
2014-08-06 17,33.250355,2.1720243,102.13415,47.865852
2014-08-06 18,25.636086,2.606429,104.6748,38.719513
2014-08-06 19,41.607395,1.7376195,146.84958,44.207317
2014-08-06 20,43.38549,0.79948854,145.32521,40.852043
2014-08-06 21,37.162163,0.7940406,163.61789,40.124344
2014-08-06 22,33.428165,1.7376195,157.52031,70.42683
2014-08-06 23,33.072548,1.7376195,130.0813,60.365852
2014-08-07 00,32.894737,1.7376195,128.04878,50.609756
2014-08-07 01,28.80512,1.7376195,110.772354,43.90244
2014-08-07 02,26.849218,1.7376195,102.13415,40.853657
2014-08-07 03,27.560457,1.7376195,100.60975,38.109756
2014-08-07 04,25.450636,1.7376195,97.560974,38.719513
2014-08-07 05,28.449503,1.7376195,100.10162,38.719513
2014-08-07 06,32.53912,1.7376195,73.67886,31.40244
2014-08-07 07,35.02845,1.7376195,97.05285,34.756096
2014-08-07 08,37.339973,1.7376195,95.02032,28.658537
2014-08-07 09,25.41088,1.9548218,97.560974,34.451218
2014-08-07 10,35.20626,1.7376195,123.63733,40.243904
2014-08-07 11,33.428165,1.7376195,92.479675,35.97561
2014-08-07 12,33.072548,1.7376195,100.60975,40.243904
2014-08-07 13,33.428165,1.7376195,91.97154,32.317074
2014-08-07 14,25.212301,1.520417,98.57723,35.060974
2014-08-07 15,32.00569,1.520417,91.97154,30.182926
2014-08-07 16,25.220608,1.7376195,99.085365,40.696297
2014-08-07 17,33.428165,1.7376195,110.26423,45.121952
2014-08-07 18,25.135677,1.520417,113.31301,50.0
2014-08-07 19,40.89616,1.7376195,129.57317,40.843735
2014-08-07 20,41.073967,1.9548218,133.13008,53.048782
2014-08-07 21,37.873398,1.7376195,150.91463,73.78049
2014-08-07 22,33.250355,1.7376195,141.7683,61.280487
2014-08-07 23,33.250355,0.8195062,125.50813,73.47561
2014-08-08 00,33.250355,0.81498706,127.03253,67.07317
2014-08-08 01,28.449503,1.7376195,103.65854,46.341465
2014-08-08 02,26.137981,1.7376195,122.93053,41.76829
2014-08-08 03,27.027029,1.7376195,91.46342,40.299236
2014-08-08 04,26.849218,1.7376195,95.02032,40.456394
2014-08-08 05,29.338549,1.7376195,89.4309,42.987804
2014-08-08 06,33.250355,1.7376195,74.18699,39.627167
2014-08-08 07,36.984352,1.7376195,124.460236,31.707317
2014-08-08 08,41.42959,1.7376195,126.09444,35.97561
2014-08-08 09,25.29444,0.86880976,100.10162,37.19512
2014-08-08 10,35.917496,1.3032146,105.69106,51.52439
2014-08-08 11,35.20626,1.3032146,88.922775,39.64253
2014-08-08 12,34.85064,1.3032146,97.05285,43.59756
2014-08-08 13,35.384068,1.7376195,94.51219,42.682926
2014-08-08 14,33.250355,1.7376195,102.13415,41.463413
2014-08-08 15,32.53912,1.7376195,106.70731,41.76829
2014-08-08 16,30.938833,0.81639093,99.085365,43.90244
2014-08-08 17,25.496923,1.520417,101.11789,47.256096
2014-08-08 18,35.02845,2.1720243,120.93496,48.17073
2014-08-08 19,25.154951,1.7376195,147.86586,46.646343
2014-08-08 20,42.496445,2.8236315,148.88211,50.0
2014-08-08 21,35.02845,1.7376195,157.0122,49.390244
2014-08-08 22,33.250355,0.8221383,152.94716,59.451218
2014-08-08 23,32.00569,1.7376195,129.06505,54.878048
2014-08-09 00,33.428165,1.7376195,121.4431,51.219513
2014-08-09 01,26.493599,1.7376195,102.64227,48.47561
2014-08-09 02,25.0903,1.7376195,89.939026,48.47561
2014-08-09 03,25.426743,1.7376195,95.52846,42.682926
2014-08-09 04,25.563457,1.7376195,100.60975,40.853657
2014-08-09 05,27.916075,2.1720243,92.98781,40.339283
2014-08-09 06,32.36131,1.7376195,61.99187,32.621952
2014-08-09 07,33.072548,1.7376195,77.743904,27.743902
2014-08-09 08,34.672832,2.1720243,95.02032,40.626244
2014-08-09 09,34.31721,0.7949417,109.24797,32.621952
2014-08-09 10,37.162163,1.9548218,121.4431,36.890244
2014-08-09 11,36.984352,1.7376195,123.99453,32.012196
2014-08-09 12,35.917496,1.7376195,127.54066,33.841465
2014-08-09 13,25.290442,1.7376195,118.902435,40.423687
2014-08-09 14,33.961594,1.7376195,101.626015,27.743902
2014-08-09 15,33.428165,1.7376195,125.14171,37.19512
2014-08-09 16,32.53912,0.7889354,123.2613,39.02439
2014-08-09 17,35.56188,1.9548218,125.0,39.939026
2014-08-09 18,37.51778,1.7376195,133.63821,40.211483
2014-08-09 19,42.318634,1.7376195,132.62195,40.243904
2014-08-09 20,40.89616,1.7376195,130.0813,39.924603
2014-08-09 21,25.182169,1.7376195,123.41542,58.536587
2014-08-09 22,34.672832,1.7376195,145.83333,62.5
2014-08-09 23,33.605976,1.7376195,124.66134,51.82927
2014-08-10 00,32.53912,1.7376195,138.21138,51.82927
2014-08-10 01,28.093882,0.0,117.88618,43.90244
2014-08-10 02,25.782362,0.0,107.21545,42.378048
2014-08-10 03,25.782362,0.79278815,97.05285,39.939026
2014-08-10 04,25.426743,1.520417,100.60975,35.365852
2014-08-10 05,25.308786,1.7376195,91.97154,34.756096
2014-08-10 06,31.650072,1.7376195,64.02439,40.462997
2014-08-10 07,33.250355,1.7376195,74.18699,23.780487
2014-08-10 08,32.894737,1.7376195,97.560974,24.390244
2014-08-10 09,34.49502,0.77877957,121.57585,25.304878
2014-08-10 10,36.806545,1.7376195,122.967476,32.92683
2014-08-10 11,37.162163,1.7376195,138.71951,38.109756
2014-08-10 12,25.224392,1.7376195,130.0813,45.42683
2014-08-10 13,35.20626,1.7376195,104.166664,43.90244
2014-08-10 14,33.250355,1.7376195,96.544716,33.23171
2014-08-10 15,32.716927,1.520417,87.39838,30.792683
2014-08-10 16,32.53912,1.7376195,92.479675,35.97561
2014-08-10 17,34.672832,1.7376195,89.939026,35.67073
2014-08-10 18,36.628735,1.7376195,95.02032,37.80488
2014-08-10 19,40.00711,0.81809676,115.34553,37.80488
2014-08-10 20,37.873398,1.7376195,121.4431,41.158535
2014-08-10 21,33.783783,1.7376195,135.1626,41.059578
2014-08-10 22,33.428165,1.7376195,136.17886,59.756096
2014-08-10 23,32.894737,1.7376195,123.47561,51.82927
2014-08-11 00,32.894737,1.7376195,125.833595,48.780487
2014-08-11 01,27.560457,0.8020457,99.085365,38.109756
2014-08-11 02,25.604553,1.7376195,123.19394,39.02439
2014-08-11 03,25.782362,1.520417,89.939026,36.585365
2014-08-11 04,24.715506,1.7376195,92.98781,36.280487
2014-08-11 05,25.528158,1.7376195,90.955284,34.756096
2014-08-11 06,31.82788,1.7376195,67.5813,28.658537
2014-08-11 07,34.31721,1.7376195,79.268295,30.182926
2014-08-11 08,25.213732,1.7376195,85.873985,25.914635
2014-08-11 09,33.783783,1.7376195,92.479675,25.609756
2014-08-11 10,33.605976,1.7376195,104.6748,35.365852
2014-08-11 11,32.716927,1.3032146,123.81681,34.451218
2014-08-11 12,33.961594,1.3032146,111.28048,34.451218
2014-08-11 13,32.716927,1.520417,100.10162,40.757133
2014-08-11 14,25.52157,1.3032146,88.922775,35.060974
2014-08-11 15,30.761024,1.520417,78.760155,35.365852
2014-08-11 16,30.227596,1.7376195,95.02032,39.32927
2014-08-11 17,35.20626,1.7376195,101.11789,42.378048
2014-08-11 18,34.672832,2.1720243,113.31301,40.243904
2014-08-11 19,34.85064,0.7932874,129.06505,41.76829
2014-08-11 20,35.73969,1.7376195,132.62195,44.817074
2014-08-11 21,32.716927,1.7376195,126.95352,55.487804
2014-08-11 22,32.36131,0.8167788,155.99594,59.756096
2014-08-11 23,33.250355,1.7376195,126.01626,40.687733
2014-08-12 00,32.1835,1.7376195,127.03253,49.085365
2014-08-12 01,26.137981,1.7376195,100.60975,41.76829
2014-08-12 02,25.604553,1.7376195,90.44715,40.548782
2014-08-12 03,25.546753,1.7376195,88.414635,37.5
2014-08-12 04,25.96017,1.7376195,85.873985,38.414635
2014-08-12 05,29.338549,1.7376195,81.30081,34.756096
2014-08-12 06,32.894737,1.7376195,123.058784,32.012196
2014-08-12 07,34.49502,1.7376195,78.25203,40.343975
2014-08-12 08,36.806545,1.7376195,91.97154,40.457916
2014-08-12 09,33.783783,1.7376195,86.89024,32.012196
2014-08-12 10,33.605976,1.520417,93.49593,40.50849
2014-08-12 11,33.072548,1.520417,104.166664,43.292683
2014-08-12 12,25.290653,1.3032146,106.19919,44.817074
2014-08-12 13,33.428165,1.7376195,125.60205,41.198765
2014-08-12 14,25.403225,1.7376195,86.38211,43.292683
2014-08-12 15,31.82788,1.7376195,94.51219,40.75711
2014-08-12 16,31.650072,0.81465787,96.03658,43.292683
2014-08-12 17,33.961594,1.7376195,97.560974,37.5
2014-08-12 18,25.43351,2.1720243,107.72358,41.158535
2014-08-12 19,42.67425,1.7376195,139.22765,46.951218
2014-08-12 20,41.607395,1.7376195,136.687,40.018337
2014-08-12 21,35.73969,1.7376195,152.43903,53.658535
2014-08-12 22,32.894737,1.7376195,143.80081,58.536587
2014-08-12 23,33.250355,1.7376195,119.41057,40.150078
2014-08-13 00,25.09629,1.7376195,113.31301,50.0
2014-08-13 01,27.916075,0.80055505,121.620415,39.939026
2014-08-13 02,26.31579,1.520417,90.955284,36.280487
2014-08-13 03,26.849218,1.7376195,97.560974,40.866066
2014-08-13 04,25.782362,1.7376195,89.939026,39.02439
2014-08-13 05,29.16074,1.7376195,91.97154,38.109756
2014-08-13 06,32.716927,1.7376195,71.138214,29.573172
2014-08-13 07,25.250536,1.7376195,77.743904,39.94201
2014-08-13 08,35.384068,1.7376195,82.8252,25.914635
2014-08-13 09,33.428165,1.7376195,78.760155,27.134146
2014-08-13 10,33.783783,1.520417,95.02032,35.060974
2014-08-13 11,32.894737,1.520417,96.544716,35.97561
2014-08-13 12,32.716927,1.520417,104.166664,38.414635
2014-08-13 13,33.783783,1.7376195,91.46342,31.707317
2014-08-13 14,34.49502,1.520417,123.49795,34.146343
2014-08-13 15,31.472261,1.520417,122.31361,39.32927
2014-08-13 16,32.00569,1.7376195,96.03658,38.109756
2014-08-13 17,34.31721,2.1720243,124.90269,41.76829
2014-08-13 18,34.139404,2.606429,102.13415,35.97561
2014-08-13 19,36.273117,1.7376195,125.8052,40.548782
2014-08-13 20,25.547188,1.7376195,144.81708,48.780487
2014-08-13 21,34.672832,1.7376195,152.43903,47.865852
2014-08-13 22,33.605976,1.7376195,146.84958,60.365852
2014-08-13 23,25.19516,1.7376195,141.26016,56.40244
2014-08-14 00,25.414343,1.7376195,119.41057,47.256096
2014-08-14 01,28.62731,1.7376195,100.60975,39.02439
2014-08-14 02,26.137981,1.7376195,92.98781,40.668716
2014-08-14 03,27.916075,1.7376195,123.27331,35.97561
2014-08-14 04,25.247873,1.7376195,88.414635,35.060974
2014-08-14 05,29.871977,0.82357013,85.873985,40.254616
2014-08-14 06,33.072548,1.7376195,67.07317,31.09756
2014-08-14 07,35.917496,0.80655867,76.727646,29.878048
2014-08-14 08,25.262007,1.7376195,90.44715,32.317074
2014-08-14 09,35.56188,1.9548218,122.87507,29.268293
2014-08-14 10,34.139404,1.7376195,107.72358,33.23171
2014-08-14 11,33.428165,1.7376195,112.296745,39.02439
2014-08-14 12,33.250355,1.7376195,107.21545,34.756096
2014-08-14 13,25.347994,1.7376195,109.756096,32.621952
2014-08-14 14,32.00569,1.520417,103.65854,34.451218
2014-08-14 15,30.583214,1.520417,101.11789,30.182926
2014-08-14 16,32.36131,1.7376195,101.626015,40.402676
2014-08-14 17,34.139404,0.80963075,98.57723,38.414635
2014-08-14 18,34.139404,1.520417,124.15115,35.060974
2014-08-14 19,37.51778,0.78973544,123.41257,39.939026
2014-08-14 20,37.51778,0.81210035,124.49187,49.390244
2014-08-14 21,33.250355,1.7376195,142.78455,52.439026
2014-08-14 22,33.783783,0.80430555,147.35773,58.536587
2014-08-14 23,33.428165,1.7376195,132.11382,53.963413
2014-08-15 00,33.072548,1.7376195,118.39431,51.219513
2014-08-15 01,25.351988,1.7376195,101.626015,42.987804
2014-08-15 02,26.137981,1.7376195,92.479675,36.890244
2014-08-15 03,25.604553,1.7376195,84.85773,34.756096
2014-08-15 04,25.604553,0.8140229,83.84146,36.280487
2014-08-15 05,28.80512,1.7376195,84.85773,37.19512
2014-08-15 06,32.716927,1.7376195,70.63008,40.28448
2014-08-15 07,32.36131,1.7376195,66.56504,39.446533
2014-08-15 08,33.250355,1.7376195,83.333336,26.219513
2014-08-15 09,34.31721,0.86880976,103.65854,24.085365
2014-08-15 10,37.162163,1.3032146,116.361786,39.99252
2014-08-15 11,37.162163,1.3032146,124.49187,31.40244
2014-08-15 12,35.384068,1.3032146,129.06505,40.268684
2014-08-15 13,34.85064,1.7376195,90.44715,25.609756
2014-08-15 14,33.250355,1.7376195,99.085365,25.609756
2014-08-15 15,33.250355,1.7376195,124.46948,40.41848
2014-08-15 16,33.783783,1.7376195,80.79269,23.780487
2014-08-15 17,33.961594,1.520417,86.89024,26.524391
2014-08-15 18,35.02845,2.1720243,95.52846,39.816685
2014-08-15 19,38.940254,1.7376195,106.19919,30.487804
2014-08-15 20,25.649502,2.8236315,119.41057,37.80488
2014-08-15 21,33.961594,1.7376195,131.6057,47.256096
2014-08-15 22,34.672832,1.7376195,144.81708,56.40244
2014-08-15 23,33.783783,1.7376195,130.0813,52.439026
2014-08-16 00,32.716927,1.7376195,126.003494,49.69512
2014-08-16 01,27.204834,1.7376195,123.27002,42.07317
2014-08-16 02,25.124989,1.7376195,94.00407,37.5
2014-08-16 03,25.604553,1.7376195,93.49593,35.97561
2014-08-16 04,25.248934,1.7376195,95.52846,34.146343
2014-08-16 05,28.982933,2.1720243,90.44715,36.890244
2014-08-16 06,25.466536,1.7376195,67.07317,29.573172
2014-08-16 07,34.139404,1.7376195,68.597565,24.085365
2014-08-16 08,34.85064,2.1720243,88.414635,27.134146
2014-08-16 09,35.02845,3.040834,85.873985,26.829268
2014-08-16 10,35.384068,1.9548218,115.85366,26.829268
2014-08-16 11,37.69559,1.7376195,110.772354,27.439024
2014-08-16 12,36.806545,1.7376195,113.82114,31.09756
2014-08-16 13,25.463005,1.7376195,90.44715,22.865854
2014-08-16 14,32.716927,1.7376195,100.10162,30.182926
2014-08-16 15,25.562586,1.7376195,113.82114,26.219513
2014-08-16 16,32.894737,1.7376195,115.34553,26.219513
2014-08-16 17,33.072548,1.9548218,97.560974,40.942196
2014-08-16 18,36.806545,1.7376195,124.115906,32.317074
2014-08-16 19,42.496445,1.7376195,135.1626,34.451218
2014-08-16 20,41.785206,1.7376195,125.63433,35.67073
2014-08-16 21,36.984352,1.7376195,135.1626,47.560974
2014-08-16 22,32.894737,1.7376195,136.687,50.0
2014-08-16 23,33.783783,1.7376195,133.63821,47.865852
2014-08-17 00,33.250355,1.7376195,117.88618,50.30488
2014-08-17 01,28.449503,0.0,110.772354,45.42683
2014-08-17 02,27.738264,0.0,103.150406,42.682926
2014-08-17 03,26.671406,1.520417,123.51451,39.634148
2014-08-17 04,25.96017,1.520417,94.51219,37.19512
2014-08-17 05,28.982933,1.7376195,91.46342,37.19512
2014-08-17 06,32.36131,1.7376195,123.34566,31.40244
2014-08-17 07,32.894737,1.7376195,74.18699,26.829268
2014-08-17 08,34.139404,1.7376195,87.39838,31.40244
2014-08-17 09,34.85064,1.7376195,93.49593,25.914635
2014-08-17 10,36.273117,1.7376195,122.967476,29.878048
2014-08-17 11,37.162163,1.7376195,134.14635,25.914635
2014-08-17 12,25.508022,1.7376195,120.42683,24.085365
2014-08-17 13,35.56188,1.7376195,96.03658,25.914635
2014-08-17 14,32.716927,1.7376195,94.51219,29.573172
2014-08-17 15,31.650072,1.520417,84.349594,23.170732
2014-08-17 16,33.428165,0.8029996,79.77642,23.475609
2014-08-17 17,33.961594,1.7376195,79.77642,25.914635
2014-08-17 18,37.873398,1.7376195,78.25203,28.963415
2014-08-17 19,43.741108,1.9548218,126.40281,33.841465
2014-08-17 20,25.516241,1.7376195,115.34553,42.07317
2014-08-17 21,37.69559,0.8146181,141.7683,53.963413
2014-08-17 22,34.85064,1.7376195,153.96341,56.707317
2014-08-17 23,34.49502,1.7376195,133.63821,40.76827
2014-08-18 00,33.072548,1.7376195,124.49187,47.865852
2014-08-18 01,27.560457,1.7376195,106.19919,38.719513
2014-08-18 02,25.071123,1.7376195,93.49593,35.060974
2014-08-18 03,25.604553,1.520417,93.49593,35.97561
2014-08-18 04,25.248934,1.7376195,87.9065,36.890244
2014-08-18 05,28.449503,1.7376195,87.9065,35.67073
2014-08-18 06,32.1835,1.7376195,124.14807,30.792683
2014-08-18 07,33.961594,1.7376195,80.28455,28.963415
2014-08-18 08,37.339973,1.7376195,101.11789,33.23171
2014-08-18 09,35.56188,1.7376195,102.13415,27.439024
2014-08-18 10,35.384068,1.7376195,118.902435,36.890244
2014-08-18 11,33.605976,1.3032146,113.82114,29.878048
2014-08-18 12,34.672832,1.3032146,109.756096,40.275303
2014-08-18 13,34.49502,1.520417,110.26423,40.09969
2014-08-18 14,32.716927,0.8185128,89.939026,44.512196
2014-08-18 15,32.894737,1.520417,123.05995,37.80488
2014-08-18 16,33.428165,1.7376195,105.18294,44.207317
2014-08-18 17,34.139404,1.7376195,98.06911,49.69512
2014-08-18 18,25.2759,0.8060919,123.40862,57.317074
2014-08-18 19,25.150183,1.7376195,133.13008,52.134148
2014-08-18 20,41.785206,1.7376195,137.70325,60.67073
2014-08-18 21,35.56188,1.7376195,162.09349,55.182926
2014-08-18 22,34.85064,1.7376195,157.52031,56.09756
2014-08-18 23,33.428165,1.7376195,133.63821,54.26829
2014-08-19 00,33.428165,1.7376195,130.0813,48.780487
2014-08-19 01,27.560457,1.7376195,102.64227,41.158535
2014-08-19 02,26.493599,1.7376195,98.06911,36.890244
2014-08-19 03,27.204834,1.7376195,101.626015,40.590385
2014-08-19 04,26.493599,1.7376195,95.02032,35.67073
2014-08-19 05,29.516361,1.7376195,122.27049,36.280487
2014-08-19 06,25.415245,1.7376195,76.21951,32.317074
2014-08-19 07,35.56188,1.7376195,123.8861,31.40244
2014-08-19 08,37.162163,1.7376195,124.66898,28.353659
2014-08-19 09,34.672832,1.7376195,85.36585,31.09756
2014-08-19 10,34.31721,1.520417,109.24797,37.19512
2014-08-19 11,32.716927,1.520417,104.166664,42.07317
2014-08-19 12,32.36131,1.3032146,101.626015,35.365852
2014-08-19 13,25.276442,1.7376195,106.19919,35.060974
2014-08-19 14,32.1835,1.7376195,106.70731,40.853657
2014-08-19 15,25.370893,1.7376195,91.97154,41.463413
2014-08-19 16,35.20626,1.7376195,95.02032,40.038395
2014-08-19 17,34.139404,0.82322186,99.085365,49.085365
2014-08-19 18,33.428165,2.1720243,105.18294,56.40244
2014-08-19 19,39.829304,1.7376195,120.42683,61.280487
2014-08-19 20,40.89616,1.7376195,118.902435,62.19512
2014-08-19 21,25.076704,1.7376195,157.52031,70.731705
2014-08-19 22,33.961594,0.8161057,163.10976,71.95122
2014-08-19 23,33.428165,1.7376195,143.29268,41.146168
2014-08-20 00,25.216522,1.7376195,130.58943,63.719513
2014-08-20 01,26.31579,0.80183834,109.756096,40.889668
2014-08-20 02,25.071123,1.520417,97.05285,40.853657
2014-08-20 03,25.604553,1.7376195,100.60975,35.97561
2014-08-20 04,25.071123,0.81357753,94.00407,36.890244
2014-08-20 05,29.516361,1.7376195,87.39838,38.719513
2014-08-20 06,32.894737,1.7376195,76.21951,32.92683
2014-08-20 07,25.259329,1.7376195,121.982315,26.829268
2014-08-20 08,38.05121,1.7376195,91.46342,32.317074
2014-08-20 09,35.917496,1.7376195,90.955284,38.414635
2014-08-20 10,34.672832,1.520417,112.296745,51.52439
2014-08-20 11,25.246496,0.79206294,105.69106,48.47561
2014-08-20 12,25.400345,0.79624987,90.955284,45.121952
2014-08-20 13,34.49502,1.7376195,92.98781,30.487804
2014-08-20 14,33.250355,1.520417,89.4309,33.841465
2014-08-20 15,30.761024,1.520417,92.479675,46.646343
2014-08-20 16,30.049786,1.7376195,95.52846,46.036587
2014-08-20 17,25.39895,2.1720243,99.5935,49.69512
2014-08-20 18,25.340061,2.606429,109.24797,49.085365
2014-08-20 19,43.20768,1.7376195,141.26016,57.621952
2014-08-20 20,40.71835,1.7376195,137.19513,51.82927
2014-08-20 21,34.85064,1.7376195,172.76422,58.841465
2014-08-20 22,33.250355,1.7376195,155.48781,75.30488
2014-08-20 23,33.428165,1.7376195,132.62195,81.402435
2014-08-21 00,33.605976,1.7376195,132.11382,68.29269
2014-08-21 01,25.96017,1.7376195,108.231705,60.97561
2014-08-21 02,25.062155,1.7376195,91.97154,51.52439
2014-08-21 03,25.604553,1.7376195,92.98781,40.243904
2014-08-21 04,24.893314,1.7376195,96.544716,40.853657
2014-08-21 05,28.271692,1.7376195,84.85773,41.158535
2014-08-21 06,32.00569,1.7376195,74.18699,36.280487
2014-08-21 07,34.49502,0.8005449,75.203255,32.92683
2014-08-21 08,25.422653,1.7376195,87.9065,35.365852
2014-08-21 09,25.51259,1.9548218,94.51219,38.414635
2014-08-21 10,35.384068,1.7376195,118.39431,45.42683
2014-08-21 11,33.250355,0.81558263,123.98374,40.853657
2014-08-21 12,32.894737,1.7376195,123.863716,36.890244
2014-08-21 13,34.31721,1.7376195,101.11789,33.23171
2014-08-21 14,25.638954,1.520417,121.68745,36.890244
2014-08-21 15,31.472261,0.79103196,92.98781,30.792683
2014-08-21 16,28.093882,1.7376195,101.11789,37.5
2014-08-21 17,34.139404,1.7376195,94.00407,41.76829
2014-08-21 18,38.762447,1.520417,104.166664,51.52439
2014-08-21 19,43.38549,1.7376195,140.75203,48.47561
2014-08-21 20,43.029873,1.9548218,144.30894,43.59756
2014-08-21 21,36.628735,1.7376195,152.43903,58.23171
2014-08-21 22,34.672832,1.7376195,125.81026,61.585365
2014-08-21 23,25.137213,1.7376195,121.951225,40.62695
2014-08-22 00,25.35051,1.7376195,117.88618,46.341465
2014-08-22 01,29.871977,1.7376195,99.5935,39.634148
2014-08-22 02,28.62731,1.7376195,90.955284,39.634148
2014-08-22 03,26.493599,1.7376195,98.57723,39.02439
2014-08-22 04,25.96017,1.7376195,98.57723,37.80488
2014-08-22 05,29.338549,1.7376195,90.44715,39.634148
2014-08-22 06,34.672832,1.7376195,74.18699,34.756096
2014-08-22 07,36.984352,1.7376195,81.30081,32.317074
2014-08-22 08,36.273117,1.7376195,79.77642,42.682926
2014-08-22 09,34.139404,0.86880976,110.26423,38.414635
2014-08-22 10,34.49502,1.3032146,120.93496,40.548782
2014-08-22 11,34.49502,1.3032146,121.951225,45.73171
2014-08-22 12,32.716927,1.3032146,119.41057,37.80488
2014-08-22 13,34.139404,1.7376195,102.13415,36.890244
2014-08-22 14,33.605976,1.7376195,103.65854,39.851868
2014-08-22 15,30.938833,1.7376195,97.560974,42.07317
2014-08-22 16,30.938833,1.7376195,96.544716,38.109756
2014-08-22 17,32.36131,1.520417,91.97154,44.512196
2014-08-22 18,35.02845,2.1720243,126.75648,47.560974
2014-08-22 19,39.118065,1.7376195,131.09756,53.658535
2014-08-22 20,40.71835,2.8236315,143.80081,46.951218
2014-08-22 21,34.31721,1.7376195,153.45529,55.182926
2014-08-22 22,33.961594,1.7376195,154.47154,51.82927
2014-08-22 23,33.428165,1.7376195,122.967476,54.878048
2014-08-23 00,33.072548,1.7376195,125.50813,52.134148
2014-08-23 01,25.193642,1.7376195,109.756096,40.32395
2014-08-23 02,26.671406,1.7376195,95.52846,41.158535
2014-08-23 03,25.204376,1.7376195,95.52846,36.280487
2014-08-23 04,25.426743,1.7376195,123.22976,34.146343
2014-08-23 05,25.169588,2.1720243,86.89024,34.146343
2014-08-23 06,33.072548,1.7376195,68.597565,30.792683
2014-08-23 07,31.82788,1.7376195,73.67886,28.353659
2014-08-23 08,33.961594,2.1720243,95.52846,36.890244
2014-08-23 09,25.567026,3.040834,105.18294,32.92683
2014-08-23 10,35.73969,1.9548218,143.29268,40.548782
2014-08-23 11,25.3159,1.7376195,135.1626,42.378048
2014-08-23 12,36.095306,1.7376195,125.0,40.792187
2014-08-23 13,34.49502,1.7376195,102.13415,27.743902
2014-08-23 14,33.250355,1.7376195,103.150406,35.060974
2014-08-23 15,32.1835,1.7376195,122.14102,32.621952
2014-08-23 16,33.783783,1.7376195,123.47561,37.5
2014-08-23 17,35.20626,0.7960718,123.47561,35.97561
2014-08-23 18,35.384068,1.7376195,125.761635,39.02439
2014-08-23 19,39.829304,1.7376195,148.88211,42.987804
2014-08-23 20,39.295876,1.7376195,144.30894,48.780487
2014-08-23 21,34.139404,1.7376195,164.12602,53.048782
2014-08-23 22,32.716927,1.7376195,142.27643,61.890244
2014-08-23 23,33.605976,1.7376195,122.45935,55.487804
2014-08-24 00,33.428165,1.7376195,121.4431,52.134148
2014-08-24 01,25.503138,0.0,141.145,43.90244
2014-08-24 02,26.31579,0.0,141.70535,43.90244
2014-08-24 03,26.31579,1.520417,100.10162,41.158535
2014-08-24 04,25.426743,1.520417,87.39838,39.939026
2014-08-24 05,28.449503,1.7376195,87.9065,39.32927
2014-08-24 06,32.1835,1.7376195,123.088066,35.97561
2014-08-24 07,32.53912,1.7376195,70.63008,28.353659
2014-08-24 08,33.605976,1.7376195,92.98781,34.756096
2014-08-24 09,35.20626,1.7376195,102.13415,33.841465
2014-08-24 10,36.806545,1.7376195,117.37805,38.109756
2014-08-24 11,38.22902,1.7376195,124.49187,40.45794
2014-08-24 12,37.51778,1.7376195,109.756096,44.207317
2014-08-24 13,35.02845,1.7376195,96.03658,39.02439
2014-08-24 14,33.428165,1.7376195,97.05285,24.390244
2014-08-24 15,33.428165,1.520417,98.06911,26.524391
2014-08-24 16,31.472261,1.7376195,80.28455,24.695122
2014-08-24 17,33.250355,0.8154762,77.23577,32.621952
2014-08-24 18,35.56188,1.7376195,82.31707,42.07317
2014-08-24 19,41.073967,1.9548218,108.73984,38.414635
2014-08-24 20,39.295876,1.7376195,126.73152,45.73171
2014-08-24 21,34.85064,1.7376195,138.71951,60.97561
2014-08-24 22,33.428165,1.7376195,124.49187,65.54878
2014-08-24 23,33.605976,0.81693786,117.37805,57.92683
2014-08-25 00,33.783783,1.7376195,135.1626,52.439026
2014-08-25 01,25.054724,0.80959046,98.57723,46.341465
2014-08-25 02,26.849218,1.7376195,93.49593,44.207317
2014-08-25 03,25.426743,1.520417,95.02032,41.158535
2014-08-25 04,24.893314,1.7376195,121.40684,40.243904
2014-08-25 05,26.849218,1.7376195,85.873985,39.32927
2014-08-25 06,31.82788,1.7376195,80.28455,35.060974
2014-08-25 07,34.49502,1.7376195,69.10569,40.234055
2014-08-25 08,35.73969,1.7376195,80.79269,36.585365
2014-08-25 09,34.672832,1.7376195,95.52846,37.80488
2014-08-25 10,34.85064,1.7376195,101.626015,45.121952
2014-08-25 11,33.250355,1.3032146,111.78862,46.646343
2014-08-25 12,33.250355,1.3032146,120.42683,36.280487
2014-08-25 13,34.139404,1.520417,108.73984,33.536587
2014-08-25 14,33.605976,1.3032146,122.82817,41.76829
2014-08-25 15,32.53912,1.520417,94.00407,54.878048
2014-08-25 16,31.82788,1.7376195,99.5935,56.09756
2014-08-25 17,25.079578,1.7376195,113.31301,60.060974
2014-08-25 18,34.49502,0.81944156,128.55692,57.92683
2014-08-25 19,39.829304,0.82904404,130.0813,58.536587
2014-08-25 20,40.18492,1.7376195,126.3596,44.817074
2014-08-25 21,25.535477,1.7376195,154.97968,41.66885
2014-08-25 22,33.783783,1.7376195,147.35773,58.536587
2014-08-25 23,32.894737,1.7376195,139.73578,55.487804
2014-08-26 00,32.894737,1.7376195,126.01626,49.085365
2014-08-26 01,27.204834,1.7376195,109.756096,45.73171
2014-08-26 02,25.248934,1.7376195,100.60975,41.158535
2014-08-26 03,25.248934,1.7376195,91.46342,40.519466
2014-08-26 04,25.426743,1.7376195,91.97154,40.853657
2014-08-26 05,27.916075,1.7376195,88.414635,40.243904
2014-08-26 06,33.250355,1.7376195,79.268295,35.97561
2014-08-26 07,34.672832,1.7376195,73.67886,40.476757
2014-08-26 08,36.628735,1.7376195,84.349594,31.40244
2014-08-26 09,25.152239,1.7376195,108.231705,39.634148
2014-08-26 10,35.02845,1.520417,111.28048,39.87741
2014-08-26 11,25.199024,1.520417,114.32927,47.865852
2014-08-26 12,32.53912,1.3032146,107.21545,41.158535
2014-08-26 13,34.85064,0.803911,121.4431,42.378048
2014-08-26 14,33.428165,1.7376195,101.626015,43.59756
2014-08-26 15,32.894737,1.7376195,97.05285,50.30488
2014-08-26 16,31.294453,1.7376195,101.626015,55.487804
2014-08-26 17,32.53912,1.7376195,112.80488,48.780487
2014-08-26 18,35.02845,2.1720243,118.39431,40.927055
2014-08-26 19,38.940254,1.7376195,142.27643,56.707317
2014-08-26 20,25.215698,1.7376195,151.9309,48.780487
2014-08-26 21,34.49502,0.82002276,154.97968,61.585365
2014-08-26 22,33.072548,1.7376195,135.67073,58.23171
2014-08-26 23,33.428165,1.7376195,128.04878,55.487804
2014-08-27 00,33.072548,1.7376195,125.0,50.914635
2014-08-27 01,27.738264,1.7376195,106.19919,45.42683
2014-08-27 02,24.537695,1.520417,102.64227,41.463413
2014-08-27 03,24.359886,1.7376195,95.02032,40.938908
2014-08-27 04,25.29002,1.7376195,96.03658,41.76829
2014-08-27 05,27.204834,0.7818876,120.802284,41.158535
2014-08-27 06,32.1835,1.7376195,124.52594,41.33132
2014-08-27 07,35.02845,1.7376195,81.30081,29.268293
2014-08-27 08,37.162163,1.7376195,75.71138,32.621952
2014-08-27 09,35.56188,1.7376195,83.84146,27.134146
2014-08-27 10,34.85064,1.520417,110.772354,32.621952
2014-08-27 11,32.36131,1.520417,103.150406,33.536587
2014-08-27 12,32.00569,1.520417,114.837395,38.719513
2014-08-27 13,32.36131,1.7376195,123.98374,31.09756
2014-08-27 14,32.36131,1.520417,105.69106,31.09756
2014-08-27 15,31.116644,1.520417,103.65854,40.853657
2014-08-27 16,31.472261,1.7376195,107.72358,36.890244
2014-08-27 17,33.072548,2.1720243,102.13415,44.207317
2014-08-27 18,35.56188,2.606429,126.20555,40.66644
2014-08-27 19,40.54054,1.7376195,140.2439,43.59756
2014-08-27 20,41.963017,1.7376195,150.91463,44.512196
2014-08-27 21,36.450924,1.7376195,126.92042,57.012196
2014-08-27 22,33.072548,1.7376195,135.1626,56.09756
2014-08-27 23,33.072548,1.7376195,126.52439,52.439026
2014-08-28 00,33.605976,1.7376195,125.0,52.743904
2014-08-28 01,25.96017,1.7376195,104.6748,44.817074
2014-08-28 02,24.537695,1.7376195,91.46342,40.243904
2014-08-28 03,24.537695,1.7376195,90.955284,39.939026
2014-08-28 04,24.893314,0.79121107,120.07236,39.02439
2014-08-28 05,28.271692,1.7376195,123.14285,38.719513
2014-08-28 06,32.36131,1.7376195,77.23577,36.280487
2014-08-28 07,34.31721,1.7376195,84.349594,28.353659
2014-08-28 08,36.806545,1.7376195,89.4309,40.655487
2014-08-28 09,35.20626,1.9548218,95.02032,30.182926
2014-08-28 10,35.56188,1.7376195,123.47561,32.012196
2014-08-28 11,18.314367,1.7376195,130.0813,38.109756
2014-08-28 12,12.980085,1.7376195,97.05285,41.025307
2014-08-28 13,25.530281,1.7376195,91.97154,39.02439
2014-08-28 14,25.201864,1.520417,102.64227,38.109756
2014-08-28 15,10.846373,1.520417,88.922775,39.939026
2014-08-28 16,11.55761,1.7376195,88.414635,40.548782
2014-08-28 17,13.335703,1.7376195,90.955284,49.085365
2014-08-28 18,16.714083,1.520417,119.41057,46.341465
2014-08-28 19,25.512081,1.7376195,154.47154,40.548782
2014-08-28 20,23.29303,1.9548218,143.80081,43.59756
2014-08-28 21,16.891891,1.7376195,148.37398,40.82421
2014-08-28 22,14.40256,1.7376195,145.83333,54.878048
2014-08-28 23,13.869132,1.7376195,130.0813,55.182926
2014-08-29 00,14.758181,1.7376195,121.951225,50.914635
2014-08-29 01,25.38397,1.7376195,102.64227,42.682926
2014-08-29 02,9.246088,1.7376195,91.46342,39.32927
2014-08-29 03,25.41577,0.790935,89.939026,40.243904
2014-08-29 04,6.7567573,1.7376195,87.9065,37.5
2014-08-29 05,8.89047,1.7376195,86.89024,39.02439
2014-08-29 06,15.825036,1.7376195,76.727646,35.97561
2014-08-29 07,19.025604,0.7624039,119.832245,27.134146
2014-08-29 08,18.136559,1.7376195,120.304565,35.060974
2014-08-29 09,16.536274,0.78240144,98.06911,31.40244
2014-08-29 10,35.20626,1.3032146,117.88618,35.67073
2014-08-29 11,25.418316,1.3032146,107.21545,39.02439
2014-08-29 12,25.523462,1.3032146,106.70731,32.92683
2014-08-29 13,25.421928,1.7376195,103.150406,24.390244
2014-08-29 14,33.428165,1.7376195,96.03658,39.939026
2014-08-29 15,32.36131,1.7376195,82.31707,37.19512
2014-08-29 16,31.294453,1.7376195,92.479675,39.634148
2014-08-29 17,33.250355,1.520417,111.78862,46.341465
2014-08-29 18,35.384068,2.1720243,123.98374,47.256096
2014-08-29 19,35.917496,1.7376195,125.33225,41.158535
2014-08-29 20,37.69559,2.8236315,147.35773,42.378048
2014-08-29 21,25.592203,1.7376195,151.9309,52.743904
2014-08-29 22,34.672832,1.7376195,141.7683,50.0
2014-08-29 23,33.783783,1.7376195,143.29268,49.085365
2014-08-30 00,33.605976,1.7376195,136.687,57.92683
2014-08-30 01,27.382647,1.7376195,113.31301,40.07541
2014-08-30 02,25.604553,1.7376195,104.6748,42.07317
2014-08-30 03,25.604553,1.7376195,96.544716,38.109756
2014-08-30 04,25.782362,1.7376195,94.00407,39.02439
2014-08-30 05,28.271692,2.1720243,123.41891,39.634148
2014-08-30 06,32.36131,0.8185231,86.89024,37.19512
2014-08-30 07,32.53912,1.7376195,75.203255,25.304878
2014-08-30 08,34.49502,0.81290567,90.955284,34.756096
2014-08-30 09,36.628735,3.040834,95.52846,41.158535
2014-08-30 10,39.118065,1.9548218,119.41057,43.292683
2014-08-30 11,40.18492,1.7376195,121.951225,39.02439
2014-08-30 12,37.69559,1.7376195,112.80488,35.67073
2014-08-30 13,35.20626,1.7376195,117.88618,35.060974
2014-08-30 14,25.323612,1.7376195,88.414635,35.97561
2014-08-30 15,32.894737,1.7376195,106.19919,35.365852
2014-08-30 16,32.716927,1.7376195,100.10162,39.634148
2014-08-30 17,34.672832,1.9548218,95.52846,38.109756
2014-08-30 18,35.917496,1.7376195,105.69106,40.121582
2014-08-30 19,38.406826,1.7376195,115.34553,50.914635
2014-08-30 20,40.89616,1.7376195,126.28814,48.780487
2014-08-30 21,34.49502,1.7376195,125.0,58.841465
2014-08-30 22,33.072548,1.7376195,127.03253,53.658535
2014-08-30 23,33.428165,1.7376195,114.32927,50.609756
2014-08-31 00,33.428165,1.7376195,115.34553,49.390244
2014-08-31 01,28.271692,0.0,99.5935,42.674168
2014-08-31 02,26.849218,0.0,91.46342,43.292683
2014-08-31 03,25.604553,1.520417,84.85773,39.634148
2014-08-31 04,26.31579,1.520417,83.333336,40.548782
2014-08-31 05,28.982933,1.7376195,85.36585,38.109756
2014-08-31 06,33.250355,1.7376195,72.662605,37.19512
2014-08-31 07,32.1835,1.7376195,67.07317,27.743902
2014-08-31 08,33.783783,1.7376195,89.939026,27.743902
2014-08-31 09,35.20626,1.7376195,86.89024,29.268293
2014-08-31 10,38.406826,1.7376195,121.951225,27.134146
2014-08-31 11,38.584637,1.7376195,124.20656,35.97561
2014-08-31 12,38.05121,1.7376195,124.8698,36.890244
2014-08-31 13,35.384068,1.7376195,104.166664,29.878048
2014-08-31 14,32.894737,1.7376195,100.10162,24.390244
2014-08-31 15,32.894737,1.520417,94.00407,26.219513
2014-08-31 16,32.716927,1.7376195,86.38211,31.09756
2014-08-31 17,33.783783,1.7376195,87.39838,35.060974
2014-08-31 18,35.917496,1.7376195,99.085365,36.585365
2014-08-31 19,38.406826,1.9548218,109.756096,40.853657
2014-08-31 20,40.71835,1.7376195,129.06505,41.76829
2014-08-31 21,25.310848,1.7376195,149.39024,61.280487
2014-08-31 22,34.139404,1.7376195,139.73578,64.32927
2014-08-31 23,33.072548,0.8072214,126.52439,56.707317
2014-09-01 00,33.783783,1.7376195,128.55692,46.341465
2014-09-01 01,27.382647,1.7376195,104.6748,42.378048
2014-09-01 02,24.715506,0.8102904,94.51219,40.243904
2014-09-01 03,24.537695,1.520417,89.4309,37.5
2014-09-01 04,24.893314,1.7376195,94.00407,36.280487
2014-09-01 05,27.204834,0.8005704,92.479675,37.80488
2014-09-01 06,33.072548,1.7376195,78.760155,35.97561
2014-09-01 07,35.56188,1.7376195,84.349594,30.487804
2014-09-01 08,38.22902,1.7376195,96.544716,33.23171
2014-09-01 09,36.984352,1.7376195,122.47536,30.182926
2014-09-01 10,35.02845,1.7376195,111.78862,33.841465
2014-09-01 11,34.85064,1.3032146,107.72358,35.060974
2014-09-01 12,33.250355,1.3032146,129.57317,38.414635
2014-09-01 13,34.31721,1.520417,106.70731,43.292683
2014-09-01 14,32.716927,1.3032146,95.02032,40.1438
2014-09-01 15,30.761024,0.82777345,98.57723,51.82927
2014-09-01 16,31.116644,1.7376195,106.19919,53.963413
2014-09-01 17,25.029625,0.81562454,115.34553,53.353657
2014-09-01 18,35.73969,2.1720243,140.2439,57.317074
2014-09-01 19,42.140823,1.7376195,160.5691,56.707317
2014-09-01 20,44.09673,1.7376195,188.00813,68.29269
2014-09-01 21,25.217508,1.7376195,172.2561,72.560974
2014-09-01 22,33.961594,0.8161894,147.86586,75.60976
2014-09-01 23,33.072548,1.7376195,126.60449,74.085365
2014-09-02 00,34.31721,1.7376195,114.837395,65.243904
2014-09-02 01,25.96017,1.7376195,104.166664,53.353657
2014-09-02 02,25.604553,0.81193835,98.57723,47.865852
2014-09-02 03,24.537695,1.7376195,123.61119,42.987804
2014-09-02 04,24.715506,1.7376195,95.02032,40.108055
2014-09-02 05,28.449503,1.7376195,94.51219,44.512196
2014-09-02 06,33.428165,1.7376195,94.00407,40.537758
2014-09-02 07,35.02845,1.7376195,84.85773,36.280487
2014-09-02 08,25.228128,1.7376195,93.49593,42.378048
2014-09-02 09,35.73969,1.7376195,95.02032,33.841465
2014-09-02 10,33.783783,1.520417,112.80488,43.59756
2014-09-02 11,34.139404,1.520417,97.560974,40.548782
2014-09-02 12,33.961594,1.3032146,100.60975,48.47561
2014-09-02 13,35.384068,1.7376195,92.98781,35.67073
2014-09-02 14,25.24037,0.7947686,120.91414,41.463413
2014-09-02 15,31.650072,1.7376195,94.00407,42.987804
2014-09-02 16,33.783783,1.7376195,92.479675,44.817074
2014-09-02 17,33.783783,1.7376195,101.11789,50.914635
2014-09-02 18,34.85064,2.1720243,132.62195,54.57317
2014-09-02 19,39.473682,0.8097774,166.66667,60.060974
2014-09-02 20,41.251778,1.7376195,173.78049,56.09756
2014-09-02 21,37.69559,1.7376195,174.79675,62.80488
2014-09-02 22,33.783783,1.7376195,161.07724,64.63415
2014-09-02 23,33.428165,1.7376195,131.6057,60.67073
2014-09-03 00,33.250355,1.7376195,125.0,51.82927
2014-09-03 01,27.027029,1.7376195,110.772354,46.646343
2014-09-03 02,25.071123,1.520417,99.085365,40.117706
2014-09-03 03,24.715506,0.81039506,94.51219,43.292683
2014-09-03 04,25.248934,1.7376195,94.00407,40.548782
2014-09-03 05,25.494905,1.7376195,94.51219,44.207317
2014-09-03 06,32.00569,1.7376195,84.349594,42.378048
2014-09-03 07,35.917496,1.7376195,83.333336,33.536587
2014-09-03 08,38.05121,1.7376195,100.10162,37.5
2014-09-03 09,34.31721,1.7376195,105.18294,29.573172
2014-09-03 10,33.072548,1.520417,109.24797,33.536587
2014-09-03 11,33.428165,0.7796354,122.03862,32.012196
2014-09-03 12,25.48668,1.520417,120.45257,38.109756
2014-09-03 13,34.49502,1.7376195,109.24797,33.841465
2014-09-03 14,33.961594,0.7937405,92.479675,30.792683
2014-09-03 15,32.00569,0.80633694,94.51219,35.67073
2014-09-03 16,32.894737,1.7376195,95.52846,40.548782
2014-09-03 17,34.31721,2.1720243,104.166664,44.512196
2014-09-03 18,36.095306,2.606429,108.231705,48.47561
2014-09-03 19,25.31423,1.7376195,123.88864,47.865852
2014-09-03 20,39.295876,1.7376195,149.39024,51.82927
2014-09-03 21,34.85064,1.7376195,145.32521,59.451218
2014-09-03 22,33.072548,1.7376195,143.80081,60.67073
2014-09-03 23,32.1835,1.7376195,136.17886,60.67073
2014-09-04 00,32.894737,1.7376195,110.772354,48.780487
2014-09-04 01,18.847795,1.7376195,100.10162,42.378048
2014-09-04 02,5.8677096,1.7376195,93.49593,42.07317
2014-09-04 03,5.3342814,1.7376195,93.49593,39.02439
2014-09-04 04,25.509224,1.7376195,86.89024,35.67073
2014-09-04 05,28.982933,1.7376195,87.39838,37.19512
2014-09-04 06,32.53912,1.7376195,77.743904,35.97561
2014-09-04 07,36.273117,1.7376195,83.84146,31.09756
2014-09-04 08,38.762447,1.7376195,86.89024,31.40244
2014-09-04 09,35.384068,1.9548218,87.39838,31.40244
2014-09-04 10,35.917496,1.7376195,110.26423,35.365852
2014-09-04 11,35.384068,1.7376195,109.24797,34.756096
2014-09-04 12,33.428165,1.7376195,115.34553,42.987804
2014-09-04 13,33.961594,1.7376195,123.47561,37.19512
2014-09-04 14,33.961594,1.520417,101.626015,40.28772
2014-09-04 15,31.294453,1.520417,124.38587,40.463352
2014-09-04 16,25.524435,1.7376195,121.98276,33.536587
2014-09-04 17,32.716927,0.8092208,97.05285,41.158535
2014-09-04 18,35.20626,1.520417,111.78862,42.07317
2014-09-04 19,40.00711,1.7376195,122.967476,48.780487
2014-09-04 20,40.71835,1.9548218,152.94716,46.341465
2014-09-04 21,35.917496,1.7376195,125.48611,59.756096
2014-09-04 22,33.072548,1.7376195,123.19198,41.43846
2014-09-04 23,32.716927,1.7376195,135.67073,54.57317
2014-09-05 00,33.428165,1.7376195,123.47561,47.560974
2014-09-05 01,25.782362,1.7376195,122.066925,42.682926
2014-09-05 02,24.715506,1.7376195,99.5935,38.414635
2014-09-05 03,24.537695,1.7376195,98.06911,37.19512
2014-09-05 04,25.514015,1.7376195,97.560974,40.528473
2014-09-05 05,25.273014,0.8052417,102.13415,38.719513
2014-09-05 06,33.428165,1.7376195,84.85773,36.890244
2014-09-05 07,35.917496,1.7376195,81.808945,28.04878
2014-09-05 08,38.406826,1.7376195,83.84146,29.878048
2014-09-05 09,35.56188,0.86880976,84.85773,32.012196
2014-09-05 10,34.85064,1.3032146,108.231705,34.146343
2014-09-05 11,33.072548,1.3032146,131.09756,40.838287
2014-09-05 12,33.250355,1.3032146,106.19919,30.792683
2014-09-05 13,32.894737,1.7376195,89.4309,27.743902
2014-09-05 14,32.53912,1.7376195,90.44715,39.804234
2014-09-05 15,30.049786,1.7376195,94.51219,27.134146
2014-09-05 16,34.139404,1.7376195,96.03658,41.76829
2014-09-05 17,33.428165,1.520417,125.88776,46.036587
2014-09-05 18,35.20626,2.1720243,97.560974,53.353657
2014-09-05 19,37.162163,1.7376195,134.14635,48.780487
2014-09-05 20,38.22902,0.7910214,163.61789,45.42683
2014-09-05 21,33.605976,1.7376195,145.83333,53.963413
2014-09-05 22,33.072548,1.7376195,139.22765,61.280487
2014-09-05 23,33.072548,1.7376195,132.62195,52.439026
2014-09-06 00,33.428165,0.8227086,121.951225,50.30488
2014-09-06 01,28.093882,1.7376195,102.64227,40.853657
2014-09-06 02,26.31579,1.7376195,124.033005,38.414635
2014-09-06 03,25.399195,1.7376195,94.00407,33.841465
2014-09-06 04,25.051403,0.8092979,90.955284,40.39691
2014-09-06 05,28.982933,2.1720243,91.46342,35.365852
2014-09-06 06,32.716927,1.7376195,86.89024,34.756096
2014-09-06 07,31.650072,1.7376195,75.203255,24.695122
2014-09-06 08,32.53912,2.1720243,124.114075,28.963415
2014-09-06 09,32.36131,3.040834,92.479675,40.1782
2014-09-06 10,33.605976,1.9548218,116.361786,31.40244
2014-09-06 11,32.36131,1.7376195,121.4431,35.67073
2014-09-06 12,33.072548,1.7376195,129.06505,40.759155
2014-09-06 13,32.36131,1.7376195,114.837395,40.482788
2014-09-06 14,31.82788,1.7376195,102.13415,29.268293
2014-09-06 15,31.472261,1.7376195,111.78862,30.182926
2014-09-06 16,32.53912,1.7376195,97.560974,29.573172
2014-09-06 17,32.1835,1.9548218,123.34583,36.280487
2014-09-06 18,32.894737,1.7376195,127.54066,33.23171
2014-09-06 19,35.02845,1.7376195,126.52439,32.621952
2014-09-06 20,33.428165,1.7376195,139.22765,42.07317
2014-09-06 21,32.36131,0.80776507,159.04471,50.30488
2014-09-06 22,25.174606,1.7376195,151.9309,51.219513
2014-09-06 23,31.650072,0.8106956,131.09756,50.0
2014-09-07 00,31.116644,1.7376195,134.14635,45.121952
2014-09-07 01,25.96017,0.0,109.756096,44.817074
2014-09-07 02,24.715506,0.0,95.02032,38.719513
2014-09-07 03,24.715506,1.520417,94.51219,34.756096
2014-09-07 04,24.537695,1.520417,97.560974,35.67073
2014-09-07 05,27.738264,1.7376195,92.479675,36.280487
2014-09-07 06,25.247534,1.7376195,74.18699,32.012196
2014-09-07 07,29.694168,1.7376195,66.05691,24.085365
2014-09-07 08,30.049786,1.7376195,91.97154,23.475609
2014-09-07 09,35.20626,1.7376195,124.23165,25.304878
2014-09-07 10,34.85064,1.7376195,123.51341,34.146343
2014-09-07 11,25.59179,1.7376195,142.78455,32.621952
2014-09-07 12,33.961594,0.7926178,132.11382,45.73171
2014-09-07 13,33.072548,1.7376195,122.77426,33.536587
2014-09-07 14,32.00569,1.7376195,109.24797,40.748734
2014-09-07 15,31.472261,1.520417,94.00407,25.304878
2014-09-07 16,25.496262,1.7376195,99.085365,27.134146
2014-09-07 17,30.405405,1.7376195,90.955284,28.353659
2014-09-07 18,31.472261,1.7376195,112.296745,30.487804
2014-09-07 19,34.85064,1.9548218,124.49187,31.707317
2014-09-07 20,34.85064,1.7376195,153.96341,35.365852
2014-09-07 21,32.894737,1.7376195,149.39024,48.17073
2014-09-07 22,32.1835,1.7376195,139.73578,50.914635
2014-09-07 23,31.650072,1.7376195,126.09703,54.57317
2014-09-08 00,32.36131,1.7376195,125.0,48.47561
2014-09-08 01,24.715506,1.7376195,123.80039,47.256096
2014-09-08 02,23.648647,1.7376195,93.49593,38.414635
2014-09-08 03,23.648647,1.520417,91.97154,35.365852
2014-09-08 04,24.182077,1.7376195,85.36585,37.19512
2014-09-08 05,26.493599,1.7376195,84.349594,34.756096
2014-09-08 06,29.516361,1.7376195,121.66063,36.280487
2014-09-08 07,34.31721,1.7376195,88.922775,30.182926
2014-09-08 08,33.428165,1.7376195,92.479675,34.451218
2014-09-08 09,25.369715,1.7376195,92.98781,40.86341
2014-09-08 10,33.072548,1.7376195,99.085365,32.621952
2014-09-08 11,32.00569,1.3032146,100.60975,38.414635
2014-09-08 12,32.53912,1.3032146,113.82114,39.939026
2014-09-08 13,31.82788,1.520417,96.544716,35.97561
2014-09-08 14,33.605976,1.3032146,98.57723,43.59756
2014-09-08 15,32.00569,1.520417,124.03979,40.45952
2014-09-08 16,30.227596,1.7376195,93.49593,47.865852
2014-09-08 17,30.049786,1.7376195,94.00407,51.82927
2014-09-08 18,32.1835,0.8266074,106.70731,55.182926
2014-09-08 19,33.783783,1.7376195,129.06505,57.012196
2014-09-08 20,35.02845,1.7376195,160.5691,62.80488
2014-09-08 21,33.250355,1.7376195,157.52031,68.29269
2014-09-08 22,31.650072,1.7376195,147.35773,67.37805
2014-09-08 23,31.472261,1.7376195,129.57317,63.719513
2014-09-09 00,25.156185,1.7376195,122.96996,40.72147
2014-09-09 01,24.715506,0.7788835,123.086754,47.865852
2014-09-09 02,24.004267,1.7376195,96.03658,42.682926
2014-09-09 03,23.826458,1.7376195,93.49593,40.853657
2014-09-09 04,24.359886,1.7376195,91.46342,42.378048
2014-09-09 05,27.560457,1.7376195,96.544716,39.634148
2014-09-09 06,30.227596,1.7376195,87.9065,41.463413
2014-09-09 07,34.672832,1.7376195,87.9065,36.280487
2014-09-09 08,34.49502,1.7376195,89.4309,37.80488
2014-09-09 09,33.250355,1.7376195,91.97154,40.22752
2014-09-09 10,33.428165,1.520417,96.03658,37.19512
2014-09-09 11,33.961594,1.520417,97.560974,41.463413
2014-09-09 12,31.650072,1.3032146,101.626015,40.853657
2014-09-09 13,31.294453,0.78914565,104.6748,28.963415
2014-09-09 14,31.116644,1.7376195,84.85773,34.756096
2014-09-09 15,25.584923,1.7376195,86.89024,37.5
2014-09-09 16,25.479279,1.7376195,80.79269,42.07317
2014-09-09 17,30.227596,1.7376195,88.414635,47.560974
2014-09-09 18,32.1835,2.1720243,110.772354,47.256096
2014-09-09 19,34.31721,1.7376195,144.81708,56.09756
2014-09-09 20,34.49502,1.7376195,157.0122,40.531773
2014-09-09 21,32.716927,0.80989707,171.74797,60.97561
2014-09-09 22,25.40798,1.7376195,142.78455,60.060974
2014-09-09 23,32.53912,1.7376195,123.47561,58.23171
2014-09-10 00,25.345543,1.7376195,128.55692,41.385746
2014-09-10 01,25.426743,1.7376195,106.70731,44.207317
2014-09-10 02,24.893314,1.520417,99.5935,40.853657
2014-09-10 03,24.182077,1.7376195,97.05285,37.19512
2014-09-10 04,24.537695,1.7376195,96.03658,34.451218
2014-09-10 05,26.849218,1.7376195,123.532295,39.02439
2014-09-10 06,30.583214,1.7376195,88.922775,39.634148
2014-09-10 07,34.49502,1.7376195,95.52846,31.40244
2014-09-10 08,33.605976,0.7974375,90.44715,30.182926
2014-09-10 09,32.1835,1.7376195,83.333336,29.268293
2014-09-10 10,30.938833,1.520417,94.51219,30.182926
2014-09-10 11,29.871977,1.520417,105.18294,31.40244
2014-09-10 12,25.368801,1.520417,113.82114,32.621952
2014-09-10 13,30.227596,1.7376195,94.51219,31.40244
2014-09-10 14,29.871977,0.8136928,86.38211,36.280487
2014-09-10 15,28.80512,1.520417,84.85773,39.02439
2014-09-10 16,28.271692,0.818748,84.349594,52.439026
2014-09-10 17,28.449503,2.1720243,95.52846,55.487804
2014-09-10 18,29.871977,2.606429,123.47561,53.353657
2014-09-10 19,33.783783,1.7376195,154.97968,55.487804
2014-09-10 20,34.139404,1.7376195,123.15053,41.29433
2014-09-10 21,32.36131,1.7376195,161.07724,72.560974
2014-09-10 22,30.583214,1.7376195,148.88211,67.68293
2014-09-10 23,30.049786,1.7376195,127.131294,62.19512
2014-09-11 00,29.338549,1.7376195,118.39431,51.82927
2014-09-11 01,24.182077,1.7376195,89.939026,43.90244
2014-09-11 02,23.29303,1.7376195,92.479675,41.158535
2014-09-11 03,23.648647,1.7376195,90.955284,40.069443
2014-09-11 04,23.826458,1.7376195,95.02032,39.32927
2014-09-11 05,26.849218,1.7376195,88.922775,36.280487
2014-09-11 06,29.516361,1.7376195,89.4309,36.585365
2014-09-11 07,35.02845,1.7376195,84.349594,29.878048
2014-09-11 08,33.428165,1.7376195,123.79634,32.92683
2014-09-11 09,32.894737,1.9548218,91.46342,30.182926
2014-09-11 10,30.583214,1.7376195,89.939026,34.756096
2014-09-11 11,30.938833,1.7376195,90.955284,38.719513
2014-09-11 12,30.761024,1.7376195,111.78862,42.07317
2014-09-11 13,31.650072,1.7376195,94.51219,30.487804
2014-09-11 14,29.516361,1.520417,123.41935,36.585365
2014-09-11 15,25.3627,1.520417,81.30081,40.853657
2014-09-11 16,28.62731,1.7376195,85.36585,45.42683
2014-09-11 17,29.516361,1.7376195,86.89024,45.42683
2014-09-11 18,30.938833,1.520417,112.80488,53.353657
2014-09-11 19,25.351505,1.7376195,140.75203,64.63415
2014-09-11 20,35.02845,1.9548218,169.20732,67.68293
2014-09-11 21,32.36131,1.7376195,126.57374,68.597565
2014-09-11 22,30.049786,1.7376195,124.77114,40.46314
2014-09-11 23,28.62731,1.7376195,133.13008,51.82927
2014-09-12 00,27.738264,1.7376195,125.50813,47.560974
2014-09-12 01,25.412134,1.7376195,107.21545,46.951218
2014-09-12 02,23.29303,1.7376195,102.13415,41.76829
2014-09-12 03,23.648647,1.7376195,123.333786,40.243904
2014-09-12 04,23.826458,1.7376195,94.51219,36.585365
2014-09-12 05,25.782362,1.7376195,101.626015,36.585365
2014-09-12 06,25.277414,1.7376195,100.10162,37.19512
2014-09-12 07,36.273117,1.7376195,92.98781,31.707317
2014-09-12 08,35.20626,0.8158167,90.955284,34.146343
2014-09-12 09,34.139404,0.86880976,98.57723,34.146343
2014-09-12 10,34.31721,1.3032146,109.24797,40.853657
2014-09-12 11,32.36131,0.81650656,107.72358,36.280487
2014-09-12 12,31.294453,1.3032146,99.5935,37.5
2014-09-12 13,30.761024,1.7376195,97.560974,34.451218
2014-09-12 14,31.294453,1.7376195,102.64227,33.536587
2014-09-12 15,28.982933,1.7376195,98.57723,44.207317
2014-09-12 16,29.516361,1.7376195,95.02032,42.682926
2014-09-12 17,30.049786,1.520417,101.11789,43.59756
2014-09-12 18,30.227596,2.1720243,115.34553,42.987804
2014-09-12 19,33.605976,1.7376195,157.0122,48.17073
2014-09-12 20,33.072548,2.8236315,172.76422,52.439026
2014-09-12 21,31.472261,1.7376195,165.14227,57.621952
2014-09-12 22,29.694168,0.80927014,161.07724,40.75985
2014-09-12 23,29.16074,1.7376195,139.22765,57.012196
2014-09-13 00,28.093882,0.7892859,122.74732,52.743904
2014-09-13 01,24.893314,0.7981627,106.19919,48.780487
2014-09-13 02,23.826458,1.7376195,123.13322,43.292683
2014-09-13 03,23.648647,1.7376195,122.327446,38.109756
2014-09-13 04,24.004267,1.7376195,86.38211,37.19512
2014-09-13 05,25.782362,2.1720243,78.760155,37.80488
2014-09-13 06,26.671406,1.7376195,77.23577,40.662327
2014-09-13 07,28.80512,1.7376195,76.21951,31.40244
2014-09-13 08,32.1835,2.1720243,80.28455,32.317074
2014-09-13 09,35.73969,3.040834,107.21545,34.756096
2014-09-13 10,33.428165,1.9548218,129.06505,39.02439
2014-09-13 11,33.250355,1.7376195,128.04878,41.158535
2014-09-13 12,33.961594,1.7376195,127.54066,39.939026
2014-09-13 13,33.783783,1.7376195,133.63821,40.783855
2014-09-13 14,33.605976,1.7376195,124.7116,34.451218
2014-09-13 15,33.250355,1.7376195,110.772354,37.5
2014-09-13 16,30.583214,1.7376195,102.64227,40.808434
2014-09-13 17,30.227596,1.9548218,103.65854,38.109756
2014-09-13 18,30.227596,1.7376195,111.28048,44.207317
2014-09-13 19,32.36131,1.7376195,138.21138,40.607655
2014-09-13 20,33.428165,0.8056154,153.96341,50.914635
2014-09-13 21,25.372711,1.7376195,144.81708,57.317074
2014-09-13 22,28.982933,1.7376195,128.55692,58.841465
2014-09-13 23,29.16074,1.7376195,131.09756,57.621952
2014-09-14 00,28.093882,1.7376195,119.41057,46.951218
2014-09-14 01,25.071123,0.0,99.085365,44.207317
2014-09-14 02,24.004267,0.0,105.18294,39.939026
2014-09-14 03,23.826458,1.520417,91.46342,37.19512
2014-09-14 04,24.004267,1.520417,86.38211,37.5
2014-09-14 05,25.604553,1.7376195,83.333336,35.365852
2014-09-14 06,25.525152,1.7376195,80.28455,36.585365
2014-09-14 07,27.560457,1.7376195,69.61382,27.439024
2014-09-14 08,28.62731,1.7376195,82.8252,26.219513
2014-09-14 09,33.961594,1.7376195,98.06911,39.834114
2014-09-14 10,35.56188,1.7376195,119.41057,31.707317
2014-09-14 11,34.85064,1.7376195,147.86586,39.939026
2014-09-14 12,35.02845,1.7376195,125.50813,40.853657
2014-09-14 13,33.605976,1.7376195,123.98374,34.146343
2014-09-14 14,32.36131,1.7376195,103.65854,28.04878
2014-09-14 15,32.00569,1.520417,101.626015,28.963415
2014-09-14 16,30.761024,1.7376195,98.57723,27.134146
2014-09-14 17,29.516361,1.7376195,88.922775,28.04878
2014-09-14 18,31.82788,1.7376195,89.4309,30.792683
2014-09-14 19,33.961594,1.9548218,122.45935,33.23171
2014-09-14 20,25.161213,1.7376195,157.52031,50.0
2014-09-14 21,31.82788,1.7376195,160.06097,56.707317
2014-09-14 22,30.049786,1.7376195,139.73578,55.792683
2014-09-14 23,29.516361,1.7376195,133.13008,55.182926
2014-09-15 00,28.449503,0.8117727,114.32927,47.256096
2014-09-15 01,24.893314,1.7376195,122.47077,41.158535
2014-09-15 02,23.826458,1.7376195,85.873985,40.486767
2014-09-15 03,23.826458,1.520417,89.4309,39.634148
2014-09-15 04,24.182077,1.7376195,86.89024,36.585365
2014-09-15 05,25.96017,0.80957276,85.36585,37.19512
2014-09-15 06,30.583214,1.7376195,124.102,37.5
2014-09-15 07,39.295876,1.7376195,86.38211,36.890244
2014-09-15 08,34.49502,1.7376195,97.05285,33.23171
2014-09-15 09,32.894737,1.7376195,91.97154,29.573172
2014-09-15 10,32.53912,1.7376195,98.06911,30.487804
2014-09-15 11,30.049786,1.3032146,104.6748,30.792683
2014-09-15 12,30.049786,1.3032146,110.772354,38.414635
2014-09-15 13,25.317593,1.520417,86.89024,32.012196
2014-09-15 14,31.472261,1.3032146,87.9065,31.707317
2014-09-15 15,28.449503,1.520417,89.4309,43.90244
2014-09-15 16,28.449503,1.7376195,99.5935,39.32927
2014-09-15 17,28.80512,1.7376195,104.6748,46.341465
2014-09-15 18,31.116644,2.1720243,123.47561,53.658535
2014-09-15 19,32.894737,1.7376195,146.34148,60.67073
2014-09-15 20,25.40895,1.7376195,172.76422,63.109756
2014-09-15 21,31.82788,1.7376195,157.0122,65.85366
2014-09-15 22,25.126997,1.7376195,142.27643,66.15854
2014-09-15 23,25.14247,1.7376195,120.42683,55.792683
2014-09-16 00,27.204834,1.7376195,108.231705,43.292683
2014-09-16 01,23.826458,0.7928766,95.52846,42.682926
2014-09-16 02,23.29303,1.7376195,88.414635,38.719513
2014-09-16 03,23.470839,1.7376195,83.84146,37.5
2014-09-16 04,25.332397,1.7376195,85.873985,36.280487
2014-09-16 05,25.267923,1.7376195,121.48582,36.890244
2014-09-16 06,28.62731,1.7376195,82.8252,34.756096
2014-09-16 07,36.628735,1.7376195,84.85773,31.40244
2014-09-16 08,33.428165,1.7376195,90.44715,31.707317
2014-09-16 09,32.894737,1.7376195,81.808945,30.487804
2014-09-16 10,32.53912,1.520417,84.85773,33.23171
2014-09-16 11,32.36131,1.520417,94.51219,33.23171
2014-09-16 12,29.871977,1.3032146,96.544716,35.67073
2014-09-16 13,29.516361,1.7376195,87.9065,27.743902
2014-09-16 14,28.982933,1.7376195,78.25203,30.487804
2014-09-16 15,28.62731,1.7376195,82.31707,46.951218
2014-09-16 16,28.093882,1.7376195,85.873985,45.121952
2014-09-16 17,29.16074,1.7376195,86.89024,42.987804
2014-09-16 18,30.938833,2.1720243,115.85366,40.79415
2014-09-16 19,35.20626,1.7376195,164.12602,48.47561
2014-09-16 20,33.428165,1.7376195,173.27235,64.939026
2014-09-16 21,31.82788,0.8201584,168.69919,70.12195
2014-09-16 22,29.516361,1.7376195,162.09349,61.280487
2014-09-16 23,28.271692,1.7376195,128.04878,51.82927
2014-09-17 00,26.671406,0.7968204,123.08076,46.951218
2014-09-17 01,24.004267,1.7376195,95.02032,42.987804
2014-09-17 02,25.228704,1.520417,89.4309,35.97561
2014-09-17 03,23.648647,1.7376195,123.25788,36.890244
2014-09-17 04,25.477028,1.7376195,88.922775,34.146343
2014-09-17 05,25.248934,0.79211146,82.31707,34.146343
2014-09-17 06,29.338549,1.7376195,89.939026,37.19512
2014-09-17 07,37.69559,0.8191864,88.922775,34.146343
2014-09-17 08,34.672832,0.8170483,96.544716,35.060974
2014-09-17 09,32.1835,1.7376195,89.4309,30.182926
2014-09-17 10,31.82788,0.80039215,90.955284,32.92683
2014-09-17 11,31.116644,0.8083262,89.4309,32.012196
2014-09-17 12,25.175566,1.520417,87.39838,40.243904
2014-09-17 13,30.049786,1.7376195,86.38211,28.04878
2014-09-17 14,30.049786,1.520417,85.873985,30.792683
2014-09-17 15,28.80512,1.520417,80.79269,37.80488
2014-09-17 16,28.449503,1.7376195,123.46685,46.646343
2014-09-17 17,25.379156,2.1720243,90.44715,44.817074
2014-09-17 18,31.472261,2.606429,109.24797,49.085365
2014-09-17 19,33.961594,1.7376195,136.687,49.69512
2014-09-17 20,34.31721,1.7376195,165.14227,57.621952
2014-09-17 21,33.605976,1.7376195,165.6504,64.32927
2014-09-17 22,29.338549,1.7376195,148.88211,65.85366
2014-09-17 23,28.449503,1.7376195,130.0813,54.878048
2014-09-18 00,26.671406,1.7376195,112.80488,44.207317
2014-09-18 01,24.182077,1.7376195,85.873985,41.76829
2014-09-18 02,23.29303,1.7376195,89.4309,39.32927
2014-09-18 03,23.826458,1.7376195,88.922775,36.585365
2014-09-18 04,23.648647,1.7376195,87.9065,38.109756
2014-09-18 05,25.526224,1.7376195,84.85773,38.414635
2014-09-18 06,28.982933,1.7376195,122.6615,38.109756
2014-09-18 07,36.628735,1.7376195,90.44715,35.67073
2014-09-18 08,34.139404,1.7376195,103.65854,38.414635
2014-09-18 09,25.377428,1.9548218,84.85773,35.365852
2014-09-18 10,32.36131,1.7376195,102.64227,35.365852
2014-09-18 11,30.583214,1.7376195,110.26423,36.890244
2014-09-18 12,29.338549,1.7376195,107.72358,38.719513
2014-09-18 13,30.049786,1.7376195,104.6748,35.365852
2014-09-18 14,29.516361,1.520417,85.36585,37.5
2014-09-18 15,28.271692,1.520417,77.23577,42.378048
2014-09-18 16,28.093882,1.7376195,95.02032,40.1442
2014-09-18 17,28.449503,1.7376195,109.756096,45.73171
2014-09-18 18,30.227596,1.520417,139.22765,41.30082
2014-09-18 19,34.49502,1.7376195,163.10976,63.109756
2014-09-18 20,33.783783,1.9548218,172.2561,58.841465
2014-09-18 21,32.716927,1.7376195,157.52031,65.243904
2014-09-18 22,29.16074,1.7376195,160.06097,62.5
2014-09-18 23,27.916075,1.7376195,127.54066,59.756096
2014-09-19 00,26.493599,1.7376195,118.902435,49.085365
2014-09-19 01,24.182077,1.7376195,98.06911,46.951218
2014-09-19 02,23.29303,1.7376195,83.333336,42.07317
2014-09-19 03,25.261534,1.7376195,122.16861,41.786003
2014-09-19 04,23.826458,0.8032083,80.28455,38.109756
2014-09-19 05,25.426743,1.7376195,85.873985,40.243904
2014-09-19 06,28.271692,1.7376195,75.203255,37.80488
2014-09-19 07,36.984352,1.7376195,126.14397,40.777405
2014-09-19 08,34.31721,1.7376195,93.49593,41.76829
2014-09-19 09,32.00569,0.86880976,94.00407,37.19512
2014-09-19 10,32.1835,1.3032146,84.85773,44.817074
2014-09-19 11,31.472261,1.3032146,96.544716,40.243904
2014-09-19 12,30.938833,0.80651087,113.31301,47.256096
2014-09-19 13,30.938833,1.7376195,108.231705,37.19512
2014-09-19 14,30.938833,1.7376195,124.28786,38.414635
2014-09-19 15,25.184324,1.7376195,94.51219,37.5
2014-09-19 16,30.405405,1.7376195,94.51219,40.87857
2014-09-19 17,29.516361,1.520417,95.02032,41.158535
2014-09-19 18,32.1835,2.1720243,121.951225,40.5397
2014-09-19 19,34.672832,1.7376195,124.80897,53.048782
2014-09-19 20,33.428165,2.8236315,176.82927,66.15854
2014-09-19 21,25.34894,0.7851679,164.63414,56.707317
2014-09-19 22,28.982933,1.7376195,153.96341,57.317074
2014-09-19 23,28.80512,1.7376195,127.03253,52.134148
2014-09-20 00,27.204834,1.7376195,109.24797,53.048782
2014-09-20 01,24.182077,1.7376195,98.06911,44.512196
2014-09-20 02,23.29303,1.7376195,85.873985,45.73171
2014-09-20 03,25.364342,1.7376195,89.4309,39.02439
2014-09-20 04,24.004267,1.7376195,80.28455,38.414635
2014-09-20 05,26.137981,2.1720243,85.873985,38.109756
2014-09-20 06,25.094196,1.7376195,74.69512,38.109756
2014-09-20 07,27.738264,1.7376195,70.63008,29.878048
2014-09-20 08,30.227596,2.1720243,87.9065,33.841465
2014-09-20 09,34.672832,3.040834,124.92293,34.756096
2014-09-20 10,33.605976,1.9548218,128.04878,44.817074
2014-09-20 11,25.211603,1.7376195,140.75203,54.26829
2014-09-20 12,25.411562,1.7376195,139.22765,49.390244
2014-09-20 13,34.139404,1.7376195,107.21545,39.939026
2014-09-20 14,33.605976,1.7376195,104.166664,46.341465
2014-09-20 15,33.072548,1.7376195,125.15157,41.158535
2014-09-20 16,30.938833,1.7376195,124.15143,41.463413
2014-09-20 17,30.227596,1.9548218,124.23662,47.865852
2014-09-20 18,30.405405,1.7376195,128.04878,48.17073
2014-09-20 19,25.226006,1.7376195,125.081825,55.182926
2014-09-20 20,34.31721,1.7376195,166.66667,58.841465
2014-09-20 21,31.116644,1.7376195,133.63821,55.182926
2014-09-20 22,28.62731,1.7376195,123.441154,50.30488
2014-09-20 23,27.916075,1.7376195,133.13008,48.17073
2014-09-21 00,25.486893,0.81173146,111.78862,49.085365
2014-09-21 01,24.004267,0.0,101.626015,42.00553
2014-09-21 02,25.965948,0.0,103.150406,40.548782
2014-09-21 03,23.11522,1.520417,91.46342,37.19512
2014-09-21 04,23.470839,0.7966725,83.84146,36.280487
2014-09-21 05,24.893314,1.7376195,85.873985,35.97561
2014-09-21 06,24.537695,1.7376195,82.31707,39.02439
2014-09-21 07,26.31579,0.79412425,66.56504,27.743902
2014-09-21 08,29.16074,1.7376195,75.203255,27.743902
2014-09-21 09,32.53912,1.7376195,96.03658,32.92683
2014-09-21 10,34.31721,1.7376195,127.54066,37.80488
2014-09-21 11,34.139404,1.7376195,160.06097,55.182926
2014-09-21 12,25.504599,1.7376195,153.45529,55.487804
2014-09-21 13,33.783783,1.7376195,121.4431,33.23171
2014-09-21 14,34.672832,1.7376195,97.05285,26.219513
2014-09-21 15,32.00569,1.520417,123.63346,25.914635
2014-09-21 16,30.227596,1.7376195,96.03658,24.390244
2014-09-21 17,30.227596,1.7376195,100.60975,29.878048
2014-09-21 18,30.938833,1.7376195,102.13415,33.536587
2014-09-21 19,34.31721,1.9548218,113.82114,41.158535
2014-09-21 20,34.139404,1.7376195,156.50406,57.621952
2014-09-21 21,32.36131,0.818321,148.37398,54.57317
2014-09-21 22,28.982933,1.7376195,129.57317,57.92683
2014-09-21 23,28.271692,1.7376195,124.49187,57.92683
2014-09-22 00,25.467747,0.7929707,116.361786,50.30488
2014-09-22 01,23.826458,1.7376195,94.00407,42.378048
2014-09-22 02,23.11522,1.7376195,123.68058,39.32927
2014-09-22 03,22.93741,1.520417,91.46342,34.451218
2014-09-22 04,23.29303,1.7376195,86.38211,32.621952
2014-09-22 05,25.071123,1.7376195,84.349594,33.23171
2014-09-22 06,27.916075,1.7376195,80.79269,36.585365
2014-09-22 07,36.628735,1.7376195,78.760155,33.23171
2014-09-22 08,33.961594,1.7376195,95.52846,38.719513
2014-09-22 09,33.250355,1.7376195,98.06911,30.182926
2014-09-22 10,33.250355,1.7376195,107.21545,32.012196
2014-09-22 11,25.305609,1.3032146,102.64227,36.890244
2014-09-22 12,31.294453,1.3032146,105.18294,51.82927
2014-09-22 13,31.116644,1.520417,98.06911,37.5
2014-09-22 14,30.405405,1.3032146,83.84146,38.719513
2014-09-22 15,29.16074,1.520417,124.27189,42.682926
2014-09-22 16,29.516361,1.7376195,93.49593,41.76829
2014-09-22 17,25.36441,1.7376195,95.52846,42.378048
2014-09-22 18,30.583214,2.1720243,111.28048,52.134148
2014-09-22 19,35.56188,1.7376195,157.52031,52.439026
2014-09-22 20,34.139404,1.7376195,125.10824,59.451218
2014-09-22 21,32.894737,1.7376195,175.30487,64.63415
2014-09-22 22,29.516361,1.7376195,125.27865,66.15854
2014-09-22 23,28.093882,1.7376195,124.831406,41.176426
2014-09-23 00,26.31579,1.7376195,115.85366,50.0
2014-09-23 01,23.470839,1.7376195,103.65854,43.90244
2014-09-23 02,22.93741,1.7376195,97.05285,40.243904
2014-09-23 03,23.29303,1.7376195,91.46342,35.67073
2014-09-23 04,23.648647,1.7376195,89.939026,35.060974
2014-09-23 05,25.782362,1.7376195,121.63568,35.97561
2014-09-23 06,27.738264,0.81218594,87.9065,35.97561
2014-09-23 07,36.806545,1.7376195,91.46342,39.32927
2014-09-23 08,34.49502,1.7376195,88.922775,39.72717
2014-09-23 09,32.1835,1.7376195,95.02032,28.658537
2014-09-23 10,32.36131,1.520417,82.31707,31.40244
2014-09-23 11,31.472261,1.520417,78.25203,38.414635
2014-09-23 12,30.583214,1.3032146,86.89024,39.32927
2014-09-23 13,25.428993,1.7376195,89.939026,40.3321
2014-09-23 14,30.583214,1.7376195,87.9065,31.09756
2014-09-23 15,29.16074,0.8157104,85.36585,30.487804
2014-09-23 16,29.16074,1.7376195,124.035324,40.523376
2014-09-23 17,30.583214,1.7376195,97.05285,36.585365
2014-09-23 18,32.1835,2.1720243,124.49187,51.219513
2014-09-23 19,33.783783,1.7376195,157.0122,56.40244
2014-09-23 20,33.783783,1.7376195,189.53253,60.060974
2014-09-23 21,32.1835,1.7376195,163.10976,41.053085
2014-09-23 22,29.516361,1.7376195,154.47154,61.890244
2014-09-23 23,27.916075,1.7376195,122.871025,50.0
2014-09-24 00,26.493599,1.7376195,117.37805,40.6959
2014-09-24 01,23.648647,1.7376195,92.479675,40.606796
2014-09-24 02,22.93741,0.8108305,90.44715,37.19512
2014-09-24 03,23.11522,0.80578613,88.414635,36.585365
2014-09-24 04,23.648647,1.7376195,121.73676,39.02439
2014-09-24 05,25.424421,1.7376195,83.84146,38.719513
2014-09-24 06,28.449503,1.7376195,87.9065,40.13342
2014-09-24 07,37.51778,1.7376195,82.31707,36.280487
2014-09-24 08,25.196302,1.7376195,89.4309,31.707317
2014-09-24 09,33.072548,1.7376195,77.23577,29.573172
2014-09-24 10,32.894737,1.520417,91.46342,28.353659
2014-09-24 11,31.116644,1.520417,107.72358,29.573172
2014-09-24 12,31.82788,1.520417,91.46342,32.317074
2014-09-24 13,30.938833,1.7376195,76.21951,23.780487
2014-09-24 14,30.049786,1.520417,78.25203,23.780487
2014-09-24 15,29.16074,1.520417,90.44715,29.573172
2014-09-24 16,27.738264,0.795805,96.03658,34.451218
2014-09-24 17,25.248934,2.1720243,89.4309,38.719513
2014-09-24 18,27.560457,2.606429,104.166664,53.963413
2014-09-24 19,30.405405,1.7376195,143.80081,55.792683
2014-09-24 20,30.583214,1.7376195,177.84555,64.32927
2014-09-24 21,28.62731,1.7376195,150.40651,63.109756
2014-09-24 22,25.782362,0.8109526,154.47154,61.280487
2014-09-24 23,23.826458,1.7376195,129.06505,53.658535
2014-09-25 00,22.403982,1.7376195,110.772354,43.292683
2014-09-25 01,19.914652,1.7376195,96.03658,39.02439
2014-09-25 02,19.736841,1.7376195,84.85773,38.719513
2014-09-25 03,19.381224,1.7376195,87.39838,35.97561
2014-09-25 04,20.09246,1.7376195,83.333336,33.536587
2014-09-25 05,22.581793,1.7376195,85.36585,35.060974
2014-09-25 06,24.537695,1.7376195,90.955284,35.97561
2014-09-25 07,33.783783,1.7376195,122.256035,34.451218
2014-09-25 08,31.472261,1.7376195,85.36585,28.04878
2014-09-25 09,30.049786,1.9548218,83.333336,27.134146
2014-09-25 10,28.093882,1.7376195,102.13415,28.04878
2014-09-25 11,27.560457,1.7376195,88.414635,32.92683
2014-09-25 12,27.738264,1.7376195,93.49593,39.32927
2014-09-25 13,27.560457,0.78914744,94.00407,33.23171
2014-09-25 14,26.849218,1.520417,72.662605,34.451218
2014-09-25 15,25.96017,1.520417,74.69512,36.890244
2014-09-25 16,26.671406,1.7376195,81.30081,39.02439
2014-09-25 17,28.093882,1.7376195,124.17576,41.44357
2014-09-25 18,25.206734,1.520417,108.73984,52.743904
2014-09-25 19,29.694168,1.7376195,168.69919,64.32927
2014-09-25 20,30.761024,1.9548218,198.17073,66.768295
2014-09-25 21,28.62731,1.7376195,165.6504,64.02439
2014-09-25 22,25.32211,1.7376195,154.47154,66.15854
2014-09-25 23,24.004267,1.7376195,117.37805,57.92683
2014-09-26 00,22.048365,1.7376195,109.24797,42.682926
2014-09-26 01,19.559032,1.7376195,97.05285,38.719513
2014-09-26 02,19.025604,1.7376195,86.89024,36.890244
2014-09-26 03,19.203413,1.7376195,88.922775,34.451218
2014-09-26 04,19.559032,1.7376195,88.414635,40.077778
2014-09-26 05,21.514936,1.7376195,87.39838,37.5
2014-09-26 06,25.465122,1.7376195,89.4309,40.471058
2014-09-26 07,33.428165,1.7376195,77.743904,37.19512
2014-09-26 08,30.761024,1.7376195,98.06911,40.61716
2014-09-26 09,28.449503,0.86880976,84.349594,37.5
2014-09-26 10,29.338549,1.3032146,89.4309,31.09756
2014-09-26 11,29.516361,1.3032146,89.939026,26.829268
2014-09-26 12,29.16074,1.3032146,91.97154,31.707317
2014-09-26 13,26.849218,1.7376195,96.544716,23.170732
2014-09-26 14,16.714083,1.7376195,90.955284,27.743902
2014-09-26 15,26.671406,1.7376195,85.36585,32.012196
2014-09-26 16,26.671406,1.7376195,88.922775,35.060974
2014-09-26 17,26.493599,1.520417,122.338776,33.841465
2014-09-26 18,25.53907,2.1720243,121.50873,42.07317
2014-09-26 19,30.227596,1.7376195,140.75203,54.878048
2014-09-26 20,30.227596,2.8236315,172.76422,62.80488
2014-09-26 21,26.493599,1.7376195,151.9309,41.103485
2014-09-26 22,25.248934,1.7376195,147.35773,57.92683
2014-09-26 23,24.359886,1.7376195,124.49187,48.47561
2014-09-27 00,22.93741,1.7376195,115.34553,42.682926
2014-09-27 01,20.27027,1.7376195,120.656525,38.109756
2014-09-27 02,19.203413,1.7376195,87.39838,36.585365
2014-09-27 03,19.025604,1.7376195,90.44715,36.280487
2014-09-27 04,25.438824,1.7376195,87.39838,33.23171
2014-09-27 05,21.159317,0.7911356,80.28455,34.451218
2014-09-27 06,21.514936,1.7376195,81.808945,35.060974
2014-09-27 07,23.470839,1.7376195,75.203255,26.524391
2014-09-27 08,27.560457,2.1720243,88.922775,28.353659
2014-09-27 09,31.650072,3.040834,108.73984,33.536587
2014-09-27 10,30.938833,1.9548218,124.49187,34.756096
2014-09-27 11,29.338549,1.7376195,126.52439,39.32927
2014-09-27 12,28.80512,1.7376195,127.54066,42.682926
2014-09-27 13,25.550571,1.7376195,111.28048,39.02439
2014-09-27 14,10.135135,0.7958271,109.24797,35.365852
2014-09-27 15,10.490754,1.7376195,119.9187,36.585365
2014-09-27 16,25.413963,1.7376195,122.800995,38.414635
2014-09-27 17,30.049786,1.9548218,133.63821,44.817074
2014-09-27 18,25.290176,1.7376195,135.67073,49.085365
2014-09-27 19,30.227596,0.79847443,157.52031,55.487804
2014-09-27 20,29.871977,1.7376195,190.04063,41.47286
2014-09-27 21,29.16074,1.7376195,145.32521,62.5
2014-09-27 22,27.382647,1.7376195,126.296196,58.23171
2014-09-27 23,26.137981,1.7376195,133.13008,57.012196
2014-09-28 00,24.715506,1.7376195,117.88618,43.90244
2014-09-28 01,21.337126,0.0,94.00407,42.378048
2014-09-28 02,20.44808,0.0,90.955284,39.02439
2014-09-28 03,20.44808,1.520417,94.51219,35.97561
2014-09-28 04,20.625889,1.520417,86.38211,34.146343
2014-09-28 05,22.226173,1.7376195,88.922775,33.23171
2014-09-28 06,22.581793,0.8139505,75.203255,34.451218
2014-09-28 07,24.004267,1.7376195,73.67886,27.439024
2014-09-28 08,27.738264,1.7376195,86.89024,28.353659
2014-09-28 09,31.294453,1.7376195,122.52737,31.707317
2014-09-28 10,32.1835,1.7376195,123.98374,31.40244
2014-09-28 11,33.250355,0.787334,156.50406,43.90244
2014-09-28 12,33.250355,1.7376195,164.12602,46.341465
2014-09-28 13,32.1835,1.7376195,119.41057,41.463413
2014-09-28 14,30.405405,1.7376195,110.26423,32.317074
2014-09-28 15,29.871977,1.520417,120.74267,29.268293
2014-09-28 16,29.516361,1.7376195,92.479675,27.439024
2014-09-28 17,29.516361,1.7376195,88.922775,33.23171
2014-09-28 18,30.049786,1.7376195,91.97154,39.855
2014-09-28 19,32.00569,1.9548218,125.18996,37.19512
2014-09-28 20,32.00569,1.7376195,187.5,52.743904
2014-09-28 21,30.049786,1.7376195,156.50406,56.09756
2014-09-28 22,28.62731,1.7376195,154.97968,52.743904
2014-09-28 23,26.671406,1.7376195,123.53941,46.951218
2014-09-29 00,24.004267,1.7376195,111.78862,40.243904
2014-09-29 01,20.981508,1.7376195,90.955284,37.5
2014-09-29 02,20.625889,1.7376195,86.38211,34.756096
2014-09-29 03,20.44808,1.520417,79.268295,33.23171
2014-09-29 04,25.211601,1.7376195,74.18699,32.317074
2014-09-29 05,22.581793,1.7376195,73.67886,32.621952
2014-09-29 06,26.493599,1.7376195,77.743904,34.756096
2014-09-29 07,33.961594,1.7376195,76.21951,34.756096
2014-09-29 08,32.53912,1.7376195,96.544716,29.573172
2014-09-29 09,30.761024,1.7376195,90.955284,27.134146
2014-09-29 10,29.516361,1.7376195,95.52846,33.841465
2014-09-29 11,29.694168,1.3032146,122.97957,30.792683
2014-09-29 12,28.093882,1.3032146,98.06911,32.012196
2014-09-29 13,25.53619,1.520417,88.922775,28.658537
2014-09-29 14,27.027029,1.3032146,120.596634,30.182926
2014-09-29 15,25.96017,1.520417,88.414635,33.536587
2014-09-29 16,25.782362,1.7376195,98.57723,37.80488
2014-09-29 17,26.493599,1.7376195,100.10162,42.682926
2014-09-29 18,29.338549,0.8179999,119.41057,45.121952
2014-09-29 19,32.1835,1.7376195,123.4024,44.817074
2014-09-29 20,30.227596,1.7376195,176.32114,57.317074
2014-09-29 21,28.80512,1.7376195,151.42276,57.012196
2014-09-29 22,25.96017,1.7376195,140.2439,53.963413
2014-09-29 23,24.182077,1.7376195,118.39431,45.121952
2014-09-30 00,22.403982,1.7376195,106.19919,39.32927
2014-09-30 01,19.914652,1.7376195,94.51219,35.365852
2014-09-30 02,18.847795,1.7376195,84.349594,33.536587
2014-09-30 03,18.669987,1.7376195,89.939026,33.23171
2014-09-30 04,19.025604,1.7376195,88.414635,34.451218
2014-09-30 05,21.159317,1.7376195,83.84146,32.92683
2014-09-30 06,24.004267,1.7376195,121.25598,35.97561
2014-09-30 07,25.577051,1.7376195,84.85773,35.060974
2014-09-30 08,31.294453,1.7376195,85.36585,31.707317
2014-09-30 09,28.80512,1.7376195,80.79269,29.268293
2014-09-30 10,25.527645,1.520417,86.38211,39.02439
2014-09-30 11,27.560457,1.520417,87.39838,34.451218
2014-09-30 12,26.849218,1.3032146,80.79269,34.756096
2014-09-30 13,25.23189,1.7376195,78.760155,31.09756
2014-09-30 14,26.31579,1.7376195,80.79269,28.658537
2014-09-30 15,25.40594,1.7376195,74.69512,30.792683
2014-09-30 16,26.671406,0.8151432,74.18699,36.585365
2014-09-30 17,26.31579,1.7376195,91.97154,42.987804
2014-09-30 18,28.982933,2.1720243,106.19919,43.90244
2014-09-30 19,31.472261,1.7376195,159.04471,55.182926
2014-09-30 20,29.871977,1.7376195,194.1057,61.890244
2014-09-30 21,29.16074,1.7376195,170.7317,62.5
2014-09-30 22,26.493599,0.80885607,148.88211,54.26829
2014-09-30 23,24.715506,1.7376195,126.01626,52.743904
2014-10-01 00,23.11522,0.7889421,112.80488,41.76829
2014-10-01 01,19.914652,1.7376195,120.83713,37.80488
2014-10-01 02,19.381224,1.520417,93.49593,36.585365
2014-10-01 03,18.847795,1.7376195,86.89024,34.451218
2014-10-01 04,19.203413,1.7376195,122.602356,36.280487
2014-10-01 05,21.159317,1.7376195,87.39838,33.841465
2014-10-01 06,24.359886,1.7376195,124.08014,41.55454
2014-10-01 07,25.209108,1.7376195,85.36585,39.939026
2014-10-01 08,25.541178,1.7376195,89.939026,33.841465
2014-10-01 09,29.694168,1.7376195,88.922775,26.524391
2014-10-01 10,28.80512,1.520417,89.4309,28.353659
2014-10-01 11,28.982933,1.520417,87.9065,29.573172
2014-10-01 12,25.190687,1.520417,85.873985,32.317074
2014-10-01 13,30.049786,1.7376195,78.25203,24.695122
2014-10-01 14,27.204834,1.520417,82.31707,23.780487
2014-10-01 15,25.96017,1.520417,91.97154,29.878048
2014-10-01 16,26.137981,0.8118649,85.36585,35.97561
2014-10-01 17,27.204834,2.1720243,124.96789,42.987804
2014-10-01 18,30.761024,0.8072384,108.231705,39.68539
2014-10-01 19,35.73969,0.7906166,166.66667,49.69512
2014-10-01 20,33.961594,1.7376195,183.94308,60.060974
2014-10-01 21,29.694168,1.7376195,159.04471,59.756096
2014-10-01 22,28.093882,1.7376195,158.02846,59.146343
2014-10-01 23,25.5156,1.7376195,136.17886,57.317074
2014-10-02 00,24.182077,1.7376195,124.55872,45.42683
2014-10-02 01,20.625889,1.7376195,123.03239,41.463413
2014-10-02 02,19.736841,1.7376195,92.479675,37.80488
2014-10-02 03,19.559032,1.7376195,97.560974,40.183475
2014-10-02 04,19.736841,1.7376195,94.00407,41.025127
2014-10-02 05,22.759602,1.7376195,86.38211,35.365852
2014-10-02 06,26.671406,1.7376195,93.49593,37.19512
2014-10-02 07,35.917496,1.7376195,94.51219,39.02439
2014-10-02 08,33.605976,1.7376195,90.44715,39.939026
2014-10-02 09,25.163605,1.9548218,80.28455,29.573172
2014-10-02 10,29.338549,0.7976434,94.00407,38.109756
2014-10-02 11,29.516361,1.7376195,85.36585,41.158535
2014-10-02 12,28.271692,1.7376195,89.4309,41.463413
2014-10-02 13,28.62731,1.7376195,85.36585,35.67073
2014-10-02 14,27.738264,1.520417,89.939026,39.32927
2014-10-02 15,27.738264,1.520417,79.268295,40.243904
2014-10-02 16,30.761024,1.7376195,90.955284,43.90244
2014-10-02 17,30.227596,1.7376195,99.085365,50.0
2014-10-02 18,32.1835,1.520417,103.65854,52.743904
2014-10-02 19,35.73969,0.8010928,154.47154,61.890244
2014-10-02 20,33.250355,1.9548218,177.84555,79.87805
2014-10-02 21,29.338549,1.7376195,175.30487,71.64634
2014-10-02 22,28.62731,1.7376195,161.58537,63.414635
2014-10-02 23,25.305717,1.7376195,132.62195,53.048782
2014-10-03 00,25.071123,1.7376195,114.32927,43.90244
2014-10-03 01,20.981508,1.7376195,101.626015,40.548782
2014-10-03 02,20.981508,1.7376195,91.97154,38.109756
2014-10-03 03,19.914652,1.7376195,88.922775,35.060974
2014-10-03 04,20.625889,1.7376195,92.98781,33.23171
2014-10-03 05,23.11522,1.7376195,86.89024,33.536587
2014-10-03 06,26.671406,1.7376195,87.9065,35.365852
2014-10-03 07,35.73969,1.7376195,92.479675,39.634148
2014-10-03 08,34.31721,1.7376195,95.52846,43.90244
2014-10-03 09,31.650072,0.86880976,122.84368,32.621952
2014-10-03 10,28.80512,1.3032146,96.544716,34.146343
2014-10-03 11,30.583214,0.7911937,99.085365,31.40244
2014-10-03 12,27.204834,1.3032146,120.92183,36.280487
2014-10-03 13,29.16074,1.7376195,88.414635,32.012196
2014-10-03 14,29.16074,1.7376195,122.79622,38.414635
2014-10-03 15,27.916075,1.7376195,87.9065,36.890244
2014-10-03 16,25.36285,1.7376195,95.02032,38.109756
2014-10-03 17,31.116644,1.520417,102.64227,43.90244
2014-10-03 18,30.583214,2.1720243,111.78862,50.0
2014-10-03 19,32.53912,1.7376195,140.75203,51.219513
2014-10-03 20,30.583214,2.8236315,209.85773,42.19376
2014-10-03 21,28.80512,1.7376195,125.359085,57.317074
2014-10-03 22,26.849218,1.7376195,164.63414,60.97561
2014-10-03 23,25.426743,1.7376195,142.78455,54.57317
2014-10-04 00,24.893314,1.7376195,124.49187,49.390244
2014-10-04 01,21.337126,0.791151,122.58586,45.121952
2014-10-04 02,20.981508,1.7376195,84.349594,38.109756
2014-10-04 03,19.736841,1.7376195,87.9065,35.060974
2014-10-04 04,20.44808,1.7376195,87.39838,34.146343
2014-10-04 05,24.004267,2.1720243,85.873985,35.67073
2014-10-04 06,25.96017,1.7376195,81.30081,37.19512
2014-10-04 07,25.425123,1.7376195,121.7505,36.280487
2014-10-04 08,29.871977,2.1720243,105.18294,39.02439
2014-10-04 09,25.649937,3.040834,99.5935,34.451218
2014-10-04 10,32.00569,1.9548218,122.967476,40.769558
2014-10-04 11,25.410269,1.7376195,114.32927,36.585365
2014-10-04 12,31.82788,1.7376195,122.967476,35.67073
2014-10-04 13,30.938833,0.7832828,121.14751,33.841465
2014-10-04 14,29.871977,0.8010988,113.82114,40.778603
2014-10-04 15,25.178207,0.78620315,107.72358,33.841465
2014-10-04 16,28.62731,1.7376195,107.21545,33.23171
2014-10-04 17,29.338549,0.8059812,106.70731,36.280487
2014-10-04 18,32.1835,1.7376195,103.65854,36.585365
2014-10-04 19,30.405405,1.7376195,163.61789,46.341465
2014-10-04 20,28.80512,1.7376195,180.38618,71.03658
2014-10-04 21,25.30282,0.8014791,137.19513,67.37805
2014-10-04 22,26.137981,0.81150556,133.63821,56.707317
2014-10-04 23,24.359886,1.7376195,123.47561,40.438183
2014-10-05 00,24.537695,1.7376195,116.361786,53.658535
2014-10-05 01,26.040752,0.0,104.6748,41.158535
2014-10-05 02,20.625889,0.0,94.51219,37.80488
2014-10-05 03,19.736841,1.520417,96.544716,35.67073
2014-10-05 04,19.736841,1.520417,85.873985,40.89709
2014-10-05 05,22.759602,1.7376195,82.31707,34.451218
2014-10-05 06,23.29303,1.7376195,82.8252,36.280487
2014-10-05 07,24.893314,1.7376195,71.138214,30.487804
2014-10-05 08,26.849218,1.7376195,79.77642,28.658537
2014-10-05 09,31.650072,1.7376195,99.085365,30.487804
2014-10-05 10,25.563892,1.7376195,134.65446,41.447376
2014-10-05 11,32.00569,1.7376195,142.27643,40.309093
2014-10-05 12,32.00569,1.7376195,126.01626,34.146343
2014-10-05 13,30.938833,1.7376195,101.626015,31.09756
2014-10-05 14,28.982933,1.7376195,95.02032,28.963415
2014-10-05 15,29.694168,1.520417,93.49593,25.914635
2014-10-05 16,27.916075,1.7376195,86.38211,24.695122
2014-10-05 17,28.982933,1.7376195,80.28455,32.621952
2014-10-05 18,28.982933,1.7376195,87.39838,34.756096
2014-10-05 19,30.583214,1.9548218,121.951225,42.987804
2014-10-05 20,28.982933,1.7376195,168.69919,53.658535
2014-10-05 21,28.62731,0.7968218,153.96341,50.914635
2014-10-05 22,26.31579,1.7376195,132.11382,52.743904
2014-10-05 23,24.893314,1.7376195,117.88618,56.707317
2014-10-06 00,24.182077,1.7376195,110.26423,44.512196
2014-10-06 01,20.981508,1.7376195,92.98781,39.939026
2014-10-06 02,20.44808,0.79025984,90.44715,37.19512
2014-10-06 03,19.559032,1.520417,86.38211,35.67073
2014-10-06 04,20.09246,1.7376195,84.85773,33.23171
2014-10-06 05,23.11522,1.7376195,84.85773,32.92683
2014-10-06 06,27.382647,1.7376195,84.349594,33.536587
2014-10-06 07,37.873398,1.7376195,123.43361,37.80488
2014-10-06 08,32.894737,0.7972902,104.166664,34.451218
2014-10-06 09,30.227596,1.7376195,82.8252,29.573172
2014-10-06 10,28.982933,1.7376195,100.60975,34.146343
2014-10-06 11,28.449503,1.3032146,100.10162,32.92683
2014-10-06 12,28.80512,1.3032146,101.11789,40.51029
2014-10-06 13,28.62731,1.520417,97.560974,38.414635
2014-10-06 14,28.449503,1.3032146,81.30081,36.890244
2014-10-06 15,25.96017,1.520417,79.77642,43.90244
2014-10-06 16,26.31579,1.7376195,92.479675,45.73171
2014-10-06 17,27.027029,1.7376195,95.02032,52.743904
2014-10-06 18,30.583214,2.1720243,104.6748,58.841465
2014-10-06 19,25.290077,1.7376195,163.61789,73.17073
2014-10-06 20,30.049786,1.7376195,160.06097,66.15854
2014-10-06 21,29.16074,1.7376195,157.52031,58.23171
2014-10-06 22,25.96017,1.7376195,141.7683,56.40244
2014-10-06 23,24.359886,1.7376195,117.37805,57.317074
2014-10-07 00,23.470839,1.7376195,109.756096,43.90244
2014-10-07 01,20.09246,1.7376195,88.414635,35.97561
2014-10-07 02,19.736841,0.813357,85.36585,35.67073
2014-10-07 03,19.203413,1.7376195,83.333336,33.536587
2014-10-07 04,25.30479,1.7376195,86.89024,37.5
2014-10-07 05,22.581793,1.7376195,82.8252,33.536587
2014-10-07 06,25.22763,1.7376195,80.28455,35.67073
2014-10-07 07,33.072548,1.7376195,85.36585,37.5
2014-10-07 08,29.16074,1.7376195,94.00407,36.585365
2014-10-07 09,27.560457,0.79137194,94.00407,34.146343
2014-10-07 10,26.31579,1.520417,95.52846,32.621952
2014-10-07 11,25.96017,1.520417,91.46342,35.365852
2014-10-07 12,26.493599,0.8155266,98.06911,42.07317
2014-10-07 13,27.204834,1.7376195,85.873985,34.146343
2014-10-07 14,26.493599,1.7376195,77.23577,32.012196
2014-10-07 15,25.604553,1.7376195,84.85773,32.621952
2014-10-07 16,25.782362,1.7376195,85.873985,35.67073
2014-10-07 17,25.96017,1.7376195,88.414635,40.173916
2014-10-07 18,27.382647,2.1720243,125.81801,52.743904
2014-10-07 19,25.395401,1.7376195,176.82927,69.20731
2014-10-07 20,30.227596,1.7376195,123.308426,41.30034
2014-10-07 21,29.871977,1.7376195,164.12602,63.414635
2014-10-07 22,25.782362,1.7376195,141.7683,40.84473
2014-10-07 23,23.648647,1.7376195,130.58943,41.36766
2014-10-08 00,22.759602,1.7376195,109.24797,42.682926
2014-10-08 01,19.559032,1.7376195,90.955284,39.32927
2014-10-08 02,19.381224,1.520417,88.414635,36.890244
2014-10-08 03,19.736841,1.7376195,88.414635,40.92301
2014-10-08 04,19.559032,1.7376195,83.333336,33.841465
2014-10-08 05,22.403982,1.7376195,85.873985,32.621952
2014-10-08 06,25.782362,1.7376195,85.36585,35.97561
2014-10-08 07,33.961594,1.7376195,88.922775,35.97561
2014-10-08 08,30.761024,0.8025478,92.479675,32.92683
2014-10-08 09,28.449503,1.7376195,87.9065,29.878048
2014-10-08 10,28.80512,1.520417,104.166664,34.146343
2014-10-08 11,28.80512,1.520417,101.11789,32.317074
2014-10-08 12,28.093882,1.520417,93.49593,35.67073
2014-10-08 13,28.271692,1.7376195,84.349594,34.451218
2014-10-08 14,27.204834,1.520417,85.873985,37.19512
2014-10-08 15,26.137981,0.80616724,80.28455,38.414635
2014-10-08 16,26.31579,1.7376195,91.46342,44.817074
2014-10-08 17,25.782362,2.1720243,124.81557,46.036587
2014-10-08 18,26.671406,2.606429,122.967476,49.390244
2014-10-08 19,31.82788,1.7376195,168.69919,64.02439
2014-10-08 20,30.405405,1.7376195,172.2561,69.81707
2014-10-08 21,28.62731,1.7376195,144.81708,64.32927
2014-10-08 22,25.96017,1.7376195,126.42463,65.54878
2014-10-08 23,24.004267,1.7376195,112.296745,55.182926
2014-10-09 00,25.267685,1.7376195,103.150406,46.646343
2014-10-09 01,19.914652,1.7376195,90.955284,40.28038
2014-10-09 02,19.381224,1.7376195,87.39838,41.463413
2014-10-09 03,19.381224,1.7376195,87.39838,42.378048
2014-10-09 04,19.203413,1.7376195,81.30081,39.939026
2014-10-09 05,22.581793,1.7376195,87.39838,39.32927
2014-10-09 06,26.137981,1.7376195,81.808945,39.634148
2014-10-09 07,33.250355,1.7376195,89.4309,42.987804
2014-10-09 08,25.396925,1.7376195,96.03658,34.146343
2014-10-09 09,30.761024,1.9548218,88.922775,33.841465
2014-10-09 10,28.80512,1.7376195,91.97154,33.23171
2014-10-09 11,26.671406,1.7376195,70.12195,38.719513
2014-10-09 12,25.96017,1.7376195,92.98781,44.512196
2014-10-09 13,25.782362,1.7376195,121.317245,34.451218
2014-10-09 14,26.137981,1.520417,89.4309,33.536587
2014-10-09 15,24.893314,1.520417,80.28455,31.09756
2014-10-09 16,25.248934,0.7739762,121.85998,37.19512
2014-10-09 17,25.426743,0.82313806,98.57723,40.54078
2014-10-09 18,27.738264,1.520417,124.907394,50.30488
2014-10-09 19,30.761024,1.7376195,180.8943,65.243904
2014-10-09 20,31.294453,1.9548218,180.8943,73.78049
2014-10-09 21,28.449503,1.7376195,162.09349,60.67073
2014-10-09 22,25.071123,1.7376195,152.94716,59.756096
2014-10-09 23,23.11522,1.7376195,125.50813,63.414635
2014-10-10 00,22.048365,0.81323063,98.57723,52.439026
2014-10-10 01,19.559032,1.7376195,87.9065,39.32927
2014-10-10 02,19.025604,1.7376195,86.89024,38.719513
2014-10-10 03,18.669987,1.7376195,82.8252,39.929974
2014-10-10 04,18.847795,1.7376195,85.873985,35.365852
2014-10-10 05,21.337126,1.7376195,122.87124,35.060974
2014-10-10 06,23.470839,1.7376195,79.77642,40.5909
2014-10-10 07,32.1835,1.7376195,86.89024,37.5
2014-10-10 08,29.516361,1.7376195,124.20795,38.109756
2014-10-10 09,29.16074,0.86880976,91.97154,35.365852
2014-10-10 10,25.442305,1.3032146,85.873985,45.121952
2014-10-10 11,27.738264,1.3032146,77.743904,42.378048
2014-10-10 12,25.256573,1.3032146,122.05069,33.536587
2014-10-10 13,26.31579,1.7376195,85.36585,30.487804
2014-10-10 14,27.027029,0.8044136,82.31707,32.92683
2014-10-10 15,25.604553,1.7376195,81.30081,38.719513
2014-10-10 16,25.96017,1.7376195,89.939026,36.280487
2014-10-10 17,26.671406,1.520417,122.22446,44.207317
2014-10-10 18,26.849218,2.1720243,122.20187,40.853657
2014-10-10 19,28.449503,1.7376195,124.28633,50.914635
2014-10-10 20,30.405405,2.8236315,170.22357,42.02468
2014-10-10 21,27.204834,1.7376195,152.94716,56.40244
2014-10-10 22,24.715506,0.8039082,142.78455,55.487804
2014-10-10 23,23.470839,1.7376195,129.57317,53.658535
2014-10-11 00,25.368717,0.8200404,103.65854,50.30488
2014-10-11 01,19.914652,1.7376195,89.939026,39.634148
2014-10-11 02,19.025604,1.7376195,86.38211,38.109756
2014-10-11 03,18.847795,0.8089316,81.30081,36.890244
2014-10-11 04,18.847795,1.7376195,81.30081,36.280487
2014-10-11 05,21.337126,2.1720243,83.84146,34.146343
2014-10-11 06,20.981508,1.7376195,122.521545,37.5
2014-10-11 07,23.11522,1.7376195,71.138214,33.23171
2014-10-11 08,26.671406,2.1720243,94.51219,31.40244
2014-10-11 09,30.227596,0.8119204,105.18294,42.682926
2014-10-11 10,31.116644,1.9548218,123.86157,41.246838
2014-10-11 11,29.871977,1.7376195,114.32927,41.76829
2014-10-11 12,25.19618,1.7376195,116.86991,44.512196
2014-10-11 13,28.982933,1.7376195,100.10162,35.365852
2014-10-11 14,29.516361,1.7376195,107.21545,47.256096
2014-10-11 15,28.093882,1.7376195,112.296745,45.73171
2014-10-11 16,25.346361,1.7376195,117.88618,44.207317
2014-10-11 17,27.382647,1.9548218,121.951225,47.560974
2014-10-11 18,27.560457,1.7376195,122.45935,50.0
2014-10-11 19,28.271692,1.7376195,155.48781,59.756096
2014-10-11 20,27.204834,1.7376195,172.76422,70.12195
2014-10-11 21,25.248934,1.7376195,143.80081,59.451218
2014-10-11 22,24.537695,1.7376195,122.967476,58.841465
2014-10-11 23,22.93741,1.7376195,133.63821,63.414635
2014-10-12 00,22.226173,0.80381167,120.42683,55.792683
2014-10-12 01,20.09246,0.0,106.70731,42.682926
2014-10-12 02,19.203413,0.0,91.46342,40.243904
2014-10-12 03,19.025604,1.520417,92.479675,35.97561
2014-10-12 04,18.847795,1.520417,91.97154,33.841465
2014-10-12 05,20.803698,1.7376195,120.70575,32.92683
2014-10-12 06,19.914652,1.7376195,76.21951,34.756096
2014-10-12 07,21.514936,1.7376195,78.760155,39.32927
2014-10-12 08,22.759602,1.7376195,70.12195,30.792683
2014-10-12 09,26.849218,1.7376195,95.52846,27.743902
2014-10-12 10,29.694168,1.7376195,118.902435,41.158535
2014-10-12 11,30.761024,1.7376195,139.73578,48.17073
2014-10-12 12,30.405405,1.7376195,138.71951,52.134148
2014-10-12 13,30.583214,1.7376195,120.42683,42.07317
2014-10-12 14,29.16074,0.7863913,121.49228,38.414635
2014-10-12 15,26.31579,1.520417,102.64227,39.32927
2014-10-12 16,25.275482,0.8036865,89.4309,42.07317
2014-10-12 17,25.22255,0.80068696,95.52846,42.682926
2014-10-12 18,26.493599,1.7376195,94.00407,40.07429
2014-10-12 19,29.338549,1.9548218,158.53659,72.256096
2014-10-12 20,25.450321,1.7376195,167.68292,76.52439
2014-10-12 21,27.738264,1.7376195,124.099144,41.398403
2014-10-12 22,24.893314,1.7376195,145.83333,75.60976
2014-10-12 23,22.93741,1.7376195,111.28048,65.54878
2014-10-13 00,21.870554,1.7376195,100.60975,52.743904
2014-10-13 01,19.559032,1.7376195,85.873985,43.59756
2014-10-13 02,18.847795,1.7376195,82.8252,38.109756
2014-10-13 03,18.669987,1.520417,79.268295,36.280487
2014-10-13 04,18.847795,1.7376195,82.31707,40.196404
2014-10-13 05,20.803698,1.7376195,75.71138,36.585365
2014-10-13 06,25.210846,1.7376195,81.30081,35.365852
2014-10-13 07,31.650072,1.7376195,89.939026,48.17073
2014-10-13 08,29.338549,1.7376195,92.98781,41.158535
2014-10-13 09,28.271692,1.7376195,86.89024,32.92683
2014-10-13 10,25.120121,1.7376195,87.39838,36.280487
2014-10-13 11,26.493599,1.3032146,83.333336,43.292683
2014-10-13 12,25.098019,0.7939952,99.5935,48.780487
2014-10-13 13,27.916075,1.520417,80.28455,47.865852
2014-10-13 14,25.248934,0.8386427,83.333336,53.963413
2014-10-13 15,24.182077,1.520417,82.8252,59.451218
2014-10-13 16,24.715506,1.7376195,99.085365,53.963413
2014-10-13 17,26.31579,1.7376195,101.11789,67.07317
2014-10-13 18,27.560457,2.1720243,129.06505,63.414635
2014-10-13 19,25.151844,1.7376195,128.18233,85.36585
2014-10-13 20,29.338549,1.7376195,183.43495,86.28049
2014-10-13 21,25.055773,1.7376195,162.09349,77.13415
2014-10-13 22,25.604553,1.7376195,143.29268,73.78049
2014-10-13 23,22.93741,1.7376195,117.88618,68.902435
2014-10-14 00,21.692745,1.7376195,91.46342,52.134148
2014-10-14 01,19.381224,0.81838226,79.77642,49.69512
2014-10-14 02,18.669987,1.7376195,79.77642,45.73171
2014-10-14 03,18.669987,1.7376195,77.23577,38.719513
2014-10-14 04,18.847795,1.7376195,72.662605,39.32927
2014-10-14 05,20.981508,1.7376195,77.743904,40.243904
2014-10-14 06,23.11522,1.7376195,78.760155,42.07317
2014-10-14 07,30.405405,1.7376195,83.84146,49.085365
2014-10-14 08,29.871977,0.8198702,83.84146,40.853657
2014-10-14 09,28.449503,1.7376195,87.39838,35.67073
2014-10-14 10,27.204834,1.520417,72.662605,39.02439
2014-10-14 11,26.671406,0.81254524,85.873985,38.719513
2014-10-14 12,26.493599,0.8282032,81.30081,40.487373
2014-10-14 13,25.194033,1.7376195,80.28455,39.849144
2014-10-14 14,26.137981,1.7376195,78.25203,36.585365
2014-10-14 15,25.604553,1.7376195,91.46342,40.243904
2014-10-14 16,25.505072,1.7376195,123.380585,42.07317
2014-10-14 17,25.604553,1.7376195,90.44715,48.780487
2014-10-14 18,27.738264,0.82908285,115.85366,62.19512
2014-10-14 19,30.405405,1.7376195,190.54878,79.87805
2014-10-14 20,29.516361,1.7376195,193.08943,70.42683
2014-10-14 21,27.560457,1.7376195,173.78049,76.82927
2014-10-14 22,25.782362,1.7376195,146.84958,66.15854
2014-10-14 23,23.11522,1.7376195,128.55692,40.436253
2014-10-15 00,21.514936,1.7376195,112.296745,47.865852
2014-10-15 01,19.203413,1.7376195,90.955284,43.59756
2014-10-15 02,18.669987,1.520417,91.97154,39.32927
2014-10-15 03,18.847795,1.7376195,82.31707,36.280487
2014-10-15 04,18.669987,1.7376195,121.81331,40.717236
2014-10-15 05,20.44808,1.7376195,82.8252,35.67073
2014-10-15 06,23.11522,1.7376195,87.39838,36.890244
2014-10-15 07,25.151337,1.7376195,90.955284,49.085365
2014-10-15 08,28.982933,1.7376195,110.26423,35.67073
2014-10-15 09,27.560457,1.7376195,101.626015,32.317074
2014-10-15 10,25.565224,1.520417,89.939026,39.32927
2014-10-15 11,26.31579,1.520417,89.4309,44.207317
2014-10-15 12,26.31579,1.520417,102.64227,47.256096
2014-10-15 13,25.351269,1.7376195,90.44715,50.914635
2014-10-15 14,26.849218,1.520417,102.13415,53.963413
2014-10-15 15,25.604553,1.520417,108.231705,57.012196
2014-10-15 16,25.248934,1.7376195,115.34553,40.65481
2014-10-15 17,25.604553,2.1720243,107.72358,56.09756
2014-10-15 18,25.203316,2.606429,134.14635,65.243904
2014-10-15 19,31.116644,1.7376195,191.56505,41.576557
2014-10-15 20,25.444487,1.7376195,183.94308,80.18293
2014-10-15 21,29.694168,1.7376195,124.758545,40.57433
2014-10-15 22,25.071123,1.7376195,159.55284,83.84146
2014-10-15 23,23.29303,1.7376195,139.73578,41.301754
2014-10-16 00,21.870554,1.7376195,123.095535,46.951218
2014-10-16 01,19.381224,1.7376195,88.414635,45.42683
2014-10-16 02,18.492176,1.7376195,86.38211,40.853657
2014-10-16 03,18.492176,1.7376195,91.46342,39.634148
2014-10-16 04,18.669987,1.7376195,87.39838,41.01938
2014-10-16 05,21.159317,1.7376195,85.36585,36.585365
2014-10-16 06,23.29303,1.7376195,84.85773,38.719513
2014-10-16 07,30.583214,1.7376195,99.5935,50.30488
2014-10-16 08,25.379297,1.7376195,123.21492,41.463413
2014-10-16 09,30.583214,0.80778736,99.5935,39.634148
2014-10-16 10,25.158918,1.7376195,100.10162,39.939026
2014-10-16 11,26.137981,1.7376195,99.085365,48.780487
2014-10-16 12,26.671406,1.7376195,124.622406,53.048782
2014-10-16 13,26.671406,1.7376195,88.922775,53.658535
2014-10-16 14,25.336348,1.520417,95.02032,49.085365
2014-10-16 15,25.071123,0.812237,103.150406,48.780487
2014-10-16 16,25.071123,1.7376195,123.65833,50.609756
2014-10-16 17,26.31579,1.7376195,110.772354,55.792683
2014-10-16 18,27.382647,1.520417,145.32521,64.63415
2014-10-16 19,29.516361,1.7376195,210.36588,83.53658
2014-10-16 20,29.16074,1.9548218,209.85773,88.414635
2014-10-16 21,28.80512,1.7376195,169.71545,41.627808
2014-10-16 22,25.071123,1.7376195,159.55284,41.784748
2014-10-16 23,23.470839,1.7376195,137.19513,67.37805
2014-10-17 00,22.048365,1.7376195,120.93496,53.048782
2014-10-17 01,19.559032,1.7376195,92.98781,46.951218
2014-10-17 02,18.669987,1.7376195,94.00407,41.158535
2014-10-17 03,18.492176,1.7376195,90.955284,37.80488
2014-10-17 04,18.669987,1.7376195,84.85773,36.280487
2014-10-17 05,20.625889,1.7376195,90.955284,36.890244
2014-10-17 06,22.403982,1.7376195,83.84146,37.80488
2014-10-17 07,31.116644,0.8194073,98.06911,45.121952
2014-10-17 08,29.694168,1.7376195,109.24797,40.778934
2014-10-17 09,28.80512,0.86880976,121.52562,37.19512
2014-10-17 10,27.204834,1.3032146,98.06911,41.158535
2014-10-17 11,27.382647,1.3032146,99.5935,42.682926
2014-10-17 12,26.671406,1.3032146,102.64227,40.834797
2014-10-17 13,26.31579,1.7376195,90.955284,41.158535
2014-10-17 14,26.31579,1.7376195,94.00407,41.158535
2014-10-17 15,25.248934,1.7376195,79.268295,48.17073
2014-10-17 16,25.782362,1.7376195,109.756096,47.865852
2014-10-17 17,25.604553,1.520417,107.21545,47.256096
2014-10-17 18,26.671406,0.7996666,138.21138,60.060974
2014-10-17 19,28.093882,1.7376195,189.02438,69.81707
2014-10-17 20,29.338549,2.8236315,194.1057,67.98781
2014-10-17 21,26.31579,1.7376195,161.58537,62.80488
2014-10-17 22,24.182077,1.7376195,124.54548,63.109756
2014-10-17 23,22.759602,1.7376195,144.30894,40.748077
2014-10-18 00,21.870554,1.7376195,126.52439,51.219513
2014-10-18 01,19.559032,1.7376195,109.756096,45.73171
2014-10-18 02,18.847795,1.7376195,93.49593,41.463413
2014-10-18 03,18.669987,1.7376195,91.46342,35.365852
2014-10-18 04,18.492176,1.7376195,93.49593,36.280487
2014-10-18 05,20.44808,0.80780745,84.85773,34.756096
2014-10-18 06,20.44808,1.7376195,92.98781,35.67073
2014-10-18 07,22.403982,1.7376195,85.36585,33.536587
2014-10-18 08,25.071123,2.1720243,94.00407,30.182926
2014-10-18 09,29.516361,3.040834,120.42683,39.32927
2014-10-18 10,30.583214,1.9548218,136.687,39.939026
2014-10-18 11,29.871977,1.7376195,149.89838,40.243904
2014-10-18 12,30.405405,1.7376195,167.68292,40.853657
2014-10-18 13,25.422737,1.7376195,150.40651,39.634148
2014-10-18 14,31.294453,1.7376195,141.7683,47.865852
2014-10-18 15,29.338549,1.7376195,138.21138,48.780487
2014-10-18 16,26.671406,1.7376195,133.63821,38.109756
2014-10-18 17,26.137981,1.9548218,118.39431,40.59988
2014-10-18 18,26.493599,1.7376195,151.42276,43.59756
2014-10-18 19,29.694168,1.7376195,200.20325,63.414635
2014-10-18 20,25.441055,1.7376195,172.76422,60.365852
2014-10-18 21,25.782362,1.7376195,153.45529,58.23171
2014-10-18 22,24.893314,1.7376195,152.94716,65.85366
2014-10-18 23,25.289711,1.7376195,144.81708,57.621952
2014-10-19 00,22.93741,1.7376195,118.902435,52.134148
2014-10-19 01,20.27027,0.0,100.60975,46.036587
2014-10-19 02,19.559032,0.0,96.544716,42.07317
2014-10-19 03,19.203413,1.520417,87.39838,39.32927
2014-10-19 04,19.203413,1.520417,88.922775,35.97561
2014-10-19 05,20.44808,1.7376195,97.05285,35.365852
2014-10-19 06,20.27027,1.7376195,83.84146,35.67073
2014-10-19 07,21.337126,1.7376195,81.808945,33.536587
2014-10-19 08,25.248934,1.7376195,91.46342,27.439024
2014-10-19 09,30.583214,1.7376195,96.544716,31.40244
2014-10-19 10,30.938833,1.7376195,137.19513,35.97561
2014-10-19 11,32.1835,0.79429406,122.32253,36.585365
2014-10-19 12,25.193365,1.7376195,151.9309,39.634148
2014-10-19 13,32.00569,1.7376195,115.34553,36.585365
2014-10-19 14,25.184246,0.79052895,98.06911,31.09756
2014-10-19 15,29.694168,1.520417,123.324036,27.439024
2014-10-19 16,27.560457,1.7376195,87.39838,26.829268
2014-10-19 17,26.493599,0.7888659,87.39838,31.09756
2014-10-19 18,28.982933,1.7376195,113.31301,31.09756
2014-10-19 19,31.116644,1.9548218,155.48781,50.609756
2014-10-19 20,30.049786,1.7376195,164.12602,41.594326
2014-10-19 21,28.982933,1.7376195,163.61789,57.317074
2014-10-19 22,25.782362,1.7376195,134.65446,53.048782
2014-10-19 23,24.182077,0.8077188,114.32927,49.390244
2014-10-20 00,22.048365,1.7376195,105.69106,37.5
2014-10-20 01,19.914652,1.7376195,85.36585,32.92683
2014-10-20 02,18.847795,1.7376195,86.89024,33.23171
2014-10-20 03,18.669987,1.520417,119.95985,32.621952
2014-10-20 04,18.847795,1.7376195,81.808945,32.012196
2014-10-20 05,20.44808,1.7376195,85.873985,30.792683
2014-10-20 06,23.470839,1.7376195,78.25203,33.23171
2014-10-20 07,32.00569,1.7376195,89.4309,39.939026
2014-10-20 08,31.472261,1.7376195,99.5935,34.146343
2014-10-20 09,29.871977,1.7376195,90.955284,30.182926
2014-10-20 10,29.871977,1.7376195,88.922775,36.585365
2014-10-20 11,25.202532,1.3032146,87.9065,40.630005
2014-10-20 12,28.80512,1.3032146,103.150406,50.30488
2014-10-20 13,27.738264,1.520417,76.727646,34.451218
2014-10-20 14,27.560457,1.3032146,89.939026,38.414635
2014-10-20 15,26.137981,0.8189789,94.00407,40.548782
2014-10-20 16,25.96017,1.7376195,90.44715,40.548782
2014-10-20 17,27.560457,1.7376195,87.39838,50.609756
2014-10-20 18,29.516361,2.1720243,112.80488,60.060974
2014-10-20 19,31.472261,1.7376195,179.3699,82.62195
2014-10-20 20,30.405405,1.7376195,179.87805,69.51219
2014-10-20 21,30.049786,1.7376195,169.20732,68.597565
2014-10-20 22,25.782362,1.7376195,150.91463,70.12195
2014-10-20 23,23.826458,1.7376195,124.49187,61.280487
2014-10-21 00,22.759602,1.7376195,113.82114,43.59756
2014-10-21 01,19.559032,1.7376195,86.38211,39.634148
2014-10-21 02,25.17322,1.7376195,89.4309,35.67073
2014-10-21 03,18.847795,1.7376195,88.922775,33.841465
2014-10-21 04,18.847795,1.7376195,81.30081,32.012196
2014-10-21 05,20.981508,1.7376195,91.97154,32.012196
2014-10-21 06,24.182077,1.7376195,85.873985,34.756096
2014-10-21 07,31.650072,1.7376195,95.52846,43.90244
2014-10-21 08,29.871977,1.7376195,108.231705,36.585365
2014-10-21 09,28.80512,1.7376195,98.57723,28.04878
2014-10-21 10,27.916075,1.520417,108.73984,40.28494
2014-10-21 11,27.382647,1.520417,85.36585,28.353659
2014-10-21 12,27.560457,1.3032146,98.57723,35.060974
2014-10-21 13,27.916075,1.7376195,89.939026,28.963415
2014-10-21 14,27.738264,0.7968744,94.51219,32.92683
2014-10-21 15,26.137981,1.7376195,80.28455,38.719513
2014-10-21 16,26.493599,1.7376195,93.49593,39.32927
2014-10-21 17,27.027029,1.7376195,92.479675,52.439026
2014-10-21 18,30.049786,2.1720243,121.951225,54.57317
2014-10-21 19,31.472261,1.7376195,191.56505,71.95122
2014-10-21 20,31.116644,1.7376195,204.77643,76.82927
2014-10-21 21,28.80512,1.7376195,172.2561,40.916447
2014-10-21 22,26.493599,0.80217344,151.9309,64.63415
2014-10-21 23,25.404776,1.7376195,123.47561,59.451218
2014-10-22 00,25.288292,1.7376195,115.85366,39.634148
2014-10-22 01,20.09246,1.7376195,121.751686,41.27323
2014-10-22 02,19.381224,1.520417,85.873985,33.23171
2014-10-22 03,18.847795,1.7376195,85.873985,32.012196
2014-10-22 04,19.203413,1.7376195,80.79269,31.707317
2014-10-22 05,20.981508,1.7376195,88.414635,33.841465
2014-10-22 06,25.317883,1.7376195,120.46574,35.67073
2014-10-22 07,32.1835,1.7376195,103.150406,44.207317
2014-10-22 08,32.36131,1.7376195,98.06911,29.878048
2014-10-22 09,25.576801,1.7376195,121.81477,27.439024
2014-10-22 10,28.449503,1.520417,79.268295,29.878048
2014-10-22 11,27.204834,1.520417,86.38211,38.414635
2014-10-22 12,27.916075,0.8021816,87.9065,44.207317
2014-10-22 13,28.80512,1.7376195,82.8252,30.792683
2014-10-22 14,28.982933,1.520417,123.64741,31.707317
2014-10-22 15,28.093882,1.520417,81.30081,43.292683
2014-10-22 16,29.516361,1.7376195,92.98781,51.82927
2014-10-22 17,27.204834,2.1720243,88.922775,57.012196
2014-10-22 18,25.396238,2.606429,103.65854,60.365852
2014-10-22 19,31.650072,1.7376195,173.78049,70.12195
2014-10-22 20,30.583214,1.7376195,199.69514,68.29269
2014-10-22 21,29.871977,1.7376195,161.07724,70.42683
2014-10-22 22,27.560457,1.7376195,155.99594,69.20731
2014-10-22 23,25.071123,1.7376195,136.687,41.175507
2014-10-23 00,23.826458,1.7376195,123.47561,42.682926
2014-10-23 01,20.09246,1.7376195,121.059746,38.109756
2014-10-23 02,19.203413,1.7376195,85.36585,34.756096
2014-10-23 03,18.847795,1.7376195,83.84146,40.158722
2014-10-23 04,19.203413,1.7376195,81.808945,32.012196
2014-10-23 05,22.226173,1.7376195,121.19856,32.92683
2014-10-23 06,26.137981,1.7376195,121.79552,33.23171
2014-10-23 07,33.605976,1.7376195,104.6748,44.207317
2014-10-23 08,32.894737,1.7376195,91.97154,36.585365
2014-10-23 09,29.516361,1.9548218,97.560974,27.743902
2014-10-23 10,28.80512,1.7376195,97.560974,25.304878
2014-10-23 11,27.916075,1.7376195,92.479675,29.573172
2014-10-23 12,28.449503,1.7376195,96.03658,31.707317
2014-10-23 13,27.382647,1.7376195,92.479675,27.743902
2014-10-23 14,26.671406,1.520417,82.31707,33.536587
2014-10-23 15,25.434954,1.520417,80.28455,42.07317
2014-10-23 16,25.008852,0.81989056,81.808945,43.59756
2014-10-23 17,28.271692,1.7376195,90.955284,48.47561
2014-10-23 18,30.761024,1.520417,123.387955,50.609756
2014-10-23 19,30.761024,1.7376195,189.02438,62.19512
2014-10-23 20,30.583214,1.9548218,193.08943,65.85366
2014-10-23 21,28.62731,1.7376195,171.74797,67.37805
2014-10-23 22,27.382647,1.7376195,147.35773,63.719513
2014-10-23 23,24.715506,1.7376195,125.50813,58.23171
2014-10-24 00,24.537695,1.7376195,112.296745,47.560974
2014-10-24 01,20.44808,1.7376195,96.03658,37.19512
2014-10-24 02,19.025604,1.7376195,90.955284,40.095848
2014-10-24 03,19.025604,1.7376195,84.85773,31.40244
2014-10-24 04,19.203413,1.7376195,81.808945,29.268293
2014-10-24 05,21.159317,1.7376195,81.30081,31.40244
2014-10-24 06,24.715506,0.80982345,91.97154,32.317074
2014-10-24 07,33.605976,1.7376195,103.150406,43.90244
2014-10-24 08,33.783783,1.7376195,98.06911,40.813396
2014-10-24 09,25.441517,0.8055786,92.98781,28.658537
2014-10-24 10,29.871977,1.3032146,87.9065,32.621952
2014-10-24 11,25.487162,1.3032146,95.02032,32.012196
2014-10-24 12,28.62731,1.3032146,93.49593,39.02439
2014-10-24 13,28.093882,1.7376195,88.414635,35.365852
2014-10-24 14,25.782362,1.7376195,80.79269,37.19512
2014-10-24 15,24.893314,1.7376195,79.77642,34.451218
2014-10-24 16,25.248934,0.7963205,94.00407,39.02439
2014-10-24 17,25.248934,1.520417,79.77642,40.156364
2014-10-24 18,27.916075,2.1720243,106.19919,53.658535
2014-10-24 19,28.271692,1.7376195,172.2561,66.768295
2014-10-24 20,27.382647,2.8236315,177.3374,41.741173
2014-10-24 21,26.493599,1.7376195,169.71545,64.939026
2014-10-24 22,24.182077,1.7376195,154.47154,62.5
2014-10-24 23,25.32335,1.7376195,136.687,53.353657
2014-10-25 00,22.581793,1.7376195,131.6057,47.865852
2014-10-25 01,19.203413,1.7376195,105.69106,35.365852
2014-10-25 02,17.42532,0.7866278,89.939026,36.280487
2014-10-25 03,17.069702,1.7376195,88.922775,34.451218
2014-10-25 04,16.891891,1.7376195,85.36585,40.054775
2014-10-25 05,25.664112,2.1720243,123.53134,35.060974
2014-10-25 06,21.514936,1.7376195,74.69512,32.92683
2014-10-25 07,23.11522,1.7376195,81.808945,40.243904
2014-10-25 08,25.333256,2.1720243,92.98781,35.060974
2014-10-25 09,30.761024,0.81080765,114.32927,33.23171
2014-10-25 10,31.472261,1.9548218,121.951225,34.146343
2014-10-25 11,29.871977,1.7376195,127.03253,37.5
2014-10-25 12,30.405405,1.7376195,124.015564,34.756096
2014-10-25 13,25.494905,1.7376195,106.19919,41.76829
2014-10-25 14,27.204834,1.7376195,105.69106,40.22888
2014-10-25 15,26.671406,1.7376195,114.32927,47.256096
2014-10-25 16,25.287952,1.7376195,123.25073,39.634148
2014-10-25 17,25.371922,1.9548218,112.296745,43.90244
2014-10-25 18,29.694168,0.8007291,124.49187,40.164223
2014-10-25 19,27.560457,1.7376195,175.30487,64.63415
2014-10-25 20,25.260136,1.7376195,184.95935,71.95122
2014-10-25 21,25.782362,1.7376195,124.58118,41.155945
2014-10-25 22,23.648647,1.7376195,129.57317,55.487804
2014-10-25 23,23.29303,0.8097045,133.13008,56.707317
2014-10-26 00,22.403982,0.7933741,133.63821,56.09756
2014-10-26 01,36.628735,0.0,227.13414,78.04878
2014-10-26 02,16.891891,0.0,102.13415,34.756096
2014-10-26 03,16.891891,1.520417,91.46342,32.317074
2014-10-26 04,18.314367,1.520417,84.349594,34.146343
2014-10-26 05,20.09246,1.7376195,75.71138,33.841465
2014-10-26 06,25.336449,1.7376195,75.203255,35.365852
2014-10-26 07,23.29303,1.7376195,80.79269,27.439024
2014-10-26 08,25.124039,1.7376195,106.19919,40.79781
2014-10-26 09,33.250355,1.7376195,136.17886,30.182926
2014-10-26 10,30.049786,1.7376195,146.34148,29.268293
2014-10-26 11,30.761024,1.7376195,146.84958,33.23171
2014-10-26 12,29.871977,1.7376195,142.27643,44.207317
2014-10-26 13,25.588394,1.7376195,122.784386,38.719513
2014-10-26 14,28.271692,0.80468285,97.560974,38.719513
2014-10-26 15,26.137981,1.520417,96.544716,37.19512
2014-10-26 16,25.210888,1.7376195,82.31707,36.280487
2014-10-26 17,27.382647,1.7376195,110.26423,40.372395
2014-10-26 18,28.62731,1.7376195,149.89838,41.568733
2014-10-26 19,27.027029,1.9548218,159.04471,64.939026
2014-10-26 20,26.849218,1.7376195,159.55284,61.585365
2014-10-26 21,26.671406,1.7376195,147.35773,59.756096
2014-10-26 22,23.11522,1.7376195,138.21138,51.82927
2014-10-26 23,23.470839,1.7376195,123.98374,40.664326
2014-10-27 00,20.981508,1.7376195,105.18294,35.365852
2014-10-27 01,17.958748,1.7376195,88.414635,32.621952
2014-10-27 02,16.891891,1.7376195,87.39838,32.012196
2014-10-27 03,17.069702,1.520417,77.743904,32.012196
2014-10-27 04,18.136559,1.7376195,83.333336,32.92683
2014-10-27 05,20.803698,1.7376195,78.760155,40.030323
2014-10-27 06,24.359886,1.7376195,71.64634,31.40244
2014-10-27 07,34.139404,1.7376195,123.23095,37.5
2014-10-27 08,30.761024,0.7909684,102.64227,35.67073
2014-10-27 09,27.382647,1.7376195,109.24797,27.439024
2014-10-27 10,25.96017,1.7376195,84.85773,30.487804
2014-10-27 11,26.137981,1.3032146,79.268295,32.012196
2014-10-27 12,25.782362,1.3032146,83.333336,38.414635
2014-10-27 13,25.071123,1.520417,122.81173,34.756096
2014-10-27 14,26.137981,1.3032146,123.47385,37.5
2014-10-27 15,22.759602,1.520417,82.8252,43.59756
2014-10-27 16,24.182077,0.8063036,81.808945,44.512196
2014-10-27 17,25.431671,1.7376195,125.02612,52.743904
2014-10-27 18,26.137981,2.1720243,176.32114,74.39024
2014-10-27 19,28.80512,1.7376195,196.64635,75.914635
2014-10-27 20,28.62731,1.7376195,158.02846,40.816364
2014-10-27 21,27.027029,1.7376195,155.99594,71.95122
2014-10-27 22,23.470839,0.8039551,142.27643,65.243904
2014-10-27 23,22.759602,1.7376195,133.13008,56.09756
2014-10-28 00,19.559032,0.810694,104.166664,40.548782
2014-10-28 01,17.42532,1.7376195,94.00407,39.634148
2014-10-28 02,16.891891,0.80009633,81.808945,36.585365
2014-10-28 03,16.714083,1.7376195,81.808945,34.146343
2014-10-28 04,19.381224,1.7376195,75.203255,32.012196
2014-10-28 05,20.803698,1.7376195,121.86685,35.060974
2014-10-28 06,23.29303,1.7376195,73.67886,39.68743
2014-10-28 07,32.36131,1.7376195,86.89024,38.109756
2014-10-28 08,30.049786,1.7376195,94.00407,34.451218
2014-10-28 09,26.849218,1.7376195,87.9065,28.353659
2014-10-28 10,24.004267,1.520417,73.67886,27.439024
2014-10-28 11,25.96017,0.8076216,81.30081,39.4361
2014-10-28 12,23.826458,0.8086587,93.49593,29.268293
2014-10-28 13,24.182077,1.7376195,79.268295,33.23171
2014-10-28 14,25.071123,1.7376195,78.760155,32.621952
2014-10-28 15,24.537695,1.7376195,72.662605,37.19512
2014-10-28 16,24.004267,1.7376195,79.268295,40.243904
2014-10-28 17,24.537695,1.7376195,88.922775,45.42683
2014-10-28 18,25.514565,2.1720243,125.18602,73.78049
2014-10-28 19,29.871977,1.7376195,191.56505,86.585365
2014-10-28 20,28.271692,1.7376195,182.92683,41.993374
2014-10-28 21,25.604553,1.7376195,159.55284,66.15854
2014-10-28 22,23.648647,1.7376195,155.48781,59.756096
2014-10-28 23,23.11522,1.7376195,124.49187,55.182926
2014-10-29 00,19.736841,1.7376195,111.78862,39.32927
2014-10-29 01,17.78094,1.7376195,100.60975,35.365852
2014-10-29 02,16.891891,1.520417,89.4309,35.365852
2014-10-29 03,16.891891,1.7376195,121.543274,32.012196
2014-10-29 04,18.136559,1.7376195,78.25203,30.487804
2014-10-29 05,19.914652,1.7376195,77.23577,30.792683
2014-10-29 06,22.581793,1.7376195,121.92542,32.012196
2014-10-29 07,33.250355,1.7376195,94.51219,41.158535
2014-10-29 08,30.761024,1.7376195,94.00407,36.585365
2014-10-29 09,27.560457,1.7376195,88.922775,25.914635
2014-10-29 10,27.027029,1.520417,120.37976,28.04878
2014-10-29 11,27.560457,1.520417,76.21951,22.560976
2014-10-29 12,26.493599,1.520417,76.21951,25.304878
2014-10-29 13,25.604553,1.7376195,78.25203,21.341463
2014-10-29 14,24.893314,1.520417,85.873985,22.865854
2014-10-29 15,24.537695,1.520417,120.11925,25.914635
2014-10-29 16,24.893314,1.7376195,76.21951,39.02439
2014-10-29 17,25.301285,2.1720243,123.91509,41.158535
2014-10-29 18,29.16074,2.606429,149.39024,75.0
2014-10-29 19,27.560457,1.7376195,197.15446,75.914635
2014-10-29 20,27.916075,1.7376195,178.8618,41.02679
2014-10-29 21,27.027029,0.7987355,171.74797,58.23171
2014-10-29 22,24.182077,1.7376195,140.75203,56.707317
2014-10-29 23,23.826458,1.7376195,122.45935,41.064728
2014-10-30 00,21.159317,1.7376195,115.34553,41.158535
2014-10-30 01,18.492176,0.8057375,95.52846,36.585365
2014-10-30 02,17.24751,1.7376195,94.51219,36.280487
2014-10-30 03,17.60313,1.7376195,83.84146,34.451218
2014-10-30 04,25.286564,1.7376195,75.203255,32.317074
2014-10-30 05,21.692745,1.7376195,82.31707,33.23171
2014-10-30 06,24.537695,0.80178756,74.18699,35.060974
2014-10-30 07,32.716927,1.7376195,96.544716,34.756096
2014-10-30 08,29.871977,1.7376195,103.150406,32.92683
2014-10-30 09,26.671406,1.9548218,89.939026,40.85045
2014-10-30 10,25.187143,1.7376195,89.939026,28.04878
2014-10-30 11,26.671406,1.7376195,97.05285,27.134146
2014-10-30 12,25.782362,1.7376195,103.150406,28.353659
2014-10-30 13,27.560457,1.7376195,86.38211,24.390244
2014-10-30 14,26.849218,1.520417,72.662605,24.085365
2014-10-30 15,23.648647,1.520417,87.9065,33.23171
2014-10-30 16,24.715506,1.7376195,83.84146,36.280487
2014-10-30 17,26.671406,1.7376195,96.544716,40.845814
2014-10-30 18,28.271692,1.520417,163.10976,79.268295
2014-10-30 19,29.871977,1.7376195,199.187,84.45122
2014-10-30 20,28.093882,1.9548218,182.4187,41.496582
2014-10-30 21,27.204834,1.7376195,170.7317,60.365852
2014-10-30 22,25.4828,1.7376195,149.89838,54.57317
2014-10-30 23,23.470839,1.7376195,122.30217,48.780487
2014-10-31 00,20.625889,1.7376195,112.296745,39.02439
2014-10-31 01,18.492176,1.7376195,97.05285,35.365852
2014-10-31 02,17.069702,1.7376195,88.922775,35.060974
2014-10-31 03,17.42532,1.7376195,80.28455,34.451218
2014-10-31 04,19.203413,1.7376195,80.79269,32.317074
2014-10-31 05,20.27027,1.7376195,75.203255,35.97561
2014-10-31 06,24.182077,1.7376195,79.268295,33.23171
2014-10-31 07,31.650072,0.8089371,85.873985,40.237926
2014-10-31 08,29.516361,1.7376195,86.89024,32.621952
2014-10-31 09,26.849218,0.86880976,87.9065,32.012196
2014-10-31 10,27.027029,1.3032146,84.349594,32.317074
2014-10-31 11,26.849218,1.3032146,97.560974,24.695122
2014-10-31 12,26.31579,1.3032146,110.772354,22.256098
2014-10-31 13,26.493599,1.7376195,90.44715,25.304878
2014-10-31 14,25.477484,1.7376195,79.77642,30.182926
2014-10-31 15,24.715506,1.7376195,88.414635,33.841465
2014-10-31 16,25.248934,1.7376195,121.773834,38.109756
2014-10-31 17,25.426743,0.8097979,100.10162,40.853657
2014-10-31 18,25.426743,2.1720243,162.09349,62.5
2014-10-31 19,25.363735,1.7376195,125.03978,61.890244
2014-10-31 20,27.560457,2.8236315,172.2561,56.09756
2014-10-31 21,24.182077,0.8027781,156.50406,51.82927
2014-10-31 22,23.11522,1.7376195,140.2439,52.439026
2014-10-31 23,22.93741,1.7376195,124.49187,44.817074
2014-11-01 00,20.44808,1.7376195,120.70639,40.548782
2014-11-01 01,18.669987,1.7376195,109.756096,39.634148
2014-11-01 02,25.505585,1.7376195,90.955284,34.146343
2014-11-01 03,17.42532,1.7376195,85.36585,31.707317
2014-11-01 04,25.59843,1.7376195,77.23577,29.878048
2014-11-01 05,19.914652,2.1720243,75.203255,41.05287
2014-11-01 06,19.914652,1.7376195,119.59333,29.878048
2014-11-01 07,21.514936,1.7376195,119.417755,25.0
2014-11-01 08,25.248934,2.1720243,83.333336,30.487804
2014-11-01 09,28.982933,0.7743484,122.5988,37.80488
2014-11-01 10,27.382647,0.79496586,132.11382,32.317074
2014-11-01 11,27.204834,1.7376195,110.26423,40.82146
2014-11-01 12,28.093882,1.7376195,118.902435,40.52854
2014-11-01 13,26.849218,1.7376195,108.73984,29.878048
2014-11-01 14,27.560457,1.7376195,130.0813,35.365852
2014-11-01 15,27.560457,1.7376195,119.41057,33.536587
2014-11-01 16,24.359886,1.7376195,122.93538,35.97561
2014-11-01 17,24.182077,1.9548218,117.88618,39.02439
2014-11-01 18,25.782362,1.7376195,173.78049,56.40244
2014-11-01 19,25.426743,1.7376195,198.17073,62.5
2014-11-01 20,25.576103,1.7376195,172.2561,61.280487
2014-11-01 21,23.470839,1.7376195,150.91463,58.23171
2014-11-01 22,22.759602,1.7376195,138.21138,56.09756
2014-11-01 23,22.403982,1.7376195,123.81008,57.621952
2014-11-02 00,20.803698,1.7376195,116.86991,40.566784
2014-11-02 01,18.669987,0.0,132.72751,41.98753
2014-11-02 02,17.24751,0.0,86.89024,33.23171
2014-11-02 03,17.069702,1.520417,121.84476,31.40244
2014-11-02 04,18.847795,1.520417,81.30081,30.792683
2014-11-02 05,19.203413,1.7376195,77.23577,29.878048
2014-11-02 06,19.914652,1.7376195,68.597565,32.317074
2014-11-02 07,20.981508,1.7376195,64.02439,22.560976
2014-11-02 08,24.359886,1.7376195,82.8252,25.914635
2014-11-02 09,27.916075,0.79925597,100.10162,29.878048
2014-11-02 10,25.381386,1.7376195,116.361786,34.451218
2014-11-02 11,29.516361,1.7376195,145.32521,40.853657
2014-11-02 12,30.227596,1.7376195,152.43903,35.365852
2014-11-02 13,28.093882,1.7376195,117.37805,48.780487
2014-11-02 14,26.137981,1.7376195,106.19919,42.682926
2014-11-02 15,25.782362,1.520417,95.52846,36.585365
2014-11-02 16,24.715506,1.7376195,122.459145,33.23171
2014-11-02 17,25.248934,1.7376195,123.48124,39.02439
2014-11-02 18,27.560457,1.7376195,126.8103,60.365852
2014-11-02 19,28.982933,1.9548218,163.61789,67.98781
2014-11-02 20,28.449503,1.7376195,174.79675,65.85366
2014-11-02 21,25.96017,0.81237084,161.07724,62.5
2014-11-02 22,23.11522,1.7376195,151.42276,57.621952
2014-11-02 23,25.206366,1.7376195,117.88618,56.707317
2014-11-03 00,20.09246,1.7376195,116.361786,43.292683
2014-11-03 01,18.314367,1.7376195,106.70731,38.414635
2014-11-03 02,16.714083,1.7376195,89.939026,35.67073
2014-11-03 03,16.714083,1.520417,80.79269,35.365852
2014-11-03 04,17.78094,1.7376195,76.727646,33.841465
2014-11-03 05,19.025604,1.7376195,70.12195,39.738888
2014-11-03 06,22.048365,1.7376195,122.37791,35.365852
2014-11-03 07,30.049786,1.7376195,88.922775,38.109756
2014-11-03 08,25.231316,1.7376195,95.52846,38.719513
2014-11-03 09,26.849218,1.7376195,103.150406,40.121582
2014-11-03 10,26.671406,1.7376195,105.18294,40.903053
2014-11-03 11,25.96017,1.3032146,110.772354,54.57317
2014-11-03 12,24.715506,1.3032146,99.5935,59.146343
2014-11-03 13,24.359886,1.520417,124.01694,54.26829
2014-11-03 14,23.470839,1.3032146,103.65854,55.487804
2014-11-03 15,22.226173,1.520417,126.27912,69.20731
2014-11-03 16,22.048365,0.839639,93.49593,66.15854
2014-11-03 17,22.581793,1.7376195,114.32927,80.18293
2014-11-03 18,25.071123,2.1720243,128.83517,97.560974
2014-11-03 19,26.671406,1.7376195,213.92276,94.51219
2014-11-03 20,29.516361,1.7376195,127.544846,77.439026
2014-11-03 21,25.604553,1.7376195,163.61789,83.231705
2014-11-03 22,25.387768,0.8078437,152.94716,71.95122
2014-11-03 23,20.981508,1.7376195,117.37805,67.98781
2014-11-04 00,19.381224,1.7376195,110.26423,50.609756
2014-11-04 01,17.24751,0.8136545,97.560974,48.17073
2014-11-04 02,16.714083,1.7376195,89.4309,45.73171
2014-11-04 03,16.536274,1.7376195,78.760155,45.73171
2014-11-04 04,17.958748,1.7376195,77.743904,45.121952
2014-11-04 05,25.360249,1.7376195,76.21951,43.90244
2014-11-04 06,21.692745,1.7376195,72.662605,49.390244
2014-11-04 07,29.694168,0.8066757,92.479675,44.207317
2014-11-04 08,28.62731,0.7942097,121.819756,49.69512
2014-11-04 09,26.493599,1.7376195,122.25906,39.32927
2014-11-04 10,26.31579,1.520417,94.51219,51.82927
2014-11-04 11,24.182077,1.520417,99.5935,49.69512
2014-11-04 12,24.182077,1.3032146,123.81724,54.26829
2014-11-04 13,25.124636,1.7376195,92.479675,48.780487
2014-11-04 14,23.29303,1.7376195,87.39838,46.646343
2014-11-04 15,23.470839,0.7927763,123.64002,49.390244
2014-11-04 16,22.226173,1.7376195,88.414635,50.609756
2014-11-04 17,23.29303,1.7376195,123.222404,55.182926
2014-11-04 18,25.071123,2.1720243,171.23984,88.71951
2014-11-04 19,28.80512,1.7376195,213.41463,96.64634
2014-11-04 20,28.982933,1.7376195,128.6173,76.52439
2014-11-04 21,25.426743,0.80517876,175.30487,72.86585
2014-11-04 22,22.759602,1.7376195,160.5691,41.251556
2014-11-04 23,21.514936,1.7376195,133.13008,63.414635
2014-11-05 00,19.559032,1.7376195,123.95036,48.47561
2014-11-05 01,17.60313,1.7376195,122.112495,49.390244
2014-11-05 02,16.714083,1.520417,85.873985,40.764233
2014-11-05 03,25.421213,1.7376195,82.31707,39.32927
2014-11-05 04,17.78094,0.7953538,77.23577,43.292683
2014-11-05 05,18.492176,1.7376195,77.23577,45.73171
2014-11-05 06,21.337126,1.7376195,73.67886,47.865852
2014-11-05 07,30.405405,1.7376195,124.73763,42.987804
2014-11-05 08,27.027029,1.7376195,91.97154,45.121952
2014-11-05 09,26.849218,1.7376195,105.69106,37.19512
2014-11-05 10,24.893314,1.520417,91.97154,54.26829
2014-11-05 11,25.604553,1.520417,90.955284,40.653454
2014-11-05 12,24.537695,1.520417,95.52846,54.878048
2014-11-05 13,24.537695,1.7376195,122.29548,46.646343
2014-11-05 14,24.004267,1.520417,80.79269,44.512196
2014-11-05 15,23.29303,1.520417,85.873985,42.682926
2014-11-05 16,23.29303,1.7376195,88.414635,52.743904
2014-11-05 17,23.11522,2.1720243,104.6748,63.719513
2014-11-05 18,25.782362,2.606429,182.4187,82.62195
2014-11-05 19,27.916075,1.7376195,232.21547,87.80488
2014-11-05 20,26.493599,1.7376195,220.02032,82.92683
2014-11-05 21,26.137981,1.7376195,204.77643,74.69512
2014-11-05 22,23.29303,1.7376195,159.04471,78.65854
2014-11-05 23,21.159317,1.7376195,130.58943,75.0
2014-11-06 00,19.203413,1.7376195,115.34553,61.585365
2014-11-06 01,17.42532,1.7376195,95.02032,53.658535
2014-11-06 02,25.391949,1.7376195,88.414635,51.52439
2014-11-06 03,25.098085,1.7376195,82.8252,48.17073
2014-11-06 04,17.78094,1.7376195,85.873985,51.219513
2014-11-06 05,18.669987,1.7376195,121.99387,41.789154
2014-11-06 06,20.625889,1.7376195,78.760155,55.792683
2014-11-06 07,30.049786,1.7376195,126.29367,55.792683
2014-11-06 08,27.382647,1.7376195,92.98781,57.621952
2014-11-06 09,26.671406,1.9548218,100.10162,51.52439
2014-11-06 10,25.26305,1.7376195,107.21545,55.487804
2014-11-06 11,23.470839,0.8117299,106.19919,58.23171
2014-11-06 12,25.426743,1.7376195,124.25831,51.219513
2014-11-06 13,24.359886,1.7376195,92.98781,44.207317
2014-11-06 14,24.182077,1.520417,86.89024,45.73171
2014-11-06 15,22.226173,0.80040497,92.479675,40.667114
2014-11-06 16,22.403982,1.7376195,99.5935,53.963413
2014-11-06 17,22.403982,1.7376195,129.57317,61.280487
2014-11-06 18,24.537695,1.520417,127.41207,89.63415
2014-11-06 19,27.027029,1.7376195,228.1504,93.597565
2014-11-06 20,27.382647,1.9548218,213.41463,85.36585
2014-11-06 21,25.782362,1.7376195,211.38213,85.060974
2014-11-06 22,22.403982,1.7376195,192.5813,81.70731
2014-11-06 23,20.803698,1.7376195,136.17886,77.13415
2014-11-07 00,19.025604,1.7376195,126.52439,57.317074
2014-11-07 01,17.24751,1.7376195,98.06911,54.26829
2014-11-07 02,16.714083,1.7376195,89.4309,49.085365
2014-11-07 03,16.536274,1.7376195,86.89024,47.865852
2014-11-07 04,17.24751,1.7376195,123.173164,47.560974
2014-11-07 05,25.449646,1.7376195,93.49593,45.73171
2014-11-07 06,20.981508,1.7376195,80.28455,57.317074
2014-11-07 07,29.516361,1.7376195,88.922775,51.82927
2014-11-07 08,27.560457,0.7980972,122.279274,49.69512
2014-11-07 09,26.137981,0.86880976,111.78862,46.646343
2014-11-07 10,25.604553,1.3032146,114.32927,46.341465
2014-11-07 11,24.715506,1.3032146,105.18294,41.158535
2014-11-07 12,25.071123,1.3032146,106.70731,39.939026
2014-11-07 13,25.248934,1.7376195,94.00407,35.365852
2014-11-07 14,25.391434,1.7376195,83.84146,40.310764
2014-11-07 15,23.29303,1.7376195,121.34971,41.463413
2014-11-07 16,24.004267,1.7376195,102.64227,50.609756
2014-11-07 17,24.537695,1.520417,119.9187,62.5
2014-11-07 18,25.071123,2.1720243,178.8618,92.37805
2014-11-07 19,26.137981,1.7376195,219.51219,87.19512
2014-11-07 20,26.31579,2.8236315,199.69514,80.48781
2014-11-07 21,24.893314,1.7376195,182.4187,83.53658
2014-11-07 22,22.226173,1.7376195,166.66667,71.95122
2014-11-07 23,20.981508,1.7376195,137.19513,73.17073
2014-11-08 00,19.381224,1.7376195,122.45935,59.756096
2014-11-08 01,18.136559,1.7376195,94.51219,52.134148
2014-11-08 02,17.069702,1.7376195,91.97154,47.256096
2014-11-08 03,16.891891,1.7376195,85.873985,45.121952
2014-11-08 04,25.388823,1.7376195,121.65645,45.73171
2014-11-08 05,18.136559,2.1720243,79.268295,45.121952
2014-11-08 06,18.136559,1.7376195,78.760155,41.463413
2014-11-08 07,20.625889,1.7376195,77.743904,37.19512
2014-11-08 08,24.715506,2.1720243,123.92359,46.646343
2014-11-08 09,28.271692,3.040834,121.951225,41.103718
2014-11-08 10,29.338549,0.8065823,131.6057,53.658535
2014-11-08 11,28.093882,1.7376195,146.34148,57.621952
2014-11-08 12,28.62731,0.8040638,133.13008,56.707317
2014-11-08 13,27.916075,1.7376195,153.45529,57.012196
2014-11-08 14,26.31579,1.7376195,135.67073,53.963413
2014-11-08 15,25.596144,1.7376195,163.61789,58.841465
2014-11-08 16,23.648647,1.7376195,176.82927,53.048782
2014-11-08 17,23.470839,1.9548218,165.6504,64.32927
2014-11-08 18,25.604553,1.7376195,214.4309,78.65854
2014-11-08 19,25.426743,1.7376195,221.03659,83.53658
2014-11-08 20,24.963495,0.80303943,192.07317,87.5
2014-11-08 21,23.648647,1.7376195,189.53253,77.439026
2014-11-08 22,21.692745,1.7376195,154.47154,75.60976
2014-11-08 23,20.803698,0.80343324,150.40651,74.39024
2014-11-09 00,19.736841,0.82057506,142.27643,65.85366
2014-11-09 01,18.314367,0.0,104.6748,54.57317
2014-11-09 02,17.069702,0.0,136.63184,45.73171
2014-11-09 03,25.346481,1.520417,88.922775,46.036587
2014-11-09 04,17.24751,0.80308473,82.31707,40.243904
2014-11-09 05,17.42532,1.7376195,84.85773,46.036587
2014-11-09 06,25.490574,1.7376195,122.71127,41.644623
2014-11-09 07,18.847795,1.7376195,72.15447,34.451218
2014-11-09 08,22.93741,1.7376195,88.922775,40.594627
2014-11-09 09,27.382647,1.7376195,111.78862,41.158535
2014-11-09 10,29.516361,0.8092839,122.81981,53.658535
2014-11-09 11,28.982933,1.7376195,170.7317,56.707317
2014-11-09 12,28.80512,1.7376195,177.3374,67.37805
2014-11-09 13,27.916075,1.7376195,132.62195,61.890244
2014-11-09 14,26.493599,1.7376195,118.39431,60.97561
2014-11-09 15,25.426743,1.520417,137.19513,57.621952
2014-11-09 16,23.470839,1.7376195,134.14635,64.02439
2014-11-09 17,23.826458,1.7376195,151.42276,55.792683
2014-11-09 18,25.604553,1.7376195,127.0348,76.21951
2014-11-09 19,25.176643,1.9548218,192.07317,75.30488
2014-11-09 20,27.382647,1.7376195,196.13821,75.914635
2014-11-09 21,25.426743,1.7376195,127.6246,71.95122
2014-11-09 22,22.93741,1.7376195,167.17479,73.78049
2014-11-09 23,20.803698,1.7376195,137.19513,63.719513
2014-11-10 00,19.025604,1.7376195,118.902435,56.09756
2014-11-10 01,17.78094,1.7376195,99.085365,52.439026
2014-11-10 02,17.069702,1.7376195,85.36585,45.42683
2014-11-10 03,16.714083,1.520417,87.39838,39.939026
2014-11-10 04,17.069702,1.7376195,85.873985,43.292683
2014-11-10 05,17.60313,1.7376195,82.31707,40.883404
2014-11-10 06,20.44808,1.7376195,84.85773,44.817074
2014-11-10 07,29.871977,1.7376195,98.06911,40.243904
2014-11-10 08,27.560457,1.7376195,93.49593,42.378048
2014-11-10 09,26.137981,1.7376195,97.560974,42.378048
2014-11-10 10,25.41203,1.7376195,116.86991,53.353657
2014-11-10 11,24.004267,1.3032146,105.69106,40.92591
2014-11-10 12,25.08593,1.3032146,116.361786,58.841465
2014-11-10 13,25.304031,1.520417,100.60975,58.536587
2014-11-10 14,24.004267,1.3032146,87.39838,60.365852
2014-11-10 15,22.403982,1.520417,99.085365,71.03658
2014-11-10 16,22.226173,1.7376195,104.6748,74.39024
2014-11-10 17,23.11522,1.7376195,141.7683,77.743904
2014-11-10 18,25.604553,2.1720243,208.84146,92.37805
2014-11-10 19,27.382647,1.7376195,229.67479,95.731705
2014-11-10 20,28.093882,1.7376195,129.16399,86.28049
2014-11-10 21,25.214306,1.7376195,229.16667,80.48781
2014-11-10 22,22.581793,1.7376195,175.813,84.45122
2014-11-10 23,20.981508,1.7376195,147.35773,66.15854
2014-11-11 00,19.381224,1.7376195,120.42683,53.658535
2014-11-11 01,17.958748,1.7376195,100.10162,55.182926
2014-11-11 02,17.069702,1.7376195,84.85773,40.03072
2014-11-11 03,16.891891,0.81146556,89.4309,46.341465
2014-11-11 04,17.78094,1.7376195,82.8252,40.538708
2014-11-11 05,18.492176,1.7376195,122.368904,46.036587
2014-11-11 06,25.514568,1.7376195,90.955284,48.780487
2014-11-11 07,29.338549,1.7376195,79.77642,55.792683
2014-11-11 08,27.916075,1.7376195,103.150406,40.849148
2014-11-11 09,25.007217,0.82077116,91.46342,55.182926
2014-11-11 10,25.426743,1.520417,104.6748,58.23171
2014-11-11 11,25.297398,1.520417,117.88618,56.09756
2014-11-11 12,24.182077,1.3032146,126.01626,58.536587
2014-11-11 13,24.715506,1.7376195,95.52846,58.536587
2014-11-11 14,24.004267,1.7376195,110.26423,63.414635
2014-11-11 15,23.11522,1.7376195,110.26423,67.37805
2014-11-11 16,22.759602,1.7376195,109.24797,64.32927
2014-11-11 17,23.11522,1.7376195,126.52439,40.49017
2014-11-11 18,25.248934,2.1720243,185.97562,42.017433
2014-11-11 19,28.093882,1.7376195,229.16667,107.31707
2014-11-11 20,27.560457,1.7376195,129.2182,87.80488
2014-11-11 21,26.31579,1.7376195,204.2683,81.70731
2014-11-11 22,23.11522,1.7376195,163.61789,83.84146
2014-11-11 23,20.803698,1.7376195,126.522255,77.743904
2014-11-12 00,18.847795,1.7376195,123.145355,57.92683
2014-11-12 01,17.60313,1.7376195,104.6748,55.182926
2014-11-12 02,16.714083,1.520417,89.4309,49.085365
2014-11-12 03,16.536274,1.7376195,86.89024,47.256096
2014-11-12 04,17.069702,1.7376195,83.84146,40.062702
2014-11-12 05,17.42532,1.7376195,122.306244,46.036587
2014-11-12 06,20.09246,1.7376195,85.873985,52.743904
2014-11-12 07,25.22475,1.7376195,91.97154,53.353657
2014-11-12 08,27.382647,1.7376195,97.560974,57.317074
2014-11-12 09,27.027029,1.7376195,104.6748,40.19338
2014-11-12 10,25.604553,1.520417,124.05707,50.30488
2014-11-12 11,24.893314,1.520417,97.05285,50.0
2014-11-12 12,24.893314,1.520417,91.46342,50.914635
2014-11-12 13,25.477268,1.7376195,79.77642,42.07317
2014-11-12 14,24.715506,1.520417,90.44715,39.02439
2014-11-12 15,25.473465,1.520417,101.11789,46.036587
2014-11-12 16,22.403982,1.7376195,122.45935,65.54878
2014-11-12 17,23.470839,2.1720243,131.09756,72.86585
2014-11-12 18,25.071123,2.606429,199.187,79.57317
2014-11-12 19,28.80512,1.7376195,252.54065,82.01219
2014-11-12 20,28.80512,1.7376195,244.9187,78.65854
2014-11-12 21,27.382647,1.7376195,184.95935,77.439026
2014-11-12 22,23.470839,1.7376195,178.35365,80.79269
2014-11-12 23,21.337126,1.7376195,144.30894,78.04878
2014-11-13 00,19.025604,1.7376195,115.85366,67.07317
2014-11-13 01,17.42532,1.7376195,99.5935,64.02439
2014-11-13 02,16.891891,1.7376195,87.39838,48.47561
2014-11-13 03,16.536274,1.7376195,90.44715,40.46793
2014-11-13 04,17.42532,1.7376195,87.9065,40.198227
2014-11-13 05,17.958748,0.8120015,88.414635,43.292683
2014-11-13 06,20.44808,1.7376195,88.414635,50.0
2014-11-13 07,28.62731,0.8279422,84.349594,47.256096
2014-11-13 08,27.027029,1.7376195,100.60975,52.134148
2014-11-13 09,24.893314,0.8001576,121.33413,46.951218
2014-11-13 10,25.18181,1.7376195,100.60975,55.487804
2014-11-13 11,25.604553,1.7376195,88.922775,53.963413
2014-11-13 12,26.493599,1.7376195,93.49593,57.92683
2014-11-13 13,25.782362,1.7376195,90.44715,53.353657
2014-11-13 14,23.11522,1.520417,90.44715,50.0
2014-11-13 15,22.226173,1.520417,95.52846,51.219513
2014-11-13 16,22.581793,1.7376195,100.60975,40.40958
2014-11-13 17,23.11522,1.7376195,135.67073,70.42683
2014-11-13 18,24.893314,1.520417,187.5,95.731705
2014-11-13 19,27.916075,1.7376195,256.09756,87.19512
2014-11-13 20,28.093882,1.9548218,245.93495,42.064617
2014-11-13 21,25.426743,0.77176714,209.85773,41.488125
2014-11-13 22,22.759602,1.7376195,175.813,80.79269
2014-11-13 23,20.625889,1.7376195,155.48781,71.95122
2014-11-14 00,19.203413,1.7376195,126.01626,60.97561
2014-11-14 01,17.42532,1.7376195,104.166664,58.536587
2014-11-14 02,16.714083,1.7376195,92.479675,46.951218
2014-11-14 03,16.536274,1.7376195,92.479675,48.47561
2014-11-14 04,16.714083,1.7376195,88.922775,43.59756
2014-11-14 05,17.24751,1.7376195,92.98781,47.865852
2014-11-14 06,20.09246,1.7376195,93.49593,47.560974
2014-11-14 07,25.215513,1.7376195,94.00407,40.15093
2014-11-14 08,27.382647,1.7376195,112.296745,55.487804
2014-11-14 09,25.96017,0.86880976,110.26423,49.390244
2014-11-14 10,25.355154,1.3032146,123.47561,50.609756
2014-11-14 11,25.426743,1.3032146,103.65854,50.609756
2014-11-14 12,24.893314,1.3032146,125.124954,56.09756
2014-11-14 13,24.715506,0.80817044,90.44715,51.52439
2014-11-14 14,24.182077,1.7376195,97.560974,47.560974
2014-11-14 15,23.11522,1.7376195,102.13415,50.609756
2014-11-14 16,25.097128,1.7376195,114.32927,57.92683
2014-11-14 17,23.826458,1.520417,140.2439,63.719513
2014-11-14 18,25.418236,2.1720243,203.76016,79.57317
2014-11-14 19,25.426743,1.7376195,236.78862,85.97561
2014-11-14 20,25.524736,2.8236315,203.76016,81.402435
2014-11-14 21,23.470839,1.7376195,187.5,73.47561
2014-11-14 22,22.226173,1.7376195,177.84555,73.47561
2014-11-14 23,20.981508,1.7376195,148.88211,73.78049
2014-11-15 00,19.381224,1.7376195,119.9187,62.5
2014-11-15 01,17.78094,0.8209694,102.64227,59.146343
2014-11-15 02,17.24751,1.7376195,92.98781,49.390244
2014-11-15 03,16.714083,1.7376195,122.14679,46.646343
2014-11-15 04,17.069702,1.7376195,80.28455,44.512196
2014-11-15 05,17.24751,2.1720243,84.349594,39.939026
2014-11-15 06,18.847795,1.7376195,76.21951,48.780487
2014-11-15 07,21.870554,1.7376195,76.21951,48.17073
2014-11-15 08,25.111841,2.1720243,81.808945,60.060974
2014-11-15 09,28.982933,3.040834,116.86991,62.5
2014-11-15 10,25.59085,1.9548218,151.42276,41.451393
2014-11-15 11,28.449503,1.7376195,158.02846,41.628834
2014-11-15 12,26.849218,1.7376195,166.15854,58.23171
2014-11-15 13,27.027029,1.7376195,141.26016,59.756096
2014-11-15 14,29.338549,0.8227921,123.98374,56.40244
2014-11-15 15,25.214273,1.7376195,144.30894,61.280487
2014-11-15 16,23.648647,1.7376195,145.83333,70.12195
2014-11-15 17,25.54334,1.9548218,172.2561,69.51219
2014-11-15 18,24.359886,0.80327845,208.84146,77.439026
2014-11-15 19,24.893314,1.7376195,197.6626,71.03658
2014-11-15 20,25.071123,1.7376195,195.12195,73.78049
2014-11-15 21,23.29303,1.7376195,169.71545,41.652832
2014-11-15 22,21.514936,1.7376195,149.89838,66.46342
2014-11-15 23,20.803698,1.7376195,140.2439,62.19512
2014-11-16 00,25.40711,1.7376195,133.63821,62.19512
2014-11-16 01,18.136559,0.0,112.296745,62.5
2014-11-16 02,25.645712,0.0,99.5935,42.41112
2014-11-16 03,16.891891,1.520417,96.03658,45.121952
2014-11-16 04,16.714083,1.520417,89.4309,45.121952
2014-11-16 05,17.24751,1.7376195,88.414635,44.512196
2014-11-16 06,17.42532,1.7376195,81.808945,46.036587
2014-11-16 07,18.847795,1.7376195,69.10569,40.83775
2014-11-16 08,22.93741,1.7376195,83.84146,40.793846
2014-11-16 09,28.982933,1.7376195,111.78862,40.865948
2014-11-16 10,27.738264,1.7376195,142.78455,53.048782
2014-11-16 11,31.294453,1.7376195,198.67886,53.963413
2014-11-16 12,31.116644,1.7376195,208.33333,41.921368
2014-11-16 13,30.405405,1.7376195,136.17886,55.792683
2014-11-16 14,27.738264,1.7376195,127.54066,40.825027
2014-11-16 15,26.849218,1.520417,129.06505,49.69512
2014-11-16 16,24.359886,1.7376195,138.71951,58.23171
2014-11-16 17,24.004267,1.7376195,144.30894,72.560974
2014-11-16 18,25.071123,1.7376195,190.54878,72.256096
2014-11-16 19,27.560457,0.81244993,200.20325,72.86585
2014-11-16 20,27.560457,1.7376195,225.10162,70.731705
2014-11-16 21,26.31579,1.7376195,194.61382,73.47561
2014-11-16 22,23.648647,0.80605376,163.61789,72.256096
2014-11-16 23,20.981508,1.7376195,145.32521,41.702633
2014-11-17 00,19.203413,1.7376195,120.93496,60.060974
2014-11-17 01,17.958748,1.7376195,98.06911,50.30488
2014-11-17 02,16.891891,1.7376195,94.00407,50.30488
2014-11-17 03,16.714083,1.520417,94.51219,46.951218
2014-11-17 04,16.891891,1.7376195,86.38211,44.207317
2014-11-17 05,17.42532,1.7376195,83.333336,46.341465
2014-11-17 06,20.625889,1.7376195,92.479675,49.085365
2014-11-17 07,28.271692,1.7376195,85.873985,50.914635
2014-11-17 08,27.560457,0.8190711,96.544716,47.560974
2014-11-17 09,26.671406,1.7376195,124.52217,43.90244
2014-11-17 10,26.493599,1.7376195,118.902435,44.817074
2014-11-17 11,25.782362,1.3032146,109.24797,46.646343
2014-11-17 12,25.424927,1.3032146,100.10162,49.390244
2014-11-17 13,25.248934,1.520417,103.65854,45.121952
2014-11-17 14,24.537695,1.3032146,75.203255,45.73171
2014-11-17 15,23.826458,1.520417,80.28455,56.09756
2014-11-17 16,24.182077,1.7376195,97.560974,62.80488
2014-11-17 17,24.537695,1.7376195,138.71951,67.98781
2014-11-17 18,25.604553,2.1720243,205.28455,96.03659
2014-11-17 19,25.450787,1.7376195,242.37805,82.62195
2014-11-17 20,27.916075,0.81483936,231.70732,86.89024
2014-11-17 21,25.96017,0.79383844,224.59349,79.57317
2014-11-17 22,23.11522,1.7376195,173.27235,76.82927
2014-11-17 23,21.514936,1.7376195,146.84958,72.560974
2014-11-18 00,19.381224,1.7376195,122.967476,57.621952
2014-11-18 01,17.60313,1.7376195,123.54739,51.52439
2014-11-18 02,17.069702,1.7376195,122.03978,46.951218
2014-11-18 03,16.714083,1.7376195,94.51219,43.90244
2014-11-18 04,17.24751,1.7376195,91.97154,40.567284
2014-11-18 05,17.60313,1.7376195,120.79366,41.341278
2014-11-18 06,20.44808,1.7376195,88.414635,53.658535
2014-11-18 07,29.338549,1.7376195,98.57723,50.0
2014-11-18 08,28.093882,0.8200333,109.756096,52.743904
2014-11-18 09,25.96017,1.7376195,115.34553,47.865852
2014-11-18 10,24.893314,1.520417,93.49593,39.936714
2014-11-18 11,23.648647,1.520417,123.45762,57.92683
2014-11-18 12,24.182077,1.3032146,97.05285,52.743904
2014-11-18 13,23.826458,1.7376195,95.52846,51.219513
2014-11-18 14,24.004267,1.7376195,85.873985,56.40244
2014-11-18 15,23.470839,1.7376195,89.939026,61.890244
2014-11-18 16,22.759602,1.7376195,90.955284,59.146343
2014-11-18 17,23.826458,1.7376195,123.47561,70.12195
2014-11-18 18,25.248934,2.1720243,202.7439,82.62195
2014-11-18 19,28.093882,1.7376195,269.30893,87.80488
2014-11-18 20,25.481007,1.7376195,264.73578,79.268295
2014-11-18 21,25.96017,1.7376195,232.72357,79.87805
2014-11-18 22,23.29303,1.7376195,168.69919,72.86585
2014-11-18 23,20.981508,1.7376195,125.558525,62.19512
2014-11-19 00,25.175114,1.7376195,118.902435,54.57317
2014-11-19 01,17.60313,0.8135301,103.150406,56.40244
2014-11-19 02,16.891891,1.520417,98.06911,44.817074
2014-11-19 03,16.714083,1.7376195,90.44715,48.47561
2014-11-19 04,25.370047,1.7376195,93.49593,46.341465
2014-11-19 05,17.60313,1.7376195,100.60975,46.341465
2014-11-19 06,20.625889,1.7376195,123.701454,53.048782
2014-11-19 07,29.694168,1.7376195,111.28048,51.219513
2014-11-19 08,28.62731,1.7376195,96.544716,51.82927
2014-11-19 09,25.015215,0.79881114,95.52846,48.17073
2014-11-19 10,27.027029,1.520417,77.23577,63.414635
2014-11-19 11,25.248934,1.520417,96.03658,65.54878
2014-11-19 12,24.004267,1.520417,104.6748,55.487804
2014-11-19 13,25.337797,1.7376195,122.98283,41.26452
2014-11-19 14,23.826458,0.82155544,96.03658,55.487804
2014-11-19 15,23.648647,1.520417,97.560974,39.908672
2014-11-19 16,23.826458,0.80888903,108.73984,64.939026
2014-11-19 17,24.537695,0.83245665,139.22765,82.01219
2014-11-19 18,27.382647,2.606429,175.813,91.768295
2014-11-19 19,28.449503,1.7376195,128.872,94.20731
2014-11-19 20,27.738264,0.78418994,257.62195,83.84146
2014-11-19 21,26.493599,1.7376195,213.92276,82.92683
2014-11-19 22,23.826458,1.7376195,165.6504,80.79269
2014-11-19 23,21.514936,1.7376195,145.32521,78.35366
2014-11-20 00,19.914652,1.7376195,113.31301,65.243904
2014-11-20 01,17.958748,1.7376195,96.03658,55.792683
2014-11-20 02,17.60313,1.7376195,90.955284,52.134148
2014-11-20 03,17.069702,1.7376195,94.00407,51.82927
2014-11-20 04,17.42532,1.7376195,92.479675,50.30488
2014-11-20 05,25.293068,1.7376195,85.36585,53.963413
2014-11-20 06,21.337126,1.7376195,95.52846,61.585365
2014-11-20 07,29.516361,1.7376195,103.150406,53.048782
2014-11-20 08,27.382647,1.7376195,103.65854,52.743904
2014-11-20 09,25.071123,1.9548218,97.05285,50.914635
2014-11-20 10,26.671406,0.8118259,90.955284,55.182926
2014-11-20 11,26.849218,1.7376195,101.11789,55.182926
2014-11-20 12,24.715506,1.7376195,124.867004,58.23171
2014-11-20 13,24.893314,1.7376195,122.494026,50.914635
2014-11-20 14,25.214811,1.520417,122.54192,52.743904
2014-11-20 15,24.359886,1.520417,97.560974,56.707317
2014-11-20 16,24.182077,1.7376195,104.6748,65.54878
2014-11-20 17,24.182077,0.82010835,134.65446,74.69512
2014-11-20 18,25.463942,1.520417,200.20325,84.14634
2014-11-20 19,26.849218,1.7376195,235.26422,83.53658
2014-11-20 20,25.421621,1.9548218,243.90245,79.57317
2014-11-20 21,26.849218,1.7376195,202.23578,73.78049
2014-11-20 22,23.470839,1.7376195,182.4187,84.14634
2014-11-20 23,22.226173,1.7376195,146.34148,78.04878
2014-11-21 00,20.27027,0.79526323,132.11382,60.97561
2014-11-21 01,18.314367,1.7376195,102.13415,56.09756
2014-11-21 02,17.42532,0.8025476,87.39838,40.458286
2014-11-21 03,25.48177,1.7376195,92.98781,44.512196
2014-11-21 04,17.24751,0.81847554,86.89024,48.780487
2014-11-21 05,17.958748,0.80370206,84.85773,46.341465
2014-11-21 06,21.337126,1.7376195,101.11789,51.82927
2014-11-21 07,29.516361,1.7376195,92.479675,53.963413
2014-11-21 08,28.80512,1.7376195,118.902435,52.439026
2014-11-21 09,28.449503,0.86880976,111.78862,48.47561
2014-11-21 10,27.560457,1.3032146,91.46342,52.439026
2014-11-21 11,27.560457,1.3032146,97.560974,51.52439
2014-11-21 12,25.21946,1.3032146,87.9065,46.951218
2014-11-21 13,25.42282,1.7376195,104.166664,41.029026
2014-11-21 14,27.382647,0.79851323,94.51219,45.42683
2014-11-21 15,28.271692,1.7376195,99.5935,51.52439
2014-11-21 16,29.694168,1.7376195,110.772354,53.048782
2014-11-21 17,27.382647,1.520417,128.04878,64.939026
2014-11-21 18,27.382647,2.1720243,195.12195,73.78049
2014-11-21 19,26.31579,1.7376195,235.26422,74.69512
2014-11-21 20,27.027029,2.8236315,226.11789,77.743904
2014-11-21 21,24.004267,1.7376195,195.12195,70.42683
2014-11-21 22,22.048365,1.7376195,187.5,72.86585
2014-11-21 23,20.981508,0.7933695,153.45529,63.414635
2014-11-22 00,19.559032,1.7376195,125.0,57.92683
2014-11-22 01,17.958748,1.7376195,101.11789,51.52439
2014-11-22 02,17.069702,1.7376195,99.085365,41.282234
2014-11-22 03,17.069702,1.7376195,94.00407,40.730133
2014-11-22 04,17.069702,1.7376195,85.36585,40.68151
2014-11-22 05,17.42532,2.1720243,88.414635,44.817074
2014-11-22 06,17.78094,1.7376195,91.97154,46.951218
2014-11-22 07,20.09246,1.7376195,74.18699,43.90244
2014-11-22 08,25.248934,2.1720243,91.46342,49.085365
2014-11-22 09,28.80512,3.040834,110.26423,47.256096
2014-11-22 10,28.271692,1.9548218,132.11382,49.69512
2014-11-22 11,28.62731,1.7376195,136.17886,54.878048
2014-11-22 12,28.449503,1.7376195,146.84958,53.353657
2014-11-22 13,26.671406,1.7376195,163.61789,54.26829
2014-11-22 14,26.671406,1.7376195,146.84958,56.40244
2014-11-22 15,26.137981,1.7376195,156.50406,57.621952
2014-11-22 16,25.426743,1.7376195,151.42276,52.134148
2014-11-22 17,24.359886,1.9548218,174.28862,66.15854
2014-11-22 18,25.426743,1.7376195,197.15446,71.64634
2014-11-22 19,25.96017,0.79304785,221.03659,71.64634
2014-11-22 20,24.359886,1.7376195,210.36588,41.55328
2014-11-22 21,23.470839,1.7376195,190.54878,66.15854
2014-11-22 22,25.086248,1.7376195,171.74797,73.78049
2014-11-22 23,20.625889,1.7376195,147.86586,76.52439
2014-11-23 00,20.09246,1.7376195,136.687,65.54878
2014-11-23 01,18.314367,0.0,123.98374,54.26829
2014-11-23 02,17.42532,0.0,105.18294,41.69191
2014-11-23 03,16.714083,1.520417,96.544716,48.780487
2014-11-23 04,17.069702,1.520417,93.49593,46.646343
2014-11-23 05,17.42532,1.7376195,87.39838,44.817074
2014-11-23 06,17.42532,1.7376195,94.51219,52.743904
2014-11-23 07,25.28879,1.7376195,80.28455,43.59756
2014-11-23 08,22.403982,1.7376195,95.02032,44.207317
2014-11-23 09,27.916075,1.7376195,106.70731,48.17073
2014-11-23 10,29.871977,1.7376195,139.22765,49.390244
2014-11-23 11,30.227596,1.7376195,186.48373,57.012196
2014-11-23 12,29.16074,1.7376195,183.43495,59.756096
2014-11-23 13,25.30703,1.7376195,154.47154,56.40244
2014-11-23 14,26.849218,1.7376195,131.09756,47.560974
2014-11-23 15,24.893314,0.7972008,119.9187,47.256096
2014-11-23 16,25.482706,1.7376195,132.11382,49.085365
2014-11-23 17,24.715506,1.7376195,152.43903,55.487804
2014-11-23 18,24.893314,1.7376195,124.85997,62.5
2014-11-23 19,27.027029,1.9548218,194.1057,66.768295
2014-11-23 20,25.44877,1.7376195,185.46748,60.365852
2014-11-23 21,25.96017,1.7376195,200.20325,66.768295
2014-11-23 22,22.93741,1.7376195,162.09349,74.39024
2014-11-23 23,20.981508,1.7376195,123.27481,41.1182
2014-11-24 00,25.259617,1.7376195,127.03253,48.780487
2014-11-24 01,17.958748,1.7376195,110.26423,41.158535
2014-11-24 02,25.381407,1.7376195,87.9065,42.378048
2014-11-24 03,16.536274,1.520417,85.36585,42.378048
2014-11-24 04,16.891891,1.7376195,88.922775,40.181465
2014-11-24 05,17.42532,1.7376195,93.49593,41.040195
2014-11-24 06,20.44808,1.7376195,97.560974,46.951218
2014-11-24 07,25.451897,1.7376195,91.46342,53.658535
2014-11-24 08,27.738264,1.7376195,105.69106,51.82927
2014-11-24 09,25.222103,1.7376195,105.69106,47.865852
2014-11-24 10,26.493599,1.7376195,100.60975,46.341465
2014-11-24 11,26.671406,1.3032146,97.05285,43.292683
2014-11-24 12,26.493599,1.3032146,98.57723,40.678898
2014-11-24 13,26.137981,1.520417,104.6748,40.853657
2014-11-24 14,25.604553,1.3032146,87.9065,46.341465
2014-11-24 15,25.47959,1.520417,84.85773,53.963413
2014-11-24 16,25.426743,1.7376195,96.544716,54.26829
2014-11-24 17,26.31579,0.81278735,125.50813,67.37805
2014-11-24 18,27.916075,2.1720243,197.6626,89.939026
2014-11-24 19,28.093882,1.7376195,129.10344,100.30488
2014-11-24 20,25.450157,1.7376195,231.70732,84.45122
2014-11-24 21,27.204834,1.7376195,204.77643,81.70731
2014-11-24 22,23.11522,1.7376195,169.20732,41.908558
2014-11-24 23,21.692745,1.7376195,143.29268,65.243904
2014-11-25 00,19.025604,1.7376195,121.4431,52.743904
2014-11-25 01,17.42532,1.7376195,107.21545,45.42683
2014-11-25 02,16.891891,1.7376195,120.786804,40.97159
2014-11-25 03,25.454157,1.7376195,101.626015,39.02439
2014-11-25 04,17.069702,1.7376195,90.44715,39.02439
2014-11-25 05,17.60313,1.7376195,92.98781,40.853657
2014-11-25 06,20.44808,1.7376195,95.02032,44.207317
2014-11-25 07,28.62731,1.7376195,103.150406,48.47561
2014-11-25 08,25.35417,1.7376195,103.150406,56.09756
2014-11-25 09,25.782362,1.7376195,97.560974,44.817074
2014-11-25 10,23.826458,1.520417,122.20469,51.82927
2014-11-25 11,24.004267,1.520417,87.9065,56.707317
2014-11-25 12,23.470839,1.3032146,96.03658,57.621952
2014-11-25 13,24.359886,1.7376195,100.10162,41.76829
2014-11-25 14,24.004267,1.7376195,79.77642,44.817074
2014-11-25 15,23.29303,1.7376195,125.043915,54.26829
2014-11-25 16,23.648647,1.7376195,92.479675,57.317074
2014-11-25 17,24.537695,1.7376195,119.41057,70.42683
2014-11-25 18,25.426743,2.1720243,178.8618,80.18293
2014-11-25 19,28.982933,0.7843294,242.37805,41.807217
2014-11-25 20,26.493599,1.7376195,225.10162,86.89024
2014-11-25 21,26.493599,1.7376195,198.17073,76.82927
2014-11-25 22,22.581793,1.7376195,168.19107,40.84566
2014-11-25 23,20.981508,1.7376195,136.687,70.12195
2014-11-26 00,19.203413,1.7376195,118.902435,59.146343
2014-11-26 01,17.42532,1.7376195,101.626015,50.0
2014-11-26 02,16.714083,0.8100717,92.98781,46.036587
2014-11-26 03,16.180655,1.7376195,92.479675,47.560974
2014-11-26 04,16.714083,1.7376195,122.82109,44.817074
2014-11-26 05,17.24751,1.7376195,94.51219,49.69512
2014-11-26 06,20.09246,1.7376195,125.01695,54.26829
2014-11-26 07,25.06086,1.7376195,105.18294,58.536587
2014-11-26 08,26.671406,1.7376195,103.150406,53.963413
2014-11-26 09,25.248934,1.7376195,124.35559,46.646343
2014-11-26 10,25.39021,1.520417,99.085365,51.82927
2014-11-26 11,24.004267,1.520417,94.00407,53.658535
2014-11-26 12,23.648647,1.520417,98.06911,47.560974
2014-11-26 13,23.826458,1.7376195,101.626015,44.817074
2014-11-26 14,23.648647,1.520417,80.79269,46.341465
2014-11-26 15,22.226173,1.520417,91.46342,40.40641
2014-11-26 16,22.048365,1.7376195,99.5935,57.621952
2014-11-26 17,21.870554,2.1720243,115.85366,68.597565
2014-11-26 18,24.359886,0.82057256,191.56505,88.10976
2014-11-26 19,25.393944,1.7376195,128.51344,90.54878
2014-11-26 20,27.560457,1.7376195,221.54471,87.80488
2014-11-26 21,25.248934,0.7980459,211.38213,82.92683
2014-11-26 22,22.93741,1.7376195,172.2561,84.45122
2014-11-26 23,21.159317,1.7376195,147.86586,79.87805
2014-11-27 00,18.847795,1.7376195,113.82114,67.37805
2014-11-27 01,17.60313,1.7376195,116.361786,40.358078
2014-11-27 02,16.714083,1.7376195,99.5935,52.743904
2014-11-27 03,16.714083,0.78224367,122.92583,54.878048
2014-11-27 04,16.891891,1.7376195,85.36585,40.880707
2014-11-27 05,25.05762,1.7376195,90.955284,52.134148
2014-11-27 06,20.09246,1.7376195,91.97154,40.536736
2014-11-27 07,28.449503,1.7376195,93.49593,39.9241
2014-11-27 08,27.560457,1.7376195,125.7589,52.743904
2014-11-27 09,26.849218,1.9548218,124.12419,53.963413
2014-11-27 10,25.604553,1.7376195,91.46342,50.0
2014-11-27 11,25.234312,1.7376195,99.5935,49.390244
2014-11-27 12,25.248934,1.7376195,111.28048,47.865852
2014-11-27 13,25.248934,1.7376195,108.231705,48.780487
2014-11-27 14,25.512125,1.520417,106.19919,50.609756
2014-11-27 15,23.29303,1.520417,83.84146,40.46758
2014-11-27 16,22.93741,1.7376195,81.808945,59.451218
2014-11-27 17,23.29303,1.7376195,118.902435,40.639725
2014-11-27 18,25.071123,1.520417,127.76253,96.64634
2014-11-27 19,28.271692,1.7376195,234.24797,99.085365
2014-11-27 20,28.093882,1.9548218,223.0691,90.54878
2014-11-27 21,25.96017,0.81319237,202.23578,87.19512
2014-11-27 22,22.759602,0.8074863,175.30487,84.14634
2014-11-27 23,21.159317,1.7376195,141.7683,74.39024
2014-11-28 00,19.025604,1.7376195,119.9187,58.536587
2014-11-28 01,17.42532,1.7376195,104.6748,53.963413
2014-11-28 02,17.24751,1.7376195,91.97154,50.0
2014-11-28 03,16.536274,0.81986207,91.46342,49.085365
2014-11-28 04,25.51015,1.7376195,93.49593,50.609756
2014-11-28 05,17.42532,1.7376195,92.479675,40.043808
2014-11-28 06,25.35524,1.7376195,90.44715,60.060974
2014-11-28 07,25.135004,1.7376195,94.51219,59.451218
2014-11-28 08,27.916075,1.7376195,107.72358,59.451218
2014-11-28 09,26.849218,0.86880976,92.98781,58.536587
2014-11-28 10,24.893314,1.3032146,101.626015,57.621952
2014-11-28 11,27.738264,1.3032146,104.166664,57.621952
2014-11-28 12,25.071123,1.3032146,122.45935,57.621952
2014-11-28 13,23.648647,1.7376195,111.78862,51.52439
2014-11-28 14,24.182077,1.7376195,107.72358,50.30488
2014-11-28 15,22.93741,1.7376195,100.10162,40.412415
2014-11-28 16,23.29303,1.7376195,108.73984,58.841465
2014-11-28 17,23.826458,1.520417,138.21138,73.47561
2014-11-28 18,24.715506,0.8312711,188.00813,91.768295
2014-11-28 19,25.604553,1.7376195,215.44716,103.04878
2014-11-28 20,26.137981,2.8236315,226.11789,91.46342
2014-11-28 21,24.359886,1.7376195,210.87398,93.29269
2014-11-28 22,22.403982,1.7376195,125.64597,82.62195
2014-11-28 23,21.159317,1.7376195,163.10976,88.10976
2014-11-29 00,19.914652,1.7376195,142.78455,78.04878
2014-11-29 01,18.136559,1.7376195,111.78862,41.007496
2014-11-29 02,17.24751,1.7376195,98.57723,51.52439
2014-11-29 03,16.714083,1.7376195,94.00407,47.865852
2014-11-29 04,17.069702,1.7376195,94.51219,40.972893
2014-11-29 05,17.42532,0.8195072,94.00407,50.0
2014-11-29 06,18.136559,0.81123614,90.955284,51.52439
2014-11-29 07,20.44808,1.7376195,94.51219,50.609756
2014-11-29 08,25.96017,2.1720243,100.60975,59.146343
2014-11-29 09,29.516361,3.040834,134.14635,60.365852
2014-11-29 10,30.405405,1.9548218,160.06097,54.878048
2014-11-29 11,30.583214,1.7376195,158.53659,41.67891
2014-11-29 12,28.982933,1.7376195,123.84627,47.560974
2014-11-29 13,28.80512,1.7376195,160.06097,47.560974
2014-11-29 14,27.916075,0.81274134,137.19513,53.963413
2014-11-29 15,27.916075,1.7376195,126.01626,57.012196
2014-11-29 16,26.671406,1.7376195,143.29268,60.365852
2014-11-29 17,25.604553,1.9548218,169.20732,71.03658
2014-11-29 18,25.426743,1.7376195,213.92276,78.65854
2014-11-29 19,27.560457,0.7985885,214.93903,87.19512
2014-11-29 20,26.671406,1.7376195,188.00813,88.71951
2014-11-29 21,23.826458,1.7376195,183.94308,84.14634
2014-11-29 22,22.581793,1.7376195,158.02846,77.743904
2014-11-29 23,22.403982,1.7376195,167.68292,75.30488
2014-11-30 00,20.803698,1.7376195,156.50406,65.85366
2014-11-30 01,19.559032,0.0,133.13008,64.32927
2014-11-30 02,18.136559,0.0,110.772354,47.865852
2014-11-30 03,17.60313,1.520417,123.63346,50.30488
2014-11-30 04,17.78094,0.81585985,95.02032,45.121952
2014-11-30 05,18.136559,1.7376195,93.49593,49.390244
2014-11-30 06,18.492176,1.7376195,87.9065,50.609756
2014-11-30 07,20.27027,1.7376195,82.31707,46.646343
2014-11-30 08,23.470839,1.7376195,102.64227,45.42683
2014-11-30 09,28.982933,1.7376195,114.837395,40.98447
2014-11-30 10,29.338549,1.7376195,158.53659,47.560974
2014-11-30 11,29.694168,0.78683347,189.53253,51.52439
2014-11-30 12,30.049786,1.7376195,164.12602,53.353657
2014-11-30 13,29.338549,1.7376195,148.88211,46.036587
2014-11-30 14,27.027029,1.7376195,115.85366,42.682926
2014-11-30 15,25.071123,1.520417,109.24797,41.463413
2014-11-30 16,24.537695,1.7376195,109.756096,41.76829
2014-11-30 17,24.182077,1.7376195,124.45714,58.841465
2014-11-30 18,25.271147,1.7376195,179.3699,71.03658
2014-11-30 19,27.204834,1.9548218,174.28862,83.231705
2014-11-30 20,27.560457,1.7376195,189.53253,78.96342
2014-11-30 21,24.715506,1.7376195,181.40244,41.64712
2014-11-30 22,22.93741,1.7376195,153.45529,78.96342
2014-11-30 23,20.981508,1.7376195,131.6057,67.98781
2014-12-01 00,19.559032,1.7376195,122.967476,40.671524
2014-12-01 01,17.78094,1.7376195,113.31301,45.42683
2014-12-01 02,16.891891,1.7376195,100.10162,41.158535
2014-12-01 03,16.536274,1.520417,100.60975,44.817074
2014-12-01 04,16.714083,1.7376195,99.5935,45.42683
2014-12-01 05,17.42532,1.7376195,94.00407,49.085365
2014-12-01 06,20.44808,1.7376195,107.21545,51.219513
2014-12-01 07,28.982933,0.80000734,123.63958,53.658535
2014-12-01 08,28.093882,1.7376195,112.80488,48.47561
2014-12-01 09,27.204834,1.7376195,104.6748,45.121952
2014-12-01 10,27.560457,1.7376195,100.10162,48.17073
2014-12-01 11,24.359886,1.3032146,108.231705,44.207317
2014-12-01 12,24.182077,1.3032146,117.37805,41.12161
2014-12-01 13,24.893314,1.520417,110.772354,57.317074
2014-12-01 14,24.893314,1.3032146,100.60975,55.182926
2014-12-01 15,22.226173,1.520417,124.24415,60.060974
2014-12-01 16,23.29303,1.7376195,124.18568,63.109756
2014-12-01 17,25.604553,1.7376195,131.6057,69.51219
2014-12-01 18,25.248934,2.1720243,204.2683,86.89024
2014-12-01 19,29.338549,1.7376195,228.65854,89.63415
2014-12-01 20,29.16074,1.7376195,206.30081,92.68293
2014-12-01 21,24.991964,0.82430243,132.88647,92.68293
2014-12-01 22,22.93741,1.7376195,172.76422,85.36585
2014-12-01 23,25.370325,1.7376195,149.89838,72.86585
2014-12-02 00,19.203413,1.7376195,129.06505,58.23171
2014-12-02 01,17.24751,0.81554234,113.82114,55.487804
2014-12-02 02,16.891891,1.7376195,121.48621,46.646343
2014-12-02 03,25.277683,1.7376195,94.51219,49.390244
2014-12-02 04,16.891891,1.7376195,89.4309,54.57317
2014-12-02 05,17.60313,1.7376195,99.085365,54.878048
2014-12-02 06,20.44808,0.806138,99.5935,60.67073
2014-12-02 07,28.80512,1.7376195,103.65854,62.80488
2014-12-02 08,27.738264,0.82006717,104.6748,58.23171
2014-12-02 09,26.849218,0.8208083,93.49593,46.341465
2014-12-02 10,26.493599,1.520417,84.85773,39.885784
2014-12-02 11,25.426743,1.520417,94.51219,57.92683
2014-12-02 12,25.047194,1.3032146,115.85366,56.40244
2014-12-02 13,24.359886,1.7376195,108.231705,48.780487
2014-12-02 14,23.648647,1.7376195,124.78855,50.609756
2014-12-02 15,22.226173,1.7376195,91.97154,54.57317
2014-12-02 16,22.226173,1.7376195,103.65854,63.719513
2014-12-02 17,23.826458,1.7376195,129.06505,78.65854
2014-12-02 18,26.137981,2.1720243,174.28862,99.39024
2014-12-02 19,27.560457,0.8247937,218.49594,101.82927
2014-12-02 20,28.80512,1.7376195,221.54471,94.81707
2014-12-02 21,27.382647,1.7376195,222.05284,96.95122
2014-12-02 22,23.29303,1.7376195,198.17073,88.414635
2014-12-02 23,20.803698,1.7376195,144.81708,83.84146
2014-12-03 00,18.847795,1.7376195,124.46518,68.29269
2014-12-03 01,25.427977,1.7376195,112.80488,40.707203
2014-12-03 02,16.714083,1.520417,104.166664,58.23171
2014-12-03 03,16.180655,1.7376195,94.00407,40.620758
2014-12-03 04,16.714083,1.7376195,101.626015,54.57317
2014-12-03 05,17.24751,1.7376195,100.60975,54.878048
2014-12-03 06,19.914652,1.7376195,102.13415,53.048782
2014-12-03 07,28.449503,1.7376195,111.78862,56.09756
2014-12-03 08,28.093882,1.7376195,112.80488,52.439026
2014-12-03 09,26.671406,1.7376195,110.26423,51.52439
2014-12-03 10,25.426743,1.520417,100.10162,51.52439
2014-12-03 11,24.004267,1.520417,109.24797,49.69512
2014-12-03 12,23.648647,1.520417,123.47561,52.134148
2014-12-03 13,23.826458,1.7376195,123.40092,41.76829
2014-12-03 14,23.826458,1.520417,87.9065,45.121952
2014-12-03 15,25.604553,1.520417,84.85773,54.57317
2014-12-03 16,23.826458,1.7376195,101.11789,54.878048
2014-12-03 17,23.826458,2.1720243,128.04878,69.20731
2014-12-03 18,25.071123,2.606429,196.64635,82.31707
2014-12-03 19,27.382647,0.78715235,236.78862,79.57317
2014-12-03 20,28.80512,1.7376195,128.02396,89.63415
2014-12-03 21,26.137981,1.7376195,201.72765,83.53658
2014-12-03 22,23.11522,1.7376195,185.97562,88.71951
2014-12-03 23,21.337126,1.7376195,157.0122,80.18293
2014-12-04 00,18.847795,0.8178779,130.0813,61.280487
2014-12-04 01,17.60313,1.7376195,112.296745,51.219513
2014-12-04 02,16.891891,1.7376195,99.085365,49.69512
2014-12-04 03,25.472776,1.7376195,96.03658,50.30488
2014-12-04 04,16.891891,1.7376195,100.60975,52.134148
2014-12-04 05,17.24751,1.7376195,97.560974,56.707317
2014-12-04 06,20.27027,1.7376195,102.13415,55.792683
2014-12-04 07,27.916075,1.7376195,109.24797,56.40244
2014-12-04 08,27.916075,1.7376195,110.26423,44.512196
2014-12-04 09,26.31579,1.9548218,113.82114,47.256096
2014-12-04 10,26.671406,1.7376195,111.28048,45.121952
2014-12-04 11,25.248934,1.7376195,124.75876,45.42683
2014-12-04 12,24.893314,1.7376195,113.31301,44.207317
2014-12-04 13,24.537695,1.7376195,121.951225,36.280487
2014-12-04 14,23.29303,1.520417,103.65854,40.04694
2014-12-04 15,21.692745,0.8184268,108.231705,47.865852
2014-12-04 16,22.226173,1.7376195,109.756096,40.934452
2014-12-04 17,24.182077,1.7376195,128.04878,60.97561
2014-12-04 18,25.248934,1.520417,185.97562,87.80488
2014-12-04 19,28.093882,1.7376195,224.59349,96.34146
2014-12-04 20,25.619387,1.9548218,196.64635,42.187294
2014-12-04 21,25.426743,1.7376195,194.1057,90.54878
2014-12-04 22,22.581793,1.7376195,174.28862,81.097565
2014-12-04 23,20.803698,0.8162655,136.17886,78.04878
2014-12-05 00,19.025604,1.7376195,124.49187,70.42683
2014-12-05 01,17.24751,1.7376195,107.72358,63.719513
2014-12-05 02,16.536274,0.7832216,122.076416,60.060974
2014-12-05 03,16.358463,1.7376195,99.5935,53.658535
2014-12-05 04,25.464247,1.7376195,98.06911,57.621952
2014-12-05 05,17.24751,1.7376195,122.8402,60.67073
2014-12-05 06,19.736841,1.7376195,103.150406,60.365852
2014-12-05 07,28.271692,1.7376195,105.18294,39.999096
2014-12-05 08,27.738264,1.7376195,109.756096,40.39343
2014-12-05 09,27.560457,0.86880976,105.18294,59.146343
2014-12-05 10,26.849218,1.3032146,117.88618,54.26829
2014-12-05 11,25.527231,1.3032146,118.902435,53.048782
2014-12-05 12,25.404278,1.3032146,112.296745,54.878048
2014-12-05 13,25.34131,1.7376195,111.28048,46.951218
2014-12-05 14,24.537695,1.7376195,106.70731,42.987804
2014-12-05 15,22.581793,1.7376195,95.52846,47.560974
2014-12-05 16,23.470839,1.7376195,105.18294,41.184475
2014-12-05 17,23.29303,1.520417,120.42683,71.03658
2014-12-05 18,24.537695,2.1720243,181.91057,93.29269
2014-12-05 19,25.782362,1.7376195,127.25168,87.5
2014-12-05 20,25.710718,2.8236315,236.28049,42.59351
2014-12-05 21,22.93741,1.7376195,236.78862,86.89024
2014-12-05 22,25.153065,1.7376195,199.69514,89.63415
2014-12-05 23,20.625889,1.7376195,147.35773,82.92683
2014-12-06 00,19.381224,1.7376195,138.21138,81.70731
2014-12-06 01,17.958748,1.7376195,112.80488,68.902435
2014-12-06 02,17.069702,1.7376195,106.70731,63.414635
2014-12-06 03,16.536274,1.7376195,101.626015,55.792683
2014-12-06 04,17.069702,1.7376195,97.05285,61.280487
2014-12-06 05,17.60313,0.7959992,121.5824,60.97561
2014-12-06 06,17.78094,0.8094404,96.03658,56.40244
2014-12-06 07,20.27027,1.7376195,91.46342,56.09756
2014-12-06 08,24.537695,2.1720243,119.41057,56.707317
2014-12-06 09,27.560457,0.81880105,136.687,60.97561
2014-12-06 10,28.449503,1.9548218,146.34148,60.97561
2014-12-06 11,28.62731,1.7376195,151.9309,55.792683
2014-12-06 12,27.738264,1.7376195,142.78455,41.46293
2014-12-06 13,27.382647,1.7376195,147.86586,40.70981
2014-12-06 14,27.738264,1.7376195,125.34989,58.841465
2014-12-06 15,25.96017,1.7376195,134.65446,54.878048
2014-12-06 16,25.37862,1.7376195,141.7683,53.658535
2014-12-06 17,23.826458,1.9548218,172.2561,77.743904
2014-12-06 18,24.182077,1.7376195,209.3496,91.768295
2014-12-06 19,25.248934,1.7376195,240.34554,83.84146
2014-12-06 20,24.359886,1.7376195,210.87398,84.756096
2014-12-06 21,25.380678,1.7376195,186.48373,86.28049
2014-12-06 22,21.159317,1.7376195,179.87805,100.0
2014-12-06 23,20.27027,1.7376195,172.76422,101.21951
2014-12-07 00,19.381224,1.7376195,153.45529,85.67073
2014-12-07 01,17.958748,0.0,126.52439,41.342888
2014-12-07 02,17.24751,0.0,108.231705,59.756096
2014-12-07 03,16.536274,1.520417,100.60975,56.707317
2014-12-07 04,16.714083,0.8242014,98.06911,57.92683
2014-12-07 05,17.24751,0.8200626,95.02032,57.92683
2014-12-07 06,17.069702,1.7376195,90.955284,50.914635
2014-12-07 07,18.136559,1.7376195,81.30081,53.353657
2014-12-07 08,22.226173,1.7376195,94.51219,48.780487
2014-12-07 09,27.738264,1.7376195,118.39431,48.17073
2014-12-07 10,27.916075,1.7376195,147.35773,40.804295
2014-12-07 11,28.271692,1.7376195,188.00813,57.012196
2014-12-07 12,28.449503,0.80179846,170.22357,55.792683
2014-12-07 13,27.204834,1.7376195,147.86586,48.780487
2014-12-07 14,25.251066,1.7376195,115.85366,41.220505
2014-12-07 15,24.893314,1.520417,106.70731,46.951218
2014-12-07 16,22.759602,1.7376195,127.03253,54.57317
2014-12-07 17,25.203861,1.7376195,150.91463,64.02439
2014-12-07 18,23.826458,1.7376195,195.63008,77.439026
2014-12-07 19,25.069405,1.9548218,212.90651,89.939026
2014-12-07 20,24.004267,1.7376195,182.4187,41.8091
2014-12-07 21,23.648647,1.7376195,192.07317,83.53658
2014-12-07 22,21.337126,1.7376195,177.84555,79.87805
2014-12-07 23,20.27027,0.8009637,160.5691,76.82927
2014-12-08 00,19.025604,1.7376195,144.30894,85.36585
2014-12-08 01,17.958748,1.7376195,118.39431,40.53854
2014-12-08 02,16.891891,1.7376195,103.150406,63.719513
2014-12-08 03,16.358463,1.520417,98.57723,63.719513
2014-12-08 04,16.714083,0.8100889,97.560974,66.15854
2014-12-08 05,17.069702,1.7376195,94.51219,59.756096
2014-12-08 06,17.069702,0.7902023,121.42916,57.317074
2014-12-08 07,18.136559,1.7376195,122.833984,58.841465
2014-12-08 08,22.226173,0.7852895,122.8233,48.47561
2014-12-08 09,27.560457,1.7376195,107.21545,49.390244
2014-12-08 10,30.583214,0.7938734,136.687,43.90244
2014-12-08 11,31.472261,0.7989456,183.43495,54.878048
2014-12-08 12,31.294453,1.3032146,200.7114,54.878048
2014-12-08 13,29.694168,1.520417,144.81708,54.57317
2014-12-08 14,27.027029,1.3032146,135.1626,50.609756
2014-12-08 15,25.96017,1.520417,141.26016,53.048782
2014-12-08 16,25.426743,1.7376195,124.49187,59.756096
2014-12-08 17,23.648647,1.7376195,160.5691,71.64634
2014-12-08 18,25.071123,0.7929116,227.64227,84.14634
2014-12-08 19,27.382647,1.7376195,242.37805,79.57317
2014-12-08 20,28.449503,0.784976,227.13414,41.52514
2014-12-08 21,24.537695,1.7376195,194.61382,80.18293
2014-12-08 22,22.226173,1.7376195,161.58537,41.523792
2014-12-08 23,20.44808,1.7376195,138.71951,80.48781
2014-12-09 00,19.025604,1.7376195,125.50813,64.939026
2014-12-09 01,17.42532,1.7376195,111.28048,64.02439
2014-12-09 02,16.891891,1.7376195,96.544716,61.890244
2014-12-09 03,16.536274,1.7376195,100.60975,57.317074
2014-12-09 04,16.891891,1.7376195,96.03658,60.365852
2014-12-09 05,17.78094,1.7376195,94.00407,59.146343
2014-12-09 06,20.625889,1.7376195,103.65854,40.536373
2014-12-09 07,28.271692,1.7376195,107.21545,66.768295
2014-12-09 08,27.916075,1.7376195,112.296745,56.40244
2014-12-09 09,25.96017,1.7376195,101.626015,46.036587
2014-12-09 10,26.31579,1.520417,86.89024,50.914635
2014-12-09 11,25.604553,1.520417,87.39838,46.341465
2014-12-09 12,25.071123,1.3032146,103.65854,45.42683
2014-12-09 13,25.071123,1.7376195,107.72358,43.59756
2014-12-09 14,24.893314,1.7376195,98.57723,48.47561
2014-12-09 15,22.581793,1.7376195,122.99152,40.75536
2014-12-09 16,22.581793,0.8136138,113.82114,57.621952
2014-12-09 17,23.470839,0.8228484,137.70325,82.31707
2014-12-09 18,25.097452,2.1720243,204.77643,97.86585
2014-12-09 19,28.093882,1.7376195,122.31919,41.108204
2014-12-09 20,25.466345,1.7376195,235.77235,108.84146
2014-12-09 21,25.426743,1.7376195,227.13414,105.18293
2014-12-09 22,22.759602,1.7376195,193.08943,98.17073
2014-12-09 23,25.451153,1.7376195,173.78049,86.28049
2014-12-10 00,18.847795,1.7376195,138.21138,68.597565
2014-12-10 01,17.42532,1.7376195,117.88618,40.57872
2014-12-10 02,16.714083,1.520417,100.60975,58.23171
2014-12-10 03,16.180655,1.7376195,107.72358,61.890244
2014-12-10 04,25.250044,1.7376195,100.10162,61.280487
2014-12-10 05,17.24751,1.7376195,104.6748,62.80488
2014-12-10 06,20.09246,1.7376195,108.73984,67.07317
2014-12-10 07,28.449503,0.8159143,112.296745,71.03658
2014-12-10 08,29.516361,1.7376195,121.951225,60.97561
2014-12-10 09,26.849218,1.7376195,100.60975,53.963413
2014-12-10 10,25.96017,1.520417,113.31301,53.658535
2014-12-10 11,24.715506,1.520417,123.03378,51.82927
2014-12-10 12,24.359886,1.520417,112.296745,40.098633
2014-12-10 13,24.715506,1.7376195,117.88618,43.292683
2014-12-10 14,24.359886,0.8185367,98.06911,40.38138
2014-12-10 15,23.470839,1.520417,92.479675,40.747417
2014-12-10 16,24.715506,1.7376195,104.166664,70.731705
2014-12-10 17,23.826458,2.1720243,122.46924,41.620155
2014-12-10 18,25.071123,2.606429,123.3036,41.59443
2014-12-10 19,27.656172,0.7729583,256.09756,115.85366
2014-12-10 20,29.516361,1.7376195,236.78862,110.060974
2014-12-10 21,25.782362,1.7376195,232.72357,41.87242
2014-12-10 22,23.470839,1.7376195,216.46341,41.615685
2014-12-10 23,20.981508,1.7376195,155.99594,102.439026
2014-12-11 00,19.736841,1.7376195,143.29268,87.5
2014-12-11 01,17.958748,1.7376195,111.78862,73.47561
2014-12-11 02,16.891891,1.7376195,103.65854,68.29269
2014-12-11 03,16.536274,0.8159289,106.70731,67.98781
2014-12-11 04,17.069702,1.7376195,106.19919,41.039616
2014-12-11 05,18.492176,0.81434387,105.69106,64.63415
2014-12-11 06,21.337126,1.7376195,115.34553,66.46342
2014-12-11 07,29.516361,1.7376195,120.93496,71.03658
2014-12-11 08,28.982933,1.7376195,118.902435,57.621952
2014-12-11 09,27.560457,1.9548218,98.06911,50.0
2014-12-11 10,27.738264,1.7376195,98.06911,60.67073
2014-12-11 11,27.382647,1.7376195,114.837395,61.585365
2014-12-11 12,26.137981,1.7376195,107.72358,56.09756
2014-12-11 13,25.426743,1.7376195,113.31301,52.439026
2014-12-11 14,24.359886,1.520417,83.84146,51.52439
2014-12-11 15,23.826458,1.520417,87.39838,56.09756
2014-12-11 16,24.359886,1.7376195,93.49593,58.841465
2014-12-11 17,25.139612,1.7376195,126.74096,73.47561
2014-12-11 18,24.359886,1.520417,191.05692,91.15854
2014-12-11 19,27.204834,1.7376195,238.313,105.79269
2014-12-11 20,27.916075,1.9548218,239.8374,104.57317
2014-12-11 21,25.96017,1.7376195,240.85365,98.78049
2014-12-11 22,25.054089,0.8140613,201.72765,101.52439
2014-12-11 23,22.226173,1.7376195,161.58537,100.60976
2014-12-12 00,19.559032,0.83252496,133.63821,87.5
2014-12-12 01,17.60313,0.83933014,113.82114,79.57317
2014-12-12 02,17.069702,1.7376195,112.296745,65.85366
2014-12-12 03,16.536274,1.7376195,104.6748,65.243904
2014-12-12 04,17.24751,1.7376195,103.65854,69.20731
2014-12-12 05,17.958748,1.7376195,103.150406,66.46342
2014-12-12 06,20.44808,1.7376195,115.85366,64.63415
2014-12-12 07,28.093882,1.7376195,121.4431,40.41441
2014-12-12 08,27.560457,0.83599955,108.73984,67.07317
2014-12-12 09,26.31579,0.86880976,101.626015,64.939026
2014-12-12 10,24.359886,1.3032146,105.18294,62.5
2014-12-12 11,23.29303,1.3032146,124.53123,58.841465
2014-12-12 12,23.826458,0.8085389,116.86991,62.19512
2014-12-12 13,23.11522,1.7376195,113.82114,53.353657
2014-12-12 14,24.004267,1.7376195,134.65446,58.841465
2014-12-12 15,22.93741,1.7376195,119.9187,66.768295
2014-12-12 16,24.004267,1.7376195,124.97374,65.85366
2014-12-12 17,22.581793,1.520417,163.61789,82.31707
2014-12-12 18,24.004267,0.80734175,206.30081,93.29269
2014-12-12 19,24.182077,1.7376195,239.8374,41.710396
2014-12-12 20,24.715506,0.8176787,224.08537,93.597565
2014-12-12 21,22.93741,1.7376195,205.79268,100.0
2014-12-12 22,21.337126,1.7376195,184.95935,102.439026
2014-12-12 23,20.27027,0.826715,161.58537,98.47561
2014-12-13 00,18.847795,0.8141779,142.78455,81.097565
2014-12-13 01,17.42532,0.8189848,131.09756,76.21951
2014-12-13 02,16.714083,1.7376195,108.73984,72.256096
2014-12-13 03,16.180655,1.7376195,112.296745,67.68293
2014-12-13 04,16.536274,1.7376195,108.231705,63.109756
2014-12-13 05,17.069702,2.1720243,106.70731,60.97561
2014-12-13 06,17.069702,1.7376195,100.60975,65.54878
2014-12-13 07,18.847795,1.7376195,102.13415,59.756096
2014-12-13 08,22.581793,2.1720243,126.19398,58.536587
2014-12-13 09,26.849218,3.040834,133.13008,61.280487
2014-12-13 10,28.62731,1.9548218,168.69919,66.15854
2014-12-13 11,29.338549,1.7376195,162.09349,64.02439
2014-12-13 12,28.271692,0.79479796,175.813,61.280487
2014-12-13 13,28.093882,1.7376195,184.45122,60.060974
2014-12-13 14,26.31579,1.7376195,161.07724,66.15854
2014-12-13 15,24.359886,1.7376195,141.26016,67.68293
2014-12-13 16,23.470839,1.7376195,144.30894,58.23171
2014-12-13 17,22.93741,1.9548218,177.3374,62.5
2014-12-13 18,23.648647,1.7376195,213.41463,89.939026
2014-12-13 19,24.893314,1.7376195,244.9187,42.069935
2014-12-13 20,24.182077,1.7376195,230.69106,97.560974
2014-12-13 21,22.581793,1.7376195,219.51219,88.414635
2014-12-13 22,20.44808,1.7376195,188.51627,87.19512
2014-12-13 23,20.44808,1.7376195,174.79675,86.585365
2014-12-14 00,19.203413,1.7376195,166.66667,82.31707
2014-12-14 01,17.958748,0.0,146.84958,76.21951
2014-12-14 02,16.891891,0.0,118.902435,64.32927
2014-12-14 03,16.358463,1.520417,122.85371,64.939026
2014-12-14 04,16.536274,0.82010895,113.82114,65.243904
2014-12-14 05,17.24751,1.7376195,103.65854,66.46342
2014-12-14 06,16.891891,0.8137816,102.64227,60.365852
2014-12-14 07,17.78094,1.7376195,110.26423,60.365852
2014-12-14 08,21.514936,0.8174339,111.28048,48.17073
2014-12-14 09,27.560457,1.7376195,138.71951,51.52439
2014-12-14 10,28.62731,1.7376195,186.48373,54.57317
2014-12-14 11,29.871977,1.7376195,127.2965,68.902435
2014-12-14 12,25.26644,1.7376195,189.02438,42.113594
2014-12-14 13,28.80512,1.7376195,170.7317,64.63415
2014-12-14 14,26.671406,1.7376195,166.15854,60.67073
2014-12-14 15,25.248934,1.520417,144.81708,54.878048
2014-12-14 16,25.426012,1.7376195,127.03253,53.048782
2014-12-14 17,23.29303,1.7376195,162.09349,65.54878
2014-12-14 18,24.893314,1.7376195,204.77643,92.68293
2014-12-14 19,25.604553,1.9548218,228.65854,107.31707
2014-12-14 20,25.782362,1.7376195,217.98781,95.42683
2014-12-14 21,23.648647,1.7376195,205.79268,87.80488
2014-12-14 22,22.581793,0.80060065,203.25203,86.89024
2014-12-14 23,20.625889,1.7376195,127.34643,86.89024
2014-12-15 00,18.669987,1.7376195,162.09349,81.70731
2014-12-15 01,17.42532,0.8094504,124.49187,60.365852
2014-12-15 02,16.714083,0.7963614,112.296745,59.451218
2014-12-15 03,16.180655,1.520417,110.772354,57.317074
2014-12-15 04,16.536274,1.7376195,112.80488,40.803455
2014-12-15 05,17.24751,1.7376195,109.756096,61.280487
2014-12-15 06,19.381224,1.7376195,127.54066,58.536587
2014-12-15 07,27.738264,1.7376195,126.52439,68.902435
2014-12-15 08,27.027029,1.7376195,125.0,53.353657
2014-12-15 09,26.493599,0.78424954,120.99975,46.036587
2014-12-15 10,26.31579,1.7376195,121.4431,50.914635
2014-12-15 11,24.715506,1.3032146,118.39431,52.439026
2014-12-15 12,24.537695,1.3032146,115.85366,50.30488
2014-12-15 13,24.715506,1.520417,125.50813,49.69512
2014-12-15 14,25.442791,1.3032146,122.9591,56.40244
2014-12-15 15,23.29303,1.520417,98.57723,65.85366
2014-12-15 16,22.759602,1.7376195,110.772354,67.37805
2014-12-15 17,22.93741,1.7376195,136.17886,77.13415
2014-12-15 18,25.269638,2.1720243,190.04063,99.39024
2014-12-15 19,26.671406,1.7376195,238.82114,105.48781
2014-12-15 20,28.62731,1.7376195,132.7975,114.32927
2014-12-15 21,25.248934,1.7376195,247.45935,42.36007
2014-12-15 22,22.581793,1.7376195,213.41463,107.62195
2014-12-15 23,20.803698,1.7376195,194.1057,102.13415
2014-12-16 00,18.669987,1.7376195,149.89838,76.52439
2014-12-16 01,25.541512,1.7376195,123.56151,64.32927
2014-12-16 02,16.891891,1.7376195,107.72358,61.585365
2014-12-16 03,25.40482,0.8230792,105.18294,61.890244
2014-12-16 04,25.483566,1.7376195,111.78862,59.756096
2014-12-16 05,17.42532,1.7376195,125.173256,62.80488
2014-12-16 06,19.559032,1.7376195,113.82114,62.5
2014-12-16 07,25.429499,1.7376195,122.45935,67.07317
2014-12-16 08,25.96017,1.7376195,120.93496,58.536587
2014-12-16 09,24.537695,1.7376195,115.34553,50.914635
2014-12-16 10,24.004267,1.520417,124.49187,59.756096
2014-12-16 11,24.182077,1.520417,110.26423,60.67073
2014-12-16 12,25.328777,1.3032146,138.71951,67.37805
2014-12-16 13,24.537695,1.7376195,121.4431,57.317074
2014-12-16 14,23.29303,1.7376195,111.78862,65.85366
2014-12-16 15,22.403982,1.7376195,105.69106,62.5
2014-12-16 16,21.337126,1.7376195,117.37805,61.890244
2014-12-16 17,22.226173,1.7376195,152.94716,80.79269
2014-12-16 18,24.004267,2.1720243,199.187,96.64634
2014-12-16 19,25.426743,1.7376195,260.1626,103.35366
2014-12-16 20,26.137981,1.7376195,221.54471,111.585365
2014-12-16 21,25.248934,1.7376195,198.67886,103.04878
2014-12-16 22,25.087532,1.7376195,129.74695,98.78049
2014-12-16 23,25.38345,1.7376195,167.17479,92.68293
2014-12-17 00,18.847795,1.7376195,142.27643,70.42683
2014-12-17 01,17.42532,1.7376195,119.41057,66.15854
2014-12-17 02,16.714083,0.8101178,98.06911,60.060974
2014-12-17 03,16.180655,0.79530126,102.64227,54.26829
2014-12-17 04,16.714083,1.7376195,97.560974,58.23171
2014-12-17 05,17.42532,1.7376195,105.69106,63.414635
2014-12-17 06,19.736841,1.7376195,115.34553,60.365852
2014-12-17 07,26.671406,1.7376195,116.361786,62.5
2014-12-17 08,29.694168,1.7376195,112.80488,56.707317
2014-12-17 09,28.093882,1.7376195,109.24797,49.390244
2014-12-17 10,27.027029,1.520417,107.72358,57.012196
2014-12-17 11,26.31579,1.520417,120.42683,58.841465
2014-12-17 12,25.248934,1.520417,116.361786,57.012196
2014-12-17 13,24.537695,1.7376195,123.03746,53.353657
2014-12-17 14,24.004267,1.520417,97.560974,60.97561
2014-12-17 15,23.648647,1.520417,104.166664,65.243904
2014-12-17 16,22.759602,1.7376195,102.64227,65.243904
2014-12-17 17,22.93741,2.1720243,134.14635,82.92683
2014-12-17 18,25.152254,2.606429,193.59756,106.402435
2014-12-17 19,25.604553,1.7376195,227.64227,103.65854
2014-12-17 20,26.137981,1.7376195,243.90245,102.439026
2014-12-17 21,25.117718,1.7376195,198.17073,94.51219
2014-12-17 22,22.048365,1.7376195,206.30081,98.78049
2014-12-17 23,20.44808,1.7376195,166.15854,92.07317
2014-12-18 00,19.203413,1.7376195,146.34148,79.87805
2014-12-18 01,17.42532,1.7376195,116.86991,71.03658
2014-12-18 02,16.714083,0.8253693,106.70731,62.80488
2014-12-18 03,25.25695,1.7376195,110.26423,41.10839
2014-12-18 04,16.536274,1.7376195,123.125885,60.060974
2014-12-18 05,17.78094,1.7376195,103.65854,65.85366
2014-12-18 06,19.736841,0.8123315,105.18294,67.07317
2014-12-18 07,25.248934,1.7376195,115.85366,69.20731
2014-12-18 08,29.16074,0.818513,104.166664,59.451218
2014-12-18 09,26.849218,1.9548218,112.80488,51.219513
2014-12-18 10,27.204834,1.7376195,116.361786,56.707317
2014-12-18 11,25.96017,1.7376195,117.37805,40.563972
2014-12-18 12,24.893314,1.7376195,127.03253,60.060974
2014-12-18 13,25.248934,1.7376195,114.32927,41.123604
2014-12-18 14,24.004267,1.520417,113.82114,62.5
2014-12-18 15,22.93741,1.520417,130.0813,65.85366
2014-12-18 16,22.048365,1.7376195,126.88403,75.60976
2014-12-18 17,22.759602,0.8323838,155.48781,84.14634
2014-12-18 18,24.359886,1.520417,212.90651,96.95122
2014-12-18 19,25.96017,1.7376195,247.96748,103.65854
2014-12-18 20,25.426743,1.9548218,247.45935,99.085365
2014-12-18 21,23.826458,1.7376195,127.331924,89.32927
2014-12-18 22,22.048365,1.7376195,220.52846,103.96342
2014-12-18 23,20.803698,1.7376195,175.30487,93.29269
2014-12-19 00,19.203413,1.7376195,144.30894,85.97561
2014-12-19 01,17.42532,1.7376195,124.49288,71.34146
2014-12-19 02,16.714083,1.7376195,108.231705,60.060974
2014-12-19 03,25.185738,0.7984061,107.21545,40.415337
2014-12-19 04,16.536274,1.7376195,98.06911,63.719513
2014-12-19 05,17.42532,1.7376195,101.11789,67.07317
2014-12-19 06,19.025604,1.7376195,110.26423,40.995403
2014-12-19 07,25.458082,1.7376195,117.88618,73.17073
2014-12-19 08,29.694168,1.7376195,104.6748,68.902435
2014-12-19 09,26.493599,0.86880976,110.26423,40.93033
2014-12-19 10,26.137981,1.3032146,98.06911,58.536587
2014-12-19 11,27.916075,0.78801244,122.03263,51.82927
2014-12-19 12,25.96017,1.3032146,108.73984,58.23171
2014-12-19 13,25.248934,1.7376195,115.34553,55.792683
2014-12-19 14,24.893314,1.7376195,122.45935,53.048782
2014-12-19 15,23.11522,1.7376195,126.52439,60.97561
2014-12-19 16,22.581793,0.80071265,132.62195,40.47052
2014-12-19 17,23.648647,1.520417,151.42276,89.939026
2014-12-19 18,24.359886,2.1720243,216.46341,103.04878
2014-12-19 19,24.893314,0.77631104,226.62602,107.01219
2014-12-19 20,25.370068,2.8236315,207.31708,97.560974
2014-12-19 21,23.11522,1.7376195,212.90651,100.914635
2014-12-19 22,21.514936,0.81099784,233.73982,97.560974
2014-12-19 23,20.09246,1.7376195,176.32114,92.68293
2014-12-20 00,19.025604,1.7376195,156.50406,85.97561
2014-12-20 01,17.78094,0.80842453,140.75203,72.256096
2014-12-20 02,17.069702,1.7376195,121.4431,66.46342
2014-12-20 03,16.358463,1.7376195,111.28048,40.48204
2014-12-20 04,16.536274,0.8082008,108.231705,72.256096
2014-12-20 05,17.24751,0.83084935,103.150406,70.42683
2014-12-20 06,17.42532,1.7376195,102.13415,65.243904
2014-12-20 07,19.025604,1.7376195,106.70731,64.32927
2014-12-20 08,24.004267,2.1720243,109.756096,65.243904
2014-12-20 09,25.169092,3.040834,139.22765,62.80488
2014-12-20 10,28.271692,1.9548218,139.22765,41.252735
2014-12-20 11,27.916075,1.7376195,149.39024,41.030262
2014-12-20 12,28.62731,1.7376195,124.59516,41.56355
2014-12-20 13,27.738264,1.7376195,158.53659,39.02439
2014-12-20 14,26.493599,1.7376195,146.34148,42.682926
2014-12-20 15,26.493599,0.79723424,149.39024,45.42683
2014-12-20 16,24.893314,0.800891,134.14635,44.817074
2014-12-20 17,24.004267,1.9548218,179.3699,67.07317
2014-12-20 18,25.426743,1.7376195,228.1504,90.54878
2014-12-20 19,24.893314,1.7376195,129.49318,92.07317
2014-12-20 20,24.893314,1.7376195,236.78862,92.37805
2014-12-20 21,22.403982,1.7376195,212.39838,100.60976
2014-12-20 22,21.337126,1.7376195,185.97562,103.35366
2014-12-20 23,20.803698,1.7376195,185.46748,100.30488
2014-12-21 00,19.381224,1.7376195,182.92683,92.98781
2014-12-21 01,18.136559,0.0,145.32521,84.14634
2014-12-21 02,17.24751,0.0,131.09756,76.21951
2014-12-21 03,16.536274,1.520417,129.57317,72.86585
2014-12-21 04,16.891891,1.520417,126.52439,70.12195
2014-12-21 05,25.03206,1.7376195,122.45935,67.98781
2014-12-21 06,17.069702,1.7376195,115.85366,64.32927
2014-12-21 07,18.136559,1.7376195,107.21545,58.23171
2014-12-21 08,22.048365,1.7376195,103.65854,56.40244
2014-12-21 09,27.204834,1.7376195,134.14635,49.085365
2014-12-21 10,27.738264,1.7376195,166.15854,41.70035
2014-12-21 11,27.916075,0.80622137,169.20732,59.756096
2014-12-21 12,29.338549,1.7376195,175.813,68.597565
2014-12-21 13,28.62731,1.7376195,130.0813,65.243904
2014-12-21 14,28.093882,1.7376195,119.41057,47.560974
2014-12-21 15,25.96017,1.520417,104.6748,52.439026
2014-12-21 16,23.826458,1.7376195,107.72358,53.658535
2014-12-21 17,23.29303,0.8215965,130.0813,70.12195
2014-12-21 18,23.826458,1.7376195,177.84555,83.84146
2014-12-21 19,25.604553,1.9548218,201.72765,90.85366
2014-12-21 20,24.359886,1.7376195,206.80894,85.97561
2014-12-21 21,23.470839,1.7376195,215.44716,90.85366
2014-12-21 22,22.226173,1.7376195,197.15446,83.53658
2014-12-21 23,25.169044,1.7376195,161.07724,84.756096
2014-12-22 00,19.203413,1.7376195,151.42276,76.52439
2014-12-22 01,17.42532,1.7376195,122.967476,71.34146
2014-12-22 02,16.714083,1.7376195,123.90865,62.19512
2014-12-22 03,16.180655,1.520417,125.34799,69.51219
2014-12-22 04,16.358463,0.8156632,100.60975,71.34146
2014-12-22 05,17.069702,0.8224845,114.837395,62.5
2014-12-22 06,18.314367,1.7376195,118.902435,60.060974
2014-12-22 07,22.759602,1.7376195,131.09756,63.109756
2014-12-22 08,29.16074,1.7376195,113.31301,56.40244
2014-12-22 09,27.382647,0.81210864,127.54066,67.68293
2014-12-22 10,28.62731,1.7376195,107.72358,83.53658
2014-12-22 11,28.62731,1.3032146,122.967476,75.914635
2014-12-22 12,27.027029,1.3032146,138.21138,75.60976
2014-12-22 13,26.31579,0.7975695,145.83333,60.67073
2014-12-22 14,25.071123,1.3032146,120.42683,72.86585
2014-12-22 15,23.470839,1.520417,121.4431,66.46342
2014-12-22 16,23.29303,1.7376195,129.06505,72.560974
2014-12-22 17,23.648647,1.7376195,126.72481,90.243904
2014-12-22 18,24.182077,2.1720243,203.76016,99.085365
2014-12-22 19,25.96017,1.7376195,259.65448,100.0
2014-12-22 20,26.493599,1.7376195,257.11383,94.51219
2014-12-22 21,24.004267,1.7376195,239.32927,99.39024
2014-12-22 22,22.048365,0.80717367,209.85773,102.13415
2014-12-22 23,21.337126,1.7376195,179.87805,88.71951
2014-12-23 00,19.559032,1.7376195,153.96341,81.402435
2014-12-23 01,17.78094,0.80833834,129.57317,40.293865
2014-12-23 02,16.714083,0.82156205,112.296745,70.731705
2014-12-23 03,16.180655,1.7376195,107.72358,71.64634
2014-12-23 04,16.536274,1.7376195,125.56814,77.743904
2014-12-23 05,17.069702,1.7376195,111.78862,76.21951
2014-12-23 06,18.314367,1.7376195,113.31301,40.269207
2014-12-23 07,22.93741,1.7376195,120.93496,71.64634
2014-12-23 08,27.560457,0.8293251,103.150406,59.451218
2014-12-23 09,25.217813,1.7376195,113.82114,64.32927
2014-12-23 10,26.493599,1.520417,120.93496,55.792683
2014-12-23 11,27.382647,1.520417,127.54066,65.54878
2014-12-23 12,27.027029,1.3032146,127.54066,71.34146
2014-12-23 13,25.426743,1.7376195,133.63821,58.536587
2014-12-23 14,25.426743,1.7376195,125.0,59.451218
2014-12-23 15,23.648647,1.7376195,126.52439,67.07317
2014-12-23 16,22.93741,1.7376195,134.65446,71.64634
2014-12-23 17,23.826458,1.7376195,159.04471,88.71951
2014-12-23 18,23.11522,0.7698342,228.65854,107.92683
2014-12-23 19,24.182077,1.7376195,243.3943,42.25003
2014-12-23 20,25.604553,1.7376195,248.47562,92.68293
2014-12-23 21,24.182077,1.7376195,236.28049,101.82927
2014-12-23 22,25.330078,1.7376195,233.23172,98.47561
2014-12-23 23,21.692745,1.7376195,192.5813,41.365738
2014-12-24 00,20.44808,1.7376195,151.42276,90.243904
2014-12-24 01,18.136559,1.7376195,142.78455,78.04878
2014-12-24 02,25.168392,1.520417,115.34553,40.521935
2014-12-24 03,16.536274,1.7376195,109.24797,67.37805
2014-12-24 04,16.714083,1.7376195,123.35073,63.414635
2014-12-24 05,17.069702,1.7376195,110.26423,40.30701
2014-12-24 06,25.290064,1.7376195,112.80488,60.365852
2014-12-24 07,20.09246,1.7376195,103.150406,55.487804
2014-12-24 08,24.893314,0.8192364,112.80488,47.560974
2014-12-24 09,28.093882,1.7376195,126.52439,57.317074
2014-12-24 10,30.227596,1.520417,133.13008,64.939026
2014-12-24 11,28.271692,1.520417,127.052315,70.731705
2014-12-24 12,28.62731,1.520417,178.35365,65.243904
2014-12-24 13,27.204834,1.7376195,140.75203,57.317074
2014-12-24 14,26.849218,0.79862046,139.22765,59.146343
2014-12-24 15,27.027029,1.520417,131.09756,62.80488
2014-12-24 16,27.738264,1.7376195,132.11382,55.792683
2014-12-24 17,28.80512,2.1720243,170.22357,65.85366
2014-12-24 18,27.738264,2.606429,206.30081,85.97561
2014-12-24 19,26.493599,1.7376195,201.72765,87.80488
2014-12-24 20,24.004267,1.7376195,180.38618,96.95122
2014-12-24 21,22.048365,1.7376195,164.12602,93.29269
2014-12-24 22,22.048365,0.8309249,169.20732,90.85366
2014-12-24 23,21.159317,1.7376195,161.07724,93.29269
2014-12-25 00,19.914652,0.43440488,151.9309,87.5
2014-12-25 01,20.27027,0.0,161.58537,87.80488
2014-12-25 02,27.008358,0.0,140.75203,90.54878
2014-12-25 03,17.24751,0.0,130.0813,75.0
2014-12-25 04,17.069702,0.0,115.85366,67.07317
2014-12-25 05,17.60313,0.0,110.772354,65.243904
2014-12-25 06,17.24751,0.0,111.28048,63.109756
2014-12-25 07,17.78094,0.0,82.8252,64.939026
2014-12-25 08,19.736841,0.0,68.08943,54.57317
2014-12-25 09,24.182077,0.0,89.939026,54.57317
2014-12-25 10,29.694168,0.0,122.45935,55.182926
2014-12-25 11,32.1835,0.0,138.21138,41.079437
2014-12-25 12,35.384068,0.0,181.91057,64.939026
2014-12-25 13,28.982933,0.0,138.71951,64.32927
2014-12-25 14,25.071123,0.0,154.4703,57.92683
2014-12-25 15,22.93741,0.0,108.231705,59.146343
2014-12-25 16,22.93741,0.0,114.32927,60.060974
2014-12-25 17,22.581793,0.0,127.03253,60.060974
2014-12-25 18,22.581793,0.0,166.15854,76.21951
2014-12-25 19,22.759602,0.0,166.66667,78.04878
2014-12-25 20,23.29303,0.0,167.68292,82.31707
2014-12-25 21,23.11522,0.0,166.33827,84.14634
2014-12-25 22,21.870554,0.0,175.30487,84.14634
2014-12-25 23,20.981508,0.0,176.32114,90.85366
2014-12-26 00,19.914652,1.3032146,145.83333,79.87805
2014-12-26 01,17.60313,1.7376195,117.37805,68.902435
2014-12-26 02,16.891891,1.7376195,109.756096,66.15854
2014-12-26 03,16.180655,1.7376195,108.73984,66.46342
2014-12-26 04,16.536274,1.7376195,101.11789,66.15854
2014-12-26 05,17.069702,0.81852263,104.166664,60.97561
2014-12-26 06,17.42532,1.7376195,107.21545,59.756096
2014-12-26 07,19.381224,1.7376195,105.69106,60.67073
2014-12-26 08,23.29303,1.7376195,107.21545,48.17073
2014-12-26 09,27.204834,0.86880976,119.9187,58.23171
2014-12-26 10,29.694168,1.3032146,125.0,40.77562
2014-12-26 11,28.271692,1.3032146,161.07724,75.914635
2014-12-26 12,25.276564,1.3032146,159.04471,62.19512
2014-12-26 13,27.916075,1.7376195,133.13008,54.26829
2014-12-26 14,26.849218,0.8000803,115.34553,49.390244
2014-12-26 15,26.31579,1.7376195,112.80488,58.536587
2014-12-26 16,23.470839,0.80258757,117.37805,63.109756
2014-12-26 17,22.93741,0.7964759,124.58284,72.256096
2014-12-26 18,25.250904,2.1720243,195.12195,99.69512
2014-12-26 19,24.359886,1.7376195,223.0691,103.96342
2014-12-26 20,24.182077,2.8236315,233.73982,109.45122
2014-12-26 21,23.11522,1.7376195,220.52846,100.30488
2014-12-26 22,21.159317,1.7376195,128.32726,94.51219
2014-12-26 23,20.44808,1.7376195,182.4187,97.560974
2014-12-27 00,19.381224,0.8271782,159.04471,90.54878
2014-12-27 01,17.78094,1.7376195,137.19513,80.79269
2014-12-27 02,17.24751,1.7376195,116.86991,77.13415
2014-12-27 03,16.358463,1.7376195,111.78862,75.0
2014-12-27 04,16.714083,1.7376195,104.166664,40.74206
2014-12-27 05,17.24751,2.1720243,104.166664,66.768295
2014-12-27 06,17.42532,1.7376195,124.07033,67.07317
2014-12-27 07,18.669987,1.7376195,97.05285,65.85366
2014-12-27 08,21.692745,2.1720243,124.61578,60.365852
2014-12-27 09,26.31579,3.040834,140.75203,55.487804
2014-12-27 10,28.62731,1.9548218,147.35773,62.5
2014-12-27 11,27.382647,1.7376195,169.20732,62.5
2014-12-27 12,25.360474,1.7376195,168.69919,58.841465
2014-12-27 13,28.093882,1.7376195,173.78049,60.97561
2014-12-27 14,25.96017,1.7376195,125.16679,61.890244
2014-12-27 15,25.071123,1.7376195,158.53659,70.12195
2014-12-27 16,23.826458,1.7376195,125.15929,70.42683
2014-12-27 17,23.11522,1.9548218,169.71545,41.074467
2014-12-27 18,23.826458,1.7376195,218.49594,100.60976
2014-12-27 19,24.182077,1.7376195,255.08131,106.70731
2014-12-27 20,26.392918,1.7376195,217.98781,113.414635
2014-12-27 21,22.581793,1.7376195,209.85773,102.743904
2014-12-27 22,20.981508,1.7376195,180.38618,95.42683
2014-12-27 23,20.625889,1.7376195,198.17073,93.29269
2014-12-28 00,19.381224,1.7376195,169.71545,41.2332
2014-12-28 01,17.958748,0.0,136.17886,78.04878
2014-12-28 02,17.069702,0.0,120.93496,70.731705
2014-12-28 03,16.358463,1.520417,113.31301,67.37805
2014-12-28 04,16.714083,0.81640464,106.19919,64.32927
2014-12-28 05,17.42532,1.7376195,107.72358,62.19512
2014-12-28 06,17.069702,1.7376195,110.772354,61.585365
2014-12-28 07,17.78094,1.7376195,104.6748,40.465
2014-12-28 08,20.27027,1.7376195,86.38211,52.439026
2014-12-28 09,24.715506,1.7376195,110.26423,52.743904
2014-12-28 10,28.271692,1.7376195,148.37398,61.890244
2014-12-28 11,29.338549,1.7376195,193.08943,69.20731
2014-12-28 12,29.338549,1.7376195,128.32417,77.743904
2014-12-28 13,27.382647,1.7376195,174.79675,63.109756
2014-12-28 14,26.137981,1.7376195,137.19513,56.707317
2014-12-28 15,24.715506,1.520417,133.13008,41.367443
2014-12-28 16,22.93741,1.7376195,130.58943,54.26829
2014-12-28 17,22.759602,1.7376195,149.39024,63.719513
2014-12-28 18,23.29303,1.7376195,182.92683,80.79269
2014-12-28 19,24.182077,1.9548218,194.61382,78.65854
2014-12-28 20,24.537695,1.7376195,127.621796,86.89024
2014-12-28 21,23.11522,1.7376195,203.76016,41.691544
2014-12-28 22,25.208126,1.7376195,176.82927,96.03659
2014-12-28 23,20.44808,1.7376195,128.86617,100.60976
2014-12-29 00,24.952694,1.7376195,134.65446,90.54878
2014-12-29 01,17.78094,1.7376195,124.49187,73.78049
2014-12-29 02,16.891891,1.7376195,118.902435,40.97935
2014-12-29 03,16.358463,0.8051209,104.6748,63.719513
2014-12-29 04,25.50892,1.7376195,125.392654,63.719513
2014-12-29 05,25.312826,1.7376195,109.756096,67.37805
2014-12-29 06,18.314367,0.8007511,118.902435,65.85366
2014-12-29 07,22.226173,1.7376195,114.32927,71.03658
2014-12-29 08,26.671406,1.7376195,119.41057,53.963413
2014-12-29 09,28.271692,1.7376195,118.39431,50.609756
2014-12-29 10,28.449503,1.7376195,129.57317,53.353657
2014-12-29 11,28.271692,1.3032146,124.27101,56.707317
2014-12-29 12,26.671406,1.3032146,135.1626,57.012196
2014-12-29 13,25.24501,1.520417,134.14635,53.048782
2014-12-29 14,28.271692,1.3032146,114.837395,61.890244
2014-12-29 15,24.359886,1.520417,119.41057,66.15854
2014-12-29 16,23.11522,1.7376195,111.28048,66.768295
2014-12-29 17,23.470839,1.7376195,158.53659,71.95122
2014-12-29 18,23.826458,2.1720243,220.02032,101.52439
2014-12-29 19,25.248934,1.7376195,246.95122,42.7833
2014-12-29 20,27.204834,1.7376195,226.11789,104.268295
2014-12-29 21,23.648647,1.7376195,224.08537,109.14634
2014-12-29 22,21.870554,1.7376195,223.0691,41.994114
2014-12-29 23,21.337126,1.7376195,178.8618,107.01219
2014-12-30 00,19.559032,1.7376195,160.06097,41.019264
2014-12-30 01,17.60313,1.7376195,141.26016,80.79269
2014-12-30 02,17.069702,1.7376195,122.967476,76.21951
2014-12-30 03,16.358463,1.7376195,121.951225,40.41712
2014-12-30 04,16.536274,1.7376195,107.21545,41.26792
2014-12-30 05,17.60313,1.7376195,124.46442,67.07317
2014-12-30 06,18.136559,1.7376195,116.361786,64.63415
2014-12-30 07,22.048365,1.7376195,129.06505,65.243904
2014-12-30 08,25.96017,1.7376195,126.01384,60.97561
2014-12-30 09,27.916075,1.7376195,116.86991,40.31583
2014-12-30 10,27.560457,1.520417,120.42683,53.963413
2014-12-30 11,27.738264,1.520417,142.27643,64.32927
2014-12-30 12,28.093882,1.3032146,124.70185,60.67073
2014-12-30 13,27.560457,1.7376195,127.54066,52.439026
2014-12-30 14,27.027029,1.7376195,112.296745,56.707317
2014-12-30 15,23.29303,1.7376195,105.18294,64.63415
2014-12-30 16,22.93741,1.7376195,112.80488,40.15914
2014-12-30 17,24.359886,1.7376195,125.50813,40.909737
2014-12-30 18,24.893314,2.1720243,211.89023,110.67073
2014-12-30 19,24.359886,1.7376195,256.60568,104.268295
2014-12-30 20,26.137981,1.7376195,235.26422,95.731705
2014-12-30 21,24.893314,1.7376195,242.37805,85.060974
2014-12-30 22,22.048365,1.7376195,215.95529,91.768295
2014-12-30 23,21.692745,1.7376195,184.95935,85.36585
2014-12-31 00,19.736841,1.7376195,127.82342,82.31707
2014-12-31 01,18.314367,1.7376195,126.26047,72.86585
2014-12-31 02,17.24751,1.520417,117.37805,71.03658
2014-12-31 03,16.536274,1.7376195,105.69106,67.37805
2014-12-31 04,16.714083,1.7376195,98.06911,67.98781
2014-12-31 05,25.001915,1.7376195,100.60975,71.03658
2014-12-31 06,25.020563,0.81047344,105.18294,39.92742
2014-12-31 07,21.159317,1.7376195,125.07463,67.98781
2014-12-31 08,24.359886,1.7376195,104.166664,63.414635
2014-12-31 09,25.472284,1.7376195,123.48803,59.756096
2014-12-31 10,28.093882,1.520417,135.67073,71.34146
2014-12-31 11,27.738264,1.520417,127.317375,70.731705
2014-12-31 12,28.093882,1.520417,172.76422,72.256096
2014-12-31 13,26.493599,0.80921495,152.94716,59.451218
2014-12-31 14,26.493599,0.82346016,136.687,64.02439
2014-12-31 15,28.62731,1.520417,124.036354,60.97561
2014-12-31 16,25.397713,1.7376195,154.47154,66.46342
2014-12-31 17,28.271692,2.1720243,127.92194,67.98781
2014-12-31 18,28.62731,2.606429,206.80894,87.19512
2014-12-31 19,28.271692,1.7376195,210.36588,95.42683
2014-12-31 20,25.248934,0.81783915,186.48373,92.07317
2014-12-31 21,22.759602,1.7376195,162.09349,86.28049
2014-12-31 22,25.170635,1.7376195,161.07724,41.437252
2014-12-31 23,21.337126,1.7376195,161.58537,83.84146
