hour,user_3,user_4,user_5,user_6
2014-01-01 00,24.004267,0.82413113,148.88211,75.60976
2014-01-01 01,25.322935,0.0,145.83331,41.031204
2014-01-01 02,24.537695,0.0,142.27643,64.939026
2014-01-01 03,21.870554,0.0,127.032524,64.63415
2014-01-01 04,26.012474,0.0,111.28049,57.621952
2014-01-01 05,25.742952,0.0,137.69624,42.202084
2014-01-01 06,21.692745,0.0,97.05285,58.841465
2014-01-01 07,26.167074,0.0,89.939026,43.196804
2014-01-01 08,26.709507,0.0,68.597565,49.390244
2014-01-01 09,25.248934,0.0,140.71732,44.512196
2014-01-01 10,27.738264,0.0,104.166664,52.439026
2014-01-01 11,25.087708,0.0,153.45529,58.536587
2014-01-01 12,32.53912,0.0,160.56909,41.05049
2014-01-01 13,25.505552,0.0,114.32927,42.689335
2014-01-01 14,29.694168,0.0,89.939026,43.906136
2014-01-01 15,28.271692,0.0,86.89024,53.048782
2014-01-01 16,26.452576,0.0,84.85773,58.536587
2014-01-01 17,26.318323,0.0,111.28049,76.82927
2014-01-01 18,26.493599,0.0,147.86588,85.97561
2014-01-01 19,26.849218,0.0,169.71545,40.89402
2014-01-01 20,28.093882,0.0,174.74875,99.085365
2014-01-01 21,27.738264,0.0,205.28455,90.243904
2014-01-01 22,25.782362,0.0,178.86179,40.456272
2014-01-01 23,25.426743,0.0,158.02844,40.41999
2014-01-02 00,23.826458,0.81293476,148.37398,76.82927
2014-01-02 01,22.048365,0.81131,124.95607,65.54878
2014-01-02 02,21.337126,0.8231367,111.28049,63.719513
2014-01-02 03,21.159317,1.7376195,102.64227,40.935356
2014-01-02 04,25.298212,0.8296022,98.06911,61.280487
2014-01-02 05,21.159317,1.7376195,99.5935,63.109756
2014-01-02 06,22.403982,0.80729574,92.479675,40.285713
2014-01-02 07,25.277788,1.7376195,123.5296,68.29269
2014-01-02 08,28.449503,0.8152027,103.150406,58.841465
2014-01-02 09,13.869132,1.9548218,107.72358,61.280487
2014-01-02 10,21.870554,1.7376195,122.82613,41.319096
2014-01-02 11,29.516361,1.7376195,124.44901,63.719513
2014-01-02 12,30.405405,0.7827666,167.68292,41.073967
2014-01-02 13,30.761024,1.7376195,155.48782,66.46342
2014-01-02 14,29.516361,1.520417,155.48782,63.109756
2014-01-02 15,28.271692,1.520417,153.96341,64.63415
2014-01-02 16,25.386389,0.79125077,165.65039,41.01718
2014-01-02 17,27.204834,0.78250366,176.82927,40.566494
2014-01-02 18,28.62731,1.520417,226.62602,42.085022
2014-01-02 19,29.694168,1.7376195,241.86992,106.70731
2014-01-02 20,31.116644,1.9548218,129.3195,97.86585
2014-01-02 21,25.139181,1.7376195,222.56097,92.68293
2014-01-02 22,26.493599,1.7376195,127.99295,88.10976
2014-01-02 23,25.426743,1.7376195,127.600365,90.85366
2014-01-03 00,24.182077,1.7376195,122.36159,41.48514
2014-01-03 01,22.226173,1.7376195,132.11382,62.80488
2014-01-03 02,21.514936,0.79241973,123.86722,59.451218
2014-01-03 03,25.14654,1.7376195,108.231705,61.890244
2014-01-03 04,21.337126,1.7376195,122.62354,61.280487
2014-01-03 05,21.337126,0.7893808,121.07699,57.012196
2014-01-03 06,22.759602,1.7376195,98.57723,40.811455
2014-01-03 07,26.493599,1.7376195,114.32927,40.428524
2014-01-03 08,29.516361,1.7376195,108.73984,40.573357
2014-01-03 09,32.36131,0.86880976,123.61596,40.126297
2014-01-03 10,33.250355,1.3032146,112.80488,40.1929
2014-01-03 11,25.251654,1.3032146,125.00001,61.890244
2014-01-03 12,32.894737,0.8207793,140.2439,60.67073
2014-01-03 13,31.294453,1.7376195,141.7683,58.841465
2014-01-03 14,29.694168,1.7376195,125.88054,59.451218
2014-01-03 15,27.560457,0.8045484,123.98374,59.756096
2014-01-03 16,27.204834,1.7376195,122.726074,41.617283
2014-01-03 17,27.382647,1.520417,153.45529,71.95122
2014-01-03 18,27.916075,0.81547713,234.24797,92.37805
2014-01-03 19,29.694168,1.7376195,220.02032,99.085365
2014-01-03 20,29.694168,2.8236315,216.97154,92.37805
2014-01-03 21,24.986485,1.7376195,126.78463,88.414635
2014-01-03 22,25.96017,1.7376195,124.156815,41.66529
2014-01-03 23,25.248934,0.7982648,185.97562,41.514713
2014-01-04 00,24.537695,1.7376195,127.17577,72.86585
2014-01-04 01,22.581793,1.7376195,125.448494,67.98781
2014-01-04 02,25.21471,1.7376195,124.205444,60.67073
2014-01-04 03,21.337126,0.82322884,107.72358,66.46342
2014-01-04 04,21.870554,0.8274143,99.085365,56.09756
2014-01-04 05,25.225985,2.1720243,95.020325,55.487804
2014-01-04 06,22.226173,0.79384,123.178505,60.97561
2014-01-04 07,22.759602,1.7376195,94.00407,56.707317
2014-01-04 08,25.604553,2.1720243,126.22182,56.707317
2014-01-04 09,28.62731,0.82101005,108.73984,57.012196
2014-01-04 10,30.049786,1.9548218,133.63821,59.756096
2014-01-04 11,31.294453,1.7376195,165.65039,68.902435
2014-01-04 12,25.347914,1.7376195,178.86179,41.85517
2014-01-04 13,33.428165,1.7376195,159.55284,55.182926
2014-01-04 14,32.894737,1.7376195,158.02844,64.32927
2014-01-04 15,25.494547,1.7376195,124.12057,66.768295
2014-01-04 16,25.502512,1.7376195,124.82685,64.32927
2014-01-04 17,25.341381,1.9548218,167.68292,61.890244
2014-01-04 18,28.80512,0.80403256,215.95529,94.51219
2014-01-04 19,29.871977,1.7376195,123.860855,40.778008
2014-01-04 20,25.0423,1.7376195,218.49594,95.42683
2014-01-04 21,25.600626,1.7376195,211.38211,42.158646
2014-01-04 22,25.96017,0.81217706,200.20325,84.45122
2014-01-04 23,25.493185,1.7376195,174.79675,41.338974
2014-01-05 00,24.359886,1.7376195,121.537346,41.134247
2014-01-05 01,22.403982,3.475239,131.6057,71.03658
2014-01-05 02,21.870554,0.7976326,124.69049,74.69512
2014-01-05 03,24.948254,0.83685637,108.73984,73.17073
2014-01-05 04,21.514936,1.520417,100.60976,40.020866
2014-01-05 05,25.324648,1.7376195,94.51219,58.536587
2014-01-05 06,21.692745,1.7376195,92.479675,64.63415
2014-01-05 07,22.226173,1.7376195,124.577805,57.92683
2014-01-05 08,24.537695,1.7376195,84.85773,49.085365
2014-01-05 09,29.16074,0.8233595,114.32927,60.060974
2014-01-05 10,25.347542,1.7376195,121.89789,41.061447
2014-01-05 11,25.385862,1.7376195,182.92682,41.611595
2014-01-05 12,36.450924,1.7376195,123.14543,40.67136
2014-01-05 13,35.02845,1.7376195,174.28862,67.68293
2014-01-05 14,25.577692,1.7376195,179.36992,66.15854
2014-01-05 15,25.312056,0.8012064,157.01219,63.719513
2014-01-05 16,25.139824,1.7376195,124.88535,71.34146
2014-01-05 17,27.382647,1.7376195,163.10974,75.60976
2014-01-05 18,25.385303,1.7376195,189.02438,97.560974
2014-01-05 19,25.692438,1.9548218,211.38211,42.1208
2014-01-05 20,25.417742,1.7376195,204.77643,86.585365
2014-01-05 21,28.80512,1.7376195,206.80894,79.87805
2014-01-05 22,26.671406,1.7376195,176.32114,78.35366
2014-01-05 23,25.426743,1.7376195,126.04771,76.82927
2014-01-06 00,25.205236,1.7376195,124.62386,69.51219
2014-01-06 01,22.226173,1.7376195,122.967476,60.67073
2014-01-06 02,21.692745,1.7376195,123.40298,41.73015
2014-01-06 03,25.443548,1.520417,102.64227,59.146343
2014-01-06 04,25.296602,0.80918235,104.166664,53.658535
2014-01-06 05,21.337126,1.7376195,100.60976,51.219513
2014-01-06 06,25.241007,0.8058027,105.691055,54.57317
2014-01-06 07,25.311394,1.7376195,123.42006,57.317074
2014-01-06 08,31.116644,0.80997235,121.95122,39.818096
2014-01-06 09,29.338549,1.7376195,105.691055,40.542362
2014-01-06 10,28.449503,1.7376195,128.10854,74.69512
2014-01-06 11,25.006048,0.8217232,114.837395,73.47561
2014-01-06 12,28.80512,1.3032146,129.57317,81.402435
2014-01-06 13,25.459818,1.520417,114.32927,68.902435
2014-01-06 14,28.62731,1.3032146,102.13415,69.81707
2014-01-06 15,25.099709,1.520417,123.47561,40.892826
2014-01-06 16,24.994923,1.7376195,119.41057,75.60976
2014-01-06 17,27.738264,1.7376195,139.73578,92.98781
2014-01-06 18,29.516361,0.79321617,121.50444,41.0389
2014-01-06 19,32.53912,1.7376195,134.61464,121.03658
2014-01-06 20,32.1835,1.7376195,217.47968,99.39024
2014-01-06 21,25.198912,1.7376195,201.21951,98.47561
2014-01-06 22,25.363451,1.7376195,126.637184,89.939026
2014-01-06 23,26.671406,0.8255997,157.01219,83.231705
2014-01-07 00,24.893314,1.7376195,130.0813,71.95122
2014-01-07 01,23.29303,1.7376195,121.96146,40.895065
2014-01-07 02,22.93741,1.7376195,125.54612,64.32927
2014-01-07 03,22.403982,1.7376195,97.05285,40.719273
2014-01-07 04,23.11522,1.7376195,95.52846,63.414635
2014-01-07 05,22.759602,1.7376195,106.19919,40.582516
2014-01-07 06,25.229166,1.7376195,96.544716,71.34146
2014-01-07 07,32.36131,1.7376195,111.78862,39.983047
2014-01-07 08,25.371492,1.7376195,124.18046,64.63415
2014-01-07 09,30.049786,1.7376195,115.34553,61.280487
2014-01-07 10,25.269794,1.520417,99.5935,40.94218
2014-01-07 11,30.049786,1.520417,113.31301,40.645508
2014-01-07 12,29.516361,0.82340795,126.27851,67.37805
2014-01-07 13,30.049786,0.8127734,116.36179,40.046257
2014-01-07 14,29.338549,0.80036575,124.88663,58.23171
2014-01-07 15,27.738264,0.81806785,113.82114,66.15854
2014-01-07 16,25.319395,1.7376195,125.07768,58.23171
2014-01-07 17,27.738264,0.82800865,135.1626,75.30488
2014-01-07 18,30.049786,2.1720243,200.20325,89.32927
2014-01-07 19,25.33767,1.7376195,227.64227,101.82927
2014-01-07 20,33.783783,1.7376195,129.14592,93.902435
2014-01-07 21,25.430481,0.7749709,204.77643,42.074165
2014-01-07 22,28.80512,1.7376195,126.511215,76.52439
2014-01-07 23,25.07297,0.7907894,152.43903,40.429863
2014-01-08 00,25.071123,1.7376195,135.1626,41.45593
2014-01-08 01,23.29303,0.79253316,122.296165,58.841465
2014-01-08 02,22.759602,1.520417,90.955284,40.574913
2014-01-08 03,22.403982,0.81957793,90.44715,56.40244
2014-01-08 04,25.52034,1.7376195,122.19025,41.171936
2014-01-08 05,25.180689,1.7376195,95.52846,54.878048
2014-01-08 06,25.426743,1.7376195,122.99681,52.743904
2014-01-08 07,33.072548,1.7376195,125.03955,59.146343
2014-01-08 08,32.716927,0.81900907,111.28049,60.060974
2014-01-08 09,33.250355,1.7376195,124.82194,57.621952
2014-01-08 10,32.36131,1.520417,97.560974,40.032017
2014-01-08 11,31.472261,0.80445606,121.85432,41.100094
2014-01-08 12,30.049786,1.520417,115.85366,69.20731
2014-01-08 13,30.049786,1.7376195,107.21545,40.456894
2014-01-08 14,29.871977,0.8199239,126.26068,66.46342
2014-01-08 15,28.982933,1.520417,126.414215,68.902435
2014-01-08 16,29.16074,1.7376195,118.39431,61.280487
2014-01-08 17,28.093882,2.1720243,138.71951,40.56055
2014-01-08 18,25.312685,2.606429,194.1057,100.30488
2014-01-08 19,33.605976,1.7376195,243.90244,97.86585
2014-01-08 20,35.384068,1.7376195,125.15867,40.87118
2014-01-08 21,33.072548,1.7376195,194.1057,94.20731
2014-01-08 22,28.449503,1.7376195,129.61778,93.597565
2014-01-08 23,25.340908,1.7376195,121.8164,41.18215
2014-01-09 00,25.426743,1.7376195,117.88618,40.620354
2014-01-09 01,23.29303,1.7376195,104.6748,66.15854
2014-01-09 02,25.117298,1.7376195,85.36585,58.23171
2014-01-09 03,25.398989,0.8010817,86.89024,40.141373
2014-01-09 04,22.759602,0.8263369,85.36585,40.552742
2014-01-09 05,22.759602,1.7376195,97.05285,57.621952
2014-01-09 06,25.073702,1.7376195,99.5935,59.451218
2014-01-09 07,32.53912,0.7858798,122.771576,41.08795
2014-01-09 08,32.53912,1.7376195,112.296745,40.00451
2014-01-09 09,32.00569,1.9548218,123.92881,41.22855
2014-01-09 10,25.120481,1.7376195,104.166664,59.146343
2014-01-09 11,31.650072,1.7376195,124.35475,52.439026
2014-01-09 12,25.23556,1.7376195,147.86588,53.963413
2014-01-09 13,31.116644,1.7376195,113.82114,49.390244
2014-01-09 14,31.116644,1.520417,103.65854,40.853657
2014-01-09 15,21.159317,0.78407896,119.13396,40.243904
2014-01-09 16,28.80512,1.7376195,103.65854,40.463837
2014-01-09 17,29.338549,1.7376195,123.172714,51.219513
2014-01-09 18,30.583214,0.78369015,178.86179,41.064014
2014-01-09 19,26.959969,1.7376195,131.59164,111.28049
2014-01-09 20,33.250355,1.9548218,130.74588,94.81707
2014-01-09 21,32.716927,1.7376195,225.60976,41.6806
2014-01-09 22,25.299248,0.8119192,187.5,82.31707
2014-01-09 23,27.204834,1.7376195,159.04471,74.39024
2014-01-10 00,25.539814,1.7376195,129.06505,59.756096
2014-01-10 01,23.648647,1.7376195,116.36179,61.280487
2014-01-10 02,23.11522,1.7376195,124.87308,60.67073
2014-01-10 03,22.581793,0.81237894,97.560974,39.80187
2014-01-10 04,25.407736,1.7376195,88.414635,50.609756
2014-01-10 05,25.220684,1.7376195,121.81027,53.353657
2014-01-10 06,25.248934,0.7894408,123.7385,60.67073
2014-01-10 07,34.49502,1.7376195,127.01287,63.414635
2014-01-10 08,32.894737,1.7376195,101.626015,57.012196
2014-01-10 09,30.938833,0.86880976,102.13415,40.479027
2014-01-10 10,25.149382,0.7964219,119.450264,40.89124
2014-01-10 11,31.82788,1.3032146,124.81472,55.487804
2014-01-10 12,31.116644,1.3032146,125.00001,40.349148
2014-01-10 13,25.446102,1.7376195,113.82114,57.317074
2014-01-10 14,25.509262,1.7376195,112.296745,50.0
2014-01-10 15,29.694168,0.8113244,109.756096,40.643204
2014-01-10 16,29.338549,0.8284596,116.86992,57.621952
2014-01-10 17,25.322893,1.520417,129.06505,41.201916
2014-01-10 18,30.049786,2.1720243,186.99187,90.85366
2014-01-10 19,31.472261,0.8075497,120.985825,40.592834
2014-01-10 20,35.02845,2.8236315,130.73418,101.21951
2014-01-10 21,32.1835,0.7899453,122.51217,40.750557
2014-01-10 22,28.62731,0.83584034,127.01327,86.585365
2014-01-10 23,27.204834,1.7376195,154.47154,89.02439
2014-01-11 00,25.604553,1.7376195,133.13008,74.39024
2014-01-11 01,23.648647,1.7376195,121.88606,41.14758
2014-01-11 02,24.004267,0.7903405,123.86951,53.048782
2014-01-11 03,22.759602,0.8432824,87.39838,61.890244
2014-01-11 04,23.29303,1.7376195,84.85773,56.09756
2014-01-11 05,22.759602,2.1720243,87.9065,50.30488
2014-01-11 06,23.648647,1.7376195,122.79511,54.26829
2014-01-11 07,24.715506,1.7376195,122.43577,51.82927
2014-01-11 08,28.982933,2.1720243,97.560974,40.308907
2014-01-11 09,34.139404,3.040834,130.0813,41.56902
2014-01-11 10,34.139404,1.9548218,139.22765,68.902435
2014-01-11 11,34.139404,1.7376195,158.53659,65.85366
2014-01-11 12,25.561306,1.7376195,179.36992,41.714535
2014-01-11 13,34.85064,1.7376195,151.9309,60.060974
2014-01-11 14,33.605976,1.7376195,125.285065,67.68293
2014-01-11 15,32.53912,1.7376195,123.6427,40.869865
2014-01-11 16,25.330412,0.8002828,135.67073,68.597565
2014-01-11 17,30.761024,1.9548218,166.15854,79.57317
2014-01-11 18,31.650072,0.8043229,237.80489,92.07317
2014-01-11 19,32.53912,1.7376195,261.17886,42.016193
2014-01-11 20,31.294453,0.8439325,132.59789,90.243904
2014-01-11 21,29.694168,0.81466365,207.31708,86.89024
2014-01-11 22,27.560457,0.78598046,174.79675,41.64979
2014-01-11 23,26.671406,1.7376195,153.45529,82.01219
2014-01-12 00,25.604553,1.7376195,142.27643,41.513878
2014-01-12 01,23.470839,3.475239,127.86807,63.109756
2014-01-12 02,23.29303,0.8061786,122.96684,68.597565
2014-01-12 03,22.581793,0.8300056,95.52846,58.841465
2014-01-12 04,22.93741,1.520417,87.9065,51.219513
2014-01-12 05,22.581793,1.7376195,89.43089,51.82927
2014-01-12 06,23.29303,1.7376195,124.962585,54.26829
2014-01-12 07,23.648647,0.8304181,82.825195,51.82927
2014-01-12 08,25.96017,1.7376195,78.76016,39.749355
2014-01-12 09,30.583214,0.8341561,101.626015,60.365852
2014-01-12 10,33.605976,1.7376195,142.78455,41.005066
2014-01-12 11,35.917496,1.7376195,196.13821,60.365852
2014-01-12 12,33.428165,1.7376195,197.15446,72.256096
2014-01-12 13,25.294455,1.7376195,123.60729,64.02439
2014-01-12 14,32.716927,1.7376195,126.546585,57.92683
2014-01-12 15,30.405405,1.520417,135.1626,40.608696
2014-01-12 16,25.137777,0.8024944,141.26016,52.134148
2014-01-12 17,25.419924,0.79717684,154.47154,55.792683
2014-01-12 18,25.443256,1.7376195,188.51627,73.78049
2014-01-12 19,31.294453,0.82048506,201.21951,91.15854
2014-01-12 20,25.255486,1.7376195,122.40392,41.307034
2014-01-12 21,29.871977,1.7376195,178.86179,87.19512
2014-01-12 22,27.382647,0.82697856,180.38617,82.62195
2014-01-12 23,26.493599,0.81672853,156.50406,75.30488
2014-01-13 00,24.893314,1.7376195,122.405235,41.040436
2014-01-13 01,23.470839,1.7376195,105.691055,40.787262
2014-01-13 02,23.11522,0.8218945,100.60976,40.21732
2014-01-13 03,22.403982,1.520417,93.49593,66.46342
2014-01-13 04,22.93741,1.7376195,80.79269,39.83601
2014-01-13 05,22.581793,1.7376195,81.808945,51.219513
2014-01-13 06,25.604553,0.8286086,83.333336,56.09756
2014-01-13 07,33.072548,1.7376195,125.16283,61.585365
2014-01-13 08,32.894737,1.7376195,126.58018,59.146343
2014-01-13 09,25.486286,1.7376195,85.873985,40.44207
2014-01-13 10,32.894737,1.7376195,125.30405,59.146343
2014-01-13 11,30.761024,1.3032146,106.19919,61.585365
2014-01-13 12,25.319807,0.78824604,121.53557,41.035988
2014-01-13 13,25.012884,1.520417,97.560974,64.32927
2014-01-13 14,30.761024,0.8190104,126.04154,64.02439
2014-01-13 15,29.16074,0.81328493,125.58318,70.731705
2014-01-13 16,28.80512,0.7977978,120.77201,40.490925
2014-01-13 17,25.108053,1.7376195,126.472244,78.04878
2014-01-13 18,30.761024,2.1720243,173.27235,115.243904
2014-01-13 19,33.428165,0.77840513,236.78862,41.55114
2014-01-13 20,33.428165,0.76896167,228.65854,41.317455
2014-01-13 21,32.36131,1.7376195,128.86404,94.20731
2014-01-13 22,28.093882,1.7376195,168.69919,41.089993
2014-01-13 23,26.849218,1.7376195,160.56909,82.62195
2014-01-14 00,24.893314,0.8113697,133.63821,66.768295
2014-01-14 01,23.29303,1.7376195,125.545654,60.060974
2014-01-14 02,23.29303,0.7983931,121.37146,40.805294
2014-01-14 03,24.973595,0.8066133,101.626015,64.939026
2014-01-14 04,25.254818,0.81060517,96.03658,58.841465
2014-01-14 05,22.93741,0.82464343,92.98781,40.045757
2014-01-14 06,25.426743,1.7376195,85.873985,40.64609
2014-01-14 07,25.155184,1.7376195,99.085365,69.20731
2014-01-14 08,32.36131,0.8328383,99.5935,65.85366
2014-01-14 09,29.694168,1.7376195,96.544716,40.665997
2014-01-14 10,25.2694,1.520417,102.64227,41.035656
2014-01-14 11,33.072548,0.8399617,104.6748,69.51219
2014-01-14 12,25.33661,0.82097286,103.150406,70.42683
2014-01-14 13,30.227596,0.81716734,110.772354,63.109756
2014-01-14 14,29.694168,1.7376195,90.955284,67.07317
2014-01-14 15,27.916075,0.8001332,121.667336,40.778378
2014-01-14 16,27.916075,0.7908528,121.40494,41.147152
2014-01-14 17,25.367342,1.7376195,125.50813,66.15854
2014-01-14 18,25.619947,2.1720243,169.20732,41.7892
2014-01-14 19,25.34833,1.7376195,245.42683,107.31707
2014-01-14 20,34.672832,1.7376195,234.7561,96.64634
2014-01-14 21,31.472261,1.7376195,204.2683,41.71198
2014-01-14 22,28.982933,1.7376195,180.8943,92.68293
2014-01-14 23,25.28977,1.7376195,151.42276,75.60976
2014-01-15 00,24.715506,1.7376195,123.95572,65.85366
2014-01-15 01,22.93741,1.7376195,108.73984,67.07317
2014-01-15 02,22.93741,1.520417,123.97741,67.98781
2014-01-15 03,25.061548,1.7376195,91.97154,68.902435
2014-01-15 04,22.581793,1.7376195,122.3501,41.399654
2014-01-15 05,22.581793,1.7376195,98.57723,62.80488
2014-01-15 06,25.248934,0.81763947,89.43089,56.707317
2014-01-15 07,33.072548,1.7376195,115.85366,64.32927
2014-01-15 08,25.291527,1.7376195,96.03658,57.317074
2014-01-15 09,25.44508,1.7376195,107.21545,40.60479
2014-01-15 10,29.694168,0.82707334,110.26423,61.585365
2014-01-15 11,30.049786,1.520417,128.55692,63.109756
2014-01-15 12,30.227596,1.520417,120.42683,61.280487
2014-01-15 13,30.227596,0.81682044,109.756096,40.342037
2014-01-15 14,30.227596,1.520417,123.200966,40.602093
2014-01-15 15,28.62731,0.8176942,103.150406,40.27864
2014-01-15 16,29.16074,1.7376195,110.26423,66.15854
2014-01-15 17,29.338549,2.1720243,145.32521,40.709656
2014-01-15 18,30.583214,2.606429,201.21951,91.46342
2014-01-15 19,25.34027,0.7618962,257.11383,42.753128
2014-01-15 20,25.46087,0.7835218,226.11789,42.03635
2014-01-15 21,30.938833,1.7376195,225.60976,91.46342
2014-01-15 22,25.203735,1.7376195,200.20325,87.80488
2014-01-15 23,26.31579,1.7376195,161.58537,74.69512
2014-01-16 00,24.715506,1.7376195,123.96864,41.299503
2014-01-16 01,25.496489,1.7376195,108.73984,40.426167
2014-01-16 02,22.759602,1.7376195,102.13415,53.658535
2014-01-16 03,22.403982,1.7376195,100.60976,59.756096
2014-01-16 04,22.93741,1.7376195,95.52846,51.52439
2014-01-16 05,22.759602,0.8031205,94.51219,40.11358
2014-01-16 06,25.604553,1.7376195,100.10162,40.68877
2014-01-16 07,32.894737,1.7376195,125.168365,62.80488
2014-01-16 08,33.072548,1.7376195,96.544716,57.621952
2014-01-16 09,25.324389,0.81091624,108.73984,66.768295
2014-01-16 10,30.938833,1.7376195,132.62195,69.51219
2014-01-16 11,31.116644,1.7376195,131.6057,64.63415
2014-01-16 12,30.227596,1.7376195,126.77631,62.80488
2014-01-16 13,31.294453,1.7376195,110.772354,40.220955
2014-01-16 14,25.40213,0.78953606,119.80792,40.426456
2014-01-16 15,28.449503,0.82881516,111.28049,60.365852
2014-01-16 16,28.271692,0.8237807,112.296745,57.012196
2014-01-16 17,25.014101,0.79242456,128.55692,40.614265
2014-01-16 18,25.18367,1.520417,190.04065,93.29269
2014-01-16 19,33.783783,0.8458985,253.04878,103.35366
2014-01-16 20,34.85064,1.9548218,130.90681,102.439026
2014-01-16 21,25.33261,1.7376195,220.02032,106.402435
2014-01-16 22,28.449503,1.7376195,123.19269,40.501785
2014-01-16 23,27.027029,1.7376195,128.651,84.45122
2014-01-17 00,25.23175,0.7823123,121.427864,41.219654
2014-01-17 01,23.29303,0.80828905,119.41057,67.07317
2014-01-17 02,23.11522,1.7376195,108.231705,62.19512
2014-01-17 03,22.403982,1.7376195,107.72358,40.351536
2014-01-17 04,22.759602,1.7376195,97.05285,40.801796
2014-01-17 05,25.064444,1.7376195,96.03658,70.731705
2014-01-17 06,25.23559,1.7376195,92.479675,75.914635
2014-01-17 07,33.428165,0.8282383,110.26423,72.86585
2014-01-17 08,33.428165,0.82202077,103.65854,63.719513
2014-01-17 09,32.00569,0.86880976,118.90244,65.85366
2014-01-17 10,30.938833,1.3032146,115.34553,65.54878
2014-01-17 11,31.82788,0.8052697,116.86992,40.10157
2014-01-17 12,29.694168,0.8013665,129.06505,56.09756
2014-01-17 13,30.049786,1.7376195,124.3745,40.760185
2014-01-17 14,25.378328,0.79657096,120.631165,52.134148
2014-01-17 15,28.62731,0.80128145,131.6057,57.317074
2014-01-17 16,25.112707,0.8088943,123.47561,59.756096
2014-01-17 17,29.16074,1.520417,122.54246,40.820515
2014-01-17 18,30.761024,2.1720243,205.28455,97.560974
2014-01-17 19,31.116644,0.78182185,245.42683,42.220516
2014-01-17 20,31.650072,2.8236315,126.08967,40.867794
2014-01-17 21,25.137472,1.7376195,217.98781,86.585365
2014-01-17 22,25.332602,1.7376195,125.50121,85.36585
2014-01-17 23,25.112915,0.8179806,171.23984,75.0
2014-01-18 00,25.248934,1.7376195,141.26016,41.51303
2014-01-18 01,23.648647,0.8255271,121.44309,60.97561
2014-01-18 02,23.29303,0.8130549,105.18293,55.792683
2014-01-18 03,25.237083,1.7376195,99.5935,55.182926
2014-01-18 04,25.415794,0.8209498,86.89024,50.609756
2014-01-18 05,22.759602,0.7995675,121.8375,40.814648
2014-01-18 06,23.29303,0.8726981,80.284546,65.54878
2014-01-18 07,25.48008,1.7376195,88.92276,60.97561
2014-01-18 08,28.271692,2.1720243,94.51219,40.59297
2014-01-18 09,25.607695,3.040834,112.80488,56.707317
2014-01-18 10,25.135696,0.7948388,171.23984,53.658535
2014-01-18 11,35.56188,1.7376195,125.29324,56.40244
2014-01-18 12,25.28165,1.7376195,122.137596,41.72084
2014-01-18 13,25.075184,0.7995498,122.10482,59.451218
2014-01-18 14,25.502672,1.7376195,126.153465,68.902435
2014-01-18 15,25.258917,1.7376195,123.91367,73.47561
2014-01-18 16,30.227596,1.7376195,171.23984,41.161827
2014-01-18 17,25.336742,1.9548218,176.32114,41.32121
2014-01-18 18,25.077654,1.7376195,128.25728,86.28049
2014-01-18 19,31.294453,0.8371068,137.84773,95.731705
2014-01-18 20,31.294453,1.7376195,254.06505,94.20731
2014-01-18 21,25.134455,0.8008873,211.89024,98.47561
2014-01-18 22,25.636126,0.8040422,138.75879,99.39024
2014-01-18 23,26.849218,1.7376195,194.61382,42.10508
2014-01-19 00,25.296535,1.7376195,126.75234,81.70731
2014-01-19 01,23.648647,3.475239,117.88618,41.632683
2014-01-19 02,25.164915,1.7376195,122.756935,40.788864
2014-01-19 03,22.759602,1.520417,92.479675,39.905655
2014-01-19 04,25.477585,1.520417,92.479675,55.487804
2014-01-19 05,25.211393,0.83095616,82.31707,56.40244
2014-01-19 06,23.11522,1.7376195,123.82183,64.939026
2014-01-19 07,23.826458,1.7376195,83.333336,59.451218
2014-01-19 08,26.849218,1.7376195,77.23577,40.34466
2014-01-19 09,25.42924,1.7376195,114.32927,56.40244
2014-01-19 10,35.56188,1.7376195,149.89838,59.756096
2014-01-19 11,35.20626,1.7376195,194.61382,71.64634
2014-01-19 12,34.672832,0.8021973,184.95935,75.60976
2014-01-19 13,34.31721,1.7376195,138.21138,67.37805
2014-01-19 14,32.894737,1.7376195,122.97935,40.877693
2014-01-19 15,31.650072,1.520417,127.22358,65.85366
2014-01-19 16,29.694168,1.7376195,140.75203,64.32927
2014-01-19 17,28.80512,1.7376195,125.5443,70.42683
2014-01-19 18,29.16074,0.8199908,170.7317,91.768295
2014-01-19 19,32.53912,0.7900699,207.31708,41.684086
2014-01-19 20,33.250355,0.7879661,122.209465,40.1984
2014-01-19 21,30.938833,1.7376195,122.20149,40.886154
2014-01-19 22,25.427826,0.80428493,172.2561,80.18293
2014-01-19 23,25.243809,1.7376195,128.36755,87.80488
2014-01-20 00,25.248934,0.8168505,132.11382,77.13415
2014-01-20 01,25.059778,1.7376195,107.21545,63.719513
2014-01-20 02,22.93741,1.7376195,97.05285,40.250633
2014-01-20 03,25.094147,1.520417,89.43089,40.696915
2014-01-20 04,22.759602,0.8307818,87.9065,56.707317
2014-01-20 05,22.93741,1.7376195,82.31707,57.317074
2014-01-20 06,25.604553,0.8161887,122.61367,61.280487
2014-01-20 07,25.289186,1.7376195,122.73464,41.06566
2014-01-20 08,33.605976,1.7376195,125.557,52.743904
2014-01-20 09,31.82788,1.7376195,92.98781,40.32674
2014-01-20 10,25.511753,1.7376195,123.72148,65.54878
2014-01-20 11,30.761024,1.3032146,121.95122,67.37805
2014-01-20 12,30.583214,0.8023923,125.16607,69.81707
2014-01-20 13,31.294453,1.520417,93.49593,70.42683
2014-01-20 14,30.938833,1.3032146,91.46341,65.85366
2014-01-20 15,29.516361,1.520417,100.60976,74.085365
2014-01-20 16,25.154943,1.7376195,125.550255,79.87805
2014-01-20 17,28.982933,1.7376195,140.75203,82.62195
2014-01-20 18,30.761024,0.7914043,123.361435,40.612885
2014-01-20 19,28.069464,1.7376195,133.68024,122.256096
2014-01-20 20,34.672832,1.7376195,235.77235,106.402435
2014-01-20 21,25.196411,0.8146496,234.7561,94.20731
2014-01-20 22,28.449503,1.7376195,195.63008,41.846394
2014-01-20 23,26.849218,1.7376195,167.17479,85.67073
2014-01-21 00,25.071123,0.81634265,125.17376,75.30488
2014-01-21 01,25.338186,1.7376195,107.72358,66.15854
2014-01-21 02,23.29303,1.7376195,125.63446,62.80488
2014-01-21 03,22.759602,0.8042357,105.18293,40.667465
2014-01-21 04,25.022858,0.7908099,122.42538,60.97561
2014-01-21 05,22.93741,1.7376195,92.98781,40.529545
2014-01-21 06,25.604553,0.84334475,92.98781,67.37805
2014-01-21 07,33.250355,1.7376195,111.78862,40.641853
2014-01-21 08,33.072548,1.7376195,98.06911,62.5
2014-01-21 09,30.583214,1.7376195,123.72963,57.012196
2014-01-21 10,25.222563,1.520417,121.44309,59.756096
2014-01-21 11,25.14396,0.79841137,126.01626,62.19512
2014-01-21 12,25.426743,0.8225378,106.19919,39.753365
2014-01-21 13,25.167463,0.80722225,113.31301,63.719513
2014-01-21 14,29.16074,0.7946763,125.90837,64.63415
2014-01-21 15,27.560457,1.7376195,122.967476,41.263054
2014-01-21 16,25.327555,1.7376195,130.0813,71.95122
2014-01-21 17,28.80512,1.7376195,141.26016,71.03658
2014-01-21 18,30.938833,2.1720243,129.39359,95.42683
2014-01-21 19,34.672832,1.7376195,262.70325,42.726215
2014-01-21 20,25.544788,1.7376195,122.02656,40.64975
2014-01-21 21,25.470856,1.7376195,230.18294,98.78049
2014-01-21 22,28.271692,1.7376195,187.5,41.103996
2014-01-21 23,26.671406,1.7376195,158.53659,89.32927
2014-01-22 00,25.071123,0.83232415,139.73578,79.268295
2014-01-22 01,23.11522,0.7968169,123.98374,40.826725
2014-01-22 02,22.93741,1.520417,121.38018,41.1649
2014-01-22 03,25.33489,1.7376195,100.60976,68.29269
2014-01-22 04,25.290804,0.8237959,95.52846,63.109756
2014-01-22 05,22.93741,1.7376195,123.20164,40.801266
2014-01-22 06,25.407562,1.7376195,89.939026,41.06437
2014-01-22 07,33.783783,0.8533304,105.691055,71.95122
2014-01-22 08,33.250355,1.7376195,127.342926,61.585365
2014-01-22 09,32.894737,1.7376195,99.5935,60.365852
2014-01-22 10,30.938833,1.520417,116.36179,51.52439
2014-01-22 11,30.227596,0.8010526,117.88618,46.951218
2014-01-22 12,25.510668,1.520417,123.51918,51.82927
2014-01-22 13,30.761024,1.7376195,123.91159,40.735016
2014-01-22 14,25.024189,0.8011773,102.13415,53.963413
2014-01-22 15,25.000326,1.520417,110.772354,68.597565
2014-01-22 16,25.41857,1.7376195,121.10888,40.672832
2014-01-22 17,29.16074,0.8079579,124.657906,70.42683
2014-01-22 18,31.650072,2.606429,180.38617,41.4642
2014-01-22 19,34.139404,1.7376195,263.2114,115.54878
2014-01-22 20,33.250355,1.7376195,251.01627,96.34146
2014-01-22 21,31.650072,0.7941238,121.11484,40.823948
2014-01-22 22,25.08727,0.79772496,202.23578,89.939026
2014-01-22 23,25.422316,1.7376195,170.22357,41.91471
2014-01-23 00,25.071123,0.7983809,123.78562,72.560974
2014-01-23 01,23.29303,0.81386083,118.90244,74.39024
2014-01-23 02,22.759602,1.7376195,112.296745,64.63415
2014-01-23 03,25.356508,1.7376195,103.150406,71.03658
2014-01-23 04,22.93741,0.7990885,94.00407,40.445675
2014-01-23 05,22.759602,1.7376195,90.955284,40.68755
2014-01-23 06,25.253864,1.7376195,94.51219,70.12195
2014-01-23 07,33.250355,1.7376195,126.31289,75.30488
2014-01-23 08,24.984726,0.8310429,99.5935,65.54878
2014-01-23 09,33.250355,1.9548218,100.60976,69.20731
2014-01-23 10,32.894737,1.7376195,135.1626,67.37805
2014-01-23 11,25.183117,0.83060396,131.6057,73.78049
2014-01-23 12,33.072548,1.7376195,124.49187,40.210613
2014-01-23 13,33.072548,0.7910749,123.57917,40.871685
2014-01-23 14,25.175953,1.520417,116.36179,40.23583
2014-01-23 15,29.338549,0.8083059,106.19919,40.657623
2014-01-23 16,28.982933,0.8269214,108.231705,63.109756
2014-01-23 17,25.143694,1.7376195,121.44682,41.473747
2014-01-23 18,31.82788,1.520417,124.460304,40.794796
2014-01-23 19,35.384068,0.75963676,269.30893,41.76826
2014-01-23 20,35.02845,1.9548218,130.2099,97.256096
2014-01-23 21,25.010698,1.7376195,127.25367,90.54878
2014-01-23 22,28.449503,0.7705361,209.85773,41.516388
2014-01-23 23,27.027029,1.7376195,177.84552,88.71951
2014-01-24 00,25.509586,0.79637146,119.688835,41.228783
2014-01-24 01,23.29303,0.810214,122.98137,60.060974
2014-01-24 02,23.29303,0.79720896,123.61543,55.792683
2014-01-24 03,22.759602,1.7376195,124.20483,62.80488
2014-01-24 04,23.11522,0.7915133,121.42003,41.235527
2014-01-24 05,23.11522,1.7376195,103.150406,53.048782
2014-01-24 06,25.782362,1.7376195,105.691055,62.80488
2014-01-24 07,33.783783,1.7376195,126.80938,65.54878
2014-01-24 08,33.250355,0.8205275,110.772354,58.23171
2014-01-24 09,33.072548,0.86880976,126.404915,61.585365
2014-01-24 10,32.36131,0.8166776,123.98374,65.85366
2014-01-24 11,32.716927,0.8101765,131.09756,68.29269
2014-01-24 12,31.650072,1.3032146,130.58943,70.12195
2014-01-24 13,31.650072,1.7376195,109.756096,55.792683
2014-01-24 14,30.583214,1.7376195,142.27643,62.80488
2014-01-24 15,29.694168,1.7376195,120.42683,67.37805
2014-01-24 16,29.694168,0.8223315,145.32521,68.902435
2014-01-24 17,30.227596,1.520417,126.25486,77.13415
2014-01-24 18,25.169462,2.1720243,128.26219,98.78049
2014-01-24 19,26.459623,0.8268828,266.26016,108.84146
2014-01-24 20,33.428165,2.8236315,249.49187,42.987034
2014-01-24 21,25.532537,1.7376195,259.14633,99.69512
2014-01-24 22,25.436554,0.7871438,119.79524,40.411846
2014-01-24 23,26.849218,1.7376195,192.5813,88.414635
2014-01-25 00,25.782362,0.8125329,124.63195,75.60976
2014-01-25 01,23.648647,1.7376195,123.98374,63.414635
2014-01-25 02,23.470839,1.7376195,111.28049,56.40244
2014-01-25 03,25.327368,1.7376195,109.756096,61.890244
2014-01-25 04,23.11522,1.7376195,124.35316,53.963413
2014-01-25 05,22.581793,2.1720243,102.13415,41.21883
2014-01-25 06,23.470839,1.7376195,103.65854,69.81707
2014-01-25 07,25.426743,0.8306931,98.57723,65.243904
2014-01-25 08,28.982933,2.1720243,99.085365,56.09756
2014-01-25 09,25.6522,3.040834,125.67576,62.5
2014-01-25 10,35.56188,1.9548218,166.66667,40.965668
2014-01-25 11,25.378988,0.80995655,168.69919,61.890244
2014-01-25 12,25.269533,1.7376195,125.37824,66.768295
2014-01-25 13,25.38508,1.7376195,126.01017,69.20731
2014-01-25 14,33.428165,0.816912,163.10974,67.07317
2014-01-25 15,31.294453,1.7376195,167.68292,78.65854
2014-01-25 16,30.049786,1.7376195,184.45122,73.78049
2014-01-25 17,30.049786,1.9548218,200.71138,41.38429
2014-01-25 18,31.82788,0.7702553,217.98781,41.593376
2014-01-25 19,25.278595,1.7376195,127.72537,97.86585
2014-01-25 20,32.36131,1.7376195,254.57317,42.520714
2014-01-25 21,29.871977,1.7376195,212.39838,83.84146
2014-01-25 22,27.738264,1.7376195,124.02021,40.8332
2014-01-25 23,27.027029,0.80935526,191.05692,69.51219
2014-01-26 00,25.96017,1.7376195,179.87805,71.64634
2014-01-26 01,24.182077,0.79657656,123.191765,64.32927
2014-01-26 02,23.648647,1.7376195,125.50813,63.719513
2014-01-26 03,25.197266,1.520417,122.45935,53.353657
2014-01-26 04,22.93741,0.8026017,101.626015,49.390244
2014-01-26 05,25.512766,1.7376195,98.06911,54.57317
2014-01-26 06,25.454617,1.7376195,97.05285,40.89739
2014-01-26 07,24.182077,0.8175186,94.00407,61.585365
2014-01-26 08,25.308788,1.7376195,85.36585,40.190144
2014-01-26 09,33.783783,1.7376195,101.11789,39.949455
2014-01-26 10,34.85064,1.7376195,151.42276,69.51219
2014-01-26 11,36.095306,0.8011773,188.51627,40.98053
2014-01-26 12,36.273117,1.7376195,165.65039,84.756096
2014-01-26 13,35.56188,1.7376195,142.27643,65.85366
2014-01-26 14,33.428165,1.7376195,153.45529,58.841465
2014-01-26 15,25.44967,1.520417,140.2439,63.414635
2014-01-26 16,25.409657,0.80778736,119.41057,57.92683
2014-01-26 17,29.516361,1.7376195,151.9309,63.414635
2014-01-26 18,31.294453,1.7376195,189.53252,90.54878
2014-01-26 19,25.401962,1.9548218,219.00406,41.6099
2014-01-26 20,33.428165,1.7376195,130.29675,93.29269
2014-01-26 21,30.583214,1.7376195,130.12871,93.597565
2014-01-26 22,27.204834,1.7376195,125.71574,73.17073
2014-01-26 23,25.384245,0.8022755,173.78049,72.560974
2014-01-27 00,24.715506,1.7376195,121.7107,41.511326
2014-01-27 01,25.531986,1.7376195,123.288185,51.219513
2014-01-27 02,25.161404,1.7376195,112.296745,41.172997
2014-01-27 03,22.759602,1.520417,104.166664,40.84574
2014-01-27 04,25.231995,1.7376195,96.03658,41.124863
2014-01-27 05,22.759602,1.7376195,97.05285,40.09278
2014-01-27 06,25.221443,1.7376195,122.917915,62.19512
2014-01-27 07,34.49502,0.8228967,123.99785,64.939026
2014-01-27 08,35.20626,1.7376195,113.82114,40.37931
2014-01-27 09,33.072548,0.83173066,108.73984,57.317074
2014-01-27 10,33.428165,0.8086645,115.85366,57.012196
2014-01-27 11,32.1835,1.3032146,125.46109,59.146343
2014-01-27 12,25.05948,1.3032146,106.70731,40.89507
2014-01-27 13,25.434265,0.8243592,110.26423,59.451218
2014-01-27 14,25.123886,0.82350445,98.06911,62.5
2014-01-27 15,25.109823,1.520417,110.772354,68.29269
2014-01-27 16,28.62731,1.7376195,121.99262,40.535362
2014-01-27 17,29.338549,0.8397473,132.11382,82.01219
2014-01-27 18,25.117744,2.1720243,193.59756,104.57317
2014-01-27 19,33.428165,1.7376195,243.3943,117.68293
2014-01-27 20,35.384068,1.7376195,250.00002,42.65826
2014-01-27 21,32.36131,0.83080226,214.93903,93.597565
2014-01-27 22,28.271692,1.7376195,177.84552,41.09666
2014-01-27 23,26.849218,1.7376195,128.44356,82.01219
2014-01-28 00,25.098461,0.79685575,138.71951,65.85366
2014-01-28 01,25.508745,1.7376195,116.86992,41.146687
2014-01-28 02,25.515018,1.7376195,115.85366,40.96274
2014-01-28 03,22.581793,1.7376195,122.96225,59.451218
2014-01-28 04,22.93741,0.7784254,122.24666,40.848923
2014-01-28 05,22.759602,0.78756285,121.00282,40.68551
2014-01-28 06,25.426743,1.7376195,100.60976,40.459656
2014-01-28 07,33.783783,1.7376195,120.42683,40.274067
2014-01-28 08,33.250355,1.7376195,100.60976,40.477024
2014-01-28 09,25.486631,1.7376195,112.296745,57.012196
2014-01-28 10,30.227596,1.520417,119.9187,56.707317
2014-01-28 11,29.871977,1.520417,123.448326,58.536587
2014-01-28 12,30.227596,1.3032146,123.45897,40.786896
2014-01-28 13,30.405405,1.7376195,125.27265,57.92683
2014-01-28 14,30.049786,1.7376195,111.28049,66.46342
2014-01-28 15,25.237818,1.7376195,121.34805,40.771023
2014-01-28 16,28.093882,1.7376195,125.32865,76.21951
2014-01-28 17,28.449503,1.7376195,125.54581,76.21951
2014-01-28 18,25.693258,2.1720243,128.95776,103.35366
2014-01-28 19,33.783783,1.7376195,135.86214,117.68293
2014-01-28 20,34.31721,1.7376195,248.47562,104.57317
2014-01-28 21,32.00569,1.7376195,129.2477,86.89024
2014-01-28 22,28.093882,1.7376195,124.28875,41.22671
2014-01-28 23,25.38492,0.80120426,171.74797,72.560974
2014-01-29 00,25.071123,0.80350214,139.22765,66.768295
2014-01-29 01,25.475893,1.7376195,136.17886,56.707317
2014-01-29 02,23.470839,1.520417,124.1262,52.743904
2014-01-29 03,25.448353,1.7376195,111.78862,53.048782
2014-01-29 04,25.133732,1.7376195,102.64227,50.609756
2014-01-29 05,22.93741,1.7376195,96.03658,40.140984
2014-01-29 06,25.426743,1.7376195,125.22122,60.67073
2014-01-29 07,33.605976,0.81913465,118.90244,40.80774
2014-01-29 08,25.123339,0.8202294,105.18293,59.146343
2014-01-29 09,32.00569,0.81877697,110.26423,53.658535
2014-01-29 10,25.369642,0.7909517,113.31301,40.855015
2014-01-29 11,30.227596,0.8228776,116.36179,40.116905
2014-01-29 12,31.472261,1.520417,109.24797,68.29269
2014-01-29 13,25.182182,1.7376195,122.57149,58.841465
2014-01-29 14,30.227596,1.520417,96.544716,40.528896
2014-01-29 15,25.180265,1.520417,111.78862,40.54761
2014-01-29 16,27.916075,1.7376195,124.33427,66.46342
2014-01-29 17,28.093882,2.1720243,127.72557,67.37805
2014-01-29 18,30.405405,2.606429,191.56505,100.914635
2014-01-29 19,33.428165,0.78633136,268.2927,123.17073
2014-01-29 20,34.85064,0.78111607,260.67075,42.541653
2014-01-29 21,25.549696,1.7376195,235.77235,107.92683
2014-01-29 22,25.433495,1.7376195,219.51219,41.783924
2014-01-29 23,26.849218,1.7376195,179.87805,84.45122
2014-01-30 00,24.715506,1.7376195,123.598885,64.939026
2014-01-30 01,25.45492,1.7376195,112.296745,58.536587
2014-01-30 02,25.07464,1.7376195,105.691055,54.26829
2014-01-30 03,22.403982,1.7376195,107.72358,53.048782
2014-01-30 04,22.93741,1.7376195,100.10162,55.182926
2014-01-30 05,25.36812,1.7376195,97.560974,57.317074
2014-01-30 06,25.426743,1.7376195,94.51219,40.16901
2014-01-30 07,34.31721,1.7376195,113.82114,61.585365
2014-01-30 08,33.428165,0.8217228,124.76978,64.32927
2014-01-30 09,25.391817,1.9548218,105.691055,63.109756
2014-01-30 10,25.345484,1.7376195,109.24797,60.97561
2014-01-30 11,25.115795,1.7376195,122.20691,40.726147
2014-01-30 12,25.25944,1.7376195,134.14635,65.54878
2014-01-30 13,31.294453,1.7376195,112.296745,55.487804
2014-01-30 14,30.227596,1.520417,116.86992,40.11306
2014-01-30 15,28.62731,1.520417,125.084755,70.42683
2014-01-30 16,28.982933,1.7376195,110.26423,75.30488
2014-01-30 17,28.62731,1.7376195,148.37398,79.87805
2014-01-30 18,30.938833,1.520417,129.94838,96.95122
2014-01-30 19,33.428165,1.7376195,291.15854,115.54878
2014-01-30 20,34.49502,1.9548218,289.126,103.35366
2014-01-30 21,25.090015,1.7376195,233.73984,94.81707
2014-01-30 22,28.449503,1.7376195,126.947464,87.5
2014-01-30 23,25.176035,1.7376195,172.2561,78.35366
2014-01-31 00,24.893314,0.7983064,120.16592,40.365993
2014-01-31 01,23.470839,1.7376195,118.90244,60.365852
2014-01-31 02,23.29303,1.7376195,110.772354,41.09841
2014-01-31 03,22.759602,1.7376195,124.09028,55.487804
2014-01-31 04,23.11522,1.7376195,108.231705,53.658535
2014-01-31 05,25.446287,1.7376195,124.1537,61.280487
2014-01-31 06,25.782362,1.7376195,103.150406,63.109756
2014-01-31 07,34.672832,0.8075618,126.850914,65.243904
2014-01-31 08,33.072548,1.7376195,110.772354,65.243904
2014-01-31 09,31.82788,0.86880976,125.063896,76.52439
2014-01-31 10,25.086206,0.80089974,125.152565,73.47561
2014-01-31 11,31.82788,1.3032146,125.91554,71.64634
2014-01-31 12,30.938833,1.3032146,127.032524,78.04878
2014-01-31 13,30.938833,1.7376195,120.42683,69.81707
2014-01-31 14,29.516361,1.7376195,109.756096,75.0
2014-01-31 15,29.16074,1.7376195,126.52439,40.774437
2014-01-31 16,28.80512,0.8272411,145.32521,72.86585
2014-01-31 17,29.16074,1.520417,148.37398,78.35366
2014-01-31 18,30.227596,2.1720243,206.80894,41.798428
2014-01-31 19,26.783964,0.7326805,147.80757,107.62195
2014-01-31 20,26.202131,0.7970053,139.82925,101.82927
2014-01-31 21,29.871977,0.8192008,233.73984,96.03659
2014-01-31 22,25.126692,0.81371117,125.45317,82.92683
2014-01-31 23,26.671406,0.8071567,191.56505,77.13415
2014-02-01 00,25.604553,1.7376195,163.10974,41.305954
2014-02-01 01,23.826458,0.79744893,125.103096,65.243904
2014-02-01 02,25.561974,1.7376195,122.251884,57.012196
2014-02-01 03,25.099737,1.7376195,127.032524,41.391426
2014-02-01 04,25.124283,1.7376195,120.63677,41.50108
2014-02-01 05,22.759602,2.1720243,121.73237,41.37218
2014-02-01 06,25.547552,1.7376195,124.111404,54.26829
2014-02-01 07,25.185713,0.7914307,122.60686,49.085365
2014-02-01 08,28.982933,2.1720243,123.07976,48.780487
2014-02-01 09,34.139404,3.040834,136.17886,52.439026
2014-02-01 10,25.582737,1.9548218,186.48373,55.792683
2014-02-01 11,35.20626,1.7376195,181.40244,40.896626
2014-02-01 12,35.20626,1.7376195,197.15446,40.980495
2014-02-01 13,25.274683,0.7828241,200.71138,59.146343
2014-02-01 14,25.344912,1.7376195,123.91571,61.585365
2014-02-01 15,32.1835,0.8112268,124.32929,64.939026
2014-02-01 16,30.938833,1.7376195,161.58537,41.026745
2014-02-01 17,30.227596,0.82372224,165.65039,72.560974
2014-02-01 18,30.405405,1.7376195,216.97154,87.5
2014-02-01 19,25.26829,1.7376195,250.50813,97.256096
2014-02-01 20,25.381992,0.80815583,245.93495,92.68293
2014-02-01 21,29.516361,1.7376195,214.4309,89.63415
2014-02-01 22,25.24839,1.7376195,120.98175,41.76964
2014-02-01 23,26.31579,1.7376195,204.2683,89.32927
2014-02-02 00,25.96017,0.8295468,169.71545,80.79269
2014-02-02 01,24.004267,3.475239,129.07007,82.62195
2014-02-02 02,23.648647,1.7376195,116.86992,40.71898
2014-02-02 03,22.93741,1.520417,124.711975,60.67073
2014-02-02 04,23.11522,1.520417,107.21545,40.466553
2014-02-02 05,25.138443,0.80566657,102.13415,40.228813
2014-02-02 06,23.29303,0.8054867,91.46341,55.487804
2014-02-02 07,24.004267,0.8104607,93.49593,55.182926
2014-02-02 08,25.260773,1.7376195,89.939026,52.134148
2014-02-02 09,33.605976,1.7376195,114.837395,51.82927
2014-02-02 10,25.41529,1.7376195,152.43903,61.890244
2014-02-02 11,36.628735,1.7376195,183.94308,41.16278
2014-02-02 12,36.628735,1.7376195,206.30081,41.877747
2014-02-02 13,25.39509,1.7376195,166.66667,41.743835
2014-02-02 14,32.716927,0.81217855,139.73578,58.23171
2014-02-02 15,31.294453,1.520417,132.62195,61.890244
2014-02-02 16,29.694168,1.7376195,125.844635,54.878048
2014-02-02 17,25.43076,0.80802023,123.53804,63.719513
2014-02-02 18,31.116644,1.7376195,206.30081,82.62195
2014-02-02 19,32.36131,1.9548218,123.73572,41.38013
2014-02-02 20,32.716927,1.7376195,254.57317,42.527813
2014-02-02 21,30.761024,0.8269021,216.97154,100.914635
2014-02-02 22,28.093882,0.8028873,221.54471,90.54878
2014-02-02 23,25.446882,0.7715726,200.71138,42.161392
2014-02-03 00,25.450106,1.7376195,189.53252,41.41718
2014-02-03 01,24.359886,1.7376195,123.69536,41.580837
2014-02-03 02,25.581472,1.7376195,120.71774,41.739277
2014-02-03 03,22.93741,1.520417,120.99628,41.01086
2014-02-03 04,23.29303,1.7376195,114.32927,41.010098
2014-02-03 05,22.93741,1.7376195,113.31301,62.19512
2014-02-03 06,26.137981,0.80454344,107.72358,39.95074
2014-02-03 07,34.31721,1.7376195,124.49187,40.52068
2014-02-03 08,25.414928,1.7376195,119.41057,56.09756
2014-02-03 09,34.85064,1.7376195,125.50813,40.975876
2014-02-03 10,25.337458,0.79568166,130.58943,60.060974
2014-02-03 11,31.294453,1.3032146,127.54066,61.280487
2014-02-03 12,30.761024,0.8200123,124.9941,65.54878
2014-02-03 13,25.450073,0.8235013,124.49187,62.19512
2014-02-03 14,30.761024,1.3032146,121.63334,41.311096
2014-02-03 15,29.16074,1.520417,120.42683,79.268295
2014-02-03 16,24.969103,0.8247236,127.54066,79.268295
2014-02-03 17,28.449503,1.7376195,127.89748,80.79269
2014-02-03 18,30.227596,2.1720243,193.08943,42.07594
2014-02-03 19,33.072548,0.7643757,276.9309,41.615173
2014-02-03 20,27.719576,1.7376195,132.49112,117.68293
2014-02-03 21,25.477829,1.7376195,236.78862,42.882336
2014-02-03 22,28.093882,1.7376195,128.52477,98.47561
2014-02-03 23,26.671406,0.7890823,172.76422,41.310886
2014-02-04 00,24.715506,0.8167037,146.8496,74.085365
2014-02-04 01,23.648647,0.82014716,124.000114,69.20731
2014-02-04 02,25.192165,1.7376195,108.231705,63.719513
2014-02-04 03,22.93741,1.7376195,124.53716,63.719513
2014-02-04 04,23.11522,1.7376195,98.57723,40.146965
2014-02-04 05,22.93741,0.82065797,97.05285,40.349133
2014-02-04 06,25.426743,1.7376195,125.328995,63.719513
2014-02-04 07,25.15118,1.7376195,114.32927,70.12195
2014-02-04 08,33.250355,1.7376195,123.98374,40.714996
2014-02-04 09,31.116644,0.8239677,125.343346,66.768295
2014-02-04 10,30.405405,1.520417,120.93496,58.536587
2014-02-04 11,25.15263,0.8192864,134.14635,64.63415
2014-02-04 12,29.871977,1.3032146,135.1626,71.03658
2014-02-04 13,30.049786,1.7376195,125.88992,63.719513
2014-02-04 14,29.516361,0.81202793,122.967476,66.46342
2014-02-04 15,27.382647,1.7376195,140.75203,73.78049
2014-02-04 16,27.204834,0.816601,126.405205,82.62195
2014-02-04 17,27.916075,1.7376195,124.46744,40.853294
2014-02-04 18,28.22022,0.6637238,157.29268,116.15854
2014-02-04 19,27.570116,1.7376195,276.9309,127.743904
2014-02-04 20,33.961594,0.82133055,269.81708,111.28049
2014-02-04 21,30.405405,1.7376195,122.596565,41.106716
2014-02-04 22,28.093882,0.78576416,217.98781,41.690907
2014-02-04 23,25.230234,1.7376195,188.00813,76.52439
2014-02-05 00,24.893314,1.7376195,161.07724,66.768295
2014-02-05 01,23.470839,0.8165448,135.1626,67.37805
2014-02-05 02,23.11522,1.520417,122.38534,40.683086
2014-02-05 03,22.581793,0.8030693,120.01848,40.81268
2014-02-05 04,23.11522,1.7376195,123.326546,54.878048
2014-02-05 05,25.326387,1.7376195,102.13415,40.545567
2014-02-05 06,27.027029,0.8158965,103.65854,39.996395
2014-02-05 07,35.384068,1.7376195,128.42178,72.86585
2014-02-05 08,25.377413,1.7376195,123.879585,65.243904
2014-02-05 09,31.294453,0.8249928,123.79743,66.768295
2014-02-05 10,30.227596,1.520417,125.351425,68.902435
2014-02-05 11,30.938833,0.8374279,120.42683,74.39024
2014-02-05 12,25.373924,1.520417,117.88618,61.585365
2014-02-05 13,25.074575,0.8091087,101.11789,53.963413
2014-02-05 14,30.583214,1.520417,104.6748,68.29269
2014-02-05 15,28.62731,0.8395585,108.73984,68.902435
2014-02-05 16,25.412066,1.7376195,123.42308,63.414635
2014-02-05 17,28.80512,2.1720243,127.55608,69.51219
2014-02-05 18,30.583214,2.606429,180.8943,90.54878
2014-02-05 19,32.36131,1.7376195,243.3943,115.85366
2014-02-05 20,35.02845,0.8105169,122.30839,40.364403
2014-02-05 21,31.650072,1.7376195,231.70732,98.47561
2014-02-05 22,25.040398,0.7788233,119.51156,40.687737
2014-02-05 23,26.671406,0.8021006,200.20325,83.231705
2014-02-06 00,25.58175,1.7376195,161.58537,41.03035
2014-02-06 01,23.11522,1.7376195,121.95122,40.518
2014-02-06 02,22.93741,0.8082234,116.86992,60.060974
2014-02-06 03,25.475338,1.7376195,106.70731,59.756096
2014-02-06 04,25.442827,0.80778056,109.24797,55.182926
2014-02-06 05,22.93741,1.7376195,101.11789,62.19512
2014-02-06 06,25.604553,0.79564756,123.94602,62.80488
2014-02-06 07,25.145761,1.7376195,124.416664,73.47561
2014-02-06 08,32.716927,1.7376195,104.166664,78.04878
2014-02-06 09,25.33513,1.9548218,109.24797,67.68293
2014-02-06 10,29.516361,1.7376195,131.09756,69.20731
2014-02-06 11,25.22795,0.8180156,122.45935,70.12195
2014-02-06 12,9.779516,1.7376195,135.1626,72.560974
2014-02-06 13,11.201991,1.7376195,118.98974,41.248238
2014-02-06 14,9.068279,1.520417,127.54066,65.54878
2014-02-06 15,8.001423,1.520417,119.9187,71.95122
2014-02-06 16,7.823613,0.82994276,128.55692,83.53658
2014-02-06 17,8.71266,0.784437,134.65446,40.51923
2014-02-06 18,10.846373,1.520417,186.48373,102.13415
2014-02-06 19,13.335703,1.7376195,272.86584,42.621246
2014-02-06 20,13.5135145,1.9548218,127.33565,108.53658
2014-02-06 21,12.268847,1.7376195,253.04878,96.03659
2014-02-06 22,25.304804,1.7376195,235.77235,90.85366
2014-02-06 23,25.52137,1.7376195,183.94308,77.439026
2014-02-07 00,5.156472,1.7376195,121.21831,65.85366
2014-02-07 01,3.3783786,1.7376195,122.9616,66.768295
2014-02-07 02,2.8449502,0.7834752,119.35959,63.109756
2014-02-07 03,2.4893315,1.7376195,110.26423,57.621952
2014-02-07 04,25.113321,0.8103255,109.756096,57.621952
2014-02-07 05,2.6671407,1.7376195,105.691055,41.51071
2014-02-07 06,5.3342814,1.7376195,123.29443,64.63415
2014-02-07 07,14.046941,0.78540695,123.23643,66.768295
2014-02-07 08,13.869132,0.81366444,119.9187,59.146343
2014-02-07 09,25.228027,0.86880976,119.9187,74.085365
2014-02-07 10,25.40226,1.3032146,125.50813,41.346973
2014-02-07 11,27.916075,1.3032146,124.80257,56.707317
2014-02-07 12,28.62731,1.3032146,119.9187,40.176598
2014-02-07 13,25.153635,1.7376195,114.32927,59.146343
2014-02-07 14,28.271692,1.7376195,116.86992,40.954243
2014-02-07 15,27.560457,1.7376195,126.52439,62.19512
2014-02-07 16,27.027029,1.7376195,130.0813,67.68293
2014-02-07 17,25.455118,1.520417,153.45529,41.799805
2014-02-07 18,28.271692,0.79502785,194.61382,40.879818
2014-02-07 19,29.338549,1.7376195,268.8008,99.085365
2014-02-07 20,26.314404,2.8236315,132.05789,108.84146
2014-02-07 21,25.38703,1.7376195,256.09756,93.597565
2014-02-07 22,25.96017,0.79711497,230.69106,87.80488
2014-02-07 23,24.359886,0.8096813,209.85773,86.89024
2014-02-08 00,25.333435,1.7376195,174.28862,41.89121
2014-02-08 01,21.514936,1.7376195,124.51888,65.85366
2014-02-08 02,21.337126,1.7376195,114.32927,41.288414
2014-02-08 03,20.625889,0.80463916,112.296745,40.956554
2014-02-08 04,25.299706,1.7376195,122.95947,41.07012
2014-02-08 05,20.803698,2.1720243,106.19919,57.012196
2014-02-08 06,21.514936,1.7376195,102.13415,29.268293
2014-02-08 07,22.581793,1.7376195,95.52846,40.34361
2014-02-08 08,26.31579,2.1720243,102.13415,57.621952
2014-02-08 09,30.405405,3.040834,121.44309,61.890244
2014-02-08 10,31.650072,1.9548218,125.492325,59.146343
2014-02-08 11,31.650072,1.7376195,126.64427,58.23171
2014-02-08 12,32.1835,1.7376195,202.23578,61.280487
2014-02-08 13,25.376554,1.7376195,185.46747,41.778458
2014-02-08 14,31.82788,1.7376195,189.53252,58.536587
2014-02-08 15,30.583214,1.7376195,201.72765,41.78263
2014-02-08 16,28.62731,1.7376195,176.82927,62.5
2014-02-08 17,28.093882,0.79044867,190.04065,64.939026
2014-02-08 18,29.694168,0.8003742,207.8252,74.085365
2014-02-08 19,25.402338,1.7376195,239.32927,94.51219
2014-02-08 20,25.002308,1.7376195,127.46012,92.68293
2014-02-08 21,25.65341,1.7376195,203.25203,41.9621
2014-02-08 22,25.346054,1.7376195,200.20325,87.80488
2014-02-08 23,25.41541,1.7376195,209.3496,91.46342
2014-02-09 00,23.826458,1.7376195,126.854744,77.439026
2014-02-09 01,21.870554,3.475239,152.94717,65.243904
2014-02-09 02,21.514936,0.81080604,131.6057,62.5
2014-02-09 03,20.803698,1.520417,127.54066,40.571373
2014-02-09 04,20.981508,1.520417,124.68705,59.451218
2014-02-09 05,20.803698,1.7376195,103.150406,59.451218
2014-02-09 06,21.337126,1.7376195,122.23454,41.48426
2014-02-09 07,21.870554,1.7376195,94.00407,49.085365
2014-02-09 08,24.893314,1.7376195,97.05285,47.256096
2014-02-09 09,28.271692,1.7376195,125.310616,56.09756
2014-02-09 10,25.60383,1.7376195,172.76422,59.146343
2014-02-09 11,33.605976,0.7932909,232.72359,75.914635
2014-02-09 12,33.783783,1.7376195,226.11789,75.30488
2014-02-09 13,25.19508,0.8121993,124.7812,70.731705
2014-02-09 14,25.124435,0.7782105,121.72278,40.540764
2014-02-09 15,25.29646,1.520417,120.462265,41.269318
2014-02-09 16,27.027029,1.7376195,151.9309,63.719513
2014-02-09 17,25.21281,0.79532474,123.22459,58.841465
2014-02-09 18,27.560457,0.7956921,194.1057,77.743904
2014-02-09 19,25.344736,0.7837514,119.25705,40.34421
2014-02-09 20,25.358023,1.7376195,261.17886,42.985645
2014-02-09 21,25.167059,0.78484446,241.36179,83.53658
2014-02-09 22,25.604553,0.8040789,208.33333,89.02439
2014-02-09 23,25.061666,1.7376195,165.65039,82.92683
2014-02-10 00,23.11522,1.7376195,121.38368,40.788055
2014-02-10 01,21.692745,1.7376195,114.837395,41.048843
2014-02-10 02,20.981508,1.7376195,124.19371,56.707317
2014-02-10 03,20.625889,0.7993915,119.828156,40.8147
2014-02-10 04,20.981508,1.7376195,102.13415,58.23171
2014-02-10 05,20.803698,0.8213584,106.70731,54.26829
2014-02-10 06,23.826458,1.7376195,122.15507,51.219513
2014-02-10 07,31.82788,0.80441576,113.31301,39.69652
2014-02-10 08,30.938833,1.7376195,121.44309,55.792683
2014-02-10 09,30.761024,0.82529265,99.5935,39.904846
2014-02-10 10,29.871977,1.7376195,122.967476,40.437317
2014-02-10 11,25.47214,1.3032146,120.42683,58.536587
2014-02-10 12,29.516361,1.3032146,119.9187,41.068672
2014-02-10 13,29.871977,1.520417,110.26423,40.28803
2014-02-10 14,28.62731,1.3032146,124.55378,66.15854
2014-02-10 15,26.849218,1.520417,122.92109,40.67452
2014-02-10 16,27.204834,1.7376195,101.11789,40.16737
2014-02-10 17,27.204834,1.7376195,120.93496,83.84146
2014-02-10 18,29.16074,2.1720243,179.36992,105.48781
2014-02-10 19,32.53912,1.7376195,258.1301,42.18134
2014-02-10 20,32.894737,0.75732845,235.26424,111.28049
2014-02-10 21,30.583214,1.7376195,222.56097,100.30488
2014-02-10 22,26.493599,1.7376195,198.17073,88.10976
2014-02-10 23,24.182077,1.7376195,176.82927,82.01219
2014-02-11 00,22.581793,1.7376195,155.99594,67.07317
2014-02-11 01,21.159317,1.7376195,125.07669,62.19512
2014-02-11 02,21.159317,1.7376195,110.772354,59.146343
2014-02-11 03,20.625889,0.80032164,118.39431,40.780552
2014-02-11 04,20.981508,1.7376195,105.691055,58.536587
2014-02-11 05,25.132198,1.7376195,101.626015,40.374287
2014-02-11 06,22.93741,1.7376195,101.626015,67.37805
2014-02-11 07,31.650072,1.7376195,124.265434,41.190895
2014-02-11 08,30.938833,1.7376195,106.19919,64.32927
2014-02-11 09,25.132685,1.7376195,105.691055,65.85366
2014-02-11 10,27.738264,1.520417,121.59401,41.208565
2014-02-11 11,27.027029,1.520417,119.41057,70.12195
2014-02-11 12,25.137482,0.8115154,123.949715,68.29269
2014-02-11 13,28.271692,1.7376195,112.80488,68.902435
2014-02-11 14,26.671406,0.7957663,122.504715,41.168804
2014-02-11 15,25.248934,1.7376195,119.9187,40.502323
2014-02-11 16,25.604553,1.7376195,114.32927,73.17073
2014-02-11 17,26.493599,0.80657446,126.31705,77.13415
2014-02-11 18,25.286894,2.1720243,125.18504,73.78049
2014-02-11 19,32.1835,1.7376195,254.06505,102.13415
2014-02-11 20,25.100124,0.796926,119.907196,41.004765
2014-02-11 21,25.335344,0.79210764,235.77235,91.768295
2014-02-11 22,25.17846,1.7376195,225.10162,86.89024
2014-02-11 23,24.715506,1.7376195,194.61382,42.024654
2014-02-12 00,22.581793,1.7376195,126.69091,72.86585
2014-02-12 01,21.159317,0.823631,132.11382,64.939026
2014-02-12 02,20.803698,1.520417,124.10697,57.317074
2014-02-12 03,20.27027,1.7376195,109.24797,60.060974
2014-02-12 04,20.803698,0.8023735,103.65854,60.365852
2014-02-12 05,20.44808,1.7376195,124.66653,68.597565
2014-02-12 06,23.470839,1.7376195,101.11789,69.20731
2014-02-12 07,31.294453,0.81784797,126.14838,67.68293
2014-02-12 08,30.938833,1.7376195,122.458435,41.188152
2014-02-12 09,25.090002,0.79832387,130.58943,62.80488
2014-02-12 10,27.738264,1.520417,139.73578,41.42175
2014-02-12 11,27.560457,0.8035428,120.82387,40.8389
2014-02-12 12,25.490734,1.520417,141.7683,71.03658
2014-02-12 13,28.271692,0.81217796,124.49187,40.818195
2014-02-12 14,25.090267,1.520417,124.65648,66.46342
2014-02-12 15,26.137981,1.520417,124.9744,72.560974
2014-02-12 16,25.384748,1.7376195,120.915985,40.907288
2014-02-12 17,26.31579,2.1720243,137.70325,41.166008
2014-02-12 18,28.449503,0.8301622,181.40244,88.414635
2014-02-12 19,25.615013,1.7376195,246.95122,42.92573
2014-02-12 20,32.716927,0.82018775,247.45935,94.81707
2014-02-12 21,25.204521,1.7376195,240.85365,90.54878
2014-02-12 22,25.389925,1.7376195,121.080605,41.54871
2014-02-12 23,24.359886,1.7376195,176.32114,78.65854
2014-02-13 00,25.17638,1.7376195,125.14338,70.12195
2014-02-13 01,25.063284,1.7376195,125.50813,62.80488
2014-02-13 02,20.803698,1.7376195,116.86992,55.182926
2014-02-13 03,20.44808,1.7376195,111.78862,56.707317
2014-02-13 04,20.625889,1.7376195,105.18293,56.707317
2014-02-13 05,20.44808,0.81158626,98.57723,62.5
2014-02-13 06,22.93741,1.7376195,107.72358,63.719513
2014-02-13 07,31.650072,1.7376195,114.32927,63.414635
2014-02-13 08,25.106499,1.7376195,123.28041,61.890244
2014-02-13 09,28.449503,1.9548218,122.967476,40.59957
2014-02-13 10,28.62731,1.7376195,125.86591,64.939026
2014-02-13 11,28.80512,1.7376195,126.52439,69.51219
2014-02-13 12,28.62731,1.7376195,131.09756,40.73551
2014-02-13 13,28.982933,0.8200254,124.80552,63.414635
2014-02-13 14,28.449503,1.520417,98.57723,60.67073
2014-02-13 15,26.849218,1.520417,126.10391,68.597565
2014-02-13 16,25.452587,1.7376195,133.13008,72.560974
2014-02-13 17,26.493599,1.7376195,151.9309,72.560974
2014-02-13 18,28.449503,1.520417,180.8943,75.914635
2014-02-13 19,32.00569,0.77061665,245.93495,42.303505
2014-02-13 20,31.82788,1.9548218,264.73578,98.17073
2014-02-13 21,28.982933,1.7376195,122.38341,41.23933
2014-02-13 22,26.493599,1.7376195,121.45236,41.62038
2014-02-13 23,24.537695,1.7376195,185.97562,78.65854
2014-02-14 00,23.11522,0.81094474,153.96341,63.109756
2014-02-14 01,20.981508,1.7376195,125.00001,40.68655
2014-02-14 02,25.254786,0.79984576,106.19919,40.45497
2014-02-14 03,20.27027,1.7376195,108.231705,58.536587
2014-02-14 04,20.44808,0.81269145,103.65854,54.26829
2014-02-14 05,20.44808,1.7376195,107.72358,61.890244
2014-02-14 06,23.29303,1.7376195,105.18293,64.02439
2014-02-14 07,32.00569,1.7376195,114.32927,39.98321
2014-02-14 08,25.158628,1.7376195,123.56357,62.5
2014-02-14 09,29.338549,0.8289139,129.06505,66.15854
2014-02-14 10,28.62731,1.3032146,124.66936,67.98781
2014-02-14 11,29.338549,1.3032146,124.64487,57.92683
2014-02-14 12,28.093882,0.81822187,147.35773,62.5
2014-02-14 13,28.271692,1.7376195,130.58943,57.012196
2014-02-14 14,27.916075,0.80126184,121.821144,53.353657
2014-02-14 15,27.382647,0.8164664,159.55284,66.768295
2014-02-14 16,25.187769,1.7376195,145.83331,72.256096
2014-02-14 17,25.136845,1.520417,162.60162,41.16166
2014-02-14 18,27.560457,2.1720243,128.85916,89.02439
2014-02-14 19,29.16074,1.7376195,259.14633,42.673805
2014-02-14 20,29.16074,2.8236315,263.2114,42.656807
2014-02-14 21,27.204834,1.7376195,239.8374,85.060974
2014-02-14 22,25.565985,1.7376195,214.4309,41.635582
2014-02-14 23,24.359886,1.7376195,189.02438,75.0
2014-02-15 00,23.29303,1.7376195,126.55416,67.37805
2014-02-15 01,24.98726,0.8038723,133.13008,63.109756
2014-02-15 02,21.159317,1.7376195,129.57317,63.414635
2014-02-15 03,25.279406,0.80420053,121.44309,59.756096
2014-02-15 04,20.803698,0.7812914,120.98467,41.212055
2014-02-15 05,20.803698,2.1720243,104.6748,61.585365
2014-02-15 06,21.337126,1.7376195,123.81694,60.67073
2014-02-15 07,22.759602,1.7376195,88.414635,56.09756
2014-02-15 08,27.382647,2.1720243,104.166664,60.97561
2014-02-15 09,32.36131,3.040834,121.44309,41.569096
2014-02-15 10,32.716927,1.9548218,167.17479,41.229046
2014-02-15 11,34.49502,0.8086169,182.4187,62.80488
2014-02-15 12,34.31721,1.7376195,169.71545,62.19512
2014-02-15 13,32.36131,1.7376195,152.43903,63.414635
2014-02-15 14,31.82788,1.7376195,123.562416,41.219585
2014-02-15 15,25.19897,1.7376195,126.62626,74.085365
2014-02-15 16,25.408136,1.7376195,146.8496,40.839806
2014-02-15 17,28.449503,0.8170992,169.20732,69.51219
2014-02-15 18,25.33836,0.77811533,205.79268,41.11461
2014-02-15 19,25.361176,1.7376195,254.57317,92.37805
2014-02-15 20,29.694168,0.7991017,247.96748,96.95122
2014-02-15 21,27.382647,1.7376195,213.92276,97.256096
2014-02-15 22,25.374315,1.7376195,121.13949,41.76971
2014-02-15 23,24.715506,1.7376195,127.89349,91.46342
2014-02-16 00,23.648647,0.77628744,174.79675,41.683167
2014-02-16 01,21.870554,3.475239,143.80081,70.42683
2014-02-16 02,21.337126,1.7376195,130.0813,40.708797
2014-02-16 03,20.625889,1.520417,116.36179,64.939026
2014-02-16 04,20.803698,1.520417,122.54792,63.414635
2014-02-16 05,25.389982,1.7376195,101.11789,68.29269
2014-02-16 06,21.159317,0.78833073,122.27344,40.97557
2014-02-16 07,22.226173,0.80198437,88.414635,39.653706
2014-02-16 08,25.96017,0.8032284,90.955284,40.052845
2014-02-16 09,31.650072,1.7376195,119.41057,57.92683
2014-02-16 10,33.605976,1.7376195,146.34146,64.32927
2014-02-16 11,32.894737,0.8124367,195.12195,71.34146
2014-02-16 12,25.273918,1.7376195,186.99187,80.79269
2014-02-16 13,33.072548,0.82352334,139.22765,71.64634
2014-02-16 14,25.38619,1.7376195,121.95122,68.902435
2014-02-16 15,29.338549,1.520417,121.95019,41.025917
2014-02-16 16,27.916075,0.81257796,128.04878,53.658535
2014-02-16 17,25.493042,1.7376195,123.95317,63.109756
2014-02-16 18,29.338549,1.7376195,165.14227,73.78049
2014-02-16 19,30.938833,1.9548218,122.89204,40.47851
2014-02-16 20,32.00569,0.8034518,121.22707,40.419613
2014-02-16 21,28.449503,0.77783096,198.17073,40.904846
2014-02-16 22,25.604553,0.7825224,189.53252,40.86811
2014-02-16 23,24.715506,1.7376195,171.23984,88.10976
2014-02-17 00,22.759602,1.7376195,152.43903,41.758537
2014-02-17 01,21.337126,1.7376195,124.49187,40.495625
2014-02-17 02,21.159317,1.7376195,109.756096,63.109756
2014-02-17 03,20.803698,1.520417,124.92947,65.85366
2014-02-17 04,20.981508,1.7376195,122.13117,40.90481
2014-02-17 05,25.12985,1.7376195,94.00407,66.768295
2014-02-17 06,23.648647,1.7376195,98.06911,40.113766
2014-02-17 07,25.080238,0.8082668,124.564705,68.902435
2014-02-17 08,31.294453,1.7376195,125.81451,61.585365
2014-02-17 09,29.871977,0.805089,120.755264,40.942753
2014-02-17 10,28.271692,1.7376195,121.95122,63.109756
2014-02-17 11,25.221567,0.8107484,114.32927,72.256096
2014-02-17 12,25.40214,1.3032146,127.032524,40.914623
2014-02-17 13,27.560457,1.520417,125.21056,75.0
2014-02-17 14,25.020943,0.8308389,114.837395,75.30488
2014-02-17 15,26.31579,1.520417,134.65446,40.364075
2014-02-17 16,25.164745,1.7376195,127.54066,77.743904
2014-02-17 17,25.782362,0.8024859,121.78993,40.260937
2014-02-17 18,25.286772,2.1720243,198.67886,99.39024
2014-02-17 19,30.583214,1.7376195,134.62393,128.04878
2014-02-17 20,32.53912,1.7376195,269.30893,114.63415
2014-02-17 21,29.871977,1.7376195,260.67075,99.39024
2014-02-17 22,25.96017,0.7907002,140.9755,102.743904
2014-02-17 23,24.359886,1.7376195,202.7439,86.585365
2014-02-18 00,22.581793,1.7376195,171.74797,70.42683
2014-02-18 01,21.159317,0.7910074,136.17886,40.857964
2014-02-18 02,25.40716,1.7376195,122.45935,41.256207
2014-02-18 03,20.625889,1.7376195,117.37805,65.243904
2014-02-18 04,20.803698,1.7376195,121.3513,40.94921
2014-02-18 05,20.803698,1.7376195,121.79786,41.191376
2014-02-18 06,23.470839,1.7376195,113.82114,40.739365
2014-02-18 07,32.716927,1.7376195,118.39431,67.98781
2014-02-18 08,25.388142,0.80795103,131.09756,64.02439
2014-02-18 09,25.211231,0.80887073,126.01626,60.67073
2014-02-18 10,30.049786,1.520417,121.95122,61.890244
2014-02-18 11,30.583214,0.8159135,116.86992,64.32927
2014-02-18 12,30.583214,1.3032146,124.67091,59.146343
2014-02-18 13,28.449503,0.8195228,103.150406,51.82927
2014-02-18 14,27.916075,1.7376195,101.11789,55.487804
2014-02-18 15,25.357231,1.7376195,124.49187,59.756096
2014-02-18 16,26.137981,1.7376195,122.967476,41.056175
2014-02-18 17,25.184155,1.7376195,125.88177,71.34146
2014-02-18 18,25.584967,2.1720243,121.84678,41.855946
2014-02-18 19,28.62731,0.81283015,254.06505,98.78049
2014-02-18 20,27.560457,0.77346283,255.08131,41.840374
2014-02-18 21,25.782362,1.7376195,238.313,100.914635
2014-02-18 22,25.336351,0.8214778,200.71138,96.64634
2014-02-18 23,21.159317,1.7376195,182.92682,89.63415
2014-02-19 00,19.381224,1.7376195,120.88498,40.69881
2014-02-19 01,25.259953,1.7376195,134.14635,62.80488
2014-02-19 02,17.42532,1.520417,114.837395,41.10878
2014-02-19 03,16.714083,0.8186452,114.32927,60.67073
2014-02-19 04,17.069702,1.7376195,123.29428,57.92683
2014-02-19 05,25.50926,1.7376195,125.24819,65.243904
2014-02-19 06,25.018974,1.7376195,106.19919,68.902435
2014-02-19 07,27.916075,1.7376195,104.6748,67.07317
2014-02-19 08,25.377636,1.7376195,112.80488,63.414635
2014-02-19 09,25.604553,0.81098664,125.00001,63.109756
2014-02-19 10,24.359886,1.520417,123.24759,52.134148
2014-02-19 11,25.345894,1.520417,117.88618,57.92683
2014-02-19 12,25.210352,0.8233281,113.82114,64.02439
2014-02-19 13,24.182077,1.7376195,93.49593,40.296215
2014-02-19 14,24.715506,0.8044376,123.26999,60.365852
2014-02-19 15,23.11522,0.7864783,122.4313,59.756096
2014-02-19 16,22.759602,1.7376195,117.88618,41.345886
2014-02-19 17,25.354261,2.1720243,135.67073,71.64634
2014-02-19 18,25.388659,2.606429,176.32114,81.097565
2014-02-19 19,27.382647,1.7376195,130.56204,103.04878
2014-02-19 20,29.16074,1.7376195,245.42683,104.268295
2014-02-19 21,25.518267,1.7376195,120.66855,41.58712
2014-02-19 22,25.206558,1.7376195,187.5,42.05971
2014-02-19 23,20.981508,1.7376195,182.92682,84.756096
2014-02-20 00,19.203413,1.7376195,155.99594,73.17073
2014-02-20 01,17.42532,1.7376195,123.1611,67.98781
2014-02-20 02,17.42532,1.7376195,114.837395,62.19512
2014-02-20 03,16.891891,1.7376195,112.296745,40.3599
2014-02-20 04,17.24751,0.80262744,110.26423,60.060974
2014-02-20 05,25.07957,0.8296231,104.166664,67.68293
2014-02-20 06,25.375195,1.7376195,109.756096,66.768295
2014-02-20 07,25.122917,0.8021211,105.18293,61.890244
2014-02-20 08,27.916075,1.7376195,99.5935,60.67073
2014-02-20 09,25.071123,0.8048153,110.26423,40.091404
2014-02-20 10,25.520254,1.7376195,120.79112,41.723263
2014-02-20 11,25.248934,1.7376195,126.28135,69.20731
2014-02-20 12,25.435131,1.7376195,125.50813,69.51219
2014-02-20 13,24.182077,1.7376195,125.96502,62.5
2014-02-20 14,23.470839,1.520417,105.691055,60.97561
2014-02-20 15,22.048365,1.520417,111.28049,68.597565
2014-02-20 16,21.870554,1.7376195,122.37745,40.63946
2014-02-20 17,22.581793,1.7376195,106.19919,69.20731
2014-02-20 18,25.526588,0.776626,172.2561,41.743027
2014-02-20 19,26.849218,1.7376195,130.53693,106.097565
2014-02-20 20,25.866621,0.80312395,138.96854,101.21951
2014-02-20 21,25.312986,1.7376195,235.77235,102.13415
2014-02-20 22,22.403982,0.82239217,208.84146,101.82927
2014-02-20 23,20.981508,1.7376195,168.69919,83.53658
2014-02-21 00,19.025604,1.7376195,154.47154,74.085365
2014-02-21 01,25.22681,1.7376195,124.70738,66.768295
2014-02-21 02,25.092077,1.7376195,113.82114,40.312485
2014-02-21 03,16.891891,1.7376195,113.82114,56.707317
2014-02-21 04,17.24751,1.7376195,123.91342,56.40244
2014-02-21 05,24.989384,0.8228926,103.65854,63.414635
2014-02-21 06,20.09246,0.8100324,121.41789,60.060974
2014-02-21 07,28.62731,0.8272462,104.6748,56.707317
2014-02-21 08,27.382647,0.8087969,124.06829,60.67073
2014-02-21 09,25.604553,0.86880976,120.46464,40.536728
2014-02-21 10,25.132616,1.3032146,116.36179,73.78049
2014-02-21 11,25.248934,1.3032146,115.34553,67.37805
2014-02-21 12,25.426743,1.3032146,110.772354,69.81707
2014-02-21 13,24.893314,1.7376195,115.34553,40.735275
2014-02-21 14,26.849218,1.7376195,110.772354,41.087437
2014-02-21 15,25.214191,0.80378217,122.11852,63.719513
2014-02-21 16,23.826458,0.79327,121.35762,40.721897
2014-02-21 17,25.340252,0.8085974,121.95122,66.15854
2014-02-21 18,24.715506,2.1720243,167.17479,80.18293
2014-02-21 19,25.434519,0.767084,254.06505,42.616333
2014-02-21 20,26.671406,2.8236315,131.64467,110.97561
2014-02-21 21,25.647036,1.7376195,233.2317,42.227318
2014-02-21 22,22.048365,1.7376195,220.02032,85.67073
2014-02-21 23,20.625889,1.7376195,194.1057,82.01219
2014-02-22 00,19.381224,1.7376195,164.12602,73.78049
2014-02-22 01,17.78094,1.7376195,124.97589,66.15854
2014-02-22 02,17.42532,1.7376195,124.522095,61.280487
2014-02-22 03,16.714083,1.7376195,117.37805,40.51184
2014-02-22 04,17.069702,0.78810376,120.66877,57.621952
2014-02-22 05,16.891891,2.1720243,120.86577,41.691975
2014-02-22 06,17.60313,1.7376195,123.80627,55.487804
2014-02-22 07,25.450762,1.7376195,89.939026,46.036587
2014-02-22 08,24.182077,2.1720243,123.82271,40.90418
2014-02-22 09,28.982933,3.040834,125.45986,48.780487
2014-02-22 10,29.516361,0.80710447,124.69441,56.707317
2014-02-22 11,28.982933,1.7376195,170.22357,40.912895
2014-02-22 12,28.449503,1.7376195,123.586624,59.756096
2014-02-22 13,25.129587,0.7772601,121.3609,40.782043
2014-02-22 14,25.458065,0.8031504,150.91463,40.924343
2014-02-22 15,25.412287,1.7376195,172.2561,57.621952
2014-02-22 16,25.205023,1.7376195,169.20732,67.68293
2014-02-22 17,25.289467,1.9548218,159.04471,41.325363
2014-02-22 18,25.477058,0.7824278,198.17073,41.052788
2014-02-22 19,25.465197,1.7376195,252.03252,100.30488
2014-02-22 20,25.96017,1.7376195,228.1504,104.57317
2014-02-22 21,25.013193,0.8085518,214.93903,100.60976
2014-02-22 22,25.421913,1.7376195,201.72765,88.414635
2014-02-22 23,20.981508,0.77315164,186.48373,40.933094
2014-02-23 00,19.381224,1.7376195,155.48782,81.402435
2014-02-23 01,25.435846,3.475239,127.54066,41.336784
2014-02-23 02,17.958748,1.7376195,109.756096,70.12195
2014-02-23 03,17.069702,1.520417,120.711205,41.699104
2014-02-23 04,17.069702,1.520417,121.60727,40.94146
2014-02-23 05,25.457108,1.7376195,108.73984,54.878048
2014-02-23 06,25.038605,0.79330516,105.18293,40.735466
2014-02-23 07,18.492176,1.7376195,87.39838,40.90882
2014-02-23 08,22.048365,1.7376195,108.73984,41.22859
2014-02-23 09,25.072723,0.78670466,120.42683,46.646343
2014-02-23 10,29.516361,0.80855477,123.68834,58.23171
2014-02-23 11,30.227596,1.7376195,216.97154,59.451218
2014-02-23 12,30.049786,1.7376195,199.69513,61.280487
2014-02-23 13,28.80512,1.7376195,144.30894,49.085365
2014-02-23 14,27.916075,1.7376195,130.0813,49.390244
2014-02-23 15,25.248934,1.520417,122.45935,54.878048
2014-02-23 16,24.182077,1.7376195,122.462364,50.0
2014-02-23 17,22.93741,0.7908363,121.90453,51.52439
2014-02-23 18,25.604553,1.7376195,124.042496,63.719513
2014-02-23 19,26.493599,1.9548218,123.27682,41.202644
2014-02-23 20,26.671406,1.7376195,200.20325,94.20731
2014-02-23 21,24.182077,0.7909892,199.187,40.956722
2014-02-23 22,22.226173,0.7854971,195.63008,41.795273
2014-02-23 23,25.160873,1.7376195,156.50406,70.42683
2014-02-24 00,25.202137,1.7376195,137.70325,57.317074
2014-02-24 01,17.60313,1.7376195,122.02548,59.451218
2014-02-24 02,17.42532,0.807184,99.085365,58.536587
2014-02-24 03,16.891891,1.520417,123.693954,57.621952
2014-02-24 04,17.24751,1.7376195,99.5935,40.654198
2014-02-24 05,25.401499,1.7376195,95.020325,56.707317
2014-02-24 06,25.383024,1.7376195,122.420364,55.487804
2014-02-24 07,28.62731,1.7376195,102.13415,40.869728
2014-02-24 08,25.09356,1.7376195,108.73984,40.368187
2014-02-24 09,26.849218,1.7376195,123.35513,41.10338
2014-02-24 10,25.240221,0.8003409,115.34553,58.536587
2014-02-24 11,24.537695,1.3032146,124.229416,61.280487
2014-02-24 12,25.212055,1.3032146,122.74766,61.890244
2014-02-24 13,25.248934,1.520417,104.166664,59.756096
2014-02-24 14,24.537695,0.8199003,95.020325,40.333088
2014-02-24 15,23.470839,1.520417,112.296745,40.5088
2014-02-24 16,25.16998,1.7376195,108.231705,40.657345
2014-02-24 17,23.29303,0.807025,122.719185,57.621952
2014-02-24 18,25.330973,0.78613055,178.35365,65.243904
2014-02-24 19,28.271692,1.7376195,127.91181,98.17073
2014-02-24 20,25.304045,1.7376195,245.93495,98.78049
2014-02-24 21,27.204834,1.7376195,124.300514,41.295555
2014-02-24 22,23.648647,1.7376195,127.10605,88.414635
2014-02-24 23,20.803698,0.80411756,166.66667,80.18293
2014-02-25 00,25.436121,0.7801044,149.89838,40.553226
2014-02-25 01,17.42532,0.80581385,121.16299,56.707317
2014-02-25 02,25.145525,1.7376195,107.21545,53.658535
2014-02-25 03,16.536274,1.7376195,123.66305,54.26829
2014-02-25 04,17.24751,1.7376195,100.10162,40.525192
2014-02-25 05,17.069702,1.7376195,96.03658,58.841465
2014-02-25 06,19.914652,1.7376195,123.05315,59.756096
2014-02-25 07,27.916075,1.7376195,124.916756,55.182926
2014-02-25 08,27.560457,1.7376195,98.57723,40.513935
2014-02-25 09,25.071123,1.7376195,122.21688,41.03615
2014-02-25 10,24.182077,0.79714495,123.03082,54.878048
2014-02-25 11,24.537695,1.520417,111.78862,54.57317
2014-02-25 12,24.004267,1.3032146,114.837395,40.09484
2014-02-25 13,25.395155,0.782047,121.93818,40.38807
2014-02-25 14,24.004267,1.7376195,123.28907,61.890244
2014-02-25 15,22.759602,1.7376195,91.97154,66.15854
2014-02-25 16,22.048365,0.8377402,97.560974,70.12195
2014-02-25 17,25.013596,0.8371691,109.24797,73.47561
2014-02-25 18,25.248934,2.1720243,151.42276,75.60976
2014-02-25 19,28.449503,0.8078184,252.54066,99.085365
2014-02-25 20,29.16074,1.7376195,130.96915,99.39024
2014-02-25 21,25.09841,1.7376195,217.98781,94.81707
2014-02-25 22,22.403982,1.7376195,212.90651,42.180527
2014-02-25 23,20.981508,1.7376195,167.68292,79.57317
2014-02-26 00,25.287813,0.8083957,139.22765,69.81707
2014-02-26 01,17.24751,0.8097423,114.32927,40.941856
2014-02-26 02,17.069702,0.8165576,113.82114,59.756096
2014-02-26 03,16.536274,0.7979505,106.19919,58.23171
2014-02-26 04,17.069702,0.7952421,120.79741,55.792683
2014-02-26 05,16.891891,1.7376195,97.560974,59.756096
2014-02-26 06,19.914652,1.7376195,122.50376,59.146343
2014-02-26 07,25.50692,1.7376195,123.127106,55.487804
2014-02-26 08,27.916075,1.7376195,123.47918,59.146343
2014-02-26 09,25.782362,1.7376195,121.79135,40.532444
2014-02-26 10,24.359886,1.520417,128.55692,53.353657
2014-02-26 11,22.93741,0.8056452,114.32927,50.609756
2014-02-26 12,24.359886,0.82511026,114.837395,60.060974
2014-02-26 13,23.826458,1.7376195,102.64227,51.82927
2014-02-26 14,25.46454,1.520417,97.560974,56.09756
2014-02-26 15,22.759602,1.520417,97.560974,53.963413
2014-02-26 16,22.226173,0.8089165,94.51219,52.743904
2014-02-26 17,22.048365,2.1720243,132.62195,57.012196
2014-02-26 18,24.537695,2.606429,123.76542,40.777336
2014-02-26 19,28.982933,0.8086372,242.37805,94.81707
2014-02-26 20,29.16074,1.7376195,245.93495,101.82927
2014-02-26 21,25.122831,0.80859554,223.57724,86.585365
2014-02-26 22,22.581793,1.7376195,207.31708,42.161392
2014-02-26 23,21.514936,1.7376195,176.82927,81.70731
2014-02-27 00,19.203413,0.7991075,122.74366,75.60976
2014-02-27 01,25.384893,1.7376195,126.01626,72.560974
2014-02-27 02,25.441196,0.81137305,123.6824,62.5
2014-02-27 03,17.069702,0.8063504,108.231705,60.67073
2014-02-27 04,17.24751,1.7376195,123.19372,57.621952
2014-02-27 05,17.069702,1.7376195,104.6748,62.5
2014-02-27 06,20.27027,0.81996316,99.085365,62.5
2014-02-27 07,25.517824,1.7376195,123.41407,60.365852
2014-02-27 08,25.07954,1.7376195,109.24797,52.439026
2014-02-27 09,25.604553,1.9548218,113.31301,56.09756
2014-02-27 10,23.826458,1.7376195,133.13008,56.40244
2014-02-27 11,24.004267,1.7376195,124.91264,56.09756
2014-02-27 12,24.715506,1.7376195,126.01626,56.40244
2014-02-27 13,25.312483,0.7822684,115.85366,39.939026
2014-02-27 14,22.93741,0.8075541,113.31301,35.97561
2014-02-27 15,25.263248,1.520417,119.41057,43.59756
2014-02-27 16,24.537695,1.7376195,103.150406,40.28029
2014-02-27 17,25.248934,1.7376195,123.47561,40.339146
2014-02-27 18,24.537695,1.520417,124.2926,63.719513
2014-02-27 19,26.493599,1.7376195,247.45935,42.41099
2014-02-27 20,25.352016,0.7655074,241.86992,41.56512
2014-02-27 21,24.715506,1.7376195,208.33333,92.98781
2014-02-27 22,22.581793,1.7376195,203.76016,89.02439
2014-02-27 23,20.803698,1.7376195,174.28862,76.82927
2014-02-28 00,19.025604,0.8182717,146.34146,64.939026
2014-02-28 01,25.511623,1.7376195,119.9187,60.67073
2014-02-28 02,17.42532,1.7376195,112.296745,40.437744
2014-02-28 03,16.891891,1.7376195,103.150406,57.012196
2014-02-28 04,17.24751,0.8024457,102.64227,51.52439
2014-02-28 05,17.069702,0.80703616,120.619736,59.756096
2014-02-28 06,19.914652,0.8198685,103.150406,57.92683
2014-02-28 07,28.80512,1.7376195,106.70731,56.09756
2014-02-28 08,27.560457,1.7376195,123.83015,54.878048
2014-02-28 09,25.248013,0.86880976,121.092354,50.0
2014-02-28 10,24.893314,1.3032146,101.626015,51.82927
2014-02-28 11,24.537695,1.3032146,123.74451,53.048782
2014-02-28 12,25.248934,1.3032146,110.26423,40.511322
2014-02-28 13,25.483007,0.78538203,120.02281,40.348755
2014-02-28 14,24.537695,1.7376195,123.65605,46.951218
2014-02-28 15,23.11522,0.81438565,103.65854,39.934757
2014-02-28 16,25.170238,1.7376195,124.440605,58.536587
2014-02-28 17,22.93741,1.520417,132.62195,59.146343
2014-02-28 18,25.071123,2.1720243,159.55284,71.95122
2014-02-28 19,26.137981,1.7376195,232.21545,42.59818
2014-02-28 20,25.191093,0.8075183,256.09756,97.560974
2014-02-28 21,24.182077,1.7376195,214.4309,89.63415
2014-02-28 22,25.336548,1.7376195,126.297386,80.48781
2014-02-28 23,20.981508,0.7842349,122.11183,40.34608
2014-03-01 00,19.203413,1.7376195,152.94717,78.96342
2014-03-01 01,25.077326,1.7376195,123.03535,63.109756
2014-03-01 02,17.42532,1.7376195,110.26423,57.92683
2014-03-01 03,25.044586,1.7376195,99.5935,58.841465
2014-03-01 04,17.069702,0.8041421,99.5935,57.012196
2014-03-01 05,17.069702,2.1720243,98.57723,41.119034
2014-03-01 06,17.60313,0.85104495,78.25203,61.280487
2014-03-01 07,19.203413,0.79525065,119.97534,48.17073
2014-03-01 08,22.93741,2.1720243,123.00935,53.658535
2014-03-01 09,25.420301,3.040834,113.82114,57.317074
2014-03-01 10,25.407045,1.9548218,124.191444,65.85366
2014-03-01 11,28.093882,1.7376195,122.663284,40.69137
2014-03-01 12,25.21276,1.7376195,155.99594,40.9122
2014-03-01 13,25.074566,0.8097655,123.61727,64.939026
2014-03-01 14,27.204834,0.8144519,161.58537,80.48781
2014-03-01 15,25.215902,1.7376195,159.04471,79.57317
2014-03-01 16,24.182077,1.7376195,178.35365,71.64634
2014-03-01 17,23.826458,1.9548218,188.00813,41.485813
2014-03-01 18,25.369999,1.7376195,124.311935,64.32927
2014-03-01 19,24.893314,1.7376195,126.90725,86.585365
2014-03-01 20,25.27967,1.7376195,215.44716,97.256096
2014-03-01 21,22.93741,1.7376195,197.15446,97.86585
2014-03-01 22,21.337126,0.820531,126.59617,90.54878
2014-03-01 23,25.215845,1.7376195,122.61047,41.717762
2014-03-02 00,25.305948,1.7376195,154.47154,69.20731
2014-03-02 01,17.78094,0.7782212,119.378105,40.431305
2014-03-02 02,17.42532,1.7376195,117.37805,55.182926
2014-03-02 03,16.714083,1.520417,111.78862,40.26601
2014-03-02 04,16.891891,1.520417,103.65854,40.797997
2014-03-02 05,16.891891,1.7376195,97.560974,56.707317
2014-03-02 06,17.42532,1.7376195,121.86234,41.65825
2014-03-02 07,25.225899,1.7376195,76.21951,40.777565
2014-03-02 08,21.159317,1.7376195,86.89024,43.90244
2014-03-02 09,25.248934,0.7877084,122.71399,46.341465
2014-03-02 10,25.252932,0.7891423,147.35773,49.085365
2014-03-02 11,25.320831,1.7376195,181.91057,41.80941
2014-03-02 12,27.738264,1.7376195,176.32114,60.97561
2014-03-02 13,25.06947,0.79798,143.80081,58.841465
2014-03-02 14,25.291603,0.7940545,129.57317,54.57317
2014-03-02 15,23.648647,1.520417,136.17886,56.707317
2014-03-02 16,22.403982,1.7376195,121.95122,64.63415
2014-03-02 17,25.249458,1.7376195,134.14635,40.718204
2014-03-02 18,22.93741,0.798674,122.05186,41.115967
2014-03-02 19,25.426743,0.7847498,203.76016,41.246067
2014-03-02 20,24.537695,1.7376195,125.47421,77.439026
2014-03-02 21,23.826458,0.8196107,124.32121,77.439026
2014-03-02 22,21.337126,1.7376195,200.20325,75.914635
2014-03-02 23,20.27027,1.7376195,124.84643,73.78049
2014-03-03 00,18.669987,1.7376195,173.78049,68.597565
2014-03-03 01,17.60313,0.7805473,121.48743,40.458313
2014-03-03 02,25.40875,1.7376195,107.21545,57.317074
2014-03-03 03,16.536274,1.520417,104.6748,60.365852
2014-03-03 04,17.069702,0.81655014,101.11789,57.92683
2014-03-03 05,17.069702,0.82066524,98.57723,62.19512
2014-03-03 06,25.352156,1.7376195,87.9065,55.792683
2014-03-03 07,22.93741,0.7986466,120.743774,51.52439
2014-03-03 08,25.207268,1.7376195,122.677376,52.743904
2014-03-03 09,26.671406,1.7376195,114.837395,40.176678
2014-03-03 10,27.382647,1.7376195,139.22765,61.280487
2014-03-03 11,27.204834,1.3032146,133.13008,66.15854
2014-03-03 12,27.204834,0.7965955,120.60352,41.095436
2014-03-03 13,25.036713,1.520417,129.06505,73.78049
2014-03-03 14,25.248934,1.3032146,122.97865,41.092625
2014-03-03 15,23.470839,1.520417,130.58943,78.96342
2014-03-03 16,22.581793,0.8235316,128.55692,79.268295
2014-03-03 17,27.560457,0.8269653,135.67073,76.21951
2014-03-03 18,25.219788,0.81746286,143.29268,76.21951
2014-03-03 19,25.090462,1.7376195,225.10162,92.07317
2014-03-03 20,27.382647,1.7376195,122.74697,40.965626
2014-03-03 21,25.291471,1.7376195,196.13821,42.161522
2014-03-03 22,25.13318,1.7376195,158.02844,85.36585
2014-03-03 23,20.803698,0.80393964,165.65039,80.18293
2014-03-04 00,19.203413,1.7376195,126.160446,78.96342
2014-03-04 01,17.60313,0.82033545,123.98374,72.560974
2014-03-04 02,17.42532,1.7376195,101.626015,64.32927
2014-03-04 03,16.891891,1.7376195,103.65854,60.060974
2014-03-04 04,17.24751,1.7376195,96.03658,40.32908
2014-03-04 05,25.457348,1.7376195,124.88911,59.756096
2014-03-04 06,17.78094,1.7376195,83.333336,56.707317
2014-03-04 07,25.27879,1.7376195,122.503174,41.654274
2014-03-04 08,25.122204,1.7376195,74.69512,51.52439
2014-03-04 09,25.782362,1.7376195,99.085365,49.085365
2014-03-04 10,25.138786,0.82061607,127.032524,68.597565
2014-03-04 11,25.263552,0.8117584,124.233734,79.87805
2014-03-04 12,25.346745,0.8103808,168.69919,83.231705
2014-03-04 13,28.449503,0.8197206,125.42781,72.256096
2014-03-04 14,26.671406,0.8200418,141.7683,72.256096
2014-03-04 15,23.648647,0.8270481,143.80081,70.12195
2014-03-04 16,25.31146,1.7376195,133.13008,40.95012
2014-03-04 17,21.692745,1.7376195,145.83331,75.30488
2014-03-04 18,25.1239,2.1720243,168.69919,80.79269
2014-03-04 19,24.893314,1.7376195,230.69106,94.51219
2014-03-04 20,25.656557,1.7376195,130.31123,102.13415
2014-03-04 21,24.182077,1.7376195,228.1504,96.64634
2014-03-04 22,21.514936,1.7376195,202.7439,42.374985
2014-03-04 23,20.625889,1.7376195,177.3374,85.060974
2014-03-05 00,18.847795,1.7376195,155.48782,71.03658
2014-03-05 01,17.42532,1.7376195,123.36446,61.585365
2014-03-05 02,25.41349,1.520417,116.86992,59.451218
2014-03-05 03,16.891891,1.7376195,122.07649,41.26358
2014-03-05 04,25.36154,0.81959915,105.691055,55.792683
2014-03-05 05,25.275831,1.7376195,124.13243,54.878048
2014-03-05 06,18.669987,1.7376195,98.06911,51.219513
2014-03-05 07,25.071123,1.7376195,99.085365,44.817074
2014-03-05 08,28.62731,1.7376195,105.691055,40.835205
2014-03-05 09,25.373138,0.78059906,121.62672,50.30488
2014-03-05 10,24.893314,1.520417,112.80488,61.280487
2014-03-05 11,25.782362,0.79796046,122.21678,41.33553
2014-03-05 12,25.604553,1.520417,124.09325,57.92683
2014-03-05 13,24.537695,1.7376195,102.64227,40.39326
2014-03-05 14,25.208818,0.80082625,97.05285,52.439026
2014-03-05 15,25.206398,1.520417,103.150406,54.26829
2014-03-05 16,22.581793,0.79868245,122.258644,58.841465
2014-03-05 17,22.759602,2.1720243,124.16025,41.45611
2014-03-05 18,25.36211,2.606429,129.57317,41.14104
2014-03-05 19,28.271692,0.81266934,217.98781,90.85366
2014-03-05 20,28.80512,1.7376195,228.65854,95.731705
2014-03-05 21,24.893314,1.7376195,221.54471,84.756096
2014-03-05 22,22.93741,0.78438497,197.6626,41.07699
2014-03-05 23,21.159317,1.7376195,157.01219,41.770767
2014-03-06 00,19.025604,1.7376195,142.27643,63.719513
2014-03-06 01,17.42532,0.7971293,114.837395,58.841465
2014-03-06 02,25.144264,1.7376195,104.6748,53.353657
2014-03-06 03,16.714083,1.7376195,107.21545,54.57317
2014-03-06 04,17.069702,1.7376195,100.60976,52.134148
2014-03-06 05,25.29117,0.8000034,101.626015,57.621952
2014-03-06 06,25.124231,0.8100167,95.020325,57.012196
2014-03-06 07,25.090225,1.7376195,115.34553,53.963413
2014-03-06 08,27.738264,1.7376195,123.98374,54.878048
2014-03-06 09,26.31579,0.8103736,112.80488,53.353657
2014-03-06 10,26.137981,1.7376195,118.39431,51.52439
2014-03-06 11,25.604553,1.7376195,105.18293,47.256096
2014-03-06 12,25.782362,1.7376195,111.28049,50.609756
2014-03-06 13,25.065456,0.79956245,106.19919,44.512196
2014-03-06 14,24.537695,0.7773429,120.2819,41.158535
2014-03-06 15,25.319073,0.79454017,100.60976,37.80488
2014-03-06 16,22.581793,1.7376195,109.756096,40.22887
2014-03-06 17,22.93741,0.81900895,111.28049,40.713127
2014-03-06 18,25.572222,1.520417,122.57753,51.52439
2014-03-06 19,25.700312,1.7376195,239.32927,42.10407
2014-03-06 20,28.449503,1.9548218,248.47562,85.97561
2014-03-06 21,25.488665,1.7376195,212.90651,42.33436
2014-03-06 22,22.403982,1.7376195,127.00711,81.097565
2014-03-06 23,21.159317,1.7376195,166.66667,41.133762
2014-03-07 00,25.166714,0.78500265,152.94717,40.600227
2014-03-07 01,17.42532,0.8008336,116.36179,40.58866
2014-03-07 02,16.891891,1.7376195,112.296745,49.69512
2014-03-07 03,6.5789475,1.7376195,116.36179,41.376637
2014-03-07 04,17.069702,1.7376195,111.28049,49.390244
2014-03-07 05,25.26697,1.7376195,123.47666,49.69512
2014-03-07 06,19.559032,0.794608,121.27056,40.826736
2014-03-07 07,28.093882,1.7376195,107.72358,45.42683
2014-03-07 08,28.62731,0.81828046,112.296745,46.036587
2014-03-07 09,25.318693,0.7818531,121.607124,52.439026
2014-03-07 10,25.782362,0.8,122.45935,40.062412
2014-03-07 11,27.204834,0.8062473,111.78862,56.09756
2014-03-07 12,26.137981,1.3032146,123.94201,56.09756
2014-03-07 13,24.715506,1.7376195,122.922226,51.52439
2014-03-07 14,24.893314,1.7376195,97.560974,40.85652
2014-03-07 15,24.359886,1.7376195,90.955284,39.939026
2014-03-07 16,24.182077,0.7984017,94.00407,40.853657
2014-03-07 17,25.187815,1.520417,99.085365,42.987804
2014-03-07 18,25.218323,2.1720243,122.71352,54.57317
2014-03-07 19,26.671406,1.7376195,127.822334,89.939026
2014-03-07 20,25.126486,2.8236315,128.56523,85.060974
2014-03-07 21,23.826458,0.7732644,195.12195,41.45709
2014-03-07 22,21.870554,0.8177177,124.2856,71.03658
2014-03-07 23,25.257586,0.79697376,170.22357,65.85366
2014-03-08 00,19.381224,1.7376195,154.47154,58.536587
2014-03-08 01,17.78094,1.7376195,128.04878,57.621952
2014-03-08 02,25.495977,1.7376195,129.57317,47.560974
2014-03-08 03,16.891891,1.7376195,123.10698,52.134148
2014-03-08 04,25.166233,0.806242,112.296745,40.73367
2014-03-08 05,16.891891,0.79031444,120.19302,52.439026
2014-03-08 06,25.318846,1.7376195,92.479675,50.914635
2014-03-08 07,21.692745,1.7376195,88.92276,42.378048
2014-03-08 08,25.279121,0.8023619,100.10162,42.378048
2014-03-08 09,29.694168,0.8114889,119.41057,43.59756
2014-03-08 10,28.449503,1.9548218,150.91463,40.243904
2014-03-08 11,28.093882,0.8156122,137.19513,40.92519
2014-03-08 12,29.16074,1.7376195,144.81708,40.517105
2014-03-08 13,28.62731,1.7376195,145.32521,45.121952
2014-03-08 14,27.738264,1.7376195,126.52439,40.548782
2014-03-08 15,26.849218,1.7376195,125.83505,60.365852
2014-03-08 16,25.604553,0.7964047,123.47561,50.609756
2014-03-08 17,25.546091,1.9548218,145.83331,42.682926
2014-03-08 18,25.477848,0.7973451,140.2439,45.73171
2014-03-08 19,28.62731,1.7376195,218.49594,42.171665
2014-03-08 20,25.153116,1.7376195,174.28862,80.48781
2014-03-08 21,24.004267,1.7376195,163.10974,70.42683
2014-03-08 22,25.447615,1.7376195,152.94717,40.78266
2014-03-08 23,25.233112,1.7376195,151.9309,71.95122
2014-03-09 00,19.736841,1.7376195,136.687,41.307243
2014-03-09 01,17.78094,3.475239,119.9187,50.30488
2014-03-09 02,25.254025,1.7376195,121.637596,47.865852
2014-03-09 03,25.475634,0.7860311,122.11097,41.149048
2014-03-09 04,16.891891,1.520417,120.692535,47.256096
2014-03-09 05,16.714083,1.7376195,106.19919,40.445404
2014-03-09 06,25.277075,1.7376195,123.30778,46.036587
2014-03-09 07,18.136559,1.7376195,84.349594,40.56274
2014-03-09 08,25.176542,1.7376195,89.939026,39.02439
2014-03-09 09,25.582874,1.7376195,102.64227,42.378048
2014-03-09 10,29.694168,0.8132293,146.8496,58.23171
2014-03-09 11,29.16074,1.7376195,124.53675,41.3608
2014-03-09 12,28.449503,0.801951,156.50406,57.317074
2014-03-09 13,28.271692,0.82388467,110.26423,49.390244
2014-03-09 14,28.093882,1.7376195,113.82114,40.49543
2014-03-09 15,26.31579,0.7868139,123.50998,48.17073
2014-03-09 16,24.359886,0.78575003,120.88155,47.560974
2014-03-09 17,23.826458,1.7376195,123.60122,51.82927
2014-03-09 18,24.359886,1.7376195,119.9187,51.52439
2014-03-09 19,25.450132,1.9548218,167.68292,65.54878
2014-03-09 20,27.738264,1.7376195,172.2561,79.268295
2014-03-09 21,25.071123,1.7376195,122.11385,41.01276
2014-03-09 22,25.32687,1.7376195,151.42276,41.660664
2014-03-09 23,25.259695,0.80455357,123.289154,59.756096
2014-03-10 00,25.599619,1.7376195,123.200325,50.30488
2014-03-10 01,17.42532,1.7376195,107.72358,46.341465
2014-03-10 02,25.249136,1.7376195,98.06911,46.951218
2014-03-10 03,17.069702,1.520417,102.64227,41.213047
2014-03-10 04,25.425058,0.78787595,119.86469,45.121952
2014-03-10 05,16.891891,1.7376195,97.05285,40.866875
2014-03-10 06,19.559032,1.7376195,84.349594,50.0
2014-03-10 07,25.141613,1.7376195,103.65854,46.951218
2014-03-10 08,28.271692,0.79661083,102.64227,45.42683
2014-03-10 09,25.054262,0.7841938,119.767204,40.598724
2014-03-10 10,25.96017,0.7961106,120.36669,41.096375
2014-03-10 11,25.054426,0.8008919,102.13415,39.634148
2014-03-10 12,24.004267,1.3032146,122.48418,46.646343
2014-03-10 13,25.248934,1.520417,120.54729,37.19512
2014-03-10 14,24.359886,1.3032146,92.479675,34.451218
2014-03-10 15,25.010082,0.8209307,90.955284,40.32091
2014-03-10 16,23.29303,1.7376195,88.92276,40.38478
2014-03-10 17,24.359886,1.7376195,98.57723,40.42723
2014-03-10 18,26.137981,2.1720243,123.50494,48.780487
2014-03-10 19,25.541824,0.7803442,193.59756,41.764126
2014-03-10 20,27.560457,1.7376195,199.69513,73.17073
2014-03-10 21,25.782362,1.7376195,125.53929,68.597565
2014-03-10 22,23.11522,0.7959089,163.61789,65.85366
2014-03-10 23,20.803698,1.7376195,153.45529,61.280487
2014-03-11 00,18.669987,0.79035187,137.70325,40.88723
2014-03-11 01,17.42532,1.7376195,107.21545,47.865852
2014-03-11 02,13.157895,1.7376195,96.03658,45.73171
2014-03-11 03,16.891891,1.7376195,91.46341,52.134148
2014-03-11 04,17.24751,1.7376195,91.46341,52.743904
2014-03-11 05,17.24751,1.7376195,90.44715,40.948402
2014-03-11 06,20.44808,1.7376195,77.23577,40.106823
2014-03-11 07,29.516361,1.7376195,95.020325,40.72537
2014-03-11 08,28.449503,0.8165823,102.64227,40.853657
2014-03-11 09,27.204834,1.7376195,101.11789,41.03851
2014-03-11 10,25.406967,1.520417,105.691055,40.36647
2014-03-11 11,25.071123,1.520417,96.544716,43.90244
2014-03-11 12,25.071123,1.3032146,99.5935,40.44133
2014-03-11 13,24.537695,1.7376195,89.43089,30.182926
2014-03-11 14,24.359886,1.7376195,86.38211,40.516224
2014-03-11 15,23.11522,1.7376195,108.73984,41.463413
2014-03-11 16,25.205824,1.7376195,89.939026,36.585365
2014-03-11 17,23.648647,1.7376195,121.827644,39.634148
2014-03-11 18,25.439846,2.1720243,123.22326,47.865852
2014-03-11 19,30.049786,0.8060649,123.82203,66.46342
2014-03-11 20,25.029955,1.7376195,125.06422,78.04878
2014-03-11 21,25.283688,0.80498135,184.95935,67.98781
2014-03-11 22,23.29303,0.77885795,175.813,40.70491
2014-03-11 23,20.981508,0.79377615,119.34415,41.014236
2014-03-12 00,25.399252,1.7376195,123.11782,53.658535
2014-03-12 01,17.60313,1.7376195,122.64859,48.780487
2014-03-12 02,17.42532,1.520417,102.13415,46.341465
2014-03-12 03,16.714083,0.7952373,104.166664,46.036587
2014-03-12 04,17.069702,0.7986132,98.06911,50.30488
2014-03-12 05,17.42532,0.81737685,105.691055,53.353657
2014-03-12 06,25.352694,1.7376195,122.641136,46.341465
2014-03-12 07,25.072914,0.81567717,99.085365,46.646343
2014-03-12 08,29.338549,1.7376195,95.52846,49.69512
2014-03-12 09,27.204834,0.8100254,96.544716,40.592033
2014-03-12 10,25.32852,1.520417,122.94776,40.661713
2014-03-12 11,25.19636,1.520417,91.97154,36.280487
2014-03-12 12,25.782362,0.8130267,94.00407,47.560974
2014-03-12 13,25.138346,1.7376195,84.349594,40.73586
2014-03-12 14,25.184736,1.520417,89.939026,40.32182
2014-03-12 15,23.11522,1.520417,83.84146,39.77699
2014-03-12 16,24.182077,1.7376195,101.11789,40.55402
2014-03-12 17,25.316057,2.1720243,110.26423,41.159546
2014-03-12 18,25.52265,2.606429,141.7683,41.437397
2014-03-12 19,25.298527,1.7376195,202.7439,71.64634
2014-03-12 20,28.093882,0.8241741,125.74989,76.21951
2014-03-12 21,25.130613,1.7376195,167.68292,65.54878
2014-03-12 22,25.562115,1.7376195,168.69919,63.414635
2014-03-12 23,20.803698,1.7376195,123.02718,41.568413
2014-03-13 00,25.354753,1.7376195,123.02639,41.775867
2014-03-13 01,25.23606,0.78671527,122.48028,49.085365
2014-03-13 02,17.069702,1.7376195,122.22923,44.817074
2014-03-13 03,16.714083,1.7376195,105.18293,48.780487
2014-03-13 04,16.891891,1.7376195,102.64227,44.207317
2014-03-13 05,25.459328,1.7376195,122.76637,50.0
2014-03-13 06,25.054464,1.7376195,80.79269,40.537823
2014-03-13 07,29.871977,1.7376195,98.06911,44.207317
2014-03-13 08,28.982933,1.7376195,98.57723,41.76829
2014-03-13 09,26.849218,1.9548218,123.87785,43.59756
2014-03-13 10,25.426743,0.81957865,97.560974,40.30322
2014-03-13 11,25.316746,0.79701155,97.560974,38.109756
2014-03-13 12,25.96017,0.7817033,122.73481,39.939026
2014-03-13 13,26.849218,1.7376195,85.36585,27.134146
2014-03-13 14,25.071123,1.520417,82.31707,29.878048
2014-03-13 15,25.071123,1.520417,89.43089,40.14094
2014-03-13 16,24.182077,0.81640583,80.79269,33.23171
2014-03-13 17,24.182077,1.7376195,99.085365,39.939026
2014-03-13 18,26.493599,0.79820967,117.37805,45.121952
2014-03-13 19,27.916075,1.7376195,189.53252,73.47561
2014-03-13 20,28.449503,1.9548218,127.21504,72.86585
2014-03-13 21,25.426743,1.7376195,168.19106,69.51219
2014-03-13 22,25.16171,1.7376195,165.65039,41.636692
2014-03-13 23,20.803698,1.7376195,153.96341,65.85366
2014-03-14 00,19.025604,1.7376195,141.7683,46.341465
2014-03-14 01,25.340155,1.7376195,110.26423,41.11594
2014-03-14 02,17.24751,0.7983998,100.60976,46.341465
2014-03-14 03,16.536274,1.7376195,103.65854,41.06619
2014-03-14 04,17.24751,1.7376195,97.560974,40.17482
2014-03-14 05,17.24751,1.7376195,101.11789,42.987804
2014-03-14 06,25.564346,1.7376195,121.90717,34.756096
2014-03-14 07,25.12326,0.80693233,103.65854,39.02439
2014-03-14 08,28.982933,1.7376195,107.21545,39.634148
2014-03-14 09,28.271692,0.86880976,102.13415,38.109756
2014-03-14 10,26.493599,1.3032146,117.88618,40.60744
2014-03-14 11,27.916075,1.3032146,111.78862,42.987804
2014-03-14 12,25.451948,1.3032146,113.31301,40.83781
2014-03-14 13,25.043663,0.80450565,110.772354,40.25007
2014-03-14 14,25.426743,1.7376195,101.11789,40.853657
2014-03-14 15,25.45201,1.7376195,123.134605,40.947525
2014-03-14 16,24.537695,1.7376195,122.21443,41.464207
2014-03-14 17,25.782362,0.80739635,111.78862,51.219513
2014-03-14 18,25.426743,2.1720243,125.50813,40.40895
2014-03-14 19,27.916075,0.8149309,192.5813,72.86585
2014-03-14 20,27.916075,2.8236315,126.96668,71.64634
2014-03-14 21,24.537695,0.8116175,177.3374,66.15854
2014-03-14 22,22.403982,0.78930265,162.09349,40.58355
2014-03-14 23,20.803698,1.7376195,150.40652,65.85366
2014-03-15 00,25.472483,1.7376195,121.25831,40.92142
2014-03-15 01,18.136559,1.7376195,112.80488,47.256096
2014-03-15 02,17.60313,1.7376195,113.31301,47.256096
2014-03-15 03,16.891891,1.7376195,106.70731,41.071014
2014-03-15 04,17.24751,1.7376195,122.02478,42.682926
2014-03-15 05,17.60313,2.1720243,97.560974,41.76829
2014-03-15 06,25.083893,0.7783988,119.43085,41.324768
2014-03-15 07,21.514936,1.7376195,86.89024,40.375656
2014-03-15 08,26.849218,0.79408723,108.73984,34.146343
2014-03-15 09,29.871977,3.040834,122.50259,30.792683
2014-03-15 10,29.871977,1.9548218,123.92228,41.101097
2014-03-15 11,25.35017,1.7376195,122.34118,41.434826
2014-03-15 12,25.59391,0.7737725,120.18182,30.792683
2014-03-15 13,29.694168,1.7376195,130.58943,41.0515
2014-03-15 14,25.376932,1.7376195,117.37805,37.5
2014-03-15 15,27.204834,1.7376195,133.63821,41.435337
2014-03-15 16,26.849218,0.7839123,122.99588,41.76829
2014-03-15 17,27.738264,1.9548218,122.94458,38.719513
2014-03-15 18,25.37747,1.7376195,135.67073,47.560974
2014-03-15 19,29.16074,0.78152096,199.187,40.754242
2014-03-15 20,28.62731,1.7376195,190.54878,42.09492
2014-03-15 21,24.893314,0.82498884,129.25436,90.54878
2014-03-15 22,25.002464,0.8107775,155.99594,85.67073
2014-03-15 23,25.473022,1.7376195,160.06097,73.17073
2014-03-16 00,25.329216,0.80942744,123.574425,64.02439
2014-03-16 01,18.847795,0.78979224,119.85901,40.926132
2014-03-16 02,25.270218,1.7376195,105.691055,53.048782
2014-03-16 03,16.891891,1.520417,92.479675,50.609756
2014-03-16 04,25.277952,1.520417,94.51219,52.743904
2014-03-16 05,25.12316,0.7932854,122.238045,50.609756
2014-03-16 06,25.117537,0.81594574,76.727646,43.292683
2014-03-16 07,20.27027,0.8212399,75.71138,39.936832
2014-03-16 08,25.47871,1.7376195,120.048134,30.182926
2014-03-16 09,30.049786,1.7376195,107.72358,35.365852
2014-03-16 10,30.405405,1.7376195,122.78833,41.424397
2014-03-16 11,31.294453,1.7376195,168.19106,36.280487
2014-03-16 12,32.36131,1.7376195,124.526665,40.68487
2014-03-16 13,30.583214,1.7376195,125.50813,35.67073
2014-03-16 14,28.093882,0.798806,117.37805,40.352016
2014-03-16 15,28.271692,1.520417,121.98732,36.585365
2014-03-16 16,26.31579,1.7376195,121.39603,32.92683
2014-03-16 17,27.204834,0.79387075,108.73984,38.109756
2014-03-16 18,25.169954,1.7376195,123.06602,54.26829
2014-03-16 19,25.185091,0.77697635,165.65039,41.503998
2014-03-16 20,27.382647,0.82546484,126.27499,72.86585
2014-03-16 21,25.174345,1.7376195,124.524704,67.98781
2014-03-16 22,25.523413,1.7376195,121.65716,41.439735
2014-03-16 23,22.048365,0.8031389,130.58943,63.719513
2014-03-17 00,25.107735,0.78918505,126.01626,40.992447
2014-03-17 01,18.847795,0.80582297,106.70731,40.710827
2014-03-17 02,18.314367,1.7376195,98.06911,52.743904
2014-03-17 03,25.414358,1.520417,121.00714,41.146038
2014-03-17 04,18.314367,1.7376195,96.03658,40.86454
2014-03-17 05,18.492176,0.80006576,121.03131,40.903748
2014-03-17 06,22.93741,1.7376195,82.31707,44.207317
2014-03-17 07,32.1835,1.7376195,97.05285,38.719513
2014-03-17 08,25.548643,1.7376195,123.34334,40.853657
2014-03-17 09,25.464882,1.7376195,120.78118,38.719513
2014-03-17 10,26.849218,0.81022316,101.626015,37.19512
2014-03-17 11,25.284508,0.77014965,119.281006,38.109756
2014-03-17 12,25.316898,0.7904712,77.74391,37.5
2014-03-17 13,25.264832,1.520417,122.59145,41.46804
2014-03-17 14,25.782362,1.3032146,122.90246,34.451218
2014-03-17 15,24.715506,1.520417,74.69512,40.37681
2014-03-17 16,24.359886,1.7376195,95.52846,33.23171
2014-03-17 17,24.182077,0.79534715,94.00407,39.02439
2014-03-17 18,26.31579,2.1720243,123.96703,43.59756
2014-03-17 19,25.32248,0.78576005,183.43495,41.618977
2014-03-17 20,25.25652,0.79987985,185.46747,71.95122
2014-03-17 21,26.137981,1.7376195,181.40244,40.995304
2014-03-17 22,23.29303,1.7376195,126.04909,73.78049
2014-03-17 23,25.361483,1.7376195,152.94717,41.439384
2014-03-18 00,19.381224,0.7851659,135.1626,40.758896
2014-03-18 01,17.78094,1.7376195,107.72358,52.439026
2014-03-18 02,17.78094,0.79893637,102.64227,40.774323
2014-03-18 03,25.158773,1.7376195,102.13415,48.17073
2014-03-18 04,17.78094,1.7376195,121.58106,50.0
2014-03-18 05,18.136559,1.7376195,93.49593,50.914635
2014-03-18 06,22.93741,0.82779443,82.31707,40.18959
2014-03-18 07,25.426592,1.7376195,98.57723,50.30488
2014-03-18 08,25.373098,0.808326,89.939026,40.097633
2014-03-18 09,25.465311,0.79593444,95.52846,39.02439
2014-03-18 10,25.604553,1.520417,111.78862,40.75356
2014-03-18 11,26.31579,1.520417,122.44311,31.09756
2014-03-18 12,25.193361,0.7909551,110.772354,37.80488
2014-03-18 13,25.237392,0.7806069,120.09668,32.317074
2014-03-18 14,24.004267,1.7376195,123.6118,40.92434
2014-03-18 15,25.08227,1.7376195,86.38211,40.75982
2014-03-18 16,23.826458,0.79360515,121.5725,41.022327
2014-03-18 17,26.493599,1.7376195,101.626015,41.158535
2014-03-18 18,25.479053,2.1720243,126.01626,42.987804
2014-03-18 19,28.982933,0.7944893,124.21496,63.109756
2014-03-18 20,27.738264,1.7376195,193.59756,67.37805
2014-03-18 21,26.849218,0.78087,172.76422,40.847473
2014-03-18 22,25.534235,1.7376195,154.97968,41.678627
2014-03-18 23,25.154795,1.7376195,124.80582,57.621952
2014-03-19 00,19.559032,1.7376195,137.19513,50.0
2014-03-19 01,18.314367,1.7376195,123.567696,48.17073
2014-03-19 02,17.78094,0.7953534,113.82114,50.0
2014-03-19 03,17.24751,0.7925754,105.691055,44.512196
2014-03-19 04,25.39156,0.80412316,105.691055,45.42683
2014-03-19 05,25.131693,1.7376195,103.65854,53.658535
2014-03-19 06,23.29303,0.8020725,83.333336,45.73171
2014-03-19 07,32.716927,1.7376195,100.10162,40.13805
2014-03-19 08,32.894737,0.8120735,102.64227,44.207317
2014-03-19 09,25.249117,1.7376195,96.544716,38.414635
2014-03-19 10,26.849218,1.520417,103.150406,40.8009
2014-03-19 11,28.271692,1.520417,121.566154,39.02439
2014-03-19 12,25.96017,1.520417,104.166664,40.70102
2014-03-19 13,25.248934,0.7975005,99.5935,36.890244
2014-03-19 14,25.071123,0.78167903,119.66047,35.365852
2014-03-19 15,24.182077,0.8111839,115.85366,40.2271
2014-03-19 16,27.382647,0.8050311,111.28049,32.317074
2014-03-19 17,27.738264,2.1720243,123.47561,40.591003
2014-03-19 18,27.027029,2.606429,156.50406,45.42683
2014-03-19 19,28.80512,0.81133753,195.63008,65.243904
2014-03-19 20,27.204834,1.7376195,199.69513,68.29269
2014-03-19 21,25.277306,1.7376195,124.528366,65.243904
2014-03-19 22,25.353954,0.8152084,161.58537,70.42683
2014-03-19 23,21.692745,1.7376195,150.91463,41.518448
2014-03-20 00,19.559032,1.7376195,134.14635,41.269432
2014-03-20 01,18.136559,1.7376195,109.756096,47.256096
2014-03-20 02,17.78094,1.7376195,102.64227,44.512196
2014-03-20 03,25.360323,0.8158152,95.020325,44.512196
2014-03-20 04,17.78094,1.7376195,97.560974,40.990593
2014-03-20 05,25.32949,1.7376195,122.4393,43.90244
2014-03-20 06,22.93741,0.7866983,122.527016,41.318855
2014-03-20 07,31.650072,1.7376195,99.085365,40.032825
2014-03-20 08,29.516361,0.81096315,104.166664,40.853657
2014-03-20 09,28.093882,1.9548218,122.79414,40.834393
2014-03-20 10,25.476624,1.7376195,106.70731,44.512196
2014-03-20 11,26.671406,1.7376195,122.78148,40.91903
2014-03-20 12,25.51799,1.7376195,120.67837,32.621952
2014-03-20 13,25.207111,0.79454577,121.762665,41.36746
2014-03-20 14,24.359886,1.520417,101.11789,36.280487
2014-03-20 15,23.29303,0.8058245,107.21545,42.987804
2014-03-20 16,22.93741,0.8173539,96.544716,42.378048
2014-03-20 17,25.449387,1.7376195,118.90244,40.390846
2014-03-20 18,27.204834,0.7782692,120.73877,43.292683
2014-03-20 19,25.44315,0.78786373,203.76016,66.768295
2014-03-20 20,28.271692,1.9548218,214.93903,77.439026
2014-03-20 21,27.027029,1.7376195,198.17073,41.288937
2014-03-20 22,25.071123,1.7376195,124.56112,67.68293
2014-03-20 23,25.14263,1.7376195,123.02427,41.440502
2014-03-21 00,20.09246,0.7989824,130.58943,49.390244
2014-03-21 01,19.025604,1.7376195,111.78862,48.17073
2014-03-21 02,17.78094,0.8126188,106.70731,45.42683
2014-03-21 03,17.24751,1.7376195,121.73552,44.817074
2014-03-21 04,17.60313,1.7376195,99.5935,39.634148
2014-03-21 05,17.78094,1.7376195,120.97779,49.69512
2014-03-21 06,22.93741,0.8029134,122.421265,40.57263
2014-03-21 07,31.650072,1.7376195,124.20862,40.87156
2014-03-21 08,28.62731,1.7376195,98.57723,48.47561
2014-03-21 09,25.504595,0.7950808,120.25148,41.02667
2014-03-21 10,25.426743,1.3032146,115.85366,54.878048
2014-03-21 11,25.447393,1.3032146,104.6748,52.439026
2014-03-21 12,24.715506,1.3032146,104.166664,40.23886
2014-03-21 13,23.648647,1.7376195,99.085365,46.341465
2014-03-21 14,24.182077,1.7376195,91.46341,49.390244
2014-03-21 15,22.581793,1.7376195,121.29288,40.901276
2014-03-21 16,22.226173,1.7376195,105.691055,54.26829
2014-03-21 17,22.759602,0.8173557,106.19919,40.738438
2014-03-21 18,23.826458,0.7873504,121.34387,56.40244
2014-03-21 19,25.223204,0.8141396,123.652275,73.47561
2014-03-21 20,25.604553,2.8236315,201.72765,42.586823
2014-03-21 21,25.488302,1.7376195,179.87805,78.65854
2014-03-21 22,25.215525,1.7376195,167.68292,71.95122
2014-03-21 23,25.503132,1.7376195,122.9247,41.62393
2014-03-22 00,19.381224,1.7376195,151.9309,41.35186
2014-03-22 01,25.392572,1.7376195,122.94944,52.439026
2014-03-22 02,25.462025,1.7376195,106.19919,41.200638
2014-03-22 03,17.069702,0.7990423,107.21545,46.036587
2014-03-22 04,17.24751,1.7376195,108.73984,47.560974
2014-03-22 05,17.60313,2.1720243,107.21545,40.815624
2014-03-22 06,19.203413,0.8171337,73.17073,45.121952
2014-03-22 07,21.514936,1.7376195,83.84146,48.17073
2014-03-22 08,25.189177,2.1720243,121.903206,47.865852
2014-03-22 09,29.694168,0.792217,121.382256,40.256317
2014-03-22 10,28.449503,0.80808526,122.814545,51.82927
2014-03-22 11,28.093882,1.7376195,123.062164,42.378048
2014-03-22 12,25.509764,1.7376195,144.30894,37.19512
2014-03-22 13,25.127375,0.77739066,119.07671,40.548782
2014-03-22 14,27.027029,1.7376195,139.73578,40.433758
2014-03-22 15,25.460772,1.7376195,148.37398,48.17073
2014-03-22 16,24.004267,1.7376195,122.61082,51.219513
2014-03-22 17,25.33421,0.78042483,122.430954,45.73171
2014-03-22 18,24.715506,1.7376195,142.78455,40.673508
2014-03-22 19,25.063631,0.8159463,122.24551,67.68293
2014-03-22 20,26.849218,1.7376195,121.55222,40.56673
2014-03-22 21,25.592989,1.7376195,182.4187,63.719513
2014-03-22 22,25.27232,1.7376195,175.813,71.95122
2014-03-22 23,25.351633,1.7376195,171.23984,75.914635
2014-03-23 00,19.203413,1.7376195,151.42276,62.19512
2014-03-23 01,18.314367,3.475239,119.9187,53.658535
2014-03-23 02,17.78094,0.79240406,121.07283,50.0
2014-03-23 03,16.891891,1.520417,121.164764,44.817074
2014-03-23 04,17.24751,1.520417,105.18293,40.274227
2014-03-23 05,17.42532,0.78243375,120.74726,40.902554
2014-03-23 06,18.669987,0.7803054,118.956894,41.264874
2014-03-23 07,19.559032,1.7376195,122.738335,40.243904
2014-03-23 08,23.29303,1.7376195,121.89703,39.939026
2014-03-23 09,27.382647,1.7376195,98.57723,39.32927
2014-03-23 10,25.249609,1.7376195,137.19513,41.363937
2014-03-23 11,28.982933,1.7376195,160.06097,49.085365
2014-03-23 12,29.16074,0.81007105,161.07724,54.26829
2014-03-23 13,28.62731,1.7376195,125.287766,58.841465
2014-03-23 14,25.035536,0.80247533,114.837395,40.272156
2014-03-23 15,25.40592,0.8026471,113.82114,46.341465
2014-03-23 16,24.893314,1.7376195,121.838165,48.47561
2014-03-23 17,24.715506,1.7376195,114.32927,52.743904
2014-03-23 18,25.071123,1.7376195,123.57315,59.451218
2014-03-23 19,27.916075,0.80650157,184.95935,71.34146
2014-03-23 20,28.982933,1.7376195,127.18836,74.39024
2014-03-23 21,27.027029,0.82308125,123.68641,73.17073
2014-03-23 22,23.648647,0.8164922,168.69919,67.37805
2014-03-23 23,21.337126,0.79932326,123.58181,63.414635
2014-03-24 00,19.203413,1.7376195,121.56846,52.134148
2014-03-24 01,25.02484,0.81012946,111.28049,40.540554
2014-03-24 02,25.128242,1.7376195,105.18293,50.0
2014-03-24 03,17.24751,1.520417,98.06911,46.951218
2014-03-24 04,25.454103,1.7376195,123.32491,41.296967
2014-03-24 05,25.257038,1.7376195,97.560974,52.743904
2014-03-24 06,25.35572,1.7376195,76.21951,47.865852
2014-03-24 07,25.08411,1.7376195,102.13415,40.540527
2014-03-24 08,25.14136,1.7376195,121.88195,48.780487
2014-03-24 09,26.493599,1.7376195,99.5935,55.487804
2014-03-24 10,25.403952,1.7376195,117.37805,41.01215
2014-03-24 11,25.156605,1.3032146,121.202675,41.54696
2014-03-24 12,24.359886,1.3032146,101.626015,60.365852
2014-03-24 13,26.493599,1.520417,96.544716,40.03053
2014-03-24 14,26.31579,1.3032146,86.38211,60.97561
2014-03-24 15,25.256731,1.520417,124.05132,73.78049
2014-03-24 16,25.58909,1.7376195,123.498344,41.672447
2014-03-24 17,22.581793,1.7376195,110.772354,40.89041
2014-03-24 18,24.893314,2.1720243,122.35368,41.379158
2014-03-24 19,27.738264,1.7376195,207.31708,97.560974
2014-03-24 20,27.027029,0.8212441,219.51219,88.71951
2014-03-24 21,26.849218,1.7376195,183.94308,86.585365
2014-03-24 22,23.29303,1.7376195,125.98963,82.31707
2014-03-24 23,25.114395,1.7376195,149.89838,86.89024
2014-03-25 00,25.513966,1.7376195,135.1626,67.98781
2014-03-25 01,17.78094,1.7376195,121.71392,57.92683
2014-03-25 02,25.241245,0.8166698,104.166664,57.621952
2014-03-25 03,16.891891,1.7376195,105.691055,60.97561
2014-03-25 04,25.021793,0.80344594,101.11789,57.317074
2014-03-25 05,25.057192,1.7376195,102.64227,54.878048
2014-03-25 06,21.514936,0.8152243,81.808945,51.82927
2014-03-25 07,25.451855,1.7376195,111.28049,53.353657
2014-03-25 08,28.093882,0.8095099,121.93808,53.658535
2014-03-25 09,25.604553,0.79010767,121.67627,49.390244
2014-03-25 10,25.443592,1.520417,114.32927,52.439026
2014-03-25 11,25.492096,1.520417,111.28049,52.134148
2014-03-25 12,25.19135,1.3032146,107.72358,61.585365
2014-03-25 13,24.715506,1.7376195,122.8172,41.24208
2014-03-25 14,25.30305,1.7376195,101.626015,60.365852
2014-03-25 15,22.048365,1.7376195,112.80488,62.19512
2014-03-25 16,21.337126,1.7376195,121.279495,41.227238
2014-03-25 17,21.692745,1.7376195,112.80488,40.866352
2014-03-25 18,24.893314,0.7943068,150.91463,41.107487
2014-03-25 19,25.462229,1.7376195,222.05284,78.04878
2014-03-25 20,25.522163,1.7376195,230.18294,42.406425
2014-03-25 21,25.358362,1.7376195,125.43541,81.097565
2014-03-25 22,23.29303,1.7376195,166.66667,41.90007
2014-03-25 23,20.981508,1.7376195,161.58537,82.31707
2014-03-26 00,19.025604,1.7376195,140.75203,72.86585
2014-03-26 01,17.24751,1.7376195,112.80488,67.68293
2014-03-26 02,17.069702,1.520417,121.50484,40.67947
2014-03-26 03,16.714083,0.803067,123.65149,65.54878
2014-03-26 04,17.24751,1.7376195,106.70731,53.048782
2014-03-26 05,17.24751,1.7376195,106.70731,64.32927
2014-03-26 06,20.803698,1.7376195,82.31707,56.40244
2014-03-26 07,25.255905,1.7376195,106.19919,61.890244
2014-03-26 08,25.277151,0.80731857,112.296745,41.011463
2014-03-26 09,26.493599,1.7376195,122.67871,47.256096
2014-03-26 10,23.470839,1.520417,127.54066,46.646343
2014-03-26 11,24.537695,0.79679424,121.44309,39.948383
2014-03-26 12,25.369637,0.7941144,121.95122,40.968056
2014-03-26 13,25.404797,1.7376195,108.73984,51.52439
2014-03-26 14,25.071123,1.520417,124.18967,55.182926
2014-03-26 15,23.470839,0.82334644,92.479675,54.878048
2014-03-26 16,22.581793,1.7376195,106.19919,57.92683
2014-03-26 17,22.226173,0.79406106,117.88618,40.47937
2014-03-26 18,25.248934,2.606429,151.42276,65.243904
2014-03-26 19,27.204834,1.7376195,129.04428,96.34146
2014-03-26 20,27.027029,0.78790873,120.438126,40.348778
2014-03-26 21,25.604553,1.7376195,127.04186,82.62195
2014-03-26 22,25.239601,1.7376195,126.197815,88.414635
2014-03-26 23,20.625889,0.791804,163.61789,40.58591
2014-03-27 00,25.480524,0.7969051,135.67073,41.10332
2014-03-27 01,17.60313,1.7376195,118.39431,40.95284
2014-03-27 02,25.197676,1.7376195,112.80488,40.56738
2014-03-27 03,16.891891,1.7376195,108.73984,57.621952
2014-03-27 04,17.24751,1.7376195,106.19919,41.3188
2014-03-27 05,17.60313,1.7376195,104.6748,56.40244
2014-03-27 06,20.44808,0.79113257,121.52362,56.707317
2014-03-27 07,29.694168,1.7376195,105.691055,40.740147
2014-03-27 08,27.382647,1.7376195,111.28049,54.26829
2014-03-27 09,25.782362,1.9548218,105.18293,51.219513
2014-03-27 10,24.715506,1.7376195,129.06505,51.219513
2014-03-27 11,26.493599,1.7376195,123.35818,40.965076
2014-03-27 12,25.782362,1.7376195,126.52439,57.92683
2014-03-27 13,25.147675,0.813075,115.85366,54.26829
2014-03-27 14,24.182077,1.520417,97.560974,58.23171
2014-03-27 15,22.93741,0.79576,122.02715,58.841465
2014-03-27 16,21.870554,1.7376195,113.31301,40.940166
2014-03-27 17,22.048365,1.7376195,118.90244,66.46342
2014-03-27 18,24.004267,1.520417,137.70325,78.04878
2014-03-27 19,27.382647,0.8189674,229.67479,92.07317
2014-03-27 20,27.03912,0.7172614,231.70732,116.46342
2014-03-27 21,25.248934,0.79005694,196.64635,104.268295
2014-03-27 22,22.403982,1.7376195,178.35365,87.5
2014-03-27 23,20.27027,1.7376195,122.184525,41.631725
2014-03-28 00,25.31579,1.7376195,143.80081,66.46342
2014-03-28 01,25.380144,0.8096613,118.39431,64.32927
2014-03-28 02,25.414917,1.7376195,110.772354,41.258224
2014-03-28 03,25.266024,1.7376195,123.5228,63.719513
2014-03-28 04,17.069702,0.80003965,109.24797,57.621952
2014-03-28 05,17.069702,1.7376195,106.19919,40.233665
2014-03-28 06,20.09246,0.80747753,89.939026,54.878048
2014-03-28 07,29.516361,1.7376195,101.11789,59.756096
2014-03-28 08,27.738264,1.7376195,110.772354,40.582947
2014-03-28 09,26.849218,0.80863273,99.085365,55.792683
2014-03-28 10,25.124203,1.3032146,125.50813,61.280487
2014-03-28 11,25.071123,1.3032146,127.032524,58.841465
2014-03-28 12,25.426743,1.3032146,121.44309,62.5
2014-03-28 13,25.248934,0.82088107,111.28049,61.280487
2014-03-28 14,24.004267,0.8189566,96.544716,40.58929
2014-03-28 15,22.93741,1.7376195,107.72358,55.487804
2014-03-28 16,25.403301,0.8021759,122.967476,66.768295
2014-03-28 17,25.4129,1.520417,124.627014,75.60976
2014-03-28 18,26.493599,2.1720243,125.776,76.82927
2014-03-28 19,27.738264,1.7376195,220.52846,41.51569
2014-03-28 20,28.093882,2.8236315,230.18294,104.87805
2014-03-28 21,25.426743,1.7376195,130.74355,103.04878
2014-03-28 22,22.759602,1.7376195,121.4548,41.514988
2014-03-28 23,20.625889,1.7376195,122.05221,40.74772
2014-03-29 00,19.381224,1.7376195,121.43566,40.768726
2014-03-29 01,17.78094,0.7816093,121.00843,40.71815
2014-03-29 02,17.069702,0.81503475,120.42683,60.97561
2014-03-29 03,16.714083,0.8100968,116.86992,62.19512
2014-03-29 04,25.33124,1.7376195,109.756096,40.67594
2014-03-29 05,17.24751,0.80376637,107.21545,57.621952
2014-03-29 06,18.492176,1.7376195,71.64634,53.048782
2014-03-29 07,25.320992,0.8245477,92.479675,52.743904
2014-03-29 08,24.359886,2.1720243,100.60976,59.451218
2014-03-29 09,28.449503,0.82736397,112.80488,60.365852
2014-03-29 10,28.62731,0.7983556,144.81708,58.536587
2014-03-29 11,27.916075,0.8152766,138.71951,49.69512
2014-03-29 12,28.982933,0.7869677,121.11647,40.928944
2014-03-29 13,28.271692,1.7376195,138.21138,44.512196
2014-03-29 14,26.671406,0.7864662,123.82713,54.878048
2014-03-29 15,25.782362,0.8089358,142.78455,53.048782
2014-03-29 16,24.537695,0.79684097,122.53478,48.17073
2014-03-29 17,24.537695,0.78508264,122.63781,40.962032
2014-03-29 18,24.893314,0.78944623,121.44606,50.609756
2014-03-29 19,26.31579,1.7376195,221.54471,69.20731
2014-03-29 20,26.137981,1.7376195,127.69549,92.37805
2014-03-29 21,25.17171,1.7376195,197.6626,92.68293
2014-03-29 22,22.759602,1.7376195,170.7317,85.97561
2014-03-29 23,25.35294,0.78461194,121.3633,40.501957
2014-03-30 00,25.447243,1.7376195,120.66177,41.096466
2014-03-30 01,0.0,0.0,0.0,0.0
2014-03-30 02,18.136559,0.0,126.01626,55.792683
2014-03-30 03,17.24751,0.8134821,117.88618,41.042194
2014-03-30 04,16.714083,1.520417,111.78862,53.048782
2014-03-30 05,17.24751,1.7376195,109.24797,40.5617
2014-03-30 06,17.78094,1.7376195,122.29663,40.77576
2014-03-30 07,18.314367,1.7376195,123.01355,55.487804
2014-03-30 08,20.44808,1.7376195,86.89024,58.536587
2014-03-30 09,25.475876,1.7376195,101.11789,55.487804
2014-03-30 10,25.604553,1.7376195,122.212524,49.69512
2014-03-30 11,28.449503,1.7376195,185.97562,53.658535
2014-03-30 12,28.982933,1.7376195,193.08943,41.182262
2014-03-30 13,28.449503,1.7376195,152.43903,64.02439
2014-03-30 14,28.271692,0.7983893,123.70007,58.841465
2014-03-30 15,25.52094,1.520417,123.80769,63.109756
2014-03-30 16,25.067966,0.8150658,123.47561,56.707317
2014-03-30 17,23.648647,1.7376195,130.58943,49.085365
2014-03-30 18,22.93741,1.7376195,132.62195,53.353657
2014-03-30 19,25.505842,1.9548218,172.76422,71.03658
2014-03-30 20,25.46848,1.7376195,204.2683,73.47561
2014-03-30 21,26.493599,0.8195311,206.30081,83.84146
2014-03-30 22,25.13464,1.7376195,126.5924,80.48781
2014-03-30 23,22.048365,0.8185806,171.74797,78.35366
2014-03-31 00,19.559032,1.7376195,154.97968,41.770737
2014-03-31 01,17.78094,1.7376195,128.04878,60.365852
2014-03-31 02,16.891891,0.79192793,122.72619,56.09756
2014-03-31 03,25.195665,1.520417,123.430954,53.048782
2014-03-31 04,25.101355,1.7376195,109.24797,58.23171
2014-03-31 05,25.460949,1.7376195,109.24797,52.134148
2014-03-31 06,19.736841,0.78995466,121.68664,41.025234
2014-03-31 07,28.271692,0.82493544,108.231705,56.40244
2014-03-31 08,27.560457,0.8132842,112.296745,57.621952
2014-03-31 09,24.359886,1.7376195,101.11789,40.642258
2014-03-31 10,24.537695,0.81411517,107.72358,40.197372
2014-03-31 11,24.537695,0.8175089,100.10162,51.52439
2014-03-31 12,24.182077,1.3032146,122.07658,41.440266
2014-03-31 13,25.25137,1.520417,104.6748,55.182926
2014-03-31 14,25.07627,1.3032146,95.52846,55.792683
2014-03-31 15,21.514936,0.8077636,124.0281,62.5
2014-03-31 16,25.06349,1.7376195,105.691055,58.23171
2014-03-31 17,22.403982,1.7376195,108.231705,56.707317
2014-03-31 18,25.100138,2.1720243,135.67073,64.32927
2014-03-31 19,25.782362,0.78994346,199.69513,67.98781
2014-03-31 20,27.382647,1.7376195,219.00406,79.57317
2014-03-31 21,26.493599,1.7376195,220.52846,89.63415
2014-03-31 22,23.29303,1.7376195,182.92682,84.14634
2014-03-31 23,21.514936,1.7376195,126.756905,82.31707
2014-04-01 00,19.203413,0.8090169,147.86588,66.15854
2014-04-01 01,25.427122,1.7376195,117.88618,59.756096
2014-04-01 02,16.891891,1.7376195,122.08151,60.060974
2014-04-01 03,25.460094,1.7376195,113.31301,40.99619
2014-04-01 04,16.536274,0.79134107,121.369125,41.17961
2014-04-01 05,17.069702,0.794772,108.231705,54.26829
2014-04-01 06,25.23166,1.7376195,122.766815,41.481106
2014-04-01 07,25.177324,1.7376195,119.9187,61.280487
2014-04-01 08,27.204834,1.7376195,113.82114,56.707317
2014-04-01 09,24.537695,1.7376195,109.756096,55.182926
2014-04-01 10,25.508436,1.520417,121.44309,40.3999
2014-04-01 11,25.233004,1.520417,132.11382,56.09756
2014-04-01 12,23.29303,0.8166604,128.55692,57.317074
2014-04-01 13,24.004267,0.8111358,112.80488,56.707317
2014-04-01 14,23.470839,1.7376195,110.772354,56.40244
2014-04-01 15,21.692745,1.7376195,125.12671,68.29269
2014-04-01 16,21.870554,1.7376195,113.31301,72.256096
2014-04-01 17,25.191414,1.7376195,125.68101,76.82927
2014-04-01 18,24.182077,2.1720243,174.79675,80.48781
2014-04-01 19,25.269485,1.7376195,120.59483,41.004723
2014-04-01 20,28.093882,0.8131521,244.9187,88.414635
2014-04-01 21,25.394882,1.7376195,127.96816,91.46342
2014-04-01 22,23.470839,0.8048534,201.72765,91.15854
2014-04-01 23,25.215626,1.7376195,169.20732,80.79269
2014-04-02 00,19.381224,1.7376195,123.102486,67.07317
2014-04-02 01,17.78094,1.7376195,126.01626,41.091484
2014-04-02 02,25.28906,1.520417,116.86992,66.768295
2014-04-02 03,16.536274,1.7376195,114.32927,63.414635
2014-04-02 04,16.714083,1.7376195,124.45327,66.46342
2014-04-02 05,17.42532,1.7376195,111.78862,60.97561
2014-04-02 06,25.426365,0.80959916,105.18293,40.645283
2014-04-02 07,25.305042,1.7376195,104.166664,63.414635
2014-04-02 08,27.382647,1.7376195,124.14843,60.97561
2014-04-02 09,25.369164,1.7376195,123.33734,58.23171
2014-04-02 10,24.715506,0.8091132,118.39431,39.93161
2014-04-02 11,25.071123,1.520417,117.88618,47.256096
2014-04-02 12,25.177025,0.781553,122.53853,46.646343
2014-04-02 13,23.826458,0.7791251,119.76447,40.73423
2014-04-02 14,24.004267,1.520417,121.522446,41.096294
2014-04-02 15,22.93741,0.7897373,121.28226,40.310326
2014-04-02 16,25.347794,1.7376195,103.150406,46.646343
2014-04-02 17,22.403982,2.1720243,105.18293,53.658535
2014-04-02 18,24.893314,0.8050603,131.6057,41.085083
2014-04-02 19,27.560457,1.7376195,124.037,40.861927
2014-04-02 20,28.093882,1.7376195,212.39838,78.96342
2014-04-02 21,26.31579,1.7376195,200.20325,93.29269
2014-04-02 22,23.470839,1.7376195,126.88769,89.02439
2014-04-02 23,21.514936,1.7376195,170.22357,73.47561
2014-04-03 00,25.300135,1.7376195,123.570724,64.32927
2014-04-03 01,17.60313,1.7376195,125.12617,67.68293
2014-04-03 02,16.891891,1.7376195,112.80488,62.19512
2014-04-03 03,25.42744,1.7376195,116.86992,57.317074
2014-04-03 04,25.188526,1.7376195,108.73984,62.19512
2014-04-03 05,25.365572,1.7376195,111.78862,55.792683
2014-04-03 06,19.736841,0.80592716,121.7538,60.060974
2014-04-03 07,28.271692,1.7376195,122.79943,40.78653
2014-04-03 08,27.027029,1.7376195,109.756096,58.23171
2014-04-03 09,25.071123,0.80911165,122.31683,59.146343
2014-04-03 10,24.537695,0.8174014,117.88618,58.841465
2014-04-03 11,24.715506,1.7376195,122.967476,41.304535
2014-04-03 12,25.214314,1.7376195,116.86992,52.439026
2014-04-03 13,24.537695,1.7376195,106.70731,44.512196
2014-04-03 14,25.071123,1.520417,104.166664,40.8714
2014-04-03 15,23.11522,1.520417,124.03114,50.0
2014-04-03 16,22.403982,1.7376195,109.756096,40.845276
2014-04-03 17,22.403982,1.7376195,102.64227,51.52439
2014-04-03 18,23.826458,0.8047343,121.96651,57.317074
2014-04-03 19,25.360064,1.7376195,175.813,62.19512
2014-04-03 20,27.027029,1.9548218,195.12195,78.65854
2014-04-03 21,25.637058,1.7376195,213.92276,41.747555
2014-04-03 22,23.470839,1.7376195,128.60303,87.19512
2014-04-03 23,21.514936,0.81174576,169.20732,80.48781
2014-04-04 00,19.381224,1.7376195,142.78455,40.617207
2014-04-04 01,17.60313,1.7376195,124.00815,54.26829
2014-04-04 02,16.714083,1.7376195,114.837395,45.73171
2014-04-04 03,16.180655,0.8069631,107.72358,40.79617
2014-04-04 04,25.413782,1.7376195,108.231705,54.26829
2014-04-04 05,17.069702,0.78752357,122.50696,51.52439
2014-04-04 06,19.559032,1.7376195,108.231705,40.546066
2014-04-04 07,25.444584,1.7376195,107.21545,58.841465
2014-04-04 08,27.738264,0.8081039,103.150406,60.67073
2014-04-04 09,24.537695,0.86880976,105.691055,40.89398
2014-04-04 10,23.826458,1.3032146,120.42683,57.621952
2014-04-04 11,24.715506,1.3032146,120.93496,64.939026
2014-04-04 12,25.328098,1.3032146,124.68068,60.67073
2014-04-04 13,24.182077,1.7376195,122.818436,41.5262
2014-04-04 14,23.826458,1.7376195,127.54066,58.536587
2014-04-04 15,25.50475,1.7376195,125.27938,65.85366
2014-04-04 16,21.692745,1.7376195,121.44309,67.07317
2014-04-04 17,25.034672,1.520417,127.54066,66.15854
2014-04-04 18,25.207548,2.1720243,121.37484,41.266285
2014-04-04 19,24.893314,1.7376195,189.02438,41.696922
2014-04-04 20,24.893314,2.8236315,210.87398,100.30488
2014-04-04 21,23.470839,1.7376195,197.6626,41.8076
2014-04-04 22,25.295015,1.7376195,122.18448,40.681755
2014-04-04 23,20.625889,1.7376195,174.79675,102.13415
2014-04-05 00,19.203413,1.7376195,122.582634,41.481346
2014-04-05 01,17.78094,1.7376195,129.06505,82.31707
2014-04-05 02,25.196238,1.7376195,116.36179,40.30628
2014-04-05 03,16.891891,0.79391384,122.73117,71.95122
2014-04-05 04,25.234556,1.7376195,110.772354,68.597565
2014-04-05 05,25.298256,0.8063879,104.6748,59.451218
2014-04-05 06,17.60313,1.7376195,102.13415,40.599823
2014-04-05 07,19.559032,1.7376195,89.43089,45.73171
2014-04-05 08,23.11522,2.1720243,103.65854,44.512196
2014-04-05 09,26.137981,3.040834,139.73578,48.17073
2014-04-05 10,29.516361,0.79795825,164.63414,52.743904
2014-04-05 11,29.516361,1.7376195,166.66667,41.528046
2014-04-05 12,27.560457,1.7376195,124.40228,41.387432
2014-04-05 13,25.305346,1.7376195,181.40244,63.414635
2014-04-05 14,28.271692,0.8022939,174.28862,67.07317
2014-04-05 15,26.31579,0.80179995,176.32114,72.256096
2014-04-05 16,24.893314,1.7376195,159.04471,69.81707
2014-04-05 17,25.194208,1.9548218,160.06097,40.900513
2014-04-05 18,25.544525,0.77747166,182.4187,40.840324
2014-04-05 19,26.137981,0.7975361,203.25203,63.719513
2014-04-05 20,25.422773,0.7962254,230.18294,74.39024
2014-04-05 21,24.893314,0.828397,129.78065,91.15854
2014-04-05 22,22.581793,1.7376195,206.30081,42.003242
2014-04-05 23,21.337126,1.7376195,179.87805,88.10976
2014-04-06 00,20.27027,1.7376195,126.143745,76.21951
2014-04-06 01,18.314367,0.0,137.70325,40.768204
2014-04-06 02,17.24751,0.0,134.14635,57.012196
2014-04-06 03,17.24751,1.520417,128.04878,59.756096
2014-04-06 04,25.394207,1.520417,108.73984,49.69512
2014-04-06 05,17.24751,1.7376195,107.72358,47.865852
2014-04-06 06,25.115671,1.7376195,104.6748,54.57317
2014-04-06 07,25.201288,0.79667336,92.98781,48.780487
2014-04-06 08,21.692745,1.7376195,95.020325,49.085365
2014-04-06 09,25.18879,1.7376195,123.45106,41.631603
2014-04-06 10,25.303196,1.7376195,146.34146,54.57317
2014-04-06 11,28.982933,1.7376195,181.40244,41.832657
2014-04-06 12,30.583214,1.7376195,175.813,65.85366
2014-04-06 13,29.871977,1.7376195,157.01219,64.02439
2014-04-06 14,27.916075,1.7376195,146.34146,49.390244
2014-04-06 15,26.849218,0.7830058,121.00245,42.987804
2014-04-06 16,25.235273,1.7376195,122.66858,41.102016
2014-04-06 17,24.182077,0.79902446,119.41057,40.78883
2014-04-06 18,25.248934,1.7376195,114.32927,41.25357
2014-04-06 19,27.204834,1.9548218,122.8552,51.82927
2014-04-06 20,29.16074,0.79537904,123.141014,59.451218
2014-04-06 21,25.075573,1.7376195,192.5813,82.92683
2014-04-06 22,23.29303,0.80783767,188.51627,72.86585
2014-04-06 23,25.461857,1.7376195,165.14227,70.731705
2014-04-07 00,20.09246,1.7376195,139.22765,41.366604
2014-04-07 01,17.78094,1.7376195,121.44309,53.048782
2014-04-07 02,25.205652,1.7376195,110.772354,50.609756
2014-04-07 03,16.536274,0.77694184,120.06062,49.69512
2014-04-07 04,16.536274,1.7376195,104.166664,51.82927
2014-04-07 05,17.069702,1.7376195,121.246574,53.658535
2014-04-07 06,19.025604,1.7376195,96.03658,50.0
2014-04-07 07,25.383062,0.81201905,92.98781,44.512196
2014-04-07 08,28.982933,1.7376195,102.64227,42.682926
2014-04-07 09,27.916075,1.7376195,102.13415,40.606686
2014-04-07 10,25.426132,1.7376195,113.31301,60.365852
2014-04-07 11,27.382647,0.81081903,111.78862,62.19512
2014-04-07 12,25.14937,1.3032146,118.39431,40.34499
2014-04-07 13,26.849218,1.520417,124.896355,53.353657
2014-04-07 14,26.31579,1.3032146,97.05285,56.707317
2014-04-07 15,25.414438,1.520417,110.26423,59.146343
2014-04-07 16,22.759602,1.7376195,107.72358,53.353657
2014-04-07 17,23.29303,1.7376195,121.44309,55.792683
2014-04-07 18,24.359886,2.1720243,154.47154,61.585365
2014-04-07 19,26.671406,0.7732227,200.71138,41.379467
2014-04-07 20,29.16074,1.7376195,194.61382,68.29269
2014-04-07 21,26.31579,1.7376195,175.813,41.784386
2014-04-07 22,23.826458,1.7376195,125.515656,82.92683
2014-04-07 23,21.692745,1.7376195,164.12602,78.35366
2014-04-08 00,20.09246,1.7376195,142.78455,41.559757
2014-04-08 01,25.197222,1.7376195,120.93496,56.707317
2014-04-08 02,17.60313,0.79543537,121.44309,57.012196
2014-04-08 03,16.891891,0.8074341,107.72358,55.792683
2014-04-08 04,25.122202,0.8175933,105.691055,54.26829
2014-04-08 05,17.069702,0.7899968,106.19919,40.470818
2014-04-08 06,20.09246,0.8037671,122.31065,52.134148
2014-04-08 07,25.782362,1.7376195,104.166664,52.439026
2014-04-08 08,28.80512,1.7376195,124.994415,47.865852
2014-04-08 09,25.29434,1.7376195,108.73984,42.987804
2014-04-08 10,25.067457,0.8093432,116.86992,43.90244
2014-04-08 11,26.493599,1.520417,111.28049,40.646793
2014-04-08 12,27.382647,1.3032146,122.391106,42.987804
2014-04-08 13,25.426743,0.77582735,120.936806,32.621952
2014-04-08 14,24.715506,1.7376195,120.7133,29.268293
2014-04-08 15,23.11522,0.8037983,102.64227,32.92683
2014-04-08 16,25.354685,1.7376195,104.6748,40.147617
2014-04-08 17,23.29303,0.79543656,105.18293,40.79605
2014-04-08 18,25.426743,2.1720243,137.70325,42.682926
2014-04-08 19,25.367393,0.78732836,176.32114,41.211964
2014-04-08 20,25.393496,0.77824646,184.45122,55.487804
2014-04-08 21,25.477837,1.7376195,124.741776,68.902435
2014-04-08 22,25.20651,1.7376195,172.2561,66.15854
2014-04-08 23,21.870554,1.7376195,155.48782,41.551353
2014-04-09 00,19.914652,1.7376195,132.62195,41.41702
2014-04-09 01,17.78094,1.7376195,110.26423,44.817074
2014-04-09 02,25.28244,1.520417,106.19919,42.682926
2014-04-09 03,25.396704,1.7376195,96.03658,44.207317
2014-04-09 04,17.069702,0.80637646,95.52846,40.601997
2014-04-09 05,17.069702,1.7376195,92.98781,45.121952
2014-04-09 06,19.381224,1.7376195,95.020325,41.463413
2014-04-09 07,26.493599,1.7376195,88.414635,40.04255
2014-04-09 08,25.411343,1.7376195,88.92276,37.80488
2014-04-09 09,27.027029,1.7376195,94.00407,39.924084
2014-04-09 10,25.96017,1.520417,121.49533,38.109756
2014-04-09 11,25.545887,1.520417,110.26423,34.451218
2014-04-09 12,25.248934,1.520417,120.42683,40.67023
2014-04-09 13,26.671406,1.7376195,111.78862,33.841465
2014-04-09 14,25.96017,0.7858885,121.3164,36.280487
2014-04-09 15,25.246054,1.520417,105.18293,38.719513
2014-04-09 16,25.282515,1.7376195,120.43535,35.97561
2014-04-09 17,23.470839,2.1720243,113.31301,41.08544
2014-04-09 18,25.248934,2.606429,123.063614,41.681778
2014-04-09 19,27.916075,1.7376195,174.79675,54.57317
2014-04-09 20,25.519249,1.7376195,172.2561,63.719513
2014-04-09 21,26.137981,1.7376195,168.69919,41.252174
2014-04-09 22,25.311045,1.7376195,160.06097,65.243904
2014-04-09 23,21.514936,1.7376195,142.78455,62.80488
2014-04-10 00,25.112793,0.7863077,123.042625,50.609756
2014-04-10 01,17.24751,0.79797417,111.78862,46.951218
2014-04-10 02,17.24751,1.7376195,109.756096,46.036587
2014-04-10 03,16.714083,1.7376195,121.482056,40.994743
2014-04-10 04,16.891891,1.7376195,122.50604,40.853657
2014-04-10 05,25.58503,1.7376195,122.73479,40.70216
2014-04-10 06,25.34928,0.81150585,99.5935,39.634148
2014-04-10 07,25.96017,0.78046906,122.47085,37.5
2014-04-10 08,28.982933,0.7964508,102.13415,41.158535
2014-04-10 09,25.60137,1.9548218,105.691055,36.585365
2014-04-10 10,27.738264,0.8126704,107.21545,37.80488
2014-04-10 11,27.382647,1.7376195,122.53449,40.243904
2014-04-10 12,27.027029,1.7376195,120.85499,35.67073
2014-04-10 13,27.204834,1.7376195,121.193756,32.012196
2014-04-10 14,25.248934,1.520417,100.60976,25.0
2014-04-10 15,25.290548,1.520417,98.57723,30.182926
2014-04-10 16,24.537695,1.7376195,121.18902,31.707317
2014-04-10 17,25.364983,1.7376195,122.1242,36.890244
2014-04-10 18,25.099586,1.520417,125.00001,40.66815
2014-04-10 19,25.290342,0.7849056,159.55284,50.0
2014-04-10 20,28.093882,1.9548218,168.69919,41.031227
2014-04-10 21,25.2946,1.7376195,124.51479,66.15854
2014-04-10 22,25.071123,1.7376195,174.79675,66.768295
2014-04-10 23,15.647226,0.8096426,159.55284,64.02439
2014-04-11 00,22.93741,0.7894328,143.29268,48.17073
2014-04-11 01,18.847795,1.7376195,120.97724,44.512196
2014-04-11 02,25.401243,1.7376195,107.72358,42.682926
2014-04-11 03,25.3385,0.7992723,95.52846,40.853657
2014-04-11 04,18.669987,1.7376195,121.19474,39.634148
2014-04-11 05,25.519716,1.7376195,100.60976,39.02439
2014-04-11 06,20.803698,1.7376195,84.349594,38.414635
2014-04-11 07,27.738264,0.79573154,91.97154,30.487804
2014-04-11 08,25.56433,1.7376195,92.479675,43.59756
2014-04-11 09,28.271692,0.86880976,96.544716,41.463413
2014-04-11 10,25.209358,1.3032146,122.70041,44.207317
2014-04-11 11,25.96017,1.3032146,108.231705,40.548782
2014-04-11 12,25.782362,0.8202027,86.89024,39.634148
2014-04-11 13,25.604553,1.7376195,121.72402,30.487804
2014-04-11 14,25.96017,1.7376195,122.15104,27.134146
2014-04-11 15,23.648647,0.8032758,102.64227,31.707317
2014-04-11 16,25.248934,1.7376195,121.89147,40.585854
2014-04-11 17,25.18633,0.78399885,105.691055,28.963415
2014-04-11 18,27.027029,2.1720243,122.967476,32.317074
2014-04-11 19,29.694168,1.7376195,154.97968,43.90244
2014-04-11 20,29.694168,0.80226785,122.18822,42.987804
2014-04-11 21,27.916075,0.8115937,170.7317,60.365852
2014-04-11 22,25.604553,0.790364,159.04471,56.707317
2014-04-11 23,23.648647,1.7376195,157.52032,56.40244
2014-04-12 00,22.581793,0.77924544,120.75412,48.780487
2014-04-12 01,20.09246,1.7376195,122.967476,41.463413
2014-04-12 02,18.847795,1.7376195,110.772354,40.42563
2014-04-12 03,18.492176,0.81505656,112.296745,40.03822
2014-04-12 04,25.264084,1.7376195,122.38355,40.69483
2014-04-12 05,18.847795,0.80248326,101.11789,34.451218
2014-04-12 06,19.914652,1.7376195,119.464096,30.487804
2014-04-12 07,22.403982,1.7376195,94.51219,40.2388
2014-04-12 08,28.62731,0.81172603,104.6748,39.856956
2014-04-12 09,31.472261,0.7929281,121.44309,32.92683
2014-04-12 10,32.894737,0.80031496,138.21138,38.109756
2014-04-12 11,32.53912,0.78986275,121.16637,38.109756
2014-04-12 12,31.294453,1.7376195,131.09756,33.841465
2014-04-12 13,25.469536,1.7376195,120.42683,26.524391
2014-04-12 14,25.624231,1.7376195,120.18313,34.146343
2014-04-12 15,26.849218,1.7376195,125.00001,34.146343
2014-04-12 16,25.411045,1.7376195,125.50813,32.012196
2014-04-12 17,26.671406,0.79884017,105.691055,40.344444
2014-04-12 18,26.671406,1.7376195,112.296745,27.134146
2014-04-12 19,28.80512,1.7376195,152.43903,37.19512
2014-04-12 20,25.529156,1.7376195,155.48782,49.390244
2014-04-12 21,26.31579,1.7376195,151.9309,61.890244
2014-04-12 22,25.423754,1.7376195,143.29268,40.94118
2014-04-12 23,25.3471,1.7376195,123.85348,57.92683
2014-04-13 00,23.648647,1.7376195,122.328285,41.47982
2014-04-13 01,20.625889,0.0,111.28049,42.170475
2014-04-13 02,19.203413,0.0,132.07336,41.16719
2014-04-13 03,25.291794,1.520417,95.020325,35.97561
2014-04-13 04,25.519812,1.520417,121.63207,35.67073
2014-04-13 05,18.669987,1.7376195,121.0502,35.97561
2014-04-13 06,25.546865,1.7376195,75.71138,30.487804
2014-04-13 07,22.226173,1.7376195,82.31707,40.080902
2014-04-13 08,25.426743,1.7376195,120.95596,28.963415
2014-04-13 09,29.16074,1.7376195,99.085365,40.693195
2014-04-13 10,25.09823,1.7376195,128.55692,41.009853
2014-04-13 11,27.916075,1.7376195,153.96341,74.39024
2014-04-13 12,30.938833,1.7376195,127.51145,67.07317
2014-04-13 13,30.583214,1.7376195,127.54066,35.365852
2014-04-13 14,28.449503,0.79925287,116.86992,40.382557
2014-04-13 15,27.916075,1.520417,109.756096,28.658537
2014-04-13 16,25.396189,1.7376195,107.72358,22.256098
2014-04-13 17,25.071123,1.7376195,121.571526,40.711704
2014-04-13 18,25.96017,1.7376195,95.020325,22.560976
2014-04-13 19,25.560608,0.7973402,113.82114,29.573172
2014-04-13 20,25.294212,1.7376195,143.29268,41.33809
2014-04-13 21,27.916075,0.79621696,156.50406,40.784878
2014-04-13 22,25.176228,1.7376195,141.7683,58.23171
2014-04-13 23,24.537695,1.7376195,145.83331,52.743904
2014-04-14 00,22.93741,1.7376195,131.09756,43.292683
2014-04-14 01,19.914652,1.7376195,121.95028,36.890244
2014-04-14 02,18.847795,0.78647363,99.085365,34.756096
2014-04-14 03,25.569921,1.520417,91.97154,32.012196
2014-04-14 04,25.406342,0.8128484,85.873985,39.821316
2014-04-14 05,18.669987,1.7376195,119.75318,35.365852
2014-04-14 06,21.514936,1.7376195,69.10569,28.658537
2014-04-14 07,28.449503,0.78732574,121.01231,40.938778
2014-04-14 08,31.294453,0.81838965,80.79269,39.416588
2014-04-14 09,26.493599,1.7376195,124.01336,41.391495
2014-04-14 10,27.204834,0.7822993,121.17774,28.04878
2014-04-14 11,25.432034,1.3032146,95.020325,37.5
2014-04-14 12,27.027029,1.3032146,98.57723,39.99592
2014-04-14 13,25.449572,0.8015787,87.9065,43.292683
2014-04-14 14,25.39304,1.3032146,85.36585,36.280487
2014-04-14 15,24.715506,1.520417,81.30081,37.80488
2014-04-14 16,25.426743,1.7376195,122.05996,40.91428
2014-04-14 17,25.248934,0.8065496,100.10162,40.18427
2014-04-14 18,25.399828,2.1720243,118.90244,40.652493
2014-04-14 19,25.50555,1.7376195,169.71545,49.085365
2014-04-14 20,25.582773,1.7376195,170.7317,53.963413
2014-04-14 21,28.449503,0.7966028,174.28862,64.939026
2014-04-14 22,25.426743,1.7376195,125.27913,67.68293
2014-04-14 23,23.648647,0.7929405,137.19513,56.40244
2014-04-15 00,22.759602,1.7376195,129.57317,42.07317
2014-04-15 01,19.381224,1.7376195,120.58435,44.207317
2014-04-15 02,18.847795,1.7376195,94.51219,42.378048
2014-04-15 03,18.314367,1.7376195,121.42783,41.54453
2014-04-15 04,18.669987,0.7963347,92.98781,36.585365
2014-04-15 05,25.36144,1.7376195,95.52846,36.585365
2014-04-15 06,21.514936,1.7376195,123.33874,40.664597
2014-04-15 07,27.738264,0.7678951,120.99359,28.963415
2014-04-15 08,25.1274,1.7376195,80.284546,36.890244
2014-04-15 09,27.382647,1.7376195,86.89024,31.707317
2014-04-15 10,27.027029,0.80914134,103.65854,31.707317
2014-04-15 11,27.204834,1.520417,122.81119,40.412487
2014-04-15 12,25.409985,1.3032146,110.26423,33.841465
2014-04-15 13,26.671406,1.7376195,105.18293,31.09756
2014-04-15 14,25.2313,1.7376195,123.12128,39.634148
2014-04-15 15,24.182077,1.7376195,122.75149,34.146343
2014-04-15 16,27.204834,1.7376195,93.49593,39.983433
2014-04-15 17,28.80512,1.7376195,94.00407,40.33822
2014-04-15 18,19.025604,2.1720243,120.09924,35.365852
2014-04-15 19,21.514936,0.7853889,121.77181,43.90244
2014-04-15 20,25.373472,0.7905723,164.12602,44.817074
2014-04-15 21,13.335703,1.7376195,178.86179,65.54878
2014-04-15 22,10.312944,1.7376195,159.04471,58.841465
2014-04-15 23,8.89047,1.7376195,135.67073,53.048782
2014-04-16 00,25.337986,1.7376195,122.10356,40.548782
2014-04-16 01,4.089616,1.7376195,118.90244,40.89709
2014-04-16 02,3.0227597,1.520417,117.572655,41.20682
2014-04-16 03,25.547705,0.7986408,106.70731,34.146343
2014-04-16 04,2.8449502,1.7376195,99.085365,32.92683
2014-04-16 05,3.2005692,1.7376195,101.626015,41.424603
2014-04-16 06,5.6899004,0.7537937,117.73252,30.487804
2014-04-16 07,11.379801,0.7949863,95.52846,27.743902
2014-04-16 08,25.364246,1.7376195,77.23577,31.40244
2014-04-16 09,26.493599,1.7376195,80.284546,40.27227
2014-04-16 10,28.62731,0.7997936,103.65854,33.841465
2014-04-16 11,25.153858,0.7920579,100.10162,37.19512
2014-04-16 12,26.671406,1.520417,93.49593,33.23171
2014-04-16 13,25.381311,1.7376195,120.31401,31.09756
2014-04-16 14,26.493599,1.520417,81.30081,32.012196
2014-04-16 15,25.071123,0.82211554,82.31707,39.558445
2014-04-16 16,24.715506,1.7376195,82.825195,39.02439
2014-04-16 17,25.426743,2.1720243,124.03296,36.585365
2014-04-16 18,25.782362,2.606429,104.6748,41.008636
2014-04-16 19,28.982933,0.80778486,124.01376,49.390244
2014-04-16 20,25.357397,1.7376195,155.48782,50.609756
2014-04-16 21,25.782362,1.7376195,166.66667,63.719513
2014-04-16 22,23.11522,1.7376195,123.36928,59.451218
2014-04-16 23,22.581793,0.7857883,123.13025,54.878048
2014-04-17 00,25.225739,0.80860347,126.52439,40.8897
2014-04-17 01,17.78094,1.7376195,120.934044,38.719513
2014-04-17 02,25.074085,1.7376195,93.49593,40.741367
2014-04-17 03,16.891891,1.7376195,100.60976,33.841465
2014-04-17 04,17.24751,1.7376195,120.06694,41.721153
2014-04-17 05,17.42532,1.7376195,121.08911,31.707317
2014-04-17 06,19.736841,1.7376195,85.36585,40.874203
2014-04-17 07,25.618736,1.7376195,92.98781,27.134146
2014-04-17 08,25.34107,1.7376195,96.03658,31.40244
2014-04-17 09,31.116644,1.9548218,84.349594,27.439024
2014-04-17 10,31.472261,0.81326044,104.166664,39.725815
2014-04-17 11,25.370476,1.7376195,123.36802,41.149155
2014-04-17 12,28.449503,0.80466247,108.231705,40.391792
2014-04-17 13,25.403395,1.7376195,122.280075,32.317074
2014-04-17 14,25.276997,1.520417,121.07389,31.40244
2014-04-17 15,25.399952,0.77901703,114.32927,34.756096
2014-04-17 16,25.252378,1.7376195,102.64227,34.146343
2014-04-17 17,27.204834,0.80845183,106.70731,37.80488
2014-04-17 18,25.53668,1.520417,127.032524,44.817074
2014-04-17 19,29.871977,0.792077,141.26016,50.609756
2014-04-17 20,27.738264,0.7843341,163.61789,45.121952
2014-04-17 21,26.493599,0.7939372,123.07101,62.19512
2014-04-17 22,23.470839,1.7376195,159.04471,41.038273
2014-04-17 23,21.692745,1.7376195,141.26016,57.317074
2014-04-18 00,20.44808,1.7376195,128.04878,40.440166
2014-04-18 01,18.314367,0.7973159,111.28049,42.682926
2014-04-18 02,25.426868,0.79174274,105.18293,38.109756
2014-04-18 03,17.069702,0.79696697,102.13415,34.146343
2014-04-18 04,25.298483,1.7376195,93.49593,35.97561
2014-04-18 05,17.42532,1.7376195,93.49593,33.536587
2014-04-18 06,19.025604,1.7376195,118.53015,25.304878
2014-04-18 07,21.337126,1.7376195,119.61495,23.170732
2014-04-18 08,25.248934,1.7376195,92.479675,33.23171
2014-04-18 09,29.338549,0.86880976,110.772354,40.04927
2014-04-18 10,28.449503,1.3032146,131.6057,40.163204
2014-04-18 11,25.528978,1.3032146,122.45935,42.682926
2014-04-18 12,25.382135,1.3032146,122.569176,43.59756
2014-04-18 13,25.412746,1.7376195,115.85366,37.19512
2014-04-18 14,27.027029,0.7982894,117.37805,35.060974
2014-04-18 15,24.359886,0.8138967,128.55692,41.014267
2014-04-18 16,25.557516,1.7376195,123.47561,40.853657
2014-04-18 17,24.715506,1.520417,126.01626,34.451218
2014-04-18 18,25.248934,2.1720243,122.92043,32.317074
2014-04-18 19,27.382647,0.80787873,164.12602,50.30488
2014-04-18 20,27.382647,0.7890789,123.217606,57.92683
2014-04-18 21,24.537695,1.7376195,163.10974,64.32927
2014-04-18 22,25.220186,0.795236,152.94717,41.27248
2014-04-18 23,25.280926,1.7376195,131.6057,56.707317
2014-04-19 00,25.174986,1.7376195,124.27966,50.914635
2014-04-19 01,18.314367,0.8104417,103.65854,40.139786
2014-04-19 02,25.255726,1.7376195,86.89024,40.5869
2014-04-19 03,16.891891,1.7376195,93.49593,40.703953
2014-04-19 04,17.069702,1.7376195,85.873985,40.145306
2014-04-19 05,25.144623,2.1720243,121.030495,41.449066
2014-04-19 06,18.847795,1.7376195,73.17073,25.914635
2014-04-19 07,25.30457,0.78837216,67.5813,20.731707
2014-04-19 08,24.004267,2.1720243,120.35005,25.304878
2014-04-19 09,26.493599,3.040834,123.30235,41.174107
2014-04-19 10,25.191309,1.9548218,113.31301,40.956318
2014-04-19 11,28.271692,0.78417104,121.40736,38.109756
2014-04-19 12,29.16074,1.7376195,126.01626,37.5
2014-04-19 13,27.916075,1.7376195,128.04878,38.719513
2014-04-19 14,28.80512,1.7376195,118.39431,40.3988
2014-04-19 15,26.671406,0.782122,121.848366,40.174046
2014-04-19 16,25.604553,0.7914508,132.11382,31.707317
2014-04-19 17,24.715506,1.9548218,140.2439,28.963415
2014-04-19 18,26.493599,1.7376195,131.09756,30.182926
2014-04-19 19,27.560457,0.79495037,176.32114,40.896107
2014-04-19 20,26.31579,1.7376195,122.295204,45.121952
2014-04-19 21,24.893314,1.7376195,164.63414,58.536587
2014-04-19 22,23.11522,1.7376195,148.37398,56.09756
2014-04-19 23,25.535263,1.7376195,123.85662,55.487804
2014-04-20 00,25.46017,1.7376195,153.96341,56.40244
2014-04-20 01,18.669987,0.0,127.54066,40.440315
2014-04-20 02,17.78094,0.0,113.82114,41.480934
2014-04-20 03,16.714083,1.520417,119.98017,36.585365
2014-04-20 04,25.533268,1.520417,94.00407,35.365852
2014-04-20 05,25.067305,0.7967192,96.03658,33.841465
2014-04-20 06,18.314367,1.7376195,74.18699,27.134146
2014-04-20 07,19.381224,0.8171023,79.77642,40.287132
2014-04-20 08,21.514936,1.7376195,118.97279,25.304878
2014-04-20 09,25.071123,1.7376195,113.31301,28.353659
2014-04-20 10,25.64569,1.7376195,122.45935,25.914635
2014-04-20 11,30.227596,1.7376195,123.94272,40.576786
2014-04-20 12,30.583214,0.7951378,121.71136,35.060974
2014-04-20 13,25.304941,1.7376195,90.955284,40.408012
2014-04-20 14,24.004267,1.7376195,76.727646,20.731707
2014-04-20 15,24.182077,0.80210453,82.825195,40.06825
2014-04-20 16,22.93741,0.8040067,72.662605,27.134146
2014-04-20 17,25.497803,0.7988426,120.72248,40.38485
2014-04-20 18,22.93741,1.7376195,82.31707,21.341463
2014-04-20 19,25.248934,1.9548218,107.72358,25.0
2014-04-20 20,25.426743,1.7376195,110.772354,33.23171
2014-04-20 21,25.248934,0.7845894,120.61141,41.307205
2014-04-20 22,23.29303,1.7376195,129.06505,48.17073
2014-04-20 23,22.226173,1.7376195,121.49516,48.780487
2014-04-21 00,25.489677,1.7376195,126.52439,40.803
2014-04-21 01,25.233927,0.7946127,115.85366,40.137608
2014-04-21 02,17.42532,1.7376195,122.11793,35.365852
2014-04-21 03,16.714083,1.520417,119.89744,33.841465
2014-04-21 04,17.42532,1.7376195,86.38211,31.707317
2014-04-21 05,18.314367,0.7882972,96.03658,32.317074
2014-04-21 06,20.981508,1.7376195,67.07317,25.609756
2014-04-21 07,25.426743,1.7376195,120.14204,22.256098
2014-04-21 08,29.338549,0.7889033,122.75354,40.435684
2014-04-21 09,28.093882,0.7907235,119.9366,30.182926
2014-04-21 10,25.35698,1.7376195,129.57317,41.48065
2014-04-21 11,28.449503,1.3032146,128.04878,40.63729
2014-04-21 12,28.093882,1.3032146,122.45935,28.353659
2014-04-21 13,25.295046,1.520417,109.756096,40.501705
2014-04-21 14,25.258272,1.3032146,107.21545,22.865854
2014-04-21 15,25.015562,0.8117461,107.72358,40.51729
2014-04-21 16,23.470839,0.78617245,122.03796,40.537952
2014-04-21 17,23.648647,1.7376195,119.9187,30.792683
2014-04-21 18,24.893314,0.77263165,121.103745,30.182926
2014-04-21 19,29.338549,1.7376195,123.76336,45.121952
2014-04-21 20,25.15022,0.79489815,137.19513,40.750412
2014-04-21 21,25.409416,1.7376195,153.96341,65.85366
2014-04-21 22,24.004267,1.7376195,141.26016,41.504772
2014-04-21 23,25.493551,0.7938591,146.34146,41.343105
2014-04-22 00,19.914652,0.7972985,130.0813,50.0
2014-04-22 01,25.497381,1.7376195,122.24451,41.709797
2014-04-22 02,17.24751,1.7376195,98.57723,40.243904
2014-04-22 03,16.714083,1.7376195,88.92276,40.205833
2014-04-22 04,25.41128,1.7376195,92.479675,40.853657
2014-04-22 05,25.235188,1.7376195,98.06911,39.32927
2014-04-22 06,25.552086,0.78650033,118.60563,35.060974
2014-04-22 07,29.516361,0.7955696,85.36585,33.536587
2014-04-22 08,28.62731,1.7376195,90.44715,39.83143
2014-04-22 09,25.96017,1.7376195,122.50082,37.80488
2014-04-22 10,25.248934,1.520417,91.97154,45.121952
2014-04-22 11,25.426743,1.520417,123.67153,40.71719
2014-04-22 12,24.537695,1.3032146,120.541595,33.23171
2014-04-22 13,24.715506,1.7376195,85.36585,40.78192
2014-04-22 14,25.426743,1.7376195,76.21951,36.585365
2014-04-22 15,22.759602,1.7376195,122.60304,36.585365
2014-04-22 16,23.648647,0.8138369,78.76016,35.97561
2014-04-22 17,25.27696,0.7965339,88.414635,39.939026
2014-04-22 18,25.071123,2.1720243,121.44309,42.378048
2014-04-22 19,28.093882,1.7376195,164.12602,41.415142
2014-04-22 20,25.329863,1.7376195,173.27235,41.43317
2014-04-22 21,27.560457,1.7376195,125.95691,72.86585
2014-04-22 22,24.359886,1.7376195,158.53659,78.96342
2014-04-22 23,22.226173,1.7376195,124.45472,66.46342
2014-04-23 00,20.09246,0.7989511,137.70325,55.487804
2014-04-23 01,25.376978,1.7376195,109.24797,53.963413
2014-04-23 02,17.42532,1.520417,120.61298,40.770126
2014-04-23 03,16.891891,0.7985883,104.166664,51.219513
2014-04-23 04,25.27261,1.7376195,122.96081,47.256096
2014-04-23 05,17.60313,1.7376195,95.52846,48.47561
2014-04-23 06,20.625889,1.7376195,82.31707,40.262897
2014-04-23 07,28.982933,1.7376195,92.479675,42.682926
2014-04-23 08,25.116798,0.79975986,92.479675,41.76829
2014-04-23 09,25.212687,1.7376195,91.97154,37.80488
2014-04-23 10,26.137981,1.520417,122.06639,41.386467
2014-04-23 11,27.560457,1.520417,90.44715,30.487804
2014-04-23 12,26.671406,1.520417,102.13415,33.841465
2014-04-23 13,27.382647,1.7376195,91.97154,40.932354
2014-04-23 14,26.849218,1.520417,82.825195,31.09756
2014-04-23 15,25.08062,0.79967254,82.31707,28.04878
2014-04-23 16,25.426743,1.7376195,97.05285,30.792683
2014-04-23 17,25.46584,2.1720243,92.98781,31.09756
2014-04-23 18,25.46014,0.785113,121.95122,34.451218
2014-04-23 19,30.405405,0.8113575,158.53659,41.136246
2014-04-23 20,31.294453,1.7376195,158.02844,41.54422
2014-04-23 21,30.049786,1.7376195,124.34452,41.511837
2014-04-23 22,25.190645,1.7376195,153.45529,41.219925
2014-04-23 23,24.715506,0.7911237,122.83258,56.707317
2014-04-24 00,25.505758,1.7376195,121.04025,46.036587
2014-04-24 01,20.625889,1.7376195,118.39431,40.323975
2014-04-24 02,25.588978,1.7376195,122.61951,41.112125
2014-04-24 03,25.34212,1.7376195,101.11789,34.451218
2014-04-24 04,19.736841,1.7376195,95.52846,35.365852
2014-04-24 05,20.27027,1.7376195,97.05285,35.060974
2014-04-24 06,23.470839,1.7376195,80.284546,40.721615
2014-04-24 07,33.783783,1.7376195,98.57723,40.026848
2014-04-24 08,31.294453,0.7800361,120.11921,33.841465
2014-04-24 09,28.982933,1.9548218,104.6748,30.487804
2014-04-24 10,27.738264,1.7376195,116.36179,41.158535
2014-04-24 11,27.027029,0.812403,109.756096,36.890244
2014-04-24 12,25.274986,1.7376195,122.83473,48.780487
2014-04-24 13,26.137981,0.81124914,97.560974,39.74543
2014-04-24 14,27.560457,1.520417,122.523155,32.012196
2014-04-24 15,25.037516,0.7951012,120.03361,40.658478
2014-04-24 16,26.31579,1.7376195,85.873985,30.792683
2014-04-24 17,26.137981,1.7376195,95.52846,35.365852
2014-04-24 18,27.382647,1.520417,124.01159,42.682926
2014-04-24 19,28.449503,0.7935071,153.45529,43.90244
2014-04-24 20,28.80512,0.804997,162.60162,52.439026
2014-04-24 21,27.382647,0.8172971,124.45236,68.597565
2014-04-24 22,25.604553,1.7376195,124.211784,41.549507
2014-04-24 23,25.144667,0.79321194,153.96341,61.585365
2014-04-25 00,25.374279,1.7376195,139.22765,54.878048
2014-04-25 01,20.981508,0.8068603,117.88618,45.121952
2014-04-25 02,19.914652,1.7376195,105.691055,41.21319
2014-04-25 03,19.559032,1.7376195,105.18293,44.817074
2014-04-25 04,25.22062,1.7376195,100.10162,43.292683
2014-04-25 05,20.09246,1.7376195,96.544716,37.80488
2014-04-25 06,25.39777,1.7376195,121.96702,41.534576
2014-04-25 07,25.43605,1.7376195,78.25203,40.48874
2014-04-25 08,27.382647,1.7376195,88.414635,35.67073
2014-04-25 09,25.141148,0.86880976,110.772354,34.451218
2014-04-25 10,30.938833,1.3032146,138.21138,36.280487
2014-04-25 11,31.472261,0.80178005,123.48834,42.07317
2014-04-25 12,31.82788,1.3032146,147.35773,40.591064
2014-04-25 13,25.487288,0.78031135,145.83331,41.158535
2014-04-25 14,25.322184,1.7376195,124.49187,43.90244
2014-04-25 15,25.603617,1.7376195,120.87165,45.121952
2014-04-25 16,27.738264,0.78030884,122.98276,43.90244
2014-04-25 17,27.738264,0.7918304,122.25242,45.42683
2014-04-25 18,27.560457,0.79428,151.9309,50.30488
2014-04-25 19,29.694168,1.7376195,122.66271,43.90244
2014-04-25 20,31.116644,2.8236315,125.115074,41.72746
2014-04-25 21,28.449503,1.7376195,125.913765,60.365852
2014-04-25 22,25.437399,0.81255513,123.942406,69.81707
2014-04-25 23,25.297205,1.7376195,148.37398,64.32927
2014-04-26 00,22.581793,1.7376195,139.73578,63.109756
2014-04-26 01,21.159317,1.7376195,124.22453,52.743904
2014-04-26 02,25.211014,1.7376195,122.399574,47.256096
2014-04-26 03,19.559032,1.7376195,122.43917,46.341465
2014-04-26 04,19.559032,0.780172,121.981415,41.361374
2014-04-26 05,20.09246,2.1720243,123.43056,41.18871
2014-04-26 06,25.050838,1.7376195,76.727646,40.47686
2014-04-26 07,22.759602,1.7376195,84.349594,35.060974
2014-04-26 08,25.071123,2.1720243,91.46341,42.378048
2014-04-26 09,28.982933,3.040834,109.756096,43.292683
2014-04-26 10,25.59746,1.9548218,132.62195,41.158535
2014-04-26 11,32.36131,0.8040581,124.27237,46.036587
2014-04-26 12,30.049786,1.7376195,132.62195,51.219513
2014-04-26 13,31.82788,0.8004407,130.0813,45.73171
2014-04-26 14,25.594725,1.7376195,123.39195,51.219513
2014-04-26 15,25.30458,1.7376195,108.231705,40.380547
2014-04-26 16,26.137981,1.7376195,122.653366,36.890244
2014-04-26 17,26.31579,1.9548218,123.98374,37.80488
2014-04-26 18,25.131884,1.7376195,130.58943,40.458134
2014-04-26 19,25.17017,0.7955666,150.91463,58.841465
2014-04-26 20,28.271692,1.7376195,150.91463,60.97561
2014-04-26 21,27.027029,1.7376195,125.348885,64.939026
2014-04-26 22,24.893314,1.7376195,164.63414,64.63415
2014-04-26 23,25.026339,0.8033464,164.63414,67.07317
2014-04-27 00,22.226173,1.7376195,143.80081,58.841465
2014-04-27 01,20.803698,0.0,121.95122,56.40244
2014-04-27 02,19.736841,0.0,150.40068,58.23171
2014-04-27 03,25.326952,1.520417,106.70731,55.487804
2014-04-27 04,25.33964,0.8016707,120.93351,40.914654
2014-04-27 05,19.559032,1.7376195,98.06911,42.07317
2014-04-27 06,20.44808,1.7376195,75.20326,30.487804
2014-04-27 07,21.870554,0.80057067,86.38211,33.841465
2014-04-27 08,25.445415,0.7801882,91.97154,27.134146
2014-04-27 09,29.516361,0.8064137,100.60976,31.707317
2014-04-27 10,25.34807,1.7376195,133.13008,40.52981
2014-04-27 11,32.1835,1.7376195,163.61789,38.109756
2014-04-27 12,33.250355,1.7376195,124.03148,41.463413
2014-04-27 13,32.1835,0.8099282,120.93496,39.32927
2014-04-27 14,25.357138,1.7376195,123.12937,40.853657
2014-04-27 15,29.516361,1.520417,118.90244,40.04023
2014-04-27 16,27.560457,1.7376195,97.05285,40.98563
2014-04-27 17,25.16984,1.7376195,103.150406,34.451218
2014-04-27 18,28.271692,1.7376195,115.85366,37.19512
2014-04-27 19,30.049786,0.8066846,133.63821,43.59756
2014-04-27 20,25.2562,0.7968554,144.81708,53.048782
2014-04-27 21,30.583214,1.7376195,127.6065,69.81707
2014-04-27 22,25.365316,1.7376195,158.53659,41.452576
2014-04-27 23,24.893314,1.7376195,124.182396,63.719513
2014-04-28 00,25.081055,0.81210786,138.21138,53.963413
2014-04-28 01,20.44808,1.7376195,113.82114,41.036392
2014-04-28 02,19.381224,1.7376195,99.5935,43.59756
2014-04-28 03,25.112068,0.7823805,121.25214,43.90244
2014-04-28 04,25.18305,1.7376195,95.52846,45.42683
2014-04-28 05,19.736841,0.80504525,93.49593,39.906525
2014-04-28 06,25.443733,1.7376195,76.21951,40.80662
2014-04-28 07,33.605976,0.8075484,92.479675,39.634148
2014-04-28 08,32.36131,0.8214627,97.05285,40.443638
2014-04-28 09,30.583214,1.7376195,91.97154,39.939026
2014-04-28 10,30.938833,1.7376195,123.24916,40.853657
2014-04-28 11,29.516361,1.3032146,115.85366,44.207317
2014-04-28 12,25.424347,0.8170293,101.626015,40.91716
2014-04-28 13,25.555065,1.520417,121.28133,36.890244
2014-04-28 14,25.305847,0.81539166,75.20326,40.158123
2014-04-28 15,26.31579,1.520417,88.414635,49.390244
2014-04-28 16,26.671406,0.81319165,85.873985,39.469666
2014-04-28 17,28.449503,0.8287164,88.92276,39.88109
2014-04-28 18,29.338549,2.1720243,108.73984,42.07317
2014-04-28 19,31.650072,1.7376195,141.26016,50.914635
2014-04-28 20,25.469202,0.7971444,151.42276,51.82927
2014-04-28 21,30.049786,1.7376195,126.33474,58.536587
2014-04-28 22,25.372234,0.7911799,161.58537,66.15854
2014-04-28 23,24.893314,1.7376195,154.47154,64.02439
2014-04-29 00,22.581793,1.7376195,123.30414,53.353657
2014-04-29 01,20.44808,1.7376195,109.756096,52.439026
2014-04-29 02,19.914652,1.7376195,103.150406,49.390244
2014-04-29 03,19.381224,1.7376195,121.7349,43.292683
2014-04-29 04,19.736841,1.7376195,96.03658,46.036587
2014-04-29 05,20.27027,1.7376195,88.414635,39.99878
2014-04-29 06,25.569008,0.77381414,119.54109,33.841465
2014-04-29 07,34.31721,1.7376195,88.92276,42.07317
2014-04-29 08,25.230186,1.7376195,122.656845,41.58976
2014-04-29 09,31.472261,1.7376195,91.97154,37.80488
2014-04-29 10,30.405405,1.520417,93.49593,35.365852
2014-04-29 11,29.694168,0.8213191,95.52846,39.939026
2014-04-29 12,25.085428,1.3032146,100.60976,40.664326
2014-04-29 13,25.226912,1.7376195,86.89024,40.508007
2014-04-29 14,25.422832,0.8148813,85.36585,38.414635
2014-04-29 15,26.31579,1.7376195,123.464905,39.634148
2014-04-29 16,25.140453,1.7376195,90.44715,35.060974
2014-04-29 17,25.520346,1.7376195,120.92903,40.243904
2014-04-29 18,30.227596,2.1720243,129.57317,44.207317
2014-04-29 19,32.00569,0.7895268,193.08943,52.439026
2014-04-29 20,31.116644,1.7376195,168.69919,41.45033
2014-04-29 21,29.694168,1.7376195,172.76422,67.68293
2014-04-29 22,25.299076,1.7376195,161.58537,77.439026
2014-04-29 23,25.249565,1.7376195,135.67073,64.63415
2014-04-30 00,25.369423,1.7376195,131.09756,57.92683
2014-04-30 01,20.44808,1.7376195,109.756096,53.963413
2014-04-30 02,20.27027,1.520417,123.440216,46.951218
2014-04-30 03,19.736841,0.8090073,101.626015,40.548782
2014-04-30 04,25.1253,0.8122967,98.57723,40.02444
2014-04-30 05,25.179276,1.7376195,120.52709,40.675037
2014-04-30 06,25.198627,1.7376195,75.20326,31.707317
2014-04-30 07,35.917496,1.7376195,88.92276,40.218452
2014-04-30 08,25.46844,1.7376195,100.60976,40.652073
2014-04-30 09,25.322376,1.7376195,121.07844,41.357536
2014-04-30 10,29.516361,0.82203484,100.60976,40.58929
2014-04-30 11,25.150696,1.520417,103.65854,36.280487
2014-04-30 12,25.065022,1.520417,96.544716,41.096695
2014-04-30 13,25.375696,1.7376195,84.349594,35.67073
2014-04-30 14,28.62731,1.520417,84.85773,36.890244
2014-04-30 15,25.067879,0.8174453,88.414635,39.88985
2014-04-30 16,25.350916,1.7376195,96.03658,40.382587
2014-04-30 17,27.560457,2.1720243,122.5004,41.158535
2014-04-30 18,29.871977,2.606429,124.199646,51.82927
2014-04-30 19,31.294453,1.7376195,125.205185,47.256096
2014-04-30 20,30.227596,1.7376195,146.8496,41.02008
2014-04-30 21,29.871977,1.7376195,152.94717,40.80192
2014-04-30 22,26.671406,1.7376195,146.34146,63.719513
2014-04-30 23,25.300241,1.7376195,120.44734,40.841167
2014-05-01 00,25.3133,1.7376195,106.19919,52.439026
2014-05-01 01,21.514936,0.78506863,119.61526,42.07317
2014-05-01 02,25.356241,1.7376195,100.60976,37.5
2014-05-01 03,19.914652,1.7376195,94.51219,35.67073
2014-05-01 04,20.27027,0.7802365,119.6116,33.536587
2014-05-01 05,25.430342,1.7376195,88.414635,36.585365
2014-05-01 06,23.11522,1.7376195,56.91057,22.865854
2014-05-01 07,25.108253,1.7376195,67.5813,40.706352
2014-05-01 08,29.871977,1.7376195,81.808945,20.121952
2014-05-01 09,25.35154,1.9548218,101.626015,20.426828
2014-05-01 10,33.605976,1.7376195,132.11382,23.780487
2014-05-01 11,25.468441,1.7376195,127.54066,29.878048
2014-05-01 12,33.783783,1.7376195,120.93496,40.048115
2014-05-01 13,25.23364,1.7376195,123.35026,41.780197
2014-05-01 14,29.694168,1.520417,97.560974,31.40244
2014-05-01 15,25.575521,0.7875477,119.58918,38.109756
2014-05-01 16,27.560457,0.80339104,120.46868,40.938076
2014-05-01 17,25.46528,0.80179006,121.78804,41.234665
2014-05-01 18,25.41518,1.520417,106.19919,26.829268
2014-05-01 19,25.600306,1.7376195,120.54286,35.67073
2014-05-01 20,25.33315,1.9548218,133.13008,40.844276
2014-05-01 21,25.315805,1.7376195,123.587,54.57317
2014-05-01 22,28.982933,1.7376195,124.0717,41.151905
2014-05-01 23,25.782362,1.7376195,123.784294,59.451218
2014-05-02 00,25.396633,0.7850286,120.78952,42.07317
2014-05-02 01,21.870554,1.7376195,99.5935,40.548782
2014-05-02 02,25.113905,0.7954449,94.51219,36.585365
2014-05-02 03,20.44808,0.80427533,86.38211,35.97561
2014-05-02 04,20.44808,1.7376195,85.873985,35.365852
2014-05-02 05,25.13464,1.7376195,92.98781,34.756096
2014-05-02 06,24.715506,1.7376195,122.39073,41.027615
2014-05-02 07,33.605976,1.7376195,78.25203,26.219513
2014-05-02 08,34.139404,1.7376195,85.36585,40.192986
2014-05-02 09,25.49044,0.86880976,100.10162,23.170732
2014-05-02 10,28.093882,1.3032146,95.020325,29.268293
2014-05-02 11,25.582937,1.3032146,120.511795,32.317074
2014-05-02 12,27.916075,1.3032146,89.43089,40.532253
2014-05-02 13,26.493599,1.7376195,86.38211,25.914635
2014-05-02 14,25.396269,1.7376195,87.9065,27.439024
2014-05-02 15,25.650188,1.7376195,120.06933,32.92683
2014-05-02 16,24.893314,0.77452695,121.10947,32.92683
2014-05-02 17,25.31228,1.520417,121.14977,31.707317
2014-05-02 18,28.449503,2.1720243,122.78772,32.012196
2014-05-02 19,25.278343,0.8014986,120.23538,40.625336
2014-05-02 20,30.761024,2.8236315,129.06505,41.234184
2014-05-02 21,27.382647,0.7858506,150.91463,40.42973
2014-05-02 22,24.715506,1.7376195,154.47154,41.563023
2014-05-02 23,23.11522,0.7954927,131.6057,52.439026
2014-05-03 00,20.981508,0.7962258,120.217224,43.59756
2014-05-03 01,18.847795,1.7376195,113.31301,41.76829
2014-05-03 02,17.60313,1.7376195,119.893105,39.32927
2014-05-03 03,16.891891,0.78450656,118.1499,35.97561
2014-05-03 04,16.536274,1.7376195,84.349594,32.317074
2014-05-03 05,17.069702,0.8070302,86.89024,33.536587
2014-05-03 06,25.395456,1.7376195,61.99187,22.560976
2014-05-03 07,23.29303,0.8013956,75.20326,21.341463
2014-05-03 08,28.271692,2.1720243,121.19041,22.560976
2014-05-03 09,25.554096,3.040834,105.691055,28.04878
2014-05-03 10,30.049786,1.9548218,118.39431,30.792683
2014-05-03 11,25.579315,1.7376195,120.37978,26.829268
2014-05-03 12,30.227596,1.7376195,122.967476,28.658537
2014-05-03 13,25.266182,1.7376195,113.31301,27.439024
2014-05-03 14,28.271692,1.7376195,114.837395,41.19378
2014-05-03 15,27.560457,0.8059492,123.080376,40.200386
2014-05-03 16,25.14969,1.7376195,120.42683,40.956776
2014-05-03 17,27.916075,0.80062836,122.03525,41.03872
2014-05-03 18,29.516361,0.7886259,121.953606,39.02439
2014-05-03 19,33.072548,1.7376195,151.9309,39.02439
2014-05-03 20,25.532608,1.7376195,122.98966,46.341465
2014-05-03 21,28.449503,1.7376195,153.96341,56.09756
2014-05-03 22,25.392914,0.7910366,124.09181,59.451218
2014-05-03 23,24.715506,0.81415117,143.29268,56.707317
2014-05-04 00,25.245806,1.7376195,124.42294,51.219513
2014-05-04 01,19.381224,0.0,118.90244,45.121952
2014-05-04 02,25.516426,0.0,112.296745,38.719513
2014-05-04 03,16.891891,1.520417,99.085365,41.00842
2014-05-04 04,16.714083,1.520417,93.49593,40.17439
2014-05-04 05,25.51167,1.7376195,92.479675,32.621952
2014-05-04 06,25.553753,1.7376195,120.54341,21.646341
2014-05-04 07,21.337126,0.7947879,74.69512,23.170732
2014-05-04 08,26.671406,1.7376195,95.52846,25.914635
2014-05-04 09,31.116644,1.7376195,97.560974,22.865854
2014-05-04 10,25.45819,0.78910965,119.9187,28.658537
2014-05-04 11,25.44051,0.78406256,121.6324,41.180008
2014-05-04 12,32.53912,1.7376195,122.37638,29.573172
2014-05-04 13,27.738264,1.7376195,122.01508,41.134594
2014-05-04 14,26.31579,0.7795171,118.592545,20.426828
2014-05-04 15,25.167997,1.520417,90.955284,27.743902
2014-05-04 16,26.31579,1.7376195,88.414635,25.304878
2014-05-04 17,28.271692,0.78971756,86.38211,27.134146
2014-05-04 18,27.204834,0.79310876,98.06911,25.304878
2014-05-04 19,32.53912,0.82248956,125.50813,40.844505
2014-05-04 20,35.56188,1.7376195,126.52439,40.303246
2014-05-04 21,25.399244,1.7376195,149.39024,41.407948
2014-05-04 22,26.137981,1.7376195,124.135895,56.09756
2014-05-04 23,25.31222,1.7376195,130.58943,53.353657
2014-05-05 00,20.625889,1.7376195,121.44309,43.292683
2014-05-05 01,18.136559,1.7376195,103.65854,36.585365
2014-05-05 02,17.42532,1.7376195,120.6021,32.621952
2014-05-05 03,16.891891,1.520417,89.43089,39.999542
2014-05-05 04,17.24751,1.7376195,120.08804,31.707317
2014-05-05 05,17.42532,1.7376195,91.97154,31.40244
2014-05-05 06,22.581793,0.8062488,70.12195,21.646341
2014-05-05 07,25.252502,1.7376195,87.9065,28.658537
2014-05-05 08,25.37947,1.7376195,85.36585,28.353659
2014-05-05 09,27.916075,1.7376195,87.39838,21.646341
2014-05-05 10,27.560457,1.7376195,121.808266,25.609756
2014-05-05 11,28.093882,0.813268,102.64227,39.934486
2014-05-05 12,28.449503,1.3032146,97.560974,40.078922
2014-05-05 13,27.382647,1.520417,122.17219,26.219513
2014-05-05 14,27.204834,1.3032146,120.16241,28.658537
2014-05-05 15,24.359886,1.520417,91.46341,34.756096
2014-05-05 16,25.426743,1.7376195,87.39838,42.378048
2014-05-05 17,25.426743,1.7376195,122.20132,42.682926
2014-05-05 18,25.287169,2.1720243,122.57789,41.632626
2014-05-05 19,32.36131,1.7376195,146.34146,48.17073
2014-05-05 20,33.961594,0.80692184,153.96341,42.07317
2014-05-05 21,30.938833,0.79243207,124.1512,58.23171
2014-05-05 22,27.027029,0.78858334,143.29268,40.16965
2014-05-05 23,24.004267,1.7376195,122.99493,52.134148
2014-05-06 00,20.27027,0.78001666,122.214424,47.256096
2014-05-06 01,17.958748,1.7376195,108.231705,40.478077
2014-05-06 02,17.78094,1.7376195,101.11789,39.939026
2014-05-06 03,25.418085,1.7376195,90.955284,39.939026
2014-05-06 04,25.45392,1.7376195,121.422005,36.890244
2014-05-06 05,25.236582,1.7376195,120.39559,39.634148
2014-05-06 06,22.759602,1.7376195,71.64634,26.829268
2014-05-06 07,33.605976,1.7376195,123.95443,32.012196
2014-05-06 08,25.614754,1.7376195,122.444435,33.23171
2014-05-06 09,27.382647,0.7901464,120.82602,33.23171
2014-05-06 10,25.276342,1.520417,119.561745,29.573172
2014-05-06 11,26.137981,1.520417,120.10804,32.92683
2014-05-06 12,25.782362,1.3032146,89.939026,35.67073
2014-05-06 13,25.42396,1.7376195,120.81868,27.134146
2014-05-06 14,25.300203,1.7376195,72.15447,27.743902
2014-05-06 15,25.335573,1.7376195,77.74391,33.536587
2014-05-06 16,24.182077,1.7376195,77.74391,40.243904
2014-05-06 17,24.715506,1.7376195,89.939026,34.451218
2014-05-06 18,25.248096,2.1720243,120.4737,34.756096
2014-05-06 19,25.435646,0.7869286,142.78455,46.646343
2014-05-06 20,32.1835,1.7376195,158.53659,41.595688
2014-05-06 21,25.577446,1.7376195,158.02844,41.26019
2014-05-06 22,25.426743,1.7376195,160.56909,41.68729
2014-05-06 23,23.648647,0.81301475,132.11382,48.17073
2014-05-07 00,25.004723,0.7887752,119.41057,40.85066
2014-05-07 01,25.392538,1.7376195,99.085365,40.264
2014-05-07 02,25.359259,1.520417,98.06911,35.97561
2014-05-07 03,16.714083,1.7376195,96.544716,35.67073
2014-05-07 04,25.365046,1.7376195,92.98781,40.214115
2014-05-07 05,17.60313,1.7376195,90.44715,40.736683
2014-05-07 06,22.93741,1.7376195,72.15447,40.805756
2014-05-07 07,25.396448,1.7376195,98.57723,27.439024
2014-05-07 08,33.605976,1.7376195,89.939026,40.734043
2014-05-07 09,27.204834,0.79782665,92.98781,26.219513
2014-05-07 10,27.560457,1.520417,99.5935,40.08483
2014-05-07 11,29.516361,1.520417,123.44032,40.66768
2014-05-07 12,27.916075,1.520417,123.11561,40.619137
2014-05-07 13,25.06581,1.7376195,82.825195,40.927948
2014-05-07 14,25.146109,0.78248256,87.39838,28.04878
2014-05-07 15,25.26963,1.520417,89.939026,35.365852
2014-05-07 16,25.071123,0.7977097,86.89024,33.841465
2014-05-07 17,26.493599,2.1720243,94.51219,37.5
2014-05-07 18,28.80512,2.606429,122.91882,43.90244
2014-05-07 19,25.440977,1.7376195,151.42276,43.292683
2014-05-07 20,25.557465,1.7376195,167.17479,39.32927
2014-05-07 21,30.049786,0.78937757,124.28135,49.69512
2014-05-07 22,27.560457,1.7376195,121.52087,40.691696
2014-05-07 23,27.382647,1.7376195,133.13008,60.060974
2014-05-08 00,22.048365,1.7376195,127.032524,40.853657
2014-05-08 01,25.28498,1.7376195,121.51772,43.292683
2014-05-08 02,25.326061,1.7376195,99.5935,40.59526
2014-05-08 03,25.353392,1.7376195,96.544716,35.97561
2014-05-08 04,25.046616,0.80051386,97.05285,40.902092
2014-05-08 05,25.248474,1.7376195,93.49593,36.280487
2014-05-08 06,23.826458,0.7708673,120.30359,22.865854
2014-05-08 07,34.139404,1.7376195,123.53444,41.30762
2014-05-08 08,34.31721,1.7376195,122.354744,38.109756
2014-05-08 09,27.738264,1.9548218,88.92276,34.756096
2014-05-08 10,26.493599,1.7376195,121.92095,40.548782
2014-05-08 11,25.24623,1.7376195,122.658676,41.158535
2014-05-08 12,26.31579,1.7376195,102.13415,41.463413
2014-05-08 13,25.530958,1.7376195,83.84146,36.890244
2014-05-08 14,25.202702,1.520417,119.59101,31.09756
2014-05-08 15,23.11522,1.520417,119.64438,28.963415
2014-05-08 16,25.071123,1.7376195,90.955284,40.283573
2014-05-08 17,28.093882,1.7376195,92.479675,32.012196
2014-05-08 18,28.982933,0.800581,106.70731,42.987804
2014-05-08 19,29.871977,0.8069597,134.65446,49.085365
2014-05-08 20,30.761024,0.7940456,147.86588,54.26829
2014-05-08 21,25.40516,0.7934944,168.19106,41.454784
2014-05-08 22,25.16448,1.7376195,158.02844,61.585365
2014-05-08 23,25.099224,1.7376195,142.27643,60.365852
2014-05-09 00,21.514936,1.7376195,123.47561,40.382973
2014-05-09 01,18.314367,1.7376195,106.70731,47.560974
2014-05-09 02,17.42532,0.78930914,107.21545,46.341465
2014-05-09 03,17.24751,1.7376195,102.13415,41.463413
2014-05-09 04,17.42532,0.7946583,94.51219,42.987804
2014-05-09 05,25.387156,1.7376195,95.020325,45.121952
2014-05-09 06,23.826458,1.7376195,71.138214,34.756096
2014-05-09 07,25.473515,1.7376195,121.67662,38.109756
2014-05-09 08,31.294453,1.7376195,95.52846,45.121952
2014-05-09 09,28.449503,0.80919087,91.46341,30.182926
2014-05-09 10,27.738264,1.3032146,121.2461,31.707317
2014-05-09 11,27.382647,1.3032146,121.371086,33.841465
2014-05-09 12,26.849218,1.3032146,122.02842,32.92683
2014-05-09 13,25.258238,1.7376195,99.5935,40.44997
2014-05-09 14,25.550581,1.7376195,119.45626,29.573172
2014-05-09 15,27.382647,1.7376195,121.90705,41.476234
2014-05-09 16,24.004267,0.8006012,101.11789,40.304455
2014-05-09 17,25.782362,1.520417,123.797035,40.901012
2014-05-09 18,29.694168,2.1720243,112.296745,36.585365
2014-05-09 19,31.294453,0.80531347,159.55284,41.33176
2014-05-09 20,30.761024,2.8236315,156.50406,45.42683
2014-05-09 21,26.849218,0.7875179,151.9309,50.914635
2014-05-09 22,26.671406,1.7376195,147.86588,55.792683
2014-05-09 23,24.359886,0.8155769,143.29268,58.841465
2014-05-10 00,25.227764,1.7376195,131.6057,42.682926
2014-05-10 01,25.181326,1.7376195,120.93496,40.853657
2014-05-10 02,25.34187,1.7376195,122.00394,36.585365
2014-05-10 03,25.072023,0.81004685,104.6748,40.995235
2014-05-10 04,17.60313,1.7376195,100.10162,33.536587
2014-05-10 05,25.591518,0.7877656,118.73116,36.280487
2014-05-10 06,21.514936,1.7376195,74.69512,22.560976
2014-05-10 07,27.204834,1.7376195,120.03531,25.304878
2014-05-10 08,29.516361,2.1720243,105.18293,26.219513
2014-05-10 09,30.405405,3.040834,122.866905,29.573172
2014-05-10 10,30.938833,1.9548218,133.63821,40.549614
2014-05-10 11,25.234955,0.7723631,118.025536,28.963415
2014-05-10 12,33.605976,1.7376195,122.45935,31.707317
2014-05-10 13,31.82788,1.7376195,123.64061,41.46826
2014-05-10 14,28.449503,1.7376195,122.17381,33.841465
2014-05-10 15,25.472078,1.7376195,111.28049,36.890244
2014-05-10 16,28.449503,1.7376195,123.12105,29.573172
2014-05-10 17,28.80512,1.9548218,116.36179,30.792683
2014-05-10 18,26.849218,1.7376195,126.01626,30.792683
2014-05-10 19,25.260704,1.7376195,149.89838,40.685295
2014-05-10 20,29.16074,1.7376195,150.40652,42.682926
2014-05-10 21,25.166687,1.7376195,122.04546,40.79141
2014-05-10 22,25.175013,1.7376195,143.29268,41.510098
2014-05-10 23,23.648647,1.7376195,142.78455,51.52439
2014-05-11 00,21.514936,0.8072957,137.19513,48.780487
2014-05-11 01,19.559032,0.0,127.54066,41.11657
2014-05-11 02,19.203413,0.0,112.296745,37.19512
2014-05-11 03,16.891891,1.520417,102.13415,38.719513
2014-05-11 04,17.24751,1.520417,94.00407,33.23171
2014-05-11 05,25.218103,0.80979985,95.020325,36.585365
2014-05-11 06,20.27027,0.7802355,122.1315,41.10214
2014-05-11 07,23.648647,0.8313486,72.15447,40.34807
2014-05-11 08,26.493599,1.7376195,81.808945,40.65568
2014-05-11 09,30.227596,0.77620333,121.9533,30.792683
2014-05-11 10,32.894737,1.7376195,123.98374,41.15938
2014-05-11 11,33.250355,0.7887732,124.15237,41.099052
2014-05-11 12,33.783783,1.7376195,138.71951,31.09756
2014-05-11 13,30.405405,1.7376195,110.26423,27.134146
2014-05-11 14,25.27366,1.7376195,107.72358,40.211586
2014-05-11 15,26.849218,0.7943822,97.560974,27.743902
2014-05-11 16,27.382647,1.7376195,123.95754,41.06636
2014-05-11 17,25.424,1.7376195,105.691055,40.575974
2014-05-11 18,28.271692,1.7376195,105.691055,39.952744
2014-05-11 19,30.227596,1.9548218,132.62195,35.67073
2014-05-11 20,25.263857,1.7376195,136.687,38.719513
2014-05-11 21,25.435837,1.7376195,160.06097,57.621952
2014-05-11 22,25.782362,1.7376195,153.45529,60.365852
2014-05-11 23,23.826458,1.7376195,123.26571,51.82927
2014-05-12 00,25.603037,1.7376195,125.50813,41.463413
2014-05-12 01,19.381224,1.7376195,120.23756,39.02439
2014-05-12 02,18.314367,1.7376195,109.756096,35.060974
2014-05-12 03,17.24751,0.7938581,101.626015,32.317074
2014-05-12 04,25.270672,1.7376195,96.03658,32.92683
2014-05-12 05,25.153086,0.7933377,88.92276,34.451218
2014-05-12 06,23.29303,1.7376195,68.08943,23.170732
2014-05-12 07,25.331238,1.7376195,123.22747,40.70349
2014-05-12 08,25.240587,1.7376195,120.25316,29.573172
2014-05-12 09,25.304747,1.7376195,85.873985,18.59756
2014-05-12 10,26.31579,0.78578264,99.085365,24.085365
2014-05-12 11,25.64644,0.7620813,119.52228,22.256098
2014-05-12 12,26.671406,1.3032146,95.020325,40.39123
2014-05-12 13,27.027029,1.520417,91.97154,26.219513
2014-05-12 14,26.493599,1.3032146,120.40225,23.780487
2014-05-12 15,24.537695,1.520417,87.9065,35.060974
2014-05-12 16,25.246386,1.7376195,96.03658,38.109756
2014-05-12 17,26.493599,1.7376195,99.5935,40.111416
2014-05-12 18,28.62731,0.822057,106.70731,46.036587
2014-05-12 19,31.294453,1.7376195,150.91463,40.4641
2014-05-12 20,34.31721,1.7376195,129.57317,42.07317
2014-05-12 21,29.16074,0.7841327,157.52032,40.506653
2014-05-12 22,25.782362,1.7376195,166.15854,60.365852
2014-05-12 23,25.46161,1.7376195,122.8416,46.341465
2014-05-13 00,25.496296,1.7376195,122.3552,42.987804
2014-05-13 01,19.736841,1.7376195,102.13415,44.512196
2014-05-13 02,19.736841,1.7376195,120.48459,40.699566
2014-05-13 03,25.492624,0.7890145,95.020325,34.756096
2014-05-13 04,17.958748,1.7376195,120.79961,36.890244
2014-05-13 05,19.203413,1.7376195,121.26736,40.985687
2014-05-13 06,24.004267,0.81278825,69.61382,27.134146
2014-05-13 07,35.02845,1.7376195,90.44715,31.09756
2014-05-13 08,31.82788,0.82700354,95.020325,40.351418
2014-05-13 09,25.43523,1.7376195,92.479675,23.170732
2014-05-13 10,27.382647,1.520417,121.254456,27.439024
2014-05-13 11,25.45515,1.520417,119.05359,29.573172
2014-05-13 12,26.671406,1.3032146,88.414635,30.487804
2014-05-13 13,26.137981,1.7376195,81.30081,40.0421
2014-05-13 14,25.782362,0.80285543,76.727646,25.0
2014-05-13 15,25.335312,0.78386444,118.06449,27.743902
2014-05-13 16,24.359886,0.7918271,90.44715,30.182926
2014-05-13 17,26.31579,0.80343133,99.5935,40.116356
2014-05-13 18,29.338549,0.8023218,124.49187,39.99141
2014-05-13 19,32.894737,0.8081374,124.04898,46.951218
2014-05-13 20,35.56188,1.7376195,124.365326,44.512196
2014-05-13 21,30.938833,1.7376195,123.05344,50.0
2014-05-13 22,27.027029,1.7376195,179.87805,63.109756
2014-05-13 23,24.004267,0.7887787,148.88211,40.31351
2014-05-14 00,21.159317,1.7376195,125.00001,39.634148
2014-05-14 01,19.025604,0.7996656,105.691055,40.355804
2014-05-14 02,18.314367,1.520417,101.626015,32.317074
2014-05-14 03,17.42532,1.7376195,101.626015,40.576164
2014-05-14 04,17.069702,0.8006878,96.544716,33.536587
2014-05-14 05,18.492176,1.7376195,89.939026,34.146343
2014-05-14 06,24.182077,1.7376195,69.61382,22.560976
2014-05-14 07,35.384068,1.7376195,95.52846,26.829268
2014-05-14 08,33.605976,1.7376195,96.03658,35.060974
2014-05-14 09,32.716927,0.80945575,97.05285,30.487804
2014-05-14 10,25.600729,1.520417,121.47947,32.621952
2014-05-14 11,28.093882,0.7993564,99.5935,36.585365
2014-05-14 12,25.280838,1.520417,83.84146,40.34252
2014-05-14 13,27.560457,1.7376195,76.727646,32.012196
2014-05-14 14,27.916075,1.520417,96.544716,33.536587
2014-05-14 15,26.671406,0.8173819,87.39838,40.425804
2014-05-14 16,26.31579,1.7376195,92.479675,40.948223
2014-05-14 17,27.382647,0.7880639,121.53579,37.5
2014-05-14 18,32.894737,2.606429,123.33439,41.052235
2014-05-14 19,25.51402,1.7376195,166.66667,40.940548
2014-05-14 20,33.072548,0.81094944,158.02844,40.23958
2014-05-14 21,25.411026,1.7376195,153.96341,59.146343
2014-05-14 22,26.493599,0.78932685,154.97968,41.123413
2014-05-14 23,25.566439,1.7376195,144.30894,41.413013
2014-05-15 00,22.403982,0.7750889,119.881805,40.853657
2014-05-15 01,25.486841,1.7376195,103.150406,41.463413
2014-05-15 02,19.025604,0.8053845,93.49593,41.463413
2014-05-15 03,25.27713,1.7376195,102.13415,36.585365
2014-05-15 04,17.78094,0.8027465,100.10162,40.82191
2014-05-15 05,25.15241,1.7376195,87.9065,38.719513
2014-05-15 06,24.715506,1.7376195,75.71138,25.609756
2014-05-15 07,36.273117,1.7376195,122.8446,34.756096
2014-05-15 08,32.36131,1.7376195,87.9065,32.317074
2014-05-15 09,30.049786,1.9548218,123.734116,30.487804
2014-05-15 10,27.560457,1.7376195,123.188225,40.709568
2014-05-15 11,25.291592,1.7376195,100.60976,33.23171
2014-05-15 12,26.671406,1.7376195,96.03658,37.5
2014-05-15 13,25.426743,1.7376195,123.78325,40.81997
2014-05-15 14,20.803698,1.520417,88.92276,40.278362
2014-05-15 15,25.162514,1.520417,105.691055,34.146343
2014-05-15 16,27.027029,0.82400596,100.60976,39.769024
2014-05-15 17,27.738264,1.7376195,120.86876,34.451218
2014-05-15 18,25.121925,0.80794084,125.00001,44.207317
2014-05-15 19,34.85064,0.8112721,170.7317,50.914635
2014-05-15 20,37.339973,1.9548218,166.66667,43.59756
2014-05-15 21,32.53912,1.7376195,160.56909,54.878048
2014-05-15 22,26.671406,1.7376195,168.69919,41.348434
2014-05-15 23,26.493599,1.7376195,124.39458,59.146343
2014-05-16 00,25.54504,1.7376195,133.63821,43.59756
2014-05-16 01,19.025604,1.7376195,107.21545,41.165173
2014-05-16 02,18.492176,0.8058193,104.166664,39.02439
2014-05-16 03,25.331926,1.7376195,100.60976,36.280487
2014-05-16 04,17.42532,1.7376195,102.13415,37.19512
2014-05-16 05,19.559032,1.7376195,88.92276,37.80488
2014-05-16 06,25.071123,1.7376195,74.69512,21.95122
2014-05-16 07,35.02845,1.7376195,122.65379,28.658537
2014-05-16 08,25.375101,1.7376195,94.00407,40.869564
2014-05-16 09,25.070799,0.86880976,88.92276,40.542168
2014-05-16 10,28.62731,1.3032146,105.18293,27.134146
2014-05-16 11,28.449503,0.79296654,94.51219,29.878048
2014-05-16 12,28.982933,1.3032146,121.33329,31.707317
2014-05-16 13,27.204834,1.7376195,94.51219,40.677345
2014-05-16 14,26.31579,0.805122,87.9065,27.134146
2014-05-16 15,24.004267,1.7376195,96.03658,40.38188
2014-05-16 16,25.079155,1.7376195,99.085365,49.085365
2014-05-16 17,25.475735,1.520417,112.296745,47.560974
2014-05-16 18,29.516361,0.8098462,116.36179,40.15407
2014-05-16 19,25.372269,0.7940579,144.81708,52.439026
2014-05-16 20,34.31721,2.8236315,125.30082,48.47561
2014-05-16 21,25.502462,1.7376195,120.716805,40.855587
2014-05-16 22,26.671406,1.7376195,163.10974,40.738445
2014-05-16 23,28.093882,0.8101954,158.02844,59.451218
2014-05-17 00,23.29303,1.7376195,131.09756,41.31776
2014-05-17 01,19.914652,1.7376195,115.85366,44.512196
2014-05-17 02,19.203413,1.7376195,108.73984,38.414635
2014-05-17 03,17.24751,1.7376195,120.301796,36.890244
2014-05-17 04,17.42532,1.7376195,94.51219,40.162693
2014-05-17 05,19.914652,2.1720243,122.5116,38.109756
2014-05-17 06,24.359886,1.7376195,64.02439,24.695122
2014-05-17 07,28.271692,1.7376195,95.52846,28.963415
2014-05-17 08,30.761024,2.1720243,96.544716,30.487804
2014-05-17 09,25.282713,3.040834,116.36179,32.92683
2014-05-17 10,33.961594,1.9548218,124.056244,40.38308
2014-05-17 11,32.716927,0.80922514,125.00001,40.54859
2014-05-17 12,25.458729,1.7376195,128.04878,41.38474
2014-05-17 13,25.175447,0.79886496,114.837395,41.011513
2014-05-17 14,25.130817,0.789931,129.57317,38.109756
2014-05-17 15,26.671406,0.79001266,120.332436,40.548782
2014-05-17 16,27.204834,1.7376195,129.57317,36.890244
2014-05-17 17,28.80512,1.9548218,130.58943,40.853657
2014-05-17 18,29.694168,1.7376195,138.21138,40.75848
2014-05-17 19,35.384068,1.7376195,153.45529,40.725792
2014-05-17 20,36.628735,1.7376195,124.8115,44.512196
2014-05-17 21,25.393658,1.7376195,159.04471,54.878048
2014-05-17 22,28.449503,1.7376195,125.923485,58.841465
2014-05-17 23,26.671406,1.7376195,136.17886,56.707317
2014-05-18 00,24.893314,1.7376195,144.30894,40.487236
2014-05-18 01,20.27027,0.0,118.90244,41.57776
2014-05-18 02,25.531532,0.0,112.296745,36.280487
2014-05-18 03,25.5324,1.520417,102.13415,32.92683
2014-05-18 04,17.78094,0.7845506,92.98781,34.756096
2014-05-18 05,19.381224,1.7376195,84.85773,40.603977
2014-05-18 06,22.93741,1.7376195,61.99187,22.560976
2014-05-18 07,26.671406,0.78695273,82.825195,23.780487
2014-05-18 08,27.204834,0.8101743,99.085365,39.83886
2014-05-18 09,30.938833,0.81054646,98.06911,40.511784
2014-05-18 10,33.605976,0.79612714,121.95762,31.707317
2014-05-18 11,34.49502,1.7376195,122.473366,32.621952
2014-05-18 12,25.49739,1.7376195,118.90244,37.19512
2014-05-18 13,32.00569,0.7766112,123.235954,35.365852
2014-05-18 14,25.389734,1.7376195,120.77278,41.309605
2014-05-18 15,28.80512,1.520417,87.9065,23.170732
2014-05-18 16,25.230604,1.7376195,82.31707,40.960938
2014-05-18 17,25.17619,0.7860255,92.98781,34.451218
2014-05-18 18,25.3348,1.7376195,103.150406,38.414635
2014-05-18 19,32.894737,1.9548218,122.45935,40.243904
2014-05-18 20,36.984352,1.7376195,141.26016,42.07317
2014-05-18 21,32.00569,0.80801666,143.80081,47.560974
2014-05-18 22,26.849218,1.7376195,150.40652,54.26829
2014-05-18 23,26.671406,1.7376195,141.26016,41.34983
2014-05-19 00,23.11522,1.7376195,125.50813,44.512196
2014-05-19 01,22.403982,0.7788856,122.095825,40.853657
2014-05-19 02,19.381224,1.7376195,101.11789,36.585365
2014-05-19 03,16.714083,0.7641292,120.38489,33.23171
2014-05-19 04,17.42532,1.7376195,95.020325,33.536587
2014-05-19 05,19.381224,1.7376195,80.79269,33.841465
2014-05-19 06,25.426743,0.78003675,118.71193,22.256098
2014-05-19 07,34.49502,0.7912295,123.08437,32.012196
2014-05-19 08,25.507225,1.7376195,91.97154,41.087967
2014-05-19 09,30.227596,1.7376195,98.57723,25.304878
2014-05-19 10,27.738264,1.7376195,120.77373,29.878048
2014-05-19 11,27.560457,1.3032146,110.772354,40.571552
2014-05-19 12,25.452055,1.3032146,102.13415,40.006096
2014-05-19 13,25.234304,0.8121719,100.10162,40.031418
2014-05-19 14,25.619553,1.3032146,121.72332,34.146343
2014-05-19 15,23.648647,1.520417,90.955284,39.94976
2014-05-19 16,23.648647,1.7376195,89.43089,40.347958
2014-05-19 17,25.220516,1.7376195,90.955284,40.42027
2014-05-19 18,25.604553,2.1720243,123.531,40.691902
2014-05-19 19,25.374088,1.7376195,124.92585,55.792683
2014-05-19 20,28.982933,1.7376195,146.34146,43.90244
2014-05-19 21,27.027029,1.7376195,154.47154,54.878048
2014-05-19 22,26.137981,0.8000078,153.45529,41.38659
2014-05-19 23,25.250397,0.7985565,138.21138,51.82927
2014-05-20 00,21.870554,1.7376195,123.47561,42.07317
2014-05-20 01,18.492176,1.7376195,101.626015,41.158535
2014-05-20 02,17.78094,1.7376195,119.952835,33.23171
2014-05-20 03,17.069702,0.7929186,90.44715,30.792683
2014-05-20 04,17.78094,0.8039882,87.9065,32.621952
2014-05-20 05,19.203413,1.7376195,80.79269,31.09756
2014-05-20 06,25.722805,1.7376195,120.95973,20.731707
2014-05-20 07,35.02845,1.7376195,91.46341,39.93595
2014-05-20 08,29.338549,1.7376195,93.49593,28.963415
2014-05-20 09,25.782362,1.7376195,120.57266,29.268293
2014-05-20 10,24.182077,1.520417,97.05285,35.365852
2014-05-20 11,24.004267,1.520417,94.51219,43.90244
2014-05-20 12,25.077623,1.3032146,90.44715,48.780487
2014-05-20 13,24.359886,1.7376195,121.03858,41.76829
2014-05-20 14,23.826458,1.7376195,75.20326,36.280487
2014-05-20 15,22.93741,0.7906107,122.06342,42.987804
2014-05-20 16,23.29303,1.7376195,80.79269,46.341465
2014-05-20 17,23.11522,0.80886513,88.92276,53.353657
2014-05-20 18,25.416689,0.8155836,116.36179,55.792683
2014-05-20 19,25.117163,0.78828096,120.08981,40.5082
2014-05-20 20,26.849218,1.7376195,168.69919,41.23954
2014-05-20 21,26.137981,1.7376195,162.09349,41.326054
2014-05-20 22,24.182077,1.7376195,126.234604,64.63415
2014-05-20 23,23.29303,1.7376195,124.01791,59.451218
2014-05-21 00,25.252676,1.7376195,122.00195,49.390244
2014-05-21 01,17.958748,1.7376195,92.479675,40.65691
2014-05-21 02,25.440384,1.520417,92.479675,42.378048
2014-05-21 03,16.536274,0.7884331,119.54077,43.292683
2014-05-21 04,17.069702,1.7376195,121.20199,40.548782
2014-05-21 05,17.958748,0.7752196,120.61613,40.853657
2014-05-21 06,22.403982,1.7376195,66.05691,29.878048
2014-05-21 07,33.428165,0.7985721,86.89024,34.146343
2014-05-21 08,28.271692,1.7376195,120.84326,33.23171
2014-05-21 09,25.071123,0.80132055,94.51219,30.182926
2014-05-21 10,23.11522,1.520417,122.94348,40.973873
2014-05-21 11,25.375048,1.520417,100.60976,41.158535
2014-05-21 12,23.29303,1.520417,105.691055,56.09756
2014-05-21 13,25.11562,0.7899114,121.64656,40.486267
2014-05-21 14,23.648647,1.520417,77.74391,37.19512
2014-05-21 15,23.648647,1.520417,96.544716,40.918705
2014-05-21 16,25.225334,1.7376195,97.05285,35.67073
2014-05-21 17,25.514843,0.7894932,120.06545,42.682926
2014-05-21 18,23.11522,2.606429,123.06503,41.61664
2014-05-21 19,27.560457,0.7981714,164.63414,41.53322
2014-05-21 20,25.443031,1.7376195,165.65039,41.001408
2014-05-21 21,25.407873,0.77980626,119.62311,40.823112
2014-05-21 22,25.782362,0.7911199,154.47154,40.650833
2014-05-21 23,24.004267,1.7376195,127.54066,66.46342
2014-05-22 00,21.159317,1.7376195,123.92534,55.182926
2014-05-22 01,17.958748,1.7376195,99.5935,54.878048
2014-05-22 02,25.353142,1.7376195,122.60666,48.47561
2014-05-22 03,16.358463,1.7376195,94.51219,46.646343
2014-05-22 04,16.891891,0.7934274,88.92276,44.207317
2014-05-22 05,25.473211,1.7376195,79.77642,39.8692
2014-05-22 06,25.474016,1.7376195,121.25925,31.707317
2014-05-22 07,33.961594,1.7376195,88.414635,40.36599
2014-05-22 08,29.694168,0.8095039,90.955284,36.280487
2014-05-22 09,27.204834,1.9548218,86.89024,40.56625
2014-05-22 10,25.51792,1.7376195,121.27574,27.134146
2014-05-22 11,25.29096,0.7858195,94.00407,35.365852
2014-05-22 12,23.470839,1.7376195,92.98781,34.451218
2014-05-22 13,23.470839,1.7376195,81.30081,39.939026
2014-05-22 14,23.648647,1.520417,79.268295,37.5
2014-05-22 15,22.759602,1.520417,86.38211,31.09756
2014-05-22 16,22.759602,0.78906214,92.479675,33.841465
2014-05-22 17,23.648647,1.7376195,90.955284,38.414635
2014-05-22 18,24.537695,0.77665997,120.156784,45.121952
2014-05-22 19,28.449503,1.7376195,172.76422,45.42683
2014-05-22 20,29.338549,1.9548218,169.20732,59.451218
2014-05-22 21,28.62731,1.7376195,146.8496,59.451218
2014-05-22 22,25.487957,0.79623,120.87411,41.44022
2014-05-22 23,25.426743,0.80147403,121.98675,57.317074
2014-05-23 00,22.048365,1.7376195,122.004974,51.219513
2014-05-23 01,18.136559,0.8073523,100.10162,40.712543
2014-05-23 02,17.24751,1.7376195,91.46341,40.32234
2014-05-23 03,16.891891,1.7376195,87.9065,45.73171
2014-05-23 04,17.42532,1.7376195,121.27443,41.210587
2014-05-23 05,19.025604,1.7376195,81.30081,46.341465
2014-05-23 06,25.327866,0.80656695,61.99187,32.621952
2014-05-23 07,35.56188,0.80125356,121.71487,39.02439
2014-05-23 08,29.694168,0.81638324,83.333336,40.853657
2014-05-23 09,27.027029,0.86880976,91.46341,35.97561
2014-05-23 10,25.487215,1.3032146,111.78862,35.365852
2014-05-23 11,24.893314,1.3032146,122.661804,37.80488
2014-05-23 12,25.183233,1.3032146,97.560974,39.98045
2014-05-23 13,25.64358,1.7376195,120.836815,36.890244
2014-05-23 14,24.715506,1.7376195,80.79269,40.853657
2014-05-23 15,23.826458,1.7376195,121.54779,42.682926
2014-05-23 16,23.470839,1.7376195,99.085365,37.5
2014-05-23 17,23.648647,0.80113274,95.52846,40.115356
2014-05-23 18,25.426743,2.1720243,124.7436,46.341465
2014-05-23 19,25.57859,1.7376195,121.90607,45.121952
2014-05-23 20,27.560457,2.8236315,154.97968,40.985737
2014-05-23 21,26.137981,0.796266,151.9309,48.780487
2014-05-23 22,23.470839,1.7376195,123.35551,59.756096
2014-05-23 23,25.19516,1.7376195,131.09756,64.32927
2014-05-24 00,22.403982,1.7376195,121.57112,41.084953
2014-05-24 01,19.025604,1.7376195,103.65854,44.817074
2014-05-24 02,25.421432,1.7376195,97.560974,40.877876
2014-05-24 03,17.78094,1.7376195,91.97154,40.243904
2014-05-24 04,18.136559,1.7376195,84.85773,39.975365
2014-05-24 05,20.09246,2.1720243,122.93033,41.463413
2014-05-24 06,22.226173,1.7376195,50.813007,29.878048
2014-05-24 07,27.027029,1.7376195,120.97716,28.353659
2014-05-24 08,27.560457,2.1720243,82.31707,39.32927
2014-05-24 09,27.738264,0.79491687,123.31123,41.15371
2014-05-24 10,25.299986,1.9548218,125.50813,41.408783
2014-05-24 11,25.258017,0.78210074,119.84783,40.548782
2014-05-24 12,30.938833,1.7376195,141.26016,31.09756
2014-05-24 13,29.516361,1.7376195,125.50813,39.939026
2014-05-24 14,28.271692,0.7925673,122.10533,40.559017
2014-05-24 15,28.093882,1.7376195,123.43485,35.060974
2014-05-24 16,25.228338,1.7376195,115.34553,26.219513
2014-05-24 17,26.849218,1.9548218,123.98374,41.05871
2014-05-24 18,28.982933,0.79583263,120.12375,34.146343
2014-05-24 19,30.938833,0.79113793,147.86588,45.73171
2014-05-24 20,27.738264,1.7376195,132.11382,42.682926
2014-05-24 21,26.31579,0.817126,119.41057,53.048782
2014-05-24 22,24.715506,1.7376195,123.15274,41.177784
2014-05-24 23,27.027029,1.7376195,122.04642,41.335915
2014-05-25 00,22.93741,0.8038059,127.54066,60.365852
2014-05-25 01,20.09246,0.0,145.37007,53.048782
2014-05-25 02,18.492176,0.0,132.54729,42.330235
2014-05-25 03,25.516832,1.520417,121.70691,40.84305
2014-05-25 04,17.60313,1.520417,89.43089,40.853657
2014-05-25 05,18.314367,1.7376195,120.14798,39.939026
2014-05-25 06,22.048365,0.8220555,49.79675,29.268293
2014-05-25 07,24.893314,1.7376195,65.04065,27.134146
2014-05-25 08,26.31579,1.7376195,120.57935,26.829268
2014-05-25 09,29.694168,1.7376195,121.665085,26.829268
2014-05-25 10,25.281672,1.7376195,131.09756,34.146343
2014-05-25 11,25.506985,1.7376195,167.17479,34.146343
2014-05-25 12,25.224283,0.78175795,144.30894,46.341465
2014-05-25 13,29.338549,0.7979985,121.44309,32.92683
2014-05-25 14,28.449503,0.78670985,110.772354,34.146343
2014-05-25 15,27.027029,1.520417,101.626015,40.054104
2014-05-25 16,27.560457,0.8075905,92.479675,26.829268
2014-05-25 17,25.637293,1.7376195,96.03658,27.439024
2014-05-25 18,28.62731,1.7376195,121.15973,30.182926
2014-05-25 19,29.516361,0.7998576,113.82114,35.060974
2014-05-25 20,30.761024,1.7376195,129.57317,31.707317
2014-05-25 21,27.560457,1.7376195,124.47423,44.817074
2014-05-25 22,26.137981,1.7376195,122.23114,41.24602
2014-05-25 23,24.537695,1.7376195,125.46054,57.92683
2014-05-26 00,25.454754,0.7750881,120.351074,45.121952
2014-05-26 01,19.025604,1.7376195,103.65854,38.719513
2014-05-26 02,17.958748,1.7376195,120.0314,39.634148
2014-05-26 03,17.958748,1.520417,81.808945,37.19512
2014-05-26 04,25.403269,1.7376195,80.284546,40.853657
2014-05-26 05,19.736841,1.7376195,72.662605,40.548782
2014-05-26 06,24.359886,1.7376195,121.769264,29.878048
2014-05-26 07,37.69559,0.8281241,77.74391,39.73509
2014-05-26 08,31.82788,1.7376195,86.89024,32.621952
2014-05-26 09,27.916075,0.7832116,91.97154,23.780487
2014-05-26 10,27.916075,0.79517907,120.68033,41.193336
2014-05-26 11,28.449503,1.3032146,124.03736,40.39492
2014-05-26 12,27.916075,1.3032146,122.903114,47.256096
2014-05-26 13,25.426743,0.79824007,120.216034,40.661774
2014-05-26 14,26.671406,1.3032146,76.21951,32.317074
2014-05-26 15,25.591143,1.520417,121.64297,41.158535
2014-05-26 16,25.525095,1.7376195,88.414635,37.19512
2014-05-26 17,27.027029,0.79870516,96.03658,46.646343
2014-05-26 18,28.093882,2.1720243,124.46421,47.865852
2014-05-26 19,29.16074,1.7376195,145.32521,41.281727
2014-05-26 20,31.650072,1.7376195,159.55284,53.963413
2014-05-26 21,28.982933,0.80146044,123.32932,41.29065
2014-05-26 22,25.782362,0.804888,150.40652,66.15854
2014-05-26 23,26.31579,0.7962458,124.1045,59.756096
2014-05-27 00,22.759602,1.7376195,123.62779,47.256096
2014-05-27 01,25.539032,1.7376195,104.6748,42.378048
2014-05-27 02,18.669987,0.7793998,119.08946,38.414635
2014-05-27 03,25.19999,1.7376195,91.97154,37.80488
2014-05-27 04,25.330904,1.7376195,93.49593,37.19512
2014-05-27 05,21.870554,0.81543386,80.79269,38.719513
2014-05-27 06,25.071123,1.7376195,71.138214,28.353659
2014-05-27 07,36.628735,0.79973304,91.46341,31.40244
2014-05-27 08,25.288612,1.7376195,96.03658,40.028217
2014-05-27 09,26.849218,1.7376195,87.9065,27.743902
2014-05-27 10,25.30409,0.80660886,97.560974,34.146343
2014-05-27 11,27.204834,0.8031313,105.18293,42.07317
2014-05-27 12,25.96017,1.3032146,122.15245,40.84903
2014-05-27 13,25.572107,1.7376195,95.020325,35.67073
2014-05-27 14,26.137981,1.7376195,91.97154,31.707317
2014-05-27 15,23.826458,1.7376195,93.49593,40.2734
2014-05-27 16,23.826458,1.7376195,91.46341,42.987804
2014-05-27 17,23.826458,1.7376195,121.3059,43.90244
2014-05-27 18,25.782362,2.1720243,116.86992,45.121952
2014-05-27 19,27.738264,1.7376195,177.84552,41.792767
2014-05-27 20,28.093882,1.7376195,125.16049,51.82927
2014-05-27 21,27.204834,1.7376195,149.89838,50.914635
2014-05-27 22,23.826458,1.7376195,125.27869,64.939026
2014-05-27 23,23.29303,1.7376195,148.88211,62.80488
2014-05-28 00,20.625889,1.7376195,127.54066,49.390244
2014-05-28 01,17.78094,1.7376195,121.434975,42.987804
2014-05-28 02,17.069702,1.520417,95.52846,42.378048
2014-05-28 03,17.24751,1.7376195,120.75072,40.853657
2014-05-28 04,17.78094,0.8156736,92.98781,40.096146
2014-05-28 05,25.247213,1.7376195,80.79269,40.24107
2014-05-28 06,23.29303,0.7723923,120.0218,28.04878
2014-05-28 07,25.344551,1.7376195,121.06949,41.21319
2014-05-28 08,25.172785,1.7376195,98.06911,35.67073
2014-05-28 09,27.738264,0.80958486,84.349594,33.536587
2014-05-28 10,25.96017,0.8078548,92.479675,40.670555
2014-05-28 11,25.071123,0.81724507,89.43089,50.609756
2014-05-28 12,24.537695,1.520417,95.52846,47.560974
2014-05-28 13,24.359886,1.7376195,87.9065,36.280487
2014-05-28 14,24.004267,1.520417,121.80697,41.60108
2014-05-28 15,25.330439,1.520417,82.31707,45.42683
2014-05-28 16,23.648647,1.7376195,85.873985,40.803
2014-05-28 17,23.470839,2.1720243,123.91744,45.42683
2014-05-28 18,25.96017,2.606429,124.82658,50.609756
2014-05-28 19,27.738264,0.8140727,152.94717,62.19512
2014-05-28 20,28.80512,1.7376195,150.91463,57.92683
2014-05-28 21,27.027029,1.7376195,142.78455,57.012196
2014-05-28 22,25.96017,1.7376195,121.94527,41.024548
2014-05-28 23,24.359886,1.7376195,124.70313,58.841465
2014-05-29 00,22.93741,0.7926378,123.47561,52.134148
2014-05-29 01,25.167482,0.8024168,102.64227,40.748833
2014-05-29 02,18.136559,1.7376195,121.37004,42.07317
2014-05-29 03,17.42532,1.7376195,122.54563,39.634148
2014-05-29 04,25.187555,0.81651056,94.51219,40.45618
2014-05-29 05,21.159317,0.807149,83.84146,39.32927
2014-05-29 06,24.004267,1.7376195,123.76119,40.763893
2014-05-29 07,36.095306,1.7376195,91.46341,33.841465
2014-05-29 08,29.694168,1.7376195,86.38211,36.280487
2014-05-29 09,26.493599,0.80034685,122.939964,40.258575
2014-05-29 10,28.093882,0.7964355,110.26423,36.280487
2014-05-29 11,27.916075,1.7376195,122.55745,42.07317
2014-05-29 12,25.579147,1.7376195,121.27851,42.987804
2014-05-29 13,24.359886,0.81045455,99.085365,36.585365
2014-05-29 14,23.826458,1.520417,120.94963,31.707317
2014-05-29 15,25.432241,1.520417,84.85773,40.330822
2014-05-29 16,25.208721,0.79695165,88.414635,40.07096
2014-05-29 17,23.648647,1.7376195,98.57723,49.69512
2014-05-29 18,25.295704,1.520417,127.54066,58.23171
2014-05-29 19,29.694168,0.7877714,175.30487,54.878048
2014-05-29 20,27.916075,1.9548218,161.07724,40.748608
2014-05-29 21,27.560457,1.7376195,124.316216,60.97561
2014-05-29 22,24.359886,1.7376195,125.63563,71.95122
2014-05-29 23,25.259613,1.7376195,130.0813,64.32927
2014-05-30 00,25.13165,1.7376195,126.01626,50.30488
2014-05-30 01,20.09246,1.7376195,111.28049,42.682926
2014-05-30 02,25.321632,1.7376195,107.72358,39.939026
2014-05-30 03,17.78094,1.7376195,99.5935,38.719513
2014-05-30 04,25.238628,1.7376195,97.560974,37.5
2014-05-30 05,19.914652,1.7376195,120.66938,36.890244
2014-05-30 06,23.826458,1.7376195,69.61382,27.439024
2014-05-30 07,25.042452,1.7376195,92.98781,40.202473
2014-05-30 08,32.36131,0.80569166,104.166664,31.40244
2014-05-30 09,28.449503,0.86880976,98.06911,25.609756
2014-05-30 10,25.518652,1.3032146,101.626015,27.134146
2014-05-30 11,27.204834,1.3032146,119.634575,26.829268
2014-05-30 12,28.449503,1.3032146,99.085365,29.268293
2014-05-30 13,28.62731,0.770634,120.75653,23.780487
2014-05-30 14,27.738264,1.7376195,124.03139,41.57618
2014-05-30 15,26.671406,1.7376195,122.175575,33.841465
2014-05-30 16,26.849218,1.7376195,121.40203,40.83642
2014-05-30 17,28.62731,1.520417,100.60976,31.707317
2014-05-30 18,29.871977,2.1720243,122.297,33.23171
2014-05-30 19,25.410439,1.7376195,121.37632,42.07317
2014-05-30 20,25.272312,2.8236315,135.67073,41.6394
2014-05-30 21,25.212309,1.7376195,132.62195,40.548782
2014-05-30 22,25.326155,1.7376195,148.37398,57.317074
2014-05-30 23,24.359886,1.7376195,143.80081,40.738144
2014-05-31 00,25.479702,1.7376195,122.55397,41.275703
2014-05-31 01,22.581793,1.7376195,121.54162,39.634148
2014-05-31 02,20.625889,1.7376195,121.04444,35.97561
2014-05-31 03,19.203413,0.80307466,87.9065,40.214138
2014-05-31 04,19.914652,1.7376195,90.955284,40.56383
2014-05-31 05,20.27027,0.7887727,121.915436,41.35044
2014-05-31 06,24.537695,0.87908626,51.82927,41.32491
2014-05-31 07,27.916075,1.7376195,75.20326,24.085365
2014-05-31 08,29.871977,2.1720243,88.92276,26.219513
2014-05-31 09,25.270388,3.040834,123.15967,41.625805
2014-05-31 10,25.152548,1.9548218,112.80488,41.406487
2014-05-31 11,31.650072,1.7376195,126.52439,31.707317
2014-05-31 12,32.716927,0.8047767,111.78862,33.536587
2014-05-31 13,29.338549,1.7376195,109.24797,24.390244
2014-05-31 14,28.449503,0.78490293,118.39431,33.23171
2014-05-31 15,25.61133,1.7376195,105.18293,35.060974
2014-05-31 16,25.96017,1.7376195,122.36209,31.09756
2014-05-31 17,28.093882,0.80361855,104.6748,31.707317
2014-05-31 18,28.62731,1.7376195,126.01626,34.451218
2014-05-31 19,25.528234,1.7376195,149.39024,44.207317
2014-05-31 20,25.42736,0.78957534,132.62195,47.560974
2014-05-31 21,26.493599,0.81589925,138.21138,57.012196
2014-05-31 22,25.96017,1.7376195,136.687,51.82927
2014-05-31 23,25.426743,1.7376195,123.19203,52.134148
2014-06-01 00,24.004267,1.7376195,131.09756,46.341465
2014-06-01 01,25.419191,0.0,137.49504,42.260277
2014-06-01 02,18.669987,0.0,104.6748,38.414635
2014-06-01 03,17.069702,1.520417,98.57723,40.06944
2014-06-01 04,18.136559,1.520417,88.414635,34.756096
2014-06-01 05,19.203413,1.7376195,71.138214,32.621952
2014-06-01 06,21.337126,1.7376195,56.40244,19.512196
2014-06-01 07,25.56678,1.7376195,76.727646,21.341463
2014-06-01 08,27.027029,1.7376195,120.099655,18.90244
2014-06-01 09,25.230091,0.78214216,96.03658,19.817074
2014-06-01 10,35.917496,0.79919565,119.41057,25.0
2014-06-01 11,34.85064,0.7798913,142.78455,28.658537
2014-06-01 12,34.672832,1.7376195,121.95122,25.0
2014-06-01 13,25.201265,1.7376195,120.50118,41.20138
2014-06-01 14,28.271692,1.7376195,87.9065,32.317074
2014-06-01 15,26.849218,0.8037722,88.414635,27.134146
2014-06-01 16,27.204834,1.7376195,95.020325,23.780487
2014-06-01 17,28.62731,1.7376195,85.873985,25.0
2014-06-01 18,28.982933,1.7376195,96.544716,33.23171
2014-06-01 19,25.165312,1.9548218,121.319786,40.85167
2014-06-01 20,33.783783,1.7376195,123.85622,41.38409
2014-06-01 21,29.516361,1.7376195,132.11382,46.036587
2014-06-01 22,27.204834,1.7376195,122.612915,41.09702
2014-06-01 23,25.248934,0.8103343,137.19513,47.256096
2014-06-02 00,25.596163,1.7376195,114.32927,40.548782
2014-06-02 01,19.025604,0.80310184,96.03658,36.890244
2014-06-02 02,25.177647,1.7376195,92.479675,34.451218
2014-06-02 03,17.60313,0.7823133,91.46341,32.621952
2014-06-02 04,18.669987,0.7894788,91.97154,33.536587
2014-06-02 05,21.337126,1.7376195,74.69512,33.536587
2014-06-02 06,25.688726,1.7376195,118.81947,23.170732
2014-06-02 07,25.267899,0.8068003,82.31707,27.439024
2014-06-02 08,33.428165,0.78068584,120.85768,29.878048
2014-06-02 09,28.982933,0.7674923,120.25461,23.475609
2014-06-02 10,25.329195,0.8003053,103.65854,31.40244
2014-06-02 11,25.210062,0.7988729,122.11702,40.898922
2014-06-02 12,26.849218,1.3032146,121.75757,33.841465
2014-06-02 13,26.31579,0.7954826,108.73984,32.012196
2014-06-02 14,25.41671,1.3032146,95.020325,40.127636
2014-06-02 15,24.359886,1.520417,99.5935,30.487804
2014-06-02 16,28.093882,1.7376195,99.085365,39.02439
2014-06-02 17,28.271692,1.7376195,107.21545,40.243904
2014-06-02 18,30.405405,2.1720243,128.04878,41.370102
2014-06-02 19,30.227596,1.7376195,162.09349,53.658535
2014-06-02 20,31.82788,1.7376195,150.91463,40.711006
2014-06-02 21,29.16074,1.7376195,154.97968,57.621952
2014-06-02 22,26.493599,1.7376195,125.79734,65.243904
2014-06-02 23,25.487585,1.7376195,152.94717,57.92683
2014-06-03 00,25.360634,1.7376195,122.31255,49.085365
2014-06-03 01,25.323986,1.7376195,123.3146,41.76829
2014-06-03 02,19.203413,0.77560776,120.5189,38.719513
2014-06-03 03,17.78094,1.7376195,96.03658,41.223057
2014-06-03 04,19.203413,0.7982137,94.00407,37.19512
2014-06-03 05,22.048365,0.81170994,80.284546,34.756096
2014-06-03 06,25.604553,1.7376195,121.93258,40.99704
2014-06-03 07,25.337606,0.77343774,120.2829,33.23171
2014-06-03 08,33.250355,1.7376195,96.03658,33.841465
2014-06-03 09,27.204834,1.7376195,88.414635,33.23171
2014-06-03 10,29.338549,0.8083741,96.03658,33.536587
2014-06-03 11,25.43616,1.520417,97.05285,40.555252
2014-06-03 12,28.80512,0.80324376,106.19919,40.16037
2014-06-03 13,27.204834,1.7376195,86.89024,40.500427
2014-06-03 14,27.204834,0.7814351,120.256744,28.04878
2014-06-03 15,24.004267,1.7376195,92.479675,30.792683
2014-06-03 16,25.96017,0.77779657,120.58611,31.40244
2014-06-03 17,26.31579,1.7376195,86.38211,34.451218
2014-06-03 18,25.213558,2.1720243,105.691055,37.80488
2014-06-03 19,25.238415,0.77954984,122.86097,50.30488
2014-06-03 20,25.153322,1.7376195,122.0123,50.914635
2014-06-03 21,30.405405,1.7376195,149.89838,48.17073
2014-06-03 22,27.382647,1.7376195,157.01219,41.29153
2014-06-03 23,24.359886,0.7817513,121.342445,51.82927
2014-06-04 00,22.759602,0.79294735,117.88618,42.07317
2014-06-04 01,18.847795,1.7376195,122.493484,40.548782
2014-06-04 02,25.536196,0.80720747,98.57723,35.365852
2014-06-04 03,25.179104,0.805414,89.43089,34.146343
2014-06-04 04,18.492176,1.7376195,93.49593,34.451218
2014-06-04 05,19.736841,1.7376195,80.79269,34.451218
2014-06-04 06,25.34587,1.7376195,67.07317,24.390244
2014-06-04 07,25.216518,1.7376195,84.85773,29.573172
2014-06-04 08,31.650072,0.7917433,121.58148,40.34068
2014-06-04 09,27.382647,0.8019644,104.166664,39.716843
2014-06-04 10,27.916075,1.520417,92.479675,40.38696
2014-06-04 11,26.671406,1.520417,122.4329,37.80488
2014-06-04 12,25.33629,1.520417,105.691055,33.536587
2014-06-04 13,26.31579,0.79262817,87.9065,28.04878
2014-06-04 14,25.96017,1.520417,119.985886,27.134146
2014-06-04 15,27.027029,1.520417,92.479675,40.673176
2014-06-04 16,24.537695,1.7376195,86.38211,39.02439
2014-06-04 17,23.29303,0.8024844,92.98781,40.66332
2014-06-04 18,25.194952,2.606429,96.544716,41.158535
2014-06-04 19,25.441093,0.8038978,148.88211,53.048782
2014-06-04 20,25.408693,1.7376195,130.58943,40.616596
2014-06-04 21,25.57491,1.7376195,134.65446,48.780487
2014-06-04 22,25.390018,1.7376195,163.61789,62.19512
2014-06-04 23,25.782362,0.8029037,138.71951,55.182926
2014-06-05 00,25.082272,0.780941,120.55262,44.207317
2014-06-05 01,25.18283,0.7757559,120.95426,40.732014
2014-06-05 02,17.42532,1.7376195,97.560974,41.178295
2014-06-05 03,17.24751,1.7376195,119.359055,35.67073
2014-06-05 04,19.025604,1.7376195,120.69841,34.756096
2014-06-05 05,21.337126,0.78838396,119.24149,34.756096
2014-06-05 06,25.604553,1.7376195,73.17073,40.712894
2014-06-05 07,36.806545,0.80559665,94.00407,35.67073
2014-06-05 08,25.45937,0.80864084,87.9065,38.719513
2014-06-05 09,27.916075,1.9548218,123.41518,30.792683
2014-06-05 10,26.671406,1.7376195,121.352936,33.841465
2014-06-05 11,27.560457,0.8228008,102.64227,39.900223
2014-06-05 12,25.96017,1.7376195,110.26423,37.19512
2014-06-05 13,26.137981,0.7720574,120.58176,35.060974
2014-06-05 14,24.715506,1.520417,88.92276,35.97561
2014-06-05 15,27.382647,0.80223006,88.92276,40.548782
2014-06-05 16,27.738264,0.8094599,79.77642,41.463413
2014-06-05 17,25.378746,1.7376195,122.63625,43.59756
2014-06-05 18,28.982933,1.520417,124.45008,47.560974
2014-06-05 19,25.175426,0.7872654,173.27235,40.895336
2014-06-05 20,31.294453,1.9548218,146.34146,51.52439
2014-06-05 21,29.16074,0.8082689,143.29268,48.17073
2014-06-05 22,25.360058,1.7376195,124.276695,60.060974
2014-06-05 23,25.506138,0.7921506,121.49543,51.82927
2014-06-06 00,23.29303,1.7376195,114.837395,37.80488
2014-06-06 01,25.063017,0.8021722,96.03658,37.5
2014-06-06 02,25.547028,1.7376195,121.28788,41.727665
2014-06-06 03,17.78094,0.7737246,119.526566,34.146343
2014-06-06 04,18.847795,0.80391973,89.43089,34.756096
2014-06-06 05,25.386906,0.80835867,74.69512,33.536587
2014-06-06 06,26.31579,1.7376195,119.65368,24.390244
2014-06-06 07,34.31721,1.7376195,84.349594,28.353659
2014-06-06 08,29.694168,1.7376195,85.873985,29.878048
2014-06-06 09,26.671406,0.86880976,121.63789,40.337334
2014-06-06 10,26.31579,1.3032146,120.98836,30.792683
2014-06-06 11,25.533304,1.3032146,96.03658,35.060974
2014-06-06 12,24.004267,1.3032146,123.17841,40.504158
2014-06-06 13,25.136961,1.7376195,96.544716,40.143322
2014-06-06 14,23.826458,0.80403256,84.85773,39.89998
2014-06-06 15,23.11522,1.7376195,96.544716,32.92683
2014-06-06 16,22.403982,1.7376195,122.65261,34.756096
2014-06-06 17,25.304613,1.520417,109.24797,39.32927
2014-06-06 18,25.29878,0.7901832,119.5434,44.512196
2014-06-06 19,26.671406,0.7832471,122.759796,51.219513
2014-06-06 20,27.204834,2.8236315,124.58662,49.390244
2014-06-06 21,24.893314,1.7376195,151.9309,40.639084
2014-06-06 22,23.648647,0.8100407,148.37398,63.719513
2014-06-06 23,25.08724,0.7885923,121.99482,41.284847
2014-06-07 00,22.759602,1.7376195,141.26016,49.085365
2014-06-07 01,25.409153,1.7376195,116.86992,41.3114
2014-06-07 02,17.42532,1.7376195,103.150406,40.697536
2014-06-07 03,17.069702,1.7376195,101.11789,39.02439
2014-06-07 04,17.78094,1.7376195,97.560974,36.890244
2014-06-07 05,18.669987,2.1720243,81.30081,34.451218
2014-06-07 06,25.479912,1.7376195,120.67229,24.085365
2014-06-07 07,24.004267,1.7376195,120.84921,26.524391
2014-06-07 08,25.070799,0.80050254,96.03658,34.451218
2014-06-07 09,29.516361,0.82618177,105.691055,40.100075
2014-06-07 10,25.323866,1.9548218,125.50813,43.90244
2014-06-07 11,27.916075,1.7376195,119.41057,44.817074
2014-06-07 12,28.271692,1.7376195,126.01626,41.103703
2014-06-07 13,28.093882,1.7376195,117.37805,38.414635
2014-06-07 14,25.187664,1.7376195,123.98374,41.267067
2014-06-07 15,25.96017,1.7376195,121.44309,35.365852
2014-06-07 16,24.537695,1.7376195,108.231705,30.182926
2014-06-07 17,25.444496,1.9548218,102.13415,32.012196
2014-06-07 18,25.189764,1.7376195,115.85366,36.280487
2014-06-07 19,28.271692,0.8016465,122.12005,40.444588
2014-06-07 20,27.027029,1.7376195,133.63821,32.92683
2014-06-07 21,26.31579,1.7376195,121.83818,41.46542
2014-06-07 22,23.29303,1.7376195,133.63821,51.52439
2014-06-07 23,23.470839,1.7376195,124.49328,51.82927
2014-06-08 00,25.453356,1.7376195,124.0958,51.52439
2014-06-08 01,18.847795,0.0,112.80488,48.17073
2014-06-08 02,17.069702,0.0,130.96477,41.511463
2014-06-08 03,16.714083,1.520417,96.03658,35.365852
2014-06-08 04,25.377167,1.520417,94.00407,33.841465
2014-06-08 05,18.847795,1.7376195,121.868256,31.09756
2014-06-08 06,21.514936,1.7376195,54.36992,21.341463
2014-06-08 07,23.29303,1.7376195,70.12195,22.560976
2014-06-08 08,25.58061,1.7376195,85.36585,26.524391
2014-06-08 09,25.45908,1.7376195,108.73984,24.695122
2014-06-08 10,25.155388,0.7979267,121.55828,41.2817
2014-06-08 11,27.560457,1.7376195,144.81708,40.83794
2014-06-08 12,30.049786,1.7376195,143.29268,41.104443
2014-06-08 13,28.449503,1.7376195,104.6748,39.939026
2014-06-08 14,26.31579,1.7376195,97.560974,32.92683
2014-06-08 15,26.493599,1.520417,94.00407,40.55151
2014-06-08 16,25.281897,1.7376195,97.05285,40.87113
2014-06-08 17,25.604553,0.7703514,119.18377,24.695122
2014-06-08 18,27.738264,1.7376195,122.57579,40.964935
2014-06-08 19,25.401339,1.9548218,116.86992,32.317074
2014-06-08 20,28.271692,1.7376195,133.63821,35.365852
2014-06-08 21,26.493599,1.7376195,136.17886,40.548782
2014-06-08 22,25.478144,1.7376195,162.09349,57.317074
2014-06-08 23,24.715506,1.7376195,145.32521,51.82927
2014-06-09 00,22.048365,1.7376195,128.04878,45.121952
2014-06-09 01,25.215746,1.7376195,110.26423,39.634148
2014-06-09 02,17.069702,1.7376195,98.06911,41.184807
2014-06-09 03,25.195171,1.520417,120.70376,40.760624
2014-06-09 04,18.314367,0.7838344,119.97929,40.67041
2014-06-09 05,19.381224,1.7376195,71.138214,31.40244
2014-06-09 06,22.93741,1.7376195,63.00813,40.008385
2014-06-09 07,30.761024,1.7376195,81.808945,40.127705
2014-06-09 08,28.80512,1.7376195,81.808945,40.614014
2014-06-09 09,27.204834,1.7376195,96.03658,40.414146
2014-06-09 10,27.382647,1.7376195,122.42562,25.304878
2014-06-09 11,27.560457,1.3032146,117.37805,32.012196
2014-06-09 12,25.299234,0.77019197,120.54699,34.451218
2014-06-09 13,24.893314,1.520417,104.166664,29.878048
2014-06-09 14,25.604553,1.3032146,122.16029,30.182926
2014-06-09 15,24.004267,0.7681851,121.18058,28.658537
2014-06-09 16,25.405054,1.7376195,90.955284,27.134146
2014-06-09 17,24.537695,0.81332105,98.06911,40.519917
2014-06-09 18,29.338549,2.1720243,123.70646,35.365852
2014-06-09 19,29.338549,1.7376195,124.099846,41.30909
2014-06-09 20,25.36421,1.7376195,146.34146,41.496834
2014-06-09 21,27.382647,1.7376195,122.55306,45.73171
2014-06-09 22,25.96017,1.7376195,143.29268,54.57317
2014-06-09 23,25.071123,0.8183729,134.14635,55.792683
2014-06-10 00,23.11522,1.7376195,115.34553,40.22321
2014-06-10 01,25.185936,1.7376195,108.231705,40.853657
2014-06-10 02,18.669987,1.7376195,121.87776,38.719513
2014-06-10 03,25.29352,0.8213129,94.51219,40.22173
2014-06-10 04,25.253242,1.7376195,90.44715,40.30357
2014-06-10 05,21.337126,1.7376195,123.412674,41.582493
2014-06-10 06,25.600786,1.7376195,66.05691,24.390244
2014-06-10 07,24.715506,1.7376195,75.71138,23.170732
2014-06-10 08,26.31579,0.8112422,84.349594,40.08457
2014-06-10 09,27.560457,1.7376195,97.560974,21.95122
2014-06-10 10,29.694168,1.520417,124.26587,40.444332
2014-06-10 11,31.294453,1.520417,122.526764,40.327248
2014-06-10 12,31.294453,1.3032146,134.14635,31.09756
2014-06-10 13,30.583214,0.79180044,115.34553,29.268293
2014-06-10 14,28.62731,1.7376195,113.31301,25.0
2014-06-10 15,28.982933,1.7376195,103.150406,40.825264
2014-06-10 16,27.560457,0.8065959,102.13415,27.134146
2014-06-10 17,26.849218,1.7376195,110.26423,24.085365
2014-06-10 18,25.300457,0.7867117,120.42683,29.573172
2014-06-10 19,25.403194,0.7841663,120.49177,40.875782
2014-06-10 20,32.1835,1.7376195,124.1658,40.422356
2014-06-10 21,29.338549,0.78330046,121.11807,40.57145
2014-06-10 22,27.027029,0.79695255,122.07763,55.487804
2014-06-10 23,25.185472,1.7376195,143.80081,53.963413
2014-06-11 00,25.596104,1.7376195,120.42683,41.463413
2014-06-11 01,25.652653,1.7376195,120.4539,39.02439
2014-06-11 02,17.78094,1.520417,99.5935,37.80488
2014-06-11 03,25.448298,1.7376195,95.020325,40.15517
2014-06-11 04,25.466314,1.7376195,86.38211,40.269966
2014-06-11 05,25.276985,0.7931276,73.17073,33.536587
2014-06-11 06,25.426743,1.7376195,68.08943,24.390244
2014-06-11 07,25.446075,1.7376195,120.53584,28.963415
2014-06-11 08,33.605976,0.7996143,95.52846,28.353659
2014-06-11 09,25.353085,1.7376195,96.544716,23.170732
2014-06-11 10,25.253637,1.520417,120.793205,25.914635
2014-06-11 11,29.16074,1.520417,92.479675,22.865854
2014-06-11 12,27.916075,1.520417,122.93143,29.878048
2014-06-11 13,25.443014,1.7376195,108.73984,23.780487
2014-06-11 14,27.027029,1.520417,123.463554,40.508038
2014-06-11 15,24.893314,1.520417,94.00407,23.475609
2014-06-11 16,25.304916,1.7376195,100.60976,40.46349
2014-06-11 17,28.62731,2.1720243,123.87894,41.399147
2014-06-11 18,25.482647,2.606429,124.35552,42.033558
2014-06-11 19,36.273117,0.79323184,123.6274,40.785095
2014-06-11 20,38.05121,1.7376195,140.75203,39.634148
2014-06-11 21,25.600483,1.7376195,123.95019,50.30488
2014-06-11 22,28.271692,1.7376195,170.7317,41.361538
2014-06-11 23,26.31579,1.7376195,144.30894,40.739143
2014-06-12 00,25.071123,1.7376195,129.06505,44.207317
2014-06-12 01,22.048365,1.7376195,121.48013,40.548782
2014-06-12 02,19.025604,1.7376195,123.10143,41.02978
2014-06-12 03,25.053923,0.777651,121.34809,41.108177
2014-06-12 04,19.025604,1.7376195,97.05285,40.097763
2014-06-12 05,22.581793,1.7376195,79.268295,31.40244
2014-06-12 06,25.45227,0.7912008,69.10569,25.0
2014-06-12 07,35.20626,1.7376195,96.03658,32.012196
2014-06-12 08,25.385408,1.7376195,97.05285,28.963415
2014-06-12 09,32.716927,1.9548218,94.00407,35.060974
2014-06-12 10,25.095657,0.7762701,121.48854,41.102913
2014-06-12 11,25.470331,1.7376195,106.19919,40.14678
2014-06-12 12,27.382647,0.79494554,107.21545,43.292683
2014-06-12 13,27.916075,0.795651,121.2789,40.984657
2014-06-12 14,25.167608,1.520417,102.64227,32.317074
2014-06-12 15,28.62731,1.520417,101.626015,35.365852
2014-06-12 16,25.310812,1.7376195,105.18293,39.939026
2014-06-12 17,25.4236,1.7376195,122.74825,42.07317
2014-06-12 18,30.227596,1.520417,122.48084,46.951218
2014-06-12 19,25.176287,1.7376195,146.8496,40.689167
2014-06-12 20,35.917496,1.9548218,124.993286,41.463413
2014-06-12 21,30.583214,1.7376195,158.02844,42.987804
2014-06-12 22,27.027029,1.7376195,123.57455,57.317074
2014-06-12 23,25.54599,1.7376195,154.47154,40.782856
2014-06-13 00,25.521288,0.77674997,120.03994,42.987804
2014-06-13 01,25.35562,1.7376195,119.9187,40.920036
2014-06-13 02,19.025604,1.7376195,110.772354,37.80488
2014-06-13 03,17.78094,1.7376195,102.64227,33.536587
2014-06-13 04,19.381224,1.7376195,96.03658,37.19512
2014-06-13 05,22.226173,0.78858817,119.39767,31.707317
2014-06-13 06,25.021023,0.8311733,71.64634,39.97745
2014-06-13 07,27.560457,1.7376195,94.00407,26.219513
2014-06-13 08,25.370169,1.7376195,115.34553,27.134146
2014-06-13 09,30.938833,0.86880976,132.62195,40.165524
2014-06-13 10,32.894737,0.8126791,133.63821,40.34364
2014-06-13 11,32.716927,1.3032146,139.73578,41.177635
2014-06-13 12,30.227596,1.3032146,124.05505,40.508045
2014-06-13 13,28.271692,0.7968193,134.14635,34.146343
2014-06-13 14,27.204834,1.7376195,117.88618,37.5
2014-06-13 15,28.271692,0.80025554,123.02353,40.972614
2014-06-13 16,27.560457,0.8222893,109.24797,40.31747
2014-06-13 17,29.694168,1.520417,108.231705,40.1034
2014-06-13 18,33.961594,2.1720243,125.00001,33.536587
2014-06-13 19,25.39553,1.7376195,122.39331,40.805748
2014-06-13 20,35.02845,2.8236315,163.61789,40.934944
2014-06-13 21,25.21533,0.77891797,127.032524,38.109756
2014-06-13 22,27.560457,1.7376195,146.34146,41.366386
2014-06-13 23,25.29779,1.7376195,138.71951,40.68604
2014-06-14 00,24.893314,1.7376195,121.95122,48.47561
2014-06-14 01,20.803698,0.80439585,117.37805,44.207317
2014-06-14 02,18.847795,1.7376195,103.150406,42.07317
2014-06-14 03,17.958748,0.79533654,99.5935,40.452415
2014-06-14 04,18.314367,0.77578014,119.80491,37.5
2014-06-14 05,25.504234,2.1720243,78.25203,32.621952
2014-06-14 06,25.482567,1.7376195,72.15447,40.592438
2014-06-14 07,28.093882,0.80682045,91.97154,22.560976
2014-06-14 08,28.80512,2.1720243,121.310555,22.865854
2014-06-14 09,31.472261,3.040834,109.24797,40.328358
2014-06-14 10,25.52668,1.9548218,120.42098,30.182926
2014-06-14 11,31.82788,0.7742885,121.92839,32.621952
2014-06-14 12,25.329376,1.7376195,121.29584,36.890244
2014-06-14 13,30.049786,1.7376195,141.26016,28.353659
2014-06-14 14,25.350676,1.7376195,120.770935,35.67073
2014-06-14 15,27.560457,0.7939276,115.34553,40.853657
2014-06-14 16,27.916075,1.7376195,121.95122,41.463413
2014-06-14 17,28.982933,1.9548218,124.49187,40.570328
2014-06-14 18,25.286623,1.7376195,129.57317,40.814026
2014-06-14 19,38.05121,1.7376195,139.73578,41.76829
2014-06-14 20,37.339973,0.8054585,148.88211,40.564247
2014-06-14 21,33.961594,0.7983666,122.990616,40.525387
2014-06-14 22,25.101707,1.7376195,131.6057,41.218254
2014-06-14 23,25.55614,1.7376195,155.48782,48.17073
2014-06-15 00,27.916075,1.7376195,146.34146,40.739758
2014-06-15 01,23.470839,0.0,117.37805,52.439026
2014-06-15 02,25.602356,0.0,143.64253,47.256096
2014-06-15 03,25.415,1.520417,123.44619,50.0
2014-06-15 04,19.914652,1.520417,93.49593,40.008327
2014-06-15 05,22.403982,0.7906463,121.66268,41.207844
2014-06-15 06,25.248934,1.7376195,59.45122,27.134146
2014-06-15 07,25.580484,1.7376195,122.62492,41.020935
2014-06-15 08,28.093882,0.8133679,81.30081,30.792683
2014-06-15 09,31.650072,1.7376195,90.955284,25.914635
2014-06-15 10,25.525106,1.7376195,133.13008,32.92683
2014-06-15 11,32.894737,0.79565144,123.64504,40.634533
2014-06-15 12,34.31721,1.7376195,123.28121,47.865852
2014-06-15 13,31.650072,1.7376195,122.86748,36.890244
2014-06-15 14,27.738264,1.7376195,101.626015,39.32927
2014-06-15 15,27.382647,0.7865791,121.03458,40.74445
2014-06-15 16,27.916075,1.7376195,111.78862,34.451218
2014-06-15 17,25.354176,0.8158481,112.296745,41.02345
2014-06-15 18,25.526642,1.7376195,100.10162,40.32983
2014-06-15 19,38.762447,0.8020869,124.98165,40.378803
2014-06-15 20,37.51778,1.7376195,128.04878,43.292683
2014-06-15 21,34.139404,0.79953235,159.04471,50.609756
2014-06-15 22,25.350372,0.81152195,166.15854,73.47561
2014-06-15 23,27.560457,0.80622715,142.78455,63.719513
2014-06-16 00,25.481512,1.7376195,126.01626,40.52612
2014-06-16 01,19.736841,1.7376195,107.72358,40.323036
2014-06-16 02,25.4618,1.7376195,104.166664,40.38194
2014-06-16 03,17.958748,1.520417,93.49593,44.817074
2014-06-16 04,18.492176,1.7376195,94.51219,48.47561
2014-06-16 05,25.395643,0.8034095,87.9065,40.853657
2014-06-16 06,26.671406,1.7376195,74.18699,30.182926
2014-06-16 07,34.139404,1.7376195,89.43089,35.365852
2014-06-16 08,25.160751,0.8069688,89.43089,31.09756
2014-06-16 09,31.82788,1.7376195,86.38211,27.743902
2014-06-16 10,30.405405,0.8036085,123.40163,41.06244
2014-06-16 11,29.16074,1.3032146,120.38263,30.792683
2014-06-16 12,25.237968,0.79921633,97.05285,40.780334
2014-06-16 13,26.493599,1.520417,92.98781,40.79113
2014-06-16 14,26.671406,0.7923202,85.873985,35.060974
2014-06-16 15,28.093882,1.520417,94.51219,41.463413
2014-06-16 16,26.31579,1.7376195,123.618904,40.548782
2014-06-16 17,25.351631,1.7376195,120.42036,37.19512
2014-06-16 18,28.093882,2.1720243,136.17886,43.90244
2014-06-16 19,35.02845,1.7376195,124.94624,57.317074
2014-06-16 20,35.56188,0.83817464,132.62195,72.86585
2014-06-16 21,33.250355,0.8050863,152.43903,67.98781
2014-06-16 22,27.560457,1.7376195,129.25706,86.89024
2014-06-16 23,26.493599,1.7376195,141.26016,65.85366
2014-06-17 00,24.182077,1.7376195,121.87108,40.802395
2014-06-17 01,20.44808,0.7960541,108.73984,51.82927
2014-06-17 02,19.025604,1.7376195,120.75904,47.256096
2014-06-17 03,18.314367,1.7376195,121.304665,40.966457
2014-06-17 04,19.736841,1.7376195,88.414635,44.817074
2014-06-17 05,23.826458,1.7376195,121.87761,41.226837
2014-06-17 06,26.849218,1.7376195,64.532524,28.658537
2014-06-17 07,25.276411,1.7376195,84.349594,41.76829
2014-06-17 08,33.250355,1.7376195,78.25203,35.67073
2014-06-17 09,28.093882,1.7376195,99.085365,40.393063
2014-06-17 10,27.382647,0.78467715,122.26157,39.634148
2014-06-17 11,25.068836,0.79645884,103.150406,36.585365
2014-06-17 12,27.916075,0.790947,106.19919,37.80488
2014-06-17 13,25.641922,1.7376195,120.451546,32.317074
2014-06-17 14,26.31579,1.7376195,94.00407,41.158535
2014-06-17 15,25.457895,0.80803376,100.60976,49.085365
2014-06-17 16,24.182077,1.7376195,86.89024,46.646343
2014-06-17 17,25.782362,0.81917995,98.06911,39.78543
2014-06-17 18,25.25814,0.78191435,120.285805,41.306526
2014-06-17 19,32.894737,1.7376195,183.94308,41.33584
2014-06-17 20,33.783783,1.7376195,163.61789,58.841465
2014-06-17 21,31.116644,1.7376195,150.91463,64.939026
2014-06-17 22,25.304638,1.7376195,164.63414,97.560974
2014-06-17 23,26.137981,1.7376195,127.36898,76.82927
2014-06-18 00,25.345106,1.7376195,120.93496,53.048782
2014-06-18 01,20.27027,0.815207,100.10162,47.256096
2014-06-18 02,17.958748,0.78709793,121.11325,47.256096
2014-06-18 03,17.60313,0.80930835,87.39838,40.126297
2014-06-18 04,25.481495,1.7376195,92.479675,40.291203
2014-06-18 05,22.403982,1.7376195,71.64634,40.224037
2014-06-18 06,26.137981,1.7376195,121.97257,32.621952
2014-06-18 07,32.53912,1.7376195,122.684746,39.32927
2014-06-18 08,25.142494,1.7376195,93.49593,33.841465
2014-06-18 09,28.093882,1.7376195,102.64227,40.121735
2014-06-18 10,26.849218,1.520417,105.691055,40.158123
2014-06-18 11,27.027029,0.8113182,99.085365,40.664562
2014-06-18 12,28.62731,0.77183,119.89827,33.536587
2014-06-18 13,25.346905,1.7376195,107.72358,26.829268
2014-06-18 14,25.527945,0.80215067,89.939026,32.317074
2014-06-18 15,25.372307,1.520417,87.9065,44.512196
2014-06-18 16,25.96017,1.7376195,122.190926,46.036587
2014-06-18 17,27.738264,2.1720243,93.49593,39.939026
2014-06-18 18,25.2617,2.606429,116.36179,41.171497
2014-06-18 19,25.229485,1.7376195,159.04471,53.048782
2014-06-18 20,33.961594,1.7376195,160.06097,51.219513
2014-06-18 21,25.168264,1.7376195,140.75203,42.378048
2014-06-18 22,28.093882,1.7376195,125.50357,66.15854
2014-06-18 23,27.560457,1.7376195,130.58943,58.23171
2014-06-19 00,25.343481,1.7376195,112.296745,42.987804
2014-06-19 01,25.213015,1.7376195,105.691055,42.987804
2014-06-19 02,18.314367,1.7376195,96.03658,41.102875
2014-06-19 03,25.492441,1.7376195,121.32846,37.80488
2014-06-19 04,25.315731,1.7376195,121.758,42.07317
2014-06-19 05,25.2493,1.7376195,78.25203,32.317074
2014-06-19 06,25.325468,0.78282815,119.61077,40.51928
2014-06-19 07,25.309027,0.808807,88.92276,40.16807
2014-06-19 08,33.783783,1.7376195,125.05785,38.414635
2014-06-19 09,25.506342,1.9548218,88.414635,30.792683
2014-06-19 10,27.560457,1.7376195,90.955284,41.76829
2014-06-19 11,25.47206,1.7376195,95.52846,40.63157
2014-06-19 12,27.738264,0.7974268,113.31301,39.32927
2014-06-19 13,27.204834,1.7376195,100.60976,35.97561
2014-06-19 14,25.192991,0.77910316,121.7568,39.02439
2014-06-19 15,25.26098,1.520417,92.479675,38.414635
2014-06-19 16,26.137981,0.81970847,85.873985,40.31301
2014-06-19 17,27.738264,1.7376195,86.38211,42.987804
2014-06-19 18,27.916075,1.520417,124.42226,46.341465
2014-06-19 19,32.00569,1.7376195,125.041435,56.40244
2014-06-19 20,36.273117,0.8077492,150.40652,58.23171
2014-06-19 21,25.552313,1.7376195,152.94717,60.365852
2014-06-19 22,25.28138,0.8135213,142.78455,75.0
2014-06-19 23,26.493599,1.7376195,123.661766,61.280487
2014-06-20 00,24.537695,0.80956495,125.00001,41.06491
2014-06-20 01,20.803698,1.7376195,122.49408,44.817074
2014-06-20 02,25.142693,0.8151756,93.49593,44.207317
2014-06-20 03,18.847795,1.7376195,121.65447,41.463413
2014-06-20 04,19.736841,0.79104894,119.09854,41.76829
2014-06-20 05,25.565536,1.7376195,71.138214,35.365852
2014-06-20 06,25.96017,0.77987766,120.05325,25.914635
2014-06-20 07,32.716927,1.7376195,76.21951,30.182926
2014-06-20 08,25.495821,1.7376195,92.479675,33.841465
2014-06-20 09,28.271692,0.86880976,119.50988,30.487804
2014-06-20 10,27.382647,1.3032146,120.19162,28.963415
2014-06-20 11,27.382647,1.3032146,102.13415,40.261395
2014-06-20 12,26.493599,0.80380446,106.70731,40.159916
2014-06-20 13,26.31579,0.8100895,88.92276,40.26439
2014-06-20 14,27.027029,1.7376195,121.99141,36.890244
2014-06-20 15,26.137981,1.7376195,90.44715,37.5
2014-06-20 16,28.093882,1.7376195,99.085365,38.719513
2014-06-20 17,25.422575,1.520417,102.13415,35.97561
2014-06-20 18,25.388678,2.1720243,109.756096,42.987804
2014-06-20 19,30.938833,1.7376195,123.43135,40.653786
2014-06-20 20,25.388634,2.8236315,150.40652,42.1082
2014-06-20 21,27.382647,1.7376195,140.2439,42.378048
2014-06-20 22,25.457815,1.7376195,157.52032,56.707317
2014-06-20 23,25.248934,1.7376195,139.22765,50.30488
2014-06-21 00,25.225872,0.77795994,120.13553,46.036587
2014-06-21 01,20.44808,1.7376195,115.34553,41.243614
2014-06-21 02,25.486158,1.7376195,122.2126,36.280487
2014-06-21 03,25.210062,1.7376195,94.00407,40.75059
2014-06-21 04,20.09246,0.8009871,84.349594,40.712917
2014-06-21 05,22.403982,2.1720243,68.08943,31.707317
2014-06-21 06,24.893314,0.8651601,55.386177,41.516712
2014-06-21 07,27.027029,1.7376195,75.71138,25.0
2014-06-21 08,27.560457,0.8066812,98.06911,34.451218
2014-06-21 09,28.62731,0.8087277,94.51219,39.9559
2014-06-21 10,28.982933,1.9548218,107.21545,40.623554
2014-06-21 11,25.442759,1.7376195,104.6748,29.878048
2014-06-21 12,28.62731,1.7376195,120.42683,27.439024
2014-06-21 13,27.560457,1.7376195,121.18257,30.182926
2014-06-21 14,28.271692,1.7376195,122.87229,40.853657
2014-06-21 15,27.204834,0.80715847,100.10162,32.317074
2014-06-21 16,25.46169,1.7376195,101.11789,28.353659
2014-06-21 17,29.16074,0.80209905,121.79739,40.57961
2014-06-21 18,28.62731,1.7376195,101.626015,34.146343
2014-06-21 19,30.938833,0.7880165,121.17447,37.5
2014-06-21 20,25.520012,1.7376195,116.36179,30.792683
2014-06-21 21,25.204006,0.8039439,121.44309,40.548782
2014-06-21 22,25.29246,1.7376195,131.09756,52.134148
2014-06-21 23,25.057032,0.810239,131.6057,41.312717
2014-06-22 00,25.248934,1.7376195,123.92939,40.79231
2014-06-22 01,22.048365,0.0,109.756096,37.19512
2014-06-22 02,20.803698,0.0,131.61911,38.109756
2014-06-22 03,25.253115,1.520417,98.57723,34.756096
2014-06-22 04,19.914652,1.520417,94.51219,35.365852
2014-06-22 05,25.13909,1.7376195,74.18699,33.536587
2014-06-22 06,25.196478,1.7376195,121.86353,40.83133
2014-06-22 07,25.604553,1.7376195,74.69512,39.787964
2014-06-22 08,25.38367,0.80066454,78.25203,26.219513
2014-06-22 09,27.204834,1.7376195,96.544716,20.426828
2014-06-22 10,25.302313,1.7376195,114.32927,29.268293
2014-06-22 11,28.093882,1.7376195,126.52439,30.182926
2014-06-22 12,28.80512,1.7376195,134.14635,34.756096
2014-06-22 13,25.27616,0.759413,117.68095,24.390244
2014-06-22 14,27.916075,1.7376195,122.50968,26.524391
2014-06-22 15,25.96017,1.520417,83.84146,23.170732
2014-06-22 16,24.359886,1.7376195,120.999825,24.085365
2014-06-22 17,23.470839,0.7879587,86.38211,27.743902
2014-06-22 18,25.071123,1.7376195,96.544716,31.40244
2014-06-22 19,25.342484,1.9548218,113.82114,31.707317
2014-06-22 20,27.916075,0.80771065,119.41057,34.146343
2014-06-22 21,27.916075,1.7376195,130.58943,41.110054
2014-06-22 22,27.916075,1.7376195,123.29742,41.11045
2014-06-22 23,27.027029,1.7376195,124.08685,48.780487
2014-06-23 00,25.604553,1.7376195,135.1626,40.958584
2014-06-23 01,24.182077,1.7376195,110.772354,42.07317
2014-06-23 02,21.159317,0.821051,95.52846,40.226967
2014-06-23 03,25.327164,1.520417,95.52846,35.67073
2014-06-23 04,21.159317,1.7376195,89.939026,40.272167
2014-06-23 05,25.20542,1.7376195,73.17073,31.09756
2014-06-23 06,26.137981,0.8100245,57.418697,20.731707
2014-06-23 07,31.650072,1.7376195,79.77642,26.829268
2014-06-23 08,31.472261,0.797467,84.349594,31.707317
2014-06-23 09,29.16074,1.7376195,121.94546,22.560976
2014-06-23 10,28.982933,0.7868867,101.11789,27.134146
2014-06-23 11,30.227596,1.3032146,95.020325,26.219513
2014-06-23 12,30.405405,0.82597625,94.00407,40.205368
2014-06-23 13,28.982933,1.520417,101.11789,31.40244
2014-06-23 14,27.738264,1.3032146,76.727646,27.134146
2014-06-23 15,25.47095,1.520417,121.04019,34.146343
2014-06-23 16,26.31579,1.7376195,110.26423,34.146343
2014-06-23 17,25.152452,0.7821961,101.626015,35.365852
2014-06-23 18,27.916075,0.8096786,101.11789,42.682926
2014-06-23 19,30.227596,1.7376195,123.71811,45.73171
2014-06-23 20,31.116644,0.81438583,150.40652,40.830597
2014-06-23 21,25.147598,1.7376195,123.07112,40.752514
2014-06-23 22,27.204834,1.7376195,152.94717,41.286285
2014-06-23 23,25.102184,1.7376195,120.93496,53.353657
2014-06-24 00,24.893314,1.7376195,123.47561,44.817074
2014-06-24 01,25.55985,1.7376195,123.10519,41.463413
2014-06-24 02,20.625889,1.7376195,91.46341,37.5
2014-06-24 03,20.27027,1.7376195,87.9065,36.280487
2014-06-24 04,21.159317,1.7376195,91.97154,40.948593
2014-06-24 05,21.514936,0.76825804,120.23282,32.621952
2014-06-24 06,25.604553,0.7918995,60.97561,21.95122
2014-06-24 07,31.116644,1.7376195,122.80777,30.487804
2014-06-24 08,31.116644,0.7675058,120.32129,25.914635
2014-06-24 09,25.337502,0.7714644,120.1187,26.219513
2014-06-24 10,29.16074,1.520417,105.18293,35.060974
2014-06-24 11,29.338549,1.520417,122.13733,32.012196
2014-06-24 12,28.982933,1.3032146,121.054436,33.841465
2014-06-24 13,25.31659,1.7376195,101.11789,34.756096
2014-06-24 14,27.204834,1.7376195,104.6748,33.841465
2014-06-24 15,26.137981,1.7376195,98.57723,41.158535
2014-06-24 16,25.177269,1.7376195,122.926926,42.987804
2014-06-24 17,26.849218,1.7376195,93.49593,36.890244
2014-06-24 18,27.916075,2.1720243,106.70731,42.07317
2014-06-24 19,25.435173,1.7376195,123.943474,48.47561
2014-06-24 20,31.472261,1.7376195,143.29268,47.865852
2014-06-24 21,25.208853,0.7763193,120.40381,47.560974
2014-06-24 22,27.738264,0.79319733,162.09349,62.19512
2014-06-24 23,28.271692,1.7376195,133.13008,60.97561
2014-06-25 00,25.112345,0.81075394,119.9187,40.27151
2014-06-25 01,25.524187,1.7376195,121.947044,40.853657
2014-06-25 02,20.981508,1.520417,90.44715,40.083157
2014-06-25 03,20.27027,1.7376195,92.479675,37.5
2014-06-25 04,25.251709,1.7376195,88.414635,40.304024
2014-06-25 05,23.29303,0.8014103,80.79269,34.756096
2014-06-25 06,26.31579,1.7376195,62.500004,25.304878
2014-06-25 07,32.00569,0.8028214,121.21738,40.885906
2014-06-25 08,32.894737,0.8074899,87.39838,31.09756
2014-06-25 09,29.694168,0.78457075,122.92328,40.36591
2014-06-25 10,25.426914,1.520417,122.42072,35.060974
2014-06-25 11,28.80512,1.520417,106.19919,34.756096
2014-06-25 12,28.80512,1.520417,122.02522,33.536587
2014-06-25 13,27.916075,1.7376195,90.44715,40.648014
2014-06-25 14,28.271692,0.8196848,94.00407,39.712208
2014-06-25 15,26.849218,1.520417,124.01376,41.559734
2014-06-25 16,27.916075,1.7376195,88.414635,38.109756
2014-06-25 17,28.62731,0.8151604,83.84146,42.987804
2014-06-25 18,29.871977,2.606429,99.5935,49.085365
2014-06-25 19,32.53912,1.7376195,159.55284,51.52439
2014-06-25 20,31.650072,1.7376195,125.05641,41.15319
2014-06-25 21,30.583214,1.7376195,148.88211,40.715103
2014-06-25 22,29.516361,1.7376195,159.04471,58.841465
2014-06-25 23,28.982933,1.7376195,128.04878,54.57317
2014-06-26 00,25.604553,1.7376195,123.74745,46.341465
2014-06-26 01,22.226173,1.7376195,99.5935,43.59756
2014-06-26 02,20.981508,1.7376195,90.44715,38.719513
2014-06-26 03,20.625889,0.7823943,120.91031,35.97561
2014-06-26 04,22.226173,1.7376195,122.12653,41.185375
2014-06-26 05,24.715506,1.7376195,74.69512,33.536587
2014-06-26 06,27.382647,0.7808884,118.75679,25.609756
2014-06-26 07,33.428165,0.80929863,121.63469,40.943756
2014-06-26 08,25.203367,0.7851759,83.333336,31.707317
2014-06-26 09,29.694168,1.9548218,121.193794,25.914635
2014-06-26 10,30.227596,1.7376195,106.70731,33.841465
2014-06-26 11,30.583214,1.7376195,85.873985,31.40244
2014-06-26 12,25.597336,1.7376195,105.691055,30.182926
2014-06-26 13,31.472261,1.7376195,100.10162,30.487804
2014-06-26 14,25.227608,1.520417,120.72747,40.951427
2014-06-26 15,25.251812,1.520417,109.756096,40.8656
2014-06-26 16,28.449503,0.79363775,105.18293,33.536587
2014-06-26 17,25.456724,1.7376195,101.626015,32.012196
2014-06-26 18,28.80512,0.79203004,120.42683,40.853657
2014-06-26 19,25.273685,1.7376195,141.26016,52.743904
2014-06-26 20,35.384068,1.9548218,127.114624,52.743904
2014-06-26 21,31.82788,1.7376195,157.01219,56.09756
2014-06-26 22,30.049786,1.7376195,125.9425,60.67073
2014-06-26 23,28.982933,1.7376195,132.62195,57.317074
2014-06-27 00,24.893314,1.7376195,120.42683,44.817074
2014-06-27 01,22.048365,1.7376195,103.150406,40.335
2014-06-27 02,21.159317,1.7376195,91.46341,36.890244
2014-06-27 03,20.625889,1.7376195,122.336464,33.536587
2014-06-27 04,25.435873,1.7376195,89.43089,34.146343
2014-06-27 05,24.004267,0.8151887,77.74391,31.707317
2014-06-27 06,28.62731,0.8058784,62.500004,23.170732
2014-06-27 07,36.095306,1.7376195,88.414635,32.317074
2014-06-27 08,36.628735,1.7376195,86.38211,37.5
2014-06-27 09,31.294453,0.86880976,96.544716,40.548782
2014-06-27 10,29.516361,1.3032146,93.49593,40.439404
2014-06-27 11,25.274057,1.3032146,107.21545,41.463413
2014-06-27 12,29.871977,1.3032146,107.72358,42.07317
2014-06-27 13,29.516361,0.7996939,106.19919,40.72316
2014-06-27 14,29.16074,1.7376195,87.9065,33.23171
2014-06-27 15,28.271692,1.7376195,95.52846,34.146343
2014-06-27 16,27.560457,1.7376195,94.00407,30.182926
2014-06-27 17,29.16074,1.520417,124.07655,38.109756
2014-06-27 18,31.650072,0.8239017,101.626015,39.816216
2014-06-27 19,34.31721,1.7376195,134.65446,65.243904
2014-06-27 20,35.917496,0.8182147,147.35773,40.537342
2014-06-27 21,32.1835,1.7376195,140.75203,40.657337
2014-06-27 22,25.132393,1.7376195,123.43006,54.26829
2014-06-27 23,30.227596,1.7376195,124.42656,53.658535
2014-06-28 00,26.493599,1.7376195,122.983215,53.658535
2014-06-28 01,25.453236,1.7376195,120.973724,44.817074
2014-06-28 02,22.226173,1.7376195,92.98781,41.463413
2014-06-28 03,25.379967,1.7376195,91.46341,37.5
2014-06-28 04,22.403982,0.8109796,83.84146,38.109756
2014-06-28 05,24.715506,0.78304815,119.483154,36.280487
2014-06-28 06,25.370005,1.7376195,59.45122,25.609756
2014-06-28 07,30.405405,1.7376195,81.808945,39.806465
2014-06-28 08,30.583214,0.80903614,89.43089,40.27842
2014-06-28 09,32.00569,3.040834,123.60175,34.146343
2014-06-28 10,32.53912,1.9548218,125.50471,41.31638
2014-06-28 11,25.19564,0.7808852,118.851,29.878048
2014-06-28 12,32.53912,1.7376195,112.296745,40.73751
2014-06-28 13,25.314558,0.8005342,122.09399,40.478115
2014-06-28 14,30.583214,1.7376195,123.98374,35.67073
2014-06-28 15,25.270315,1.7376195,113.31301,34.451218
2014-06-28 16,25.321558,0.76743895,120.17107,29.573172
2014-06-28 17,30.583214,1.9548218,104.166664,23.780487
2014-06-28 18,31.294453,1.7376195,109.24797,40.899597
2014-06-28 19,30.583214,0.8089322,137.19513,40.759514
2014-06-28 20,33.072548,0.7994853,135.67073,35.97561
2014-06-28 21,30.761024,1.7376195,120.93496,32.621952
2014-06-28 22,27.916075,1.7376195,124.49187,39.939026
2014-06-28 23,28.80512,0.7757717,121.33279,38.719513
2014-06-29 00,25.257778,1.7376195,121.756546,41.777695
2014-06-29 01,22.048365,0.0,103.150406,37.5
2014-06-29 02,22.581793,0.0,96.03658,37.80488
2014-06-29 03,25.54807,1.520417,90.44715,34.451218
2014-06-29 04,21.159317,1.520417,85.36585,32.92683
2014-06-29 05,25.680761,1.7376195,120.02052,30.792683
2014-06-29 06,25.604553,0.81064856,59.95935,20.731707
2014-06-29 07,27.560457,1.7376195,69.10569,20.426828
2014-06-29 08,29.516361,1.7376195,80.284546,20.426828
2014-06-29 09,32.00569,1.7376195,120.4921,22.256098
2014-06-29 10,32.894737,0.79951864,117.88618,25.304878
2014-06-29 11,34.672832,1.7376195,123.83198,33.536587
2014-06-29 12,36.095306,0.801292,121.33371,36.280487
2014-06-29 13,33.250355,0.80759907,94.51219,32.317074
2014-06-29 14,25.224667,1.7376195,101.626015,41.044758
2014-06-29 15,30.049786,1.520417,110.26423,40.34005
2014-06-29 16,29.16074,1.7376195,97.05285,25.609756
2014-06-29 17,29.516361,1.7376195,90.955284,29.573172
2014-06-29 18,30.049786,1.7376195,84.349594,40.59175
2014-06-29 19,35.02845,0.79236186,113.31301,35.365852
2014-06-29 20,25.331566,0.7830833,121.056366,32.621952
2014-06-29 21,32.53912,0.8114329,130.0813,40.942585
2014-06-29 22,25.20957,1.7376195,122.492455,53.353657
2014-06-29 23,25.355423,1.7376195,136.687,49.085365
2014-06-30 00,25.505339,1.7376195,123.195526,40.928238
2014-06-30 01,21.337126,1.7376195,120.96334,35.67073
2014-06-30 02,20.625889,1.7376195,122.22345,40.881554
2014-06-30 03,25.108465,0.7992405,97.05285,35.67073
2014-06-30 04,21.159317,0.8019872,89.939026,32.012196
2014-06-30 05,24.182077,0.80907434,75.20326,32.621952
2014-06-30 06,27.204834,1.7376195,65.04065,20.731707
2014-06-30 07,33.072548,1.7376195,83.333336,26.219513
2014-06-30 08,36.273117,1.7376195,79.77642,26.829268
2014-06-30 09,33.783783,1.7376195,82.825195,22.256098
2014-06-30 10,25.584198,1.7376195,121.18551,30.487804
2014-06-30 11,25.13836,0.7885068,119.706375,40.44549
2014-06-30 12,25.304651,1.3032146,121.62673,33.536587
2014-06-30 13,29.516361,1.520417,100.10162,32.621952
2014-06-30 14,31.116644,0.7971547,98.06911,28.04878
2014-06-30 15,29.16074,1.520417,84.85773,31.707317
2014-06-30 16,27.560457,0.81380004,87.9065,33.841465
2014-06-30 17,29.338549,1.7376195,93.49593,39.939026
2014-06-30 18,31.82788,0.8058745,113.82114,44.512196
2014-06-30 19,32.53912,0.8040162,122.726006,44.817074
2014-06-30 20,36.628735,0.7969028,123.13368,45.121952
2014-06-30 21,25.438269,1.7376195,147.86588,44.512196
2014-06-30 22,30.227596,1.7376195,125.24472,57.621952
2014-06-30 23,30.049786,0.8162094,125.50813,39.89773
2014-07-01 00,25.195364,1.7376195,120.42683,40.853657
2014-07-01 01,22.048365,1.7376195,102.64227,37.19512
2014-07-01 02,21.159317,0.8079455,91.46341,40.69284
2014-07-01 03,20.981508,1.7376195,120.38076,34.756096
2014-07-01 04,25.673458,1.7376195,122.54651,35.67073
2014-07-01 05,25.135218,0.80935174,74.18699,31.09756
2014-07-01 06,25.33409,1.7376195,64.02439,23.780487
2014-07-01 07,32.36131,1.7376195,123.17523,40.93367
2014-07-01 08,33.250355,0.7920159,120.6015,30.487804
2014-07-01 09,29.694168,1.7376195,122.4382,41.39983
2014-07-01 10,29.694168,1.520417,122.434616,37.80488
2014-07-01 11,29.338549,0.819568,97.560974,41.158535
2014-07-01 12,27.916075,1.3032146,123.03328,40.57197
2014-07-01 13,25.310339,1.7376195,121.69819,27.134146
2014-07-01 14,27.382647,1.7376195,94.00407,40.621483
2014-07-01 15,26.31579,1.7376195,86.38211,40.548782
2014-07-01 16,25.210035,1.7376195,95.020325,38.109756
2014-07-01 17,25.20742,1.7376195,87.9065,35.365852
2014-07-01 18,31.116644,2.1720243,123.71701,39.634148
2014-07-01 19,25.458801,1.7376195,121.767494,43.59756
2014-07-01 20,33.072548,1.7376195,148.37398,40.360683
2014-07-01 21,25.300411,1.7376195,135.1626,41.045353
2014-07-01 22,25.207874,0.7861497,162.09349,41.511635
2014-07-01 23,30.227596,0.80566406,129.06505,55.487804
2014-07-02 00,25.210552,1.7376195,122.66752,44.512196
2014-07-02 01,22.93741,1.7376195,101.11789,40.60214
2014-07-02 02,21.337126,0.8122321,89.43089,40.43963
2014-07-02 03,21.514936,1.7376195,88.414635,40.069466
2014-07-02 04,22.581793,1.7376195,87.39838,35.67073
2014-07-02 05,25.467272,1.7376195,76.727646,40.20432
2014-07-02 06,28.093882,1.7376195,68.08943,23.780487
2014-07-02 07,32.894737,1.7376195,86.38211,27.743902
2014-07-02 08,25.22067,1.7376195,120.54323,41.585423
2014-07-02 09,30.405405,0.7989151,98.06911,25.0
2014-07-02 10,25.453531,0.77181035,120.74712,29.878048
2014-07-02 11,25.393627,1.520417,119.33334,28.353659
2014-07-02 12,28.449503,1.520417,86.89024,40.694546
2014-07-02 13,25.209572,1.7376195,86.89024,29.268293
2014-07-02 14,27.382647,1.520417,87.9065,27.439024
2014-07-02 15,27.204834,0.8074586,90.955284,42.682926
2014-07-02 16,26.671406,1.7376195,94.51219,39.32927
2014-07-02 17,27.027029,2.1720243,86.38211,42.07317
2014-07-02 18,25.148712,0.77564996,119.6312,45.121952
2014-07-02 19,31.116644,1.7376195,139.22765,46.036587
2014-07-02 20,31.650072,1.7376195,132.11382,40.76484
2014-07-02 21,25.547464,1.7376195,146.34146,41.51092
2014-07-02 22,28.093882,1.7376195,145.83331,56.707317
2014-07-02 23,28.093882,1.7376195,145.32521,51.82927
2014-07-03 00,26.137981,1.7376195,121.94337,40.853657
2014-07-03 01,25.146408,0.79931486,102.64227,40.917484
2014-07-03 02,20.44808,1.7376195,90.955284,40.863728
2014-07-03 03,21.159317,1.7376195,85.36585,39.9789
2014-07-03 04,21.514936,1.7376195,82.31707,40.756195
2014-07-03 05,25.197323,1.7376195,75.20326,40.038734
2014-07-03 06,27.382647,1.7376195,58.94309,22.560976
2014-07-03 07,32.36131,1.7376195,81.808945,28.658537
2014-07-03 08,24.991518,0.80723655,85.36585,40.052895
2014-07-03 09,31.472261,1.9548218,124.126175,41.310356
2014-07-03 10,30.938833,1.7376195,94.00407,23.475609
2014-07-03 11,25.453573,1.7376195,122.82217,40.984833
2014-07-03 12,31.294453,1.7376195,122.59633,31.40244
2014-07-03 13,24.970827,0.8150749,90.44715,40.803967
2014-07-03 14,25.410444,1.520417,82.825195,40.809074
2014-07-03 15,28.271692,1.520417,92.98781,37.5
2014-07-03 16,27.738264,1.7376195,112.296745,40.264946
2014-07-03 17,25.503548,1.7376195,123.473206,41.607727
2014-07-03 18,34.139404,1.520417,117.88618,44.817074
2014-07-03 19,36.628735,1.7376195,126.00883,55.182926
2014-07-03 20,36.984352,1.9548218,126.538,46.951218
2014-07-03 21,35.384068,1.7376195,146.8496,54.26829
2014-07-03 22,29.16074,0.80388284,161.07724,41.35658
2014-07-03 23,30.049786,1.7376195,135.67073,64.32927
2014-07-04 00,26.31579,1.7376195,121.88779,40.748363
2014-07-04 01,25.49487,0.7878464,121.42292,47.560974
2014-07-04 02,25.059572,1.7376195,97.05285,40.97894
2014-07-04 03,21.514936,1.7376195,90.955284,40.218906
2014-07-04 04,22.048365,0.8176259,86.89024,40.40929
2014-07-04 05,25.024408,0.821127,72.15447,40.146637
2014-07-04 06,27.382647,0.8087108,69.61382,31.40244
2014-07-04 07,25.468836,1.7376195,82.31707,38.719513
2014-07-04 08,34.49502,1.7376195,77.23577,38.719513
2014-07-04 09,33.605976,0.86880976,88.414635,36.280487
2014-07-04 10,30.938833,1.3032146,107.72358,40.188564
2014-07-04 11,31.116644,0.7873874,105.18293,32.317074
2014-07-04 12,32.1835,0.807028,121.556755,40.91956
2014-07-04 13,25.512232,0.79243976,94.51219,32.92683
2014-07-04 14,25.17063,0.78354317,120.43347,40.602608
2014-07-04 15,28.449503,1.7376195,91.46341,36.280487
2014-07-04 16,25.172098,1.7376195,100.60976,36.585365
2014-07-04 17,25.108744,1.520417,121.636246,40.946297
2014-07-04 18,25.161554,0.8036637,125.00001,50.30488
2014-07-04 19,34.85064,0.7992386,142.78455,46.646343
2014-07-04 20,36.806545,2.8236315,139.73578,36.890244
2014-07-04 21,31.294453,0.8038627,143.29268,43.292683
2014-07-04 22,29.516361,1.7376195,153.96341,64.02439
2014-07-04 23,31.116644,1.7376195,127.169846,61.585365
2014-07-05 00,27.738264,1.7376195,123.37849,41.517338
2014-07-05 01,22.93741,1.7376195,122.20334,48.47561
2014-07-05 02,25.183323,1.7376195,92.479675,42.378048
2014-07-05 03,25.608025,1.7376195,121.05777,40.853657
2014-07-05 04,25.403559,1.7376195,93.49593,40.49023
2014-07-05 05,24.537695,2.1720243,81.30081,41.76829
2014-07-05 06,27.916075,1.7376195,53.86179,27.743902
2014-07-05 07,29.871977,0.78445554,122.17563,30.487804
2014-07-05 08,30.761024,2.1720243,100.60976,33.23171
2014-07-05 09,25.605198,3.040834,123.148865,35.365852
2014-07-05 10,36.095306,1.9548218,115.85366,46.341465
2014-07-05 11,35.20626,1.7376195,123.97481,41.76829
2014-07-05 12,25.337042,0.8111309,119.41057,45.73171
2014-07-05 13,33.072548,1.7376195,115.34553,38.414635
2014-07-05 14,31.82788,1.7376195,123.39536,34.756096
2014-07-05 15,30.227596,1.7376195,123.47561,45.121952
2014-07-05 16,25.464947,0.79452693,123.47561,40.952213
2014-07-05 17,32.00569,0.8164363,120.93496,40.403015
2014-07-05 18,25.45532,1.7376195,122.41851,48.17073
2014-07-05 19,36.095306,1.7376195,125.518845,46.341465
2014-07-05 20,35.20626,1.7376195,121.95122,54.878048
2014-07-05 21,31.650072,1.7376195,133.63821,40.792915
2014-07-05 22,25.329075,0.7959362,147.35773,64.02439
2014-07-05 23,25.290962,1.7376195,123.98374,40.748096
2014-07-06 00,28.62731,1.7376195,135.1626,60.365852
2014-07-06 01,25.795418,0.0,149.18115,52.743904
2014-07-06 02,26.085981,0.0,98.06911,42.91567
2014-07-06 03,22.581793,1.520417,91.46341,40.15407
2014-07-06 04,22.581793,1.520417,92.98781,40.95722
2014-07-06 05,24.715506,1.7376195,80.284546,43.59756
2014-07-06 06,25.11418,1.7376195,50.813007,33.23171
2014-07-06 07,25.391188,0.80047846,73.67886,33.841465
2014-07-06 08,26.31579,0.80493283,83.84146,31.40244
2014-07-06 09,28.449503,0.7894024,120.15303,30.487804
2014-07-06 10,31.116644,0.7854995,121.69008,30.487804
2014-07-06 11,25.615181,1.7376195,163.10974,41.46129
2014-07-06 12,30.583214,0.7907362,139.22765,46.341465
2014-07-06 13,25.331682,1.7376195,104.166664,36.280487
2014-07-06 14,25.57055,1.7376195,119.51929,25.914635
2014-07-06 15,28.62731,1.520417,101.626015,40.785202
2014-07-06 16,25.96017,1.7376195,99.5935,24.695122
2014-07-06 17,27.204834,1.7376195,95.020325,26.219513
2014-07-06 18,25.276304,0.8115871,87.9065,34.451218
2014-07-06 19,25.241512,1.9548218,104.6748,40.548782
2014-07-06 20,25.311754,0.78775215,127.54066,41.113293
2014-07-06 21,29.516361,1.7376195,111.28049,42.987804
2014-07-06 22,28.449503,1.7376195,131.09756,61.890244
2014-07-06 23,25.51035,1.7376195,122.80854,60.365852
2014-07-07 00,27.382647,1.7376195,127.54066,48.780487
2014-07-07 01,22.403982,1.7376195,121.95374,44.817074
2014-07-07 02,25.31274,1.7376195,96.544716,40.86231
2014-07-07 03,21.159317,1.520417,95.020325,39.634148
2014-07-07 04,22.048365,1.7376195,121.209465,40.72747
2014-07-07 05,23.648647,1.7376195,120.82745,37.19512
2014-07-07 06,27.560457,1.7376195,63.00813,28.04878
2014-07-07 07,32.00569,0.81927866,80.284546,34.451218
2014-07-07 08,25.32309,1.7376195,122.61724,40.864204
2014-07-07 09,31.82788,0.79437655,88.92276,25.609756
2014-07-07 10,25.050879,0.8171163,95.020325,39.90374
2014-07-07 11,32.00569,1.3032146,122.59679,29.573172
2014-07-07 12,31.650072,1.3032146,111.28049,30.792683
2014-07-07 13,28.982933,0.7974759,95.52846,23.475609
2014-07-07 14,30.405405,0.8041646,106.70731,39.777218
2014-07-07 15,29.871977,0.7957737,110.26423,32.92683
2014-07-07 16,28.80512,1.7376195,103.65854,27.134146
2014-07-07 17,30.583214,1.7376195,92.98781,39.84395
2014-07-07 18,31.650072,0.80080193,121.40424,42.07317
2014-07-07 19,25.390047,1.7376195,141.7683,43.59756
2014-07-07 20,36.273117,1.7376195,154.47154,40.548782
2014-07-07 21,32.53912,1.7376195,164.12602,41.256897
2014-07-07 22,30.405405,0.7970245,173.27235,60.67073
2014-07-07 23,30.405405,0.81066966,146.8496,50.0
2014-07-08 00,27.027029,1.7376195,133.13008,42.682926
2014-07-08 01,22.403982,1.7376195,115.85366,38.109756
2014-07-08 02,20.981508,1.7376195,101.626015,36.585365
2014-07-08 03,21.514936,1.7376195,101.626015,34.146343
2014-07-08 04,21.870554,1.7376195,121.62297,40.841164
2014-07-08 05,24.537695,1.7376195,90.44715,34.451218
2014-07-08 06,28.982933,1.7376195,121.95539,22.256098
2014-07-08 07,33.428165,1.7376195,124.48273,41.3482
2014-07-08 08,25.256174,0.7862408,87.39838,28.963415
2014-07-08 09,25.218912,0.7702865,119.4447,28.658537
2014-07-08 10,25.463173,1.520417,101.11789,40.604954
2014-07-08 11,33.250355,1.520417,122.68031,40.481045
2014-07-08 12,25.204884,1.3032146,121.070175,32.621952
2014-07-08 13,25.257587,1.7376195,99.085365,40.20721
2014-07-08 14,25.596401,1.7376195,101.626015,32.621952
2014-07-08 15,32.716927,1.7376195,124.460464,39.02439
2014-07-08 16,30.761024,0.8125148,98.57723,41.158535
2014-07-08 17,34.31721,1.7376195,100.10162,39.939026
2014-07-08 18,36.628735,2.1720243,121.44309,47.865852
2014-07-08 19,38.584637,1.7376195,153.96341,57.621952
2014-07-08 20,40.54054,1.7376195,157.01219,52.743904
2014-07-08 21,35.20626,1.7376195,157.52032,49.390244
2014-07-08 22,32.716927,1.7376195,158.02844,59.451218
2014-07-08 23,25.09153,0.8018101,122.63416,54.57317
2014-07-09 00,30.761024,1.7376195,120.42683,41.76829
2014-07-09 01,26.493599,0.7899157,105.691055,39.02439
2014-07-09 02,25.604553,1.520417,91.97154,40.611908
2014-07-09 03,25.597065,1.7376195,90.955284,34.451218
2014-07-09 04,26.849218,1.7376195,86.89024,35.365852
2014-07-09 05,28.80512,1.7376195,80.79269,39.795563
2014-07-09 06,32.894737,1.7376195,123.22267,41.3743
2014-07-09 07,39.829304,1.7376195,86.38211,39.636242
2014-07-09 08,41.073967,0.8037277,86.38211,32.621952
2014-07-09 09,36.806545,1.7376195,86.89024,27.743902
2014-07-09 10,37.162163,1.520417,97.560974,40.672977
2014-07-09 11,35.384068,1.520417,95.020325,36.585365
2014-07-09 12,33.783783,1.520417,123.65335,32.317074
2014-07-09 13,33.428165,1.7376195,91.46341,26.829268
2014-07-09 14,33.961594,1.520417,84.349594,26.219513
2014-07-09 15,32.1835,0.8005863,85.36585,32.012196
2014-07-09 16,33.605976,1.7376195,84.85773,36.585365
2014-07-09 17,35.73969,2.1720243,83.333336,45.73171
2014-07-09 18,25.382633,2.606429,106.19919,40.470116
2014-07-09 19,43.20768,1.7376195,125.006645,40.274906
2014-07-09 20,44.09673,1.7376195,136.687,70.42683
2014-07-09 21,38.584637,0.79137015,122.94316,40.89866
2014-07-09 22,34.139404,1.7376195,171.23984,40.8805
2014-07-09 23,33.961594,0.8077406,148.88211,40.742886
2014-07-10 00,25.279238,1.7376195,122.29362,51.219513
2014-07-10 01,25.397785,1.7376195,106.19919,47.256096
2014-07-10 02,27.916075,0.80011016,85.36585,43.59756
2014-07-10 03,27.027029,1.7376195,88.92276,40.548782
2014-07-10 04,28.80512,1.7376195,83.84146,41.158535
2014-07-10 05,25.161057,0.8059668,77.74391,42.07317
2014-07-10 06,33.783783,1.7376195,64.02439,29.268293
2014-07-10 07,41.607395,1.7376195,89.43089,41.158535
2014-07-10 08,43.20768,1.7376195,86.89024,48.780487
2014-07-10 09,36.984352,0.7862835,124.31105,46.646343
2014-07-10 10,25.242224,1.7376195,88.414635,43.292683
2014-07-10 11,33.783783,0.81796104,86.38211,40.548782
2014-07-10 12,25.486546,1.7376195,92.98781,38.109756
2014-07-10 13,33.783783,0.8069773,93.49593,34.756096
2014-07-10 14,25.134098,1.520417,88.414635,36.585365
2014-07-10 15,25.32538,0.8154821,92.98781,40.350163
2014-07-10 16,33.605976,0.8171305,105.18293,40.054874
2014-07-10 17,25.092299,0.7850937,122.33875,50.30488
2014-07-10 18,25.199545,0.81516135,128.55692,66.768295
2014-07-10 19,42.496445,1.7376195,158.53659,67.98781
2014-07-10 20,25.4212,1.9548218,149.89838,64.939026
2014-07-10 21,41.607395,1.7376195,126.93139,61.585365
2014-07-10 22,36.450924,0.79689324,165.65039,40.530914
2014-07-10 23,25.12234,0.7915324,133.63821,40.325542
2014-07-11 00,25.428173,0.79471356,137.70325,40.711876
2014-07-11 01,25.327314,0.8002183,111.78862,55.792683
2014-07-11 02,25.071123,0.79942864,97.05285,40.409798
2014-07-11 03,25.248934,1.7376195,95.52846,45.121952
2014-07-11 04,25.240055,1.7376195,94.51219,45.73171
2014-07-11 05,29.516361,0.81115216,79.268295,39.942184
2014-07-11 06,33.072548,1.7376195,72.662605,28.658537
2014-07-11 07,25.1472,0.7915994,83.333336,39.02439
2014-07-11 08,41.251778,1.7376195,125.42748,56.707317
2014-07-11 09,25.032356,0.86880976,92.98781,39.937466
2014-07-11 10,37.339973,1.3032146,111.78862,39.830593
2014-07-11 11,35.917496,0.8021616,123.72333,50.30488
2014-07-11 12,33.605976,1.3032146,115.34553,49.085365
2014-07-11 13,33.428165,1.7376195,95.52846,40.243904
2014-07-11 14,32.894737,1.7376195,98.57723,52.743904
2014-07-11 15,34.31721,1.7376195,98.57723,39.826954
2014-07-11 16,34.672832,1.7376195,93.49593,39.95671
2014-07-11 17,35.02845,1.520417,104.6748,39.730156
2014-07-11 18,25.057034,0.79326624,116.36179,40.86459
2014-07-11 19,25.443441,0.80254245,162.09349,62.80488
2014-07-11 20,42.852062,0.845147,173.27235,67.07317
2014-07-11 21,40.89616,1.7376195,160.06097,58.841465
2014-07-11 22,25.451248,1.7376195,162.60162,40.84193
2014-07-11 23,33.783783,1.7376195,129.64029,88.10976
2014-07-12 00,25.425362,1.7376195,150.40652,65.54878
2014-07-12 01,25.408852,0.793756,124.49187,56.40244
2014-07-12 02,28.093882,1.7376195,124.84651,50.30488
2014-07-12 03,28.271692,0.8161456,99.5935,46.036587
2014-07-12 04,29.16074,1.7376195,95.020325,40.790337
2014-07-12 05,30.227596,2.1720243,82.31707,39.73963
2014-07-12 06,33.250355,1.7376195,70.12195,39.645847
2014-07-12 07,25.57944,1.7376195,121.65616,42.378048
2014-07-12 08,36.450924,2.1720243,105.18293,39.92427
2014-07-12 09,25.015636,0.8090462,105.18293,48.17073
2014-07-12 10,25.24292,1.9548218,125.50813,40.853657
2014-07-12 11,39.118065,1.7376195,126.524956,46.951218
2014-07-12 12,39.651493,1.7376195,121.44309,46.646343
2014-07-12 13,36.806545,1.7376195,123.676506,37.5
2014-07-12 14,25.43713,1.7376195,121.58779,45.73171
2014-07-12 15,25.303331,1.7376195,120.95944,41.282703
2014-07-12 16,33.250355,1.7376195,120.42683,36.890244
2014-07-12 17,34.85064,1.9548218,128.55692,40.777885
2014-07-12 18,38.22902,0.81461877,116.86992,62.5
2014-07-12 19,43.20768,0.82095534,141.7683,55.792683
2014-07-12 20,41.607395,1.7376195,133.63821,60.97561
2014-07-12 21,36.450924,1.7376195,125.73911,40.755394
2014-07-12 22,25.113432,1.7376195,122.19636,41.249947
2014-07-12 23,34.139404,1.7376195,125.181404,40.591473
2014-07-13 00,25.37351,1.7376195,140.2439,84.14634
2014-07-13 01,28.271692,0.0,118.39431,41.770943
2014-07-13 02,27.382647,0.0,165.26599,67.98781
2014-07-13 03,25.225601,0.81770366,99.085365,67.68293
2014-07-13 04,25.287619,1.520417,104.166664,40.96621
2014-07-13 05,28.982933,1.7376195,124.61641,40.53939
2014-07-13 06,32.716927,1.7376195,63.00813,54.57317
2014-07-13 07,24.992556,1.7376195,78.25203,67.68293
2014-07-13 08,36.095306,1.7376195,95.020325,67.68293
2014-07-13 09,38.05121,1.7376195,126.70003,62.19512
2014-07-13 10,41.251778,1.7376195,126.01626,40.49963
2014-07-13 11,40.00711,1.7376195,127.032524,40.663605
2014-07-13 12,40.362732,1.7376195,125.71487,51.52439
2014-07-13 13,38.05121,0.8110042,103.65854,40.243904
2014-07-13 14,34.139404,1.7376195,97.05285,40.01054
2014-07-13 15,33.072548,1.520417,94.00407,33.23171
2014-07-13 16,32.894737,1.7376195,87.9065,35.97561
2014-07-13 17,25.273554,1.7376195,88.92276,40.128353
2014-07-13 18,37.162163,1.7376195,122.78995,37.80488
2014-07-13 19,40.71835,0.8042944,122.89821,40.4662
2014-07-13 20,40.00711,0.80817646,131.09756,57.012196
2014-07-13 21,25.341928,0.80029386,142.78455,60.67073
2014-07-13 22,33.961594,1.7376195,166.66667,41.02111
2014-07-13 23,35.384068,1.7376195,137.19513,85.060974
2014-07-14 00,25.41974,1.7376195,122.86533,41.32903
2014-07-14 01,26.671406,1.7376195,119.9187,71.34146
2014-07-14 02,25.782362,1.7376195,108.73984,63.414635
2014-07-14 03,25.292807,1.520417,107.72358,59.756096
2014-07-14 04,25.13014,1.7376195,108.231705,40.205498
2014-07-14 05,29.338549,1.7376195,121.95091,41.46814
2014-07-14 06,33.428165,0.8677902,70.12195,51.219513
2014-07-14 07,40.89616,1.7376195,94.51219,64.02439
2014-07-14 08,41.251778,0.89274734,91.46341,65.54878
2014-07-14 09,25.303478,1.7376195,74.18699,56.09756
2014-07-14 10,25.11836,1.7376195,112.296745,68.597565
2014-07-14 11,25.55175,1.3032146,123.593285,48.47561
2014-07-14 12,45.87482,1.3032146,104.166664,58.23171
2014-07-14 13,34.49502,1.520417,95.020325,39.946472
2014-07-14 14,25.446184,1.3032146,119.9187,62.19512
2014-07-14 15,31.82788,0.83160084,101.626015,60.060974
2014-07-14 16,25.256832,1.7376195,121.44309,53.048782
2014-07-14 17,33.783783,1.7376195,110.26423,62.80488
2014-07-14 18,25.09979,2.1720243,118.90244,72.86585
2014-07-14 19,25.189306,0.83444446,155.48782,93.902435
2014-07-14 20,25.148952,0.8205369,174.28862,89.63415
2014-07-14 21,25.128168,1.7376195,160.06097,84.756096
2014-07-14 22,33.428165,1.7376195,175.30487,92.07317
2014-07-14 23,32.894737,1.7376195,157.52032,88.10976
2014-07-15 00,33.072548,0.81324893,125.18156,78.96342
2014-07-15 01,27.382647,1.7376195,124.23889,41.097134
2014-07-15 02,25.96017,1.7376195,106.19919,40.89544
2014-07-15 03,25.782362,1.7376195,109.756096,65.243904
2014-07-15 04,25.063547,1.7376195,113.31301,66.46342
2014-07-15 05,25.223614,1.7376195,90.44715,41.041924
2014-07-15 06,25.285505,1.7376195,71.64634,55.792683
2014-07-15 07,40.54054,1.7376195,93.49593,60.67073
2014-07-15 08,25.10022,1.7376195,96.03658,40.261444
2014-07-15 09,25.011343,0.78612095,123.68091,62.19512
2014-07-15 10,35.20626,1.520417,121.95122,48.47561
2014-07-15 11,33.961594,1.520417,125.31137,44.207317
2014-07-15 12,25.577785,1.3032146,113.82114,33.23171
2014-07-15 13,25.49108,1.7376195,106.19919,40.300087
2014-07-15 14,31.82788,1.7376195,100.60976,40.128506
2014-07-15 15,25.207546,0.8042748,111.28049,41.463413
2014-07-15 16,30.583214,1.7376195,119.41057,45.121952
2014-07-15 17,32.36131,1.7376195,106.19919,40.527992
2014-07-15 18,24.995667,0.8012792,118.39431,59.146343
2014-07-15 19,25.350857,1.7376195,140.2439,58.536587
2014-07-15 20,42.140823,1.7376195,126.4908,61.585365
2014-07-15 21,25.306807,0.7880355,119.616646,41.258884
2014-07-15 22,25.109873,0.7914353,168.19106,41.460712
2014-07-15 23,32.716927,1.7376195,127.89827,83.231705
2014-07-16 00,25.00693,0.8102562,143.80081,73.47561
2014-07-16 01,26.137981,0.8302642,119.41057,65.85366
2014-07-16 02,25.457903,0.78511524,120.09238,40.994423
2014-07-16 03,25.071123,1.7376195,103.150406,49.69512
2014-07-16 04,25.52108,1.7376195,122.01602,45.42683
2014-07-16 05,27.560457,1.7376195,89.939026,44.512196
2014-07-16 06,25.160267,1.7376195,121.946724,44.817074
2014-07-16 07,25.470646,1.7376195,102.13415,56.40244
2014-07-16 08,41.785206,0.82965654,124.19149,60.67073
2014-07-16 09,25.182125,1.7376195,91.46341,59.756096
2014-07-16 10,25.105085,1.520417,111.28049,49.085365
2014-07-16 11,34.85064,1.520417,125.83652,47.865852
2014-07-16 12,25.159554,0.79389924,120.03832,41.363792
2014-07-16 13,33.961594,1.7376195,126.02093,46.951218
2014-07-16 14,33.428165,1.520417,107.72358,47.865852
2014-07-16 15,25.588108,1.520417,122.15268,50.609756
2014-07-16 16,33.072548,1.7376195,117.88618,47.865852
2014-07-16 17,35.02845,2.1720243,105.18293,53.353657
2014-07-16 18,37.162163,2.606429,114.32927,68.29269
2014-07-16 19,25.473675,1.7376195,146.34146,79.268295
2014-07-16 20,44.452347,1.7376195,127.583565,77.13415
2014-07-16 21,40.54054,1.7376195,161.58537,41.244205
2014-07-16 22,36.273117,1.7376195,124.75845,40.656548
2014-07-16 23,33.961594,1.7376195,127.08067,81.402435
2014-07-17 00,32.894737,0.8111408,149.39024,54.26829
2014-07-17 01,26.849218,0.8231659,118.90244,53.048782
2014-07-17 02,24.893314,0.7785298,122.43297,46.341465
2014-07-17 03,25.248934,1.7376195,122.84017,41.260567
2014-07-17 04,25.604553,1.7376195,104.6748,43.90244
2014-07-17 05,28.271692,1.7376195,123.12989,42.987804
2014-07-17 06,32.894737,1.7376195,64.02439,29.878048
2014-07-17 07,25.22027,1.7376195,80.284546,39.634148
2014-07-17 08,40.18492,1.7376195,89.43089,39.53769
2014-07-17 09,35.73969,1.9548218,100.60976,39.77832
2014-07-17 10,33.250355,0.81992644,102.64227,53.658535
2014-07-17 11,25.231092,0.81051385,108.231705,47.865852
2014-07-17 12,25.203428,1.7376195,121.94782,42.378048
2014-07-17 13,33.783783,1.7376195,123.180435,35.365852
2014-07-17 14,32.894737,0.7978447,124.06485,40.94457
2014-07-17 15,30.938833,0.8215977,109.24797,40.259953
2014-07-17 16,30.761024,1.7376195,112.296745,40.828304
2014-07-17 17,25.354956,1.7376195,123.96869,53.658535
2014-07-17 18,35.73969,1.520417,123.3271,40.824593
2014-07-17 19,40.71835,1.7376195,148.88211,70.731705
2014-07-17 20,43.38549,1.9548218,137.19513,65.243904
2014-07-17 21,37.873398,1.7376195,141.26016,56.09756
2014-07-17 22,33.250355,1.7376195,166.66667,71.03658
2014-07-17 23,33.605976,1.7376195,151.42276,75.60976
2014-07-18 00,31.82788,1.7376195,143.80081,59.146343
2014-07-18 01,25.782362,0.8115758,110.26423,53.658535
2014-07-18 02,24.715506,1.7376195,123.543625,41.28032
2014-07-18 03,24.893314,0.8138695,92.479675,39.5829
2014-07-18 04,25.071123,1.7376195,106.70731,42.378048
2014-07-18 05,28.093882,1.7376195,94.00407,44.512196
2014-07-18 06,25.540998,1.7376195,121.53264,31.09756
2014-07-18 07,38.762447,1.7376195,123.24861,34.451218
2014-07-18 08,25.46127,1.7376195,87.39838,47.560974
2014-07-18 09,35.384068,0.8160115,91.97154,40.141926
2014-07-18 10,33.605976,1.3032146,124.68983,45.42683
2014-07-18 11,33.250355,1.3032146,123.62839,41.239048
2014-07-18 12,33.250355,1.3032146,123.46683,46.951218
2014-07-18 13,32.1835,1.7376195,123.06311,42.378048
2014-07-18 14,25.234886,1.7376195,85.36585,40.176537
2014-07-18 15,24.988665,0.8198486,92.98781,40.172295
2014-07-18 16,25.110928,1.7376195,98.06911,42.07317
2014-07-18 17,35.02845,1.520417,124.42021,48.17073
2014-07-18 18,25.389969,0.8011588,120.55688,40.683964
2014-07-18 19,35.917496,1.7376195,126.63205,63.719513
2014-07-18 20,38.584637,2.8236315,146.34146,60.67073
2014-07-18 21,34.672832,0.79461753,124.69347,55.182926
2014-07-18 22,25.505503,1.7376195,124.28539,64.32927
2014-07-18 23,32.894737,1.7376195,141.26016,54.878048
2014-07-19 00,33.783783,0.8004738,124.74872,47.256096
2014-07-19 01,25.067324,1.7376195,109.24797,40.732685
2014-07-19 02,27.916075,1.7376195,97.560974,40.343647
2014-07-19 03,28.093882,1.7376195,99.085365,41.463413
2014-07-19 04,28.449503,0.80247325,101.11789,40.472275
2014-07-19 05,29.516361,0.8242005,87.39838,40.243904
2014-07-19 06,33.428165,1.7376195,121.134514,27.743902
2014-07-19 07,33.605976,0.7773277,122.1431,31.09756
2014-07-19 08,33.783783,2.1720243,89.939026,35.365852
2014-07-19 09,33.961594,0.78208965,122.130905,31.40244
2014-07-19 10,34.31721,0.78031504,122.59531,30.792683
2014-07-19 11,33.605976,0.7922985,140.2439,32.317074
2014-07-19 12,35.20626,1.7376195,122.63862,35.97561
2014-07-19 13,34.85064,1.7376195,114.32927,39.912354
2014-07-19 14,33.961594,1.7376195,113.82114,39.939026
2014-07-19 15,25.10375,0.796334,113.82114,34.756096
2014-07-19 16,33.605976,1.7376195,121.39261,30.487804
2014-07-19 17,25.353373,1.9548218,116.36179,35.97561
2014-07-19 18,34.49502,1.7376195,123.20681,40.86777
2014-07-19 19,37.69559,0.80576676,125.50813,40.12802
2014-07-19 20,38.05121,0.8032887,134.65446,39.927593
2014-07-19 21,34.139404,1.7376195,133.63821,35.060974
2014-07-19 22,33.783783,1.7376195,126.57769,52.743904
2014-07-19 23,34.31721,1.7376195,128.04878,54.26829
2014-07-20 00,33.428165,1.7376195,123.296295,45.73171
2014-07-20 01,26.221405,0.0,103.150406,50.0
2014-07-20 02,26.007423,0.0,97.560974,42.78741
2014-07-20 03,25.96017,1.520417,87.9065,39.634148
2014-07-20 04,25.426743,1.520417,91.97154,35.97561
2014-07-20 05,27.560457,1.7376195,79.77642,37.5
2014-07-20 06,31.650072,1.7376195,51.82927,39.783394
2014-07-20 07,30.938833,1.7376195,66.05691,25.609756
2014-07-20 08,32.894737,1.7376195,120.622765,25.0
2014-07-20 09,34.49502,0.785029,120.80965,24.390244
2014-07-20 10,35.73969,1.7376195,122.894585,26.524391
2014-07-20 11,36.450924,1.7376195,123.62858,27.134146
2014-07-20 12,37.69559,1.7376195,122.08289,29.573172
2014-07-20 13,34.85064,1.7376195,111.78862,27.439024
2014-07-20 14,33.428165,1.7376195,96.03658,25.0
2014-07-20 15,32.36131,0.7878353,120.53771,24.390244
2014-07-20 16,25.405313,1.7376195,83.84146,25.0
2014-07-20 17,25.117321,0.779093,121.26579,40.76847
2014-07-20 18,25.306778,1.7376195,78.76016,40.598778
2014-07-20 19,25.120962,0.78813094,99.5935,31.707317
2014-07-20 20,25.424723,1.7376195,112.80488,41.317898
2014-07-20 21,36.095306,1.7376195,123.322075,45.42683
2014-07-20 22,33.072548,1.7376195,146.8496,58.23171
2014-07-20 23,25.289886,0.8095991,124.49187,56.707317
2014-07-21 00,33.428165,1.7376195,122.967476,40.602654
2014-07-21 01,25.782362,1.7376195,99.085365,39.02439
2014-07-21 02,25.188509,1.7376195,121.33227,40.76601
2014-07-21 03,25.440065,0.79031694,120.381905,35.365852
2014-07-21 04,25.234331,1.7376195,121.26335,35.67073
2014-07-21 05,27.738264,1.7376195,86.89024,40.46568
2014-07-21 06,32.1835,1.7376195,59.45122,23.780487
2014-07-21 07,36.450924,0.82724977,85.873985,39.232838
2014-07-21 08,38.940254,1.7376195,125.61738,40.753193
2014-07-21 09,25.486633,1.7376195,92.479675,26.524391
2014-07-21 10,25.402126,1.7376195,97.05285,40.552128
2014-07-21 11,25.29376,0.7896696,119.41453,40.40708
2014-07-21 12,33.605976,1.3032146,116.36179,34.756096
2014-07-21 13,25.410791,0.80480385,94.51219,40.511223
2014-07-21 14,25.3192,0.77583677,120.115776,33.23171
2014-07-21 15,32.53912,1.520417,99.5935,46.036587
2014-07-21 16,31.82788,1.7376195,96.544716,46.951218
2014-07-21 17,33.428165,1.7376195,101.626015,52.134148
2014-07-21 18,25.155773,2.1720243,107.21545,54.878048
2014-07-21 19,25.226233,1.7376195,136.17886,64.63415
2014-07-21 20,40.54054,1.7376195,157.52032,55.182926
2014-07-21 21,35.917496,1.7376195,124.780815,53.658535
2014-07-21 22,25.228277,1.7376195,158.53659,69.51219
2014-07-21 23,32.894737,1.7376195,127.25041,65.85366
2014-07-22 00,25.578493,1.7376195,121.74472,52.439026
2014-07-22 01,25.439823,1.7376195,107.21545,46.951218
2014-07-22 02,25.189428,1.7376195,123.01272,41.76515
2014-07-22 03,25.782362,1.7376195,123.17796,44.817074
2014-07-22 04,25.248934,0.8174703,98.57723,43.292683
2014-07-22 05,27.916075,1.7376195,91.97154,43.292683
2014-07-22 06,32.53912,1.7376195,67.07317,35.060974
2014-07-22 07,37.162163,0.8141475,89.43089,36.280487
2014-07-22 08,39.118065,1.7376195,94.51219,36.890244
2014-07-22 09,36.095306,1.7376195,122.87232,36.280487
2014-07-22 10,25.426893,0.7818088,120.42683,37.5
2014-07-22 11,33.250355,1.520417,122.961975,35.97561
2014-07-22 12,25.474674,0.79643124,101.626015,38.719513
2014-07-22 13,32.53912,1.7376195,122.26989,40.453926
2014-07-22 14,34.49502,0.82487005,105.18293,40.330208
2014-07-22 15,32.1835,1.7376195,110.26423,40.45981
2014-07-22 16,25.396942,1.7376195,105.18293,43.292683
2014-07-22 17,34.672832,1.7376195,94.00407,46.036587
2014-07-22 18,25.21917,2.1720243,121.95122,60.67073
2014-07-22 19,40.89616,1.7376195,127.288635,64.63415
2014-07-22 20,42.318634,0.8071307,142.27643,39.971603
2014-07-22 21,25.42999,1.7376195,155.48782,59.146343
2014-07-22 22,33.428165,1.7376195,171.23984,71.64634
2014-07-22 23,25.383642,1.7376195,144.81708,63.719513
2014-07-23 00,33.250355,1.7376195,125.27213,52.134148
2014-07-23 01,26.671406,1.7376195,114.32927,46.036587
2014-07-23 02,25.426743,1.520417,122.03727,43.292683
2014-07-23 03,25.426743,1.7376195,121.29755,41.463413
2014-07-23 04,25.196732,0.7919808,120.31245,41.158535
2014-07-23 05,25.209305,1.7376195,97.05285,44.207317
2014-07-23 06,32.894737,1.7376195,122.73755,40.438156
2014-07-23 07,37.51778,0.783809,121.50198,37.19512
2014-07-23 08,41.42959,0.8295906,83.333336,40.24766
2014-07-23 09,36.806545,0.81050265,89.939026,40.094013
2014-07-23 10,34.31721,0.79117537,124.19448,43.292683
2014-07-23 11,33.250355,1.520417,123.16615,42.987804
2014-07-23 12,32.53912,0.80118394,123.401085,40.922634
2014-07-23 13,32.716927,1.7376195,107.21545,46.036587
2014-07-23 14,33.783783,0.81574774,113.31301,42.987804
2014-07-23 15,25.557625,1.520417,94.51219,40.853657
2014-07-23 16,32.1835,0.81936157,88.92276,40.853657
2014-07-23 17,34.85064,2.1720243,84.349594,47.865852
2014-07-23 18,35.917496,0.8462968,88.92276,57.621952
2014-07-23 19,37.339973,0.8174185,131.6057,39.759296
2014-07-23 20,25.247238,1.7376195,143.29268,41.554947
2014-07-23 21,25.5117,1.7376195,122.60122,53.353657
2014-07-23 22,33.783783,1.7376195,164.63414,66.768295
2014-07-23 23,33.605976,0.7935728,140.2439,40.536495
2014-07-24 00,32.716927,0.7949301,124.51198,53.353657
2014-07-24 01,27.916075,0.7996138,108.231705,43.90244
2014-07-24 02,25.426743,0.8154647,96.03658,40.232574
2014-07-24 03,26.31579,1.7376195,95.52846,42.378048
2014-07-24 04,25.307571,1.7376195,91.46341,41.158535
2014-07-24 05,25.093622,1.7376195,84.85773,42.987804
2014-07-24 06,33.250355,0.77722627,120.11226,29.268293
2014-07-24 07,36.984352,1.7376195,88.414635,39.808777
2014-07-24 08,37.51778,1.7376195,124.276215,34.756096
2014-07-24 09,34.85064,1.9548218,85.36585,36.890244
2014-07-24 10,33.783783,0.8010411,99.085365,44.817074
2014-07-24 11,34.85064,1.7376195,125.241585,49.69512
2014-07-24 12,25.405426,0.80850196,107.21545,44.512196
2014-07-24 13,33.783783,0.80824584,123.15188,40.916985
2014-07-24 14,25.155663,0.8148714,84.349594,40.23271
2014-07-24 15,25.138607,0.78078485,119.353226,40.863033
2014-07-24 16,31.294453,1.7376195,86.89024,41.158535
2014-07-24 17,33.783783,1.7376195,101.11789,44.817074
2014-07-24 18,35.56188,0.81154364,124.674576,59.451218
2014-07-24 19,25.210075,1.7376195,140.75203,77.13415
2014-07-24 20,40.71835,1.9548218,165.65039,41.129597
2014-07-24 21,34.49502,0.84037554,149.39024,86.585365
2014-07-24 22,33.250355,1.7376195,127.25295,85.36585
2014-07-24 23,25.479057,0.7770325,121.872604,41.429436
2014-07-25 00,32.1835,0.8372699,144.30894,75.60976
2014-07-25 01,26.671406,1.7376195,127.133675,68.597565
2014-07-25 02,24.715506,1.7376195,102.64227,68.902435
2014-07-25 03,25.604553,1.7376195,97.05285,66.15854
2014-07-25 04,26.493599,1.7376195,95.52846,66.15854
2014-07-25 05,29.16074,1.7376195,87.39838,68.597565
2014-07-25 06,33.605976,0.8934838,63.00813,57.317074
2014-07-25 07,36.273117,0.8805783,87.39838,64.63415
2014-07-25 08,38.584637,0.8584006,100.60976,70.42683
2014-07-25 09,33.783783,0.86880976,125.1142,72.256096
2014-07-25 10,33.072548,0.8329211,126.206215,80.79269
2014-07-25 11,35.02845,1.3032146,111.78862,40.282867
2014-07-25 12,35.20626,1.3032146,116.36179,40.793533
2014-07-25 13,33.605976,0.813653,103.150406,40.14712
2014-07-25 14,25.123861,0.80572426,109.756096,45.121952
2014-07-25 15,25.478233,1.7376195,101.626015,53.963413
2014-07-25 16,25.057968,0.78236294,120.82804,40.623272
2014-07-25 17,33.961594,1.520417,99.085365,65.85366
2014-07-25 18,25.177237,0.78911257,117.88618,40.312965
2014-07-25 19,25.343115,1.7376195,123.71489,56.707317
2014-07-25 20,40.00711,0.80911976,141.26016,48.47561
2014-07-25 21,25.44073,0.80890036,139.73578,51.52439
2014-07-25 22,25.374992,1.7376195,125.285065,73.17073
2014-07-25 23,33.250355,0.8269528,135.1626,78.35366
2014-07-26 00,32.716927,1.7376195,131.09756,40.94331
2014-07-26 01,26.849218,0.818768,106.70731,51.219513
2014-07-26 02,25.092506,0.8117753,103.65854,45.73171
2014-07-26 03,25.136686,1.7376195,102.13415,44.207317
2014-07-26 04,25.071123,0.7982646,102.64227,41.76829
2014-07-26 05,28.093882,2.1720243,94.51219,43.292683
2014-07-26 06,32.894737,1.7376195,59.45122,34.451218
2014-07-26 07,34.139404,0.797309,121.003395,34.146343
2014-07-26 08,36.806545,0.8333503,91.46341,39.556107
2014-07-26 09,36.628735,0.82386565,101.626015,43.59756
2014-07-26 10,37.873398,1.9548218,116.86992,50.609756
2014-07-26 11,36.806545,0.80374277,124.49509,52.134148
2014-07-26 12,37.51778,1.7376195,109.24797,43.59756
2014-07-26 13,34.49502,1.7376195,116.36179,40.548782
2014-07-26 14,33.961594,1.7376195,124.44749,41.158535
2014-07-26 15,34.672832,1.7376195,124.49187,42.682926
2014-07-26 16,35.20626,0.83283013,94.51219,40.103233
2014-07-26 17,25.490808,1.9548218,123.49397,41.226208
2014-07-26 18,36.984352,1.7376195,109.756096,40.260742
2014-07-26 19,41.073967,0.83230966,133.63821,60.67073
2014-07-26 20,41.42959,1.7376195,133.13008,61.585365
2014-07-26 21,36.628735,1.7376195,132.62195,40.140736
2014-07-26 22,32.716927,1.7376195,142.27643,89.63415
2014-07-26 23,32.716927,1.7376195,129.18283,81.097565
2014-07-27 00,32.53912,1.7376195,134.14635,67.98781
2014-07-27 01,27.560457,0.0,137.8811,41.35013
2014-07-27 02,25.426743,0.0,163.05302,67.07317
2014-07-27 03,24.715506,0.82924587,100.10162,63.719513
2014-07-27 04,24.715506,1.520417,93.49593,61.280487
2014-07-27 05,27.560457,1.7376195,84.85773,59.756096
2014-07-27 06,32.1835,1.7376195,68.08943,51.82927
2014-07-27 07,25.278305,0.77593535,119.54891,41.76829
2014-07-27 08,25.283167,0.7867501,121.2577,42.682926
2014-07-27 09,35.20626,0.80677444,123.77866,44.207317
2014-07-27 10,36.806545,0.81566787,131.6057,56.707317
2014-07-27 11,25.334782,1.7376195,122.75684,44.207317
2014-07-27 12,39.118065,1.7376195,124.49187,36.280487
2014-07-27 13,36.273117,1.7376195,91.46341,38.109756
2014-07-27 14,25.52113,1.7376195,83.84146,39.02439
2014-07-27 15,33.783783,1.520417,81.808945,40.382423
2014-07-27 16,33.605976,1.7376195,79.77642,33.23171
2014-07-27 17,33.605976,1.7376195,80.284546,32.012196
2014-07-27 18,25.467075,0.7868761,120.72594,40.821175
2014-07-27 19,41.251778,1.9548218,125.15125,41.28414
2014-07-27 20,25.181461,1.7376195,122.58693,53.353657
2014-07-27 21,25.345095,1.7376195,121.44309,63.109756
2014-07-27 22,24.992962,0.8246323,126.00644,82.01219
2014-07-27 23,35.02845,1.7376195,144.30894,73.17073
2014-07-28 00,32.36131,0.7950688,137.70325,39.99737
2014-07-28 01,25.364351,0.80514914,103.150406,61.585365
2014-07-28 02,24.537695,1.7376195,90.44715,39.908424
2014-07-28 03,24.715506,0.79854995,121.69787,45.121952
2014-07-28 04,25.415035,0.796562,122.12296,44.512196
2014-07-28 05,27.738264,0.7877859,121.09915,42.987804
2014-07-28 06,33.072548,1.7376195,65.04065,39.76538
2014-07-28 07,35.73969,0.8087241,123.283905,40.57269
2014-07-28 08,40.18492,1.7376195,82.825195,39.02439
2014-07-28 09,25.156372,1.7376195,80.79269,43.90244
2014-07-28 10,25.125141,0.80143,117.88618,47.560974
2014-07-28 11,25.49164,0.78555524,121.75645,57.317074
2014-07-28 12,25.27097,1.3032146,107.72358,56.40244
2014-07-28 13,35.384068,1.520417,123.88652,44.207317
2014-07-28 14,35.02845,0.7894315,123.52282,51.82927
2014-07-28 15,25.177917,1.520417,122.57483,60.060974
2014-07-28 16,25.4233,0.807979,92.479675,40.540504
2014-07-28 17,34.672832,1.7376195,128.64546,71.34146
2014-07-28 18,35.384068,0.8602715,112.80488,81.402435
2014-07-28 19,40.71835,1.7376195,126.204,40.53499
2014-07-28 20,41.42959,1.7376195,145.32521,73.78049
2014-07-28 21,36.628735,1.7376195,154.97968,80.48781
2014-07-28 22,32.716927,0.804182,123.45242,40.877956
2014-07-28 23,25.487005,1.7376195,131.6057,41.067955
2014-07-29 00,32.36131,0.82300526,129.57317,80.79269
2014-07-29 01,27.027029,0.8117504,125.83642,66.768295
2014-07-29 02,25.071123,0.82617587,96.544716,63.719513
2014-07-29 03,25.248934,0.8311405,100.10162,62.5
2014-07-29 04,25.604553,1.7376195,98.57723,62.19512
2014-07-29 05,28.80512,0.8524001,89.939026,61.890244
2014-07-29 06,33.072548,0.8083031,124.158844,40.928963
2014-07-29 07,36.984352,0.8230088,87.9065,39.75698
2014-07-29 08,25.122221,0.84726524,86.38211,62.19512
2014-07-29 09,35.384068,1.7376195,101.11789,47.256096
2014-07-29 10,25.121016,0.81374055,117.88618,49.085365
2014-07-29 11,34.139404,0.8060399,111.28049,46.036587
2014-07-29 12,34.139404,1.3032146,87.39838,48.47561
2014-07-29 13,33.250355,0.79230237,98.06911,33.841465
2014-07-29 14,32.53912,1.7376195,87.39838,33.536587
2014-07-29 15,33.072548,0.8172889,91.46341,37.5
2014-07-29 16,32.36131,0.820081,99.085365,44.207317
2014-07-29 17,34.85064,1.7376195,94.00407,54.57317
2014-07-29 18,36.628735,2.1720243,126.59452,49.69512
2014-07-29 19,25.570578,1.7376195,144.81708,41.36962
2014-07-29 20,43.741108,1.7376195,138.21138,76.21951
2014-07-29 21,39.118065,1.7376195,129.79507,81.402435
2014-07-29 22,25.392548,1.7376195,166.66667,90.243904
2014-07-29 23,33.961594,1.7376195,137.19513,40.315876
2014-07-30 00,25.149023,1.7376195,137.19513,41.545174
2014-07-30 01,27.560457,1.7376195,117.88618,40.916485
2014-07-30 02,26.137981,1.520417,123.47622,48.780487
2014-07-30 03,26.137981,1.7376195,94.51219,45.42683
2014-07-30 04,25.153318,1.7376195,99.085365,49.390244
2014-07-30 05,25.198679,1.7376195,86.38211,48.780487
2014-07-30 06,34.139404,1.7376195,124.26875,37.80488
2014-07-30 07,25.053942,0.82504654,82.31707,40.55983
2014-07-30 08,40.54054,1.7376195,100.10162,53.658535
2014-07-30 09,36.806545,1.7376195,93.49593,45.73171
2014-07-30 10,35.02845,1.520417,125.8466,53.048782
2014-07-30 11,25.143488,1.520417,123.65614,59.756096
2014-07-30 12,32.894737,1.520417,108.73984,56.707317
2014-07-30 13,34.85064,0.8144812,90.44715,50.914635
2014-07-30 14,32.36131,0.8539487,87.39838,62.80488
2014-07-30 15,25.51747,1.520417,122.83322,56.707317
2014-07-30 16,25.427567,0.80545735,105.691055,56.40244
2014-07-30 17,36.095306,0.8149133,107.72358,57.012196
2014-07-30 18,35.20626,0.8122247,131.09756,40.80064
2014-07-30 19,25.28317,0.804104,158.53659,74.085365
2014-07-30 20,42.67425,1.7376195,160.56909,82.92683
2014-07-30 21,37.51778,0.82776105,125.91873,78.96342
2014-07-30 22,33.783783,0.7990947,155.48782,41.04585
2014-07-30 23,35.02845,1.7376195,124.6677,41.425354
2014-07-31 00,25.381798,0.8426166,131.10716,92.98781
2014-07-31 01,27.738264,0.81989044,112.80488,40.675446
2014-07-31 02,25.248934,0.8277866,102.64227,71.64634
2014-07-31 03,25.423199,1.7376195,126.57579,70.731705
2014-07-31 04,25.426743,1.7376195,100.10162,40.9874
2014-07-31 05,28.271692,0.80363303,91.97154,39.69375
2014-07-31 06,33.428165,0.8043957,125.60145,58.23171
2014-07-31 07,35.917496,1.7376195,125.95994,65.54878
2014-07-31 08,38.584637,1.7376195,123.93781,40.240517
2014-07-31 09,33.961594,0.812298,108.231705,45.121952
2014-07-31 10,25.589182,1.7376195,122.9836,41.56767
2014-07-31 11,32.716927,1.7376195,109.24797,58.23171
2014-07-31 12,34.672832,1.7376195,101.626015,47.865852
2014-07-31 13,33.961594,0.8211814,96.544716,40.463326
2014-07-31 14,33.250355,0.8238955,100.60976,39.602108
2014-07-31 15,31.116644,1.520417,106.19919,40.07815
2014-07-31 16,25.43233,0.7923329,109.24797,40.887806
2014-07-31 17,32.1835,1.7376195,106.19919,67.68293
2014-07-31 18,34.672832,1.520417,124.49187,75.914635
2014-07-31 19,25.391508,1.7376195,121.71785,41.317112
2014-07-31 20,38.584637,1.9548218,141.26016,86.89024
2014-07-31 21,25.376368,0.7987544,124.50553,66.46342
2014-07-31 22,21.514936,0.8180028,123.92145,76.82927
2014-07-31 23,15.647226,1.7376195,137.19513,85.060974
2014-08-01 00,33.072548,1.7376195,128.94914,82.62195
2014-08-01 01,27.382647,1.7376195,109.756096,40.380432
2014-08-01 02,25.054712,1.7376195,102.13415,67.68293
2014-08-01 03,25.248934,1.7376195,98.06911,67.98781
2014-08-01 04,25.172941,0.84082466,96.544716,67.37805
2014-08-01 05,28.271692,0.84978837,87.9065,65.85366
2014-08-01 06,32.894737,1.7376195,65.54878,53.353657
2014-08-01 07,36.273117,1.7376195,79.268295,40.243904
2014-08-01 08,37.873398,0.83534765,83.84146,39.80771
2014-08-01 09,33.072548,0.81672525,100.10162,50.914635
2014-08-01 10,25.352333,1.3032146,114.32927,41.002384
2014-08-01 11,35.20626,1.3032146,123.658134,41.28597
2014-08-01 12,25.36858,1.3032146,98.57723,46.341465
2014-08-01 13,34.31721,0.79916024,97.05285,36.280487
2014-08-01 14,34.139404,1.7376195,124.05082,43.90244
2014-08-01 15,33.605976,0.8125583,99.5935,40.412678
2014-08-01 16,33.072548,0.79904455,95.52846,38.109756
2014-08-01 17,34.139404,1.520417,106.70731,38.414635
2014-08-01 18,34.49502,2.1720243,107.72358,40.429028
2014-08-01 19,25.484623,0.7816264,121.25969,39.02439
2014-08-01 20,25.34986,2.8236315,148.88211,43.90244
2014-08-01 21,32.53912,1.7376195,140.2439,51.52439
2014-08-01 22,31.116644,0.7903757,143.80081,40.50835
2014-08-01 23,33.072548,0.800259,125.31633,60.67073
2014-08-02 00,31.82788,1.7376195,141.26016,40.977543
2014-08-02 01,25.338123,1.7376195,107.72358,47.256096
2014-08-02 02,25.314203,1.7376195,122.12011,44.512196
2014-08-02 03,25.604553,1.7376195,123.10837,42.378048
2014-08-02 04,25.541786,1.7376195,95.020325,41.158535
2014-08-02 05,27.916075,2.1720243,123.26221,42.07317
2014-08-02 06,25.431583,1.7376195,121.298874,34.146343
2014-08-02 07,32.716927,0.8325634,77.23577,39.511013
2014-08-02 08,33.250355,2.1720243,85.873985,30.792683
2014-08-02 09,25.194408,3.040834,90.955284,40.498775
2014-08-02 10,25.490938,1.9548218,121.53884,41.04858
2014-08-02 11,25.373894,1.7376195,121.58035,38.414635
2014-08-02 12,36.095306,1.7376195,124.49187,37.80488
2014-08-02 13,34.85064,0.789526,121.63733,40.749825
2014-08-02 14,33.250355,1.7376195,120.42683,40.99516
2014-08-02 15,32.894737,1.7376195,108.231705,40.6554
2014-08-02 16,32.716927,1.7376195,112.296745,29.878048
2014-08-02 17,33.605976,1.9548218,121.95122,35.67073
2014-08-02 18,25.412294,0.7690832,137.70325,31.09756
2014-08-02 19,25.05569,0.80282325,134.65446,40.94315
2014-08-02 20,35.73969,1.7376195,120.42683,32.621952
2014-08-02 21,31.82788,1.7376195,150.40652,42.682926
2014-08-02 22,25.309858,1.7376195,144.81708,41.388165
2014-08-02 23,32.53912,0.8105103,124.43577,55.487804
2014-08-03 00,25.159758,1.7376195,122.519684,50.914635
2014-08-03 01,27.560457,0.0,116.36179,45.42683
2014-08-03 02,25.9417,0.0,107.72358,41.837193
2014-08-03 03,25.148052,0.78651136,99.085365,38.719513
2014-08-03 04,25.426743,1.520417,98.57723,40.05432
2014-08-03 05,25.429485,0.7901594,89.939026,37.5
2014-08-03 06,31.116644,0.81848246,67.5813,29.573172
2014-08-03 07,30.227596,1.7376195,84.85773,25.914635
2014-08-03 08,31.650072,1.7376195,85.873985,39.65969
2014-08-03 09,34.672832,1.7376195,86.38211,26.829268
2014-08-03 10,34.31721,0.78956896,123.98374,33.841465
2014-08-03 11,35.73969,0.78262454,121.93434,38.719513
2014-08-03 12,36.450924,1.7376195,138.21138,40.241985
2014-08-03 13,34.49502,0.802883,104.166664,27.439024
2014-08-03 14,32.894737,1.7376195,96.03658,28.658537
2014-08-03 15,32.894737,0.8051295,102.13415,22.865854
2014-08-03 16,33.783783,1.7376195,84.349594,26.524391
2014-08-03 17,33.605976,1.7376195,83.333336,40.231373
2014-08-03 18,35.02845,1.7376195,123.62111,40.722534
2014-08-03 19,38.05121,0.7888947,122.84778,33.536587
2014-08-03 20,41.607395,1.7376195,111.78862,40.620827
2014-08-03 21,34.85064,0.81740904,140.2439,40.86476
2014-08-03 22,33.605976,0.8204526,147.35773,56.40244
2014-08-03 23,33.072548,0.811247,134.14635,40.86573
2014-08-04 00,32.716927,1.7376195,124.19482,41.23428
2014-08-04 01,28.093882,1.7376195,106.70731,40.508766
2014-08-04 02,25.469872,1.7376195,102.13415,40.988758
2014-08-04 03,25.782362,1.520417,95.52846,36.585365
2014-08-04 04,25.038359,0.78644496,87.9065,36.280487
2014-08-04 05,27.382647,0.77965593,119.869255,34.451218
2014-08-04 06,25.53881,1.7376195,70.63008,30.487804
2014-08-04 07,34.49502,0.79839915,122.32721,40.764236
2014-08-04 08,37.873398,1.7376195,123.52038,29.268293
2014-08-04 09,35.02845,0.79230547,89.939026,23.475609
2014-08-04 10,35.56188,1.7376195,106.19919,29.268293
2014-08-04 11,25.513351,1.3032146,105.691055,35.365852
2014-08-04 12,33.783783,0.81436336,109.24797,34.146343
2014-08-04 13,25.454924,1.520417,120.787224,40.618923
2014-08-04 14,25.228844,1.3032146,122.41648,39.634148
2014-08-04 15,32.36131,0.82535917,96.544716,42.682926
2014-08-04 16,25.267351,1.7376195,90.44715,40.139526
2014-08-04 17,25.255278,0.80170554,94.51219,48.47561
2014-08-04 18,36.095306,2.1720243,110.772354,53.048782
2014-08-04 19,25.533535,1.7376195,122.18895,49.085365
2014-08-04 20,41.963017,1.7376195,147.86588,47.865852
2014-08-04 21,34.139404,1.7376195,124.3664,45.121952
2014-08-04 22,32.716927,0.7896703,160.06097,40.914337
2014-08-04 23,33.072548,1.7376195,126.01626,40.69463
2014-08-05 00,25.47047,1.7376195,124.03462,51.82927
2014-08-05 01,25.562069,1.7376195,103.150406,45.121952
2014-08-05 02,25.248934,1.7376195,94.00407,40.14886
2014-08-05 03,25.248934,1.7376195,91.97154,40.853657
2014-08-05 04,25.248934,1.7376195,123.480385,38.414635
2014-08-05 05,25.446548,0.7805107,120.03124,40.243904
2014-08-05 06,25.153206,1.7376195,59.95935,29.268293
2014-08-05 07,25.411587,1.7376195,119.28656,30.792683
2014-08-05 08,36.628735,0.82722193,97.05285,39.739582
2014-08-05 09,25.20561,1.7376195,98.06911,32.92683
2014-08-05 10,25.22924,0.78041434,122.202385,41.25974
2014-08-05 11,34.31721,0.79804283,108.73984,31.40244
2014-08-05 12,32.894737,1.3032146,107.72358,39.805817
2014-08-05 13,32.894737,1.7376195,93.49593,30.182926
2014-08-05 14,32.716927,1.7376195,96.544716,40.39753
2014-08-05 15,25.146746,1.7376195,87.9065,32.92683
2014-08-05 16,29.694168,1.7376195,87.39838,40.742428
2014-08-05 17,25.557615,1.7376195,90.44715,38.414635
2014-08-05 18,34.672832,0.7961671,108.231705,36.280487
2014-08-05 19,25.016136,0.7902346,125.00001,40.31942
2014-08-05 20,40.00711,1.7376195,125.25068,45.121952
2014-08-05 21,25.403801,0.7856436,122.87157,57.92683
2014-08-05 22,33.605976,0.8240823,153.45529,67.37805
2014-08-05 23,33.428165,1.7376195,133.63821,60.365852
2014-08-06 00,33.428165,1.7376195,124.34425,54.57317
2014-08-06 01,25.092335,1.7376195,96.544716,48.47561
2014-08-06 02,20.27027,0.77338946,121.22126,42.987804
2014-08-06 03,22.581793,1.7376195,94.51219,39.939026
2014-08-06 04,27.738264,0.7970344,89.43089,40.853657
2014-08-06 05,29.16074,1.7376195,87.39838,39.634148
2014-08-06 06,32.894737,1.7376195,74.18699,34.451218
2014-08-06 07,36.806545,1.7376195,124.31232,32.621952
2014-08-06 08,25.419874,0.78627056,118.50516,33.841465
2014-08-06 09,25.137724,1.7376195,95.020325,35.365852
2014-08-06 10,35.73969,1.520417,125.5353,40.58659
2014-08-06 11,33.783783,1.520417,105.18293,40.853657
2014-08-06 12,33.428165,0.81586653,107.72358,45.73171
2014-08-06 13,32.894737,1.7376195,96.03658,35.97561
2014-08-06 14,32.53912,1.520417,100.10162,31.09756
2014-08-06 15,32.894737,1.520417,123.79263,41.158535
2014-08-06 16,25.205635,0.7889962,96.03658,40.243904
2014-08-06 17,33.250355,0.8058889,102.13415,47.865852
2014-08-06 18,35.917496,0.80480707,104.6748,38.719513
2014-08-06 19,41.607395,1.7376195,146.8496,44.207317
2014-08-06 20,43.38549,0.8232717,145.32521,53.048782
2014-08-06 21,37.162163,1.7376195,163.61789,41.447414
2014-08-06 22,33.428165,1.7376195,127.92479,70.42683
2014-08-06 23,33.072548,0.8171052,124.06817,60.365852
2014-08-07 00,32.894737,0.8129581,128.04878,50.609756
2014-08-07 01,25.530058,1.7376195,123.56431,43.90244
2014-08-07 02,25.273157,1.7376195,102.13415,40.853657
2014-08-07 03,27.560457,0.82565063,100.60976,39.672157
2014-08-07 04,26.31579,1.7376195,97.560974,38.719513
2014-08-07 05,28.449503,1.7376195,100.10162,38.719513
2014-08-07 06,25.501278,1.7376195,73.67886,31.40244
2014-08-07 07,25.48669,0.79406726,97.05285,34.756096
2014-08-07 08,37.339973,0.81836903,95.020325,28.658537
2014-08-07 09,34.31721,1.9548218,122.31731,34.451218
2014-08-07 10,35.20626,0.8107995,109.756096,40.243904
2014-08-07 11,33.428165,1.7376195,92.479675,35.97561
2014-08-07 12,33.072548,1.7376195,100.60976,39.78856
2014-08-07 13,33.428165,1.7376195,121.69906,32.317074
2014-08-07 14,33.072548,1.520417,98.57723,35.060974
2014-08-07 15,32.00569,0.80720925,121.711174,40.715908
2014-08-07 16,31.472261,0.7956898,99.085365,35.060974
2014-08-07 17,33.428165,1.7376195,123.83719,41.1684
2014-08-07 18,35.917496,1.520417,122.59063,40.358517
2014-08-07 19,40.89616,1.7376195,125.942314,53.353657
2014-08-07 20,41.073967,0.8055261,133.13008,53.048782
2014-08-07 21,37.873398,1.7376195,150.91463,73.78049
2014-08-07 22,33.250355,1.7376195,141.7683,61.280487
2014-08-07 23,25.320648,0.8243892,125.50813,73.47561
2014-08-08 00,33.250355,0.8150959,127.032524,67.07317
2014-08-08 01,28.449503,1.7376195,103.65854,46.341465
2014-08-08 02,26.137981,1.7376195,94.51219,41.76829
2014-08-08 03,25.20874,0.80655855,91.46341,39.634148
2014-08-08 04,25.128836,1.7376195,121.3527,41.564144
2014-08-08 05,29.338549,1.7376195,89.43089,42.987804
2014-08-08 06,33.250355,0.8188508,74.18699,32.317074
2014-08-08 07,25.3333,1.7376195,121.74,31.707317
2014-08-08 08,41.42959,1.7376195,89.939026,35.97561
2014-08-08 09,36.095306,0.81886315,100.10162,40.2516
2014-08-08 10,25.422632,1.3032146,105.691055,40.29207
2014-08-08 11,35.20626,0.8180432,88.92276,39.756023
2014-08-08 12,25.33716,1.3032146,97.05285,43.59756
2014-08-08 13,35.384068,1.7376195,94.51219,40.01833
2014-08-08 14,25.448633,1.7376195,102.13415,40.805786
2014-08-08 15,32.53912,0.78871495,123.69979,40.31145
2014-08-08 16,25.28693,1.7376195,99.085365,43.90244
2014-08-08 17,32.894737,1.520417,101.11789,40.6801
2014-08-08 18,35.02845,2.1720243,124.810326,48.17073
2014-08-08 19,38.940254,1.7376195,125.674255,46.646343
2014-08-08 20,42.496445,0.8207292,148.88211,39.931343
2014-08-08 21,25.590021,1.7376195,157.01219,49.390244
2014-08-08 22,33.250355,0.816608,123.11782,59.451218
2014-08-08 23,32.00569,1.7376195,129.06505,54.878048
2014-08-09 00,33.428165,0.82462496,121.44309,51.219513
2014-08-09 01,26.493599,0.82024664,102.64227,40.266453
2014-08-09 02,26.849218,0.79040265,121.70915,48.47561
2014-08-09 03,25.426743,1.7376195,121.71098,42.682926
2014-08-09 04,25.225416,1.7376195,100.60976,40.853657
2014-08-09 05,27.916075,2.1720243,122.939476,39.32927
2014-08-09 06,32.36131,1.7376195,124.08446,41.163563
2014-08-09 07,25.175568,1.7376195,77.74391,40.690716
2014-08-09 08,34.672832,0.8107737,95.020325,29.268293
2014-08-09 09,25.449835,0.7973038,109.24797,40.43664
2014-08-09 10,37.162163,0.8136071,121.44309,36.890244
2014-08-09 11,25.399553,1.7376195,122.3215,32.012196
2014-08-09 12,35.917496,1.7376195,127.54066,40.849968
2014-08-09 13,34.31721,1.7376195,118.90244,26.829268
2014-08-09 14,33.961594,1.7376195,124.65215,41.29038
2014-08-09 15,33.428165,0.8033434,125.00001,37.19512
2014-08-09 16,32.53912,1.7376195,125.00001,40.67616
2014-08-09 17,35.56188,1.9548218,125.00001,39.939026
2014-08-09 18,37.51778,1.7376195,123.27072,38.719513
2014-08-09 19,25.212124,1.7376195,121.55064,40.243904
2014-08-09 20,40.89616,0.8221728,130.0813,46.646343
2014-08-09 21,34.85064,1.7376195,125.05893,41.08152
2014-08-09 22,25.299866,1.7376195,145.83331,62.5
2014-08-09 23,33.605976,1.7376195,130.58943,40.607174
2014-08-10 00,25.153234,0.7878814,138.21138,51.82927
2014-08-10 01,25.481827,0.0,137.64503,42.470417
2014-08-10 02,25.782362,0.0,107.21545,42.378048
2014-08-10 03,25.782362,0.81346154,97.05285,39.939026
2014-08-10 04,25.426743,1.520417,100.60976,40.611027
2014-08-10 05,25.250391,1.7376195,91.97154,34.756096
2014-08-10 06,31.650072,1.7376195,64.02439,30.182926
2014-08-10 07,25.471024,1.7376195,74.18699,23.780487
2014-08-10 08,32.894737,1.7376195,97.560974,24.390244
2014-08-10 09,25.295053,1.7376195,99.085365,25.304878
2014-08-10 10,36.806545,1.7376195,122.967476,40.311928
2014-08-10 11,37.162163,1.7376195,138.71951,38.109756
2014-08-10 12,37.873398,1.7376195,125.53011,40.976875
2014-08-10 13,35.20626,1.7376195,104.166664,39.77321
2014-08-10 14,33.250355,1.7376195,96.544716,33.23171
2014-08-10 15,25.263327,1.520417,87.39838,40.301544
2014-08-10 16,25.166422,0.78374785,119.38357,41.32289
2014-08-10 17,25.131525,1.7376195,89.939026,35.67073
2014-08-10 18,36.628735,1.7376195,95.020325,37.80488
2014-08-10 19,40.00711,1.9548218,124.64727,37.80488
2014-08-10 20,37.873398,1.7376195,121.44309,41.158535
2014-08-10 21,33.783783,1.7376195,125.91691,53.963413
2014-08-10 22,25.125181,1.7376195,125.2679,59.756096
2014-08-10 23,32.894737,0.81920105,123.47561,40.67098
2014-08-11 00,32.894737,0.81684107,120.42683,40.72663
2014-08-11 01,27.560457,1.7376195,123.13351,38.109756
2014-08-11 02,25.231617,1.7376195,94.00407,39.02439
2014-08-11 03,25.270105,0.78856295,119.344734,41.137604
2014-08-11 04,24.715506,1.7376195,92.98781,36.280487
2014-08-11 05,27.916075,1.7376195,122.10926,34.756096
2014-08-11 06,25.124216,1.7376195,67.5813,28.658537
2014-08-11 07,34.31721,1.7376195,79.268295,30.182926
2014-08-11 08,35.20626,0.78273207,120.70485,25.914635
2014-08-11 09,33.783783,0.82434386,92.479675,39.5247
2014-08-11 10,33.605976,1.7376195,124.383675,35.365852
2014-08-11 11,32.716927,1.3032146,103.65854,39.968937
2014-08-11 12,33.961594,1.3032146,111.28049,34.451218
2014-08-11 13,32.716927,0.79255795,100.10162,29.268293
2014-08-11 14,25.40608,1.3032146,88.92276,40.86566
2014-08-11 15,25.062565,0.814496,78.76016,35.365852
2014-08-11 16,25.231947,1.7376195,95.020325,39.32927
2014-08-11 17,35.20626,1.7376195,124.51721,40.864395
2014-08-11 18,34.672832,0.7982957,113.31301,40.243904
2014-08-11 19,25.451029,1.7376195,129.06505,41.76829
2014-08-11 20,35.73969,1.7376195,122.83945,40.46003
2014-08-11 21,32.716927,1.7376195,164.12602,55.487804
2014-08-11 22,32.36131,1.7376195,155.99594,40.913166
2014-08-11 23,33.250355,1.7376195,124.30022,53.658535
2014-08-12 00,25.169971,1.7376195,122.48791,49.085365
2014-08-12 01,26.137981,1.7376195,100.60976,41.76829
2014-08-12 02,25.372488,1.7376195,121.24328,40.548782
2014-08-12 03,25.426743,1.7376195,88.414635,37.5
2014-08-12 04,25.96017,0.8189067,85.873985,38.414635
2014-08-12 05,29.338549,1.7376195,81.30081,34.756096
2014-08-12 06,32.894737,1.7376195,64.02439,39.928177
2014-08-12 07,34.49502,1.7376195,78.25203,30.487804
2014-08-12 08,36.806545,1.7376195,123.07477,30.792683
2014-08-12 09,33.783783,1.7376195,86.89024,40.348324
2014-08-12 10,33.605976,1.520417,93.49593,40.60483
2014-08-12 11,33.072548,0.8034426,104.166664,43.292683
2014-08-12 12,32.36131,0.7861359,121.74555,44.817074
2014-08-12 13,33.428165,1.7376195,124.738945,40.610752
2014-08-12 14,25.353363,0.81356764,86.38211,40.632675
2014-08-12 15,31.82788,1.7376195,123.71371,44.512196
2014-08-12 16,25.28028,1.7376195,96.03658,43.292683
2014-08-12 17,33.961594,1.7376195,97.560974,37.5
2014-08-12 18,35.384068,2.1720243,125.91631,41.158535
2014-08-12 19,42.67425,0.81852776,139.22765,46.951218
2014-08-12 20,41.607395,1.7376195,125.76133,48.780487
2014-08-12 21,25.569101,1.7376195,152.43903,41.473274
2014-08-12 22,32.894737,1.7376195,143.80081,58.536587
2014-08-12 23,25.207264,1.7376195,119.41057,40.585857
2014-08-13 00,33.072548,1.7376195,113.31301,50.0
2014-08-13 01,25.471382,1.7376195,121.99009,40.96785
2014-08-13 02,26.31579,1.520417,122.0052,41.30143
2014-08-13 03,26.849218,1.7376195,97.560974,38.414635
2014-08-13 04,25.782362,0.7726425,121.90925,39.02439
2014-08-13 05,29.16074,1.7376195,91.97154,38.109756
2014-08-13 06,32.716927,1.7376195,121.846275,29.573172
2014-08-13 07,25.455378,1.7376195,77.74391,40.86096
2014-08-13 08,35.384068,1.7376195,82.825195,25.914635
2014-08-13 09,25.481813,0.779545,119.737434,27.134146
2014-08-13 10,33.783783,0.79693484,95.020325,35.060974
2014-08-13 11,32.894737,1.520417,96.544716,35.97561
2014-08-13 12,32.716927,0.7851844,122.92193,38.414635
2014-08-13 13,25.303864,1.7376195,91.46341,31.707317
2014-08-13 14,25.508738,1.520417,89.939026,34.146343
2014-08-13 15,25.326857,1.520417,122.51406,39.32927
2014-08-13 16,32.00569,0.80695593,96.03658,38.109756
2014-08-13 17,34.31721,0.8284861,89.43089,41.76829
2014-08-13 18,25.099909,0.802309,102.13415,40.91576
2014-08-13 19,36.273117,1.7376195,140.2439,40.548782
2014-08-13 20,39.473682,1.7376195,144.81708,48.780487
2014-08-13 21,25.276243,1.7376195,123.82311,47.865852
2014-08-13 22,33.605976,1.7376195,146.8496,60.365852
2014-08-13 23,25.469172,0.8045802,123.13422,56.40244
2014-08-14 00,32.716927,0.789358,123.28101,47.256096
2014-08-14 01,28.62731,1.7376195,100.60976,40.499737
2014-08-14 02,26.137981,1.7376195,92.98781,37.80488
2014-08-14 03,27.916075,0.80199176,91.97154,35.97561
2014-08-14 04,27.916075,1.7376195,88.414635,40.03035
2014-08-14 05,29.871977,0.7984649,120.9146,36.585365
2014-08-14 06,25.507286,0.78721225,120.99752,40.58562
2014-08-14 07,35.917496,0.817377,76.727646,29.878048
2014-08-14 08,38.940254,1.7376195,90.44715,32.317074
2014-08-14 09,35.56188,0.80745786,123.522995,40.18984
2014-08-14 10,34.139404,1.7376195,107.72358,33.23171
2014-08-14 11,33.428165,1.7376195,112.296745,39.99081
2014-08-14 12,33.250355,1.7376195,122.97411,34.756096
2014-08-14 13,25.355646,1.7376195,109.756096,32.621952
2014-08-14 14,32.00569,0.79576105,121.83856,34.451218
2014-08-14 15,30.583214,1.520417,101.11789,39.981953
2014-08-14 16,32.36131,0.80458266,101.626015,39.497555
2014-08-14 17,34.139404,0.7913102,122.08913,38.414635
2014-08-14 18,34.139404,1.520417,122.90699,35.060974
2014-08-14 19,25.271229,0.78003645,121.09024,39.939026
2014-08-14 20,37.51778,1.9548218,124.49187,49.390244
2014-08-14 21,33.250355,1.7376195,124.82074,40.45485
2014-08-14 22,25.235004,0.7923621,147.35773,40.48331
2014-08-14 23,33.428165,1.7376195,132.11382,53.963413
2014-08-15 00,33.072548,1.7376195,118.39431,51.219513
2014-08-15 01,26.31579,1.7376195,101.626015,42.987804
2014-08-15 02,26.137981,1.7376195,92.479675,40.16416
2014-08-15 03,25.604553,1.7376195,84.85773,34.756096
2014-08-15 04,25.229702,1.7376195,83.84146,36.280487
2014-08-15 05,28.80512,1.7376195,84.85773,37.19512
2014-08-15 06,25.21019,1.7376195,70.63008,39.887707
2014-08-15 07,32.36131,1.7376195,124.588745,40.76732
2014-08-15 08,33.250355,1.7376195,83.333336,26.219513
2014-08-15 09,34.31721,0.86880976,103.65854,24.085365
2014-08-15 10,37.162163,0.8242745,116.36179,40.098763
2014-08-15 11,25.37686,1.3032146,124.49187,31.40244
2014-08-15 12,25.4984,1.3032146,129.06505,40.946087
2014-08-15 13,25.265263,1.7376195,119.47329,25.609756
2014-08-15 14,33.250355,0.830417,99.085365,39.638996
2014-08-15 15,25.558392,1.7376195,83.333336,23.475609
2014-08-15 16,33.783783,0.82100064,80.79269,39.989914
2014-08-15 17,33.961594,1.520417,121.39996,26.524391
2014-08-15 18,35.02845,0.8103067,121.74252,40.747513
2014-08-15 19,38.940254,1.7376195,124.61133,30.487804
2014-08-15 20,39.118065,2.8236315,126.15211,37.80488
2014-08-15 21,33.961594,1.7376195,131.6057,47.256096
2014-08-15 22,34.672832,1.7376195,144.81708,56.40244
2014-08-15 23,25.40409,1.7376195,130.0813,52.439026
2014-08-16 00,25.255505,1.7376195,125.50813,49.69512
2014-08-16 01,25.453865,0.802464,105.691055,42.07317
2014-08-16 02,25.604553,1.7376195,94.00407,37.5
2014-08-16 03,25.604553,0.7924723,93.49593,35.97561
2014-08-16 04,25.248934,1.7376195,95.52846,34.146343
2014-08-16 05,28.982933,0.7912068,120.89508,36.890244
2014-08-16 06,25.353088,1.7376195,67.07317,39.808624
2014-08-16 07,25.2785,1.7376195,68.597565,24.085365
2014-08-16 08,25.24629,2.1720243,88.414635,27.134146
2014-08-16 09,25.709133,3.040834,85.873985,26.829268
2014-08-16 10,35.384068,1.9548218,115.85366,26.829268
2014-08-16 11,37.69559,1.7376195,110.772354,39.940647
2014-08-16 12,25.293325,1.7376195,113.82114,31.09756
2014-08-16 13,33.961594,1.7376195,122.56205,40.440742
2014-08-16 14,25.355236,1.7376195,100.10162,30.182926
2014-08-16 15,25.674202,1.7376195,119.24942,26.219513
2014-08-16 16,32.894737,1.7376195,115.34553,26.219513
2014-08-16 17,33.072548,1.9548218,97.560974,28.963415
2014-08-16 18,36.806545,0.7950593,121.580284,32.317074
2014-08-16 19,25.436075,1.7376195,121.400536,41.762577
2014-08-16 20,41.785206,1.7376195,125.02144,35.67073
2014-08-16 21,36.984352,1.7376195,124.2571,47.560974
2014-08-16 22,32.894737,1.7376195,124.07137,40.693565
2014-08-16 23,33.783783,0.8012792,133.63821,47.865852
2014-08-17 00,25.466534,1.7376195,120.826164,41.762306
2014-08-17 01,25.79625,0.0,138.15703,42.53239
2014-08-17 02,27.738264,0.0,103.150406,42.682926
2014-08-17 03,26.671406,0.8121912,101.11789,40.12173
2014-08-17 04,25.96017,1.520417,122.473366,37.19512
2014-08-17 05,25.623236,1.7376195,120.87316,37.19512
2014-08-17 06,32.36131,0.7720573,120.49196,31.40244
2014-08-17 07,32.894737,1.7376195,74.18699,26.829268
2014-08-17 08,25.269627,1.7376195,87.39838,31.40244
2014-08-17 09,34.85064,1.7376195,125.07726,41.42171
2014-08-17 10,25.500349,1.7376195,122.967476,41.132977
2014-08-17 11,25.238832,1.7376195,134.14635,41.013927
2014-08-17 12,25.290442,0.7793864,120.42683,24.085365
2014-08-17 13,25.221401,1.7376195,96.03658,25.914635
2014-08-17 14,32.716927,0.8063308,94.51219,29.573172
2014-08-17 15,25.437336,1.520417,84.349594,40.332214
2014-08-17 16,33.428165,1.7376195,79.77642,23.475609
2014-08-17 17,33.961594,0.79687965,79.77642,25.914635
2014-08-17 18,25.261637,1.7376195,78.25203,40.430466
2014-08-17 19,25.190605,1.9548218,101.626015,33.841465
2014-08-17 20,40.54054,0.80842316,115.34553,42.07317
2014-08-17 21,37.69559,0.80311507,141.7683,53.963413
2014-08-17 22,34.85064,1.7376195,153.96341,41.048794
2014-08-17 23,34.49502,0.80014676,124.38315,41.071785
2014-08-18 00,25.444902,1.7376195,124.49187,47.865852
2014-08-18 01,27.560457,1.7376195,106.19919,38.719513
2014-08-18 02,25.108242,0.7877738,93.49593,35.060974
2014-08-18 03,25.228855,1.520417,93.49593,35.97561
2014-08-18 04,25.433414,1.7376195,87.9065,36.890244
2014-08-18 05,28.449503,1.7376195,123.871765,35.67073
2014-08-18 06,32.1835,1.7376195,79.268295,39.631138
2014-08-18 07,33.961594,0.8362134,80.284546,40.349014
2014-08-18 08,25.464882,1.7376195,101.11789,33.23171
2014-08-18 09,25.320898,1.7376195,119.63478,27.439024
2014-08-18 10,25.270906,1.7376195,118.90244,36.890244
2014-08-18 11,25.104822,0.8110462,113.82114,40.76559
2014-08-18 12,25.401281,1.3032146,121.85065,41.47769
2014-08-18 13,34.49502,1.520417,123.84381,30.792683
2014-08-18 14,32.716927,0.81673217,89.939026,39.947174
2014-08-18 15,32.894737,0.8099214,93.49593,37.80488
2014-08-18 16,33.428165,1.7376195,105.18293,44.207317
2014-08-18 17,34.139404,1.7376195,125.281006,49.69512
2014-08-18 18,25.217136,2.1720243,103.150406,57.317074
2014-08-18 19,41.785206,1.7376195,133.13008,40.361885
2014-08-18 20,25.48204,1.7376195,137.70325,60.67073
2014-08-18 21,25.39267,1.7376195,124.30066,55.182926
2014-08-18 22,34.85064,1.7376195,157.52032,56.09756
2014-08-18 23,25.304657,1.7376195,133.63821,54.26829
2014-08-19 00,25.178293,1.7376195,123.104965,48.780487
2014-08-19 01,25.36983,1.7376195,102.64227,41.158535
2014-08-19 02,25.480698,1.7376195,98.06911,36.890244
2014-08-19 03,27.204834,1.7376195,101.626015,40.882042
2014-08-19 04,26.493599,1.7376195,95.020325,35.67073
2014-08-19 05,25.278961,1.7376195,89.43089,36.280487
2014-08-19 06,32.894737,1.7376195,76.21951,39.931995
2014-08-19 07,35.56188,0.813229,81.808945,31.40244
2014-08-19 08,37.162163,0.80617046,81.30081,28.353659
2014-08-19 09,25.594788,1.7376195,85.36585,31.09756
2014-08-19 10,34.31721,0.7939196,121.01501,37.19512
2014-08-19 11,25.377956,0.79619974,104.166664,40.561684
2014-08-19 12,32.36131,1.3032146,101.626015,35.365852
2014-08-19 13,25.510735,1.7376195,106.19919,35.060974
2014-08-19 14,32.1835,0.8005307,121.838005,40.853657
2014-08-19 15,32.53912,1.7376195,91.97154,41.463413
2014-08-19 16,35.20626,1.7376195,95.020325,50.914635
2014-08-19 17,25.42567,0.80354756,99.085365,40.10607
2014-08-19 18,33.428165,0.8168171,123.76687,56.40244
2014-08-19 19,39.829304,1.7376195,120.42683,61.280487
2014-08-19 20,40.89616,0.83368963,118.90244,62.19512
2014-08-19 21,25.302721,0.8086415,123.13333,70.731705
2014-08-19 22,33.961594,1.7376195,163.10974,71.95122
2014-08-19 23,33.428165,1.7376195,143.29268,40.622948
2014-08-20 00,33.072548,1.7376195,130.58943,63.719513
2014-08-20 01,26.31579,1.7376195,122.0162,43.292683
2014-08-20 02,25.071123,1.520417,122.01018,40.853657
2014-08-20 03,25.604553,1.7376195,121.93467,35.97561
2014-08-20 04,25.071123,1.7376195,94.00407,36.890244
2014-08-20 05,29.516361,0.81531584,87.39838,38.719513
2014-08-20 06,32.894737,1.7376195,123.76161,32.92683
2014-08-20 07,35.02845,1.7376195,123.21367,26.829268
2014-08-20 08,38.05121,0.8069951,91.46341,32.317074
2014-08-20 09,35.917496,1.7376195,90.955284,38.414635
2014-08-20 10,34.672832,1.520417,112.296745,51.52439
2014-08-20 11,25.404387,0.80645925,105.691055,48.47561
2014-08-20 12,25.207232,1.520417,121.38718,40.856056
2014-08-20 13,34.49502,0.8113306,92.98781,40.11571
2014-08-20 14,33.250355,1.520417,89.43089,39.6514
2014-08-20 15,25.358177,0.79783845,92.479675,39.985516
2014-08-20 16,25.215462,1.7376195,95.52846,46.036587
2014-08-20 17,25.19361,2.1720243,99.5935,49.69512
2014-08-20 18,36.628735,2.606429,109.24797,49.085365
2014-08-20 19,43.20768,1.7376195,127.931595,57.621952
2014-08-20 20,40.71835,0.79677683,123.09832,40.07384
2014-08-20 21,25.390343,0.79506725,172.76422,40.728783
2014-08-20 22,33.250355,1.7376195,155.48782,75.30488
2014-08-20 23,33.428165,1.7376195,132.62195,41.131176
2014-08-21 00,25.491415,1.7376195,132.11382,68.29269
2014-08-21 01,25.96017,1.7376195,108.231705,60.97561
2014-08-21 02,25.604553,0.8271468,91.97154,40.392937
2014-08-21 03,25.152409,0.80431277,92.98781,40.243904
2014-08-21 04,24.893314,1.7376195,123.952194,40.853657
2014-08-21 05,28.271692,0.8035778,121.02191,41.046864
2014-08-21 06,32.00569,1.7376195,124.22604,40.484924
2014-08-21 07,34.49502,0.80293894,75.20326,32.92683
2014-08-21 08,37.162163,1.7376195,87.9065,40.653687
2014-08-21 09,34.672832,1.9548218,123.4837,38.414635
2014-08-21 10,25.219675,1.7376195,118.39431,45.42683
2014-08-21 11,33.250355,1.7376195,123.98374,40.853657
2014-08-21 12,25.581608,1.7376195,113.82114,36.890244
2014-08-21 13,34.31721,1.7376195,101.11789,33.23171
2014-08-21 14,25.23151,1.520417,102.64227,40.445374
2014-08-21 15,31.472261,1.520417,92.98781,30.792683
2014-08-21 16,25.243538,0.7976362,101.11789,37.5
2014-08-21 17,34.139404,0.82602596,94.00407,41.76829
2014-08-21 18,38.762447,1.520417,104.166664,51.52439
2014-08-21 19,43.38549,1.7376195,140.75203,48.47561
2014-08-21 20,25.303244,1.9548218,144.30894,43.59756
2014-08-21 21,36.628735,1.7376195,152.43903,58.23171
2014-08-21 22,34.672832,1.7376195,125.08121,61.585365
2014-08-21 23,25.166683,0.7988938,121.95122,40.971203
2014-08-22 00,33.961594,0.82077885,117.88618,46.341465
2014-08-22 01,25.270735,1.7376195,99.5935,39.634148
2014-08-22 02,28.62731,1.7376195,90.955284,39.634148
2014-08-22 03,26.493599,1.7376195,98.57723,39.02439
2014-08-22 04,25.96017,1.7376195,98.57723,40.66792
2014-08-22 05,29.338549,1.7376195,123.148026,39.634148
2014-08-22 06,34.672832,1.7376195,74.18699,39.590603
2014-08-22 07,36.984352,1.7376195,81.30081,39.98687
2014-08-22 08,36.273117,1.7376195,125.49689,42.682926
2014-08-22 09,34.139404,0.86880976,110.26423,38.414635
2014-08-22 10,34.49502,1.3032146,120.93496,40.073868
2014-08-22 11,34.49502,1.3032146,121.95122,45.73171
2014-08-22 12,25.278084,0.79272145,119.41057,37.80488
2014-08-22 13,34.139404,1.7376195,123.68371,40.47335
2014-08-22 14,33.605976,1.7376195,103.65854,41.76829
2014-08-22 15,30.938833,1.7376195,97.560974,39.777763
2014-08-22 16,30.938833,1.7376195,96.544716,38.109756
2014-08-22 17,32.36131,1.520417,91.97154,39.67989
2014-08-22 18,35.02845,0.7980199,124.578384,47.560974
2014-08-22 19,39.118065,1.7376195,131.09756,53.658535
2014-08-22 20,40.71835,0.8023667,143.80081,46.951218
2014-08-22 21,34.31721,1.7376195,153.45529,55.182926
2014-08-22 22,25.4859,0.78688294,154.47154,51.82927
2014-08-22 23,33.428165,0.81367576,122.967476,54.878048
2014-08-23 00,33.072548,1.7376195,125.50813,52.134148
2014-08-23 01,25.44617,0.79563856,109.756096,45.121952
2014-08-23 02,25.047083,0.79030937,95.52846,41.158535
2014-08-23 03,25.59078,1.7376195,95.52846,36.280487
2014-08-23 04,25.426743,1.7376195,123.207504,40.77776
2014-08-23 05,28.62731,2.1720243,86.89024,40.839413
2014-08-23 06,33.072548,1.7376195,122.69683,30.792683
2014-08-23 07,25.508808,0.7998134,73.67886,28.353659
2014-08-23 08,33.961594,0.8224207,95.52846,36.890244
2014-08-23 09,34.49502,3.040834,124.26637,41.537643
2014-08-23 10,35.73969,1.9548218,123.48837,40.548782
2014-08-23 11,36.984352,1.7376195,135.1626,40.84562
2014-08-23 12,36.095306,1.7376195,124.27054,38.414635
2014-08-23 13,34.49502,1.7376195,123.7834,27.743902
2014-08-23 14,33.250355,1.7376195,103.150406,35.060974
2014-08-23 15,32.1835,1.7376195,108.231705,32.621952
2014-08-23 16,33.783783,1.7376195,123.47561,37.5
2014-08-23 17,25.217377,0.8005048,121.00011,40.68668
2014-08-23 18,25.508492,1.7376195,123.47561,39.02439
2014-08-23 19,39.829304,1.7376195,148.88211,40.597965
2014-08-23 20,39.295876,0.8102278,123.40083,48.780487
2014-08-23 21,34.139404,1.7376195,164.12602,53.048782
2014-08-23 22,32.716927,0.7976484,124.3232,61.890244
2014-08-23 23,33.605976,1.7376195,122.45935,55.487804
2014-08-24 00,25.529146,1.7376195,121.44309,52.134148
2014-08-24 01,25.524527,0.0,140.58394,43.90244
2014-08-24 02,26.31579,0.0,100.10162,43.90244
2014-08-24 03,26.31579,1.520417,123.447014,41.158535
2014-08-24 04,25.426743,1.520417,87.39838,39.939026
2014-08-24 05,25.259605,0.8074168,87.9065,39.67176
2014-08-24 06,25.165579,1.7376195,74.18699,35.97561
2014-08-24 07,32.53912,1.7376195,70.63008,40.474705
2014-08-24 08,33.605976,1.7376195,92.98781,34.756096
2014-08-24 09,25.15432,1.7376195,102.13415,33.841465
2014-08-24 10,36.806545,0.82584316,117.37805,40.488144
2014-08-24 11,38.22902,1.7376195,124.78819,43.90244
2014-08-24 12,37.51778,1.7376195,126.248924,44.207317
2014-08-24 13,25.466534,1.7376195,121.23314,41.01221
2014-08-24 14,33.428165,0.80476874,97.05285,24.390244
2014-08-24 15,33.428165,0.80841833,98.06911,26.524391
2014-08-24 16,31.472261,1.7376195,80.284546,24.695122
2014-08-24 17,25.494583,1.7376195,77.23577,32.621952
2014-08-24 18,25.376308,1.7376195,82.31707,42.07317
2014-08-24 19,25.266203,1.9548218,108.73984,38.414635
2014-08-24 20,39.295876,1.7376195,125.19221,45.73171
2014-08-24 21,34.85064,1.7376195,124.09184,41.00296
2014-08-24 22,33.428165,0.81581104,125.803696,65.54878
2014-08-24 23,25.068977,1.7376195,117.37805,57.92683
2014-08-25 00,33.783783,1.7376195,135.1626,40.767212
2014-08-25 01,27.382647,1.7376195,123.02986,46.341465
2014-08-25 02,26.849218,1.7376195,93.49593,39.86025
2014-08-25 03,25.426743,1.520417,121.698326,41.158535
2014-08-25 04,24.893314,1.7376195,90.44715,40.243904
2014-08-25 05,26.849218,0.80143946,85.873985,39.32927
2014-08-25 06,25.458961,0.7792294,119.60237,35.060974
2014-08-25 07,34.49502,0.85738707,69.10569,40.947254
2014-08-25 08,35.73969,1.7376195,122.576,36.585365
2014-08-25 09,25.308748,0.7868721,120.691895,41.313107
2014-08-25 10,34.85064,1.7376195,101.626015,45.121952
2014-08-25 11,25.27927,1.3032146,111.78862,40.265854
2014-08-25 12,25.55281,1.3032146,120.266136,36.280487
2014-08-25 13,34.139404,1.520417,108.73984,33.536587
2014-08-25 14,25.248266,1.3032146,102.13415,41.76829
2014-08-25 15,32.53912,1.520417,94.00407,54.878048
2014-08-25 16,31.82788,1.7376195,99.5935,56.09756
2014-08-25 17,25.221724,0.8229863,113.31301,60.060974
2014-08-25 18,34.49502,2.1720243,123.99836,41.21115
2014-08-25 19,25.279531,1.7376195,130.0813,58.536587
2014-08-25 20,40.18492,1.7376195,134.65446,40.051056
2014-08-25 21,35.384068,1.7376195,154.97968,41.47715
2014-08-25 22,33.783783,0.7999196,147.35773,58.536587
2014-08-25 23,25.449615,0.79974747,139.73578,55.487804
2014-08-26 00,25.530716,0.7984749,122.052704,49.085365
2014-08-26 01,27.204834,0.8202452,109.756096,45.73171
2014-08-26 02,25.248934,1.7376195,100.60976,40.775436
2014-08-26 03,25.248934,1.7376195,122.46551,39.939026
2014-08-26 04,25.267254,0.82007766,91.97154,40.69859
2014-08-26 05,27.916075,1.7376195,123.07611,40.90265
2014-08-26 06,33.250355,0.8101604,79.268295,35.97561
2014-08-26 07,34.672832,0.8343353,73.67886,39.77952
2014-08-26 08,36.628735,1.7376195,84.349594,31.40244
2014-08-26 09,25.110641,0.8051003,108.231705,39.634148
2014-08-26 10,35.02845,1.520417,111.28049,40.345036
2014-08-26 11,33.783783,1.520417,114.32927,47.865852
2014-08-26 12,25.465582,0.787745,119.86444,41.158535
2014-08-26 13,25.278757,1.7376195,121.44309,42.378048
2014-08-26 14,33.428165,1.7376195,125.05504,43.59756
2014-08-26 15,32.894737,1.7376195,125.05426,50.30488
2014-08-26 16,31.294453,0.79898196,124.576546,55.487804
2014-08-26 17,25.262247,1.7376195,123.23797,48.780487
2014-08-26 18,35.02845,0.83569175,118.39431,60.67073
2014-08-26 19,38.940254,0.8117291,142.27643,56.707317
2014-08-26 20,25.176865,1.7376195,151.9309,48.780487
2014-08-26 21,34.49502,0.80173826,124.3265,61.585365
2014-08-26 22,33.072548,1.7376195,135.67073,40.67327
2014-08-26 23,33.428165,0.82249844,128.04878,40.35588
2014-08-27 00,25.222013,1.7376195,125.00001,40.46016
2014-08-27 01,27.738264,1.7376195,106.19919,45.42683
2014-08-27 02,24.537695,1.520417,102.64227,40.200813
2014-08-27 03,25.405602,0.798108,95.020325,41.463413
2014-08-27 04,24.537695,1.7376195,96.03658,41.76829
2014-08-27 05,27.204834,1.7376195,91.97154,39.928997
2014-08-27 06,25.069519,1.7376195,83.84146,39.93442
2014-08-27 07,25.241526,1.7376195,81.30081,40.317566
2014-08-27 08,37.162163,1.7376195,122.062096,32.621952
2014-08-27 09,35.56188,1.7376195,83.84146,27.134146
2014-08-27 10,34.85064,0.81396943,110.772354,32.621952
2014-08-27 11,32.36131,1.520417,103.150406,40.15446
2014-08-27 12,32.00569,1.520417,114.837395,38.719513
2014-08-27 13,32.36131,1.7376195,123.98374,31.09756
2014-08-27 14,32.36131,1.520417,124.0021,40.623245
2014-08-27 15,31.116644,1.520417,124.320435,40.853657
2014-08-27 16,31.472261,1.7376195,122.504,36.890244
2014-08-27 17,33.072548,2.1720243,102.13415,44.207317
2014-08-27 18,35.56188,2.606429,119.9187,45.42683
2014-08-27 19,25.51109,1.7376195,140.2439,41.425056
2014-08-27 20,25.56789,1.7376195,150.91463,44.512196
2014-08-27 21,25.318249,1.7376195,162.60162,57.012196
2014-08-27 22,33.072548,0.8029935,123.070175,40.140556
2014-08-27 23,33.072548,1.7376195,125.63198,52.439026
2014-08-28 00,25.505856,1.7376195,122.49703,52.743904
2014-08-28 01,25.96017,1.7376195,104.6748,44.817074
2014-08-28 02,24.537695,1.7376195,91.46341,40.243904
2014-08-28 03,25.379665,0.79246354,121.27851,39.939026
2014-08-28 04,25.235428,0.7805321,119.61306,41.10932
2014-08-28 05,28.271692,1.7376195,123.21758,38.719513
2014-08-28 06,32.36131,1.7376195,77.23577,36.280487
2014-08-28 07,34.31721,0.8079301,123.55762,40.70188
2014-08-28 08,36.806545,0.788791,121.769485,31.40244
2014-08-28 09,35.20626,1.9548218,95.020325,30.182926
2014-08-28 10,35.56188,0.8084806,123.47561,32.012196
2014-08-28 11,18.314367,1.7376195,121.764534,38.109756
2014-08-28 12,25.232735,1.7376195,97.05285,41.76829
2014-08-28 13,12.624467,0.7738219,119.59256,39.02439
2014-08-28 14,13.157895,1.520417,118.7358,38.109756
2014-08-28 15,10.846373,1.520417,88.92276,39.939026
2014-08-28 16,25.303133,1.7376195,88.414635,40.548782
2014-08-28 17,25.253057,1.7376195,90.955284,49.085365
2014-08-28 18,16.714083,1.520417,119.41057,40.71489
2014-08-28 19,25.440012,1.7376195,154.47154,40.548782
2014-08-28 20,23.29303,1.9548218,124.07422,43.59756
2014-08-28 21,25.392576,1.7376195,124.385025,57.92683
2014-08-28 22,14.40256,1.7376195,122.93516,54.878048
2014-08-28 23,25.463827,1.7376195,121.036125,40.853806
2014-08-29 00,14.758181,1.7376195,121.95122,50.914635
2014-08-29 01,10.668563,1.7376195,119.9266,42.682926
2014-08-29 02,9.246088,0.7905062,91.46341,40.748657
2014-08-29 03,6.5789475,1.7376195,89.939026,40.243904
2014-08-29 04,6.7567573,1.7376195,119.91144,37.5
2014-08-29 05,25.042963,0.7920617,86.89024,39.02439
2014-08-29 06,15.825036,0.8168078,76.727646,39.614727
2014-08-29 07,19.025604,1.7376195,82.825195,27.134146
2014-08-29 08,25.401663,0.8037942,82.31707,35.060974
2014-08-29 09,16.536274,0.86880976,118.33903,31.40244
2014-08-29 10,35.20626,0.8172473,117.88618,40.500755
2014-08-29 11,25.045364,0.80500394,107.21545,40.182552
2014-08-29 12,33.250355,1.3032146,106.70731,32.92683
2014-08-29 13,33.428165,0.79813266,103.150406,24.390244
2014-08-29 14,33.428165,1.7376195,96.03658,39.845715
2014-08-29 15,32.36131,0.8303883,82.31707,40.10204
2014-08-29 16,25.182787,1.7376195,92.479675,39.634148
2014-08-29 17,25.179901,1.520417,111.78862,41.059254
2014-08-29 18,35.384068,0.8025492,123.98374,47.256096
2014-08-29 19,35.917496,0.7957008,123.52955,40.968945
2014-08-29 20,37.69559,0.7883428,147.35773,42.378048
2014-08-29 21,32.894737,1.7376195,123.972916,52.743904
2014-08-29 22,34.672832,1.7376195,141.7683,50.0
2014-08-29 23,33.783783,1.7376195,125.376366,49.085365
2014-08-30 00,25.108402,1.7376195,136.687,57.92683
2014-08-30 01,25.337269,1.7376195,113.31301,41.144066
2014-08-30 02,25.604553,0.8144881,104.6748,40.57891
2014-08-30 03,25.604553,1.7376195,96.544716,38.109756
2014-08-30 04,25.782362,1.7376195,123.79654,39.02439
2014-08-30 05,28.271692,2.1720243,124.04815,41.651894
2014-08-30 06,32.36131,1.7376195,86.89024,37.19512
2014-08-30 07,32.53912,1.7376195,75.20326,25.304878
2014-08-30 08,34.49502,2.1720243,90.955284,34.756096
2014-08-30 09,36.628735,3.040834,124.354,41.158535
2014-08-30 10,39.118065,1.9548218,119.41057,43.292683
2014-08-30 11,25.146124,1.7376195,122.949234,40.805992
2014-08-30 12,37.69559,1.7376195,112.80488,39.939663
2014-08-30 13,35.20626,1.7376195,122.52891,35.060974
2014-08-30 14,25.537827,1.7376195,122.40393,35.97561
2014-08-30 15,32.894737,0.8259202,106.19919,40.561974
2014-08-30 16,32.716927,1.7376195,123.29349,39.634148
2014-08-30 17,34.672832,0.82185215,95.52846,38.109756
2014-08-30 18,35.917496,1.7376195,105.691055,42.987804
2014-08-30 19,38.406826,1.7376195,115.34553,39.933964
2014-08-30 20,25.40355,1.7376195,131.09756,48.780487
2014-08-30 21,34.49502,0.8248792,125.00001,58.841465
2014-08-30 22,33.072548,1.7376195,127.032524,40.34971
2014-08-30 23,33.428165,1.7376195,114.32927,50.609756
2014-08-31 00,33.428165,1.7376195,124.64867,40.625153
2014-08-31 01,28.271692,0.0,145.33572,46.646343
2014-08-31 02,26.849218,0.0,140.85776,43.292683
2014-08-31 03,25.393345,1.520417,84.85773,39.634148
2014-08-31 04,26.31579,1.520417,83.333336,40.548782
2014-08-31 05,25.324268,0.81467485,85.36585,38.109756
2014-08-31 06,33.250355,0.8386546,72.662605,40.10876
2014-08-31 07,32.1835,1.7376195,123.21818,27.743902
2014-08-31 08,25.161404,1.7376195,89.939026,40.2061
2014-08-31 09,25.331867,1.7376195,86.89024,29.268293
2014-08-31 10,38.406826,1.7376195,122.60248,27.134146
2014-08-31 11,38.584637,0.80313605,124.49187,35.97561
2014-08-31 12,38.05121,1.7376195,123.74522,40.8655
2014-08-31 13,25.184282,1.7376195,104.166664,40.41747
2014-08-31 14,32.894737,1.7376195,100.10162,40.7115
2014-08-31 15,32.894737,1.520417,122.8485,26.219513
2014-08-31 16,25.169563,1.7376195,86.38211,40.106144
2014-08-31 17,33.783783,1.7376195,87.39838,39.874332
2014-08-31 18,35.917496,1.7376195,99.085365,36.585365
2014-08-31 19,38.406826,0.8060645,109.756096,40.249844
2014-08-31 20,25.231562,1.7376195,129.06505,40.850925
2014-08-31 21,35.384068,0.80986845,149.39024,61.280487
2014-08-31 22,34.139404,1.7376195,139.73578,41.216774
2014-08-31 23,25.26542,0.7774083,121.51111,40.357643
2014-09-01 00,33.783783,1.7376195,123.83406,46.341465
2014-09-01 01,25.505922,1.7376195,120.8025,42.378048
2014-09-01 02,25.548496,1.7376195,122.630936,40.243904
2014-09-01 03,25.471298,0.8109435,89.43089,37.5
2014-09-01 04,24.893314,1.7376195,120.53703,36.280487
2014-09-01 05,25.142118,1.7376195,92.479675,37.80488
2014-09-01 06,33.072548,1.7376195,78.76016,35.97561
2014-09-01 07,35.56188,1.7376195,122.77295,30.487804
2014-09-01 08,38.22902,1.7376195,96.544716,33.23171
2014-09-01 09,25.540096,1.7376195,97.560974,30.182926
2014-09-01 10,35.02845,1.7376195,123.24278,33.841465
2014-09-01 11,34.85064,1.3032146,107.72358,35.060974
2014-09-01 12,25.250872,1.3032146,129.57317,41.18795
2014-09-01 13,25.253729,0.8041401,106.70731,43.292683
2014-09-01 14,32.716927,1.3032146,122.67089,45.73171
2014-09-01 15,30.761024,1.520417,98.57723,51.82927
2014-09-01 16,25.374722,0.794613,122.06918,41.193592
2014-09-01 17,25.446323,0.79967433,115.34553,41.099716
2014-09-01 18,35.73969,2.1720243,140.2439,57.317074
2014-09-01 19,42.140823,1.7376195,160.56909,56.707317
2014-09-01 20,44.09673,0.8453242,188.00813,68.29269
2014-09-01 21,25.44996,1.7376195,172.2561,72.560974
2014-09-01 22,25.468813,1.7376195,147.86588,41.0179
2014-09-01 23,33.072548,0.8393628,133.63821,74.085365
2014-09-02 00,34.31721,1.7376195,126.62925,65.243904
2014-09-02 01,25.081156,1.7376195,104.166664,40.395912
2014-09-02 02,25.604553,1.7376195,122.04601,47.865852
2014-09-02 03,24.537695,1.7376195,92.98781,39.91531
2014-09-02 04,24.715506,0.8084979,95.020325,43.292683
2014-09-02 05,25.457155,1.7376195,94.51219,44.512196
2014-09-02 06,25.314945,1.7376195,94.00407,42.682926
2014-09-02 07,25.580296,1.7376195,84.85773,36.280487
2014-09-02 08,38.22902,1.7376195,93.49593,40.62189
2014-09-02 09,25.667593,1.7376195,120.68872,33.841465
2014-09-02 10,33.783783,1.520417,112.80488,43.59756
2014-09-02 11,34.139404,1.520417,124.18906,40.548782
2014-09-02 12,33.961594,0.81797034,100.60976,48.47561
2014-09-02 13,35.384068,1.7376195,92.98781,40.019653
2014-09-02 14,33.961594,0.81918013,94.00407,41.463413
2014-09-02 15,31.650072,0.8157387,94.00407,39.876728
2014-09-02 16,25.188786,1.7376195,92.479675,40.722763
2014-09-02 17,33.783783,1.7376195,101.11789,50.914635
2014-09-02 18,25.137016,2.1720243,132.62195,54.57317
2014-09-02 19,25.368073,1.7376195,166.66667,60.060974
2014-09-02 20,41.251778,0.8088363,173.78049,56.09756
2014-09-02 21,37.69559,1.7376195,174.79675,62.80488
2014-09-02 22,33.783783,1.7376195,161.07724,64.63415
2014-09-02 23,33.428165,1.7376195,131.6057,41.137947
2014-09-03 00,33.250355,1.7376195,126.384026,51.82927
2014-09-03 01,27.027029,1.7376195,122.42111,41.49059
2014-09-03 02,25.071123,1.520417,99.085365,40.243904
2014-09-03 03,24.715506,1.7376195,94.51219,40.890766
2014-09-03 04,25.402443,1.7376195,94.00407,40.548782
2014-09-03 05,28.62731,0.7947689,123.21499,44.207317
2014-09-03 06,25.123238,1.7376195,84.349594,40.276283
2014-09-03 07,35.917496,1.7376195,123.812996,33.536587
2014-09-03 08,38.05121,0.81171113,100.10162,37.5
2014-09-03 09,25.324707,1.7376195,105.18293,41.024532
2014-09-03 10,33.072548,1.520417,123.55548,33.536587
2014-09-03 11,33.428165,1.520417,137.70325,32.012196
2014-09-03 12,25.555058,0.78979397,141.26016,38.109756
2014-09-03 13,34.49502,1.7376195,109.24797,40.37629
2014-09-03 14,33.961594,1.520417,92.479675,30.792683
2014-09-03 15,25.361977,1.520417,120.75859,41.272614
2014-09-03 16,25.387327,0.77121204,120.80575,40.548782
2014-09-03 17,34.31721,0.79745686,123.499115,44.512196
2014-09-03 18,36.095306,2.606429,108.231705,48.47561
2014-09-03 19,25.326042,1.7376195,140.2439,47.865852
2014-09-03 20,39.295876,1.7376195,149.39024,40.251663
2014-09-03 21,34.85064,1.7376195,123.67301,40.270058
2014-09-03 22,33.072548,1.7376195,124.42952,60.67073
2014-09-03 23,25.202633,1.7376195,120.48711,40.804623
2014-09-04 00,25.2626,1.7376195,122.83656,48.780487
2014-09-04 01,18.847795,1.7376195,100.10162,42.378048
2014-09-04 02,5.8677096,1.7376195,93.49593,42.07317
2014-09-04 03,25.430689,0.81022584,93.49593,40.614964
2014-09-04 04,11.735419,1.7376195,86.89024,40.931725
2014-09-04 05,28.982933,1.7376195,123.8876,37.19512
2014-09-04 06,32.53912,0.8008197,77.74391,35.97561
2014-09-04 07,36.273117,1.7376195,124.2353,31.09756
2014-09-04 08,38.762447,1.7376195,86.89024,40.286877
2014-09-04 09,35.384068,1.9548218,87.39838,31.40244
2014-09-04 10,35.917496,0.8040017,121.77915,40.23392
2014-09-04 11,35.384068,0.799933,122.53336,34.756096
2014-09-04 12,33.428165,0.8080652,115.34553,42.987804
2014-09-04 13,33.961594,1.7376195,122.26384,37.19512
2014-09-04 14,25.28893,1.520417,101.626015,34.451218
2014-09-04 15,31.294453,0.8068479,94.51219,34.451218
2014-09-04 16,31.82788,0.82004994,86.89024,39.350647
2014-09-04 17,32.716927,1.7376195,97.05285,41.158535
2014-09-04 18,35.20626,1.520417,111.78862,42.07317
2014-09-04 19,40.00711,0.8062687,122.967476,40.54176
2014-09-04 20,40.71835,1.9548218,152.94717,46.341465
2014-09-04 21,35.917496,1.7376195,162.60162,59.756096
2014-09-04 22,33.072548,1.7376195,148.88211,55.792683
2014-09-04 23,25.248783,1.7376195,122.120476,54.57317
2014-09-05 00,33.428165,1.7376195,123.47561,47.560974
2014-09-05 01,25.782362,0.80192804,103.65854,42.682926
2014-09-05 02,24.715506,1.7376195,99.5935,38.414635
2014-09-05 03,24.537695,0.8105176,98.06911,37.19512
2014-09-05 04,24.893314,0.8068798,97.560974,40.13826
2014-09-05 05,25.489147,1.7376195,102.13415,38.719513
2014-09-05 06,25.290056,1.7376195,121.59894,36.890244
2014-09-05 07,35.917496,0.7934758,120.587036,28.04878
2014-09-05 08,38.406826,1.7376195,83.84146,29.878048
2014-09-05 09,35.56188,0.86880976,84.85773,32.012196
2014-09-05 10,34.85064,0.8275131,108.231705,40.074806
2014-09-05 11,25.56072,0.7911276,131.09756,34.756096
2014-09-05 12,33.250355,1.3032146,122.11019,30.792683
2014-09-05 13,32.894737,1.7376195,89.43089,27.743902
2014-09-05 14,32.53912,1.7376195,123.07248,41.287838
2014-09-05 15,30.049786,1.7376195,124.74694,41.54799
2014-09-05 16,34.139404,1.7376195,123.62634,41.76829
2014-09-05 17,25.35982,1.520417,102.64227,40.506668
2014-09-05 18,25.539444,2.1720243,97.560974,53.353657
2014-09-05 19,37.162163,0.8189486,134.14635,48.780487
2014-09-05 20,38.22902,0.79651046,163.61789,45.42683
2014-09-05 21,33.605976,1.7376195,126.71868,53.963413
2014-09-05 22,25.209723,1.7376195,124.73557,61.280487
2014-09-05 23,33.072548,1.7376195,132.62195,40.817787
2014-09-06 00,33.428165,0.8047324,121.95122,50.30488
2014-09-06 01,28.093882,1.7376195,102.64227,40.853657
2014-09-06 02,26.31579,1.7376195,93.49593,38.414635
2014-09-06 03,26.849218,1.7376195,94.00407,33.841465
2014-09-06 04,26.31579,1.7376195,90.955284,35.060974
2014-09-06 05,25.507206,2.1720243,91.46341,35.365852
2014-09-06 06,25.627132,1.7376195,121.60114,34.756096
2014-09-06 07,25.27165,1.7376195,119.62355,24.695122
2014-09-06 08,32.53912,2.1720243,99.085365,28.963415
2014-09-06 09,25.262362,3.040834,92.479675,30.792683
2014-09-06 10,33.605976,0.81115234,116.36179,31.40244
2014-09-06 11,32.36131,1.7376195,123.10906,41.25632
2014-09-06 12,33.072548,0.7928047,129.06505,37.80488
2014-09-06 13,32.36131,1.7376195,114.837395,34.146343
2014-09-06 14,25.360971,0.7621022,119.91453,29.268293
2014-09-06 15,25.272446,1.7376195,122.51566,41.79979
2014-09-06 16,32.53912,0.80447906,97.560974,29.573172
2014-09-06 17,25.557888,1.9548218,108.231705,36.280487
2014-09-06 18,32.894737,1.7376195,123.02307,33.23171
2014-09-06 19,35.02845,1.7376195,126.52439,32.621952
2014-09-06 20,33.428165,1.7376195,139.22765,42.07317
2014-09-06 21,25.333841,1.7376195,121.64549,50.30488
2014-09-06 22,30.761024,0.8070884,151.9309,51.219513
2014-09-06 23,31.650072,1.7376195,131.09756,50.0
2014-09-07 00,31.116644,0.7917917,134.14635,45.121952
2014-09-07 01,25.96017,0.0,109.756096,44.817074
2014-09-07 02,24.715506,0.0,136.64006,41.63633
2014-09-07 03,25.36134,0.7924365,94.51219,34.756096
2014-09-07 04,24.537695,1.520417,97.560974,35.67073
2014-09-07 05,27.738264,1.7376195,92.479675,40.482937
2014-09-07 06,25.587526,1.7376195,120.833,32.012196
2014-09-07 07,29.694168,0.8058253,66.05691,24.085365
2014-09-07 08,30.049786,1.7376195,122.904945,40.427814
2014-09-07 09,35.20626,1.7376195,125.64855,40.56001
2014-09-07 10,34.85064,1.7376195,119.9187,34.146343
2014-09-07 11,34.85064,1.7376195,142.78455,32.621952
2014-09-07 12,25.363628,1.7376195,132.11382,45.73171
2014-09-07 13,33.072548,1.7376195,110.772354,33.536587
2014-09-07 14,25.460684,1.7376195,109.24797,26.829268
2014-09-07 15,31.472261,0.7768727,120.333405,25.304878
2014-09-07 16,25.470318,0.78746957,99.085365,27.134146
2014-09-07 17,30.405405,1.7376195,90.955284,40.53977
2014-09-07 18,31.472261,0.80127805,112.296745,39.700314
2014-09-07 19,34.85064,1.9548218,122.50388,31.707317
2014-09-07 20,34.85064,1.7376195,153.96341,35.365852
2014-09-07 21,32.894737,1.7376195,149.39024,48.17073
2014-09-07 22,32.1835,1.7376195,139.73578,40.96148
2014-09-07 23,31.650072,1.7376195,136.687,54.57317
2014-09-08 00,32.36131,1.7376195,125.00001,48.47561
2014-09-08 01,25.027197,0.8049411,108.73984,47.256096
2014-09-08 02,25.48983,1.7376195,93.49593,38.414635
2014-09-08 03,23.648647,0.82239676,91.97154,40.473938
2014-09-08 04,24.182077,0.8083692,85.36585,37.19512
2014-09-08 05,26.493599,1.7376195,84.349594,34.756096
2014-09-08 06,29.516361,0.8128142,75.20326,36.280487
2014-09-08 07,34.31721,1.7376195,88.92276,30.182926
2014-09-08 08,33.428165,0.785251,121.271286,34.451218
2014-09-08 09,32.716927,0.79533136,92.98781,25.609756
2014-09-08 10,33.072548,0.8034153,123.851395,40.09841
2014-09-08 11,32.00569,0.8226123,100.60976,40.56354
2014-09-08 12,32.53912,1.3032146,113.82114,39.939026
2014-09-08 13,31.82788,0.80097246,96.544716,35.97561
2014-09-08 14,33.605976,0.8301555,98.57723,40.09189
2014-09-08 15,32.00569,0.8211538,85.873985,43.292683
2014-09-08 16,25.358896,1.7376195,93.49593,47.865852
2014-09-08 17,25.019257,0.81207603,94.00407,51.82927
2014-09-08 18,25.515902,2.1720243,106.70731,55.182926
2014-09-08 19,33.783783,1.7376195,129.06505,40.318703
2014-09-08 20,35.02845,1.7376195,160.56909,62.80488
2014-09-08 21,25.379784,1.7376195,157.52032,68.29269
2014-09-08 22,31.650072,1.7376195,126.56395,67.37805
2014-09-08 23,31.472261,1.7376195,129.57317,63.719513
2014-09-09 00,30.938833,1.7376195,123.41029,52.743904
2014-09-09 01,24.715506,1.7376195,103.150406,40.928013
2014-09-09 02,24.004267,1.7376195,122.48427,42.682926
2014-09-09 03,23.826458,1.7376195,93.49593,40.853657
2014-09-09 04,24.359886,0.8164464,91.46341,40.265335
2014-09-09 05,25.369356,1.7376195,121.630905,39.634148
2014-09-09 06,30.227596,1.7376195,123.64646,41.463413
2014-09-09 07,34.672832,1.7376195,124.88418,36.280487
2014-09-09 08,34.49502,1.7376195,89.43089,37.80488
2014-09-09 09,33.250355,0.8000026,121.58085,40.090107
2014-09-09 10,25.401093,0.8061824,96.03658,37.19512
2014-09-09 11,33.961594,1.520417,97.560974,41.463413
2014-09-09 12,31.650072,0.80393326,101.626015,40.853657
2014-09-09 13,31.294453,1.7376195,104.6748,28.963415
2014-09-09 14,25.416607,0.8084768,84.85773,39.615
2014-09-09 15,25.344683,0.80517465,86.89024,37.5
2014-09-09 16,25.419943,0.8035831,80.79269,42.07317
2014-09-09 17,30.227596,1.7376195,122.50838,40.840927
2014-09-09 18,32.1835,2.1720243,110.772354,47.256096
2014-09-09 19,34.31721,1.7376195,144.81708,56.09756
2014-09-09 20,34.49502,1.7376195,127.09253,60.67073
2014-09-09 21,25.211521,1.7376195,171.74797,41.174892
2014-09-09 22,25.415054,1.7376195,142.78455,60.060974
2014-09-09 23,25.3322,1.7376195,123.47561,58.23171
2014-09-10 00,31.650072,1.7376195,128.55692,40.59044
2014-09-10 01,25.23457,0.8065674,106.70731,44.207317
2014-09-10 02,24.893314,0.81591696,99.5935,40.853657
2014-09-10 03,24.182077,1.7376195,97.05285,40.21167
2014-09-10 04,24.537695,1.7376195,96.03658,34.451218
2014-09-10 05,26.849218,1.7376195,95.52846,39.02439
2014-09-10 06,25.221748,1.7376195,88.92276,40.05757
2014-09-10 07,34.49502,1.7376195,95.52846,39.856873
2014-09-10 08,33.605976,1.7376195,90.44715,40.4013
2014-09-10 09,25.139885,0.78279483,83.333336,29.268293
2014-09-10 10,30.938833,1.520417,94.51219,30.182926
2014-09-10 11,25.331514,1.520417,119.789154,31.40244
2014-09-10 12,29.694168,0.79774356,113.82114,32.621952
2014-09-10 13,25.577042,1.7376195,94.51219,31.40244
2014-09-10 14,29.871977,1.520417,124.21263,40.969772
2014-09-10 15,28.80512,1.520417,84.85773,39.02439
2014-09-10 16,28.271692,0.817692,84.349594,52.439026
2014-09-10 17,28.449503,2.1720243,126.07681,55.487804
2014-09-10 18,29.871977,2.606429,123.47561,53.353657
2014-09-10 19,33.783783,0.8103402,154.97968,41.04186
2014-09-10 20,34.139404,1.7376195,162.60162,57.317074
2014-09-10 21,32.36131,1.7376195,161.07724,41.531673
2014-09-10 22,30.583214,1.7376195,127.579735,67.68293
2014-09-10 23,25.329025,1.7376195,124.8795,62.19512
2014-09-11 00,29.338549,1.7376195,125.41113,51.82927
2014-09-11 01,24.182077,1.7376195,89.939026,43.90244
2014-09-11 02,23.29303,0.7759833,121.45027,41.158535
2014-09-11 03,23.648647,1.7376195,90.955284,38.414635
2014-09-11 04,23.826458,1.7376195,95.020325,40.06796
2014-09-11 05,26.849218,1.7376195,88.92276,36.280487
2014-09-11 06,29.516361,1.7376195,89.43089,40.423374
2014-09-11 07,35.02845,0.77646184,122.28696,29.878048
2014-09-11 08,33.428165,1.7376195,93.49593,32.92683
2014-09-11 09,25.196909,0.7629544,120.80955,30.182926
2014-09-11 10,25.469563,0.76836807,119.66908,34.756096
2014-09-11 11,25.182117,1.7376195,90.955284,38.719513
2014-09-11 12,30.761024,0.79294455,111.78862,42.07317
2014-09-11 13,31.650072,1.7376195,121.27198,30.487804
2014-09-11 14,25.384954,1.520417,96.03658,36.585365
2014-09-11 15,29.694168,0.8253169,81.30081,39.488255
2014-09-11 16,25.047989,1.7376195,85.36585,40.394577
2014-09-11 17,29.516361,1.7376195,86.89024,45.42683
2014-09-11 18,30.938833,0.8063464,122.92559,53.353657
2014-09-11 19,35.20626,0.8088562,122.68919,40.94878
2014-09-11 20,35.02845,1.9548218,169.20732,67.68293
2014-09-11 21,32.36131,1.7376195,160.06097,68.597565
2014-09-11 22,30.049786,1.7376195,143.29268,60.97561
2014-09-11 23,25.477251,1.7376195,133.13008,51.82927
2014-09-12 00,27.738264,1.7376195,125.50813,47.560974
2014-09-12 01,24.182077,1.7376195,107.21545,46.951218
2014-09-12 02,25.248438,0.807833,102.13415,41.76829
2014-09-12 03,25.2961,0.8008396,96.03658,40.825413
2014-09-12 04,23.826458,1.7376195,94.51219,36.585365
2014-09-12 05,25.782362,0.8121209,101.626015,36.585365
2014-09-12 06,25.491714,0.7852445,119.223236,37.19512
2014-09-12 07,36.273117,1.7376195,92.98781,31.707317
2014-09-12 08,25.282843,1.7376195,90.955284,34.146343
2014-09-12 09,34.139404,0.8067067,98.57723,34.146343
2014-09-12 10,34.31721,1.3032146,109.24797,40.853657
2014-09-12 11,32.36131,1.3032146,122.866196,36.280487
2014-09-12 12,31.294453,1.3032146,124.07878,37.5
2014-09-12 13,30.761024,1.7376195,121.306946,34.451218
2014-09-12 14,25.497253,1.7376195,102.64227,40.21465
2014-09-12 15,25.474493,1.7376195,98.57723,44.207317
2014-09-12 16,29.516361,0.80252403,121.10134,42.682926
2014-09-12 17,30.049786,1.520417,101.11789,43.59756
2014-09-12 18,25.559946,0.7808819,120.00732,42.987804
2014-09-12 19,33.605976,0.7973265,157.01219,48.17073
2014-09-12 20,25.251135,2.8236315,172.76422,52.439026
2014-09-12 21,31.472261,0.8166201,124.68496,57.621952
2014-09-12 22,25.41169,1.7376195,161.07724,41.619617
2014-09-12 23,29.16074,1.7376195,123.572136,57.012196
2014-09-13 00,28.093882,0.7991951,134.14635,52.743904
2014-09-13 01,24.893314,0.7815879,122.70852,48.780487
2014-09-13 02,25.465515,1.7376195,98.06911,43.292683
2014-09-13 03,23.648647,1.7376195,120.880844,38.109756
2014-09-13 04,25.473724,0.7995143,86.38211,37.19512
2014-09-13 05,25.385233,2.1720243,78.76016,37.80488
2014-09-13 06,25.304495,0.7946027,77.23577,38.414635
2014-09-13 07,25.447037,1.7376195,122.21879,31.40244
2014-09-13 08,32.1835,0.78780067,123.54744,40.79939
2014-09-13 09,35.73969,3.040834,123.64695,34.756096
2014-09-13 10,33.428165,1.9548218,129.06505,40.159824
2014-09-13 11,25.439959,1.7376195,128.04878,41.158535
2014-09-13 12,33.961594,0.790603,123.05353,40.685387
2014-09-13 13,25.462383,0.7982592,133.63821,37.80488
2014-09-13 14,33.605976,0.79008925,124.0606,40.01995
2014-09-13 15,33.250355,1.7376195,110.772354,37.5
2014-09-13 16,30.583214,1.7376195,124.14119,34.756096
2014-09-13 17,30.227596,0.7757174,120.646454,38.109756
2014-09-13 18,30.227596,1.7376195,111.28049,40.70996
2014-09-13 19,32.36131,0.8042171,138.21138,40.225597
2014-09-13 20,33.428165,0.80825716,153.96341,50.914635
2014-09-13 21,25.226107,1.7376195,144.81708,57.317074
2014-09-13 22,28.982933,1.7376195,128.55692,58.841465
2014-09-13 23,25.186565,1.7376195,131.09756,57.621952
2014-09-14 00,28.093882,1.7376195,123.071915,40.786205
2014-09-14 01,25.071123,0.0,99.085365,42.972588
2014-09-14 02,24.004267,0.0,105.18293,39.939026
2014-09-14 03,23.826458,1.520417,91.46341,40.808056
2014-09-14 04,24.004267,1.520417,86.38211,39.8355
2014-09-14 05,25.604553,1.7376195,83.333336,35.365852
2014-09-14 06,26.671406,1.7376195,122.895226,36.585365
2014-09-14 07,27.560457,1.7376195,69.61382,40.631985
2014-09-14 08,28.62731,1.7376195,82.825195,26.219513
2014-09-14 09,33.961594,1.7376195,98.06911,29.573172
2014-09-14 10,35.56188,1.7376195,119.41057,40.51406
2014-09-14 11,34.85064,1.7376195,147.86588,41.003853
2014-09-14 12,35.02845,1.7376195,125.50813,40.853657
2014-09-14 13,33.605976,1.7376195,123.98374,34.146343
2014-09-14 14,25.522886,0.7783385,103.65854,28.04878
2014-09-14 15,32.00569,1.520417,101.626015,40.24005
2014-09-14 16,30.761024,1.7376195,98.57723,39.816177
2014-09-14 17,29.516361,1.7376195,88.92276,28.04878
2014-09-14 18,25.170408,0.80638236,89.43089,30.792683
2014-09-14 19,33.961594,1.9548218,124.88262,41.032597
2014-09-14 20,33.605976,0.79298246,157.52032,50.0
2014-09-14 21,31.82788,1.7376195,160.06097,56.707317
2014-09-14 22,30.049786,1.7376195,126.29692,55.792683
2014-09-14 23,29.516361,1.7376195,133.13008,41.007847
2014-09-15 00,28.449503,0.795999,114.32927,47.256096
2014-09-15 01,24.893314,1.7376195,95.020325,40.923008
2014-09-15 02,23.826458,1.7376195,122.42635,41.158535
2014-09-15 03,23.826458,1.520417,89.43089,39.634148
2014-09-15 04,25.485523,1.7376195,86.89024,36.585365
2014-09-15 05,25.124714,0.7983391,121.75441,41.186073
2014-09-15 06,30.583214,0.808512,77.23577,37.5
2014-09-15 07,25.412937,1.7376195,122.06153,36.890244
2014-09-15 08,34.49502,1.7376195,97.05285,33.23171
2014-09-15 09,32.894737,0.7940351,91.97154,29.573172
2014-09-15 10,25.271765,1.7376195,98.06911,30.487804
2014-09-15 11,30.049786,1.3032146,104.6748,30.792683
2014-09-15 12,30.049786,1.3032146,110.772354,40.4575
2014-09-15 13,32.1835,1.520417,86.89024,32.012196
2014-09-15 14,31.472261,1.3032146,87.9065,31.707317
2014-09-15 15,28.449503,1.520417,89.43089,43.90244
2014-09-15 16,25.507616,0.811434,99.5935,39.32927
2014-09-15 17,28.80512,0.8077088,104.6748,46.341465
2014-09-15 18,31.116644,0.80922973,123.47561,40.24317
2014-09-15 19,32.894737,1.7376195,146.34146,60.67073
2014-09-15 20,33.961594,1.7376195,172.76422,63.109756
2014-09-15 21,25.242546,1.7376195,123.51318,65.85366
2014-09-15 22,29.694168,0.8169382,142.27643,66.15854
2014-09-15 23,28.093882,1.7376195,120.42683,40.665314
2014-09-16 00,27.204834,1.7376195,108.231705,43.292683
2014-09-16 01,25.17542,0.8113414,95.52846,39.87009
2014-09-16 02,23.29303,1.7376195,88.414635,40.78208
2014-09-16 03,23.470839,1.7376195,83.84146,37.5
2014-09-16 04,24.004267,1.7376195,85.873985,39.97926
2014-09-16 05,25.782362,1.7376195,84.349594,40.47055
2014-09-16 06,28.62731,1.7376195,122.89982,40.608177
2014-09-16 07,25.300402,1.7376195,121.53388,41.53257
2014-09-16 08,25.250103,1.7376195,90.44715,31.707317
2014-09-16 09,25.426067,0.80084705,81.808945,30.487804
2014-09-16 10,32.53912,1.520417,84.85773,39.889786
2014-09-16 11,25.451603,1.520417,94.51219,33.23171
2014-09-16 12,25.493042,1.3032146,121.16562,41.014687
2014-09-16 13,29.516361,1.7376195,122.74441,40.729557
2014-09-16 14,28.982933,1.7376195,120.92225,30.487804
2014-09-16 15,28.62731,0.825924,82.31707,46.951218
2014-09-16 16,28.093882,1.7376195,85.873985,45.121952
2014-09-16 17,29.16074,1.7376195,86.89024,42.987804
2014-09-16 18,30.938833,2.1720243,115.85366,40.978397
2014-09-16 19,35.20626,1.7376195,164.12602,41.14544
2014-09-16 20,33.428165,0.7954407,123.85433,40.141594
2014-09-16 21,25.227018,1.7376195,125.61313,70.12195
2014-09-16 22,25.259342,1.7376195,162.09349,61.280487
2014-09-16 23,28.271692,1.7376195,121.921104,41.4397
2014-09-17 00,25.216948,1.7376195,120.93496,46.951218
2014-09-17 01,25.28565,1.7376195,95.020325,40.56852
2014-09-17 02,23.29303,1.520417,121.748634,41.31142
2014-09-17 03,23.648647,1.7376195,120.35677,36.890244
2014-09-17 04,23.648647,1.7376195,122.36931,41.35296
2014-09-17 05,25.248934,1.7376195,82.31707,34.146343
2014-09-17 06,29.338549,1.7376195,124.375275,40.57873
2014-09-17 07,37.69559,1.7376195,88.92276,34.146343
2014-09-17 08,34.672832,1.7376195,124.11505,35.060974
2014-09-17 09,32.1835,1.7376195,89.43089,30.182926
2014-09-17 10,25.516668,1.520417,90.955284,32.92683
2014-09-17 11,31.116644,1.520417,122.69532,32.012196
2014-09-17 12,25.160128,1.520417,87.39838,40.243904
2014-09-17 13,25.356901,1.7376195,119.725494,28.04878
2014-09-17 14,25.362759,1.520417,120.46642,41.564915
2014-09-17 15,28.80512,1.520417,80.79269,37.80488
2014-09-17 16,28.449503,1.7376195,83.333336,46.646343
2014-09-17 17,25.182137,0.78102213,120.900375,44.817074
2014-09-17 18,31.472261,2.606429,109.24797,49.085365
2014-09-17 19,33.961594,0.8133532,122.664055,49.69512
2014-09-17 20,25.096096,0.7849553,165.14227,57.621952
2014-09-17 21,33.605976,1.7376195,165.65039,64.32927
2014-09-17 22,29.338549,1.7376195,148.88211,65.85366
2014-09-17 23,28.449503,1.7376195,130.0813,54.878048
2014-09-18 00,26.671406,0.8171166,112.80488,44.207317
2014-09-18 01,24.182077,1.7376195,85.873985,41.76829
2014-09-18 02,23.29303,1.7376195,89.43089,39.32927
2014-09-18 03,23.826458,1.7376195,88.92276,36.585365
2014-09-18 04,23.648647,1.7376195,87.9065,38.109756
2014-09-18 05,26.137981,0.7972269,84.85773,38.414635
2014-09-18 06,28.982933,1.7376195,124.06218,40.487484
2014-09-18 07,36.628735,1.7376195,122.60631,35.67073
2014-09-18 08,25.273338,1.7376195,103.65854,38.414635
2014-09-18 09,32.53912,1.9548218,123.98658,41.076965
2014-09-18 10,32.36131,1.7376195,102.64227,40.833797
2014-09-18 11,25.434784,1.7376195,110.26423,36.890244
2014-09-18 12,29.338549,1.7376195,122.9608,38.719513
2014-09-18 13,25.470602,1.7376195,122.35295,35.365852
2014-09-18 14,29.516361,1.520417,85.36585,37.5
2014-09-18 15,25.070158,1.520417,77.23577,40.096123
2014-09-18 16,28.093882,1.7376195,122.89968,37.5
2014-09-18 17,28.449503,1.7376195,109.756096,45.73171
2014-09-18 18,30.227596,1.520417,139.22765,40.78752
2014-09-18 19,34.49502,0.8086775,126.34574,63.109756
2014-09-18 20,33.783783,0.7852766,172.2561,41.02872
2014-09-18 21,32.716927,1.7376195,157.52032,40.705364
2014-09-18 22,29.16074,1.7376195,160.06097,62.5
2014-09-18 23,27.916075,1.7376195,124.05549,59.756096
2014-09-19 00,26.493599,1.7376195,121.53964,40.59387
2014-09-19 01,24.182077,1.7376195,124.35371,46.951218
2014-09-19 02,25.44594,1.7376195,83.333336,39.984894
2014-09-19 03,23.826458,0.8150767,88.414635,40.853657
2014-09-19 04,23.826458,0.8064722,80.284546,40.37745
2014-09-19 05,25.426743,1.7376195,85.873985,40.243904
2014-09-19 06,25.119213,1.7376195,75.20326,37.80488
2014-09-19 07,25.549824,1.7376195,121.58456,34.756096
2014-09-19 08,25.380959,1.7376195,93.49593,41.76829
2014-09-19 09,32.00569,0.86880976,94.00407,37.19512
2014-09-19 10,32.1835,0.8237001,84.85773,44.817074
2014-09-19 11,31.472261,0.81717724,96.544716,40.243904
2014-09-19 12,30.938833,1.3032146,113.31301,40.358692
2014-09-19 13,30.938833,0.8002202,108.231705,40.049126
2014-09-19 14,30.938833,1.7376195,104.6748,40.387707
2014-09-19 15,25.293087,1.7376195,121.40921,37.5
2014-09-19 16,25.586596,1.7376195,94.51219,36.280487
2014-09-19 17,29.516361,1.520417,123.06977,41.158535
2014-09-19 18,32.1835,0.8171159,121.95122,47.256096
2014-09-19 19,34.672832,1.7376195,147.86588,53.048782
2014-09-19 20,25.388994,2.8236315,125.65724,66.15854
2014-09-19 21,32.36131,0.80107456,164.63414,56.707317
2014-09-19 22,28.982933,0.78925794,124.58564,57.317074
2014-09-19 23,28.80512,1.7376195,127.032524,52.134148
2014-09-20 00,27.204834,1.7376195,109.24797,53.048782
2014-09-20 01,24.182077,0.7973457,120.2464,44.512196
2014-09-20 02,23.29303,1.7376195,85.873985,45.73171
2014-09-20 03,25.207104,0.7928817,89.43089,39.02439
2014-09-20 04,24.004267,1.7376195,122.00164,38.414635
2014-09-20 05,25.196865,2.1720243,85.873985,40.258057
2014-09-20 06,25.604553,0.790072,121.42702,38.109756
2014-09-20 07,27.738264,1.7376195,70.63008,29.878048
2014-09-20 08,30.227596,2.1720243,87.9065,33.841465
2014-09-20 09,34.672832,3.040834,109.756096,34.756096
2014-09-20 10,33.605976,1.9548218,128.04878,44.817074
2014-09-20 11,33.605976,1.7376195,140.75203,40.32032
2014-09-20 12,33.961594,1.7376195,139.22765,49.390244
2014-09-20 13,25.201454,0.79843324,107.21545,40.456287
2014-09-20 14,33.605976,1.7376195,104.166664,46.341465
2014-09-20 15,33.072548,1.7376195,118.90244,41.158535
2014-09-20 16,25.524618,1.7376195,121.10282,41.463413
2014-09-20 17,30.227596,1.9548218,117.37805,47.865852
2014-09-20 18,30.405405,1.7376195,124.02512,48.17073
2014-09-20 19,25.392593,0.80610836,157.01219,55.182926
2014-09-20 20,34.31721,1.7376195,166.66667,40.713364
2014-09-20 21,31.116644,1.7376195,133.63821,55.182926
2014-09-20 22,28.62731,0.80359817,137.70325,50.30488
2014-09-20 23,27.916075,0.79873955,133.13008,48.17073
2014-09-21 00,25.112453,1.7376195,111.78862,49.085365
2014-09-21 01,24.004267,0.0,101.626015,49.085365
2014-09-21 02,23.11522,0.0,103.150406,40.548782
2014-09-21 03,23.11522,1.520417,121.23577,37.19512
2014-09-21 04,25.521036,1.520417,83.84146,36.280487
2014-09-21 05,24.893314,1.7376195,85.873985,39.85321
2014-09-21 06,24.537695,1.7376195,122.554214,40.66268
2014-09-21 07,26.31579,1.7376195,66.56504,40.330074
2014-09-21 08,29.16074,1.7376195,75.20326,27.743902
2014-09-21 09,25.17183,0.7878324,121.08034,32.92683
2014-09-21 10,25.394983,1.7376195,122.87448,37.80488
2014-09-21 11,34.139404,0.8165386,160.06097,55.182926
2014-09-21 12,25.421753,1.7376195,153.45529,55.487804
2014-09-21 13,33.783783,0.7896321,121.44309,33.23171
2014-09-21 14,34.672832,1.7376195,97.05285,26.219513
2014-09-21 15,32.00569,1.520417,92.479675,25.914635
2014-09-21 16,30.227596,0.79095745,96.03658,24.390244
2014-09-21 17,25.507645,1.7376195,100.60976,29.878048
2014-09-21 18,30.938833,1.7376195,102.13415,33.536587
2014-09-21 19,25.318466,0.78244185,120.14791,41.412724
2014-09-21 20,34.139404,1.7376195,126.849335,57.621952
2014-09-21 21,32.36131,0.8132049,148.37398,54.57317
2014-09-21 22,28.982933,1.7376195,124.82517,57.92683
2014-09-21 23,28.271692,1.7376195,124.49187,57.92683
2014-09-22 00,26.137981,0.79664767,116.36179,50.30488
2014-09-22 01,23.826458,1.7376195,94.00407,42.378048
2014-09-22 02,23.11522,1.7376195,87.9065,40.719887
2014-09-22 03,22.93741,1.520417,91.46341,34.451218
2014-09-22 04,23.29303,0.78505766,121.529335,40.421535
2014-09-22 05,25.071123,0.77033556,120.670784,33.23171
2014-09-22 06,25.531199,1.7376195,80.79269,36.585365
2014-09-22 07,36.628735,1.7376195,78.76016,33.23171
2014-09-22 08,25.28107,0.7992519,95.52846,38.719513
2014-09-22 09,33.250355,0.8098408,98.06911,30.182926
2014-09-22 10,33.250355,0.8021296,107.21545,39.707413
2014-09-22 11,32.716927,1.3032146,102.64227,36.890244
2014-09-22 12,31.294453,1.3032146,105.18293,39.765045
2014-09-22 13,31.116644,0.8136896,98.06911,37.5
2014-09-22 14,30.405405,1.3032146,124.29428,40.641525
2014-09-22 15,29.16074,1.520417,84.349594,42.682926
2014-09-22 16,29.516361,1.7376195,93.49593,39.784557
2014-09-22 17,25.490562,1.7376195,121.40906,42.378048
2014-09-22 18,30.583214,2.1720243,111.28049,52.134148
2014-09-22 19,25.255789,0.7851967,122.779015,52.439026
2014-09-22 20,25.109566,0.78524584,169.71545,59.451218
2014-09-22 21,32.894737,1.7376195,175.30487,64.63415
2014-09-22 22,25.197317,1.7376195,152.43903,41.302765
2014-09-22 23,25.544886,1.7376195,132.11382,58.841465
2014-09-23 00,26.31579,0.79683167,115.85366,50.0
2014-09-23 01,23.470839,0.78606176,120.910805,43.90244
2014-09-23 02,22.93741,1.7376195,97.05285,40.30389
2014-09-23 03,23.29303,1.7376195,121.2534,41.172775
2014-09-23 04,23.648647,1.7376195,89.939026,40.748104
2014-09-23 05,25.782362,1.7376195,86.89024,35.97561
2014-09-23 06,27.738264,1.7376195,87.9065,35.97561
2014-09-23 07,36.806545,1.7376195,125.71646,40.903984
2014-09-23 08,34.49502,1.7376195,88.92276,33.841465
2014-09-23 09,32.1835,1.7376195,95.020325,28.658537
2014-09-23 10,25.37122,1.520417,82.31707,31.40244
2014-09-23 11,31.472261,1.520417,78.25203,39.49384
2014-09-23 12,25.29133,1.3032146,86.89024,40.322754
2014-09-23 13,30.583214,1.7376195,122.26277,40.692905
2014-09-23 14,30.583214,1.7376195,87.9065,40.28448
2014-09-23 15,29.16074,0.7800817,119.770744,30.487804
2014-09-23 16,29.16074,0.8158828,90.955284,39.848038
2014-09-23 17,30.583214,1.7376195,97.05285,40.279427
2014-09-23 18,25.225899,0.7990082,124.49187,51.219513
2014-09-23 19,33.783783,0.8129841,157.01219,56.40244
2014-09-23 20,33.783783,1.7376195,127.24004,60.060974
2014-09-23 21,32.1835,1.7376195,163.10974,60.67073
2014-09-23 22,29.516361,1.7376195,124.63607,61.890244
2014-09-23 23,27.916075,1.7376195,121.44309,50.0
2014-09-24 00,26.493599,0.8001886,117.37805,39.939026
2014-09-24 01,25.595064,1.7376195,120.15323,38.109756
2014-09-24 02,22.93741,0.77023315,120.35046,37.19512
2014-09-24 03,23.11522,0.8149411,88.414635,36.585365
2014-09-24 04,23.648647,0.8018974,120.31077,41.1824
2014-09-24 05,25.604553,1.7376195,83.84146,38.719513
2014-09-24 06,28.449503,1.7376195,123.97064,36.890244
2014-09-24 07,25.075869,0.8248822,82.31707,39.96069
2014-09-24 08,35.20626,1.7376195,89.43089,31.707317
2014-09-24 09,33.072548,0.8114352,77.23577,29.573172
2014-09-24 10,32.894737,1.520417,91.46341,28.353659
2014-09-24 11,31.116644,0.7997076,107.72358,29.573172
2014-09-24 12,31.82788,1.520417,121.719734,32.317074
2014-09-24 13,30.938833,1.7376195,76.21951,39.985123
2014-09-24 14,25.476242,0.7623807,118.33668,23.780487
2014-09-24 15,29.16074,1.520417,90.44715,40.558926
2014-09-24 16,27.738264,0.78613627,119.88804,34.451218
2014-09-24 17,25.511007,2.1720243,89.43089,40.67004
2014-09-24 18,27.560457,0.8034577,104.166664,39.676235
2014-09-24 19,30.405405,1.7376195,124.79617,40.571583
2014-09-24 20,30.583214,0.79745036,177.84552,41.612064
2014-09-24 21,28.62731,1.7376195,150.40652,63.109756
2014-09-24 22,25.782362,1.7376195,154.47154,61.280487
2014-09-24 23,23.826458,0.80218786,129.06505,53.658535
2014-09-25 00,25.301304,1.7376195,122.92467,43.292683
2014-09-25 01,19.914652,1.7376195,96.03658,40.07966
2014-09-25 02,19.736841,1.7376195,120.02307,38.719513
2014-09-25 03,19.381224,1.7376195,87.39838,35.97561
2014-09-25 04,20.09246,1.7376195,83.333336,33.536587
2014-09-25 05,22.581793,0.79656506,85.36585,35.060974
2014-09-25 06,24.537695,1.7376195,122.940285,40.742023
2014-09-25 07,25.377842,1.7376195,85.873985,34.451218
2014-09-25 08,31.472261,1.7376195,85.36585,28.04878
2014-09-25 09,30.049786,1.9548218,83.333336,27.134146
2014-09-25 10,28.093882,0.7862753,102.13415,28.04878
2014-09-25 11,27.560457,1.7376195,88.414635,32.92683
2014-09-25 12,25.228994,0.7920431,119.61179,41.368565
2014-09-25 13,27.560457,1.7376195,94.00407,40.729057
2014-09-25 14,25.318375,1.520417,72.662605,40.22264
2014-09-25 15,25.96017,1.520417,74.69512,40.217663
2014-09-25 16,25.349733,1.7376195,81.30081,39.02439
2014-09-25 17,25.304949,0.7912324,122.34344,44.512196
2014-09-25 18,29.338549,1.520417,108.73984,52.743904
2014-09-25 19,25.217808,0.7962779,168.69919,41.736736
2014-09-25 20,25.433218,1.9548218,198.17073,66.768295
2014-09-25 21,28.62731,1.7376195,122.63541,40.95977
2014-09-25 22,25.310326,1.7376195,154.47154,66.15854
2014-09-25 23,25.215616,0.7912083,117.37805,40.43789
2014-09-26 00,25.252981,1.7376195,109.24797,41.20282
2014-09-26 01,19.559032,1.7376195,121.603485,38.719513
2014-09-26 02,19.025604,1.7376195,120.30559,41.5985
2014-09-26 03,19.203413,1.7376195,88.92276,34.451218
2014-09-26 04,19.559032,1.7376195,88.414635,34.451218
2014-09-26 05,21.514936,1.7376195,87.39838,39.896503
2014-09-26 06,25.168736,1.7376195,89.43089,40.853657
2014-09-26 07,33.428165,1.7376195,123.00314,37.19512
2014-09-26 08,30.761024,1.7376195,98.06911,40.522408
2014-09-26 09,28.449503,0.828267,84.349594,40.486168
2014-09-26 10,29.338549,0.7740828,121.7244,31.09756
2014-09-26 11,29.516361,1.3032146,121.199,26.829268
2014-09-26 12,29.16074,1.3032146,91.97154,39.654964
2014-09-26 13,26.849218,0.8001959,96.544716,39.688572
2014-09-26 14,16.714083,1.7376195,119.975075,27.743902
2014-09-26 15,25.301125,1.7376195,121.1266,32.012196
2014-09-26 16,26.671406,1.7376195,88.92276,35.060974
2014-09-26 17,26.493599,1.520417,98.57723,40.144123
2014-09-26 18,27.027029,2.1720243,122.39179,42.07317
2014-09-26 19,30.227596,1.7376195,140.75203,40.31951
2014-09-26 20,30.227596,2.8236315,127.42368,62.80488
2014-09-26 21,26.493599,1.7376195,151.9309,56.707317
2014-09-26 22,25.467337,0.79646933,123.70318,57.92683
2014-09-26 23,24.359886,1.7376195,124.49187,48.47561
2014-09-27 00,22.93741,1.7376195,123.43151,42.682926
2014-09-27 01,20.27027,1.7376195,95.52846,41.083336
2014-09-27 02,19.203413,1.7376195,87.39838,36.585365
2014-09-27 03,19.025604,1.7376195,90.44715,36.280487
2014-09-27 04,19.025604,0.79581213,87.39838,33.23171
2014-09-27 05,21.159317,2.1720243,80.284546,34.451218
2014-09-27 06,25.423666,0.79376405,81.808945,35.060974
2014-09-27 07,25.039703,0.80672014,75.20326,40.767063
2014-09-27 08,27.560457,2.1720243,122.58396,28.353659
2014-09-27 09,31.650072,0.7986539,108.73984,33.536587
2014-09-27 10,30.938833,1.9548218,124.49187,40.991722
2014-09-27 11,29.338549,1.7376195,121.61078,39.32927
2014-09-27 12,28.80512,1.7376195,127.54066,42.682926
2014-09-27 13,25.326117,1.7376195,122.699295,39.02439
2014-09-27 14,10.135135,0.7772899,109.24797,35.365852
2014-09-27 15,10.490754,0.78204477,119.9187,36.585365
2014-09-27 16,30.227596,1.7376195,122.53784,41.487118
2014-09-27 17,30.049786,1.9548218,133.63821,44.817074
2014-09-27 18,30.049786,0.8083447,135.67073,49.085365
2014-09-27 19,25.212618,1.7376195,157.52032,55.487804
2014-09-27 20,29.871977,1.7376195,190.04065,64.63415
2014-09-27 21,29.16074,1.7376195,145.32521,62.5
2014-09-27 22,27.382647,1.7376195,126.52439,40.798977
2014-09-27 23,26.137981,1.7376195,124.92462,57.012196
2014-09-28 00,24.715506,1.7376195,122.75453,43.90244
2014-09-28 01,25.839922,0.0,94.00407,43.06169
2014-09-28 02,20.44808,0.0,131.9788,39.02439
2014-09-28 03,20.44808,1.520417,94.51219,35.97561
2014-09-28 04,20.625889,0.7874165,120.25675,34.146343
2014-09-28 05,25.160305,1.7376195,88.92276,33.23171
2014-09-28 06,22.581793,1.7376195,75.20326,34.451218
2014-09-28 07,24.004267,1.7376195,73.67886,27.439024
2014-09-28 08,27.738264,0.7945745,86.89024,28.353659
2014-09-28 09,25.363087,0.79139644,99.085365,31.707317
2014-09-28 10,25.286692,1.7376195,123.98374,31.40244
2014-09-28 11,33.250355,1.7376195,156.50406,43.90244
2014-09-28 12,33.250355,1.7376195,164.12602,46.341465
2014-09-28 13,32.1835,0.81768155,119.41057,41.463413
2014-09-28 14,25.502924,1.7376195,110.26423,40.886597
2014-09-28 15,29.871977,0.78955084,101.11789,29.268293
2014-09-28 16,25.442987,1.7376195,92.479675,27.439024
2014-09-28 17,29.516361,1.7376195,88.92276,33.23171
2014-09-28 18,30.049786,0.8169078,91.97154,40.23491
2014-09-28 19,25.135948,0.788952,121.15759,37.19512
2014-09-28 20,32.00569,1.7376195,187.5,41.04198
2014-09-28 21,30.049786,1.7376195,156.50406,56.09756
2014-09-28 22,28.62731,0.80912095,154.97968,52.743904
2014-09-28 23,26.671406,0.79207504,126.01626,46.951218
2014-09-29 00,24.004267,1.7376195,111.78862,40.243904
2014-09-29 01,25.334131,1.7376195,90.955284,37.5
2014-09-29 02,20.625889,1.7376195,86.38211,41.015434
2014-09-29 03,25.304432,1.520417,79.268295,40.661022
2014-09-29 04,25.402035,0.8015867,74.18699,32.317074
2014-09-29 05,22.581793,1.7376195,73.67886,32.621952
2014-09-29 06,26.493599,1.7376195,122.70442,41.090977
2014-09-29 07,25.467392,1.7376195,76.21951,34.756096
2014-09-29 08,32.53912,1.7376195,96.544716,29.573172
2014-09-29 09,30.761024,1.7376195,120.58252,27.134146
2014-09-29 10,29.516361,1.7376195,95.52846,33.841465
2014-09-29 11,25.628595,1.3032146,119.841545,30.792683
2014-09-29 12,28.093882,1.3032146,98.06911,32.012196
2014-09-29 13,25.234192,0.8076739,88.92276,39.84775
2014-09-29 14,27.027029,1.3032146,121.65156,40.973972
2014-09-29 15,25.96017,1.520417,88.414635,40.172916
2014-09-29 16,25.782362,1.7376195,98.57723,40.669205
2014-09-29 17,26.493599,1.7376195,100.10162,40.126328
2014-09-29 18,25.547665,2.1720243,119.41057,45.121952
2014-09-29 19,32.1835,1.7376195,123.42788,44.817074
2014-09-29 20,25.522041,0.787111,176.32114,57.317074
2014-09-29 21,28.80512,1.7376195,151.42276,57.012196
2014-09-29 22,25.96017,1.7376195,122.69172,53.963413
2014-09-29 23,24.182077,0.7976484,118.39431,45.121952
2014-09-30 00,25.422876,1.7376195,106.19919,39.32927
2014-09-30 01,25.28326,1.7376195,94.51219,40.71992
2014-09-30 02,25.32383,1.7376195,84.349594,33.536587
2014-09-30 03,18.669987,1.7376195,89.939026,40.873127
2014-09-30 04,19.025604,1.7376195,88.414635,34.451218
2014-09-30 05,21.159317,0.8071669,83.84146,32.92683
2014-09-30 06,25.285992,0.8081844,95.020325,35.97561
2014-09-30 07,33.428165,1.7376195,84.85773,39.939754
2014-09-30 08,25.451872,1.7376195,120.723625,31.707317
2014-09-30 09,25.19812,1.7376195,80.79269,29.268293
2014-09-30 10,27.916075,0.8086455,86.38211,40.189735
2014-09-30 11,27.560457,0.8129972,87.39838,34.451218
2014-09-30 12,26.849218,0.79321545,80.79269,34.756096
2014-09-30 13,27.204834,1.7376195,123.908844,41.073757
2014-09-30 14,26.31579,1.7376195,120.23843,28.658537
2014-09-30 15,25.782362,0.8163323,74.69512,30.792683
2014-09-30 16,26.671406,1.7376195,74.18699,39.879715
2014-09-30 17,26.31579,0.8131102,91.97154,42.987804
2014-09-30 18,25.148205,0.7927553,120.64387,41.149174
2014-09-30 19,25.35749,1.7376195,159.04471,41.79331
2014-09-30 20,29.871977,1.7376195,194.1057,61.890244
2014-09-30 21,25.196089,1.7376195,123.97853,62.5
2014-09-30 22,26.493599,0.78813845,123.71204,54.26829
2014-09-30 23,24.715506,1.7376195,126.01626,52.743904
2014-10-01 00,23.11522,0.8106292,112.80488,41.76829
2014-10-01 01,19.914652,1.7376195,104.166664,37.80488
2014-10-01 02,19.381224,1.520417,93.49593,36.585365
2014-10-01 03,25.32,0.8018622,86.89024,40.35918
2014-10-01 04,19.203413,0.7754908,120.54996,36.280487
2014-10-01 05,21.159317,1.7376195,87.39838,33.841465
2014-10-01 06,25.123575,0.79016215,119.71037,36.280487
2014-10-01 07,33.428165,1.7376195,85.36585,40.29214
2014-10-01 08,32.1835,1.7376195,89.939026,33.841465
2014-10-01 09,25.11186,1.7376195,88.92276,40.08187
2014-10-01 10,25.264517,1.520417,89.43089,40.93802
2014-10-01 11,28.982933,1.520417,87.9065,39.722237
2014-10-01 12,25.381172,0.7818524,122.19585,40.864285
2014-10-01 13,30.049786,0.81272537,78.25203,24.695122
2014-10-01 14,25.493902,0.801819,82.31707,23.780487
2014-10-01 15,25.329004,1.520417,91.97154,29.878048
2014-10-01 16,26.137981,1.7376195,85.36585,35.97561
2014-10-01 17,25.55647,2.1720243,121.79895,42.987804
2014-10-01 18,30.761024,2.606429,108.231705,39.939026
2014-10-01 19,35.73969,1.7376195,166.66667,49.69512
2014-10-01 20,33.961594,0.7818062,183.94308,40.90577
2014-10-01 21,29.694168,1.7376195,123.26484,40.713932
2014-10-01 22,28.093882,1.7376195,123.97187,59.146343
2014-10-01 23,25.96017,1.7376195,136.17886,41.035095
2014-10-02 00,24.182077,0.8124859,124.49187,45.42683
2014-10-02 01,25.126871,0.7932269,107.21545,41.463413
2014-10-02 02,19.736841,1.7376195,92.479675,41.081974
2014-10-02 03,19.559032,1.7376195,121.44565,40.781853
2014-10-02 04,19.736841,1.7376195,94.00407,36.890244
2014-10-02 05,22.759602,1.7376195,86.38211,40.434418
2014-10-02 06,26.671406,1.7376195,93.49593,37.19512
2014-10-02 07,25.221743,0.8098409,94.51219,39.02439
2014-10-02 08,33.605976,1.7376195,125.0121,40.710094
2014-10-02 09,30.227596,1.9548218,122.03568,29.573172
2014-10-02 10,29.338549,1.7376195,94.00407,40.58722
2014-10-02 11,25.447458,1.7376195,85.36585,41.158535
2014-10-02 12,28.271692,1.7376195,122.441124,41.463413
2014-10-02 13,28.62731,1.7376195,121.98775,40.743397
2014-10-02 14,27.738264,1.520417,121.73453,39.32927
2014-10-02 15,25.304974,1.520417,122.014465,40.243904
2014-10-02 16,25.139553,1.7376195,90.955284,43.90244
2014-10-02 17,30.227596,0.78796357,123.5006,40.967297
2014-10-02 18,32.1835,0.82928973,103.65854,40.67345
2014-10-02 19,25.407583,1.7376195,124.204926,61.890244
2014-10-02 20,33.250355,1.9548218,177.84552,79.87805
2014-10-02 21,29.338549,1.7376195,125.81433,71.64634
2014-10-02 22,28.62731,1.7376195,161.58537,63.414635
2014-10-02 23,25.15958,1.7376195,121.86237,40.79909
2014-10-03 00,25.071123,1.7376195,122.09207,41.620213
2014-10-03 01,20.981508,1.7376195,101.626015,40.548782
2014-10-03 02,20.981508,1.7376195,121.85184,38.109756
2014-10-03 03,19.914652,1.7376195,121.055046,35.060974
2014-10-03 04,20.625889,1.7376195,121.955536,33.23171
2014-10-03 05,25.253696,1.7376195,86.89024,39.98192
2014-10-03 06,25.367918,1.7376195,87.9065,40.599747
2014-10-03 07,35.73969,0.8018273,92.479675,39.634148
2014-10-03 08,34.31721,1.7376195,95.52846,40.65712
2014-10-03 09,25.464373,0.8031621,94.51219,32.621952
2014-10-03 10,28.80512,1.3032146,96.544716,40.013287
2014-10-03 11,30.583214,0.8099633,99.085365,31.40244
2014-10-03 12,27.204834,1.3032146,95.52846,36.280487
2014-10-03 13,25.288973,1.7376195,88.414635,32.012196
2014-10-03 14,29.16074,0.82404256,80.79269,38.414635
2014-10-03 15,25.139418,1.7376195,121.640114,41.657238
2014-10-03 16,28.982933,0.77569807,121.15345,38.109756
2014-10-03 17,25.55089,1.520417,102.64227,43.90244
2014-10-03 18,30.583214,0.8068057,111.78862,50.0
2014-10-03 19,32.53912,1.7376195,125.89114,51.219513
2014-10-03 20,30.583214,0.80113626,209.85773,64.02439
2014-10-03 21,28.80512,1.7376195,123.722015,41.47744
2014-10-03 22,25.429762,0.803795,164.63414,60.97561
2014-10-03 23,25.45642,0.8031639,142.78455,54.57317
2014-10-04 00,25.331842,0.7952492,120.683846,49.390244
2014-10-04 01,25.098717,1.7376195,100.60976,45.121952
2014-10-04 02,20.981508,1.7376195,122.23756,38.109756
2014-10-04 03,25.180452,0.804866,87.9065,35.060974
2014-10-04 04,25.419062,1.7376195,119.92633,34.146343
2014-10-04 05,24.004267,0.8154357,85.873985,40.051968
2014-10-04 06,25.96017,1.7376195,123.07762,37.19512
2014-10-04 07,26.849218,0.82858074,80.79269,39.670998
2014-10-04 08,25.535824,2.1720243,105.18293,39.02439
2014-10-04 09,31.82788,0.80105156,99.5935,34.451218
2014-10-04 10,25.428509,0.80755186,122.967476,41.102016
2014-10-04 11,31.472261,1.7376195,114.32927,41.029217
2014-10-04 12,31.82788,0.7991958,122.967476,35.67073
2014-10-04 13,25.20588,1.7376195,113.82114,41.11385
2014-10-04 14,29.871977,1.7376195,113.82114,40.590797
2014-10-04 15,28.982933,1.7376195,107.72358,40.854767
2014-10-04 16,25.543722,0.78199404,120.21545,33.23171
2014-10-04 17,29.338549,1.9548218,106.70731,36.280487
2014-10-04 18,32.1835,1.7376195,122.51468,40.751053
2014-10-04 19,30.405405,1.7376195,163.61789,46.341465
2014-10-04 20,28.80512,1.7376195,127.56856,71.03658
2014-10-04 21,25.207193,1.7376195,124.33621,67.37805
2014-10-04 22,26.137981,1.7376195,123.4212,41.473118
2014-10-04 23,24.359886,0.80422676,123.47561,55.792683
2014-10-05 00,25.146544,1.7376195,116.36179,53.658535
2014-10-05 01,25.92457,0.0,104.6748,42.17929
2014-10-05 02,25.3898,0.0,134.55553,37.80488
2014-10-05 03,19.736841,1.520417,96.544716,40.3028
2014-10-05 04,19.736841,1.520417,85.873985,40.51104
2014-10-05 05,22.759602,0.8020363,82.31707,34.451218
2014-10-05 06,23.29303,1.7376195,82.825195,39.962524
2014-10-05 07,24.893314,0.8262545,71.138214,40.05087
2014-10-05 08,26.849218,1.7376195,79.77642,28.658537
2014-10-05 09,31.650072,1.7376195,99.085365,30.487804
2014-10-05 10,25.651802,1.7376195,134.65446,34.146343
2014-10-05 11,32.00569,0.7849946,142.27643,37.80488
2014-10-05 12,32.00569,1.7376195,126.01626,34.146343
2014-10-05 13,30.938833,1.7376195,122.522194,31.09756
2014-10-05 14,25.147587,1.7376195,121.150665,40.730003
2014-10-05 15,25.371971,0.76980054,119.17258,25.914635
2014-10-05 16,27.916075,0.7846463,86.38211,24.695122
2014-10-05 17,28.982933,1.7376195,80.284546,32.621952
2014-10-05 18,28.982933,1.7376195,122.002594,40.91066
2014-10-05 19,30.583214,1.9548218,121.95122,40.91885
2014-10-05 20,28.982933,1.7376195,168.69919,41.452816
2014-10-05 21,28.62731,1.7376195,123.75031,50.914635
2014-10-05 22,25.115904,1.7376195,132.11382,52.743904
2014-10-05 23,24.893314,1.7376195,117.88618,56.707317
2014-10-06 00,24.182077,0.814415,110.26423,40.30424
2014-10-06 01,20.981508,0.7918412,92.98781,39.939026
2014-10-06 02,20.44808,1.7376195,90.44715,37.19512
2014-10-06 03,25.474398,1.520417,86.38211,35.67073
2014-10-06 04,20.09246,1.7376195,84.85773,33.23171
2014-10-06 05,23.11522,1.7376195,121.99762,40.69681
2014-10-06 06,27.382647,0.80283207,84.349594,33.536587
2014-10-06 07,37.873398,0.80836236,87.39838,37.80488
2014-10-06 08,32.894737,1.7376195,104.166664,34.451218
2014-10-06 09,30.227596,1.7376195,82.825195,29.573172
2014-10-06 10,25.524433,0.7946612,100.60976,34.146343
2014-10-06 11,25.265514,1.3032146,100.10162,32.92683
2014-10-06 12,25.334677,0.79853034,101.11789,39.83607
2014-10-06 13,25.385279,0.8046951,97.560974,38.414635
2014-10-06 14,28.449503,1.3032146,81.30081,39.745037
2014-10-06 15,25.40551,1.520417,79.77642,43.90244
2014-10-06 16,26.31579,0.80847484,92.479675,45.73171
2014-10-06 17,25.28041,1.7376195,95.020325,40.608086
2014-10-06 18,30.583214,2.1720243,104.6748,58.841465
2014-10-06 19,31.472261,0.7951436,163.61789,40.94743
2014-10-06 20,30.049786,0.81951046,160.06097,66.15854
2014-10-06 21,29.16074,1.7376195,157.52032,58.23171
2014-10-06 22,25.96017,1.7376195,141.7683,41.116085
2014-10-06 23,24.359886,0.80402726,121.19296,40.31248
2014-10-07 00,23.470839,0.8072584,109.756096,40.72346
2014-10-07 01,25.221598,0.80461454,88.414635,35.97561
2014-10-07 02,25.454426,1.7376195,85.36585,35.67073
2014-10-07 03,25.360052,1.7376195,120.82387,33.536587
2014-10-07 04,19.381224,0.79835343,86.89024,37.5
2014-10-07 05,22.581793,1.7376195,82.825195,33.536587
2014-10-07 06,25.248934,0.798871,80.284546,35.67073
2014-10-07 07,25.055256,0.8018795,85.36585,39.843994
2014-10-07 08,29.16074,1.7376195,94.00407,36.585365
2014-10-07 09,27.560457,0.79372597,120.254036,34.146343
2014-10-07 10,26.31579,1.520417,95.52846,32.621952
2014-10-07 11,25.96017,1.520417,91.46341,40.705856
2014-10-07 12,25.34632,1.3032146,98.06911,42.07317
2014-10-07 13,25.429981,1.7376195,123.41353,41.398026
2014-10-07 14,26.493599,0.79618496,77.23577,32.012196
2014-10-07 15,25.604553,1.7376195,84.85773,32.621952
2014-10-07 16,25.782362,1.7376195,85.873985,35.67073
2014-10-07 17,25.96017,1.7376195,122.15416,41.0513
2014-10-07 18,25.515886,2.1720243,124.49187,41.423878
2014-10-07 19,30.761024,1.7376195,176.82927,69.20731
2014-10-07 20,25.307817,1.7376195,125.94877,68.902435
2014-10-07 21,29.871977,1.7376195,164.12602,63.414635
2014-10-07 22,25.782362,0.80454314,123.305374,57.012196
2014-10-07 23,25.393602,1.7376195,122.80355,53.963413
2014-10-08 00,22.759602,1.7376195,121.872925,40.66245
2014-10-08 01,25.489225,1.7376195,90.955284,40.40697
2014-10-08 02,19.381224,1.520417,122.369545,36.890244
2014-10-08 03,19.736841,1.7376195,88.414635,37.19512
2014-10-08 04,19.559032,1.7376195,83.333336,33.841465
2014-10-08 05,22.403982,1.7376195,121.95155,32.621952
2014-10-08 06,25.782362,1.7376195,85.36585,35.97561
2014-10-08 07,25.540842,1.7376195,123.139275,41.065838
2014-10-08 08,30.761024,0.80180806,92.479675,32.92683
2014-10-08 09,25.090834,0.80696505,87.9065,29.878048
2014-10-08 10,28.80512,0.7868169,122.33726,34.146343
2014-10-08 11,28.80512,1.520417,122.514534,32.317074
2014-10-08 12,28.093882,0.7954055,121.273766,41.18069
2014-10-08 13,28.271692,0.7950596,123.01836,41.26684
2014-10-08 14,27.204834,0.8136195,85.873985,37.19512
2014-10-08 15,25.209152,1.520417,80.284546,40.002934
2014-10-08 16,26.31579,1.7376195,91.46341,44.817074
2014-10-08 17,25.782362,2.1720243,115.34553,46.036587
2014-10-08 18,26.671406,2.606429,122.967476,40.783073
2014-10-08 19,25.365614,0.7997076,168.69919,64.02439
2014-10-08 20,30.405405,1.7376195,172.2561,69.81707
2014-10-08 21,28.62731,0.82036006,123.310875,64.32927
2014-10-08 22,25.272793,1.7376195,148.88211,65.54878
2014-10-08 23,25.200634,0.8085441,112.296745,55.182926
2014-10-09 00,25.361624,1.7376195,103.150406,46.646343
2014-10-09 01,19.914652,0.8185049,90.955284,40.437294
2014-10-09 02,19.381224,0.7931799,87.39838,41.463413
2014-10-09 03,25.099447,1.7376195,87.39838,41.02314
2014-10-09 04,19.203413,1.7376195,81.30081,39.939026
2014-10-09 05,25.42884,0.80874866,87.39838,39.32927
2014-10-09 06,25.169683,1.7376195,81.808945,39.998936
2014-10-09 07,33.250355,1.7376195,124.476395,42.987804
2014-10-09 08,30.227596,1.7376195,124.67506,40.51762
2014-10-09 09,25.157972,1.9548218,88.92276,33.841465
2014-10-09 10,25.562506,1.7376195,91.97154,33.23171
2014-10-09 11,26.671406,1.7376195,70.12195,38.719513
2014-10-09 12,25.96017,0.82260126,92.98781,44.512196
2014-10-09 13,25.420446,1.7376195,119.88804,34.451218
2014-10-09 14,26.137981,1.520417,122.50571,41.156616
2014-10-09 15,24.893314,1.520417,122.73259,41.54985
2014-10-09 16,25.11816,1.7376195,74.69512,37.19512
2014-10-09 17,25.426743,0.81237024,98.57723,40.39959
2014-10-09 18,27.738264,1.520417,113.82114,50.30488
2014-10-09 19,30.761024,1.7376195,180.8943,65.243904
2014-10-09 20,31.294453,1.9548218,180.8943,73.78049
2014-10-09 21,28.449503,1.7376195,162.09349,60.67073
2014-10-09 22,25.071123,1.7376195,152.94717,41.151596
2014-10-09 23,23.11522,0.8130203,125.50813,63.414635
2014-10-10 00,22.048365,1.7376195,98.57723,40.670815
2014-10-10 01,19.559032,0.80457455,87.9065,39.32927
2014-10-10 02,25.39349,1.7376195,86.89024,38.719513
2014-10-10 03,18.669987,0.7651708,120.9542,34.756096
2014-10-10 04,25.388792,1.7376195,85.873985,35.365852
2014-10-10 05,21.337126,1.7376195,84.349594,35.060974
2014-10-10 06,25.228195,1.7376195,79.77642,39.32927
2014-10-10 07,25.533188,1.7376195,86.89024,37.5
2014-10-10 08,25.09803,1.7376195,98.57723,40.430496
2014-10-10 09,29.16074,0.7977849,121.66513,35.365852
2014-10-10 10,28.449503,0.8098729,85.873985,39.5733
2014-10-10 11,25.439636,0.8128898,77.74391,42.378048
2014-10-10 12,27.204834,1.3032146,91.46341,33.536587
2014-10-10 13,25.536514,1.7376195,85.36585,30.487804
2014-10-10 14,27.027029,0.8050311,82.31707,32.92683
2014-10-10 15,25.196161,1.7376195,81.30081,38.719513
2014-10-10 16,25.96017,0.82768524,89.939026,39.80709
2014-10-10 17,25.476837,1.520417,84.349594,44.207317
2014-10-10 18,25.172756,2.1720243,109.24797,40.853657
2014-10-10 19,25.558928,1.7376195,160.06097,41.228607
2014-10-10 20,30.405405,2.8236315,125.63555,41.839752
2014-10-10 21,27.204834,0.7994869,122.53068,40.67
2014-10-10 22,25.29393,0.78814095,142.78455,40.924706
2014-10-10 23,23.470839,1.7376195,129.57317,40.921764
2014-10-11 00,22.581793,1.7376195,122.15971,41.43196
2014-10-11 01,25.523155,1.7376195,89.939026,39.634148
2014-10-11 02,19.025604,1.7376195,121.78469,41.188873
2014-10-11 03,18.847795,1.7376195,121.44815,36.890244
2014-10-11 04,18.847795,0.7662311,118.56411,36.280487
2014-10-11 05,21.337126,0.7961372,83.84146,34.146343
2014-10-11 06,20.981508,1.7376195,122.57439,37.5
2014-10-11 07,23.11522,1.7376195,71.138214,33.23171
2014-10-11 08,25.117212,2.1720243,94.51219,40.888725
2014-10-11 09,30.227596,3.040834,123.684235,41.818535
2014-10-11 10,31.116644,1.9548218,123.78446,47.560974
2014-10-11 11,29.871977,1.7376195,124.82419,41.76829
2014-10-11 12,29.516361,0.7934011,121.32675,41.058346
2014-10-11 13,25.343569,1.7376195,100.10162,35.365852
2014-10-11 14,29.516361,1.7376195,122.85195,41.03675
2014-10-11 15,28.093882,1.7376195,112.296745,45.73171
2014-10-11 16,26.671406,1.7376195,117.88618,44.207317
2014-10-11 17,27.382647,1.9548218,121.95122,40.614697
2014-10-11 18,27.560457,1.7376195,122.45935,40.37727
2014-10-11 19,28.271692,0.80870503,155.48782,59.756096
2014-10-11 20,25.450672,1.7376195,172.76422,70.12195
2014-10-11 21,25.248934,1.7376195,125.645004,59.451218
2014-10-11 22,24.537695,1.7376195,125.80136,58.841465
2014-10-11 23,25.46525,1.7376195,133.63821,63.414635
2014-10-12 00,22.226173,1.7376195,121.006325,41.249245
2014-10-12 01,20.09246,0.0,106.70731,42.682926
2014-10-12 02,19.203413,0.0,91.46341,42.68078
2014-10-12 03,19.025604,1.520417,92.479675,40.97894
2014-10-12 04,18.847795,1.520417,91.97154,33.841465
2014-10-12 05,25.313347,0.7743285,120.79871,32.92683
2014-10-12 06,19.914652,0.81128055,76.21951,34.756096
2014-10-12 07,25.377787,1.7376195,78.76016,39.32927
2014-10-12 08,22.759602,1.7376195,120.0568,30.792683
2014-10-12 09,26.849218,1.7376195,120.13214,27.743902
2014-10-12 10,29.694168,1.7376195,118.90244,41.158535
2014-10-12 11,30.761024,1.7376195,139.73578,48.17073
2014-10-12 12,30.405405,1.7376195,124.80283,52.134148
2014-10-12 13,25.402748,1.7376195,121.64126,42.07317
2014-10-12 14,25.45547,1.7376195,123.18437,41.4899
2014-10-12 15,26.31579,1.520417,102.64227,41.013206
2014-10-12 16,25.558033,1.7376195,89.43089,42.07317
2014-10-12 17,25.487421,0.79584134,95.52846,42.682926
2014-10-12 18,26.493599,1.7376195,124.39975,49.390244
2014-10-12 19,29.338549,0.80644464,158.53659,72.256096
2014-10-12 20,31.116644,1.7376195,167.68292,40.802326
2014-10-12 21,27.738264,1.7376195,158.53659,75.914635
2014-10-12 22,24.893314,0.8220142,145.83331,75.60976
2014-10-12 23,22.93741,1.7376195,111.28049,40.195034
2014-10-13 00,25.334743,1.7376195,100.60976,52.743904
2014-10-13 01,25.427296,1.7376195,85.873985,43.59756
2014-10-13 02,18.847795,0.78046757,118.56312,38.109756
2014-10-13 03,18.669987,0.7859932,118.66831,36.280487
2014-10-13 04,25.311577,1.7376195,82.31707,40.66571
2014-10-13 05,20.803698,1.7376195,75.71138,36.585365
2014-10-13 06,22.93741,1.7376195,81.30081,35.365852
2014-10-13 07,25.266676,1.7376195,89.939026,48.17073
2014-10-13 08,25.206583,1.7376195,92.98781,40.238586
2014-10-13 09,25.484024,1.7376195,86.89024,40.614456
2014-10-13 10,25.466,0.8085563,87.39838,36.280487
2014-10-13 11,25.489523,1.3032146,83.333336,43.292683
2014-10-13 12,25.336796,1.3032146,99.5935,48.780487
2014-10-13 13,27.916075,1.520417,80.284546,40.413525
2014-10-13 14,25.248934,0.82351005,83.333336,53.963413
2014-10-13 15,24.182077,1.520417,82.825195,59.451218
2014-10-13 16,25.423603,0.80425394,99.085365,53.963413
2014-10-13 17,25.465874,1.7376195,101.11789,67.07317
2014-10-13 18,25.328098,2.1720243,129.06505,63.414635
2014-10-13 19,30.405405,0.8227141,178.86179,85.36585
2014-10-13 20,25.282616,1.7376195,183.43495,41.186783
2014-10-13 21,27.916075,0.80084413,120.40075,40.737587
2014-10-13 22,25.604553,1.7376195,143.29268,73.78049
2014-10-13 23,22.93741,0.8112432,117.88618,40.8557
2014-10-14 00,21.692745,0.8076973,91.46341,40.67512
2014-10-14 01,19.381224,0.81192714,79.77642,49.69512
2014-10-14 02,18.669987,1.7376195,120.241066,41.35909
2014-10-14 03,18.669987,1.7376195,77.23577,38.719513
2014-10-14 04,18.847795,1.7376195,121.65686,39.32927
2014-10-14 05,20.981508,0.809557,77.74391,40.243904
2014-10-14 06,23.11522,0.8069715,78.76016,40.1531
2014-10-14 07,30.405405,1.7376195,83.84146,49.085365
2014-10-14 08,29.871977,1.7376195,123.31476,40.853657
2014-10-14 09,25.353558,1.7376195,87.39838,35.67073
2014-10-14 10,25.463518,0.78401977,121.393906,39.02439
2014-10-14 11,25.301622,1.520417,120.906815,41.3809
2014-10-14 12,26.493599,0.82183444,81.30081,45.42683
2014-10-14 13,25.118338,1.7376195,80.284546,40.423996
2014-10-14 14,26.137981,1.7376195,78.25203,36.585365
2014-10-14 15,25.604553,1.7376195,121.55809,41.11264
2014-10-14 16,25.140705,1.7376195,88.414635,40.14045
2014-10-14 17,25.278406,1.7376195,90.44715,48.780487
2014-10-14 18,27.738264,2.1720243,115.85366,62.19512
2014-10-14 19,25.58261,1.7376195,190.54878,41.54969
2014-10-14 20,29.516361,1.7376195,193.08943,70.42683
2014-10-14 21,25.231773,0.81505454,173.78049,76.82927
2014-10-14 22,25.512175,1.7376195,146.8496,66.15854
2014-10-14 23,23.11522,1.7376195,128.55692,58.23171
2014-10-15 00,21.514936,0.8008459,120.46253,47.865852
2014-10-15 01,19.203413,0.8073169,90.955284,43.59756
2014-10-15 02,18.669987,1.520417,121.36235,39.32927
2014-10-15 03,18.847795,0.80749756,82.31707,39.73504
2014-10-15 04,25.520031,1.7376195,78.25203,36.890244
2014-10-15 05,20.44808,1.7376195,82.825195,40.721165
2014-10-15 06,25.566305,1.7376195,87.39838,36.890244
2014-10-15 07,31.294453,0.83017653,90.955284,49.085365
2014-10-15 08,28.982933,0.79316986,121.30391,35.67073
2014-10-15 09,25.082026,0.8020313,101.626015,32.317074
2014-10-15 10,25.782362,1.520417,89.939026,39.32927
2014-10-15 11,26.31579,1.520417,89.43089,40.213337
2014-10-15 12,26.31579,1.520417,102.64227,39.92442
2014-10-15 13,27.027029,1.7376195,90.44715,40.62071
2014-10-15 14,25.332268,0.7991995,102.13415,53.963413
2014-10-15 15,25.03609,0.80590606,108.231705,57.012196
2014-10-15 16,25.248934,1.7376195,124.91729,52.743904
2014-10-15 17,25.604553,2.1720243,107.72358,56.09756
2014-10-15 18,25.5479,2.606429,124.32211,65.243904
2014-10-15 19,25.416634,0.81421167,191.56505,82.62195
2014-10-15 20,30.049786,1.7376195,183.94308,80.18293
2014-10-15 21,29.694168,1.7376195,159.04471,41.187294
2014-10-15 22,25.071123,0.7830034,159.55284,41.245514
2014-10-15 23,23.29303,0.8132655,122.91643,69.51219
2014-10-16 00,25.357838,1.7376195,109.24797,46.951218
2014-10-16 01,19.381224,0.8197889,88.414635,45.42683
2014-10-16 02,18.492176,1.7376195,86.38211,40.56411
2014-10-16 03,18.492176,1.7376195,91.46341,40.600445
2014-10-16 04,18.669987,0.78903365,119.94702,40.743305
2014-10-16 05,21.159317,1.7376195,85.36585,36.585365
2014-10-16 06,25.21565,1.7376195,84.85773,38.719513
2014-10-16 07,30.583214,0.8122223,99.5935,39.540432
2014-10-16 08,29.871977,1.7376195,97.05285,41.463413
2014-10-16 09,30.583214,0.8017638,99.5935,39.634148
2014-10-16 10,25.52038,1.7376195,100.10162,39.939026
2014-10-16 11,26.137981,0.8058936,99.085365,40.11474
2014-10-16 12,26.671406,1.7376195,112.80488,40.523582
2014-10-16 13,26.671406,0.8290024,88.92276,53.658535
2014-10-16 14,26.849218,1.520417,123.77009,49.085365
2014-10-16 15,25.485203,1.520417,103.150406,48.780487
2014-10-16 16,25.071123,1.7376195,118.90244,50.609756
2014-10-16 17,25.221418,0.7924235,121.99677,40.56293
2014-10-16 18,27.382647,0.8209295,145.32521,64.63415
2014-10-16 19,25.317,0.79118,210.36586,83.53658
2014-10-16 20,29.16074,0.78190714,209.85773,41.7402
2014-10-16 21,28.80512,0.8193109,169.71545,74.39024
2014-10-16 22,25.071123,0.7855996,159.55284,41.313953
2014-10-16 23,23.470839,0.7904489,137.19513,40.650703
2014-10-17 00,22.048365,0.8161857,120.93496,53.048782
2014-10-17 01,25.288622,1.7376195,92.98781,40.285557
2014-10-17 02,25.57173,1.7376195,94.00407,41.158535
2014-10-17 03,18.492176,1.7376195,90.955284,37.80488
2014-10-17 04,18.669987,0.802715,84.85773,36.280487
2014-10-17 05,25.294895,1.7376195,90.955284,41.08861
2014-10-17 06,22.403982,1.7376195,83.84146,37.80488
2014-10-17 07,25.498035,1.7376195,98.06911,45.121952
2014-10-17 08,29.694168,0.8179025,109.24797,40.168606
2014-10-17 09,25.320541,0.86880976,101.11789,39.994595
2014-10-17 10,27.204834,0.8158042,98.06911,40.139874
2014-10-17 11,25.231258,1.3032146,99.5935,42.682926
2014-10-17 12,26.671406,0.80982476,102.64227,42.07317
2014-10-17 13,26.31579,0.8190253,90.955284,41.158535
2014-10-17 14,26.31579,0.814465,94.00407,41.158535
2014-10-17 15,25.248934,0.8321592,79.268295,48.17073
2014-10-17 16,25.782362,1.7376195,109.756096,40.986374
2014-10-17 17,25.334358,1.520417,107.21545,47.256096
2014-10-17 18,26.671406,0.8149172,138.21138,60.060974
2014-10-17 19,28.093882,1.7376195,189.02438,41.110046
2014-10-17 20,29.338549,2.8236315,194.1057,67.98781
2014-10-17 21,25.330368,1.7376195,161.58537,62.80488
2014-10-17 22,24.182077,1.7376195,144.81708,41.029182
2014-10-17 23,22.759602,0.80704856,144.30894,40.39038
2014-10-18 00,25.538363,1.7376195,126.52439,51.219513
2014-10-18 01,19.559032,1.7376195,109.756096,40.367683
2014-10-18 02,18.847795,1.7376195,120.2564,41.463413
2014-10-18 03,18.669987,1.7376195,91.46341,35.365852
2014-10-18 04,18.492176,1.7376195,121.0238,36.280487
2014-10-18 05,20.44808,2.1720243,120.21758,34.756096
2014-10-18 06,20.44808,1.7376195,120.6459,35.67073
2014-10-18 07,22.403982,1.7376195,120.372086,33.536587
2014-10-18 08,25.071123,2.1720243,94.00407,30.182926
2014-10-18 09,29.516361,0.7988176,122.268036,39.32927
2014-10-18 10,30.583214,1.9548218,136.687,39.939026
2014-10-18 11,29.871977,0.7910271,149.89838,41.13002
2014-10-18 12,30.405405,1.7376195,124.20558,40.941856
2014-10-18 13,31.294453,1.7376195,150.40652,39.634148
2014-10-18 14,31.294453,1.7376195,123.24347,47.865852
2014-10-18 15,29.338549,1.7376195,138.21138,48.780487
2014-10-18 16,25.396545,1.7376195,133.63821,40.477074
2014-10-18 17,26.137981,1.9548218,118.39431,42.378048
2014-10-18 18,25.463179,1.7376195,151.42276,43.59756
2014-10-18 19,29.694168,1.7376195,200.20325,41.240997
2014-10-18 20,28.271692,1.7376195,172.76422,41.74916
2014-10-18 21,25.782362,1.7376195,121.18959,40.472256
2014-10-18 22,24.893314,1.7376195,152.94717,65.85366
2014-10-18 23,25.56932,1.7376195,144.81708,57.621952
2014-10-19 00,22.93741,0.8158116,118.90244,40.648678
2014-10-19 01,20.27027,0.0,100.60976,46.036587
2014-10-19 02,19.559032,0.0,132.66075,41.339317
2014-10-19 03,19.203413,1.520417,87.39838,41.007668
2014-10-19 04,25.449697,1.520417,122.468994,41.174553
2014-10-19 05,20.44808,1.7376195,122.30512,41.174816
2014-10-19 06,20.27027,0.81608653,83.84146,40.24245
2014-10-19 07,21.337126,1.7376195,81.808945,33.536587
2014-10-19 08,25.248934,0.8062324,91.46341,40.478035
2014-10-19 09,30.583214,1.7376195,96.544716,40.834957
2014-10-19 10,25.459896,1.7376195,137.19513,35.97561
2014-10-19 11,25.50059,0.771755,118.80985,36.585365
2014-10-19 12,32.1835,1.7376195,124.03248,39.634148
2014-10-19 13,32.00569,1.7376195,121.95489,36.585365
2014-10-19 14,25.37559,0.76581466,119.862686,31.09756
2014-10-19 15,29.694168,0.8033821,92.98781,27.439024
2014-10-19 16,25.155876,1.7376195,87.39838,40.63673
2014-10-19 17,26.493599,1.7376195,121.24554,31.09756
2014-10-19 18,25.579603,1.7376195,113.31301,31.09756
2014-10-19 19,31.116644,1.9548218,155.48782,41.490665
2014-10-19 20,30.049786,1.7376195,164.12602,55.182926
2014-10-19 21,25.15296,1.7376195,124.56388,57.317074
2014-10-19 22,25.389389,1.7376195,124.45733,53.048782
2014-10-19 23,24.182077,0.80133045,114.32927,49.390244
2014-10-20 00,22.048365,1.7376195,105.691055,37.5
2014-10-20 01,25.414211,0.78659236,119.995125,41.46705
2014-10-20 02,18.847795,0.76674885,120.70199,33.23171
2014-10-20 03,25.346254,1.520417,87.39838,40.68721
2014-10-20 04,25.090294,0.7872567,81.808945,32.012196
2014-10-20 05,25.24712,1.7376195,122.36747,41.639565
2014-10-20 06,23.470839,0.7829077,119.85567,33.23171
2014-10-20 07,25.22263,0.78857625,120.5525,39.939026
2014-10-20 08,31.472261,0.7753888,120.171844,34.146343
2014-10-20 09,29.871977,1.7376195,90.955284,39.7585
2014-10-20 10,25.385147,1.7376195,88.92276,40.520935
2014-10-20 11,25.01908,0.81392235,87.9065,42.378048
2014-10-20 12,25.217537,1.3032146,103.150406,50.30488
2014-10-20 13,27.738264,1.520417,121.5668,41.23616
2014-10-20 14,25.317959,1.3032146,89.939026,38.414635
2014-10-20 15,26.137981,1.520417,94.00407,40.548782
2014-10-20 16,25.96017,0.81115305,90.44715,40.548782
2014-10-20 17,27.560457,1.7376195,87.39838,50.609756
2014-10-20 18,29.516361,2.1720243,112.80488,60.060974
2014-10-20 19,25.29833,1.7376195,179.36992,41.388054
2014-10-20 20,25.36439,1.7376195,124.0612,69.51219
2014-10-20 21,25.258015,0.80793834,169.20732,68.597565
2014-10-20 22,25.782362,1.7376195,150.91463,70.12195
2014-10-20 23,23.826458,0.80962616,122.068794,61.280487
2014-10-21 00,22.759602,1.7376195,113.82114,40.318527
2014-10-21 01,19.559032,1.7376195,86.38211,39.634148
2014-10-21 02,18.847795,1.7376195,89.43089,35.67073
2014-10-21 03,25.473118,0.7893862,88.92276,33.841465
2014-10-21 04,18.847795,1.7376195,119.44918,32.012196
2014-10-21 05,25.277239,1.7376195,121.5977,32.012196
2014-10-21 06,24.182077,0.80965,85.873985,34.756096
2014-10-21 07,31.650072,0.8202005,95.52846,43.90244
2014-10-21 08,29.871977,1.7376195,108.231705,40.760544
2014-10-21 09,28.80512,1.7376195,98.57723,28.04878
2014-10-21 10,27.916075,1.520417,108.73984,29.573172
2014-10-21 11,27.382647,1.520417,85.36585,28.353659
2014-10-21 12,27.560457,0.780245,121.998314,35.060974
2014-10-21 13,27.916075,0.7904224,89.939026,28.963415
2014-10-21 14,27.738264,0.7900873,94.51219,32.92683
2014-10-21 15,26.137981,1.7376195,80.284546,38.719513
2014-10-21 16,26.493599,0.81823134,93.49593,39.32927
2014-10-21 17,27.027029,1.7376195,92.479675,52.439026
2014-10-21 18,30.049786,2.1720243,123.11172,40.585278
2014-10-21 19,31.472261,1.7376195,191.56505,71.95122
2014-10-21 20,25.117655,0.79705393,204.77643,76.82927
2014-10-21 21,28.80512,1.7376195,127.771675,73.47561
2014-10-21 22,26.493599,1.7376195,151.9309,64.63415
2014-10-21 23,25.322233,1.7376195,123.47561,59.451218
2014-10-22 00,25.27546,1.7376195,115.85366,39.634148
2014-10-22 01,25.489193,1.7376195,97.05285,35.97561
2014-10-22 02,19.381224,1.520417,122.765465,41.098732
2014-10-22 03,18.847795,0.77618265,118.12884,32.012196
2014-10-22 04,19.203413,0.80930257,80.79269,31.707317
2014-10-22 05,20.981508,1.7376195,88.414635,33.841465
2014-10-22 06,24.359886,1.7376195,122.2003,40.832363
2014-10-22 07,32.1835,1.7376195,103.150406,40.049168
2014-10-22 08,32.36131,0.7992221,98.06911,29.878048
2014-10-22 09,29.338549,1.7376195,121.88517,40.795086
2014-10-22 10,25.34665,0.7944479,79.268295,29.878048
2014-10-22 11,25.267105,1.520417,86.38211,38.414635
2014-10-22 12,25.344751,1.520417,120.899864,41.254456
2014-10-22 13,28.80512,1.7376195,82.825195,30.792683
2014-10-22 14,28.982933,1.520417,80.79269,31.707317
2014-10-22 15,25.408764,1.520417,81.30081,40.571945
2014-10-22 16,29.516361,1.7376195,124.04443,51.82927
2014-10-22 17,27.204834,0.82297754,88.92276,40.00039
2014-10-22 18,29.516361,2.606429,103.65854,60.365852
2014-10-22 19,31.650072,0.7899913,173.78049,40.48454
2014-10-22 20,30.583214,1.7376195,199.69513,41.533405
2014-10-22 21,29.871977,1.7376195,161.07724,70.42683
2014-10-22 22,25.244305,1.7376195,155.99594,69.20731
2014-10-22 23,25.071123,1.7376195,136.687,53.048782
2014-10-23 00,23.826458,1.7376195,122.12441,41.11736
2014-10-23 01,25.446367,1.7376195,99.085365,38.109756
2014-10-23 02,19.203413,1.7376195,121.45494,34.756096
2014-10-23 03,18.847795,1.7376195,83.84146,31.707317
2014-10-23 04,19.203413,1.7376195,81.808945,32.012196
2014-10-23 05,22.226173,1.7376195,81.30081,32.92683
2014-10-23 06,25.163502,1.7376195,87.9065,33.23171
2014-10-23 07,33.605976,1.7376195,104.6748,44.207317
2014-10-23 08,32.894737,1.7376195,124.075806,41.239136
2014-10-23 09,25.086113,1.9548218,97.560974,41.2183
2014-10-23 10,28.80512,0.8155388,97.560974,40.151592
2014-10-23 11,27.916075,0.7985993,92.479675,29.573172
2014-10-23 12,28.449503,0.795323,96.03658,31.707317
2014-10-23 13,25.273308,1.7376195,92.479675,41.002293
2014-10-23 14,26.671406,0.8055662,82.31707,33.536587
2014-10-23 15,25.96017,1.520417,122.90079,42.07317
2014-10-23 16,27.027029,0.80679727,120.562996,40.15903
2014-10-23 17,28.271692,0.7953911,122.92434,40.951588
2014-10-23 18,30.761024,0.78519017,123.39539,50.609756
2014-10-23 19,30.761024,1.7376195,125.46991,62.19512
2014-10-23 20,30.583214,0.776371,193.08943,41.678577
2014-10-23 21,28.62731,1.7376195,171.74797,67.37805
2014-10-23 22,27.382647,1.7376195,147.35773,63.719513
2014-10-23 23,24.715506,1.7376195,124.9886,58.23171
2014-10-24 00,24.537695,1.7376195,112.296745,40.92625
2014-10-24 01,25.221262,1.7376195,120.514854,41.28443
2014-10-24 02,19.025604,1.7376195,90.955284,34.146343
2014-10-24 03,19.025604,0.79301006,84.85773,31.40244
2014-10-24 04,19.203413,1.7376195,81.808945,29.268293
2014-10-24 05,24.98284,0.79897153,81.30081,40.303127
2014-10-24 06,24.715506,1.7376195,91.97154,32.317074
2014-10-24 07,33.605976,1.7376195,103.150406,43.90244
2014-10-24 08,33.783783,1.7376195,124.15929,40.428417
2014-10-24 09,30.761024,0.86880976,92.98781,28.658537
2014-10-24 10,29.871977,1.3032146,87.9065,40.279102
2014-10-24 11,30.227596,1.3032146,123.02626,32.012196
2014-10-24 12,25.527632,1.3032146,93.49593,39.02439
2014-10-24 13,28.093882,0.80460525,88.414635,35.365852
2014-10-24 14,25.782362,1.7376195,80.79269,37.19512
2014-10-24 15,24.893314,0.8127138,79.77642,34.451218
2014-10-24 16,25.248934,0.8078402,94.00407,39.894943
2014-10-24 17,25.248934,1.520417,121.920586,47.256096
2014-10-24 18,27.916075,2.1720243,126.293015,53.658535
2014-10-24 19,28.271692,0.8056929,172.2561,66.768295
2014-10-24 20,27.382647,2.8236315,177.3374,63.109756
2014-10-24 21,26.493599,1.7376195,169.71545,64.939026
2014-10-24 22,25.098421,1.7376195,154.47154,62.5
2014-10-24 23,22.403982,0.79291886,136.687,40.69629
2014-10-25 00,22.581793,0.7978584,131.6057,47.865852
2014-10-25 01,19.203413,1.7376195,105.691055,35.365852
2014-10-25 02,17.42532,0.7995046,89.939026,36.280487
2014-10-25 03,25.529497,1.7376195,88.92276,34.451218
2014-10-25 04,25.097694,0.7999205,85.36585,32.317074
2014-10-25 05,19.736841,2.1720243,80.79269,35.060974
2014-10-25 06,21.514936,1.7376195,74.69512,32.92683
2014-10-25 07,23.11522,1.7376195,123.59831,40.884464
2014-10-25 08,25.527014,2.1720243,122.891884,35.060974
2014-10-25 09,30.761024,3.040834,114.32927,40.69714
2014-10-25 10,31.472261,1.9548218,121.95122,34.146343
2014-10-25 11,25.453852,0.8008309,127.032524,37.5
2014-10-25 12,25.263412,1.7376195,119.9187,34.756096
2014-10-25 13,29.338549,1.7376195,123.93436,41.060966
2014-10-25 14,27.204834,1.7376195,105.691055,40.243904
2014-10-25 15,26.671406,0.8114828,114.32927,47.256096
2014-10-25 16,27.204834,0.8179449,117.88618,39.861874
2014-10-25 17,25.570152,1.9548218,112.296745,43.90244
2014-10-25 18,29.694168,1.7376195,124.49187,51.52439
2014-10-25 19,27.560457,1.7376195,175.30487,64.63415
2014-10-25 20,26.137981,0.7970766,184.95935,71.95122
2014-10-25 21,25.782362,1.7376195,142.27643,40.912853
2014-10-25 22,25.095419,1.7376195,129.57317,55.487804
2014-10-25 23,25.15058,1.7376195,133.13008,56.707317
2014-10-26 00,22.403982,1.7376195,133.63821,56.09756
2014-10-26 01,25.45464,0.0,227.13414,42.057713
2014-10-26 02,16.891891,0.0,102.13415,34.756096
2014-10-26 03,16.891891,0.8005109,91.46341,32.317074
2014-10-26 04,18.314367,1.520417,121.05564,34.146343
2014-10-26 05,20.09246,0.81319654,75.71138,39.53689
2014-10-26 06,25.021502,1.7376195,75.20326,40.325603
2014-10-26 07,25.266523,0.775157,121.18984,40.429455
2014-10-26 08,30.049786,1.7376195,106.19919,26.829268
2014-10-26 09,25.220303,0.7933395,136.17886,30.182926
2014-10-26 10,30.049786,1.7376195,146.34146,40.466324
2014-10-26 11,30.761024,1.7376195,121.62203,33.23171
2014-10-26 12,29.871977,1.7376195,124.32163,44.207317
2014-10-26 13,28.093882,1.7376195,124.08886,38.719513
2014-10-26 14,28.271692,0.8015502,97.560974,40.35877
2014-10-26 15,25.431988,1.520417,122.61082,37.19512
2014-10-26 16,25.20629,0.7796225,120.78709,36.280487
2014-10-26 17,25.585001,1.7376195,122.67687,43.292683
2014-10-26 18,25.29893,1.7376195,124.546005,60.365852
2014-10-26 19,27.027029,1.9548218,159.04471,40.932816
2014-10-26 20,25.085638,0.78093445,159.55284,41.16027
2014-10-26 21,26.671406,1.7376195,147.35773,59.756096
2014-10-26 22,25.379988,1.7376195,138.21138,51.82927
2014-10-26 23,25.102657,1.7376195,123.98374,40.835354
2014-10-27 00,20.981508,0.8154719,105.18293,40.460167
2014-10-27 01,25.530054,1.7376195,88.414635,32.621952
2014-10-27 02,25.433935,1.7376195,121.22412,32.012196
2014-10-27 03,17.069702,1.520417,119.01147,32.012196
2014-10-27 04,18.136559,0.7866375,120.421295,40.527122
2014-10-27 05,25.523813,1.7376195,78.76016,32.621952
2014-10-27 06,24.359886,1.7376195,71.64634,40.056683
2014-10-27 07,34.139404,1.7376195,93.49593,40.25982
2014-10-27 08,25.522177,1.7376195,102.64227,35.67073
2014-10-27 09,27.382647,1.7376195,120.03991,27.439024
2014-10-27 10,25.322279,1.7376195,84.85773,30.487804
2014-10-27 11,26.137981,0.7766508,120.403114,32.012196
2014-10-27 12,25.782362,1.3032146,83.333336,38.414635
2014-10-27 13,25.071123,1.520417,121.61195,34.756096
2014-10-27 14,25.336843,1.3032146,85.873985,40.678333
2014-10-27 15,22.759602,0.8075529,82.825195,43.59756
2014-10-27 16,25.126688,0.8087278,81.808945,44.512196
2014-10-27 17,24.182077,1.7376195,88.414635,52.743904
2014-10-27 18,26.137981,2.1720243,176.32114,42.10877
2014-10-27 19,28.80512,1.7376195,196.64635,75.914635
2014-10-27 20,25.306265,1.7376195,124.19399,71.03658
2014-10-27 21,27.027029,1.7376195,126.74712,71.95122
2014-10-27 22,25.146759,1.7376195,142.27643,65.243904
2014-10-27 23,22.759602,1.7376195,133.13008,56.09756
2014-10-28 00,25.272806,1.7376195,104.166664,40.548782
2014-10-28 01,17.42532,0.8026837,94.00407,39.634148
2014-10-28 02,25.14012,0.78580034,121.15016,36.585365
2014-10-28 03,16.714083,0.8121917,81.808945,40.70024
2014-10-28 04,19.381224,1.7376195,75.20326,40.40356
2014-10-28 05,20.803698,1.7376195,82.31707,35.060974
2014-10-28 06,23.29303,0.7738033,119.72162,34.451218
2014-10-28 07,25.487598,0.8105134,86.89024,38.109756
2014-10-28 08,25.17558,1.7376195,94.00407,34.451218
2014-10-28 09,26.849218,0.7935523,87.9065,28.353659
2014-10-28 10,24.004267,1.520417,73.67886,27.439024
2014-10-28 11,25.96017,1.520417,81.30081,28.963415
2014-10-28 12,23.826458,1.3032146,119.89839,29.268293
2014-10-28 13,25.344078,0.78567344,121.07113,33.23171
2014-10-28 14,25.071123,1.7376195,121.01731,32.621952
2014-10-28 15,25.15654,1.7376195,72.662605,40.88424
2014-10-28 16,24.004267,1.7376195,79.268295,40.243904
2014-10-28 17,24.537695,1.7376195,88.92276,45.42683
2014-10-28 18,26.31579,2.1720243,126.38129,73.78049
2014-10-28 19,25.124329,1.7376195,191.56505,86.585365
2014-10-28 20,25.61203,1.7376195,182.92682,41.86522
2014-10-28 21,25.604553,1.7376195,159.55284,66.15854
2014-10-28 22,23.648647,1.7376195,125.40926,59.756096
2014-10-28 23,25.102777,1.7376195,124.49187,55.182926
2014-10-29 00,25.354362,0.77609855,119.78435,39.32927
2014-10-29 01,25.420183,1.7376195,100.60976,35.365852
2014-10-29 02,16.891891,0.7946588,89.43089,35.365852
2014-10-29 03,16.891891,1.7376195,79.77642,32.012196
2014-10-29 04,25.324825,1.7376195,120.805084,30.487804
2014-10-29 05,25.508049,0.7763457,118.63029,30.792683
2014-10-29 06,25.305658,1.7376195,76.21951,32.012196
2014-10-29 07,33.250355,1.7376195,94.51219,40.496346
2014-10-29 08,25.417465,0.7896158,120.860695,41.309193
2014-10-29 09,27.560457,1.7376195,121.85347,25.914635
2014-10-29 10,27.027029,0.80038756,85.873985,28.04878
2014-10-29 11,25.050865,0.81210864,76.21951,39.829586
2014-10-29 12,26.493599,1.520417,76.21951,25.304878
2014-10-29 13,25.604553,1.7376195,78.25203,39.958527
2014-10-29 14,24.893314,0.79841805,121.44537,40.39761
2014-10-29 15,25.35493,1.520417,119.51307,25.914635
2014-10-29 16,24.893314,1.7376195,121.73459,39.02439
2014-10-29 17,25.96017,2.1720243,90.955284,40.90784
2014-10-29 18,29.16074,0.831437,149.39024,75.0
2014-10-29 19,27.560457,0.816258,197.15446,75.914635
2014-10-29 20,25.347326,1.7376195,178.86179,54.57317
2014-10-29 21,27.027029,0.79866433,171.74797,41.187096
2014-10-29 22,24.182077,1.7376195,125.25461,56.707317
2014-10-29 23,25.362858,0.7917966,122.34736,51.82927
2014-10-30 00,21.159317,1.7376195,115.34553,40.75697
2014-10-30 01,25.36633,1.7376195,95.52846,40.935867
2014-10-30 02,25.435905,0.8033157,94.51219,36.280487
2014-10-30 03,17.60313,0.8058877,83.84146,34.451218
2014-10-30 04,20.44808,0.78432196,120.76193,32.317074
2014-10-30 05,21.692745,0.78947985,82.31707,33.23171
2014-10-30 06,24.537695,1.7376195,74.18699,35.060974
2014-10-30 07,25.575005,1.7376195,96.544716,34.756096
2014-10-30 08,29.871977,1.7376195,103.150406,32.92683
2014-10-30 09,26.671406,1.9548218,89.939026,28.658537
2014-10-30 10,27.204834,1.7376195,121.07624,28.04878
2014-10-30 11,25.529634,0.79438424,97.05285,27.134146
2014-10-30 12,25.559633,1.7376195,103.150406,28.353659
2014-10-30 13,27.560457,1.7376195,119.69292,24.390244
2014-10-30 14,26.849218,0.80427,72.662605,24.085365
2014-10-30 15,23.648647,0.7743323,119.363464,33.23171
2014-10-30 16,25.595152,1.7376195,121.379295,36.280487
2014-10-30 17,26.671406,1.7376195,122.49451,50.609756
2014-10-30 18,25.226755,1.520417,163.10974,79.268295
2014-10-30 19,29.871977,1.7376195,129.4298,84.45122
2014-10-30 20,28.093882,1.9548218,125.89769,56.707317
2014-10-30 21,27.204834,1.7376195,170.7317,41.766415
2014-10-30 22,23.826458,1.7376195,123.407684,40.947323
2014-10-30 23,23.470839,1.7376195,129.57317,48.780487
2014-10-31 00,20.625889,1.7376195,112.296745,41.062317
2014-10-31 01,18.492176,1.7376195,97.05285,40.461823
2014-10-31 02,25.000387,0.8041898,88.92276,39.943886
2014-10-31 03,17.42532,1.7376195,80.284546,34.451218
2014-10-31 04,19.203413,0.80035233,80.79269,32.317074
2014-10-31 05,20.27027,1.7376195,75.20326,35.97561
2014-10-31 06,24.182077,0.7901402,79.268295,33.23171
2014-10-31 07,25.23294,1.7376195,85.873985,32.317074
2014-10-31 08,25.06796,0.79501885,86.89024,32.621952
2014-10-31 09,26.849218,0.86880976,120.53249,32.012196
2014-10-31 10,27.027029,1.3032146,120.36089,32.317074
2014-10-31 11,26.849218,1.3032146,97.560974,40.265312
2014-10-31 12,26.31579,1.3032146,110.772354,22.256098
2014-10-31 13,26.493599,1.7376195,90.44715,25.304878
2014-10-31 14,25.248934,1.7376195,121.66876,30.182926
2014-10-31 15,24.715506,0.80561346,88.414635,33.841465
2014-10-31 16,25.248934,1.7376195,121.46447,41.095722
2014-10-31 17,25.426743,0.8048825,100.10162,39.77162
2014-10-31 18,25.534082,2.1720243,162.09349,62.5
2014-10-31 19,27.027029,0.7728811,191.05692,40.985615
2014-10-31 20,27.560457,2.8236315,172.2561,41.21592
2014-10-31 21,25.565725,1.7376195,124.54303,51.82927
2014-10-31 22,25.405994,0.7884425,140.2439,52.439026
2014-10-31 23,22.93741,1.7376195,124.49187,41.04853
2014-11-01 00,20.44808,1.7376195,116.36179,40.548782
2014-11-01 01,18.669987,1.7376195,121.57879,39.634148
2014-11-01 02,17.60313,1.7376195,90.955284,34.146343
2014-11-01 03,25.556393,1.7376195,85.36585,31.707317
2014-11-01 04,18.669987,1.7376195,77.23577,29.878048
2014-11-01 05,19.914652,0.7920273,75.20326,29.878048
2014-11-01 06,25.676859,1.7376195,121.38606,29.878048
2014-11-01 07,21.514936,1.7376195,73.67886,25.0
2014-11-01 08,25.248934,2.1720243,83.333336,30.487804
2014-11-01 09,25.317244,3.040834,109.24797,37.80488
2014-11-01 10,27.382647,1.9548218,132.11382,40.616013
2014-11-01 11,25.421848,1.7376195,110.26423,41.26146
2014-11-01 12,28.093882,1.7376195,122.593285,32.92683
2014-11-01 13,26.849218,0.803972,108.73984,29.878048
2014-11-01 14,27.560457,1.7376195,122.17034,35.365852
2014-11-01 15,25.425499,0.7653999,119.795395,33.536587
2014-11-01 16,24.359886,0.7989092,103.65854,40.744217
2014-11-01 17,24.182077,0.7840466,117.88618,39.02439
2014-11-01 18,25.782362,0.79656243,173.78049,56.40244
2014-11-01 19,25.426743,1.7376195,124.629814,62.5
2014-11-01 20,26.493599,1.7376195,172.2561,61.280487
2014-11-01 21,23.470839,0.7919411,150.91463,58.23171
2014-11-01 22,22.759602,1.7376195,123.281334,56.09756
2014-11-01 23,25.40098,1.7376195,122.82925,57.621952
2014-11-02 00,25.5635,1.7376195,116.86992,47.560974
2014-11-02 01,25.933937,0.0,96.03658,42.987804
2014-11-02 02,26.21659,0.0,86.89024,33.23171
2014-11-02 03,25.498352,1.520417,80.284546,31.40244
2014-11-02 04,18.847795,1.520417,121.30834,41.453117
2014-11-02 05,19.203413,0.78355527,120.43342,41.411724
2014-11-02 06,19.914652,1.7376195,120.24682,32.317074
2014-11-02 07,20.981508,1.7376195,122.21037,41.046284
2014-11-02 08,24.359886,1.7376195,122.85584,40.53654
2014-11-02 09,25.164173,1.7376195,100.10162,29.878048
2014-11-02 10,29.694168,1.7376195,116.36179,34.451218
2014-11-02 11,29.516361,1.7376195,145.32521,40.853657
2014-11-02 12,30.227596,1.7376195,152.43903,41.283707
2014-11-02 13,28.093882,1.7376195,117.37805,48.780487
2014-11-02 14,26.137981,0.7802751,121.40122,42.682926
2014-11-02 15,25.389782,1.520417,95.52846,36.585365
2014-11-02 16,25.523397,0.7720491,121.195114,33.23171
2014-11-02 17,25.491936,0.7923665,103.150406,39.02439
2014-11-02 18,25.315989,1.7376195,124.28395,60.365852
2014-11-02 19,28.982933,0.8003452,163.61789,67.98781
2014-11-02 20,25.421354,0.7946047,174.79675,65.85366
2014-11-02 21,25.96017,1.7376195,124.23427,62.5
2014-11-02 22,23.11522,1.7376195,151.42276,57.621952
2014-11-02 23,22.403982,1.7376195,121.95527,41.43484
2014-11-03 00,20.09246,1.7376195,122.51554,41.56239
2014-11-03 01,18.314367,1.7376195,121.42924,38.414635
2014-11-03 02,16.714083,1.7376195,121.16144,41.171204
2014-11-03 03,25.51704,1.520417,80.79269,35.365852
2014-11-03 04,25.40873,1.7376195,76.727646,39.978455
2014-11-03 05,25.41279,0.8186092,70.12195,40.75075
2014-11-03 06,25.303207,1.7376195,74.18699,35.365852
2014-11-03 07,30.049786,1.7376195,123.6472,41.06775
2014-11-03 08,28.093882,1.7376195,95.52846,40.460304
2014-11-03 09,25.571562,1.7376195,103.150406,34.451218
2014-11-03 10,25.143946,1.7376195,105.18293,49.390244
2014-11-03 11,25.96017,0.813525,110.772354,54.57317
2014-11-03 12,24.715506,0.8157587,99.5935,59.146343
2014-11-03 13,25.31245,1.520417,101.626015,54.26829
2014-11-03 14,23.470839,1.3032146,103.65854,55.487804
2014-11-03 15,22.226173,1.520417,95.52846,69.20731
2014-11-03 16,25.273357,0.7972405,93.49593,39.807533
2014-11-03 17,25.061478,1.7376195,125.55598,80.18293
2014-11-03 18,25.48599,2.1720243,170.22357,41.82557
2014-11-03 19,25.285015,1.7376195,126.61533,94.51219
2014-11-03 20,29.516361,0.7927123,192.5813,40.795757
2014-11-03 21,25.604553,1.7376195,163.61789,40.80521
2014-11-03 22,22.403982,1.7376195,124.31336,71.95122
2014-11-03 23,20.981508,1.7376195,117.37805,67.98781
2014-11-04 00,25.109806,1.7376195,110.26423,50.609756
2014-11-04 01,17.24751,1.7376195,97.560974,48.17073
2014-11-04 02,16.714083,1.7376195,120.83239,45.73171
2014-11-04 03,16.536274,1.7376195,78.76016,40.682198
2014-11-04 04,17.958748,1.7376195,77.74391,45.121952
2014-11-04 05,25.315395,1.7376195,76.21951,43.90244
2014-11-04 06,21.692745,1.7376195,72.662605,39.911682
2014-11-04 07,29.694168,1.7376195,92.479675,44.207317
2014-11-04 08,28.62731,0.8248118,94.00407,49.69512
2014-11-04 09,26.493599,1.7376195,123.229935,39.32927
2014-11-04 10,26.31579,1.520417,94.51219,51.82927
2014-11-04 11,24.182077,0.80082726,99.5935,49.69512
2014-11-04 12,24.182077,1.3032146,101.626015,54.26829
2014-11-04 13,25.367134,1.7376195,92.479675,48.780487
2014-11-04 14,23.29303,1.7376195,122.51298,46.646343
2014-11-04 15,23.470839,1.7376195,77.74391,49.390244
2014-11-04 16,22.226173,0.8214436,88.414635,50.609756
2014-11-04 17,23.29303,0.8094398,100.10162,55.182926
2014-11-04 18,25.071123,2.1720243,128.95358,88.71951
2014-11-04 19,28.80512,1.7376195,213.41463,96.64634
2014-11-04 20,28.982933,1.7376195,196.13821,76.52439
2014-11-04 21,25.426743,1.7376195,125.20992,72.86585
2014-11-04 22,25.263912,1.7376195,160.56909,71.03658
2014-11-04 23,21.514936,1.7376195,133.13008,63.414635
2014-11-05 00,19.559032,0.81132394,124.49187,48.47561
2014-11-05 01,17.60313,1.7376195,97.560974,49.390244
2014-11-05 02,16.714083,0.80696666,85.873985,45.73171
2014-11-05 03,25.412937,0.80984724,82.31707,39.32927
2014-11-05 04,25.462538,1.7376195,121.13264,43.292683
2014-11-05 05,18.492176,1.7376195,120.6342,45.73171
2014-11-05 06,25.461508,0.8302694,73.67886,47.865852
2014-11-05 07,25.356714,1.7376195,122.11304,42.987804
2014-11-05 08,27.027029,1.7376195,123.098236,45.121952
2014-11-05 09,26.849218,1.7376195,122.71011,41.483723
2014-11-05 10,25.437382,0.7780434,120.87696,41.374634
2014-11-05 11,25.604553,0.8020749,90.955284,40.000904
2014-11-05 12,24.537695,1.520417,95.52846,54.878048
2014-11-05 13,24.537695,0.79202217,120.004395,40.73584
2014-11-05 14,24.004267,0.8204492,80.79269,44.512196
2014-11-05 15,23.29303,1.520417,85.873985,42.682926
2014-11-05 16,25.4311,1.7376195,122.055466,52.743904
2014-11-05 17,25.298012,0.81782633,104.6748,63.719513
2014-11-05 18,25.782362,2.606429,182.4187,82.62195
2014-11-05 19,27.916075,0.8131861,232.21545,87.80488
2014-11-05 20,25.296669,1.7376195,220.02032,82.92683
2014-11-05 21,25.248537,0.80232483,124.55682,74.69512
2014-11-05 22,23.29303,0.7907176,159.04471,41.35871
2014-11-05 23,21.159317,0.821599,130.58943,75.0
2014-11-06 00,19.203413,1.7376195,115.34553,61.585365
2014-11-06 01,25.188717,1.7376195,95.020325,53.658535
2014-11-06 02,16.714083,1.7376195,88.414635,51.52439
2014-11-06 03,16.536274,1.7376195,82.825195,40.937187
2014-11-06 04,17.78094,0.79819584,85.873985,51.219513
2014-11-06 05,18.669987,0.7956758,119.73819,40.613533
2014-11-06 06,25.278406,0.7865052,121.64052,55.792683
2014-11-06 07,30.049786,1.7376195,86.89024,55.792683
2014-11-06 08,27.382647,0.8115838,92.98781,57.621952
2014-11-06 09,26.671406,1.9548218,100.10162,51.52439
2014-11-06 10,24.182077,1.7376195,123.00364,55.487804
2014-11-06 11,23.470839,0.8284871,106.19919,58.23171
2014-11-06 12,25.395628,0.80953777,114.32927,51.219513
2014-11-06 13,25.327612,0.8159888,92.98781,44.207317
2014-11-06 14,25.488922,1.520417,86.89024,45.73171
2014-11-06 15,22.226173,1.520417,92.479675,39.997063
2014-11-06 16,22.403982,0.8155713,99.5935,53.963413
2014-11-06 17,22.403982,1.7376195,129.57317,61.280487
2014-11-06 18,24.537695,1.520417,128.10074,89.63415
2014-11-06 19,27.027029,1.7376195,122.12053,41.524868
2014-11-06 20,27.382647,1.9548218,126.548546,85.36585
2014-11-06 21,25.782362,1.7376195,211.38211,85.060974
2014-11-06 22,22.403982,1.7376195,192.5813,81.70731
2014-11-06 23,25.323357,1.7376195,126.89599,77.13415
2014-11-07 00,25.467474,1.7376195,123.20398,57.317074
2014-11-07 01,17.24751,1.7376195,98.06911,40.17981
2014-11-07 02,25.572262,1.7376195,124.080696,49.085365
2014-11-07 03,16.536274,1.7376195,86.89024,40.689354
2014-11-07 04,25.300478,1.7376195,120.87897,40.667618
2014-11-07 05,17.78094,0.79660666,93.49593,45.73171
2014-11-07 06,20.981508,1.7376195,80.284546,57.317074
2014-11-07 07,25.304596,1.7376195,88.92276,51.82927
2014-11-07 08,25.064775,0.8095499,100.10162,40.220795
2014-11-07 09,26.137981,0.86880976,111.78862,46.646343
2014-11-07 10,25.604553,0.8002401,121.321304,46.341465
2014-11-07 11,24.715506,1.3032146,105.18293,41.158535
2014-11-07 12,25.545137,1.3032146,121.35538,41.43119
2014-11-07 13,25.248934,1.7376195,94.00407,35.365852
2014-11-07 14,25.414045,1.7376195,83.84146,35.67073
2014-11-07 15,23.29303,1.7376195,122.41312,41.463413
2014-11-07 16,25.462633,0.8123833,102.64227,50.609756
2014-11-07 17,24.537695,0.8107683,119.9187,62.5
2014-11-07 18,25.071123,2.1720243,127.34643,92.37805
2014-11-07 19,26.137981,1.7376195,219.51219,87.19512
2014-11-07 20,25.46011,2.8236315,199.69513,41.690144
2014-11-07 21,24.893314,1.7376195,182.4187,83.53658
2014-11-07 22,22.226173,1.7376195,124.269745,71.95122
2014-11-07 23,20.981508,1.7376195,137.19513,73.17073
2014-11-08 00,19.381224,1.7376195,124.79567,59.756096
2014-11-08 01,18.136559,1.7376195,121.91168,41.11488
2014-11-08 02,17.069702,0.79760873,122.05888,47.256096
2014-11-08 03,25.415985,1.7376195,85.873985,45.121952
2014-11-08 04,17.42532,0.81154144,82.825195,45.73171
2014-11-08 05,18.136559,2.1720243,79.268295,45.121952
2014-11-08 06,25.420479,1.7376195,78.76016,41.463413
2014-11-08 07,20.625889,1.7376195,121.06081,41.5182
2014-11-08 08,25.134903,0.81369805,100.10162,39.996464
2014-11-08 09,25.349848,3.040834,121.95122,47.865852
2014-11-08 10,25.477547,1.9548218,131.6057,53.658535
2014-11-08 11,25.220638,1.7376195,146.34146,41.239307
2014-11-08 12,28.62731,1.7376195,133.13008,56.707317
2014-11-08 13,27.916075,1.7376195,153.45529,57.012196
2014-11-08 14,25.418928,0.8115866,135.67073,53.963413
2014-11-08 15,25.604553,0.81105125,163.61789,58.841465
2014-11-08 16,23.648647,0.78570545,176.82927,53.048782
2014-11-08 17,23.470839,1.9548218,165.65039,64.32927
2014-11-08 18,25.604553,0.7903073,214.4309,41.745743
2014-11-08 19,25.426743,1.7376195,221.03659,83.53658
2014-11-08 20,25.071123,0.78024703,192.07317,41.42739
2014-11-08 21,23.648647,1.7376195,189.53252,77.439026
2014-11-08 22,21.692745,1.7376195,154.47154,41.128937
2014-11-08 23,20.803698,1.7376195,150.40652,41.328568
2014-11-09 00,19.736841,1.7376195,142.27643,40.97588
2014-11-09 01,18.314367,0.0,145.56285,54.57317
2014-11-09 02,25.643269,0.0,142.56372,45.73171
2014-11-09 03,17.069702,1.520417,88.92276,46.036587
2014-11-09 04,17.24751,1.520417,120.297615,40.243904
2014-11-09 05,25.02304,0.806391,84.85773,46.036587
2014-11-09 06,17.42532,1.7376195,72.662605,41.158535
2014-11-09 07,25.517107,0.7769389,118.71331,34.451218
2014-11-09 08,22.93741,0.79695576,88.92276,34.756096
2014-11-09 09,25.223663,0.7759904,121.43836,40.597008
2014-11-09 10,25.53631,1.7376195,141.7683,41.495052
2014-11-09 11,28.982933,1.7376195,170.7317,56.707317
2014-11-09 12,28.80512,1.7376195,177.3374,67.37805
2014-11-09 13,25.466423,1.7376195,132.62195,61.890244
2014-11-09 14,25.378366,1.7376195,118.39431,40.5011
2014-11-09 15,25.426743,1.520417,137.19513,57.621952
2014-11-09 16,23.470839,1.7376195,134.14635,64.02439
2014-11-09 17,25.424295,0.8040411,151.42276,55.792683
2014-11-09 18,25.604553,1.7376195,187.5,76.21951
2014-11-09 19,27.027029,1.9548218,192.07317,75.30488
2014-11-09 20,27.382647,1.7376195,196.13821,75.914635
2014-11-09 21,25.426743,1.7376195,191.05692,41.395504
2014-11-09 22,22.93741,1.7376195,167.17479,73.78049
2014-11-09 23,25.376482,1.7376195,137.19513,63.719513
2014-11-10 00,19.025604,1.7376195,123.11909,56.09756
2014-11-10 01,25.241362,0.81510776,99.085365,52.439026
2014-11-10 02,17.069702,1.7376195,85.36585,45.42683
2014-11-10 03,16.714083,0.7859699,119.76741,39.939026
2014-11-10 04,17.069702,0.8170916,85.873985,43.292683
2014-11-10 05,17.60313,1.7376195,120.54481,42.987804
2014-11-10 06,25.167862,0.7990797,84.85773,44.817074
2014-11-10 07,25.33209,1.7376195,121.79675,40.727585
2014-11-10 08,25.350695,1.7376195,93.49593,42.378048
2014-11-10 09,25.07375,1.7376195,97.560974,40.07105
2014-11-10 10,24.182077,0.7928452,116.86992,39.954277
2014-11-10 11,25.287863,0.7998662,105.691055,57.317074
2014-11-10 12,25.293331,1.3032146,122.30929,58.841465
2014-11-10 13,24.004267,1.520417,100.60976,40.921017
2014-11-10 14,24.004267,1.3032146,87.39838,60.365852
2014-11-10 15,25.060375,1.520417,99.085365,71.03658
2014-11-10 16,25.437016,1.7376195,104.6748,74.39024
2014-11-10 17,23.11522,1.7376195,141.7683,77.743904
2014-11-10 18,25.604553,2.1720243,208.84146,92.37805
2014-11-10 19,25.27778,0.79455316,229.67479,95.731705
2014-11-10 20,25.157406,1.7376195,240.34554,86.28049
2014-11-10 21,25.96017,1.7376195,127.98845,80.48781
2014-11-10 22,25.065609,1.7376195,175.813,84.45122
2014-11-10 23,25.389994,0.80450773,147.35773,41.10436
2014-11-11 00,19.381224,1.7376195,120.42683,53.658535
2014-11-11 01,17.958748,1.7376195,122.34748,55.182926
2014-11-11 02,17.069702,0.8117913,84.85773,53.048782
2014-11-11 03,16.891891,0.79653376,89.43089,46.341465
2014-11-11 04,17.78094,1.7376195,122.80217,46.646343
2014-11-11 05,18.492176,1.7376195,83.333336,46.036587
2014-11-11 06,20.803698,0.8030496,90.955284,48.780487
2014-11-11 07,29.338549,1.7376195,79.77642,55.792683
2014-11-11 08,27.916075,1.7376195,103.150406,40.142223
2014-11-11 09,27.204834,1.7376195,91.46341,55.182926
2014-11-11 10,25.426743,1.520417,104.6748,58.23171
2014-11-11 11,23.648647,1.520417,117.88618,40.746742
2014-11-11 12,25.208683,0.79315794,122.301285,58.536587
2014-11-11 13,24.715506,0.81051964,95.52846,58.536587
2014-11-11 14,25.410221,1.7376195,110.26423,63.414635
2014-11-11 15,23.11522,0.8328194,110.26423,67.37805
2014-11-11 16,22.759602,0.8004853,124.02023,64.32927
2014-11-11 17,23.11522,1.7376195,126.52439,79.268295
2014-11-11 18,25.149958,0.7745146,185.97562,41.26018
2014-11-11 19,25.106543,1.7376195,229.16667,107.31707
2014-11-11 20,25.497803,1.7376195,123.28762,41.660812
2014-11-11 21,26.31579,1.7376195,122.21321,41.629505
2014-11-11 22,25.192646,1.7376195,163.61789,83.84146
2014-11-11 23,20.803698,1.7376195,138.71951,77.743904
2014-11-12 00,25.316862,1.7376195,116.36179,40.978718
2014-11-12 01,17.60313,1.7376195,104.6748,41.040718
2014-11-12 02,16.714083,1.520417,89.43089,49.085365
2014-11-12 03,16.536274,1.7376195,86.89024,47.256096
2014-11-12 04,17.069702,0.7956682,83.84146,44.207317
2014-11-12 05,17.42532,1.7376195,88.92276,46.036587
2014-11-12 06,20.09246,1.7376195,85.873985,52.743904
2014-11-12 07,29.16074,1.7376195,91.97154,53.353657
2014-11-12 08,27.382647,0.8317906,97.560974,57.317074
2014-11-12 09,27.027029,1.7376195,104.6748,46.646343
2014-11-12 10,25.604553,0.8163663,103.150406,50.30488
2014-11-12 11,24.893314,1.520417,97.05285,50.0
2014-11-12 12,24.893314,1.520417,91.46341,50.914635
2014-11-12 13,24.893314,1.7376195,79.77642,40.20742
2014-11-12 14,24.715506,1.520417,90.44715,39.02439
2014-11-12 15,23.11522,1.520417,101.11789,46.036587
2014-11-12 16,22.403982,1.7376195,122.45935,65.54878
2014-11-12 17,23.470839,2.1720243,131.09756,72.86585
2014-11-12 18,25.071123,2.606429,128.90794,79.57317
2014-11-12 19,28.80512,1.7376195,128.89867,82.01219
2014-11-12 20,28.80512,0.78668374,244.9187,78.65854
2014-11-12 21,27.382647,0.8127812,184.95935,77.439026
2014-11-12 22,23.470839,1.7376195,125.48036,80.79269
2014-11-12 23,21.337126,1.7376195,144.30894,40.81716
2014-11-13 00,19.025604,1.7376195,115.85366,40.595177
2014-11-13 01,17.42532,1.7376195,122.94796,64.02439
2014-11-13 02,16.891891,1.7376195,87.39838,48.47561
2014-11-13 03,16.536274,0.79993993,90.44715,40.768833
2014-11-13 04,17.42532,1.7376195,87.9065,42.987804
2014-11-13 05,17.958748,1.7376195,88.414635,41.08041
2014-11-13 06,20.44808,0.7803638,120.97468,50.0
2014-11-13 07,25.196894,1.7376195,121.57349,47.256096
2014-11-13 08,27.027029,0.80907035,100.60976,52.134148
2014-11-13 09,25.628752,1.9548218,123.49892,46.951218
2014-11-13 10,24.893314,1.7376195,123.77538,55.487804
2014-11-13 11,25.604553,1.7376195,123.19673,53.963413
2014-11-13 12,25.001602,0.826874,93.49593,57.92683
2014-11-13 13,25.363401,1.7376195,90.44715,40.80352
2014-11-13 14,23.11522,1.520417,90.44715,40.09558
2014-11-13 15,22.226173,1.520417,95.52846,40.054115
2014-11-13 16,22.581793,0.81698966,100.60976,40.30602
2014-11-13 17,23.11522,1.7376195,135.67073,70.42683
2014-11-13 18,25.371378,1.520417,187.5,95.731705
2014-11-13 19,27.916075,1.7376195,127.00158,87.19512
2014-11-13 20,28.093882,1.9548218,245.93495,42.52363
2014-11-13 21,25.426743,0.79780173,209.85773,80.48781
2014-11-13 22,22.759602,0.79783046,121.146774,41.395264
2014-11-13 23,20.625889,0.7909605,120.84759,40.357136
2014-11-14 00,25.14619,1.7376195,122.57641,60.97561
2014-11-14 01,25.186792,1.7376195,123.63878,58.536587
2014-11-14 02,16.714083,1.7376195,92.479675,46.951218
2014-11-14 03,16.536274,0.7910857,120.48318,48.47561
2014-11-14 04,16.714083,1.7376195,121.5512,41.36493
2014-11-14 05,17.24751,1.7376195,123.47189,47.865852
2014-11-14 06,20.09246,1.7376195,93.49593,47.560974
2014-11-14 07,29.16074,1.7376195,123.05956,47.865852
2014-11-14 08,27.382647,0.8048073,112.296745,39.899475
2014-11-14 09,25.138725,0.86880976,120.9154,49.390244
2014-11-14 10,25.071123,1.3032146,123.47561,50.609756
2014-11-14 11,25.426743,1.3032146,103.65854,50.609756
2014-11-14 12,24.893314,1.3032146,90.955284,40.372135
2014-11-14 13,25.302961,1.7376195,123.16392,51.52439
2014-11-14 14,25.142427,1.7376195,97.560974,40.144627
2014-11-14 15,23.11522,1.7376195,102.13415,40.725628
2014-11-14 16,23.826458,0.80321044,114.32927,57.92683
2014-11-14 17,23.826458,1.520417,140.2439,63.719513
2014-11-14 18,25.204353,2.1720243,203.76016,79.57317
2014-11-14 19,25.426743,1.7376195,236.78862,85.97561
2014-11-14 20,25.241041,2.8236315,128.71104,81.402435
2014-11-14 21,23.470839,1.7376195,122.68169,40.679054
2014-11-14 22,22.226173,1.7376195,177.84552,41.518635
2014-11-14 23,20.981508,1.7376195,148.88211,41.674522
2014-11-15 00,19.381224,1.7376195,119.9187,62.5
2014-11-15 01,17.78094,1.7376195,122.45378,59.146343
2014-11-15 02,17.24751,1.7376195,121.77269,41.59832
2014-11-15 03,16.714083,0.7824109,120.282036,40.70501
2014-11-15 04,17.069702,1.7376195,121.10811,44.512196
2014-11-15 05,17.24751,2.1720243,84.349594,39.939026
2014-11-15 06,18.847795,1.7376195,76.21951,48.780487
2014-11-15 07,21.870554,1.7376195,124.069305,48.17073
2014-11-15 08,25.604553,2.1720243,81.808945,60.060974
2014-11-15 09,25.597733,3.040834,116.86992,62.5
2014-11-15 10,29.16074,0.8003925,123.2043,56.09756
2014-11-15 11,28.449503,0.8049609,123.20614,40.7562
2014-11-15 12,26.849218,1.7376195,122.4801,41.317863
2014-11-15 13,27.027029,0.81456983,141.26016,59.756096
2014-11-15 14,25.091377,0.79624754,123.98374,56.40244
2014-11-15 15,25.96017,1.7376195,144.30894,41.0568
2014-11-15 16,25.58501,1.7376195,145.83331,41.286377
2014-11-15 17,24.182077,1.9548218,172.2561,69.51219
2014-11-15 18,25.356525,1.7376195,124.684654,77.439026
2014-11-15 19,24.893314,1.7376195,197.6626,41.84458
2014-11-15 20,25.43504,1.7376195,195.12195,73.78049
2014-11-15 21,23.29303,1.7376195,169.71545,67.68293
2014-11-15 22,21.514936,0.815955,149.89838,66.46342
2014-11-15 23,20.803698,0.79138255,120.702896,40.312252
2014-11-16 00,25.131447,1.7376195,125.37762,62.19512
2014-11-16 01,18.136559,0.0,112.296745,41.50085
2014-11-16 02,25.752407,0.0,150.5159,54.26829
2014-11-16 03,16.891891,1.520417,96.03658,40.626606
2014-11-16 04,16.714083,1.520417,89.43089,45.121952
2014-11-16 05,17.24751,1.7376195,88.414635,40.368202
2014-11-16 06,17.42532,1.7376195,122.718605,41.71235
2014-11-16 07,18.847795,1.7376195,69.10569,43.90244
2014-11-16 08,22.93741,0.8092097,83.84146,42.378048
2014-11-16 09,28.982933,1.7376195,111.78862,41.11603
2014-11-16 10,27.738264,1.7376195,142.78455,53.048782
2014-11-16 11,31.294453,0.81034607,122.68324,40.25352
2014-11-16 12,31.116644,0.7996276,208.33333,59.756096
2014-11-16 13,30.405405,0.8050821,121.116806,40.36376
2014-11-16 14,27.738264,0.7929321,121.77118,48.17073
2014-11-16 15,26.849218,1.520417,129.06505,41.220814
2014-11-16 16,24.359886,0.7903109,138.71951,40.622906
2014-11-16 17,25.144886,1.7376195,144.30894,72.560974
2014-11-16 18,25.203976,1.7376195,190.54878,72.256096
2014-11-16 19,27.560457,1.9548218,200.20325,41.180595
2014-11-16 20,25.437582,1.7376195,225.10162,41.985714
2014-11-16 21,25.038977,0.8204566,125.444916,73.47561
2014-11-16 22,23.648647,1.7376195,163.61789,72.256096
2014-11-16 23,25.275446,0.81215435,145.32521,65.54878
2014-11-17 00,19.203413,1.7376195,120.93496,40.972584
2014-11-17 01,17.958748,0.8157015,98.06911,39.822998
2014-11-17 02,25.200743,1.7376195,94.00407,50.30488
2014-11-17 03,16.714083,0.80302495,94.51219,46.951218
2014-11-17 04,16.891891,1.7376195,86.38211,40.19158
2014-11-17 05,25.305729,0.79931015,120.21688,46.341465
2014-11-17 06,20.625889,1.7376195,92.479675,40.196392
2014-11-17 07,28.271692,0.80100363,122.27505,50.914635
2014-11-17 08,27.560457,0.8060982,120.81791,40.47837
2014-11-17 09,26.671406,0.8117969,105.18293,43.90244
2014-11-17 10,26.493599,1.7376195,118.90244,44.817074
2014-11-17 11,25.782362,0.8029379,109.24797,46.646343
2014-11-17 12,25.604553,1.3032146,124.48265,49.390244
2014-11-17 13,25.469826,1.520417,103.65854,45.121952
2014-11-17 14,24.537695,1.3032146,75.20326,45.73171
2014-11-17 15,25.26141,0.8109712,80.284546,40.616455
2014-11-17 16,25.198578,0.789082,122.984535,62.80488
2014-11-17 17,24.537695,0.8010604,122.62136,40.498707
2014-11-17 18,25.493185,2.1720243,205.28455,41.57982
2014-11-17 19,28.449503,1.7376195,242.37805,82.62195
2014-11-17 20,27.916075,1.7376195,231.70732,41.71388
2014-11-17 21,25.96017,0.8070943,224.59349,79.57317
2014-11-17 22,25.386501,0.8052343,173.27235,76.82927
2014-11-17 23,21.514936,1.7376195,146.8496,72.560974
2014-11-18 00,19.381224,1.7376195,122.967476,57.621952
2014-11-18 01,17.60313,1.7376195,120.69442,41.46909
2014-11-18 02,17.069702,1.7376195,120.93366,46.951218
2014-11-18 03,16.714083,1.7376195,94.51219,40.581482
2014-11-18 04,17.24751,0.79947394,91.97154,39.94642
2014-11-18 05,17.60313,1.7376195,90.955284,48.17073
2014-11-18 06,25.283703,1.7376195,88.414635,53.658535
2014-11-18 07,29.338549,0.7857149,121.47552,50.0
2014-11-18 08,28.093882,0.8255006,109.756096,52.743904
2014-11-18 09,25.204456,1.7376195,115.34553,40.74803
2014-11-18 10,24.893314,1.520417,123.06574,51.82927
2014-11-18 11,23.648647,1.520417,123.87378,57.92683
2014-11-18 12,25.369896,1.3032146,121.77257,41.05449
2014-11-18 13,23.826458,0.8191308,95.52846,51.219513
2014-11-18 14,25.108652,0.7896115,121.9663,56.40244
2014-11-18 15,23.470839,0.8360268,89.939026,61.890244
2014-11-18 16,22.759602,1.7376195,123.06818,59.146343
2014-11-18 17,23.826458,0.82259095,123.47561,70.12195
2014-11-18 18,25.248934,2.1720243,202.7439,82.62195
2014-11-18 19,28.093882,0.7877712,269.30893,87.80488
2014-11-18 20,25.590025,1.7376195,264.73578,79.268295
2014-11-18 21,25.96017,0.7808891,122.194984,40.29985
2014-11-18 22,23.29303,0.81716245,168.69919,72.86585
2014-11-18 23,20.981508,1.7376195,133.13008,62.19512
2014-11-19 00,19.381224,1.7376195,118.90244,40.825657
2014-11-19 01,17.60313,1.7376195,103.150406,56.40244
2014-11-19 02,25.102161,0.809564,98.06911,40.468872
2014-11-19 03,16.714083,1.7376195,90.44715,40.185364
2014-11-19 04,16.891891,1.7376195,93.49593,46.341465
2014-11-19 05,17.60313,0.8092531,100.60976,39.942837
2014-11-19 06,20.625889,1.7376195,91.97154,41.02033
2014-11-19 07,29.694168,0.80303544,111.28049,51.219513
2014-11-19 08,28.62731,1.7376195,122.9169,51.82927
2014-11-19 09,27.027029,1.7376195,95.52846,48.17073
2014-11-19 10,27.027029,1.520417,77.23577,63.414635
2014-11-19 11,25.252487,1.520417,96.03658,40.307796
2014-11-19 12,25.342503,1.520417,104.6748,55.487804
2014-11-19 13,24.537695,1.7376195,101.11789,54.26829
2014-11-19 14,23.826458,1.520417,96.03658,55.487804
2014-11-19 15,23.648647,1.520417,97.560974,63.719513
2014-11-19 16,23.826458,1.7376195,108.73984,64.939026
2014-11-19 17,24.537695,0.8358252,139.22765,82.01219
2014-11-19 18,27.382647,0.8324375,175.813,91.768295
2014-11-19 19,28.449503,0.7799037,237.80489,41.924168
2014-11-19 20,27.738264,0.7621669,257.62195,42.44244
2014-11-19 21,25.38935,1.7376195,127.397705,82.92683
2014-11-19 22,23.826458,1.7376195,165.65039,80.79269
2014-11-19 23,21.514936,1.7376195,145.32521,78.35366
2014-11-20 00,19.914652,1.7376195,113.31301,40.541435
2014-11-20 01,17.958748,1.7376195,96.03658,55.792683
2014-11-20 02,17.60313,1.7376195,121.232925,52.134148
2014-11-20 03,17.069702,0.8135905,94.00407,51.82927
2014-11-20 04,17.42532,1.7376195,122.278015,41.232906
2014-11-20 05,18.136559,1.7376195,123.56304,53.963413
2014-11-20 06,21.337126,0.7986381,95.52846,39.980465
2014-11-20 07,29.516361,0.8196093,103.150406,40.02691
2014-11-20 08,27.382647,0.82375145,103.65854,52.743904
2014-11-20 09,25.071123,1.9548218,122.98401,50.914635
2014-11-20 10,26.671406,0.83332944,90.955284,55.182926
2014-11-20 11,26.849218,1.7376195,101.11789,55.182926
2014-11-20 12,25.21673,1.7376195,94.00407,58.23171
2014-11-20 13,24.893314,0.7890823,123.33433,50.914635
2014-11-20 14,25.190323,1.520417,98.06911,52.743904
2014-11-20 15,24.359886,1.520417,97.560974,56.707317
2014-11-20 16,25.261492,1.7376195,104.6748,40.71555
2014-11-20 17,25.18212,1.7376195,134.65446,41.096184
2014-11-20 18,24.537695,0.7999508,121.02645,40.978928
2014-11-20 19,26.849218,1.7376195,128.2272,83.53658
2014-11-20 20,29.694168,1.9548218,243.90244,79.57317
2014-11-20 21,26.849218,0.79590946,202.23578,41.7226
2014-11-20 22,23.470839,1.7376195,182.4187,84.14634
2014-11-20 23,22.226173,0.79533815,119.78484,41.42748
2014-11-21 00,25.111332,1.7376195,125.0641,60.97561
2014-11-21 01,25.528486,1.7376195,122.80694,56.09756
2014-11-21 02,17.42532,0.8196131,87.39838,50.609756
2014-11-21 03,16.891891,0.7853673,121.35127,44.512196
2014-11-21 04,17.24751,1.7376195,86.89024,48.780487
2014-11-21 05,25.268583,1.7376195,122.48607,41.166584
2014-11-21 06,21.337126,1.7376195,123.24345,41.481613
2014-11-21 07,25.065481,1.7376195,92.479675,41.144463
2014-11-21 08,28.80512,1.7376195,118.90244,41.103508
2014-11-21 09,28.449503,0.80891323,111.78862,48.47561
2014-11-21 10,27.560457,1.3032146,124.22328,52.439026
2014-11-21 11,25.039343,0.8154036,97.560974,51.52439
2014-11-21 12,27.738264,1.3032146,124.42109,46.951218
2014-11-21 13,25.3521,1.7376195,104.166664,38.109756
2014-11-21 14,27.382647,1.7376195,94.51219,40.775284
2014-11-21 15,28.271692,0.8099282,123.989365,51.52439
2014-11-21 16,29.694168,1.7376195,110.772354,40.54234
2014-11-21 17,27.382647,1.520417,128.04878,40.807163
2014-11-21 18,27.382647,0.80665314,121.02485,41.077393
2014-11-21 19,25.282038,1.7376195,121.53247,40.942993
2014-11-21 20,27.027029,2.8236315,226.11789,77.743904
2014-11-21 21,24.004267,0.7774458,195.12195,41.422504
2014-11-21 22,22.048365,1.7376195,126.87121,72.86585
2014-11-21 23,25.425184,1.7376195,153.45529,41.677372
2014-11-22 00,19.559032,1.7376195,124.55349,57.92683
2014-11-22 01,17.958748,0.79192567,121.46875,51.52439
2014-11-22 02,17.069702,0.81513,99.085365,40.666912
2014-11-22 03,25.393833,1.7376195,121.96081,44.512196
2014-11-22 04,25.229925,1.7376195,122.15681,43.59756
2014-11-22 05,25.508177,2.1720243,121.52639,44.817074
2014-11-22 06,17.78094,1.7376195,91.97154,46.951218
2014-11-22 07,25.529476,1.7376195,74.18699,43.90244
2014-11-22 08,25.248934,2.1720243,91.46341,49.085365
2014-11-22 09,28.80512,3.040834,110.26423,47.256096
2014-11-22 10,28.271692,1.9548218,132.11382,41.442093
2014-11-22 11,25.410337,1.7376195,136.17886,54.878048
2014-11-22 12,25.46661,1.7376195,146.8496,41.231915
2014-11-22 13,26.671406,0.8033985,163.61789,41.431934
2014-11-22 14,26.671406,1.7376195,146.8496,41.34407
2014-11-22 15,26.137981,0.79994136,156.50406,57.621952
2014-11-22 16,25.426743,1.7376195,124.57389,52.134148
2014-11-22 17,24.359886,0.77780265,174.28862,41.186146
2014-11-22 18,25.25636,1.7376195,197.15446,41.418636
2014-11-22 19,25.96017,1.7376195,122.61793,41.162815
2014-11-22 20,24.359886,1.7376195,123.90555,40.71122
2014-11-22 21,23.470839,1.7376195,123.84607,41.41801
2014-11-22 22,21.870554,1.7376195,171.74797,73.78049
2014-11-22 23,25.190924,1.7376195,147.86588,41.42625
2014-11-23 00,20.09246,1.7376195,136.687,40.691204
2014-11-23 01,25.71711,0.0,123.98374,54.26829
2014-11-23 02,17.42532,0.0,105.18293,52.743904
2014-11-23 03,16.714083,1.520417,96.544716,48.780487
2014-11-23 04,17.069702,1.520417,122.50085,41.554756
2014-11-23 05,25.448915,0.8126664,87.39838,44.817074
2014-11-23 06,17.42532,1.7376195,94.51219,52.743904
2014-11-23 07,18.669987,1.7376195,80.284546,43.59756
2014-11-23 08,22.403982,0.7743034,122.17778,44.207317
2014-11-23 09,27.916075,1.7376195,106.70731,48.17073
2014-11-23 10,29.871977,0.7891211,122.580765,41.13342
2014-11-23 11,30.227596,1.7376195,186.48373,57.012196
2014-11-23 12,29.16074,1.7376195,183.43495,59.756096
2014-11-23 13,25.13872,1.7376195,154.47154,41.589203
2014-11-23 14,25.102476,0.7870923,120.183266,47.560974
2014-11-23 15,25.326595,1.520417,119.9187,47.256096
2014-11-23 16,23.826458,0.7982202,132.11382,40.790215
2014-11-23 17,24.715506,1.7376195,152.43903,55.487804
2014-11-23 18,25.417322,1.7376195,190.54878,41.58654
2014-11-23 19,27.027029,0.7971964,194.1057,40.96394
2014-11-23 20,25.275883,1.7376195,185.46747,60.365852
2014-11-23 21,25.96017,1.7376195,200.20325,42.281376
2014-11-23 22,22.93741,1.7376195,125.49376,74.39024
2014-11-23 23,20.981508,1.7376195,130.58943,61.280487
2014-11-24 00,19.203413,1.7376195,127.032524,48.780487
2014-11-24 01,25.456118,1.7376195,110.26423,41.158535
2014-11-24 02,16.891891,1.7376195,120.13019,42.378048
2014-11-24 03,16.536274,1.520417,122.3127,42.378048
2014-11-24 04,16.891891,1.7376195,88.92276,41.76829
2014-11-24 05,25.457952,1.7376195,123.91276,49.390244
2014-11-24 06,20.44808,1.7376195,121.06047,41.031464
2014-11-24 07,25.45113,1.7376195,91.46341,40.534584
2014-11-24 08,25.073513,1.7376195,105.691055,51.82927
2014-11-24 09,25.355373,1.7376195,105.691055,47.865852
2014-11-24 10,25.411121,0.8109079,100.60976,46.341465
2014-11-24 11,24.9878,0.81955445,97.05285,39.96525
2014-11-24 12,26.493599,1.3032146,122.91744,41.300827
2014-11-24 13,25.21549,1.520417,104.6748,40.853657
2014-11-24 14,25.604553,1.3032146,87.9065,46.341465
2014-11-24 15,24.004267,1.520417,84.85773,53.963413
2014-11-24 16,25.457483,1.7376195,96.544716,54.26829
2014-11-24 17,26.31579,1.7376195,125.50813,40.303825
2014-11-24 18,27.916075,2.1720243,197.6626,89.939026
2014-11-24 19,25.481085,1.7376195,231.19919,42.113678
2014-11-24 20,27.560457,1.7376195,231.70732,84.45122
2014-11-24 21,25.264828,1.7376195,126.08972,81.70731
2014-11-24 22,23.11522,1.7376195,121.53124,41.037884
2014-11-24 23,21.692745,0.7978712,143.29268,65.243904
2014-11-25 00,25.492252,1.7376195,121.44309,40.753754
2014-11-25 01,17.42532,1.7376195,121.20636,45.42683
2014-11-25 02,25.553864,1.7376195,99.085365,42.07317
2014-11-25 03,16.536274,1.7376195,101.626015,39.02439
2014-11-25 04,17.069702,1.7376195,90.44715,39.02439
2014-11-25 05,17.60313,0.7909832,92.98781,40.853657
2014-11-25 06,20.44808,1.7376195,95.020325,40.700386
2014-11-25 07,28.62731,1.7376195,103.150406,40.853756
2014-11-25 08,25.424675,1.7376195,124.21089,56.09756
2014-11-25 09,25.782362,1.7376195,123.875046,40.813595
2014-11-25 10,25.543716,1.520417,121.91663,51.82927
2014-11-25 11,24.004267,0.79219586,122.65323,56.707317
2014-11-25 12,25.251648,0.8042695,96.03658,57.621952
2014-11-25 13,25.19612,1.7376195,100.10162,41.76829
2014-11-25 14,24.004267,0.81323975,79.77642,39.77754
2014-11-25 15,25.228254,1.7376195,97.05285,54.26829
2014-11-25 16,25.344982,1.7376195,92.479675,57.317074
2014-11-25 17,24.98997,0.80952555,119.41057,70.42683
2014-11-25 18,25.468086,2.1720243,122.69358,41.15973
2014-11-25 19,28.982933,0.80886805,242.37805,87.19512
2014-11-25 20,26.493599,1.7376195,225.10162,86.89024
2014-11-25 21,26.493599,1.7376195,198.17073,76.82927
2014-11-25 22,22.581793,1.7376195,125.602585,75.60976
2014-11-25 23,25.554432,1.7376195,136.687,41.55356
2014-11-26 00,19.203413,0.8079629,118.90244,59.146343
2014-11-26 01,17.42532,0.81458026,101.626015,40.504803
2014-11-26 02,16.714083,1.520417,120.9106,41.008495
2014-11-26 03,25.482615,1.7376195,92.479675,40.22794
2014-11-26 04,16.714083,1.7376195,121.05961,44.817074
2014-11-26 05,17.24751,1.7376195,94.51219,49.69512
2014-11-26 06,25.205072,1.7376195,124.73276,54.26829
2014-11-26 07,29.338549,1.7376195,105.18293,58.536587
2014-11-26 08,26.671406,1.7376195,125.659485,53.963413
2014-11-26 09,25.248934,1.7376195,95.020325,46.646343
2014-11-26 10,25.248934,0.80893934,99.085365,39.941036
2014-11-26 11,24.004267,1.520417,94.00407,53.658535
2014-11-26 12,25.077356,0.79500186,98.06911,47.560974
2014-11-26 13,23.826458,0.8138076,101.626015,44.817074
2014-11-26 14,23.648647,1.520417,80.79269,46.341465
2014-11-26 15,22.226173,0.80633855,91.46341,58.536587
2014-11-26 16,25.459087,0.77709067,121.19923,41.176064
2014-11-26 17,21.870554,2.1720243,115.85366,41.19368
2014-11-26 18,24.359886,0.7910312,120.21899,41.28731
2014-11-26 19,25.414438,0.799646,121.706505,40.462475
2014-11-26 20,27.560457,1.7376195,221.54471,87.80488
2014-11-26 21,25.248934,1.7376195,211.38211,41.733555
2014-11-26 22,22.93741,1.7376195,172.2561,84.45122
2014-11-26 23,25.01903,1.7376195,125.57619,79.87805
2014-11-27 00,18.847795,1.7376195,113.82114,41.162
2014-11-27 01,17.60313,0.79287857,116.36179,40.039528
2014-11-27 02,16.714083,0.79425293,99.5935,52.743904
2014-11-27 03,25.151478,1.7376195,91.97154,54.878048
2014-11-27 04,16.891891,1.7376195,85.36585,49.085365
2014-11-27 05,17.42532,0.8052387,90.955284,52.134148
2014-11-27 06,20.09246,1.7376195,91.97154,55.792683
2014-11-27 07,25.291765,0.81197333,93.49593,55.487804
2014-11-27 08,27.560457,1.7376195,97.05285,52.743904
2014-11-27 09,26.849218,0.80202174,99.5935,39.93997
2014-11-27 10,25.604553,0.7939051,120.64341,40.19319
2014-11-27 11,25.153551,1.7376195,99.5935,49.390244
2014-11-27 12,25.094763,0.7911772,120.01324,40.684277
2014-11-27 13,25.248934,1.7376195,108.231705,48.780487
2014-11-27 14,23.826458,0.79452294,123.59417,50.609756
2014-11-27 15,23.29303,1.520417,122.21198,53.963413
2014-11-27 16,25.101934,1.7376195,81.808945,59.451218
2014-11-27 17,23.29303,1.7376195,118.90244,80.48781
2014-11-27 18,25.071123,1.520417,191.05692,96.64634
2014-11-27 19,28.271692,1.7376195,123.5757,41.338524
2014-11-27 20,25.191628,1.9548218,127.77029,90.54878
2014-11-27 21,25.441725,0.7858131,202.23578,41.57155
2014-11-27 22,22.759602,1.7376195,127.40023,84.14634
2014-11-27 23,21.159317,1.7376195,141.7683,74.39024
2014-11-28 00,19.025604,0.8004867,119.9187,58.536587
2014-11-28 01,25.277231,1.7376195,124.43488,53.963413
2014-11-28 02,25.474064,1.7376195,122.085945,50.0
2014-11-28 03,16.536274,0.81191444,91.46341,49.085365
2014-11-28 04,16.891891,1.7376195,93.49593,41.001163
2014-11-28 05,17.42532,1.7376195,92.479675,54.26829
2014-11-28 06,19.914652,1.7376195,90.44715,60.060974
2014-11-28 07,28.449503,1.7376195,94.51219,59.451218
2014-11-28 08,27.916075,1.7376195,107.72358,59.451218
2014-11-28 09,25.255205,0.86880976,123.77017,58.536587
2014-11-28 10,25.421522,1.3032146,101.626015,40.63779
2014-11-28 11,25.3788,0.7826276,121.55061,57.621952
2014-11-28 12,25.071123,1.3032146,122.45935,57.621952
2014-11-28 13,25.325842,0.80078363,122.224396,51.52439
2014-11-28 14,25.375372,1.7376195,107.72358,40.76029
2014-11-28 15,25.07348,1.7376195,100.10162,40.566963
2014-11-28 16,23.29303,1.7376195,123.168465,41.34403
2014-11-28 17,23.826458,1.520417,138.21138,73.47561
2014-11-28 18,24.715506,0.8068096,188.00813,91.768295
2014-11-28 19,25.509827,1.7376195,122.79774,40.8755
2014-11-28 20,26.137981,2.8236315,226.11789,91.46342
2014-11-28 21,24.359886,1.7376195,121.51323,41.490192
2014-11-28 22,25.417467,0.8090611,196.13821,82.62195
2014-11-28 23,25.30044,1.7376195,128.23647,88.10976
2014-11-29 00,19.914652,1.7376195,142.78455,78.04878
2014-11-29 01,18.136559,1.7376195,111.78862,61.890244
2014-11-29 02,17.24751,1.7376195,98.57723,51.52439
2014-11-29 03,25.096733,1.7376195,94.00407,40.297974
2014-11-29 04,25.160263,1.7376195,94.51219,45.121952
2014-11-29 05,17.42532,2.1720243,94.00407,50.0
2014-11-29 06,18.136559,1.7376195,122.394966,51.52439
2014-11-29 07,25.289558,1.7376195,122.74569,40.67623
2014-11-29 08,25.96017,2.1720243,125.93005,59.146343
2014-11-29 09,25.263794,0.79004586,134.14635,41.01633
2014-11-29 10,30.405405,0.8070839,160.06097,41.23916
2014-11-29 11,30.583214,1.7376195,158.53659,48.47561
2014-11-29 12,25.373838,1.7376195,122.055275,47.560974
2014-11-29 13,28.80512,1.7376195,160.06097,47.560974
2014-11-29 14,27.916075,1.7376195,137.19513,53.963413
2014-11-29 15,27.916075,0.8101911,126.01626,57.012196
2014-11-29 16,26.671406,0.80404353,124.896774,60.365852
2014-11-29 17,25.485477,0.78135705,119.87951,40.94146
2014-11-29 18,25.426743,1.7376195,213.92276,78.65854
2014-11-29 19,25.330765,1.7376195,214.93903,41.4723
2014-11-29 20,25.150248,1.7376195,127.10544,88.71951
2014-11-29 21,23.826458,1.7376195,183.94308,84.14634
2014-11-29 22,22.581793,1.7376195,158.02844,77.743904
2014-11-29 23,25.146616,1.7376195,167.68292,75.30488
2014-11-30 00,20.803698,1.7376195,156.50406,65.85366
2014-11-30 01,25.65386,0.0,133.13008,64.32927
2014-11-30 02,18.136559,0.0,110.772354,47.865852
2014-11-30 03,25.04258,0.7990726,97.05285,50.30488
2014-11-30 04,17.78094,0.80109733,95.020325,45.121952
2014-11-30 05,25.0841,1.7376195,93.49593,40.060036
2014-11-30 06,18.492176,0.79491305,121.34865,50.609756
2014-11-30 07,20.27027,0.8015717,82.31707,46.646343
2014-11-30 08,25.411283,1.7376195,102.64227,45.42683
2014-11-30 09,28.982933,1.7376195,114.837395,48.17073
2014-11-30 10,29.338549,1.7376195,158.53659,47.560974
2014-11-30 11,29.694168,1.7376195,189.53252,41.26364
2014-11-30 12,30.049786,1.7376195,164.12602,40.74286
2014-11-30 13,29.338549,0.8053547,123.357376,46.036587
2014-11-30 14,25.360796,1.7376195,115.85366,42.682926
2014-11-30 15,25.071123,1.520417,122.541534,41.463413
2014-11-30 16,24.537695,0.78218395,121.82585,41.76829
2014-11-30 17,24.182077,0.80260205,147.35773,58.841465
2014-11-30 18,24.537695,1.7376195,127.04282,71.03658
2014-11-30 19,27.204834,1.9548218,174.28862,83.231705
2014-11-30 20,27.560457,0.8001499,189.53252,78.96342
2014-11-30 21,24.715506,1.7376195,181.40244,72.560974
2014-11-30 22,22.93741,1.7376195,127.09943,78.96342
2014-11-30 23,20.981508,0.8104516,131.6057,67.98781
2014-12-01 00,19.559032,1.7376195,122.967476,57.012196
2014-12-01 01,17.78094,0.7894458,113.31301,40.13617
2014-12-01 02,25.175333,0.7973255,100.10162,41.158535
2014-12-01 03,16.536274,0.7982869,100.60976,40.33068
2014-12-01 04,16.714083,1.7376195,122.24417,40.915043
2014-12-01 05,17.42532,1.7376195,94.00407,40.630714
2014-12-01 06,20.44808,0.8124827,107.21545,51.219513
2014-12-01 07,25.092129,1.7376195,106.19919,53.658535
2014-12-01 08,28.093882,0.8016606,123.95986,48.47561
2014-12-01 09,27.204834,0.80824083,104.6748,45.121952
2014-12-01 10,25.397366,0.800766,100.10162,48.17073
2014-12-01 11,24.359886,1.3032146,108.231705,44.207317
2014-12-01 12,24.182077,0.79530334,117.37805,40.67078
2014-12-01 13,24.893314,1.520417,124.63406,57.317074
2014-12-01 14,24.893314,1.3032146,121.5139,41.443085
2014-12-01 15,22.226173,1.520417,81.30081,39.95922
2014-12-01 16,25.391573,0.8289115,98.06911,63.109756
2014-12-01 17,25.328762,0.80611354,123.45687,69.51219
2014-12-01 18,25.248934,2.1720243,204.2683,41.781113
2014-12-01 19,25.137268,1.7376195,228.65854,89.63415
2014-12-01 20,29.16074,0.8127376,206.30081,92.68293
2014-12-01 21,26.671406,1.7376195,121.53342,40.9189
2014-12-01 22,25.566793,1.7376195,172.76422,42.06029
2014-12-01 23,25.084505,1.7376195,149.89838,72.86585
2014-12-02 00,19.203413,0.7960423,129.06505,58.23171
2014-12-02 01,17.24751,1.7376195,113.82114,55.487804
2014-12-02 02,16.891891,1.7376195,104.6748,46.646343
2014-12-02 03,25.179314,0.8163849,94.51219,49.390244
2014-12-02 04,25.452177,1.7376195,123.18829,54.57317
2014-12-02 05,17.60313,1.7376195,124.19348,54.878048
2014-12-02 06,20.44808,0.789889,123.97813,60.67073
2014-12-02 07,28.80512,0.8083717,124.623726,62.80488
2014-12-02 08,27.738264,1.7376195,104.6748,58.23171
2014-12-02 09,26.849218,1.7376195,123.18588,46.341465
2014-12-02 10,26.493599,1.520417,122.72989,55.487804
2014-12-02 11,25.426743,1.520417,94.51219,40.540142
2014-12-02 12,25.426743,1.3032146,124.56402,56.40244
2014-12-02 13,25.233145,0.8085605,108.231705,48.780487
2014-12-02 14,23.648647,0.8210891,98.06911,40.21902
2014-12-02 15,22.226173,0.809109,91.97154,39.7979
2014-12-02 16,22.226173,1.7376195,103.65854,40.247555
2014-12-02 17,23.826458,1.7376195,129.06505,78.65854
2014-12-02 18,26.137981,2.1720243,174.28862,42.05848
2014-12-02 19,25.232666,1.7376195,218.49594,101.82927
2014-12-02 20,25.386236,1.7376195,126.932076,94.81707
2014-12-02 21,27.382647,0.77295417,222.05284,41.836376
2014-12-02 22,23.29303,1.7376195,198.17073,88.414635
2014-12-02 23,20.803698,1.7376195,144.81708,83.84146
2014-12-03 00,18.847795,1.7376195,133.63821,68.29269
2014-12-03 01,17.42532,0.8146485,112.80488,60.67073
2014-12-03 02,16.714083,1.520417,122.000145,40.97037
2014-12-03 03,25.467947,1.7376195,94.00407,56.707317
2014-12-03 04,16.714083,0.80353206,101.626015,54.57317
2014-12-03 05,25.322826,1.7376195,124.2693,54.878048
2014-12-03 06,25.28854,1.7376195,102.13415,40.643192
2014-12-03 07,28.449503,1.7376195,111.78862,56.09756
2014-12-03 08,25.080431,0.80564266,112.80488,52.439026
2014-12-03 09,26.671406,1.7376195,110.26423,51.52439
2014-12-03 10,25.573038,1.520417,124.25545,51.52439
2014-12-03 11,24.004267,1.520417,122.65757,49.69512
2014-12-03 12,23.648647,1.520417,123.47561,52.134148
2014-12-03 13,23.826458,1.7376195,112.296745,41.76829
2014-12-03 14,23.826458,0.825844,87.9065,40.322628
2014-12-03 15,25.604553,0.79278255,121.99765,54.57317
2014-12-03 16,23.826458,0.793098,121.28898,54.878048
2014-12-03 17,23.826458,2.1720243,128.04878,69.20731
2014-12-03 18,25.071123,0.80961627,196.64635,82.31707
2014-12-03 19,25.315704,1.7376195,236.78862,79.57317
2014-12-03 20,28.80512,1.7376195,128.9335,89.63415
2014-12-03 21,26.137981,1.7376195,201.72765,83.53658
2014-12-03 22,23.11522,0.7884666,185.97562,41.66951
2014-12-03 23,21.337126,1.7376195,157.01219,80.18293
2014-12-04 00,18.847795,1.7376195,124.83964,61.280487
2014-12-04 01,17.60313,1.7376195,112.296745,51.219513
2014-12-04 02,16.891891,1.7376195,119.94723,41.85138
2014-12-04 03,16.358463,0.80569774,96.03658,40.45949
2014-12-04 04,25.187681,1.7376195,100.60976,52.134148
2014-12-04 05,17.24751,1.7376195,97.560974,56.707317
2014-12-04 06,20.27027,1.7376195,102.13415,55.792683
2014-12-04 07,27.916075,1.7376195,125.44741,56.40244
2014-12-04 08,27.916075,1.7376195,124.7019,44.512196
2014-12-04 09,26.31579,1.9548218,121.66239,41.47134
2014-12-04 10,25.178278,1.7376195,123.42984,45.121952
2014-12-04 11,25.248934,1.7376195,92.98781,45.42683
2014-12-04 12,24.893314,1.7376195,113.31301,44.207317
2014-12-04 13,24.537695,1.7376195,121.95122,36.280487
2014-12-04 14,23.29303,1.520417,122.24198,39.02439
2014-12-04 15,25.366877,1.520417,108.231705,47.865852
2014-12-04 16,22.226173,0.79714674,122.67807,52.134148
2014-12-04 17,24.182077,1.7376195,128.04878,60.97561
2014-12-04 18,25.248934,1.520417,185.97562,87.80488
2014-12-04 19,28.093882,1.7376195,224.59349,96.34146
2014-12-04 20,25.47723,1.9548218,123.5526,41.694767
2014-12-04 21,25.426743,0.82411325,129.97215,90.54878
2014-12-04 22,25.34853,1.7376195,174.28862,81.097565
2014-12-04 23,20.803698,1.7376195,136.17886,78.04878
2014-12-05 00,19.025604,0.7940501,119.96721,40.995792
2014-12-05 01,17.24751,1.7376195,122.3526,41.672405
2014-12-05 02,16.536274,1.7376195,98.06911,40.764038
2014-12-05 03,25.468502,1.7376195,99.5935,53.658535
2014-12-05 04,16.714083,1.7376195,122.39113,57.621952
2014-12-05 05,17.24751,1.7376195,91.46341,40.732082
2014-12-05 06,25.15482,1.7376195,103.150406,60.365852
2014-12-05 07,28.271692,0.8173843,105.18293,64.63415
2014-12-05 08,27.738264,0.7915842,123.59804,53.048782
2014-12-05 09,25.083155,0.79751897,122.25988,59.146343
2014-12-05 10,25.41884,1.3032146,117.88618,40.79605
2014-12-05 11,26.671406,0.8045305,118.90244,53.048782
2014-12-05 12,25.96017,1.3032146,112.296745,54.878048
2014-12-05 13,25.071123,0.79492754,111.28049,46.951218
2014-12-05 14,24.537695,0.80662036,106.70731,42.987804
2014-12-05 15,22.581793,1.7376195,95.52846,47.560974
2014-12-05 16,23.470839,1.7376195,122.24697,47.560974
2014-12-05 17,25.292273,1.520417,124.75945,71.03658
2014-12-05 18,24.537695,2.1720243,181.91057,93.29269
2014-12-05 19,25.782362,0.82245547,126.710594,87.5
2014-12-05 20,25.782362,2.8236315,125.284744,41.90935
2014-12-05 21,22.93741,1.7376195,236.78862,41.74214
2014-12-05 22,21.870554,1.7376195,199.69513,41.911076
2014-12-05 23,25.356564,0.8035785,124.43684,82.92683
2014-12-06 00,19.381224,1.7376195,138.21138,81.70731
2014-12-06 01,17.958748,1.7376195,125.46048,68.902435
2014-12-06 02,17.069702,1.7376195,106.70731,63.414635
2014-12-06 03,25.105572,0.8235117,101.626015,55.792683
2014-12-06 04,17.069702,1.7376195,97.05285,61.280487
2014-12-06 05,17.60313,2.1720243,121.88942,40.952747
2014-12-06 06,17.78094,1.7376195,96.03658,56.40244
2014-12-06 07,20.27027,1.7376195,91.46341,40.45792
2014-12-06 08,24.537695,0.818739,119.41057,56.707317
2014-12-06 09,25.31834,3.040834,136.687,60.97561
2014-12-06 10,25.502151,1.9548218,123.91888,60.97561
2014-12-06 11,28.62731,1.7376195,124.57887,55.792683
2014-12-06 12,27.738264,0.7982468,142.78455,40.469574
2014-12-06 13,25.595095,1.7376195,122.05647,51.52439
2014-12-06 14,25.554003,1.7376195,131.09756,40.58401
2014-12-06 15,25.401327,0.811913,134.65446,54.878048
2014-12-06 16,23.826458,1.7376195,141.7683,53.658535
2014-12-06 17,25.20319,0.81727576,172.2561,77.743904
2014-12-06 18,24.182077,1.7376195,209.3496,91.768295
2014-12-06 19,25.197653,1.7376195,125.10844,83.84146
2014-12-06 20,25.439157,1.7376195,121.06661,41.47682
2014-12-06 21,23.11522,1.7376195,126.33982,86.28049
2014-12-06 22,21.159317,1.7376195,179.87805,100.0
2014-12-06 23,25.238403,1.7376195,172.76422,101.21951
2014-12-07 00,19.381224,1.7376195,153.45529,85.67073
2014-12-07 01,17.958748,0.0,126.52439,71.64634
2014-12-07 02,25.72649,0.0,108.231705,42.35653
2014-12-07 03,16.536274,0.81096405,100.60976,40.631252
2014-12-07 04,24.98733,0.8248116,98.06911,57.92683
2014-12-07 05,25.255543,1.7376195,122.77101,57.92683
2014-12-07 06,17.069702,1.7376195,90.955284,40.350777
2014-12-07 07,18.136559,1.7376195,123.638176,53.353657
2014-12-07 08,22.226173,0.80142,94.51219,48.780487
2014-12-07 09,27.738264,1.7376195,118.39431,48.17073
2014-12-07 10,27.916075,0.7906686,147.35773,51.82927
2014-12-07 11,25.563663,1.7376195,188.00813,57.012196
2014-12-07 12,28.449503,0.79130346,170.22357,55.792683
2014-12-07 13,27.204834,1.7376195,124.350746,41.617947
2014-12-07 14,26.137981,1.7376195,115.85366,46.036587
2014-12-07 15,24.893314,0.8178764,106.70731,46.951218
2014-12-07 16,22.759602,1.7376195,127.032524,54.57317
2014-12-07 17,24.182077,1.7376195,125.163414,64.02439
2014-12-07 18,25.113035,1.7376195,126.6065,77.439026
2014-12-07 19,25.661541,1.9548218,212.90651,42.109844
2014-12-07 20,25.291088,1.7376195,121.581665,40.6307
2014-12-07 21,25.400373,1.7376195,192.07317,41.696754
2014-12-07 22,21.337126,0.8193822,177.84552,79.87805
2014-12-07 23,25.348995,0.8206765,125.88313,76.82927
2014-12-08 00,25.124346,1.7376195,144.30894,85.36585
2014-12-08 01,17.958748,1.7376195,125.06343,74.69512
2014-12-08 02,16.891891,1.7376195,103.150406,63.719513
2014-12-08 03,16.358463,1.520417,98.57723,63.719513
2014-12-08 04,16.714083,1.7376195,97.560974,66.15854
2014-12-08 05,17.069702,0.7978497,120.91304,59.756096
2014-12-08 06,17.069702,0.8181256,91.46341,40.5834
2014-12-08 07,18.136559,1.7376195,81.30081,58.841465
2014-12-08 08,22.226173,1.7376195,87.39838,48.47561
2014-12-08 09,27.560457,1.7376195,122.9,49.390244
2014-12-08 10,30.583214,1.7376195,122.477715,40.45337
2014-12-08 11,31.472261,1.3032146,183.43495,54.878048
2014-12-08 12,31.294453,1.3032146,200.71138,41.164333
2014-12-08 13,29.694168,1.520417,144.81708,41.27101
2014-12-08 14,27.027029,1.3032146,135.1626,40.719852
2014-12-08 15,25.96017,1.520417,123.591354,53.048782
2014-12-08 16,25.426743,1.7376195,121.74087,41.263584
2014-12-08 17,23.648647,1.7376195,122.03898,40.663223
2014-12-08 18,25.071123,2.1720243,227.64227,84.14634
2014-12-08 19,27.382647,1.7376195,242.37805,42.439083
2014-12-08 20,28.449503,1.7376195,227.13414,75.30488
2014-12-08 21,24.923126,0.82512,126.17648,80.18293
2014-12-08 22,22.226173,1.7376195,161.58537,80.18293
2014-12-08 23,20.44808,1.7376195,138.71951,80.48781
2014-12-09 00,19.025604,1.7376195,123.47757,64.939026
2014-12-09 01,25.193588,1.7376195,111.28049,41.09019
2014-12-09 02,16.891891,1.7376195,96.544716,61.890244
2014-12-09 03,25.449753,1.7376195,122.87468,57.317074
2014-12-09 04,16.891891,1.7376195,96.03658,60.365852
2014-12-09 05,25.336761,1.7376195,94.00407,59.146343
2014-12-09 06,25.154547,1.7376195,123.214714,59.756096
2014-12-09 07,28.271692,1.7376195,124.186485,41.466724
2014-12-09 08,27.916075,1.7376195,112.296745,56.40244
2014-12-09 09,25.96017,1.7376195,101.626015,46.036587
2014-12-09 10,26.31579,1.520417,86.89024,40.632256
2014-12-09 11,25.46946,1.520417,87.39838,46.341465
2014-12-09 12,25.159039,1.3032146,103.65854,40.76108
2014-12-09 13,25.071123,1.7376195,107.72358,43.59756
2014-12-09 14,25.241468,1.7376195,98.57723,48.47561
2014-12-09 15,22.581793,0.80589,104.6748,57.92683
2014-12-09 16,25.344778,0.7914813,113.82114,40.585545
2014-12-09 17,23.470839,1.7376195,137.70325,82.31707
2014-12-09 18,25.248934,2.1720243,204.77643,97.86585
2014-12-09 19,25.443096,1.7376195,121.75156,41.725708
2014-12-09 20,25.267084,1.7376195,235.77235,108.84146
2014-12-09 21,25.466032,1.7376195,122.95665,41.05012
2014-12-09 22,22.759602,0.83005965,193.08943,98.17073
2014-12-09 23,20.625889,1.7376195,173.78049,86.28049
2014-12-10 00,18.847795,1.7376195,126.00462,68.597565
2014-12-10 01,25.099834,1.7376195,117.88618,40.84615
2014-12-10 02,16.714083,1.520417,100.60976,40.60941
2014-12-10 03,16.180655,0.78647,119.26632,40.97723
2014-12-10 04,16.714083,1.7376195,123.592125,61.280487
2014-12-10 05,17.24751,1.7376195,104.6748,62.80488
2014-12-10 06,20.09246,1.7376195,108.73984,67.07317
2014-12-10 07,25.473755,1.7376195,112.296745,41.250385
2014-12-10 08,29.516361,1.7376195,121.95122,60.97561
2014-12-10 09,25.348581,1.7376195,121.882095,53.963413
2014-12-10 10,25.42483,0.81080455,113.31301,53.658535
2014-12-10 11,24.715506,1.520417,128.55692,40.272114
2014-12-10 12,24.359886,1.520417,112.296745,40.478706
2014-12-10 13,24.715506,1.7376195,122.84524,43.292683
2014-12-10 14,25.156208,1.520417,98.06911,40.8227
2014-12-10 15,25.036854,1.520417,92.479675,61.585365
2014-12-10 16,25.205551,1.7376195,104.166664,70.731705
2014-12-10 17,23.826458,0.83262694,125.675995,86.28049
2014-12-10 18,25.3375,2.606429,206.80894,109.45122
2014-12-10 19,28.449503,1.7376195,256.09756,115.85366
2014-12-10 20,29.516361,1.7376195,130.69559,110.060974
2014-12-10 21,25.782362,1.7376195,232.72359,42.632366
2014-12-10 22,23.470839,1.7376195,216.46341,110.36585
2014-12-10 23,20.981508,0.8185374,155.99594,102.439026
2014-12-11 00,25.097355,1.7376195,143.29268,87.5
2014-12-11 01,17.958748,1.7376195,111.78862,73.47561
2014-12-11 02,25.17921,0.807947,103.65854,40.095726
2014-12-11 03,16.536274,0.821693,106.70731,67.98781
2014-12-11 04,17.069702,1.7376195,122.71357,66.768295
2014-12-11 05,18.492176,0.8075395,122.39441,64.63415
2014-12-11 06,21.337126,1.7376195,115.34553,40.718758
2014-12-11 07,29.516361,1.7376195,126.65221,71.03658
2014-12-11 08,28.982933,0.81275064,118.90244,57.621952
2014-12-11 09,27.560457,0.7896171,120.77301,40.61569
2014-12-11 10,27.738264,1.7376195,98.06911,60.67073
2014-12-11 11,25.495071,1.7376195,114.837395,40.46222
2014-12-11 12,26.137981,1.7376195,107.72358,56.09756
2014-12-11 13,25.426743,0.81482065,113.31301,40.438274
2014-12-11 14,24.359886,1.520417,83.84146,40.389095
2014-12-11 15,25.348448,1.520417,87.39838,39.920692
2014-12-11 16,24.359886,0.8108908,93.49593,58.841465
2014-12-11 17,24.359886,1.7376195,126.21673,73.47561
2014-12-11 18,24.359886,1.520417,122.023224,41.063835
2014-12-11 19,27.204834,1.7376195,131.24878,105.79269
2014-12-11 20,27.916075,1.9548218,131.91705,104.57317
2014-12-11 21,25.96017,1.7376195,240.85365,98.78049
2014-12-11 22,23.11522,1.7376195,201.72765,41.662632
2014-12-11 23,22.226173,1.7376195,161.58537,41.46756
2014-12-12 00,19.559032,1.7376195,133.63821,87.5
2014-12-12 01,25.283272,1.7376195,113.82114,40.4235
2014-12-12 02,25.30708,1.7376195,112.296745,65.85366
2014-12-12 03,25.44245,1.7376195,125.84116,65.243904
2014-12-12 04,17.24751,1.7376195,103.65854,40.89571
2014-12-12 05,17.958748,1.7376195,123.80606,66.46342
2014-12-12 06,20.44808,1.7376195,124.57817,64.63415
2014-12-12 07,28.093882,0.8251373,121.44309,71.64634
2014-12-12 08,27.560457,1.7376195,125.4186,67.07317
2014-12-12 09,26.31579,0.8324127,101.626015,64.939026
2014-12-12 10,24.359886,1.3032146,105.18293,62.5
2014-12-12 11,23.29303,1.3032146,98.06911,58.841465
2014-12-12 12,23.826458,0.78941417,122.08973,62.19512
2014-12-12 13,23.11522,0.8159972,113.82114,53.353657
2014-12-12 14,24.004267,0.7949128,134.65446,58.841465
2014-12-12 15,22.93741,1.7376195,124.466644,66.768295
2014-12-12 16,25.267796,0.7947834,123.28179,65.85366
2014-12-12 17,22.581793,1.520417,163.61789,41.17811
2014-12-12 18,24.004267,2.1720243,206.30081,42.21169
2014-12-12 19,24.182077,1.7376195,239.8374,42.760326
2014-12-12 20,24.715506,0.80004126,122.24509,40.646774
2014-12-12 21,22.93741,1.7376195,205.79268,41.92663
2014-12-12 22,21.337126,0.7744111,184.95935,41.4145
2014-12-12 23,20.27027,1.7376195,161.58537,98.47561
2014-12-13 00,18.847795,1.7376195,142.78455,81.097565
2014-12-13 01,17.42532,1.7376195,123.818565,76.21951
2014-12-13 02,25.142534,0.8118074,108.73984,72.256096
2014-12-13 03,16.180655,0.81507146,112.296745,67.68293
2014-12-13 04,25.497015,1.7376195,108.231705,63.109756
2014-12-13 05,17.069702,2.1720243,125.32508,60.97561
2014-12-13 06,17.069702,1.7376195,100.60976,65.54878
2014-12-13 07,18.847795,1.7376195,122.81079,59.756096
2014-12-13 08,22.581793,0.80040956,121.59167,41.43806
2014-12-13 09,26.849218,3.040834,133.13008,61.280487
2014-12-13 10,25.539072,1.9548218,168.69919,66.15854
2014-12-13 11,25.475452,0.7956144,121.25717,41.50411
2014-12-13 12,28.271692,0.79624337,125.26674,61.280487
2014-12-13 13,28.093882,1.7376195,184.45122,60.060974
2014-12-13 14,26.31579,1.7376195,126.3616,66.15854
2014-12-13 15,24.359886,0.8178213,125.39414,67.68293
2014-12-13 16,23.470839,0.7937459,121.769775,58.23171
2014-12-13 17,25.520523,0.781921,177.3374,62.5
2014-12-13 18,23.648647,1.7376195,128.23636,89.939026
2014-12-13 19,24.893314,1.7376195,244.9187,108.84146
2014-12-13 20,25.133755,1.7376195,230.69106,97.560974
2014-12-13 21,22.581793,1.7376195,126.4444,88.414635
2014-12-13 22,20.44808,1.7376195,121.54106,41.34531
2014-12-13 23,20.44808,1.7376195,127.61087,86.585365
2014-12-14 00,19.203413,1.7376195,166.66667,41.29599
2014-12-14 01,17.958748,0.0,158.0609,76.21951
2014-12-14 02,16.891891,0.0,118.90244,64.32927
2014-12-14 03,25.049019,0.799147,122.28421,64.939026
2014-12-14 04,25.428358,0.8142339,123.42337,65.243904
2014-12-14 05,17.24751,1.7376195,120.32129,40.80028
2014-12-14 06,16.891891,1.7376195,102.64227,60.365852
2014-12-14 07,25.269375,1.7376195,120.96248,40.885937
2014-12-14 08,21.514936,1.7376195,111.28049,48.17073
2014-12-14 09,27.560457,1.7376195,123.82947,51.52439
2014-12-14 10,25.28521,1.7376195,186.48373,54.57317
2014-12-14 11,29.871977,1.7376195,214.4309,68.902435
2014-12-14 12,25.32166,1.7376195,189.02438,42.187153
2014-12-14 13,28.80512,1.7376195,170.7317,41.23946
2014-12-14 14,25.38801,1.7376195,122.38642,41.420002
2014-12-14 15,25.248934,1.520417,144.81708,41.569942
2014-12-14 16,25.340343,1.7376195,127.032524,53.048782
2014-12-14 17,23.29303,1.7376195,120.845535,40.659992
2014-12-14 18,24.893314,1.7376195,204.77643,41.27527
2014-12-14 19,25.604553,1.9548218,228.65854,107.31707
2014-12-14 20,25.019985,0.8177439,217.98781,95.42683
2014-12-14 21,25.258392,1.7376195,205.79268,41.89793
2014-12-14 22,22.581793,1.7376195,203.25203,41.259853
2014-12-14 23,20.625889,1.7376195,176.32114,86.89024
2014-12-15 00,18.669987,0.80335236,162.09349,81.70731
2014-12-15 01,17.42532,0.80058765,124.49187,40.25823
2014-12-15 02,16.714083,0.8072124,112.296745,59.451218
2014-12-15 03,16.180655,1.520417,110.772354,57.317074
2014-12-15 04,16.536274,1.7376195,112.80488,56.707317
2014-12-15 05,17.24751,1.7376195,109.756096,61.280487
2014-12-15 06,19.381224,1.7376195,127.54066,58.536587
2014-12-15 07,27.738264,1.7376195,126.52439,40.22364
2014-12-15 08,25.37335,1.7376195,125.00001,53.353657
2014-12-15 09,26.493599,1.7376195,123.08218,46.036587
2014-12-15 10,26.31579,0.80720556,121.62459,40.989136
2014-12-15 11,24.715506,0.8033319,122.085266,52.439026
2014-12-15 12,25.155268,1.3032146,115.85366,50.30488
2014-12-15 13,24.715506,1.520417,125.50813,40.963806
2014-12-15 14,25.172016,1.3032146,103.65854,56.40244
2014-12-15 15,23.29303,1.520417,98.57723,40.871838
2014-12-15 16,22.759602,1.7376195,110.772354,67.37805
2014-12-15 17,22.93741,1.7376195,136.17886,40.95182
2014-12-15 18,25.071123,2.1720243,190.04065,99.39024
2014-12-15 19,26.671406,1.7376195,238.82114,42.45504
2014-12-15 20,28.62731,0.6912767,228.65854,114.32927
2014-12-15 21,27.870398,0.7453245,247.45935,119.20731
2014-12-15 22,22.581793,0.7669519,213.41463,107.62195
2014-12-15 23,20.803698,1.7376195,128.81946,102.13415
2014-12-16 00,25.188526,1.7376195,149.89838,76.52439
2014-12-16 01,17.069702,1.7376195,120.42683,64.32927
2014-12-16 02,16.891891,0.78964096,118.78331,41.422768
2014-12-16 03,16.180655,1.7376195,120.54703,40.953297
2014-12-16 04,16.536274,1.7376195,121.787224,59.756096
2014-12-16 05,17.42532,1.7376195,105.18293,41.060318
2014-12-16 06,19.559032,0.81740665,113.82114,62.5
2014-12-16 07,26.849218,1.7376195,122.45935,41.20801
2014-12-16 08,25.96017,1.7376195,120.93496,58.536587
2014-12-16 09,24.537695,1.7376195,115.34553,40.870625
2014-12-16 10,25.15495,1.520417,124.49187,41.26025
2014-12-16 11,24.182077,1.520417,110.26423,60.67073
2014-12-16 12,23.29303,1.3032146,123.55219,67.37805
2014-12-16 13,24.537695,0.7967284,121.44309,40.22315
2014-12-16 14,23.29303,0.808373,111.78862,65.85366
2014-12-16 15,22.403982,1.7376195,105.691055,62.5
2014-12-16 16,21.337126,1.7376195,117.37805,40.96726
2014-12-16 17,22.226173,1.7376195,152.94717,80.79269
2014-12-16 18,24.004267,2.1720243,199.187,96.64634
2014-12-16 19,25.426743,0.8011261,260.1626,103.35366
2014-12-16 20,26.137981,0.73829246,221.54471,111.585365
2014-12-16 21,25.279055,0.8009572,198.67886,103.04878
2014-12-16 22,25.365427,1.7376195,120.820015,40.974518
2014-12-16 23,25.450617,1.7376195,167.17479,41.597656
2014-12-17 00,25.13271,1.7376195,142.27643,70.42683
2014-12-17 01,17.42532,0.8032005,122.69688,66.15854
2014-12-17 02,16.714083,1.520417,98.06911,60.060974
2014-12-17 03,16.180655,0.8094759,102.64227,40.13264
2014-12-17 04,16.714083,0.8249407,97.560974,58.23171
2014-12-17 05,17.42532,1.7376195,124.855965,63.414635
2014-12-17 06,19.736841,0.7956664,115.34553,41.120052
2014-12-17 07,26.671406,1.7376195,116.36179,62.5
2014-12-17 08,25.272457,1.7376195,112.80488,56.707317
2014-12-17 09,28.093882,1.7376195,109.24797,49.390244
2014-12-17 10,27.027029,0.8109229,122.349754,57.012196
2014-12-17 11,26.31579,0.81921744,120.42683,58.841465
2014-12-17 12,25.248934,1.520417,116.36179,57.012196
2014-12-17 13,24.537695,1.7376195,107.21545,40.538406
2014-12-17 14,25.031637,1.520417,97.560974,60.97561
2014-12-17 15,23.648647,0.82510895,104.166664,65.243904
2014-12-17 16,22.759602,1.7376195,124.08206,65.243904
2014-12-17 17,24.941475,0.81380147,125.39088,82.92683
2014-12-17 18,24.004267,2.606429,131.97086,106.402435
2014-12-17 19,25.604553,1.7376195,227.64227,103.65854
2014-12-17 20,26.137981,1.7376195,243.90244,102.439026
2014-12-17 21,24.537695,0.82043874,198.17073,94.51219
2014-12-17 22,25.09858,1.7376195,129.59596,98.78049
2014-12-17 23,20.44808,1.7376195,166.15854,92.07317
2014-12-18 00,19.203413,1.7376195,146.34146,79.87805
2014-12-18 01,17.42532,1.7376195,116.86992,71.03658
2014-12-18 02,16.714083,0.8214106,106.70731,62.80488
2014-12-18 03,16.358463,0.8106572,110.26423,60.67073
2014-12-18 04,25.264645,1.7376195,105.18293,60.060974
2014-12-18 05,17.78094,0.81313854,103.65854,65.85366
2014-12-18 06,19.736841,1.7376195,105.18293,40.43159
2014-12-18 07,25.248934,1.7376195,115.85366,69.20731
2014-12-18 08,29.16074,1.7376195,104.166664,59.451218
2014-12-18 09,26.849218,1.9548218,124.03883,41.422962
2014-12-18 10,25.305672,1.7376195,122.35692,56.707317
2014-12-18 11,25.416092,1.7376195,117.37805,40.791172
2014-12-18 12,24.893314,0.8059642,127.032524,60.060974
2014-12-18 13,25.248934,1.7376195,114.32927,41.069683
2014-12-18 14,25.261383,1.520417,113.82114,62.5
2014-12-18 15,22.93741,1.520417,130.0813,40.459656
2014-12-18 16,22.048365,1.7376195,120.93496,40.384956
2014-12-18 17,22.759602,0.8193837,155.48782,84.14634
2014-12-18 18,25.131844,1.520417,126.42815,96.95122
2014-12-18 19,25.96017,1.7376195,247.96748,42.260365
2014-12-18 20,25.426743,1.9548218,247.45935,42.906483
2014-12-18 21,23.826458,1.7376195,236.28049,89.32927
2014-12-18 22,22.048365,1.7376195,220.52846,103.96342
2014-12-18 23,20.803698,1.7376195,175.30487,93.29269
2014-12-19 00,19.203413,1.7376195,144.30894,85.97561
2014-12-19 01,17.42532,1.7376195,118.90244,71.34146
2014-12-19 02,16.714083,0.79310197,108.231705,40.667988
2014-12-19 03,25.484566,1.7376195,122.062675,41.44605
2014-12-19 04,25.30599,1.7376195,124.25419,63.719513
2014-12-19 05,17.42532,1.7376195,101.11789,67.07317
2014-12-19 06,19.025604,1.7376195,110.26423,66.15854
2014-12-19 07,24.182077,1.7376195,117.88618,41.06716
2014-12-19 08,25.472292,1.7376195,104.6748,40.98409
2014-12-19 09,26.493599,0.79780287,124.41819,64.02439
2014-12-19 10,25.33742,0.80988103,98.06911,40.008358
2014-12-19 11,27.916075,1.3032146,119.41057,40.38077
2014-12-19 12,25.034111,1.3032146,108.73984,58.23171
2014-12-19 13,25.470156,1.7376195,115.34553,55.792683
2014-12-19 14,24.893314,0.8140502,122.45935,40.69977
2014-12-19 15,23.11522,1.7376195,125.5975,60.97561
2014-12-19 16,22.581793,1.7376195,132.62195,64.939026
2014-12-19 17,24.96796,1.520417,126.18467,89.939026
2014-12-19 18,24.359886,0.8039295,119.874374,40.972893
2014-12-19 19,24.893314,1.7376195,226.62602,107.01219
2014-12-19 20,25.604553,2.8236315,207.31708,97.560974
2014-12-19 21,25.939882,0.78514194,141.09793,100.914635
2014-12-19 22,25.10342,1.7376195,233.73984,97.560974
2014-12-19 23,20.09246,1.7376195,176.32114,92.68293
2014-12-20 00,19.025604,1.7376195,127.33877,85.97561
2014-12-20 01,25.17674,1.7376195,140.75203,72.256096
2014-12-20 02,17.069702,1.7376195,121.04544,40.991554
2014-12-20 03,16.358463,1.7376195,123.03433,62.80488
2014-12-20 04,25.264248,1.7376195,124.758865,72.256096
2014-12-20 05,17.24751,0.8324892,103.150406,70.42683
2014-12-20 06,17.42532,1.7376195,124.67302,65.243904
2014-12-20 07,25.08302,1.7376195,106.70731,64.32927
2014-12-20 08,24.004267,2.1720243,109.756096,40.911987
2014-12-20 09,25.595133,3.040834,139.22765,62.80488
2014-12-20 10,25.274204,0.80380857,139.22765,54.878048
2014-12-20 11,27.916075,1.7376195,124.18152,40.930035
2014-12-20 12,28.62731,1.7376195,161.07724,41.158535
2014-12-20 13,25.354338,1.7376195,158.53659,39.02439
2014-12-20 14,26.493599,0.7871554,146.34146,42.682926
2014-12-20 15,26.493599,1.7376195,149.39024,45.42683
2014-12-20 16,24.893314,1.7376195,122.46115,44.817074
2014-12-20 17,25.179218,1.9548218,125.92202,67.07317
2014-12-20 18,25.426743,1.7376195,228.1504,90.54878
2014-12-20 19,25.101614,1.7376195,232.72359,92.07317
2014-12-20 20,24.893314,1.7376195,128.40337,92.37805
2014-12-20 21,22.403982,0.7670057,212.39838,42.203823
2014-12-20 22,21.337126,0.7865663,139.22636,103.35366
2014-12-20 23,20.803698,1.7376195,122.342964,40.707535
2014-12-21 00,19.381224,1.7376195,182.92682,92.98781
2014-12-21 01,18.136559,0.0,145.32521,84.14634
2014-12-21 02,17.24751,0.0,131.09756,40.83418
2014-12-21 03,25.405243,1.520417,129.57317,72.86585
2014-12-21 04,25.30073,1.520417,120.725655,40.901733
2014-12-21 05,17.24751,1.7376195,122.45935,41.57179
2014-12-21 06,25.28514,1.7376195,122.52126,41.280037
2014-12-21 07,18.136559,1.7376195,107.21545,58.23171
2014-12-21 08,22.048365,0.8130552,103.65854,56.40244
2014-12-21 09,27.204834,1.7376195,134.14635,49.085365
2014-12-21 10,25.416248,1.7376195,166.15854,41.779163
2014-12-21 11,25.48208,0.78391683,169.20732,59.756096
2014-12-21 12,29.338549,1.7376195,175.813,68.597565
2014-12-21 13,28.62731,1.7376195,130.0813,65.243904
2014-12-21 14,28.093882,1.7376195,119.41057,47.560974
2014-12-21 15,25.96017,0.82294124,104.6748,52.439026
2014-12-21 16,23.826458,0.8155468,107.72358,53.658535
2014-12-21 17,25.14739,0.81400883,130.0813,70.12195
2014-12-21 18,23.826458,1.7376195,126.47065,83.84146
2014-12-21 19,25.604553,0.77062863,201.72765,41.295208
2014-12-21 20,24.359886,1.7376195,206.80894,85.97561
2014-12-21 21,23.470839,1.7376195,215.44716,42.097157
2014-12-21 22,25.248034,0.76636016,197.15446,41.07405
2014-12-21 23,20.27027,0.80009574,119.68369,40.35745
2014-12-22 00,19.203413,0.81140465,151.42276,76.52439
2014-12-22 01,17.42532,0.8103181,122.967476,41.09619
2014-12-22 02,25.111338,0.8064495,117.88618,41.122803
2014-12-22 03,16.180655,1.520417,116.36179,41.288914
2014-12-22 04,16.358463,1.7376195,124.30005,71.34146
2014-12-22 05,25.451096,1.7376195,114.837395,41.253998
2014-12-22 06,18.314367,1.7376195,120.72216,41.280106
2014-12-22 07,22.759602,1.7376195,131.09756,63.109756
2014-12-22 08,29.16074,0.7997418,113.31301,40.78432
2014-12-22 09,27.382647,1.7376195,127.54066,40.44815
2014-12-22 10,28.62731,0.853571,107.72358,83.53658
2014-12-22 11,28.62731,1.3032146,122.967476,75.914635
2014-12-22 12,27.027029,1.3032146,125.52854,75.60976
2014-12-22 13,26.31579,0.8132153,122.207825,60.67073
2014-12-22 14,25.079645,1.3032146,120.42683,72.86585
2014-12-22 15,25.052822,0.77780193,119.577286,41.3847
2014-12-22 16,23.29303,1.7376195,129.06505,72.560974
2014-12-22 17,23.648647,1.7376195,154.97968,90.243904
2014-12-22 18,25.277029,0.8105742,203.76016,99.085365
2014-12-22 19,25.65417,0.7553993,259.65448,42.79425
2014-12-22 20,26.493599,1.7376195,257.11383,42.65422
2014-12-22 21,24.004267,0.77794725,239.32927,42.486378
2014-12-22 22,22.048365,0.8277143,209.85773,102.13415
2014-12-22 23,21.337126,1.7376195,179.87805,88.71951
2014-12-23 00,19.559032,0.8229235,123.85797,81.402435
2014-12-23 01,17.78094,1.7376195,129.57317,41.03491
2014-12-23 02,16.714083,1.7376195,112.296745,70.731705
2014-12-23 03,16.180655,1.7376195,107.72358,71.64634
2014-12-23 04,16.536274,0.83474976,111.28049,77.743904
2014-12-23 05,17.069702,1.7376195,111.78862,76.21951
2014-12-23 06,18.314367,0.8102797,124.18298,70.731705
2014-12-23 07,22.93741,1.7376195,120.93496,71.64634
2014-12-23 08,27.560457,1.7376195,103.150406,40.82739
2014-12-23 09,25.47954,1.7376195,125.68926,64.32927
2014-12-23 10,25.458796,1.520417,120.93496,55.792683
2014-12-23 11,27.382647,0.8042889,124.87726,65.54878
2014-12-23 12,25.404037,1.3032146,121.052666,40.952354
2014-12-23 13,25.426743,1.7376195,133.63821,41.048157
2014-12-23 14,25.404587,0.79722655,125.00001,59.451218
2014-12-23 15,23.648647,1.7376195,126.52439,40.737423
2014-12-23 16,22.93741,1.7376195,134.65446,71.64634
2014-12-23 17,23.826458,1.7376195,159.04471,88.71951
2014-12-23 18,23.11522,2.1720243,228.65854,42.568928
2014-12-23 19,24.182077,1.7376195,243.3943,42.730732
2014-12-23 20,25.604553,0.8332929,131.8438,92.68293
2014-12-23 21,24.182077,0.7869453,140.4979,101.82927
2014-12-23 22,22.226173,1.7376195,233.2317,98.47561
2014-12-23 23,21.692745,0.80762094,192.5813,103.65854
2014-12-24 00,20.44808,1.7376195,151.42276,41.31706
2014-12-24 01,25.278,1.7376195,124.49732,78.04878
2014-12-24 02,17.069702,1.520417,115.34553,68.902435
2014-12-24 03,16.536274,0.79484254,122.89127,67.37805
2014-12-24 04,25.326427,0.827412,108.231705,63.414635
2014-12-24 05,17.069702,1.7376195,110.26423,40.817604
2014-12-24 06,25.172516,1.7376195,112.80488,60.365852
2014-12-24 07,20.09246,1.7376195,121.89703,40.956238
2014-12-24 08,25.484724,0.7867035,120.40872,47.560974
2014-12-24 09,28.093882,1.7376195,125.29276,57.317074
2014-12-24 10,30.227596,1.520417,133.13008,64.939026
2014-12-24 11,25.430866,1.520417,122.52842,41.693222
2014-12-24 12,28.62731,1.520417,178.35365,65.243904
2014-12-24 13,25.220652,1.7376195,140.75203,57.317074
2014-12-24 14,26.849218,1.520417,139.22765,59.146343
2014-12-24 15,25.314405,0.80285394,122.60548,62.80488
2014-12-24 16,27.738264,1.7376195,124.24823,55.792683
2014-12-24 17,28.80512,0.8083148,170.22357,65.85366
2014-12-24 18,27.738264,2.606429,206.30081,85.97561
2014-12-24 19,26.493599,0.81359166,201.72765,87.80488
2014-12-24 20,24.004267,1.7376195,180.38617,40.96497
2014-12-24 21,25.10999,1.7376195,127.715775,93.29269
2014-12-24 22,25.198112,1.7376195,169.20732,40.972538
2014-12-24 23,21.159317,1.7376195,161.07724,93.29269
2014-12-25 00,19.914652,0.8319272,151.9309,87.5
2014-12-25 01,20.27027,0.0,132.57938,41.16422
2014-12-25 02,19.025604,0.0,161.54482,90.54878
2014-12-25 03,26.125574,0.0,166.76021,75.0
2014-12-25 04,17.069702,0.0,115.85366,67.07317
2014-12-25 05,17.60313,0.0,110.772354,65.243904
2014-12-25 06,17.24751,0.0,131.1782,41.83219
2014-12-25 07,17.78094,0.0,82.825195,64.939026
2014-12-25 08,19.736841,0.0,68.08943,54.57317
2014-12-25 09,24.182077,0.0,89.939026,43.656593
2014-12-25 10,29.694168,0.0,122.45935,55.182926
2014-12-25 11,26.010086,0.0,161.70209,65.54878
2014-12-25 12,35.384068,0.0,151.73402,64.939026
2014-12-25 13,28.982933,0.0,162.69972,64.32927
2014-12-25 14,25.071123,0.0,107.72358,42.570305
2014-12-25 15,22.93741,0.0,108.231705,59.146343
2014-12-25 16,25.848227,0.0,156.41533,60.060974
2014-12-25 17,22.581793,0.0,127.032524,60.060974
2014-12-25 18,26.199287,0.0,166.15854,76.21951
2014-12-25 19,22.759602,0.0,166.66667,78.04878
2014-12-25 20,23.29303,0.0,167.68292,82.31707
2014-12-25 21,23.11522,0.0,176.82927,84.14634
2014-12-25 22,21.870554,0.0,175.30487,84.14634
2014-12-25 23,20.981508,0.0,164.03728,90.85366
2014-12-26 00,19.914652,1.3032146,122.67875,41.596886
2014-12-26 01,17.60313,1.7376195,122.339516,41.082497
2014-12-26 02,16.891891,1.7376195,109.756096,41.060947
2014-12-26 03,16.180655,0.7773699,119.33601,41.229446
2014-12-26 04,16.536274,0.8080021,101.11789,66.15854
2014-12-26 05,17.069702,0.7761509,120.011505,41.50758
2014-12-26 06,25.27633,1.7376195,123.65881,59.756096
2014-12-26 07,25.050602,1.7376195,105.691055,60.67073
2014-12-26 08,23.29303,1.7376195,124.17068,48.17073
2014-12-26 09,27.204834,0.79414415,121.01954,40.587902
2014-12-26 10,25.14389,0.7915739,121.77157,40.614662
2014-12-26 11,28.271692,1.3032146,161.07724,75.914635
2014-12-26 12,29.338549,1.3032146,159.04471,41.531826
2014-12-26 13,27.916075,1.7376195,133.13008,40.461807
2014-12-26 14,26.849218,1.7376195,122.23566,49.390244
2014-12-26 15,26.31579,1.7376195,112.80488,58.536587
2014-12-26 16,25.231081,0.8188231,117.37805,63.109756
2014-12-26 17,22.93741,0.81634754,155.48782,72.256096
2014-12-26 18,25.284239,2.1720243,195.12195,99.69512
2014-12-26 19,25.190098,1.7376195,223.0691,103.96342
2014-12-26 20,25.607052,2.8236315,233.73984,42.69625
2014-12-26 21,23.11522,0.81452143,220.52846,100.30488
2014-12-26 22,24.94295,1.7376195,127.31753,94.51219
2014-12-26 23,20.44808,0.81907207,182.4187,97.560974
2014-12-27 00,25.285435,1.7376195,128.10928,90.54878
2014-12-27 01,25.047386,1.7376195,137.19513,80.79269
2014-12-27 02,25.36849,1.7376195,116.86992,77.13415
2014-12-27 03,25.413277,1.7376195,111.78862,41.040363
2014-12-27 04,16.714083,1.7376195,123.2429,67.98781
2014-12-27 05,17.24751,2.1720243,123.32552,66.768295
2014-12-27 06,17.42532,1.7376195,121.70537,40.78468
2014-12-27 07,18.669987,1.7376195,97.05285,65.85366
2014-12-27 08,21.692745,2.1720243,123.19945,60.365852
2014-12-27 09,26.31579,3.040834,123.95426,41.950733
2014-12-27 10,28.62731,0.80587554,122.05447,40.593975
2014-12-27 11,25.297895,1.7376195,123.51762,62.5
2014-12-27 12,28.449503,1.7376195,168.69919,58.841465
2014-12-27 13,28.093882,1.7376195,123.41475,41.24356
2014-12-27 14,25.96017,0.8068907,157.01219,61.890244
2014-12-27 15,25.071123,0.81289977,124.89036,70.12195
2014-12-27 16,23.826458,1.7376195,141.7683,70.42683
2014-12-27 17,23.11522,0.8100841,169.71545,75.60976
2014-12-27 18,25.176107,1.7376195,218.49594,100.60976
2014-12-27 19,26.629442,0.75470436,145.04213,106.70731
2014-12-27 20,24.893314,0.76515406,217.98781,41.757362
2014-12-27 21,22.581793,1.7376195,209.85773,102.743904
2014-12-27 22,20.981508,1.7376195,180.38617,95.42683
2014-12-27 23,20.625889,0.8081265,198.17073,93.29269
2014-12-28 00,19.381224,0.8185647,169.71545,90.243904
2014-12-28 01,17.958748,0.0,136.17886,78.04878
2014-12-28 02,25.895685,0.0,166.22821,70.731705
2014-12-28 03,16.358463,1.520417,113.31301,67.37805
2014-12-28 04,16.714083,0.8075067,106.19919,40.545715
2014-12-28 05,25.251822,1.7376195,107.72358,40.30427
2014-12-28 06,25.111671,1.7376195,110.772354,40.982666
2014-12-28 07,17.78094,0.79947674,120.4752,57.012196
2014-12-28 08,20.27027,1.7376195,86.38211,40.821526
2014-12-28 09,24.715506,1.7376195,123.10438,52.743904
2014-12-28 10,28.271692,1.7376195,148.37398,61.890244
2014-12-28 11,25.520239,1.7376195,122.08875,41.60418
2014-12-28 12,29.338549,0.80534554,231.19919,77.743904
2014-12-28 13,27.382647,1.7376195,174.79675,63.109756
2014-12-28 14,25.117674,1.7376195,124.9684,56.707317
2014-12-28 15,25.482866,1.520417,124.05899,55.487804
2014-12-28 16,22.93741,0.8131801,130.58943,54.26829
2014-12-28 17,22.759602,0.8156534,149.39024,63.719513
2014-12-28 18,23.29303,0.78031355,182.92682,40.717705
2014-12-28 19,24.182077,1.9548218,194.61382,78.65854
2014-12-28 20,25.419456,1.7376195,203.76016,86.89024
2014-12-28 21,23.11522,1.7376195,203.76016,92.37805
2014-12-28 22,21.692745,0.79231656,176.82927,41.714867
2014-12-28 23,20.44808,1.7376195,155.99594,100.60976
2014-12-29 00,19.381224,1.7376195,134.65446,90.54878
2014-12-29 01,17.78094,0.81273866,124.49187,73.78049
2014-12-29 02,16.891891,1.7376195,118.90244,40.89151
2014-12-29 03,16.358463,1.520417,124.6322,63.719513
2014-12-29 04,16.536274,1.7376195,108.231705,63.719513
2014-12-29 05,25.176416,0.80186343,120.21362,41.084503
2014-12-29 06,18.314367,1.7376195,118.90244,40.402073
2014-12-29 07,25.248346,0.81296325,114.32927,40.15069
2014-12-29 08,26.671406,1.7376195,119.41057,53.963413
2014-12-29 09,28.271692,1.7376195,118.39431,50.609756
2014-12-29 10,28.449503,1.7376195,129.57317,53.353657
2014-12-29 11,28.271692,1.3032146,122.967476,56.707317
2014-12-29 12,25.427204,0.8105086,135.1626,57.012196
2014-12-29 13,25.408789,0.78664106,134.14635,53.048782
2014-12-29 14,28.271692,1.3032146,126.30322,61.890244
2014-12-29 15,24.359886,0.8157112,119.41057,40.22231
2014-12-29 16,23.11522,1.7376195,111.28049,66.768295
2014-12-29 17,23.470839,1.7376195,158.53659,71.95122
2014-12-29 18,25.248884,2.1720243,130.3793,101.52439
2014-12-29 19,25.196821,1.7376195,246.95122,106.402435
2014-12-29 20,27.204834,0.8111049,226.11789,104.268295
2014-12-29 21,23.648647,1.7376195,224.08537,41.606472
2014-12-29 22,25.670853,1.7376195,223.0691,110.67073
2014-12-29 23,25.620024,1.7376195,178.86179,107.01219
2014-12-30 00,19.559032,1.7376195,124.96928,84.14634
2014-12-30 01,25.24962,1.7376195,127.22913,80.79269
2014-12-30 02,25.336998,0.8044998,122.967476,41.02963
2014-12-30 03,16.358463,1.7376195,121.95122,78.04878
2014-12-30 04,16.536274,1.7376195,107.21545,71.64634
2014-12-30 05,25.331675,1.7376195,124.31908,67.07317
2014-12-30 06,18.136559,0.81245196,116.36179,64.63415
2014-12-30 07,22.048365,1.7376195,129.06505,65.243904
2014-12-30 08,25.96017,1.7376195,124.56859,60.97561
2014-12-30 09,27.916075,0.82617056,116.86992,57.92683
2014-12-30 10,27.560457,0.81494915,120.42683,39.9543
2014-12-30 11,27.738264,1.520417,142.27643,41.08619
2014-12-30 12,28.093882,1.3032146,125.96189,60.67073
2014-12-30 13,27.560457,1.7376195,127.54066,40.963444
2014-12-30 14,25.334846,1.7376195,121.852325,41.56904
2014-12-30 15,23.29303,1.7376195,105.18293,40.869133
2014-12-30 16,25.34635,0.8327721,112.80488,79.57317
2014-12-30 17,24.359886,1.7376195,127.64707,85.36585
2014-12-30 18,25.636621,2.1720243,211.89024,42.471054
2014-12-30 19,24.359886,1.7376195,256.60568,104.268295
2014-12-30 20,26.137981,1.7376195,235.26424,95.731705
2014-12-30 21,25.360268,0.82263064,126.008224,85.060974
2014-12-30 22,22.048365,1.7376195,215.95529,91.768295
2014-12-30 23,21.692745,0.81229657,184.95935,85.36585
2014-12-31 00,19.736841,0.7897724,121.58483,41.13009
2014-12-31 01,18.314367,1.7376195,122.28066,40.958393
2014-12-31 02,25.083986,1.520417,117.37805,71.03658
2014-12-31 03,25.050406,0.80790573,105.691055,39.88968
2014-12-31 04,25.286217,1.7376195,98.06911,67.98781
2014-12-31 05,17.78094,0.79662615,100.60976,40.77597
2014-12-31 06,18.314367,1.7376195,125.69366,67.07317
2014-12-31 07,25.09879,0.7971167,123.42317,67.98781
2014-12-31 08,24.359886,1.7376195,124.35147,63.414635
2014-12-31 09,27.204834,1.7376195,123.53109,41.468246
2014-12-31 10,28.093882,1.520417,135.67073,71.34146
2014-12-31 11,27.738264,1.520417,145.83331,70.731705
2014-12-31 12,25.149364,0.8164418,172.76422,72.256096
2014-12-31 13,26.493599,1.7376195,152.94717,40.916653
2014-12-31 14,26.493599,1.520417,136.687,41.192223
2014-12-31 15,28.62731,0.79896575,140.2439,60.97561
2014-12-31 16,28.80512,0.79878324,122.59084,40.862522
2014-12-31 17,25.294554,0.7984749,166.66667,67.98781
2014-12-31 18,28.62731,2.606429,206.80894,41.529484
2014-12-31 19,28.271692,0.7722197,210.36586,41.189278
2014-12-31 20,25.248934,1.7376195,129.58676,92.07317
2014-12-31 21,25.231934,1.7376195,127.753204,86.28049
2014-12-31 22,22.048365,1.7376195,123.24152,41.018734
2014-12-31 23,21.337126,1.7376195,161.58537,83.84146
