user_3,user_4,user_5,user_6
22.93741,2.8236315,127.70172,62.19512
23.64865,2.43103,130.58943,57.621952
24.004267,2.606429,128.55692,56.82077
22.93741,2.3306444,107.21545,48.47561
22.581793,2.606429,107.83917,50.30488
22.581793,2.606429,106.187355,48.593067
22.403982,2.606429,82.31707,49.085365
22.581793,2.606429,75.203255,41.71638
23.115221,2.606429,73.17073,30.182926
25.071123,3.040834,89.939026,27.439024
29.694168,1.7836001,94.00407,33.23171
30.451885,1.9626398,112.296745,47.256096
38.584637,3.475239,129.57317,46.646343
35.917496,3.6924415,120.42683,41.76829
30.761023,4.3440485,96.544716,35.365852
28.093884,4.3440485,91.46342,37.5
26.671408,4.3440485,89.43089,38.719513
25.782362,3.6924415,98.57723,52.743904
24.939842,3.6924415,131.09756,55.182926
26.493599,4.1268463,156.50406,64.63415
27.382647,4.3440485,156.34569,78.35366
26.671408,4.3440485,174.28862,85.97561
25.071123,4.561251,175.30487,77.439026
24.182077,3.6924415,153.45529,71.95122
23.115221,3.475239,116.86992,54.47855
24.310238,3.475239,107.72358,53.15435
22.581793,3.475239,102.13415,48.780487
22.226173,2.4309354,87.9065,52.43903
22.403982,3.475239,80.28455,44.907043
22.226173,3.475239,72.15447,46.951214
22.93741,3.475239,80.79269,51.219513
25.248934,3.475239,96.544716,49.390244
29.16074,3.2580364,99.085365,50.190376
30.405403,3.475239,101.11789,47.560974
23.577631,3.909644,98.06911,60.97561
32.005688,3.475239,136.70465,56.707317
32.716927,3.475239,101.11789,58.536587
31.472263,4.1268463,132.64905,62.963604
31.472263,4.3440485,89.43089,56.09756
28.271692,4.3440485,102.13415,60.97561
27.204836,2.2117293,109.756096,59.756096
26.849218,4.1268463,130.25708,61.94521
28.627312,2.4582746,185.46748,81.70731
30.405403,2.3172002,233.73984,82.62194
32.894737,2.153266,156.8526,81.402435
33.80369,2.3611438,244.9187,75.914635
26.13798,4.3440485,198.67886,72.560974
24.715506,3.475239,147.45642,71.34146
23.470839,2.5649261,122.45935,68.29269
22.759602,2.4649045,101.626015,58.841465
22.226173,2.4218874,108.73984,51.219513
21.692745,3.475239,85.36585,53.658535
22.226173,3.475239,81.808945,49.390244
22.581793,2.3794162,82.8252,50.0
23.826458,3.475239,125.69521,53.658535
31.827883,3.475239,99.5935,51.085903
32.894737,1.7618344,97.560974,49.695118
28.80512,4.3440485,111.78862,50.0
23.848654,4.3440485,132.58669,62.924763
28.449503,4.3440485,84.349594,54.878048
22.771412,4.3440485,89.939026,58.23171
28.80512,2.0408816,90.955284,54.878048
28.271692,4.3440485,81.30081,48.835823
26.493599,4.3440485,90.44715,53.048782
22.804495,4.3440485,101.626015,51.82927
25.604551,2.3472936,120.93496,60.97561
26.04265,4.3440485,158.02846,80.48781
30.049788,4.3440485,207.31708,86.28049
32.53912,4.561251,223.0691,83.231705
28.982931,4.3440485,133.15417,63.162144
25.96017,3.909644,197.15446,84.45122
24.004267,3.475239,133.13008,79.87805
22.93741,3.475239,149.82375,75.60976
25.139246,3.475239,128.5788,61.269604
28.820856,2.0204945,85.873985,54.878048
22.226173,3.475239,73.67886,46.951214
22.869062,3.475239,65.04065,44.817074
22.403982,3.475239,72.15447,44.817074
23.29303,3.475239,68.08943,44.207317
32.005688,3.475239,104.166664,52.483753
23.313074,3.909644,99.085365,47.865852
23.900618,4.3440485,134.36841,52.134148
30.761023,4.1268463,86.89024,60.060974
30.227596,1.9660101,75.203255,56.707317
28.80512,3.475239,76.21951,44.49006
29.338549,1.9371557,121.12231,53.353657
27.738264,4.3440485,127.77563,46.646343
26.493599,4.3440485,85.873985,42.987804
26.31579,4.3440485,92.98781,41.15854
26.671408,4.3440485,130.0813,61.890244
27.897654,4.561251,192.07317,80.79269
28.80512,4.561251,201.72765,90.85366
30.227596,2.4043684,201.21951,84.45122
28.449503,5.212858,190.04065,71.03659
27.233923,4.3440485,198.67886,71.34146
24.359886,2.5158763,162.60162,65.85366
22.93741,2.3883278,136.17886,57.541683
23.115221,2.4024537,109.756096,56.09756
22.226173,3.475239,90.44715,50.30488
23.710758,3.475239,84.349594,56.09756
22.403982,2.3519168,76.727646,47.865852
28.644758,1.9504081,76.727646,41.067184
22.759602,2.4137065,79.268295,56.707317
23.29303,2.3493998,83.333336,52.743904
25.782362,3.909644,96.544716,49.795296
29.338549,4.995656,110.26423,53.353657
34.672832,1.7243458,123.98374,52.887592
34.85064,1.8131533,137.66795,56.09756
38.406826,1.5864555,117.37805,61.585365
35.73969,4.3440485,122.45935,50.609756
23.618164,4.3440485,115.85366,66.15854
31.29445,4.1268463,150.64236,69.20731
29.51636,4.3440485,122.967476,58.84592
28.093884,4.3440485,129.06505,79.87805
27.999893,4.561251,182.92683,96.95122
28.627312,4.7784534,166.39697,86.89024
29.694168,4.561251,178.86179,76.02378
27.382647,4.3440485,169.20732,80.18293
25.604551,4.3440485,153.96341,73.17073
24.359886,3.475239,146.8496,75.60976
23.470839,3.475239,133.13008,65.243904
23.29303,3.475239,119.9187,56.707317
22.759602,3.475239,99.5935,51.219513
22.403982,3.475239,93.49593,51.52439
22.226173,3.475239,85.873985,54.878048
22.581793,2.1127012,103.802216,52.43903
22.581793,3.475239,79.268295,44.675682
22.93741,3.475239,101.11789,49.912758
24.359886,3.909644,100.10162,45.121952
28.627312,3.909644,106.70731,53.203182
23.591125,4.3440485,124.49187,51.219513
37.339973,4.3440485,136.0847,64.42576
38.762447,4.3440485,147.35773,67.37805
38.05121,4.3440485,103.65854,57.621952
33.25035,4.3440485,101.626015,53.692623
23.77263,4.3440485,132.28253,62.795635
27.382647,4.3440485,108.73984,59.756096
27.382647,4.3440485,125.50814,69.81707
28.093884,2.373972,152.94716,78.35366
29.871977,4.561251,176.82927,74.39024
30.405403,4.7784534,163.96086,85.060974
28.093884,4.561251,172.2561,79.57317
25.96017,3.6924415,164.63414,69.627174
24.359886,3.475239,144.49747,68.902435
25.479254,3.475239,138.178,59.756096
23.29303,3.475239,92.98781,52.743904
23.48947,3.475239,82.8252,48.17073
22.048365,3.475239,125.23745,55.487804
22.403982,3.475239,76.727646,48.780487
22.403982,3.475239,114.90298,47.256096
24.004267,3.475239,123.80945,51.52439
25.346684,3.475239,134.46663,55.182926
34.495018,3.475239,91.97154,50.30488
28.594557,1.9661342,76.727646,50.914635
30.049788,2.8236315,84.349594,57.621952
29.694168,3.475239,141.15213,63.414635
24.022648,3.6924415,100.60976,60.365852
29.16074,1.8717256,114.192825,48.846344
28.627312,3.475239,83.333336,53.963413
27.560455,3.6924415,85.36585,47.007298
26.849218,2.2499173,96.03658,61.585365
26.849218,2.2737484,117.88618,63.109756
27.916075,3.6924415,154.47154,66.66336
31.65007,4.1268463,178.90752,102.743904
27.284975,6.2988706,214.4309,102.439026
30.227596,2.4507458,191.05692,93.90243
26.849218,3.6924415,128.71779,61.314438
24.715506,3.475239,149.39024,82.62194
24.749624,3.475239,108.231705,63.719513
23.671429,3.475239,84.349594,53.353657
22.226173,3.475239,81.808945,52.743904
21.692745,3.475239,81.808945,45.373043
22.403982,3.475239,69.61382,42.461346
22.403982,3.475239,119.44585,50.30488
23.64865,3.475239,76.21951,55.487804
32.36131,3.475239,98.57723,50.93973
33.428165,3.475239,93.49593,48.47561
30.405403,3.475239,127.044945,47.560974
28.52369,2.005026,80.28455,53.048782
30.405403,3.475239,77.743904,45.20924
29.871977,3.909644,90.44715,49.01464
29.694168,4.1268463,83.333336,55.487804
28.627312,4.3440485,69.61382,53.353657
26.13798,3.909644,80.28455,55.487804
25.96017,4.3440485,97.560974,62.5
25.604551,4.3440485,142.03844,62.5
27.560455,4.1268463,177.3374,90.85366
30.583216,2.3596027,216.97154,87.80488
33.428165,4.561251,215.44716,86.89024
30.049788,2.438163,205.28455,90.54878
26.493599,3.475239,178.86179,80.48781
25.967926,3.475239,135.1626,75.0
23.470839,3.475239,102.13415,63.719513
22.759602,2.3586237,89.939026,44.942474
22.226173,3.475239,82.31707,45.08802
21.870554,2.4415033,80.28455,54.57317
25.173834,3.475239,129.23122,50.609756
22.403982,3.475239,73.67886,51.82927
23.826458,3.475239,75.71138,57.92683
33.605976,3.475239,102.64227,60.67073
33.25035,3.6924415,136.33755,55.182926
29.338549,4.3440485,91.46342,44.207317
28.627312,1.9813522,82.31707,48.17073
22.470343,4.3440485,78.25203,47.91468
22.60858,4.3440485,93.49593,47.865852
28.271692,4.3440485,87.39838,43.292683
22.521013,4.1268463,85.36585,45.121952
22.922747,4.3440485,105.18293,51.219513
25.426743,4.3440485,102.13415,56.707317
26.493599,2.4104264,119.41057,71.95122
28.271692,4.3440485,185.97562,85.36585
30.583216,2.3762774,215.44716,85.67073
32.894737,2.2415051,220.02032,87.5
33.247486,2.4143355,201.72765,80.18293
27.204836,2.51179,177.84554,79.268295
18.847794,3.475239,136.17886,73.78049
5.156472,2.8900468,77.07888,63.719513
4.978663,3.475239,97.560974,55.182926
23.654745,3.475239,87.9065,47.658848
3.3783784,3.475239,85.873985,50.914635
3.5561879,3.475239,93.717674,52.743904
3.733997,3.475239,75.71138,52.743904
5.156472,3.475239,81.30081,51.04053
13.869132,2.8236315,110.772354,49.815342
14.224751,2.606429,102.64227,52.134148
10.135135,2.606429,92.98781,46.341465
24.641338,2.606429,76.21951,48.47561
8.89047,3.6924415,70.12195,48.596424
28.834126,1.885618,116.187706,49.703243
9.957326,3.475239,78.76016,51.82927
9.779516,3.0955472,70.63008,45.42683
8.71266,3.475239,90.955284,51.92265
7.823613,3.475239,92.479675,52.43903
7.6458044,3.475239,105.691055,59.146343
25.853716,3.475239,153.15535,75.60976
12.268847,3.5460963,178.35365,84.45122
14.046942,5.8644657,203.25203,87.93464
27.173584,4.3440485,186.99187,77.743904
8.357041,4.3440485,117.49308,55.00981
6.2233286,3.475239,152.94716,77.13415
4.623044,3.475239,106.70731,57.621952
25.11925,3.475239,125.55337,45.42683
3.733997,3.475239,89.43089,48.47561
3.200569,3.4325445,86.38211,50.30488
3.3783784,3.475239,70.63008,50.30488
28.30448,1.938732,69.10569,48.780487
5.3342814,3.3046253,74.18699,49.695118
15.113798,3.475239,92.479675,60.97561
15.825035,3.475239,110.486725,54.57317
12.446657,3.909644,113.58998,50.609756
13.869132,4.1268463,71.138214,46.646343
11.379801,3.475239,86.98484,39.32927
29.16074,4.3440485,97.05285,39.32927
28.627312,1.9322463,91.97154,42.378048
27.382647,1.998175,82.31707,43.292683
23.69294,4.3440485,126.82571,42.987804
27.560455,4.3440485,122.973206,41.15854
27.738264,4.3440485,105.691055,49.085365
28.449503,2.3073828,170.7317,67.98781
28.449503,5.647263,215.44716,72.256096
30.583216,5.212858,212.90651,77.439026
27.916075,5.212858,175.30487,71.95122
25.282368,4.561251,145.32521,74.69512
24.715506,3.475239,127.032524,72.86585
24.145979,3.475239,95.020325,59.451218
23.52324,3.475239,80.79269,53.048782
22.759602,2.350015,75.203255,50.914635
21.692745,3.475239,112.277466,46.341465
22.048365,2.0338597,93.070885,45.121952
22.581793,3.475239,59.451218,49.085365
22.93741,2.0477223,99.11364,43.466736
23.638676,3.475239,90.44715,41.15854
26.671408,3.475239,105.18293,39.32927
30.405403,4.561251,111.28049,46.646343
35.73969,1.6463561,129.43315,47.256096
34.672832,3.475239,140.2439,63.79228
36.806545,3.475239,152.94716,53.658535
25.582552,3.6924415,147.86586,54.878048
34.139404,1.8630463,139.3806,58.841465
30.405403,3.909644,153.45529,67.48828
28.449503,4.995656,145.86298,57.317074
27.738264,4.3440485,147.35773,64.32927
28.271692,2.5081701,157.55864,86.28049
28.271692,5.430061,176.08284,87.19512
28.271692,4.995656,210.87398,88.10975
26.671408,4.561251,134.21298,63.599216
25.071123,3.909644,143.29268,63.43212
24.537695,2.3243997,142.78455,59.30308
23.470839,3.475239,122.45935,61.585365
23.115221,3.475239,92.479675,58.536587
22.759602,3.475239,125.15437,53.963413
22.048365,2.172685,102.40962,52.743904
23.370678,3.475239,74.69512,52.43903
22.403982,3.475239,67.5813,50.30488
22.759602,3.475239,70.63008,52.743904
22.93741,3.475239,77.743904,52.743904
24.537695,2.237899,87.39838,44.126106
27.916075,3.6924415,103.65854,47.865852
29.528341,2.023049,127.59642,58.536587
36.095306,4.3440485,155.99594,63.109756
38.406826,4.3440485,140.0074,53.353657
38.05121,4.3440485,111.28049,59.756096
34.31721,4.3440485,107.72358,55.511868
29.51636,4.3440485,115.85366,50.30488
27.382647,4.3440485,120.42683,43.59756
26.849218,4.3440485,130.10661,48.17073
28.982931,2.2496717,154.97968,70.12195
27.244669,4.3440485,190.54878,76.5244
30.049788,4.3440485,205.28455,79.57317
27.916075,4.3440485,193.59756,70.12195
26.131882,4.1268463,175.813,70.12195
24.359886,3.475239,151.42276,63.414635
30.06917,2.064395,108.73984,60.060974
23.29303,3.475239,84.349594,45.48471
22.403982,2.3828096,82.8252,43.15064
21.692745,3.475239,77.743904,44.47035
22.048365,2.3977,70.12195,39.681763
22.581793,3.475239,115.80328,48.17073
23.64865,3.475239,71.138214,53.963413
33.428165,3.040834,132.57623,53.353657
33.605976,2.8236315,108.231705,50.914635
29.350306,1.8889331,84.85773,42.987804
32.716927,3.909644,83.84146,46.951214
31.65007,3.475239,76.727646,50.0
29.338549,3.6924415,79.268295,56.40244
28.982931,4.3440485,63.00813,51.52439
27.804142,1.9515922,59.451218,51.52439
27.027027,2.0943046,73.67886,40.844795
26.493599,4.3440485,74.69512,57.012196
26.493599,4.3440485,86.38211,50.48067
27.916075,4.561251,157.52032,81.70731
30.938831,2.3308256,209.85773,84.756096
32.53912,4.7784534,230.69106,100.0
29.51636,1.8616173,116.83301,49.843628
26.31579,3.6924415,161.61827,85.36585
24.537695,2.525221,135.67073,71.95122
24.65699,3.475239,108.73984,57.92683
22.759602,3.475239,90.955284,47.279503
22.759602,3.475239,113.00272,45.42683
22.226173,3.475239,70.12195,45.73171
22.581793,3.475239,66.56504,50.609756
22.93741,3.475239,71.64634,45.73171
24.004267,3.475239,67.5813,41.71547
33.78378,1.8566946,135.36787,55.792683
34.31721,1.61209,86.38211,41.76829
29.338549,3.475239,77.23577,44.68277
24.443657,2.8236315,75.71138,52.743904
25.297556,2.606429,119.30241,56.132107
28.449503,2.606429,130.90251,58.536587
28.449503,2.069526,75.71138,57.317074
27.738264,3.6924415,136.8978,57.621952
25.782362,4.1268463,138.00166,58.23171
23.308008,4.7784534,134.71536,63.81127
30.012466,2.1425402,115.85366,65.243904
27.738264,4.561251,132.4381,62.851715
30.405403,4.561251,232.72357,89.63415
32.1835,4.561251,228.1504,103.04878
29.694168,4.7784534,174.55711,98.78049
26.31579,4.1268463,175.30487,73.15756
24.182077,3.475239,121.38799,57.10642
22.93741,3.2580364,117.37805,61.280487
22.226173,3.475239,132.23193,60.060974
21.870554,3.475239,126.601166,56.09756
28.741213,2.0157244,78.25203,58.841465
21.514936,3.475239,119.920876,52.43903
22.226173,3.475239,70.12195,54.26829
23.470839,3.6924415,72.15447,58.23171
33.25035,4.3440485,143.16682,58.841465
32.894737,3.475239,98.57723,52.743904
29.338549,1.9454393,94.51219,48.47561
28.271692,4.561251,82.8252,50.0
27.382647,4.561251,137.93893,55.182926
22.600613,4.561251,83.84146,50.300488
27.204836,4.561251,79.268295,50.609756
22.345713,4.3440485,69.10569,49.085365
25.604551,2.1997716,79.77642,53.658535
22.545412,4.561251,84.349594,46.341465
25.782362,4.3440485,100.60976,62.80488
27.560455,4.3440485,162.49518,86.89024
29.694168,2.3751392,223.57724,83.84146
30.049788,4.3440485,162.44624,84.14634
28.449503,4.3440485,192.5813,76.21951
25.604551,4.3440485,182.92683,75.60976
23.826458,4.561251,131.6057,74.69512
22.93741,3.475239,145.96823,71.34146
24.88367,3.040834,96.03658,56.40244
22.226173,3.475239,83.333336,50.609756
21.692745,3.040834,81.30081,53.658535
21.514936,3.2580364,69.10569,46.951214
23.267597,3.2580364,66.05691,41.769497
25.553986,3.2580364,127.696556,60.909008
32.53912,3.2580364,92.479675,56.40244
34.495018,3.909644,92.98781,45.73171
28.627312,1.8958035,81.808945,41.15854
27.916075,1.8984886,110.91929,47.57442
22.33354,4.1268463,76.727646,48.17073
27.027027,2.1458068,80.28455,55.792683
27.916075,2.8236315,91.97154,53.658535
24.956982,3.6924415,132.23059,51.52439
25.426743,4.1268463,136.32727,57.317074
23.916035,3.909644,114.32927,56.07062
25.782362,4.3440485,149.54135,71.34146
28.982931,4.3440485,180.38618,84.756096
29.871977,4.561251,170.15959,93.29269
32.005688,5.647263,184.04036,101.82927
28.982931,5.647263,179.71893,89.02439
25.604551,4.3440485,176.82927,89.02439
24.359886,3.6924415,135.67073,60.668247
22.93741,2.606429,127.990105,64.02439
22.581793,2.4005985,94.51219,50.609756
22.403982,2.606429,99.085365,48.780487
21.692745,2.606429,87.39838,51.82927
29.271109,1.9077733,82.8252,46.036587
22.581793,2.606429,104.7153,47.865852
23.470839,2.3166454,69.61382,53.963413
32.53912,3.475239,96.544716,53.353657
29.35318,1.8733652,117.11515,48.780487
30.583216,1.8805654,82.8252,50.914635
29.694168,4.561251,78.76016,49.21464
28.449503,4.561251,130.9298,48.17073
28.271692,1.9932408,88.414635,47.560974
27.382647,4.3440485,81.30081,45.73171
26.671408,4.3440485,87.9065,50.415714
25.782362,4.3440485,95.52846,59.146343
25.604551,4.3440485,140.3148,60.97561
30.041023,2.1595957,119.41057,65.243904
27.382647,2.4854696,164.63414,80.18293
27.89166,4.561251,202.7439,82.92683
33.067486,2.4458294,215.44716,89.939026
27.382647,5.212858,198.67886,82.1917
24.893314,4.7784534,181.40244,84.756096
24.004267,4.1268463,139.73578,62.567913
23.29303,3.475239,152.6808,78.35366
22.759602,3.475239,132.02376,59.451218
23.670446,3.475239,85.36585,51.219513
22.403982,3.475239,77.743904,44.26242
22.581793,3.475239,71.138214,51.52439
22.93741,3.475239,67.07317,53.963413
27.454994,2.0379126,62.5,57.621952
23.826458,2.0492117,102.55639,44.996647
25.96017,4.1268463,83.84146,47.560974
28.982931,3.475239,133.99881,54.878048
30.938831,1.9623666,125.0,53.658535
33.25035,1.8513342,137.19513,56.40244
27.738264,4.3440485,129.06505,53.963413
18.669987,4.3440485,145.32521,50.0
21.337126,2.619706,155.48781,58.841465
25.947695,4.3440485,167.68292,73.47561
9.423898,4.3440485,166.68915,83.53658
8.71266,4.3440485,172.2561,81.097565
10.312944,4.3440485,215.95529,92.68293
16.002846,4.3440485,230.18292,93.59756
29.338549,4.7784534,210.87398,95.42683
27.204836,4.3440485,159.90714,82.92683
25.604551,4.3440485,169.20732,76.5244
25.710646,4.3440485,161.58537,74.085365
23.64865,3.475239,136.17886,76.82927
24.964075,3.040834,106.70731,52.26126
22.759602,3.475239,96.03658,57.012196
22.226173,3.2580364,90.955284,55.487804
22.048365,3.475239,78.25203,44.612736
22.403982,3.2580364,77.23577,55.487804
22.759602,3.040834,70.12195,41.085663
22.93741,3.475239,118.28607,55.37792
24.537695,3.475239,81.808945,48.17073
28.627312,1.9436315,119.83247,53.658535
35.384068,1.783234,139.30357,57.92683
38.05121,1.674009,169.20732,63.414635
29.899673,2.2962513,146.35901,72.86585
38.22902,4.3440485,153.96341,74.39024
32.716927,4.1268463,126.52439,64.32927
28.982931,4.7784534,140.75203,63.109756
24.109268,4.561251,131.09756,67.68293
26.671408,4.3440485,130.58943,61.585365
28.093884,4.1268463,151.9309,74.39024
29.871977,4.7784534,156.5285,76.5244
31.116644,4.561251,172.76422,84.45122
31.956074,2.410607,173.27235,84.14634
27.454908,4.995656,174.28862,84.756096
24.715506,4.7784534,143.29268,67.19351
23.115221,3.475239,109.756096,65.54878
22.93741,3.475239,91.46342,54.57317
22.759602,3.475239,87.39838,53.658535
22.226173,2.4644628,83.84146,59.451218
22.226173,3.475239,71.64634,54.26829
22.581793,3.475239,71.64634,51.52439
28.506039,1.9499582,74.18699,40.48399
33.78378,1.8367352,136.4052,56.707317
32.716927,1.7734371,125.1032,52.859386
30.227596,4.3440485,132.13254,48.780487
31.116644,4.3440485,75.71138,55.792683
30.049788,4.3440485,76.21951,47.026264
29.338549,4.3440485,89.43089,50.018208
29.51636,4.3440485,82.8252,54.57317
28.80512,2.0078685,76.727646,53.353657
23.941652,4.3440485,136.81697,53.963413
26.671408,2.1400652,85.36585,53.048782
22.751238,4.3440485,95.52846,54.26829
28.982931,4.3440485,153.45529,78.96342
30.583216,4.3440485,170.03242,92.37805
26.078487,4.561251,170.37518,94.20731
29.338549,2.5723267,193.08943,97.86585
25.96017,4.7784534,182.4187,86.28049
24.537695,4.3440485,159.55284,75.914635
22.93741,4.1268463,108.231705,62.19512
22.581793,3.475239,97.560974,58.841465
22.759602,3.475239,124.67444,54.26829
22.403982,3.475239,78.25203,51.82927
22.581793,3.475239,68.597565,57.92683
23.164785,3.475239,69.10569,52.743904
23.826458,4.561251,68.597565,49.19154
24.206596,3.475239,96.544716,60.060974
32.1835,3.475239,129.6153,48.17073
28.271692,2.0247102,84.349594,52.43903
23.29571,3.475239,75.71138,50.914635
22.872408,3.6924415,69.61382,56.09756
27.738264,2.0418475,78.25203,41.617542
28.80512,3.909644,135.42998,54.57317
28.449503,2.0722587,69.10569,58.841465
22.967398,4.3440485,84.349594,71.64634
25.604551,4.3440485,103.150406,70.42683
26.13798,4.3440485,134.14635,71.03659
28.80512,4.3440485,194.1057,79.626335
32.005688,4.3440485,167.53032,88.414635
32.894737,4.7784534,245.93495,96.64634
29.694168,4.561251,134.08858,63.5514
26.31579,4.3440485,223.57724,87.41191
24.537695,4.561251,165.6504,81.097565
23.115221,3.909644,118.39431,55.523922
22.581793,3.475239,98.06911,64.02439
22.403982,3.475239,90.955284,55.487804
21.337126,3.2580364,74.69512,58.841465
21.692745,3.2580364,69.61382,50.914635
28.358038,1.9801775,72.662605,53.048782
23.826458,3.475239,71.64634,42.348465
24.003517,3.475239,97.05285,50.499424
33.605976,1.722159,88.92277,43.607826
29.871977,4.561251,83.84146,50.30488
30.761023,4.3440485,94.51219,51.216747
30.049788,4.3440485,95.52846,58.536587
29.871977,4.3440485,110.26423,60.060974
23.8342,4.3440485,134.75064,52.43903
27.560455,4.3440485,91.97154,60.060974
25.96017,4.3440485,101.11789,73.47561
25.604551,2.2248166,101.626015,48.152412
25.782362,2.270073,129.05804,67.07317
28.093884,4.3440485,158.81021,80.48781
30.761023,2.3522651,230.18292,88.414635
30.405403,4.3440485,232.21545,90.62294
28.627312,4.3440485,211.89024,85.060974
25.782362,2.7508075,161.80846,94.20731
24.182077,4.3440485,133.63821,92.68293
23.115221,3.475239,152.65857,78.65854
25.87207,3.2580364,138.60799,60.67073
22.581793,2.1369135,105.24218,54.26829
22.226173,3.040834,73.67886,58.23171
23.881586,3.040834,71.64634,51.52439
22.581793,3.2580364,71.138214,50.914635
23.64865,2.2744439,79.268295,42.105568
32.53912,3.040834,98.57723,59.146343
32.36131,3.040834,99.085365,48.780487
28.627312,3.2580364,94.00407,44.512196
27.204836,3.040834,85.873985,53.658535
27.382647,4.1268463,132.9554,52.134148
22.382505,4.1268463,74.18699,52.134148
28.093884,1.9561763,67.07317,45.42683
27.560455,3.909644,68.597565,45.42683
26.31579,2.1242013,84.85773,49.695118
25.782362,2.066007,113.95107,53.963413
25.782362,4.3440485,137.31482,57.012196
27.916075,4.561251,177.3374,75.60976
30.227596,4.561251,172.74214,96.64634
31.65007,6.081668,184.04036,91.46342
29.338549,6.2988706,216.46341,85.060974
25.782362,4.3440485,187.5,88.71951
25.798738,4.3440485,148.88211,83.231705
22.93741,3.6924415,112.80488,67.98781
22.581793,2.2102182,108.934494,56.09756
22.403982,3.475239,91.97154,53.353657
22.403982,3.2580364,81.30081,44.427975
22.403982,3.475239,79.268295,50.914635
22.759602,2.3746831,67.5813,53.963413
23.826458,3.475239,71.64634,55.182926
24.45967,3.040834,85.36585,56.40244
23.939535,3.475239,98.06911,46.036587
31.29445,3.475239,92.98781,47.865852
28.982931,3.475239,127.24113,60.711014
27.382647,3.909644,74.69512,44.564556
27.560455,4.1268463,96.544716,55.792683
28.982931,4.3440485,129.99345,47.256096
22.63765,4.3440485,93.49593,50.98651
26.671408,4.1268463,99.085365,51.219513
26.31579,4.3440485,111.28049,45.121952
27.560455,4.3440485,124.49187,49.085365
26.436344,4.1268463,176.32114,78.04878
27.679497,4.3440485,210.36586,77.439026
30.049788,4.995656,161.07619,78.04878
28.449503,4.561251,194.61382,75.60976
25.96017,4.3440485,172.2561,72.59975
24.715506,4.3440485,151.42276,72.86585
23.826458,3.6924415,117.37805,55.255554
24.674833,3.2580364,98.06911,61.890244
22.93741,2.354549,91.97154,45.47659
22.403982,3.475239,82.8252,49.390244
22.581793,3.040834,73.67886,41.98672
22.759602,3.040834,70.12195,43.90244
23.221619,3.475239,72.662605,51.219513
23.826458,3.475239,119.68881,49.085365
27.027027,3.475239,87.9065,47.43841
32.1835,4.7784534,99.5935,52.743904
25.090641,3.475239,127.032524,52.134148
38.406826,3.475239,127.032524,47.560974
39.651493,3.2580364,130.0813,37.80488
40.00711,3.6924415,129.57317,35.97561
38.762447,4.1268463,130.58943,49.695118
25.00326,4.1268463,141.7683,68.902435
30.583216,3.6924415,138.97746,59.146343
29.338549,3.475239,148.88211,64.879135
31.29445,4.995656,203.76016,80.48781
30.938831,5.212858,239.8374,91.89124
30.227596,4.3440485,232.21545,85.97561
25.691685,4.3440485,186.48373,77.78906
25.96017,4.3440485,150.34949,73.17073
24.893314,2.3264236,126.62898,66.46342
24.004267,4.1268463,142.28847,65.85366
23.29303,3.2580364,116.35518,54.284924
23.29303,3.2580364,115.42649,53.81957
22.226173,3.040834,88.92277,43.59756
21.692745,3.909644,73.67886,46.538803
22.581793,4.1268463,63.00813,40.548782
22.581793,3.475239,65.04065,40.548782
25.164694,3.475239,128.98967,61.441536
23.76887,3.2580364,83.333336,43.292683
27.204836,4.3440485,122.8887,40.243904
31.29445,3.2580364,125.50814,59.756096
33.428165,3.2580364,167.17479,71.95122
36.628735,3.475239,147.17227,65.54878
36.095306,4.3440485,135.1626,63.414635
30.938831,2.0643961,119.9187,67.98781
28.271692,4.3440485,133.63821,63.109756
27.738264,4.561251,131.6057,50.914635
26.671408,4.3440485,151.42276,57.012196
28.271692,2.267958,166.15854,65.54878
29.871977,2.1839738,171.74797,67.37805
30.405403,2.0130742,189.53252,71.83225
28.271692,2.4417179,193.08943,77.439026
25.96017,4.7784534,167.17479,75.30488
24.359886,4.561251,158.02846,68.96221
23.115221,4.3440485,132.62195,62.097923
22.759602,4.1268463,129.25392,61.230427
22.581793,3.2580364,86.89024,41.76829
21.870554,3.475239,81.808945,48.47561
22.048365,3.475239,115.056625,53.64772
22.759602,3.475239,66.56504,44.512196
24.182077,2.0073667,101.88858,44.389236
29.500134,2.016869,104.166664,48.339367
34.85064,2.8236315,99.5935,52.43903
30.583216,3.2580364,87.9065,46.036587
22.355974,3.909644,69.10569,49.085365
29.871977,3.6924415,133.92638,53.658535
30.938831,3.6924415,83.333336,46.933464
30.761023,1.84928,80.79269,49.390244
29.694168,1.8125423,113.81545,47.256096
23.368206,3.6924415,89.43089,48.68417
26.849218,3.475239,96.03658,50.914635
23.86288,3.6924415,100.10162,55.182926
29.16074,2.3417153,147.41226,75.0
31.65007,3.909644,208.84146,80.18293
32.894737,4.561251,195.63008,83.231705
30.405403,2.3133826,184.95935,81.402435
32.462708,2.2759066,177.84554,68.902435
24.715506,5.212858,140.75203,65.85366
23.115221,3.909644,134.87997,57.317074
29.433554,1.8618578,117.08495,50.30488
25.023182,2.606429,86.89024,46.259483
22.403982,3.040834,85.36585,45.04876
22.403982,3.040834,110.95183,48.17073
22.759602,3.040834,101.564735,40.548782
24.004267,3.040834,112.15963,47.256096
32.36131,1.8183167,95.52846,50.609756
33.605976,1.7322417,94.00407,51.219513
29.694168,2.606429,75.203255,44.512196
29.871977,1.9439831,71.138214,51.52439
28.449503,2.3892267,79.77642,55.487804
28.449503,3.475239,86.38211,50.30488
29.16074,1.9096698,84.85773,45.73171
28.449503,3.475239,76.727646,49.085365
26.849218,3.040834,80.79269,49.695118
25.638748,3.2580364,131.2077,52.43903
23.799927,3.475239,88.414635,53.353657
29.338549,2.2939377,143.29268,77.743904
31.472263,2.3461897,202.23578,92.37805
32.222168,2.5252898,212.90651,92.68293
27.264988,4.3440485,185.46748,80.18293
26.671408,4.3440485,197.15446,77.13415
24.537695,3.6924415,151.42276,66.46342
23.29303,2.8236315,117.88618,58.536587
26.063244,3.040834,131.0492,53.048782
22.759602,2.0293972,97.63617,47.865852
22.048365,3.040834,83.333336,50.30488
24.090385,3.040834,81.808945,45.121952
22.759602,3.2580364,71.64634,46.646343
24.359886,3.040834,78.76016,43.8122
34.139404,2.606429,105.691055,43.59756
34.139404,2.3892267,103.150406,49.47363
31.827883,2.3892267,90.44715,46.19621
25.127295,2.3892267,81.808945,45.73171
23.99951,2.8236315,69.10569,45.42683
29.338549,1.9149417,81.30081,45.42683
29.51636,3.2580364,81.808945,51.52439
28.449503,3.475239,75.71138,51.219513
26.671408,3.2580364,82.8252,54.26829
26.31579,3.2580364,84.349594,53.353657
24.063328,3.475239,98.57723,50.97021
28.449503,3.6924415,160.06097,73.17073
32.1835,5.430061,214.4309,79.57317
31.827883,4.3440485,209.85773,83.231705
26.711214,4.3440485,188.51627,70.731705
26.671408,4.1268463,175.30487,65.85366
24.893314,3.2580364,146.34146,55.792683
23.115221,3.2580364,115.34553,50.609756
22.581793,2.8236315,93.49593,47.04412
22.759602,3.2580364,84.85773,45.224415
22.048365,3.2580364,100.429054,39.634148
23.829947,3.040834,78.25203,38.414635
22.93741,2.3210988,73.17073,40.56818
24.182077,3.475239,116.34183,45.73171
25.152027,2.606429,89.939026,48.47561
36.273117,2.606429,91.97154,49.695118
31.65007,1.7646987,90.955284,44.512196
24.989979,2.606429,85.873985,49.695118
29.51636,2.606429,83.333336,38.109756
29.16074,2.606429,92.479675,38.109756
30.049788,1.8841145,96.544716,43.59756
28.627312,2.8236315,77.743904,40.548782
24.881607,3.040834,115.85492,40.853657
26.493599,2.606429,93.49593,36.280487
30.048609,1.9297704,104.166664,43.292683
28.80512,2.3410766,166.15854,76.82927
31.827883,4.3440485,221.03659,87.89593
33.605976,2.1430151,206.80894,81.70731
29.871977,4.561251,195.12195,71.64634
26.31579,4.3440485,169.20732,76.5244
24.893314,2.270693,131.09756,55.73424
23.470839,3.040834,101.626015,49.71261
22.581793,3.2580364,84.349594,42.682926
22.581793,3.040834,81.30081,36.585365
22.048365,2.8236315,74.18699,41.630524
22.581793,3.2580364,65.04065,38.719513
22.759602,3.2580364,100.48811,39.02439
22.026514,4.1268463,61.483738,41.463413
33.605976,2.3892267,92.479675,53.353657
34.31721,2.3892267,99.5935,48.530815
30.405403,2.8236315,93.49593,46.951214
24.146933,3.040834,79.77642,52.43903
29.694168,3.040834,82.31707,56.707317
28.982931,3.2580364,97.05285,49.49191
28.627312,3.040834,106.70731,57.92683
27.916075,3.475239,137.59755,59.146343
26.849218,3.2580364,105.18293,61.585365
26.31579,2.3144572,113.31301,62.80488
27.027027,2.2993567,134.14635,66.15854
25.860844,3.475239,152.78226,75.0
28.80512,3.909644,207.31708,75.914635
30.049788,4.561251,228.1504,71.95122
28.093884,4.1268463,188.51627,77.41418
26.13798,4.561251,169.71545,71.34146
24.537695,4.561251,140.2439,64.60513
24.488047,3.909644,129.86519,61.795444
22.93741,3.475239,101.11789,46.951214
22.759602,3.040834,86.38211,42.07317
22.759602,3.040834,81.808945,46.646343
22.581793,2.0645373,99.48984,43.694206
28.700361,1.8204517,65.54878,38.414635
23.115221,3.040834,70.12195,46.951214
24.41632,3.909644,126.66625,45.42683
27.382647,3.040834,86.89024,42.07317
32.36131,1.8806047,111.78862,55.487804
33.605976,2.606429,118.902435,53.658535
33.78378,2.606429,112.80488,49.695118
35.917496,3.2580364,133.13008,50.914635
34.31721,3.475239,118.902435,47.560974
33.961594,1.7416505,126.01626,53.18541
31.827883,3.2580364,141.26016,50.914635
25.944433,3.475239,153.96341,50.30488
29.16074,3.2580364,132.97148,54.57317
27.58722,3.475239,187.5,69.51219
27.288424,5.647263,214.93903,69.51219
28.627312,4.995656,203.76016,74.085365
27.382647,4.3440485,148.10036,69.51219
32.90187,2.245994,177.84554,70.42683
24.537695,3.6924415,150.40651,63.414635
23.826458,3.2580364,129.97267,58.23171
23.115221,2.3700287,96.03658,50.609756
23.207312,3.475239,77.743904,42.378048
22.648731,3.475239,66.05691,36.890244
22.581793,3.475239,66.56504,41.679523
22.759602,3.2580364,58.43496,39.02439
22.93741,3.475239,58.94309,38.109756
23.470839,3.475239,66.56504,41.51675
25.782362,1.7435038,91.63115,36.280487
24.762278,2.8236315,89.939026,46.646343
36.095306,2.606429,127.032524,54.26829
39.295876,2.8236315,165.14227,50.0
40.362732,3.2580364,151.42276,53.963413
38.762447,1.4642756,118.39431,45.73171
34.495018,1.6137567,109.756096,38.414635
31.65007,3.6924415,107.21545,37.19512
28.093884,3.6924415,108.231705,43.90244
23.413582,4.1268463,110.772354,48.17073
24.280886,4.3440485,150.40308,68.902435
31.472263,4.561251,177.84554,75.599945
25.848486,5.212858,167.58736,80.18293
29.338549,4.561251,180.8943,76.204414
26.13798,4.995656,146.8496,67.07317
24.537695,4.7784534,129.57317,68.597565
23.64865,3.475239,103.65854,57.012196
25.155338,3.475239,125.43344,45.42683
22.403982,3.040834,85.873985,44.9965
21.870554,3.2580364,85.873985,50.0
21.692745,3.2580364,70.63008,41.76829
22.759602,3.2580364,67.07317,43.59756
23.64865,3.2580364,78.25203,49.695118
33.605976,3.040834,91.46342,48.789783
33.78378,2.606429,97.05285,52.43903
24.965168,2.606429,85.36585,45.614853
29.694168,3.040834,84.85773,50.30488
29.871977,3.2580364,126.67397,60.483994
29.16074,3.040834,91.97154,52.743904
30.049788,3.2580364,80.28455,50.30488
29.338549,3.475239,72.15447,43.518414
27.204836,2.0686657,79.77642,42.044617
26.849218,3.475239,127.58222,50.609756
27.204836,3.475239,90.44715,50.30488
28.80512,2.268624,154.97968,68.902435
31.29445,2.2905128,200.71138,81.70731
33.605976,4.561251,223.0691,78.96342
29.871977,4.561251,208.33333,72.560974
26.849218,4.561251,192.07317,74.39024
24.893314,4.3440485,135.67073,63.414635
23.470839,3.6924415,108.231705,60.365852
22.759602,3.475239,98.06911,47.560974
22.759602,3.2580364,101.77191,39.634148
24.283005,3.040834,90.955284,39.634148
22.581793,2.3379269,73.67886,40.819984
23.115221,1.8905507,90.18604,39.939026
23.826458,3.6924415,79.268295,45.216244
34.85064,2.606429,92.479675,52.743904
24.517784,3.2580364,103.65854,51.721287
29.871977,2.606429,101.11789,46.341465
29.16074,1.9782498,88.92277,43.940067
29.376081,1.9444005,86.38211,50.30488
28.627312,3.475239,102.13415,51.82927
28.982931,3.475239,80.79269,49.085365
29.51636,3.475239,69.61382,42.748024
22.984003,3.475239,69.61382,45.121952
25.96017,3.475239,85.873985,46.643463
29.156507,1.985039,89.43089,51.52439
25.417051,3.6924415,131.09756,74.39024
31.827883,3.475239,190.54878,89.63415
33.78378,4.7784534,196.64635,98.78049
27.853718,4.561251,175.30487,92.07317
26.671408,2.4892867,175.30487,76.21951
24.715506,3.040834,135.58383,62.5
29.693909,2.025904,100.10162,56.09756
23.115221,3.040834,88.414635,43.90244
22.759602,3.2580364,77.743904,41.76829
22.759602,2.3222964,71.64634,47.560974
22.759602,3.040834,73.67886,41.463413
29.143179,1.7590333,109.121346,43.59756
24.182077,3.040834,116.72165,50.0
35.56188,2.606429,90.955284,54.26829
36.628735,2.606429,89.43089,51.82927
25.34876,2.606429,94.51219,48.528397
29.16074,2.606429,74.69512,42.771404
29.16074,3.475239,77.743904,50.0
29.694168,3.6924415,83.84146,47.17538
29.16074,3.6924415,130.21358,49.695118
29.220259,1.8046917,112.03493,45.121952
26.849218,3.6924415,88.414635,48.780487
26.849218,2.1481059,103.150406,54.26829
27.027027,4.1268463,108.231705,56.707317
24.80011,4.3440485,149.89838,64.939026
32.1835,4.3440485,211.38211,79.268295
34.139404,4.7784534,193.59756,94.51219
25.216127,4.995656,159.64137,75.0
26.493599,4.561251,187.5,77.78416
24.893314,2.4244604,134.1988,72.560974
23.470839,3.040834,105.18293,62.80488
22.93741,2.331387,86.38211,48.17073
23.115221,3.040834,106.03953,43.292683
29.327213,1.9173423,120.29946,52.43903
23.73747,3.040834,71.64634,46.951214
22.93741,3.040834,69.10569,49.695118
23.349957,3.475239,74.18699,53.658535
35.56188,2.8236315,99.5935,54.57317
29.929913,1.9714109,102.64227,49.390244
31.827883,2.606429,116.19095,41.463413
24.267712,3.040834,84.349594,46.40644
29.358526,1.9766781,123.6673,55.182926
29.16074,3.475239,96.03658,53.353657
24.487215,3.040834,90.955284,49.085365
28.093884,3.2580364,72.15447,47.865852
27.027027,2.0517588,78.76016,47.256096
26.849218,3.040834,87.39838,46.482014
26.671408,3.040834,109.24797,52.387623
28.80512,3.475239,146.08932,69.20731
31.65007,3.2580364,215.95529,84.5909
34.31721,4.3440485,223.57724,89.939026
24.609873,4.3440485,155.22275,73.47561
26.849218,4.3440485,157.91202,80.18293
24.893314,4.3440485,149.39024,68.902435
23.115221,2.4319603,104.166664,56.09756
22.93741,2.8236315,88.414635,43.90244
22.93741,2.8236315,100.79022,42.378048
22.759602,2.045629,98.674,49.085365
22.759602,1.954822,73.67886,43.59756
23.115221,1.954822,72.662605,44.817074
24.182077,2.1720243,73.67886,41.063133
35.73969,2.3892267,105.18293,52.743904
36.984352,2.606429,99.085365,53.353657
31.472263,2.1720243,87.39838,44.61077
30.227596,2.606429,80.28455,55.182926
29.51636,2.606429,83.84146,51.52439
29.51636,3.040834,96.03658,52.743904
24.734657,3.040834,94.51219,52.43903
28.093884,2.8236315,85.873985,52.43903
27.382647,3.2580364,129.82149,52.43903
25.63962,3.040834,126.86527,60.253155
24.359886,2.0973697,109.49197,54.57317
22.048365,3.909644,146.7773,72.86585
25.477875,3.909644,168.39734,91.768295
29.871977,3.475239,127.595314,60.86146
28.271692,3.475239,206.80894,81.64924
25.782362,3.6924415,181.40244,76.5244
24.537695,3.475239,150.20325,75.60976
23.470839,2.3892267,125.0,55.02735
22.93741,2.3892267,100.60976,52.743904
22.93741,2.3892267,90.44715,43.292683
22.759602,2.3892267,106.77407,51.219513
26.595177,2.1720243,75.71138,45.121952
23.29303,2.3892267,74.18699,46.036587
23.29303,1.954822,99.6535,44.224636
24.359886,2.2355447,81.30081,49.695118
28.271692,1.954822,85.873985,43.41486
35.20626,1.8263482,144.19492,62.5
37.873398,1.720252,148.86366,64.939026
39.295876,2.3892267,141.26016,55.792683
40.00711,3.040834,140.2439,59.756096
38.406826,3.2580364,127.54066,53.658535
36.806545,3.6924415,136.687,57.621952
34.495018,3.475239,135.67073,64.32927
25.32348,3.2580364,117.88618,59.146343
32.894737,3.475239,117.37805,69.20731
32.005688,3.475239,175.30487,73.62511
32.1835,3.475239,234.7561,77.743904
30.761023,3.475239,223.57724,88.10975
28.35734,3.475239,207.31708,78.65854
25.604551,3.475239,173.27235,77.439026
24.893314,3.475239,139.73578,77.439026
23.826458,2.606429,114.32927,70.12195
25.94548,2.3892267,97.560974,57.012196
22.93741,2.3892267,95.020325,46.951214
22.403982,2.1720243,89.939026,46.341465
26.257536,2.1720243,79.268295,58.536587
22.759602,2.1720243,72.15447,51.52439
25.85362,2.1720243,66.56504,51.82927
23.470839,2.1720243,74.69512,53.658535
25.071123,2.1720243,105.08118,48.17073
32.36131,1.811431,103.150406,52.43903
37.339973,1.788437,131.6057,73.47561
25.471241,2.8236315,123.04776,58.153976
28.324743,2.8236315,168.19106,81.097565
36.273117,2.8236315,153.82774,75.60976
31.827883,2.8236315,126.01626,61.585365
29.16074,2.1482806,125.50814,61.890244
27.027027,3.2580364,123.11388,58.324684
26.31579,2.3397758,134.14635,62.80488
27.189648,5.8644657,164.12602,74.085365
28.80512,5.8644657,190.04065,71.64634
28.627312,2.1393335,206.30081,76.957436
27.382647,5.212858,186.48373,79.31696
25.426743,2.582536,189.02438,76.5244
24.359886,0.86880976,152.94716,68.597565
23.115221,0.86880976,126.01626,64.02439
22.93741,0.86880976,105.18293,50.914635
22.759602,2.3212528,94.51219,45.73171
35.909996,0.86880976,84.85773,38.496918
35.918293,0.86880976,78.25203,43.90244
28.66792,1.9058629,77.23577,42.378048
23.470839,0.86880976,77.743904,50.914635
26.849218,1.0860121,89.43089,52.134148
30.049788,0.86880976,113.303215,51.52439
31.29445,0.86880976,89.939026,46.646343
33.072548,2.8236315,94.00407,58.23171
32.36131,3.475239,107.72358,63.719513
32.716927,2.8236315,118.902435,72.560974
29.52584,2.0227995,128.3547,58.23171
28.80512,2.606429,126.01626,60.060974
26.31579,2.606429,127.54066,69.51219
25.604551,2.606429,139.92813,68.29269
19.025604,2.8236315,128.04878,66.15854
27.738264,3.909644,182.4187,89.939026
28.000664,3.475239,231.19919,102.743904
30.049788,3.909644,216.46341,91.46342
27.738264,4.1268463,201.21951,81.16106
25.604551,2.6538386,189.53252,82.31708
24.537695,2.580902,148.37398,73.78049
23.29303,2.606429,128.04878,64.32927
22.759602,2.3812802,101.11789,47.731243
22.759602,2.606429,86.38211,44.700867
22.403982,2.606429,85.36585,52.43903
22.759602,2.606429,121.10816,59.756096
22.581793,2.606429,105.98555,48.553326
22.759602,2.3312223,83.84146,43.091988
25.26741,2.3892267,80.28455,53.963413
25.782362,2.3892267,88.92277,48.17073
27.139334,2.1720243,96.544716,50.0
31.29445,2.8236315,119.41057,59.756096
30.938831,2.3892267,134.65446,57.621952
32.53912,2.1720243,138.71951,57.621952
30.761023,1.9552838,133.63821,54.57317
30.049788,3.2580364,134.65446,48.47561
24.934553,3.475239,120.42683,56.09756
26.13798,3.2580364,123.98374,56.741653
26.31579,3.2580364,139.73578,53.048782
27.873951,3.2580364,187.5,64.02439
27.379505,4.1268463,223.57724,88.11705
29.16074,5.212858,210.87398,74.39024
27.560455,2.4308276,201.21951,74.085365
25.26011,3.909644,158.321,78.65854
26.03571,3.6924415,147.86586,75.914635
22.759602,2.4825866,113.82114,60.67073
22.759602,3.475239,102.13415,50.0
22.759602,2.274022,85.873985,43.292683
21.870554,3.475239,87.39838,50.609756
21.870554,3.475239,76.21951,42.07317
22.581793,3.475239,74.18699,42.987804
23.29303,3.6924415,76.727646,50.0
24.989891,3.040834,102.64227,52.43903
31.472263,3.475239,131.56538,50.609756
30.583216,3.6924415,100.60976,49.390244
30.049788,2.8236315,135.35246,58.536587
24.341455,3.475239,106.19919,49.390244
30.227596,1.90761,97.560974,45.807278
28.982931,3.2580364,95.020325,51.219513
29.469975,1.8697081,81.808945,43.59756
26.849218,3.475239,83.84146,46.341465
26.671408,2.0802085,86.38211,46.036587
26.671408,2.136317,98.57723,49.085365
27.916075,2.3636572,148.37398,72.560974
26.31579,4.3440485,232.72357,88.10975
32.53912,4.561251,242.88618,79.268295
28.80512,4.995656,206.80894,79.268295
26.13798,4.561251,162.09398,82.62194
24.359886,4.561251,133.13008,76.82927
23.29303,2.4717488,106.19919,62.5
22.759602,3.040834,108.61885,46.646343
22.759602,3.2580364,81.30081,45.73171
21.870554,2.4032078,80.28455,51.219513
21.870554,2.3217466,67.07317,43.90244
22.759602,3.475239,116.17733,48.47561
23.826458,2.3011749,72.15447,53.353657
34.495018,2.8236315,136.702,58.841465
34.31721,2.606429,127.21319,48.17073
29.603085,1.9477273,91.46342,44.893547
29.694168,2.8236315,77.743904,43.99347
24.893314,2.606429,118.79204,54.26829
29.428822,2.0483713,100.60976,55.792683
11.379801,3.0566404,79.268295,47.865852
22.403982,3.040834,74.18699,39.02439
24.067787,3.2580364,109.693886,35.97561
23.289867,3.475239,80.79269,41.15854
27.382647,3.475239,124.724815,46.951214
28.627312,3.6924415,135.67073,71.34146
32.36131,4.995656,166.35329,85.97561
32.1835,5.430061,221.03659,79.57317
26.828375,4.7784534,182.4187,70.12195
26.31579,2.5013504,158.02846,75.30488
24.538641,4.7784534,150.70665,68.29269
23.165762,4.3440485,110.772354,50.914635
22.759602,3.475239,85.36585,46.951214
29.012743,1.9492311,82.31707,42.507393
22.403982,3.475239,110.066605,43.292683
22.581793,3.475239,73.67886,43.436264
22.759602,3.475239,65.54878,45.121952
23.826458,2.2630422,73.67886,40.842457
34.31721,1.7485268,80.28455,56.09756
35.56188,3.040834,131.0933,50.30488
24.817682,3.040834,99.5935,49.085365
31.472263,3.2580364,92.479675,48.750526
31.116644,3.040834,71.64634,49.390244
30.227596,2.8236315,85.873985,48.17073
29.16074,3.2580364,78.25203,45.121952
29.16074,3.2580364,121.6445,44.817074
27.382647,3.040834,83.333336,41.463413
30.078379,1.8794395,100.10162,39.32927
27.560455,3.2580364,102.64227,41.15854
29.51636,3.475239,144.30894,59.451218
31.116644,4.561251,201.72765,82.31708
31.116644,4.995656,187.5,87.19512
28.80512,4.561251,152.38458,71.64634
25.864344,4.3440485,148.37398,84.14634
24.715506,4.3440485,117.88618,71.34146
23.64865,4.3440485,103.150406,66.15854
23.115221,3.909644,93.49593,53.353657
22.93741,2.606429,84.349594,49.085365
22.581793,2.606429,78.25203,42.756756
24.357038,2.8236315,82.8252,41.15854
23.754211,3.040834,72.662605,43.90244
22.759602,2.8236315,109.31712,50.325123
24.004267,3.040834,84.85773,46.341465
26.849218,3.040834,119.28808,56.180687
32.53912,3.040834,112.296745,47.256096
33.78378,3.2580364,122.967476,57.865707
34.672832,3.475239,116.361786,56.51916
34.139404,3.2580364,125.0,36.890244
25.158424,3.475239,126.58812,46.036587
33.961594,3.475239,114.837395,47.865852
29.51636,3.475239,129.63448,61.712605
27.560455,3.475239,139.73578,56.09756
25.720892,3.475239,139.73578,58.841465
28.627312,3.475239,163.61789,69.03472
27.682093,4.3440485,206.80894,73.47561
30.583216,4.7784534,160.26897,79.268295
27.738264,3.6924415,163.10976,69.51219
26.13798,2.8236315,147.86586,66.768295
25.604551,2.8236315,134.14635,63.109756
26.110367,3.040834,131.6057,58.23171
23.826458,3.2580364,107.21545,53.353657
23.115221,3.040834,95.020325,47.846115
22.93741,2.8236315,86.38211,41.76829
22.93741,2.8236315,81.808945,46.646343
23.115221,2.606429,74.69512,41.463413
23.29303,2.225357,73.17073,42.378048
24.004267,2.606429,106.28774,46.646343
25.248934,3.2580364,114.69353,45.121952
28.093884,2.606429,107.21545,47.865852
31.65007,2.8236315,117.88618,52.743904
34.85064,3.040834,160.06097,62.80488
27.192646,2.8236315,158.02846,67.08143
35.56188,3.2580364,125.50814,61.585365
32.894737,3.2580364,111.28049,54.443398
28.271692,3.2580364,135.09851,57.621952
25.076488,3.2580364,113.82114,54.57317
26.849218,3.2580364,121.761345,57.640003
28.093884,3.475239,144.30894,63.572426
29.51636,2.2698429,178.86179,73.47561
18.847794,4.3440485,197.6626,79.06446
27.916075,4.7784534,177.84554,74.69512
25.782362,2.3560596,136.49379,71.95122
24.715506,3.040834,143.51761,68.597565
23.470839,2.181255,111.63495,56.707317
22.759602,2.8236315,85.36585,51.219513
22.759602,2.606429,84.349594,44.817074
22.403982,2.387663,88.414635,44.57653
22.581793,2.606429,94.50183,40.853657
22.581793,2.8236315,78.25203,42.07317
23.64865,2.3892267,81.808945,45.73171
34.31721,2.3892267,79.77642,48.780487
33.605976,2.1720243,85.36585,48.47561
30.227596,1.8193219,115.82644,47.560974
30.227596,1.7376195,116.72675,48.56694
28.982931,1.954822,68.597565,39.27857
25.21499,2.3892267,77.743904,52.743904
29.694168,1.8823439,77.743904,44.512196
27.916075,2.8236315,108.3217,40.548782
24.124725,2.8236315,71.64634,45.73171
27.027027,3.040834,75.71138,46.951214
26.849218,3.6924415,94.51219,49.43532
25.378958,4.1268463,158.02846,62.80488
27.375355,3.909644,192.5813,80.79269
27.743187,4.3440485,203.25203,81.402435
30.049788,2.2869358,197.6626,74.085365
26.671408,3.909644,175.30487,68.597565
26.416508,3.040834,136.17886,62.5
23.29303,3.2580364,116.86992,57.621952
23.115221,3.040834,92.479675,49.695118
22.93741,2.2971156,79.77642,45.42683
22.403982,2.8236315,78.25203,42.682926
22.581793,2.606429,65.04065,39.02439
22.759602,2.8236315,95.1926,38.109756
23.826458,3.2580364,72.662605,42.14077
33.961594,3.040834,119.789116,40.243904
33.78378,3.2580364,91.97154,41.15854
30.049788,2.1720243,91.46342,41.463413
28.80512,2.1720243,89.43089,52.743904
24.01348,3.040834,78.76016,47.865852
28.982931,2.606429,114.5116,45.73171
28.449503,2.0186853,83.333336,42.94958
27.738264,2.606429,108.98857,43.59756
26.493599,2.3892267,86.38211,52.743904
26.13798,2.606429,100.10162,47.560974
26.31579,2.606429,106.19919,42.987804
28.271692,3.040834,118.902435,57.317074
32.36131,2.0662172,146.93147,70.42683
33.570557,2.4020858,224.08537,81.097565
30.049788,3.475239,177.84554,82.92683
26.849218,2.4410596,146.8496,76.82927
24.715506,2.8236315,137.02026,66.15854
23.115221,2.606429,99.085365,53.048782
24.766378,2.606429,81.808945,42.987804
22.759602,2.606429,75.71138,42.987804
22.403982,2.2979558,66.05691,44.512196
22.581793,2.606429,68.08943,39.02439
22.93741,2.606429,64.532524,39.32927
23.826458,2.606429,71.138214,47.865852
34.139404,1.6771679,93.49593,45.73171
36.450924,2.606429,96.03658,48.54095
30.227596,2.8236315,81.808945,43.292683
23.845089,3.040834,70.12195,53.048782
29.338549,2.606429,74.69512,50.609756
28.271692,3.6924415,79.268295,49.390244
23.259186,3.475239,77.23577,44.701042
27.916075,3.909644,90.955284,59.451218
26.493599,2.1810126,97.05285,56.09756
26.13798,3.2580364,92.479675,48.780487
26.31579,3.475239,105.18293,52.743904
27.916075,4.1268463,145.83333,62.80488
30.405403,5.430061,194.61382,73.78049
32.005688,4.1268463,217.98781,80.18293
33.781384,2.278154,201.72765,68.597565
26.13798,2.5230002,173.78049,77.743904
24.182077,2.606429,160.5691,67.37805
23.115221,2.3892267,121.35513,60.97561
22.759602,2.3892267,95.020325,46.838577
22.581793,2.606429,103.848,47.865852
21.870554,2.1720243,80.79269,49.085365
22.048365,2.381649,77.743904,41.470284
22.759602,2.3892267,100.29374,46.036587
23.826458,2.8236315,71.138214,41.389095
32.53912,3.040834,79.268295,53.658535
32.36131,2.606429,88.414635,53.963413
28.449503,3.040834,95.020325,47.256096
27.738264,3.2580364,81.30081,49.390244
24.558584,2.8236315,84.349594,45.729065
28.271692,2.025713,88.414635,49.085365
27.916075,2.606429,80.28455,42.07317
27.382647,1.9658338,81.30081,41.76829
24.868158,2.606429,79.77642,52.743904
25.96017,3.040834,94.00407,48.47561
26.493599,3.2580364,113.31301,48.47561
27.738264,2.8236315,147.86586,72.560974
39.829304,1.7477728,215.44716,76.5244
38.940254,4.561251,137.7215,65.1187
27.473864,4.3440485,200.20325,73.78049
25.96017,4.3440485,157.01219,68.29269
25.534874,3.040834,122.45935,56.966187
23.115221,2.606429,93.49593,47.865852
22.759602,2.8236315,85.36585,43.59756
22.93741,2.606429,80.28455,40.243904
22.403982,2.8236315,71.64634,43.59756
22.226173,2.8236315,72.15447,39.634148
22.93741,2.606429,66.56504,38.109756
24.004267,2.8236315,74.18699,46.646343
28.955328,1.8374988,112.88641,46.646343
34.31721,2.3892267,98.57723,46.951214
28.449503,1.954822,85.873985,43.670544
27.916075,1.954822,86.38211,58.23171
26.899366,2.606429,135.40193,59.756096
28.271692,2.606429,96.03658,55.487804
29.16074,1.9839255,92.479675,45.211155
29.694168,1.9894806,109.756096,50.609756
27.204836,2.606429,125.932106,57.012196
25.96017,2.8236315,101.11789,53.658535
26.493599,2.606429,112.80488,52.43903
26.082672,3.2580364,134.65446,66.15854
28.982931,4.3440485,183.94308,85.36585
22.403982,3.6924415,164.29109,92.98781
9.423898,3.475239,185.97562,80.48781
13.691323,3.475239,176.82927,72.86585
27.827827,2.606429,150.40651,73.78049
26.364588,2.606429,113.82114,63.719513
22.93741,2.1720243,113.32437,58.536587
22.93741,2.3892267,104.45185,47.64606
22.403982,1.7376195,72.662605,48.47561
29.17418,1.7376195,66.05691,45.73171
22.581793,2.2869723,63.516262,46.646343
22.93741,2.3242514,70.63008,40.038383
24.182077,3.040834,75.203255,46.951214
26.849218,3.2580364,83.84146,47.256096
32.1835,2.606429,125.0,44.512196
31.840534,2.0775073,150.91463,53.048782
15.291608,3.475239,113.17713,57.012196
18.669987,3.2580364,129.57317,56.724007
17.78094,3.475239,121.95122,55.40297
15.825035,2.3887591,95.146454,56.40244
25.313152,3.475239,120.93496,67.98781
20.09246,3.909644,125.50814,57.621952
28.627312,5.212858,122.967476,58.23171
32.18097,2.2184834,166.15854,66.15854
30.227596,3.909644,191.56505,73.78049
30.405403,3.909644,208.33333,75.30488
26.86648,4.3440485,185.46748,74.69512
26.13798,3.2580364,166.15854,75.0
25.071123,2.606429,152.43903,77.13415
23.826458,2.4765942,121.95122,64.63415
26.847994,2.1720243,98.06911,58.841465
23.115221,2.606429,107.79779,49.47003
22.581793,2.1720243,83.333336,42.987804
22.581793,2.606429,79.77642,50.914635
23.115221,2.1720243,84.349594,43.510815
22.93741,2.3892267,83.84146,42.682926
29.518927,1.9110307,87.39838,46.341465
26.493599,1.954822,106.19919,44.512196
32.36131,1.7376195,123.47561,45.73171
38.762447,1.7376195,126.52439,58.841465
40.89616,2.606429,136.34608,59.21483
41.073967,2.606429,185.97562,72.560974
40.18492,2.8236315,145.83333,60.97561
36.806545,3.2580364,119.9187,56.09756
32.36131,3.475239,122.967476,59.756096
29.16074,2.0628822,109.756096,56.09756
28.627312,2.027404,120.42683,52.41281
29.338549,4.1268463,140.2439,57.317074
31.29445,5.212858,198.67886,83.07969
32.36131,5.212858,198.67886,82.95373
23.953548,5.212858,142.68556,67.65148
32.577156,2.3326445,181.40244,75.60976
25.426743,4.7784534,142.78455,66.768295
24.053028,4.3440485,141.28639,59.451218
23.470839,4.1268463,85.873985,54.26829
22.759602,3.475239,83.333336,43.59756
23.4883,3.475239,80.79269,50.0
22.987404,3.475239,72.662605,39.32927
22.93741,3.475239,68.08943,39.939026
24.004267,3.475239,127.051155,53.658535
35.02845,2.8236315,91.97154,49.390244
35.02845,2.3892267,98.57723,50.30488
19.381224,2.53812,80.28455,50.30488
22.048365,2.8236315,110.0338,50.0
30.227596,3.040834,79.268295,44.74754
30.405403,2.606429,105.18293,56.09756
30.405403,2.1720243,84.85773,52.743904
30.049788,1.954822,121.29069,52.134148
27.382647,1.7376195,114.789444,53.353657
26.493599,1.954822,95.52846,56.707317
27.027027,2.3892267,121.02929,56.09756
28.271692,3.040834,124.597595,59.00157
30.761023,4.7784534,225.10162,89.33176
33.25035,5.212858,229.67479,91.88479
33.668625,2.367611,246.44308,78.35366
26.061197,4.3440485,198.17073,81.21026
24.893314,3.2580364,154.47154,72.256096
23.64865,2.606429,114.32927,52.401707
23.115221,2.606429,96.544716,46.646343
22.93741,2.606429,94.51219,42.07317
22.93741,2.2026649,84.85773,38.719513
24.7596,2.606429,78.25203,48.47561
23.115221,2.606429,78.25203,42.682926
24.537695,2.606429,77.743904,48.47561
36.628735,2.3892267,100.60976,46.341465
37.51778,1.5177902,92.479675,46.951214
31.472263,2.3892267,94.51219,45.121952
30.049788,1.8890331,88.92277,48.17073
29.871977,1.7376195,84.349594,53.048782
25.474085,2.3892267,117.33899,54.521194
25.208971,2.606429,92.98781,46.646343
28.271692,2.3892267,81.808945,41.463413
27.222433,2.1720243,110.690704,44.207317
27.027027,1.852743,105.768715,45.42683
25.645836,2.606429,122.269455,51.219513
28.80512,2.606429,130.58943,55.792683
32.894737,2.606429,144.94547,69.51219
34.31721,3.475239,225.10162,80.79269
30.405403,4.3440485,214.93903,76.82927
27.382647,2.4082553,200.20325,71.64634
25.248934,2.606429,141.7683,62.80488
26.101484,2.606429,115.34553,53.353657
23.115221,2.606429,97.560974,47.872326
23.29303,2.606429,89.43089,43.90244
28.726341,1.7391312,104.98244,41.15854
22.93741,2.606429,74.69512,41.76829
22.93741,2.1720243,93.60757,43.90244
24.941933,2.606429,82.31707,51.52439
35.917496,2.606429,89.43089,48.47561
25.78508,2.606429,105.691055,50.914635
30.938831,3.2580364,87.39838,46.341465
28.80512,2.606429,86.38211,45.71839
28.449503,2.606429,74.18699,56.40244
28.982931,3.475239,82.31707,55.792683
28.982931,2.0541613,88.92277,55.487804
28.87381,1.9771326,85.36585,43.445923
26.31579,3.909644,130.73032,51.52439
26.31579,5.212858,84.349594,56.707317
22.850378,4.561251,93.49593,56.09756
28.80512,4.995656,152.40068,65.243904
31.29445,5.647263,199.187,93.59756
32.005688,5.430061,220.02032,89.20576
29.694168,4.995656,203.25203,85.060974
27.861593,4.7784534,190.54878,80.48781
25.771965,3.475239,136.687,67.37805
14.935988,2.969386,105.691055,57.012196
22.93741,2.3125262,89.939026,47.560974
25.03047,3.475239,123.175896,44.207317
22.581793,3.2580364,70.63008,44.207317
23.115221,2.251916,73.17073,42.682926
23.470839,3.2580364,73.17073,43.90244
24.893314,3.2580364,78.76016,54.878048
24.148968,3.2580364,89.939026,50.609756
36.450924,3.475239,131.62349,62.567554
31.116644,3.475239,89.939026,44.207317
29.871977,4.1268463,96.03658,53.048782
29.694168,2.606429,82.31707,53.048782
28.982931,1.9915574,94.51219,48.47561
29.871977,3.2580364,84.349594,51.52439
28.627312,3.475239,67.07317,48.17073
27.204836,3.475239,76.727646,50.0
26.671408,4.1268463,73.67886,48.47561
26.849218,4.3440485,96.544716,57.621952
28.449503,4.3440485,133.13008,65.243904
31.65007,5.212858,202.7439,78.65854
33.605976,5.8644657,179.673,90.243904
30.938831,5.647263,199.69513,76.5244
27.022886,5.647263,178.86179,66.46342
25.248934,3.909644,143.29268,66.15854
23.64865,3.909644,125.0,57.473076
23.115221,2.3288515,97.05285,46.78237
23.115221,3.909644,85.873985,48.35809
22.581793,3.909644,77.23577,45.73171
22.324783,3.909644,73.17073,42.378048
23.115221,4.1268463,78.25203,47.256096
24.004267,2.2053776,80.79269,44.817074
36.273117,1.5436614,85.36585,46.341465
37.162163,1.6461496,134.77043,50.30488
24.134306,3.2580364,90.955284,48.780487
30.761023,2.606429,122.81582,58.21399
31.65007,2.1720243,78.76016,51.52439
24.043264,3.040834,76.21951,51.52439
29.331898,1.9199123,84.85773,47.256096
30.405403,3.2580364,79.77642,45.336803
29.388145,1.8510468,82.8252,39.02439
23.24142,3.6924415,85.873985,47.655827
28.271692,2.031913,90.955284,44.917595
29.51636,3.475239,137.12181,59.146343
30.761023,4.561251,216.46341,86.927765
32.1835,6.081668,226.62602,87.93464
33.55907,2.4112165,217.98781,81.70731
27.027027,4.995656,181.91057,81.097565
25.071123,3.2580364,168.19106,72.256096
24.004267,2.3453107,127.032524,55.024967
23.64865,3.2580364,98.06911,49.695118
23.470839,3.2580364,115.54817,53.941734
22.93741,3.2580364,81.30081,47.560974
23.115221,3.2580364,75.203255,42.378048
28.278906,1.9677855,73.17073,40.50858
23.64865,3.909644,126.36191,59.88495
24.73713,3.6924415,122.19828,40.548782
29.871977,3.2580364,95.52846,43.90244
35.917496,1.6246663,120.42683,49.695118
39.295876,4.3440485,122.45935,50.0
38.05121,3.909644,115.34553,57.704456
39.651493,3.909644,144.81708,53.963413
40.00711,3.909644,123.98374,51.52439
38.05121,3.475239,99.085365,47.865852
33.78378,1.6957257,132.62195,42.378048
31.116644,3.2580364,123.98374,51.219513
31.116644,3.475239,111.28049,63.414635
32.1835,3.909644,138.21138,55.792683
27.390999,4.1268463,211.38211,67.37805
31.29445,4.1268463,203.76016,73.47561
28.271692,2.348469,145.49512,74.085365
27.204836,3.6924415,128.90536,61.393856
25.782362,2.3892267,154.97968,64.55677
24.537695,2.606429,119.41057,59.451218
24.004267,2.3892267,105.18293,55.182926
23.470839,2.3892267,103.874374,48.17073
23.470839,2.606429,94.51219,44.817074
23.115221,2.606429,84.85773,43.90244
23.64865,2.606429,76.727646,42.987804
23.64865,2.606429,68.597565,40.20042
24.182077,2.8236315,86.38211,36.890244
25.745049,2.3892267,107.999435,41.76829
33.78378,1.7975531,105.18293,57.317074
40.00711,1.4929776,121.44309,56.707317
27.781126,2.606429,160.5691,57.317074
41.251778,1.4623041,159.04471,57.317074
39.829304,3.2580364,134.70375,50.30488
37.51778,3.2580364,113.82114,43.59756
32.894737,3.2580364,128.32281,49.085365
30.583216,3.2580364,112.80488,47.865852
29.338549,3.6924415,128.58336,61.26576
25.178946,3.6924415,142.9681,62.80488
32.894737,4.7784534,180.38618,74.69512
32.53912,4.7784534,175.813,76.02282
29.871977,4.561251,166.66667,72.252594
27.204836,4.7784534,155.99594,63.109756
25.782362,3.6924415,123.98374,63.109756
24.182077,3.475239,96.544716,54.878048
24.004267,3.2580364,80.28455,45.73171
23.470839,3.040834,74.18699,38.719513
23.115221,3.040834,71.138214,41.463413
23.29303,3.2580364,68.597565,41.76829
24.004267,1.9035244,94.90283,42.07317
25.248934,3.475239,68.597565,42.987804
37.69559,3.2580364,126.70911,44.512196
36.095306,3.475239,84.349594,52.134148
22.950926,3.909644,87.39838,48.47561
29.281832,1.8546087,77.23577,42.378048
29.51636,1.8699924,117.24846,50.092438
29.51636,4.3440485,85.36585,46.951214
29.871977,3.909644,77.743904,45.736633
29.338549,1.9721695,81.808945,50.914635
27.560455,3.909644,87.9065,53.353657
27.027027,2.0618992,79.268295,41.590893
29.024576,1.9674444,85.873985,43.547314
30.6198,2.1797361,127.54066,69.51219
27.305279,4.7784534,180.38618,78.96342
34.31721,5.8644657,147.63889,69.945145
27.41262,4.7784534,185.97562,76.5244
27.738264,4.3440485,163.10976,70.14251
25.071123,3.040834,120.93496,59.756096
23.64865,3.2580364,98.06911,55.487804
23.809608,3.040834,75.71138,44.207317
23.29303,3.040834,113.21157,52.565258
23.115221,3.2580364,69.61382,42.378048
23.115221,2.2092025,63.516262,41.15854
23.64865,2.8236315,104.687126,44.512196
24.537695,3.2580364,108.54772,42.07317
36.806545,3.040834,79.77642,46.36324
36.806545,3.6924415,86.89024,48.17073
30.761023,1.8093129,87.9065,41.15854
30.938831,3.040834,71.64634,35.365852
30.405403,3.909644,119.58768,38.414635
29.694168,3.909644,73.67886,38.719513
29.338549,3.909644,130.12509,61.904015
29.338549,1.6737382,102.36487,39.02439
27.382647,4.561251,71.64634,50.0
27.027027,2.0607097,75.203255,49.085365
27.204836,4.3440485,125.47254,43.292683
28.982931,4.7784534,118.902435,49.695118
32.36131,5.212858,177.84554,65.54878
33.25035,5.212858,190.54878,78.35366
30.049788,5.647263,191.56505,75.60976
26.344606,4.995656,161.58537,77.13415
25.426743,3.475239,129.06505,62.19512
23.826458,3.040834,92.479675,50.0
24.910528,3.2580364,117.94928,40.548782
23.29303,3.040834,75.71138,39.02439
22.93741,3.040834,75.71138,42.86755
23.29303,3.040834,72.15447,36.280487
23.60787,3.040834,71.138214,41.15854
25.604551,3.475239,116.52678,43.292683
36.984352,3.040834,77.743904,45.856934
36.628735,3.475239,96.544716,45.121952
34.139404,3.2580364,118.04311,36.585365
31.472263,2.8236315,84.85773,36.280487
31.65007,2.8236315,108.250435,35.365852
32.716927,2.606429,70.12195,38.414635
30.583216,2.606429,72.662605,42.5236
30.049788,3.040834,74.69512,42.987804
26.849218,3.040834,71.138214,41.15854
26.671408,1.9866472,73.17073,39.634148
27.738264,3.040834,94.00407,43.292683
29.338549,3.475239,119.9187,57.621952
32.894737,3.909644,167.17479,66.15854
35.20626,5.430061,190.54878,68.29269
33.428165,4.7784534,154.30469,69.81707
26.166128,4.1268463,177.3374,69.20731
25.782362,2.606429,122.38667,56.40244
24.004267,2.606429,99.5935,50.30488
23.470839,2.8236315,109.880226,50.800964
23.470839,2.606429,95.79039,40.548782
23.115221,2.606429,108.128914,49.62835
23.29303,2.8236315,70.63008,39.634148
24.156189,2.606429,69.10569,38.414635
25.071123,2.2203956,73.17073,40.970608
35.384068,2.8236315,81.808945,43.90244
35.02845,2.606429,82.8252,53.048782
29.871977,2.8236315,95.52846,48.17073
29.16074,2.606429,88.414635,50.914635
25.064621,2.606429,89.43089,46.722813
29.694168,1.9630805,101.11789,47.30588
28.723547,2.0093365,83.84146,53.658535
23.074085,3.475239,70.63008,43.02354
27.204836,3.475239,75.203255,51.52439
27.027027,3.475239,85.873985,46.4185
27.560455,3.2580364,94.51219,48.57752
25.359474,3.2580364,116.361786,63.719513
32.716927,3.909644,188.51627,77.439026
33.428165,4.995656,160.21783,77.439026
30.405403,4.995656,158.64131,74.39024
27.204836,3.909644,165.6504,70.22378
25.248934,3.2580364,138.71951,62.80488
24.004267,3.040834,103.65854,52.743904
28.888784,1.7651058,107.91906,43.59756
23.29303,3.040834,102.086845,40.243904
22.93741,3.909644,77.743904,46.763493
23.115221,3.2580364,74.18699,37.5
23.64865,2.1693614,70.12195,38.414635
24.715506,3.040834,72.15447,39.02439
24.572403,2.8236315,86.89024,44.817074
37.162163,3.040834,130.86401,49.695118
23.934122,3.2580364,86.89024,45.73171
30.405403,1.9256124,85.36585,52.743904
29.871977,1.9365728,77.743904,50.914635
29.694168,1.9322852,72.15447,51.52439
24.52862,2.8236315,86.38211,44.512196
30.583216,2.8236315,86.38211,43.59756
28.093884,2.606429,78.76016,43.56277
28.80512,2.8236315,92.479675,48.17073
27.738264,3.040834,126.73533,52.43903
29.694168,3.040834,111.28049,55.182926
31.65007,2.0559518,147.86586,66.768295
33.78378,5.212858,146.38023,59.146343
29.694168,4.3440485,169.20732,65.54878
27.204836,4.3440485,140.75203,61.585365
25.782362,3.040834,126.52439,56.09756
24.182077,2.2679405,87.9065,51.82927
23.826458,3.2580364,105.89183,41.463413
23.64865,2.0360444,101.67949,44.47105
23.64865,2.8236315,62.5,39.634148
23.64865,3.040834,59.451218,36.890244
24.182077,2.8236315,65.54878,38.414635
24.004267,3.2580364,58.43496,35.365852
25.782362,4.1268463,61.99187,36.890244
29.16074,1.9168973,76.727646,46.646343
30.14686,1.9940451,109.24797,50.609756
31.373781,1.7376195,124.49187,54.26829
40.00711,2.1720243,129.57317,58.23171
41.251778,2.3892267,140.438,53.353657
30.213993,1.98478,113.31301,46.951214
39.295876,1.4801457,107.72358,54.26829
26.01212,2.606429,125.85122,53.048782
30.049788,3.040834,119.9187,51.82927
25.276304,3.475239,135.67073,61.172
30.405403,3.909644,137.12442,56.40244
32.005688,4.995656,208.84146,77.13415
32.36131,3.6924415,198.67886,70.42683
28.982931,3.475239,185.97562,62.80488
27.404436,3.040834,168.19106,58.841465
25.96017,2.2884665,147.86586,53.963413
24.182077,2.1720243,122.45935,54.3757
24.004267,2.8236315,105.18293,42.682926
23.470839,2.606429,92.479675,38.719513
24.389015,2.606429,107.55924,39.634148
23.115221,2.152871,69.61382,36.585365
23.826458,2.606429,88.744415,33.841465
24.565054,2.3892267,57.92683,33.536587
23.416328,2.8236315,98.83315,32.012196
26.13798,2.8236315,77.23577,43.43288
32.36131,2.1720243,110.26423,40.853657
37.339973,1.5485371,123.47561,48.17073
39.118065,1.7376195,158.53659,56.707317
41.251778,1.954822,138.3837,55.77822
26.737404,2.3892267,114.32927,65.243904
36.628735,2.1720243,100.60976,47.3282
26.015013,2.3892267,106.70731,47.560974
29.51636,1.8844593,118.61826,50.30488
29.338549,2.606429,98.57723,57.012196
30.405403,4.1268463,115.34553,65.243904
32.894737,4.561251,155.11847,71.95122
34.139404,4.561251,180.8943,69.81707
30.583216,4.1268463,150.49176,69.20731
27.738264,2.2909284,162.60162,66.768295
25.582535,3.475239,135.1626,61.280487
24.004267,2.2280982,89.43089,45.42683
24.004267,2.606429,80.28455,38.109756
24.075752,2.606429,67.5813,36.585365
22.93741,2.606429,68.597565,38.414635
23.115221,2.173888,69.10569,35.97561
23.64865,2.606429,69.10569,36.890244
24.438675,2.606429,69.61382,41.77557
36.806545,1.954822,91.46342,45.121952
36.095306,1.6161082,92.98781,50.30488
31.65007,1.8103555,83.84146,42.365326
30.049788,1.7376195,125.60432,57.92683
30.049788,1.9530714,80.79269,56.707317
30.583216,1.520417,75.71138,57.621952
30.227596,1.9114344,75.71138,53.048782
30.049788,1.9045595,68.08943,38.922585
20.44808,2.8236315,105.05102,47.879242
27.204836,3.2580364,73.67886,54.26829
29.213722,1.9925811,90.44715,52.43903
28.982931,3.475239,108.73984,58.23171
32.53912,3.6924415,156.71782,77.13415
34.139404,4.7784534,194.61382,67.98781
30.583216,4.3440485,191.56505,79.49983
27.204836,3.909644,152.43903,66.554085
25.604551,2.3005118,114.32927,59.146343
23.826458,2.606429,98.57723,46.036587
23.470839,2.8236315,79.77642,39.634148
23.29303,2.8236315,91.53989,35.67073
24.384483,2.606429,68.08943,41.50386
23.29303,2.8236315,63.516262,32.012196
23.826458,2.606429,65.04065,32.92683
25.426743,2.8236315,61.483738,32.621952
37.51778,3.2580364,76.727646,35.365852
36.984352,1.4767613,79.77642,43.90244
31.472263,1.7091846,86.89024,36.585365
31.472263,2.8236315,108.59304,35.67073
30.227596,3.2580364,122.33858,43.292683
23.082918,3.475239,72.15447,45.121952
30.938831,1.8517866,79.77642,50.0
30.405403,3.475239,70.63008,48.17073
28.627312,3.909644,70.12195,44.512196
27.916075,3.6924415,65.54878,40.243904
28.449503,1.902377,75.203255,40.853657
30.405403,3.909644,108.73984,48.47561
35.02845,4.7784534,184.95935,75.914635
36.095306,4.995656,215.44716,80.18293
27.517838,5.212858,222.05284,89.238464
28.449503,4.1268463,179.36992,76.21951
26.493599,3.040834,146.34146,64.32927
24.182077,2.8236315,105.18293,50.577076
23.64865,2.2448294,81.808945,45.42683
23.29303,3.040834,70.63008,41.271744
23.115221,3.040834,67.5813,38.414635
23.115221,2.1671467,64.02439,38.719513
23.826458,2.8236315,111.9278,51.769634
25.071123,2.0839145,63.516262,39.634148
37.339973,2.1720243,91.97154,45.121952
37.339973,1.5668887,130.9854,45.42683
31.116644,1.954822,86.38211,54.57317
30.405403,1.7376195,80.28455,52.43903
30.049788,1.9347177,72.15447,51.82927
29.694168,2.8236315,76.727646,53.658535
30.405403,3.040834,73.67886,47.865852
30.761023,2.8236315,70.12195,47.560974
27.916075,3.040834,67.07317,53.658535
27.027027,2.8236315,74.18699,42.568993
29.278236,1.982429,91.46342,51.219513
28.982931,2.8236315,118.902435,61.585365
32.005688,3.6924415,199.187,80.48781
27.207865,4.1268463,221.54471,87.21
30.938831,3.475239,192.07317,76.21951
27.738264,2.163829,182.92683,70.34214
28.54025,2.1720243,128.04878,55.792683
23.826458,1.954822,94.00407,45.93359
23.29303,2.1720243,87.9065,47.865852
23.29303,1.954822,80.28455,43.292683
22.93741,2.3892267,75.71138,41.882763
23.29303,2.2838855,76.727646,45.73171
24.004267,1.954822,74.18699,42.987804
26.626177,2.1720243,77.23577,42.378048
38.584637,1.3032146,84.349594,47.256096
38.406826,1.520417,97.05285,46.646343
32.1835,1.823151,93.49593,45.01407
30.049788,1.7376195,92.98781,41.76829
32.53912,1.7376195,83.84146,41.58695
31.65007,1.7376195,76.21951,59.451218
30.405403,2.1720243,77.23577,56.40244
30.227596,2.3892267,64.02439,48.47561
27.027027,2.03502,68.08943,46.646343
23.487734,3.2580364,74.69512,45.73171
29.209929,1.9604387,82.31707,53.658535
28.271692,4.1268463,103.65854,57.621952
32.36131,4.1268463,195.12195,83.231705
27.284975,6.5160728,221.54471,87.93464
30.405403,5.8644657,169.10873,71.64634
26.849218,2.4613233,201.72765,72.256096
25.683838,3.475239,145.82059,66.46342
23.64865,3.2580364,105.18293,50.875336
22.93741,3.2580364,94.00407,47.825607
22.93741,3.475239,87.9065,42.987804
29.276617,1.8833774,81.30081,43.59756
22.759602,3.2580364,76.21951,46.341465
23.115221,2.3025222,75.71138,49.695118
24.359886,3.475239,76.727646,42.682926
34.85064,3.2580364,130.75587,62.20511
36.095306,2.8236315,104.6748,48.47561
30.2265,1.9064795,101.11789,44.512196
30.227596,2.606429,123.555405,50.30488
32.1835,2.606429,86.89024,54.57317
23.74895,3.2580364,78.25203,51.52439
31.29445,3.475239,94.51219,43.59756
31.65007,1.8056949,76.21951,40.486008
28.80512,3.6924415,77.743904,34.756096
26.849218,4.1268463,84.349594,36.280487
27.027027,2.1197414,91.97154,45.27044
31.012688,2.0312989,131.6057,50.30488
28.982931,5.647263,178.35365,60.060974
30.049788,6.081668,195.12195,67.68293
26.814964,5.430061,183.94308,64.32927
25.604551,5.430061,178.35365,68.29269
24.359886,3.909644,146.8496,64.02439
23.64865,3.6924415,119.9187,59.146343
22.93741,3.909644,129.80573,52.743904
23.115221,3.6924415,122.28168,57.530796
22.581793,3.6924415,80.28455,40.243904
22.759602,3.909644,123.671295,58.437614
23.115221,2.205176,73.67886,40.243904
22.689106,3.475239,67.07317,35.67073
24.715506,4.1268463,74.69512,40.243904
28.093884,3.475239,83.84146,45.73171
33.961594,3.475239,109.24797,47.256096
25.095047,3.2580364,115.85366,51.52439
36.095306,3.475239,117.37805,53.048782
24.232807,4.1268463,132.13776,49.695118
32.425488,1.9602915,150.91463,43.59756
32.1835,4.3440485,137.19513,53.963413
24.955019,4.1268463,150.40651,57.317074
28.80512,4.3440485,159.55284,54.878048
28.093884,4.561251,151.9309,62.5
28.449503,2.023299,124.89451,58.23171
29.51636,5.8644657,199.69513,63.109756
29.871977,5.212858,187.5,64.02439
28.093884,6.081668,171.74797,60.060974
26.13798,5.212858,175.30487,77.24361
25.071123,2.4214356,155.48781,63.109756
23.826458,3.2580364,121.44309,55.66098
23.29303,2.8236315,102.64227,44.512196
23.115221,3.2580364,96.544716,42.987804
22.759602,2.8236315,97.80307,41.15854
22.759602,3.2580364,82.8252,41.463413
22.93741,3.040834,69.10569,35.97561
23.115221,3.040834,66.05691,34.756096
23.64865,2.1325324,64.532524,36.585365
24.537695,3.909644,90.955284,39.32927
28.627312,3.2580364,110.26423,53.300026
32.716927,3.2580364,126.01626,58.6324
37.69559,1.5462607,130.43715,44.207317
41.073967,4.1268463,139.73578,47.560974
24.154404,3.475239,108.73984,37.5
33.072548,1.5783145,100.10162,29.878048
29.528282,1.7821445,86.38211,27.439024
28.627312,2.8236315,83.84146,26.829268
25.552065,3.040834,126.734955,60.144516
28.271692,2.8236315,108.231705,43.90244
30.049788,4.561251,140.2439,54.26829
31.827883,2.606429,188.00813,67.68293
32.66729,2.213575,175.30487,64.63415
26.13798,3.2580364,154.47154,60.67073
28.567152,2.1720243,132.11382,57.20203
23.470839,3.475239,114.16704,45.42683
23.115221,3.040834,107.14573,44.512196
23.115221,3.040834,74.18699,40.548782
22.759602,2.8236315,67.5813,35.365852
22.93741,3.040834,64.532524,36.585365
28.373016,1.855395,66.05691,39.32927
24.004267,3.040834,58.94309,38.601612
31.116644,2.3892267,104.89532,36.280487
35.56188,2.1720243,81.808945,42.50406
32.53912,2.1720243,82.8252,43.52455
32.36131,1.954822,95.020325,45.35577
31.65007,2.1720243,127.342766,53.353657
31.29445,2.606429,81.30081,56.40244
30.583216,3.040834,73.67886,49.085365
23.207142,3.040834,55.386177,46.036587
28.093884,2.8236315,72.662605,48.47561
24.893314,2.8236315,111.98502,52.0775
27.738264,3.040834,71.138214,51.82927
29.150661,1.986428,91.46342,45.12235
31.116644,2.2290912,160.06097,77.743904
32.894737,2.1820993,192.5813,80.79269
30.049788,4.995656,157.84807,73.78049
26.849218,4.7784534,175.813,71.95122
24.359886,4.1268463,120.42683,70.42683
19.381224,3.909644,119.663826,56.234997
19.559032,3.6924415,108.91884,45.73171
22.581793,3.6924415,70.12195,42.378048
27.916075,4.1268463,122.80273,41.15854
23.470839,3.475239,65.54878,40.243904
23.470839,4.1268463,61.99187,44.92671
24.182077,2.0894165,60.46748,36.890244
30.049788,3.6924415,75.71138,42.07317
33.961594,3.909644,132.22232,48.47561
31.472263,1.7554532,117.79911,46.341465
29.871977,3.909644,82.31707,38.414635
29.51636,4.1268463,82.8252,47.265907
28.954172,1.9634581,79.77642,52.743904
28.982931,3.475239,77.23577,49.390244
28.80512,3.909644,56.91057,48.47561
26.849218,3.475239,122.14389,46.341465
26.671408,1.9827102,75.203255,38.414635
26.31579,3.2580364,79.77642,44.548267
24.14129,3.6924415,114.32927,45.42683
31.116644,4.3440485,172.76422,74.08276
32.005688,3.909644,197.15446,71.03659
29.871977,3.909644,172.2561,72.854904
26.849218,2.3384094,153.45529,65.85366
25.426743,3.2580364,118.902435,68.29269
24.359886,2.606429,109.89986,50.69345
23.64865,2.606429,109.00616,49.695118
23.29303,2.606429,65.04065,47.256096
23.115221,2.606429,63.00813,43.90244
23.29303,2.606429,107.62691,49.44271
23.470839,2.606429,61.483738,44.207317
24.359886,2.3892267,57.418697,39.634148
27.943687,1.954822,73.17073,42.378048
36.095306,2.3892267,81.808945,45.42683
32.894737,2.606429,85.873985,46.646343
32.53912,2.3892267,73.17073,45.73171
31.29445,2.606429,77.23577,44.022224
31.65007,1.7761484,87.39838,46.341465
24.332365,2.606429,65.54878,40.64823
30.405403,2.606429,59.451218,39.32927
28.271692,2.8236315,110.208824,41.76829
27.382647,3.040834,64.02439,40.69946
27.560455,2.8236315,119.104515,55.984314
24.7996,3.2580364,112.296745,47.560974
32.1835,2.060666,175.30487,65.85366
34.010284,2.088199,195.63008,73.944305
30.583216,3.475239,191.05692,77.49708
27.353533,3.2580364,171.74797,67.37805
25.248934,2.5039194,129.06505,73.17073
24.004267,2.606429,95.020325,47.381443
23.29303,2.606429,79.268295,42.84294
28.44172,1.9256942,68.597565,38.959137
23.115221,2.606429,67.07317,49.390244
28.08238,1.8712418,61.99187,41.15854
28.59305,1.8517282,64.02439,42.987804
24.359886,2.0724778,60.46748,36.280487
30.405403,2.8236315,78.25203,44.514927
35.384068,2.606429,79.77642,44.189278
32.53912,2.606429,88.92277,31.707317
31.65007,2.606429,123.84143,58.79729
30.049788,1.766786,80.28455,34.451218
24.402359,2.606429,78.76016,32.012196
30.227596,1.6671957,78.76016,25.304878
29.694168,1.728224,62.5,29.573172
27.560455,2.606429,76.21951,32.317074
27.204836,2.606429,93.69676,32.621952
28.093884,2.606429,89.939026,29.878048
27.916075,2.606429,104.166664,46.036587
30.049788,2.007048,170.7317,66.35314
32.36131,4.1268463,197.15446,65.54878
29.51636,3.909644,148.13918,68.902435
26.575787,3.475239,159.04471,67.68293
24.893314,2.001207,105.00827,45.679737
25.447155,2.3892267,87.9065,46.075573
23.64865,2.198576,73.17073,43.59756
23.115221,2.606429,69.10569,36.890244
22.759602,2.606429,68.597565,38.414635
22.93741,2.1617608,65.04065,35.67073
23.115221,2.606429,63.516262,36.585365
24.182077,2.606429,60.46748,27.743902
30.938831,1.7376195,73.67886,27.134146
34.672832,1.954822,82.8252,29.878048
31.29445,1.6823956,82.31707,32.621952
32.36131,1.6892456,71.64634,38.719513
24.546295,2.606429,73.67886,47.560974
30.227596,2.606429,90.955284,48.17073
30.049788,2.606429,108.34157,38.719513
29.338549,3.2580364,84.85773,39.634148
27.916075,2.606429,116.05757,54.3551
27.204836,2.606429,69.61382,44.817074
27.560455,1.791992,101.95075,42.378048
30.370533,2.0034235,115.85366,51.442593
29.51636,3.909644,188.51627,63.109756
31.472263,2.092907,195.12195,66.15854
28.982931,3.909644,182.92683,55.792683
26.068422,3.6924415,164.12602,55.182926
25.071123,2.3224142,134.65446,55.792683
24.359886,2.373827,101.11789,57.92683
23.29303,2.3892267,83.84146,50.0
23.115221,2.3156624,73.17073,40.698265
22.93741,1.954822,68.08943,38.109756
22.93741,2.1720243,60.46748,34.756096
23.115221,2.1911604,64.02439,37.5
23.29303,2.1035497,51.82927,33.841465
24.893314,2.8236315,63.516262,37.19512
25.150625,2.3892267,81.30081,40.548782
29.16074,2.3892267,102.64227,47.865852
31.65007,2.606429,116.29385,43.292683
33.072548,3.040834,128.55692,52.134148
24.919325,3.2580364,115.34553,46.646343
24.282227,3.909644,119.709335,38.109756
35.20626,3.2580364,113.82114,39.02439
32.894737,3.2580364,126.01626,39.02439
24.425592,3.475239,111.28049,46.036587
29.338549,3.475239,109.756096,40.853657
28.982931,3.475239,140.75203,62.712128
30.405403,4.995656,165.14227,59.146343
30.405403,4.995656,154.46613,70.42683
28.271692,4.995656,153.96341,63.414635
26.13798,4.561251,139.22765,63.109756
25.426743,3.6924415,128.04878,59.451218
24.182077,2.8236315,114.32927,53.963413
23.29303,2.3892267,104.4258,47.715347
22.93741,2.606429,76.21951,39.02439
22.759602,2.1720243,66.56504,37.5
22.759602,2.606429,61.99187,38.47191
22.93741,2.606429,65.54878,38.109756
23.115221,2.606429,86.7847,33.23171
24.359886,2.606429,92.625916,35.67073
24.700504,2.606429,77.743904,43.77784
31.116644,1.7376195,110.95242,44.207317
36.450924,1.6564802,134.14302,55.986855
28.599514,1.954822,122.34148,54.878048
37.69559,2.8236315,127.90747,45.42683
24.6737,2.8236315,87.9065,44.512196
38.584637,2.8236315,81.30081,41.463413
34.139404,2.606429,85.36585,42.987804
28.627312,2.606429,86.38211,40.853657
27.738264,2.606429,88.414635,41.463413
28.449503,3.2580364,126.54964,48.780487
29.338549,2.0472095,132.11382,53.658535
24.794394,3.909644,140.98933,59.756096
28.271692,3.909644,154.97968,67.14536
26.671408,3.6924415,143.80081,64.02439
25.248934,2.2244446,111.78862,50.29949
24.004267,2.606429,91.46342,55.182926
23.29303,2.606429,72.15447,41.316288
28.908758,1.7394739,105.31829,40.548782
22.759602,2.0459876,98.78115,43.275654
22.93741,2.606429,107.33372,49.201435
22.93741,2.3036683,63.00813,37.977608
23.64865,2.1202762,57.418697,36.280487
28.093884,1.954822,76.21951,41.027374
32.716927,1.7045386,77.743904,42.987804
31.116644,1.7376195,88.92277,42.91815
28.183338,1.954822,112.57384,47.256096
29.694168,2.3892267,92.479675,46.341465
30.583216,2.606429,88.92277,52.134148
31.827883,2.1720243,116.01022,44.207317
30.761023,2.606429,83.333336,49.695118
24.931225,2.606429,78.76016,55.182926
27.382647,2.606429,86.89024,45.89651
27.027027,2.606429,97.05285,48.192745
27.027027,2.8236315,137.54068,62.5
28.35103,2.606429,182.4187,73.64068
31.29445,3.6924415,197.6626,71.64634
25.70346,3.475239,145.76941,66.46342
26.493599,2.8236315,170.7317,69.62364
24.893314,1.954822,122.967476,64.63415
28.924332,1.954822,99.5935,54.26829
23.115221,2.3102229,82.8252,49.085365
23.29303,1.954822,97.01041,46.646343
22.581793,1.7376195,97.13654,41.595783
22.581793,1.7376195,72.662605,35.97561
23.115221,1.8646606,87.48663,37.5
23.64865,2.1720243,67.5813,32.621952
28.093884,2.0320852,86.89024,43.640797
31.827883,1.954822,88.414635,43.733917
30.938831,1.954822,97.560974,39.634148
30.405403,2.1720243,88.414635,44.934578
28.80512,2.606429,94.00407,46.036587
24.769218,3.040834,99.5935,50.498535
28.982931,3.475239,85.36585,48.17073
28.982931,3.475239,77.23577,50.609756
24.35093,3.040834,84.85773,53.353657
25.071123,2.606429,97.05285,48.218296
29.21459,2.0394378,98.57723,53.353657
8.357041,3.2580364,138.71951,63.414635
13.157895,4.7784534,201.21951,75.0
13.335704,4.1268463,219.00406,82.31708
27.636236,3.475239,179.36992,81.402435
7.4679947,3.43087,157.52032,60.722076
26.78032,2.606429,126.01626,65.243904
4.978663,2.1720243,99.085365,56.40244
3.9118066,1.954822,83.333336,41.80315
3.733997,1.7376195,50.06417,42.07317
3.5561879,2.1720243,65.04065,39.8133
3.733997,2.3892267,64.532524,39.939026
4.089616,1.954822,56.91057,41.463413
4.8008533,3.013168,54.36992,35.67073
8.89047,3.2339203,82.31707,40.180458
16.002846,2.2057433,81.76275,46.036587
24.182077,1.7376195,91.97154,45.73171
12.802276,2.9231393,70.63008,45.42683
11.024181,3.475239,75.203255,52.43903
11.735419,3.0513396,98.06911,44.762962
10.846372,3.2580364,87.9065,55.487804
23.733044,3.2580364,79.77642,45.440853
8.534851,3.2580364,84.349594,48.992138
8.89047,2.8236315,86.89024,54.57317
24.973923,3.040834,96.544716,59.451218
25.761494,3.475239,149.74727,71.95122
27.011389,3.6924415,176.32114,73.47561
29.338549,2.3724465,152.22415,79.268295
27.823051,3.475239,192.5813,69.81707
24.004267,3.2580364,157.52032,60.67073
22.93741,2.4728858,129.06505,57.92683
21.870554,2.1720243,102.13415,47.560974
20.625889,1.954822,93.9113,41.94358
20.625889,1.8860899,79.67234,36.280487
20.09246,1.954822,75.203255,35.97561
28.164452,1.954822,70.63008,34.146343
20.625889,1.954822,77.343704,35.67073
21.159317,2.3892267,63.516262,31.09756
24.893314,2.3892267,76.21951,42.09915
30.227596,2.606429,78.76016,44.266243
29.871977,2.1720243,101.626015,36.280487
30.227596,3.2580364,87.9065,44.207317
29.871977,3.6924415,91.46342,46.951214
29.16074,3.475239,95.020325,57.317074
28.627312,1.8446476,112.03373,47.865852
24.182077,3.2580364,91.46342,45.73171
28.940903,2.0092945,82.8252,57.012196
22.581793,4.7784534,84.85773,54.723885
22.922485,4.3440485,96.544716,61.890244
25.170923,4.1268463,150.91463,64.63415
24.004267,4.1268463,195.12195,65.85366
27.830301,4.561251,203.76016,72.86585
22.403982,3.475239,198.67886,65.85366
27.765284,3.040834,176.82927,61.890244
19.559032,1.7376195,88.87848,38.786148
30.423574,1.7376195,100.60976,58.841465
17.78094,1.7376195,85.083885,47.865852
17.42532,2.5762658,65.04065,40.853657
17.247509,2.5203023,61.483738,36.280487
17.247509,1.7376195,57.418697,36.280487
17.603128,1.7376195,57.418697,37.80488
17.78094,2.4206204,51.321136,31.40244
18.314367,1.7376195,65.54878,35.060974
20.09246,1.7376195,84.20053,42.987804
22.581793,2.606429,101.626015,49.085365
25.426743,2.1720243,112.296745,48.47561
28.271692,1.7376195,118.14208,54.878048
28.80512,1.7376195,124.49187,52.519497
30.857162,2.104088,135.67073,55.792683
26.206903,3.2580364,145.32521,57.012196
23.115221,3.475239,171.23984,70.51892
31.678408,2.1990705,151.42276,67.98781
22.759602,2.4529593,144.81708,60.287693
23.115221,3.2580364,174.28862,62.5
29.008041,3.2580364,220.52846,68.597565
28.47558,3.475239,210.36586,70.12195
21.514936,3.475239,140.41614,67.68293
20.27027,2.8236315,160.5691,65.54878
31.308834,1.7376195,124.49187,64.939026
18.847794,2.1720243,108.1268,60.97561
18.136559,2.7205293,88.414635,58.536587
28.755985,1.8556886,68.597565,42.378048
29.03911,1.7376195,71.64634,39.35954
17.247509,1.7376195,61.99187,33.841465
17.603128,1.7376195,60.97561,36.182743
17.603128,2.3892267,49.288616,29.573172
19.025604,2.1720243,69.61382,39.148144
21.159317,1.954822,93.85613,47.560974
25.604551,2.0494916,114.09899,54.57317
29.338549,2.606429,120.42683,55.27672
32.53912,1.8477323,139.22765,49.695118
33.25035,1.8302783,124.49187,53.353657
32.005688,2.606429,127.032524,49.085365
29.338549,2.8236315,132.62195,46.646343
30.703682,2.0930376,128.55692,57.621952
23.470839,2.4622805,127.54066,59.756096
26.360346,2.606429,122.967476,53.353657
23.826458,3.2580364,132.21605,59.756096
24.537695,2.3165214,126.84563,66.46342
24.537695,3.909644,181.40244,77.439026
22.93741,2.651961,159.04471,71.03659
20.981508,2.7801025,156.50406,70.12195
19.914652,2.3892267,149.39024,61.311546
18.847794,1.7376195,117.37805,59.146343
23.29303,2.3892267,0.0,0.0
18.136559,1.7376195,96.544716,47.560974
17.603128,1.7376195,81.30081,41.053493
17.247509,1.7376195,74.226074,39.32927
17.247509,1.7376195,70.91746,37.5
17.603128,2.3892267,64.532524,38.16215
26.702585,2.1720243,94.050125,31.09756
18.314367,2.3892267,83.333336,36.890244
20.27027,1.7376195,107.72358,39.634148
31.01155,1.7376195,111.28049,45.121952
29.694168,2.1720243,122.967476,52.134148
25.582212,2.606429,100.60976,51.82927
27.382647,2.8236315,78.25203,44.207317
22.93741,2.8236315,75.203255,42.41129
22.226173,2.606429,68.597565,47.256096
21.337126,2.8236315,68.08943,50.30488
20.803698,2.8236315,71.64634,54.26829
20.981508,3.040834,78.76016,48.47561
24.500603,3.2580364,97.05285,54.57317
23.470839,3.475239,129.57317,58.071472
23.470839,2.538893,154.47154,65.243904
21.514936,3.040834,147.86586,67.68293
20.09246,3.2580364,124.49187,64.939026
19.203413,2.6329808,100.10162,54.26829
18.314367,3.475239,85.36585,48.47561
17.603128,3.475239,64.532524,43.04153
22.551405,3.475239,60.46748,37.5
17.247509,3.475239,59.95935,34.451218
17.247509,3.475239,104.45586,48.815224
18.492174,3.475239,53.86179,34.146343
21.159317,2.2240448,58.94309,29.573172
22.359255,3.475239,58.43496,34.756096
24.715506,3.475239,91.46342,36.585365
26.31579,3.475239,115.34553,54.423695
27.027027,3.475239,129.57317,50.30488
27.027027,2.24669,140.75203,59.756096
26.493599,3.475239,121.95122,46.646343
26.13798,3.475239,117.88618,47.256096
23.64865,3.475239,113.31301,41.76829
22.403982,3.475239,108.231705,42.987804
22.226173,3.475239,104.6748,44.817074
23.29303,3.909644,111.28049,46.341465
27.738264,4.561251,143.29268,50.609756
26.123297,3.909644,171.23984,60.060974
27.382647,2.2726192,137.60983,69.20731
22.759602,3.475239,182.4187,73.17073
20.44808,2.606429,118.39431,65.85366
19.381224,2.1720243,92.479675,52.134148
17.603128,2.606429,71.138214,43.59756
17.42532,1.954822,64.532524,37.28368
17.247509,1.954822,58.94309,35.060974
17.247509,2.5012853,59.451218,35.67073
17.247509,1.954822,58.94309,36.890244
18.669987,1.954822,68.08943,35.060974
28.80512,1.954822,76.21951,41.00372
28.627312,1.7376195,79.268295,41.181038
27.382647,1.7376195,85.873985,41.463413
25.96017,1.7376195,94.47941,40.548782
24.359886,1.954822,96.511665,44.207317
24.004267,1.954822,72.15447,43.90244
24.004267,2.0450256,101.89338,44.737217
24.004267,1.7376195,59.451218,42.378048
21.870554,1.7376195,68.08943,46.341465
21.159317,2.3892267,75.71138,48.47561
21.514936,2.606429,74.69512,42.987804
28.822115,1.8911974,116.26085,49.80932
27.382647,2.0185423,119.14334,54.878048
26.148449,3.475239,160.06097,68.61657
27.560455,3.6924415,173.78049,69.81707
32.434036,2.0794332,166.15854,65.722374
20.803698,2.630353,124.49187,58.841465
19.203413,2.1720243,99.085365,46.951214
17.78094,2.606429,86.89024,37.19512
17.603128,2.1720243,76.727646,31.707317
17.42532,2.1720243,69.765175,31.40244
17.42532,2.4633126,63.516262,31.40244
17.42532,2.1720243,63.00813,32.012196
28.68543,1.7713438,66.05691,30.182926
26.849218,1.954822,86.71032,31.09756
27.204836,1.7376195,81.808945,34.451218
22.048365,1.7376195,88.414635,43.905212
22.226173,1.7376195,78.76016,43.90244
27.109509,2.1720243,84.85773,37.5
23.470839,2.239995,86.38211,41.15854
23.29303,2.606429,71.64634,39.02439
26.671408,2.606429,68.08943,40.853657
22.226173,2.606429,70.63008,37.5
21.692745,3.040834,76.727646,36.280487
21.870554,2.268038,75.203255,38.109756
25.310741,2.606429,95.52846,48.52066
27.027027,4.3440485,133.63821,45.73171
30.405403,3.6924415,170.22357,56.707317
26.493599,3.475239,142.37132,65.85366
22.759602,3.6924415,162.09349,67.68293
20.803698,2.8236315,140.75203,59.59943
18.847794,1.954822,94.00407,54.26829
17.603128,2.2561378,89.790924,39.431904
17.603128,2.606429,78.76016,41.81678
17.42532,2.3892267,77.743904,34.451218
17.247509,2.3892267,71.138214,31.707317
17.42532,2.3892267,68.08943,35.67073
19.203413,2.361938,75.203255,31.40244
28.982931,1.954822,90.955284,31.09756
29.51636,1.7376195,102.13415,34.451218
26.493599,1.7376195,100.10162,35.67073
28.253532,1.954822,101.23784,37.5
29.716738,1.7376195,82.8252,45.121952
23.29303,2.2761889,91.46342,45.73171
24.182077,2.8236315,71.138214,41.328205
23.29303,2.606429,60.46748,38.19694
21.692745,2.8236315,81.05534,29.573172
22.048365,2.606429,68.597565,39.861683
24.367886,2.606429,107.22045,39.634148
25.252922,2.606429,94.51219,45.42683
27.204836,3.040834,115.34553,57.92683
29.51636,3.6924415,158.02846,61.890244
24.111404,4.1268463,130.86574,62.20749
22.759602,3.6924415,161.58537,67.884926
20.27027,2.476971,118.76802,68.29269
18.669987,2.1720243,92.98781,45.00768
17.603128,2.606429,74.69512,41.00751
17.247509,2.5116189,69.10569,34.756096
24.236713,2.606429,75.203255,30.792683
17.247509,2.606429,67.07317,33.841465
17.78094,2.606429,63.00813,32.92683
23.431929,2.8236315,60.97561,31.40244
26.960073,2.1720243,114.682976,51.284016
30.405403,1.8783264,89.43089,43.62221
29.649136,1.8394557,90.44715,34.756096
25.248934,1.7376195,85.36585,40.548782
24.537695,1.954822,70.63008,45.42683
24.715506,2.1720243,81.808945,44.512196
24.538359,2.606429,73.67886,44.817074
24.893314,2.606429,65.04065,43.292683
23.29303,2.606429,59.451218,38.07423
22.226173,2.606429,76.21951,42.682926
22.581793,2.606429,84.85773,40.853657
23.64865,2.606429,106.70731,50.31683
25.071123,2.606429,138.21138,49.085365
28.80512,4.561251,174.28862,58.536587
24.573832,4.1268463,147.9627,66.46342
22.759602,3.475239,170.7317,69.94861
20.27027,2.606429,140.2439,59.29206
19.381224,2.405667,110.17012,63.719513
28.81096,1.9510832,79.77642,49.085365
17.603128,2.606429,70.12195,36.585365
17.603128,2.606429,66.56504,39.32927
17.247509,2.3892267,63.00813,35.365852
17.42532,2.5001068,61.99187,36.585365
17.958748,2.8236315,64.02439,37.19512
18.847794,2.606429,64.02439,34.146343
22.759602,2.3490338,72.15447,40.225254
28.449503,1.7376195,105.691055,39.939026
32.36131,1.7586246,120.93496,42.378048
33.428165,1.7376195,114.32927,40.548782
34.85064,1.954822,104.6748,37.5
33.605976,2.606429,128.04674,60.089928
32.53912,2.606429,100.10162,38.414635
28.093884,2.3892267,111.78862,52.04635
25.604551,2.0255709,97.560974,33.23171
24.715506,2.1720243,93.49593,30.487804
25.071123,3.475239,90.955284,33.841465
28.627312,3.475239,115.34553,48.17073
30.938831,2.08489,169.20732,61.585365
26.493599,2.4225073,183.43495,67.37805
21.514936,4.1268463,145.2333,66.46342
20.44808,3.2580364,134.65446,57.621952
29.954618,2.0715024,111.78862,57.621952
23.9088,3.475239,92.98781,51.52439
17.78094,2.1213398,81.870674,43.90244
17.603128,3.475239,73.17073,39.02439
17.247509,2.6230597,66.05691,43.59756
17.603128,3.475239,63.00813,42.956684
17.78094,3.475239,58.94309,34.451218
18.136559,3.2580364,58.94309,33.841465
19.914652,2.4233146,67.5813,40.548782
25.604551,3.475239,114.49453,42.987804
30.227596,1.8914877,105.691055,44.207317
25.16964,3.475239,132.11382,60.329327
34.85064,3.475239,126.52439,59.67131
29.097944,2.112901,93.49593,66.15854
25.86268,2.3892267,95.52846,55.182926
25.126143,2.606429,89.43089,46.69292
29.03452,2.0520391,86.38211,61.890244
22.759602,3.909644,134.12907,57.317074
23.826458,4.1268463,113.82114,55.97253
27.027027,4.7784534,118.902435,57.92683
29.51636,2.2008872,154.47154,67.37805
25.426743,4.3440485,181.40244,80.18293
22.226173,3.475239,116.70062,54.436703
20.27027,2.606429,141.26016,78.96342
18.314367,2.1720243,107.21545,48.901257
27.31126,2.1720243,93.49593,48.17073
17.42532,2.606429,84.349594,43.292683
17.247509,2.606429,76.727646,45.73171
17.247509,2.3892267,74.69512,40.548782
17.603128,2.3892267,76.727646,40.900078
19.203413,2.3892267,76.21951,42.682926
30.761023,1.7376195,111.779106,44.817074
29.694168,1.7376195,88.414635,43.191906
24.893314,2.3892267,84.349594,46.951214
24.893314,1.7376195,79.268295,46.951214
24.424807,2.606429,70.12195,46.036587
24.359886,2.606429,95.52846,54.57317
25.071123,2.606429,75.71138,42.22114
24.359886,2.606429,108.91578,47.865852
22.048365,2.387356,70.12195,51.82927
24.9191,2.3892267,75.203255,45.121952
22.226173,2.3892267,78.76016,42.324596
23.826458,2.606429,109.13493,50.24755
27.916075,2.606429,145.83333,62.579056
30.227596,3.2580364,190.04065,79.268295
26.849218,2.4413826,206.80894,66.768295
22.581793,3.2580364,180.8943,69.20731
19.736841,2.606429,132.11382,68.29269
18.669987,2.3892267,90.955284,54.878048
17.42532,2.1586113,83.54547,44.512196
17.247509,1.7376195,76.21951,39.937702
17.42532,1.7376195,67.5813,36.890244
17.247509,2.3892267,66.05691,39.939026
17.603128,2.471315,61.483738,34.146343
19.203413,1.954822,61.483738,36.890244
29.16074,1.7376195,73.17073,38.109756
29.694168,1.8509039,100.10162,40.548782
25.426743,2.3892267,76.727646,33.23171
24.004267,2.606429,93.81631,38.109756
24.449308,2.606429,77.743904,36.890244
23.29303,2.606429,83.333336,44.128616
27.935396,1.954822,70.63008,37.80488
28.981543,1.7376195,57.418697,40.243904
21.692745,1.7376195,67.5813,42.378048
20.981508,1.7376195,75.203255,40.553043
21.337126,1.7376195,72.15447,42.682926
29.392303,1.7376195,106.58044,43.292683
27.204836,3.6924415,140.75203,57.012196
33.325733,2.0926359,185.46748,70.86532
28.089996,3.475239,192.5813,80.18293
22.93741,3.2580364,146.58188,73.47561
20.09246,2.606429,122.967476,59.451218
18.847794,2.3892267,97.560974,51.52439
17.603128,2.1720243,87.39838,39.634148
17.603128,2.699719,84.349594,42.678223
30.069891,1.7376195,79.268295,38.414635
30.173693,1.7376195,77.743904,32.012196
17.603128,1.954822,73.17073,32.92683
24.80162,2.3892267,70.63008,36.890244
29.257256,1.7376195,94.09776,33.23171
30.071924,1.7376195,80.28455,37.5
29.179956,1.781809,72.662605,33.23171
23.826458,1.7376195,75.71138,37.19512
23.115221,1.7376195,86.18245,39.634148
22.93741,1.7376195,85.36585,43.59756
23.470839,1.7376195,87.39838,39.634148
22.759602,1.7376195,81.30081,46.646343
22.93741,2.1720243,79.77642,42.60954
21.159317,2.3892267,83.333336,46.036587
20.981508,2.1720243,79.77642,45.42683
22.93741,2.3892267,120.93496,55.792683
26.13798,2.606429,164.12602,67.483925
33.550205,2.2189944,193.08943,63.719513
25.604551,3.040834,194.61382,61.280487
27.645393,3.2580364,176.82927,71.95122
19.914652,2.606429,119.9187,73.47561
18.314367,2.606429,104.166664,62.19512
17.42532,2.6964464,90.955284,52.43903
25.211557,2.606429,116.41355,46.341465
17.247509,2.1720243,67.07317,47.865852
17.069702,1.7376195,65.54878,44.207317
17.42532,1.7376195,81.341324,45.73171
19.203413,2.3892267,63.516262,48.17073
29.255693,1.7376195,76.727646,40.5016
30.583216,1.7376195,85.36585,46.036587
25.248934,2.1343944,86.89024,42.987804
23.470839,1.7376195,98.11749,47.865852
30.549536,1.7376195,99.5935,53.658535
22.581793,2.606429,105.583496,48.333008
22.759602,2.606429,107.06729,49.070133
23.29303,2.606429,111.274,51.219513
21.692745,2.606429,75.71138,41.82235
22.226173,2.606429,105.55835,48.245983
28.52459,1.9618285,77.743904,41.18659
25.64656,2.606429,102.64227,50.609756
29.338549,2.606429,149.39024,56.707317
30.761023,3.909644,150.66028,69.81707
27.560455,4.3440485,130.92177,62.21936
22.93741,3.475239,175.813,76.82927
20.803698,3.040834,113.31301,67.07317
19.025604,3.040834,84.85773,57.317074
17.603128,2.606429,95.06001,47.560974
17.247509,2.606429,64.02439,38.31142
17.42532,2.606429,92.109856,45.42683
23.928198,2.606429,61.99187,36.890244
17.603128,2.3892267,81.14177,39.939026
19.203413,2.4979353,63.00813,44.207317
29.871977,1.8236617,72.15447,39.02439
32.53912,1.6657416,80.79269,39.02439
30.558735,1.7376195,91.46342,39.634148
26.13798,1.7376195,100.60976,42.378048
25.248934,1.7376195,87.39838,44.512196
29.82898,1.7376195,88.414635,43.151577
29.444576,1.7376195,113.98593,47.458668
24.893314,1.7376195,89.939026,48.17073
23.64865,2.606429,110.772354,42.987804
25.505472,2.606429,104.166664,42.07317
22.93741,2.606429,116.86992,47.256096
23.826458,2.606429,123.98374,54.878048
26.13798,3.6924415,172.2561,58.536587
28.627312,4.3440485,183.94308,76.86188
25.426743,4.561251,183.94308,72.256096
21.514936,3.909644,180.38618,74.085365
20.27027,2.768613,140.75203,67.68293
19.025604,2.606429,104.166664,65.85366
18.136559,1.7376195,91.97154,48.47561
17.42532,1.7376195,83.333336,41.463413
17.42532,2.6222224,74.69512,44.817074
17.247509,1.7376195,75.203255,36.585365
17.603128,1.7376195,70.489494,35.060974
18.314367,2.3892267,59.451218,36.882862
29.608309,1.7047856,72.662605,26.219515
23.64865,1.7376195,75.75691,29.573172
28.627312,1.7376195,104.166664,33.23171
30.049788,1.7376195,103.41626,39.32927
32.894737,1.7376195,121.7061,50.188503
35.384068,2.606429,132.11382,40.243904
33.25035,2.606429,113.56363,36.890244
31.827883,2.606429,117.37805,39.32927
29.338549,2.606429,131.6057,39.02439
27.560455,2.606429,118.39431,32.317074
25.782362,2.606429,116.361786,53.66219
25.782362,2.606429,116.361786,36.280487
28.093884,2.0602214,117.37805,51.716255
30.405403,2.8236315,168.69919,51.82927
32.00119,2.2303069,166.15854,65.54878
22.581793,2.606429,151.42276,67.98781
20.803698,2.6269343,137.70325,59.756096
19.559032,2.61156,115.85366,53.048782
18.492174,2.6268513,97.05285,45.785973
17.603128,1.7376195,93.49593,44.367104
17.42532,1.7376195,84.349594,38.414635
17.247509,1.7376195,79.268295,39.32927
17.603128,2.499738,68.597565,33.841465
29.391624,1.7376195,61.99187,28.658537
18.492174,1.7376195,71.138214,38.99541
22.048365,1.7376195,84.349594,22.256098
30.405403,1.7050134,96.544716,26.219515
35.73969,1.7376195,113.31301,34.146343
35.917496,1.7376195,111.6918,35.67073
35.917496,1.7376195,141.26016,39.939026
31.473482,1.7376195,109.24797,35.97561
32.005688,1.7376195,99.196655,32.317074
27.738264,1.7376195,90.44715,43.817265
28.652895,1.954822,77.23577,27.743902
24.182077,2.606429,82.31707,26.524391
24.537695,2.606429,79.77642,43.13279
27.560455,2.606429,96.03658,32.317074
32.894737,2.606429,125.50814,42.987804
27.372276,2.606429,144.81708,61.585365
23.29303,2.4624007,137.19513,55.792683
20.27027,1.7376195,97.680626,54.26829
18.669987,2.2176008,90.868416,40.231457
17.958748,1.7376195,92.479675,42.987804
17.42532,1.7376195,82.8252,39.939026
17.247509,1.7376195,72.15447,38.719513
17.069702,1.3032146,72.662605,33.841465
17.603128,1.520417,67.5813,37.649277
19.559032,1.520417,64.532524,27.439024
31.116644,1.7376195,93.38204,29.878048
32.005688,1.7376195,84.349594,33.23171
25.248934,1.7376195,75.71138,40.64767
24.715506,1.7376195,82.99573,32.92683
29.67867,1.7376195,73.17073,36.890244
24.893314,1.7376195,100.71545,42.67292
31.202705,1.520417,74.69512,38.719513
24.004267,1.3032146,70.63008,37.19512
22.048365,1.7376195,83.333336,38.109756
29.751999,1.7376195,70.12195,35.060974
23.115221,1.7376195,85.39071,38.109756
24.537695,1.7376195,92.98781,44.736607
24.44625,2.606429,108.67869,41.76829
31.29445,1.9198108,139.22765,57.48428
26.849218,2.606429,155.48781,65.15295
22.581793,2.6555996,152.94716,67.68293
20.09246,1.3032146,119.9187,64.02439
18.669987,1.520417,98.57723,45.548866
17.603128,2.642575,76.21951,40.205402
17.247509,1.7376195,71.64634,38.719513
17.247509,1.7376195,72.776024,37.80488
17.247509,2.4759562,75.203255,31.40244
29.282581,1.7376195,111.77434,46.473522
19.559032,1.7376195,69.10569,38.564926
30.116547,1.7376195,77.23577,28.353659
32.1835,1.6652087,78.76016,33.841465
35.02881,1.0860121,89.939026,38.109756
25.426743,1.7376195,67.5813,30.182926
25.604551,1.7376195,63.00813,37.296078
27.027027,1.7376195,89.73143,34.451218
25.071123,2.0457792,71.138214,34.756096
24.004267,1.7376195,76.21951,41.463413
22.759602,2.2044299,76.21951,34.756096
22.226173,2.1554258,72.15447,30.487804
23.29303,1.7376195,73.67886,40.21294
25.96017,1.7376195,87.9065,36.890244
31.472263,1.954822,117.37805,37.19512
35.02845,2.1720243,145.32521,52.743904
29.871977,1.854097,116.359406,49.665142
31.049402,1.954822,149.39024,53.963413
31.002096,1.7376195,112.296745,51.82927
18.847794,1.7376195,92.479675,42.682926
30.234787,1.7376195,80.28455,33.23171
17.42532,1.7376195,73.67886,30.792683
17.42532,1.7376195,63.366276,28.353659
17.247509,1.3032146,78.25203,39.705288
17.958748,1.7376195,74.69512,39.89901
20.27027,1.520417,65.54878,26.524391
32.894737,1.520417,86.89024,29.573172
32.894737,1.954822,78.76016,33.23171
28.271692,1.954822,84.349594,31.40244
28.982931,1.7376195,81.30081,32.621952
30.860401,1.7376195,96.03658,30.792683
29.871977,1.7376195,87.39838,33.23171
26.849218,1.7376195,80.79269,34.756096
25.96017,1.7376195,71.138214,33.536587
30.158913,1.7376195,83.84146,43.59756
23.826458,1.520417,83.333336,31.707317
23.29303,1.7376195,83.84146,36.280487
25.96017,2.1831477,98.57723,47.20414
31.615095,1.7376195,124.49187,49.695118
27.357933,2.3892267,140.2439,60.924923
33.303314,2.0951536,180.8943,52.134148
23.64865,2.8236315,154.47154,62.80488
20.625889,1.7376195,114.837395,50.88259
19.025604,1.7376195,92.98781,40.853657
17.958748,1.520417,81.30081,41.247063
17.603128,2.6588402,74.18699,39.838654
17.42532,1.520417,83.61034,35.40192
17.247509,1.7376195,72.15447,32.621952
29.758541,1.7376195,71.64634,32.012196
20.44808,1.7376195,61.99187,36.995193
32.36131,1.7376195,76.21951,31.707317
30.578876,1.7376195,86.38211,32.92683
26.849218,1.7376195,79.77642,22.256098
25.071123,2.201199,73.67886,40.891445
24.537695,1.7376195,81.09872,32.012196
31.198603,1.520417,76.21951,40.548782
25.071123,1.7376195,83.84146,32.012196
24.893314,2.2325244,77.23577,41.993946
23.115221,1.520417,74.69512,39.484196
22.403982,2.2415657,80.79269,36.280487
23.470839,2.3188298,88.92277,44.802536
26.493599,2.057544,110.772354,39.634148
29.871977,1.9448812,133.63821,45.121952
33.605976,1.7376195,156.50406,47.560974
27.204836,2.3892267,157.01219,51.219513
32.370617,1.7376195,147.35773,59.451218
20.44808,1.7376195,114.32927,49.695118
18.669987,2.5009022,90.955284,41.463413
17.958748,1.7376195,83.84146,34.451218
17.42532,1.7376195,75.203255,29.878048
17.603128,1.7376195,63.516262,36.746147
17.42532,1.7376195,75.71138,30.182926
18.314367,1.7376195,72.15447,39.178875
20.625889,1.7376195,58.94309,27.134146
32.53912,1.7376195,120.91248,49.855545
30.422983,1.7376195,86.89024,33.536587
19.914652,1.7376195,85.36585,33.23171
31.29445,1.7376195,79.77642,31.40244
29.694168,1.7376195,71.138214,38.932888
30.583216,1.7376195,83.84146,34.451218
30.227596,1.7376195,68.08943,32.621952
30.227596,1.7376195,55.386177,35.060974
29.51636,1.7376195,76.727646,35.365852
28.627312,1.954822,84.349594,43.295547
28.80512,1.6284151,94.55936,33.23171
29.51636,2.3892267,103.27798,37.5
32.005688,3.040834,128.70375,50.30488
33.605976,3.6924415,134.14635,62.160053
28.627312,3.475239,159.04471,58.841465
24.537695,2.8236315,137.70325,64.02439
28.99225,1.954822,108.73984,62.5
20.981508,2.541642,98.57723,54.57317
20.09246,1.7376195,81.808945,37.80488
19.381224,2.3846064,82.31707,32.621952
19.203413,1.7376195,68.597565,38.473526
30.121159,1.7376195,73.17073,29.878048
19.914652,1.7376195,60.97561,29.878048
29.17309,1.7376195,58.43496,29.573172
29.360678,1.7376195,113.1972,47.136307
27.916075,1.7376195,78.76016,37.19512
35.73969,1.7376195,89.939026,37.19512
37.69559,1.7376195,94.00407,42.378048
38.22902,1.7376195,111.78862,41.463413
38.22902,1.7376195,118.54824,36.280487
36.628735,1.7376195,106.19919,46.59237
30.988155,1.7376195,105.18293,39.634148
29.359879,1.7376195,105.30739,42.987804
30.405403,1.7376195,95.52846,30.792683
29.871977,1.7376195,86.38211,35.97561
35.73969,1.7376195,106.19919,46.716564
32.633503,1.7376195,135.1626,35.67073
38.22902,1.4615425,125.50814,42.682926
32.716927,1.7376195,125.05984,51.52439
31.912985,1.7376195,136.17886,56.21918
23.29303,1.3032146,94.53135,37.191494
21.337126,1.7376195,98.5601,53.048782
20.09246,1.7376195,92.479675,44.678555
19.381224,2.4167778,83.333336,35.365852
19.203413,1.7376195,68.18405,30.792683
19.203413,1.7376195,77.743904,29.878048
20.27027,1.7376195,71.64634,31.40244
20.625889,1.7376195,54.878048,35.56128
21.514936,1.7376195,64.532524,37.768337
26.493599,1.7376195,80.42241,27.134146
34.85064,1.7376195,101.626015,45.709564
37.69559,1.3032146,122.460625,41.463413
38.406826,1.7376195,137.70325,55.1431
32.25693,1.7376195,129.06505,42.682926
29.833628,1.954822,110.772354,37.5
33.072548,2.606429,116.23556,40.243904
30.405403,2.606429,103.36362,35.365852
28.093884,2.606429,78.25203,28.658537
24.181389,2.606429,77.23577,26.829268
24.018444,2.8236315,78.25203,31.707317
29.85283,1.8765371,92.479675,41.76829
35.56188,1.6751729,128.55692,53.525745
29.871977,2.606429,144.30894,62.40295
24.715506,2.606429,132.62195,52.43903
27.731285,2.1720243,118.902435,62.80488
20.625889,1.7376195,106.19919,43.292683
19.914652,1.7376195,71.968765,33.23171
18.847794,1.7376195,80.28455,31.707317
18.847794,1.7376195,73.17073,28.353659
18.847794,1.7376195,66.69845,29.878048
20.09246,1.7376195,67.07317,30.487804
22.226173,2.0796988,97.959404,43.18316
34.672832,1.7376195,127.33676,52.19956
36.628735,1.46222,118.06994,37.19512
31.116644,1.7376195,79.268295,40.853657
29.694168,1.7376195,114.11624,47.396202
31.116644,1.7376195,80.79269,35.365852
30.938831,1.7376195,104.99425,39.634148
29.338549,1.7376195,100.3615,38.719513
28.093884,1.7376195,66.56504,41.463413
25.782362,1.7376195,70.12195,32.92683
28.627312,2.606429,75.71138,30.182926
29.483158,1.8065876,79.77642,35.67073
29.16074,1.8725398,94.51219,39.32927
35.73969,1.59394,119.9187,44.207317
39.473682,2.3892267,126.01626,52.134148
28.385399,2.3892267,160.5691,66.3807
26.493599,1.7376195,126.01626,53.23081
23.29303,1.7376195,111.28049,56.40244
20.803698,1.7376195,91.46342,41.15854
29.429312,1.7376195,113.18659,47.1487
18.847794,1.7376195,75.203255,39.82204
19.203413,1.7376195,68.08943,29.878048
30.159105,1.7376195,77.23577,29.268293
20.625889,1.520417,66.56504,30.182926
31.267406,1.520417,62.5,25.304878
35.73969,1.7376195,84.85773,31.40244
29.301855,1.8119022,80.28455,33.841465
33.78378,1.7376195,123.89292,50.892014
32.894737,1.5713246,76.21951,31.09756
30.227596,1.954822,116.91343,50.360447
30.761023,2.1720243,87.39838,34.756096
27.738264,1.954822,81.30081,39.02439
27.382647,2.0098693,76.727646,42.987804
26.493599,1.7376195,76.21951,36.890244
27.560455,1.7376195,72.15447,37.5
30.650682,1.7376195,86.89024,33.536587
37.51778,1.7376195,97.560974,37.5
39.473682,1.7376195,129.57317,46.646343
40.71835,1.7376195,144.30894,48.17073
36.806545,2.606429,139.22765,57.621952
29.338549,1.954822,141.7683,58.735744
26.13798,2.13095,104.6748,48.17073
22.048365,1.7376195,82.31707,41.76829
20.625889,1.7376195,73.877945,32.92683
19.914652,1.7376195,81.30081,30.792683
19.381224,1.7376195,76.21951,28.353659
19.381224,1.7376195,81.808945,29.573172
20.625889,2.2764606,80.79269,32.621952
29.14697,1.7376195,85.17476,25.304878
36.628735,1.7376195,83.333336,28.963415
38.22902,1.492097,84.85773,41.753345
30.020962,1.7376195,87.9065,42.903225
34.495018,1.7376195,77.23577,32.317074
28.844854,1.7376195,66.56504,37.797142
34.31721,1.7376195,93.49593,34.756096
30.049788,1.7376195,85.873985,29.268293
29.871977,1.7376195,85.36585,30.487804
29.530697,1.7815756,82.31707,30.182926
30.227596,1.7376195,115.47094,47.93456
34.672832,1.7376195,100.15983,28.353659
34.672832,1.7376195,95.020325,30.487804
38.406826,2.3892267,113.82114,51.901337
31.770338,1.7376195,127.032524,46.036587
34.85064,1.7376195,134.65446,59.756096
30.761023,1.7376195,133.63821,54.81061
27.382647,2.1503632,116.361786,52.743904
29.023216,1.8616874,115.50414,49.214718
21.870554,1.7376195,90.44715,44.372387
20.803698,1.7376195,93.66618,40.558296
29.733627,1.7376195,83.333336,42.089848
20.803698,1.7376195,73.27796,31.40244
22.226173,1.7376195,72.15447,39.57403
24.182077,1.7376195,61.99187,37.37551
29.896185,1.7376195,70.63008,27.439024
33.428165,1.7376195,83.333336,35.060974
38.406826,1.954822,90.955284,29.573172
38.762447,1.7376195,95.52846,43.66471
38.05121,1.4009098,107.72358,36.280487
37.873398,1.7376195,134.5741,54.861103
35.917496,1.7376195,98.57723,44.85882
25.65082,2.3892267,117.71037,54.64496
27.916075,1.7376195,88.7226,31.707317
27.204836,2.0888116,94.00407,45.564686
27.382647,1.7376195,82.42361,28.353659
33.25035,1.7376195,98.57723,29.573172
36.273117,1.4672236,115.09613,35.060974
35.73969,1.7376195,131.6057,53.491264
29.871977,2.038354,143.29268,56.09756
29.770924,1.7376195,114.983955,47.873684
23.64865,1.7376195,117.88618,51.388577
30.846758,1.7376195,101.626015,45.42683
19.914652,1.9456191,78.989,37.5
19.203413,1.7376195,83.84146,29.573172
29.934006,1.7376195,72.15447,29.573172
19.203413,1.7376195,68.48339,29.878048
20.44808,1.7376195,68.08943,29.878048
22.759602,1.7376195,69.648026,25.0
33.605976,1.7376195,99.29088,28.963415
31.784752,1.3032146,98.13884,39.02439
35.02845,1.7376195,85.873985,32.92683
33.428165,1.7376195,94.00407,37.80488
33.78378,1.6053004,88.414635,39.02439
30.911509,1.7376195,100.10162,40.243904
29.16074,1.7376195,97.05285,45.157917
27.738264,1.7376195,82.8252,33.23171
30.244944,1.7376195,82.31707,31.09756
30.717468,1.7376195,95.020325,36.890244
25.96017,1.7376195,97.05285,36.280487
30.938831,1.7376195,107.21545,38.109756
31.29445,1.7376195,127.54066,34.756096
26.986448,2.606429,150.40651,38.414635
32.50695,1.7376195,147.86586,55.182926
24.004267,1.7376195,126.01626,54.57317
22.581793,2.3911247,115.34553,51.624714
29.864004,1.9900024,102.64227,51.219513
20.625889,1.7376195,90.955284,39.32927
19.736841,1.7376195,77.23577,30.487804
19.736841,1.7376195,69.10569,30.487804
19.203413,1.7376195,67.5813,30.182926
28.48248,1.7766482,64.02439,29.878048
22.226173,1.7376195,53.86179,35.396248
29.049244,1.7376195,71.138214,39.226913
27.560455,1.7376195,88.414635,27.439024
30.407469,1.783294,97.560974,30.487804
36.273117,1.7376195,104.81634,28.658537
35.73969,1.7376195,96.544716,44.058727
36.095306,1.7376195,109.7057,32.621952
35.56188,1.3032146,99.5935,31.09756
34.672832,1.7376195,105.18293,39.939026
31.472263,1.7376195,117.88618,39.634148
27.738264,1.7376195,113.31301,35.67073
27.204836,1.7376195,97.560974,33.23171
31.489277,1.7376195,111.28049,32.317074
32.894737,2.1720243,133.63821,39.02439
26.624529,2.606429,136.17886,44.512196
28.449503,3.040834,158.53659,55.182926
24.004267,2.606429,137.19513,53.353657
23.470839,1.7376195,119.41057,52.180634
21.337126,2.384431,101.626015,44.207317
20.09246,1.7376195,87.39838,38.414635
19.736841,1.7376195,76.727646,32.317074
29.551857,1.7376195,67.5813,28.963415
19.381224,1.7376195,64.532524,27.743902
20.981508,1.7376195,60.97561,28.963415
21.692745,1.7376195,50.30488,24.390244
21.870554,2.111609,61.99187,22.560976
25.604551,1.7376195,78.25203,26.829268
32.005688,1.7376195,100.60976,26.524391
34.023155,1.3032146,99.085365,37.5
37.69559,1.0860121,146.34146,40.853657
37.873398,1.7376195,147.86586,46.951214
25.450026,2.606429,120.32388,56.644978
32.1835,2.606429,117.62419,42.378048
29.16074,2.606429,97.560974,48.689926
27.027027,1.8795846,89.939026,28.353659
27.560455,1.8905232,109.9344,47.023426
29.871977,2.606429,82.8252,45.260887
32.005688,3.2580364,110.772354,32.92683
35.02845,3.6924415,119.9187,36.890244
31.472263,3.475239,143.29268,60.060974
25.426743,3.475239,144.30894,62.887245
23.29303,1.954822,126.52439,51.82927
29.36803,1.9832574,94.51219,45.874397
20.09246,1.7376195,87.39838,35.67073
19.381224,1.7376195,82.31707,32.317074
19.203413,1.7376195,75.203255,28.658537
19.203413,1.7376195,67.07317,29.878048
20.981508,2.2479677,61.483738,31.09756
24.004267,1.7376195,53.353657,25.609756
36.628735,1.4172329,78.76016,31.09756
29.231585,1.7376195,96.8232,35.97561
33.961594,1.6935973,80.79269,41.150433
36.095306,1.4724193,79.268295,36.890244
29.694168,1.8785203,77.743904,42.682926
30.097734,1.7376195,82.8252,38.109756
28.982931,1.7376195,80.79269,34.146343
28.271692,1.7376195,66.05691,34.451218
25.426743,1.7376195,78.25203,39.02439
24.715506,1.7376195,87.80156,37.5
25.205435,2.3892267,81.808945,44.730114
30.583216,2.606429,98.57723,43.292683
35.73969,2.8236315,121.95122,43.292683
36.806545,3.475239,137.19513,50.0
25.854284,3.2580364,138.33318,60.67073
24.715506,2.8236315,112.05118,52.05848
23.115221,1.7376195,107.21545,52.743904
20.625889,1.7376195,84.5727,42.07317
19.914652,2.3065448,77.23577,31.707317
19.025604,2.3680935,73.67886,29.573172
19.381224,1.7376195,76.21951,40.205387
19.203413,1.7376195,76.727646,28.658537
20.803698,1.7376195,67.5813,30.792683
23.470839,1.7376195,99.384995,42.392605
35.384068,1.7376195,73.17073,29.573172
37.339973,1.7376195,114.914856,35.365852
29.694168,1.3032146,81.808945,29.573172
29.762852,1.7376195,74.18699,32.317074
30.104929,1.7376195,75.71138,33.841465
27.382647,1.3032146,75.203255,33.841465
26.849218,2.100521,74.18699,40.659813
31.116644,2.1720243,66.05691,36.890244
26.493599,2.1720243,109.43597,49.72643
26.671408,2.606429,72.15447,40.243904
27.382647,2.8236315,82.8252,35.060974
32.36131,1.6775368,95.020325,38.109756
34.85064,2.3892267,121.44309,46.341465
25.979357,2.8236315,128.04878,42.987804
26.746464,3.040834,155.48781,66.60195
25.426743,3.040834,139.22765,70.731705
30.54952,1.7376195,109.24797,58.23171
21.337126,1.7376195,90.99448,46.951214
30.18327,1.7376195,80.28455,35.060974
19.381224,1.7376195,75.203255,31.40244
19.736841,1.7376195,74.69512,28.353659
19.736841,1.7376195,77.23577,40.42018
29.036844,1.7376195,68.08943,38.243286
22.048365,1.7376195,55.386177,23.170732
22.93741,1.7376195,64.02439,37.83885
26.493599,1.7376195,83.333336,25.914635
34.139404,1.5314205,104.6748,27.743902
31.407524,1.7376195,105.691055,32.92683
38.406826,1.3032146,126.01626,44.207317
38.584637,1.520417,134.9787,52.994366
34.31721,1.4796025,107.93916,32.92683
30.583216,1.7376195,116.86992,35.67073
28.271692,1.7376195,114.32927,38.414635
30.028868,1.8298317,94.00407,35.365852
27.738264,2.3892267,92.479675,34.146343
26.530807,2.3892267,103.150406,34.146343
35.73969,3.040834,112.80488,36.280487
25.949152,2.606429,113.82114,53.471554
33.428165,2.606429,143.29268,62.5
27.382647,2.606429,146.34146,63.109756
25.071123,1.7376195,96.54106,44.512196
22.226173,1.7376195,99.5935,39.02439
20.625889,1.7376195,87.39838,34.451218
29.579653,1.7376195,78.76016,40.760376
19.559032,1.7376195,72.662605,29.573172
19.736841,1.520417,73.17073,28.353659
22.048365,1.3032146,93.129616,36.899643
25.426743,1.7376195,59.95935,23.475607
36.806545,1.520417,83.84146,28.658537
38.22902,1.3997546,100.10162,35.67073
35.73969,1.3032146,105.691055,32.621952
36.273117,1.7376195,84.349594,41.275433
36.095306,1.7376195,81.808945,33.841465
30.405403,1.7376195,84.349594,41.965183
29.16074,1.520417,82.8252,31.09756
30.227596,1.3032146,82.31707,36.280487
27.738264,1.9356176,86.89024,38.414635
28.093884,1.7376195,109.29061,45.693317
29.66914,1.780653,86.38211,28.963415
33.25035,2.606429,97.05285,39.32927
39.118065,2.606429,130.0813,57.083008
38.940254,2.606429,134.24806,59.439816
33.072548,2.606429,144.30894,52.43903
28.982931,3.040834,132.62195,55.182926
26.493599,1.7376195,113.31301,61.890244
23.826458,1.7376195,100.89634,43.075882
21.514936,1.7376195,86.89024,43.29422
20.44808,1.520417,74.69512,30.182926
20.981508,1.7376195,68.08943,29.268293
20.803698,1.520417,69.64007,29.268293
30.54628,1.520417,110.95811,44.451965
28.935402,1.6726308,57.92683,23.475607
37.873398,1.7376195,107.44369,27.134146
39.118065,1.3416317,83.84146,35.365852
36.984352,2.1720243,117.071266,34.451218
36.450924,1.7376195,82.8252,35.97561
30.658894,1.7376195,92.98781,32.92683
32.005688,1.7376195,103.150406,42.07317
30.30569,1.7376195,91.46342,41.76829
28.982931,1.7376195,81.808945,39.02439
30.583216,1.7376195,83.84146,34.146343
31.29445,1.7376195,93.49593,43.975777
32.1835,1.7376195,97.560974,33.23171
37.339973,1.7376195,111.78862,32.92683
39.118065,1.7376195,100.60976,48.780487
39.651493,2.3892267,120.93496,39.32927
35.02845,2.1720243,149.39024,52.43903
27.916075,1.954822,147.86586,55.792683
25.96017,1.7376195,122.45935,51.52439
23.64865,1.9962108,97.64069,46.036587
29.768076,1.7906524,82.8252,34.451218
21.159317,1.7376195,82.8252,28.658537
20.625889,1.0860121,75.71138,26.219515
20.803698,1.3032146,70.63008,27.134146
22.403982,1.7376195,65.04065,29.573172
23.826458,2.1720243,61.483738,38.07229
25.782362,1.9122844,74.69512,26.524391
29.559317,1.8151501,83.333336,35.060974
38.584637,1.7376195,106.70731,33.23171
40.18492,1.7376195,122.45935,32.92683
40.71835,1.2812966,127.032524,34.756096
40.71835,0.86880976,107.72358,32.317074
29.177351,1.8373919,115.0645,48.77424
37.162163,1.3032146,117.88618,42.07317
34.139404,1.7376195,114.32927,36.280487
32.005688,1.7376195,104.6748,28.963415
32.005688,1.7376195,105.691055,27.743902
37.339973,1.5663842,132.62195,54.43275
40.54054,1.7376195,131.345,42.378048
39.651493,2.3892267,143.80081,45.42683
35.02845,1.954822,141.7683,52.43903
28.982931,1.7376195,137.70325,56.26529
28.093884,1.7376195,126.01626,54.26829
24.182077,1.7376195,102.64227,47.708088
22.403982,1.7376195,96.969345,41.634514
29.372984,1.7376195,112.92525,47.01869
21.159317,1.7376195,71.39615,29.268293
21.337126,1.7376195,68.597565,27.439024
22.581793,1.7376195,62.5,28.353659
23.826458,1.9600711,45.73171,21.646341
24.182077,1.7376195,72.66908,25.304878
29.637724,1.8142917,90.955284,30.487804
39.295876,1.7376195,107.21545,28.658537
40.00711,1.7376195,102.64227,34.756096
39.829304,1.7376195,127.998795,40.243904
39.651493,1.4247481,131.15193,42.07317
36.806545,1.7376195,86.38211,32.92683
29.871977,1.7376195,77.743904,24.695122
28.271692,1.7376195,88.414635,31.09756
28.271692,1.7376195,100.60976,36.890244
30.305687,1.7376195,79.77642,25.609756
36.273117,1.7376195,87.39838,41.946236
39.829304,1.7376195,100.10162,28.353659
42.140823,1.7376195,114.32927,35.67073
29.645506,1.7376195,110.18955,46.646343
31.5802,1.7376195,128.55692,54.07657
27.738264,1.7376195,109.50893,48.780487
23.29303,1.7376195,110.26423,49.640823
21.870554,1.7376195,90.44715,44.349243
20.44808,1.7376195,69.35352,29.573172
29.748775,1.7376195,64.02439,27.134146
28.469296,1.7589252,59.451218,30.182926
22.759602,1.7376195,56.40244,29.573172
26.671408,1.7376195,74.88424,22.560976
38.762447,1.7376195,70.63008,32.92683
40.71835,1.7376195,84.349594,40.60581
38.406826,1.954822,88.414635,30.182926
37.51778,1.3738229,113.53023,30.792683
32.53912,1.954822,88.92277,32.012196
31.65007,1.7376195,85.873985,40.548782
31.116644,1.7376195,100.55634,34.756096
28.80512,1.8102437,58.94309,33.23171
27.560455,1.7376195,81.808945,34.756096
28.271692,1.7376195,94.51219,44.927517
30.227596,1.7376195,80.28455,41.76829
34.85064,1.7376195,95.020325,44.07359
37.873398,1.6865519,122.967476,66.768295
31.671114,2.0541208,142.27643,53.963413
27.786182,2.606429,155.99594,63.109756
27.738264,1.954822,148.37398,59.451218
26.13798,1.7376195,123.47561,55.487804
23.29303,1.7376195,97.0075,47.560974
21.692745,1.7376195,87.39838,36.585365
20.803698,1.7376195,71.138214,32.92683
20.981508,1.7376195,67.07317,31.40244
21.337126,1.7376195,65.04065,32.621952
22.581793,1.7376195,64.532524,32.92683
26.31579,1.7376195,57.418697,36.318405
28.880222,1.7936807,71.138214,32.317074
39.295876,1.3113484,74.18699,35.97561
35.56188,1.4756082,112.84949,35.365852
32.36131,1.7376195,108.23536,39.02439
31.472263,1.7376195,109.20371,41.463413
28.093884,1.3032146,96.03658,35.97561
26.671408,1.954822,80.79269,42.82546
26.649162,2.1720243,76.727646,35.060974
26.077341,2.1720243,73.17073,41.440174
27.738264,2.606429,69.10569,36.890244
28.449503,2.8236315,92.479675,47.91902
34.85064,2.606429,105.691055,51.141327
39.651493,2.3892267,132.21313,45.73171
40.54054,1.4197847,136.17886,51.52439
37.51778,1.7023228,143.95251,59.756096
28.093884,3.040834,143.29268,59.146343
26.493599,1.7376195,100.60976,47.865852
23.64865,1.7376195,84.349594,40.243904
21.870554,1.7376195,78.76016,36.890244
29.117414,1.7376195,67.5813,38.296173
20.981508,1.7376195,65.54878,30.182926
21.514936,1.7376195,66.05691,32.012196
22.759602,2.1438067,65.04065,32.317074
27.027027,1.7376195,79.137764,25.304878
39.118065,1.7376195,79.77642,29.878048
39.473682,1.7376195,84.349594,35.365852
28.872232,1.7376195,70.12195,38.950253
32.716927,1.7376195,120.8317,49.809063
31.472263,1.7376195,105.54117,39.32927
26.849218,1.7376195,91.97154,44.533348
30.201477,1.7376195,81.808945,39.32927
30.583216,1.7376195,79.268295,36.585365
29.871977,1.7376195,81.808945,41.34413
27.738264,1.7376195,82.31707,38.414635
27.382647,1.7376195,93.49593,40.243904
36.450924,1.7376195,104.166664,50.30488
41.42959,1.7376195,137.05089,47.560974
41.785206,1.7376195,143.80081,45.73171
29.762194,2.1720243,153.45529,56.707317
31.116644,2.0550878,139.56505,64.02439
29.694168,1.7376195,120.93496,52.134148
30.400326,1.7376195,90.955284,39.32927
24.004267,1.7376195,82.8252,37.19512
29.899702,1.7376195,70.63008,33.23171
22.93741,1.7376195,78.22449,32.012196
23.64865,1.7376195,69.10569,38.951214
24.715506,1.7376195,82.94282,33.841465
28.982931,1.954822,52.845528,24.695122
26.1805,2.1720243,73.17073,41.691757
40.18492,1.7376195,84.85773,39.02439
36.628735,1.7376195,79.77642,32.317074
37.339973,1.7376195,71.64634,32.621952
36.273117,1.7376195,85.36585,34.146343
33.961594,1.7376195,93.49593,37.19512
30.761023,1.8679825,82.8252,42.34701
29.712414,1.7376195,75.71138,35.67073
29.208807,1.7376195,93.7051,33.536587
30.049788,1.7376195,85.873985,33.841465
29.679598,1.7376195,114.84018,47.82727
36.095306,1.7376195,86.38211,37.19512
29.393908,1.7659478,110.62673,44.512196
42.496445,2.3892267,129.57504,39.939026
38.22902,2.606429,154.97968,50.0
30.049788,2.0677588,150.40651,56.40244
28.80512,1.7376195,135.67073,47.560974
26.13798,1.7376195,116.361786,40.853657
23.29303,1.7376195,89.939026,37.5
22.759602,1.7376195,69.61382,33.23171
23.115221,1.7376195,68.08943,30.182926
23.470839,1.7376195,77.23577,30.487804
29.27511,1.7376195,65.04065,34.756096
30.049788,1.7376195,57.418697,26.524391
28.226692,1.96408,71.64634,40.105244
30.463886,1.7376195,81.808945,32.012196
40.00711,1.7376195,80.79269,34.451218
39.829304,1.7376195,85.873985,41.247944
29.563745,1.7376195,79.268295,40.818836
38.22902,1.3708298,86.38211,32.92683
31.116644,1.7376195,81.808945,32.621952
30.136837,1.7376195,79.268295,29.268293
29.694168,1.7376195,95.52846,31.707317
29.826788,1.7376195,87.39838,43.106518
31.65007,1.7376195,92.479675,43.792694
38.406826,1.7376195,102.64227,34.146343
32.20512,1.7376195,134.65446,41.463413
31.286722,1.954822,140.75203,37.19512
38.406826,3.2580364,150.91463,46.951214
30.938831,2.1720243,143.80081,49.390244
30.049788,1.7376195,113.41285,47.256096
30.694681,1.7376195,105.691055,47.872746
24.715506,1.7376195,89.43089,34.146343
30.393965,1.7376195,81.30081,29.268293
23.29303,2.2939622,73.67886,40.943623
23.64865,1.7376195,74.18699,30.182926
24.359886,1.7376195,75.71138,40.546806
26.671408,2.1720243,52.845528,20.731707
28.094908,1.954822,70.63008,30.182926
33.605976,1.7376195,75.71138,34.756096
40.362732,1.7376195,81.808945,30.487804
40.89616,1.7376195,117.97388,29.878048
40.89616,1.7376195,126.01626,28.658537
40.89616,1.7376195,129.06505,26.524391
39.829304,1.7376195,130.0813,52.450886
36.806545,1.7376195,112.509254,33.841465
35.73969,1.7376195,109.756096,31.40244
34.31721,1.7376195,102.16324,30.487804
33.605976,1.7376195,98.57723,28.353659
35.20626,1.7376195,103.82649,29.878048
38.584637,1.7376195,117.88618,39.02439
37.162163,1.7376195,126.01626,52.10982
32.1835,1.954822,140.2439,50.30488
30.329851,1.954822,135.1626,56.95708
29.51636,1.7376195,126.01626,48.780487
27.027027,2.0705426,105.18293,44.207317
24.537695,1.7376195,92.479675,34.146343
23.115221,1.7376195,82.8252,30.792683
22.759602,1.7376195,75.71138,40.872986
23.115221,1.7376195,73.67886,27.743902
29.791,1.7376195,65.54878,29.268293
26.13798,1.4855053,71.78108,18.59756
27.382647,1.7376195,67.07317,38.40745
30.405403,1.6663299,77.23577,25.914635
38.940254,1.7376195,92.98781,28.04878
42.140823,1.7376195,95.52846,43.087288
42.140823,1.7376195,112.80488,36.585365
32.052723,1.7376195,128.55692,39.32927
40.89616,1.7376195,81.30081,31.707317
30.024574,1.7376195,79.268295,32.317074
33.78378,1.7376195,70.12195,28.04878
33.428165,1.7376195,71.138214,29.878048
35.73969,1.4185363,75.71138,28.658537
40.71835,1.7376195,81.808945,26.829268
41.963017,1.7376195,94.00407,31.40244
43.029873,1.7376195,130.6309,38.414635
31.729824,1.7376195,127.032524,52.134148
32.1835,1.7376195,119.41057,54.57317
29.338549,1.9670835,109.756096,49.094475
27.204836,1.7376195,95.52846,37.5
24.004267,1.7376195,88.92277,33.841465
30.295073,1.7376195,84.349594,30.182926
23.115221,1.7376195,74.18699,30.182926
23.64865,1.7376195,73.17073,29.573172
28.924154,1.7376195,68.597565,38.47326
30.049788,1.7376195,56.40244,21.646341
42.318634,1.7376195,69.10569,29.268293
41.963017,1.2030008,88.414635,33.536587
40.362732,1.7376195,77.743904,26.829268
37.69559,1.7376195,70.12195,26.524391
36.450924,1.7376195,77.743904,32.012196
33.25035,1.7376195,86.89024,42.020462
31.827883,1.7376195,106.37277,39.02439
31.116644,1.7376195,101.16591,35.97561
29.871977,1.9038188,67.07317,38.399876
30.583216,1.8053972,89.43089,39.939026
30.334887,1.7376195,86.38211,38.109756
29.518394,1.7376195,107.30107,44.207317
42.318634,1.7376195,142.56332,52.743904
43.741108,1.7376195,139.10515,46.951214
41.42959,1.7376195,138.21138,56.707317
32.22379,1.7376195,140.2439,55.792683
29.694168,1.7376195,123.47561,47.560974
26.849218,1.7376195,98.06911,42.07317
23.826458,1.7376195,97.05285,33.841465
22.93741,1.7376195,88.414635,29.573172
23.115221,1.7376195,80.28455,29.268293
23.470839,1.7376195,76.727646,27.743902
25.248934,1.7376195,68.597565,30.182926
29.871977,1.7376195,59.451218,21.036585
30.263035,1.7376195,78.76016,26.524391
30.267681,1.7376195,79.268295,28.04878
38.762447,1.7376195,134.8202,54.4105
30.047745,1.7376195,73.67886,29.878048
32.894737,1.7376195,74.18699,35.97561
29.722492,1.8219994,87.39838,35.365852
30.227596,1.7376195,80.28455,34.451218
28.982931,1.5688027,91.3859,30.792683
28.093884,1.7376195,67.5813,33.536587
28.982931,1.7376195,77.23577,35.365852
29.574287,1.7376195,79.77642,41.27682
33.78378,1.7376195,105.23108,33.536587
39.829304,1.7376195,129.06505,46.646343
41.785206,2.606429,133.63821,58.131557
38.940254,2.1720243,148.58878,66.15854
31.29445,1.954822,129.57317,67.37805
29.338549,2.077478,114.837395,57.317074
27.204836,2.080388,98.57723,49.695118
23.64865,1.7376195,83.042854,35.060974
23.115221,1.7376195,81.808945,29.573172
23.115221,1.7376195,79.268295,28.04878
23.29303,1.7376195,86.38211,43.43632
29.55722,1.7470134,75.71138,30.182926
28.484612,1.7376195,57.92683,35.881184
40.54054,1.7376195,77.743904,26.829268
38.406826,1.7376195,81.30081,31.40244
31.827883,1.7376195,82.31707,41.3916
31.116644,1.6314911,72.662605,26.829268
31.472263,1.7376195,72.662605,27.134146
30.405403,1.9099241,80.79269,42.15377
29.51636,1.7747712,81.808945,31.707317
30.227596,1.6790143,74.69512,28.04878
30.62589,1.7376195,85.36585,29.268293
28.449503,1.7376195,83.333336,32.621952
29.51636,1.7376195,88.16851,28.963415
37.162163,1.7376195,91.46342,32.92683
39.829304,1.7376195,123.98374,51.212566
36.984352,1.7376195,128.55692,35.060974
32.894737,1.7973251,141.7683,46.036587
30.938831,1.7376195,127.27698,56.707317
28.80512,1.7376195,110.915794,46.30749
26.849218,1.7376195,94.00407,36.585365
23.64865,1.7376195,83.84146,32.92683
22.403982,1.7376195,81.30081,28.353659
29.159414,1.7792076,77.743904,28.658537
22.93741,1.7376195,75.203255,40.57944
24.359886,1.7376195,66.56504,28.963415
29.694168,1.7376195,81.86487,21.95122
41.073967,1.7376195,74.18699,27.134146
40.71835,1.7376195,109.57471,24.695122
29.039242,1.7376195,93.070656,32.92683
32.36131,1.7376195,76.727646,38.414635
32.36131,1.7376195,70.63008,41.15854
32.894737,1.7376195,80.79269,39.939026
27.004366,2.1720243,81.30081,36.585365
29.51636,1.7376195,74.18699,37.5
31.232893,1.520417,75.71138,41.15854
26.13798,1.7376195,81.30081,37.5
26.493599,1.7376195,94.00407,42.682926
29.871977,1.7376195,95.52846,38.719513
31.724945,1.7376195,131.09756,54.873924
30.552492,1.954822,129.06505,45.42683
31.949543,1.7376195,140.75203,57.92683
32.212776,1.7376195,138.21138,56.702747
28.093884,1.7376195,114.32927,48.47561
25.604551,1.7376195,89.939026,35.365852
22.93741,2.3241036,80.28455,42.114677
22.403982,1.7376195,83.333336,42.78429
22.581793,1.7376195,73.67886,28.353659
22.581793,1.7376195,74.18699,40.51854
23.64865,1.7376195,74.18699,40.333706
27.916075,1.7376195,54.36992,20.121952
39.118065,1.7376195,71.138214,29.573172
29.617847,1.8353484,83.333336,39.02439
31.472263,1.7376195,82.31707,34.756096
29.871977,1.7376195,73.17073,39.939026
29.51636,1.7376195,63.00813,38.414635
29.338549,1.7376195,98.33404,36.585365
32.70135,1.520417,103.150406,37.19512
29.694168,1.7376195,75.71138,40.150963
27.560455,1.9345812,67.07317,37.19512
26.493599,1.7376195,91.97154,44.37256
30.444485,1.7376195,88.92277,40.853657
29.871977,1.7376195,93.49593,39.634148
31.472263,1.7376195,120.93496,51.274734
36.450924,1.7376195,158.02846,61.24063
32.894737,1.954822,152.94716,50.0
28.982931,2.3892267,129.2446,57.92683
27.916075,1.7376195,122.967476,55.487804
26.493599,1.7376195,105.13607,44.248608
23.115221,1.7376195,85.4397,38.109756
22.048365,1.3032146,75.248116,34.451218
22.226173,1.7376195,69.10569,37.19512
22.403982,1.520417,81.32452,37.19512
29.642048,1.7376195,73.67886,36.585365
25.782362,1.7376195,53.353657,35.350624
26.671408,1.9785211,68.08943,38.414635
28.982931,2.3892267,81.808945,35.365852
33.072548,1.7376195,86.38211,42.15067
34.672832,1.7376195,101.626015,38.719513
30.395088,1.838028,102.13415,35.365852
31.291998,1.7376195,112.296745,38.109756
35.73969,1.7376195,110.26423,47.617397
33.961594,1.6309221,109.24797,40.853657
30.049788,1.520417,106.7507,42.987804
31.834776,1.7376195,115.34553,36.280487
27.382647,1.3032146,100.60976,35.97561
27.916075,1.7376195,104.6748,37.19512
30.938831,1.954822,122.967476,36.585365
32.1835,2.3892267,152.43903,41.76829
29.16074,1.7376195,147.86586,57.012196
27.560455,1.7376195,114.62692,53.963413
26.13798,1.9048426,105.93038,47.256096
31.12158,1.7376195,105.691055,44.512196
23.115221,1.7376195,97.05285,48.47561
22.581793,1.7376195,78.25203,41.209347
22.226173,1.3032146,79.268295,32.012196
22.403982,1.7376195,74.69512,37.5
23.115221,1.7376195,69.61382,37.19512
28.053473,1.7376195,46.747967,33.69178
25.071123,2.047631,52.845528,35.67073
25.426743,2.3892267,88.70036,33.536587
29.616743,1.7376195,113.32771,47.16731
35.73969,1.4520389,103.65854,29.878048
38.22902,1.7376195,123.47561,40.243904
39.473682,1.3032146,123.98374,39.939026
37.339973,1.6153697,134.8456,55.84775
32.36131,1.7376195,123.064766,51.219513
30.761023,1.7376195,93.49593,46.951214
28.093884,1.7376195,94.00407,39.32927
28.80512,1.7376195,86.89024,34.756096
29.871977,1.7376195,89.43089,43.20699
31.472263,1.7376195,111.38094,44.207317
34.139404,1.7376195,131.09756,46.951214
34.139404,1.7376195,165.6504,56.40244
28.80512,2.103117,144.81708,54.878048
26.493599,1.7376195,123.47561,51.82927
24.893314,1.8298037,92.9615,38.719513
22.93741,1.7376195,75.203255,40.893288
22.226173,1.7376195,75.51506,32.012196
22.581793,1.7376195,72.15447,31.40244
22.759602,1.7376195,78.25203,41.203106
23.115221,1.7376195,72.662605,35.060974
28.271692,1.7376195,52.3374,25.914635
39.829304,1.7376195,136.48965,54.496864
40.54054,1.3032146,81.808945,38.26569
36.984352,1.7376195,74.69512,25.609756
35.73969,1.7376195,78.25203,39.832203
32.1835,1.7897133,87.39838,43.18789
30.583216,1.7376195,100.10162,45.890644
30.405403,1.7376195,85.873985,32.317074
29.338549,1.7376195,59.451218,30.487804
27.560455,1.7376195,69.10569,30.792683
28.627312,2.1720243,92.92577,32.012196
28.627312,1.7376195,71.138214,34.146343
30.909985,1.7376195,99.5935,40.853657
37.51778,1.7376195,134.77829,49.085365
39.829304,2.3892267,133.77019,47.865852
35.917496,1.6820136,132.33675,49.695118
30.405403,1.7376195,134.61559,63.414635
27.027027,1.7376195,125.50814,57.621952
25.071123,1.7376195,98.57723,46.26767
23.470839,1.7376195,85.323105,38.414635
29.897821,1.7376195,72.662605,31.707317
22.581793,1.7376195,68.597565,29.878048
22.759602,1.7376195,74.69512,30.182926
23.470839,1.3032146,68.08943,31.707317
28.80512,1.7376195,50.813007,24.390244
40.362732,1.7376195,69.61382,35.060974
40.362732,1.7376195,82.8252,31.09756
33.78378,1.520417,76.727646,38.807644
31.65007,1.7376195,67.5813,30.792683
31.29445,1.6220362,68.597565,27.134146
31.29445,1.6645898,91.97154,30.487804
33.690117,1.3032146,87.39838,31.09756
30.227596,1.7376195,63.516262,30.487804
29.64808,1.7376195,66.56504,34.756096
28.271692,2.1720243,74.18699,35.67073
31.472263,1.6657194,72.15447,30.487804
32.716927,1.7376195,90.44715,43.31562
38.940254,1.7376195,116.361786,42.07317
41.785206,1.3310311,120.42683,45.73171
37.339973,1.7376195,138.71951,53.963413
32.1835,1.7376195,154.47154,59.451218
28.627312,2.079605,113.31301,56.40244
25.426743,2.1824894,95.52846,46.00804
23.115221,2.1912336,87.39838,35.060974
22.226173,1.7662177,77.13329,30.792683
22.581793,1.7376195,75.71138,28.658537
23.470839,1.7207963,77.20511,28.963415
24.004267,1.6904632,77.62488,28.04878
31.29445,1.7376195,53.86179,21.646341
42.496445,1.7376195,75.203255,32.621952
41.607395,1.1996949,83.333336,32.621952
25.960205,2.1720243,73.67886,41.66278
33.428165,1.439791,101.333,29.573172
34.495018,1.7376195,77.743904,30.792683
32.716927,1.5965071,95.020325,28.04878
30.405403,1.954822,82.31707,28.04878
30.227596,1.7376195,65.54878,35.97561
29.694168,1.8250519,72.662605,37.5
30.049788,1.7376195,64.532524,34.451218
33.072548,1.7376195,75.203255,39.404686
37.873398,1.7376195,115.56894,34.756096
41.607395,1.7376195,125.33876,34.146343
42.318634,1.2189051,128.55692,34.146343
40.00711,1.7376195,133.63821,53.784317
32.005688,1.7376195,165.6504,52.743904
31.344036,1.7376195,123.98374,52.56368
30.5358,1.7376195,93.49593,39.634148
23.29303,1.7376195,78.29492,32.012196
22.93741,1.7376195,77.23577,28.963415
22.581793,1.7376195,64.02439,27.743902
22.759602,1.7376195,77.743904,30.487804
23.64865,1.7376195,73.67886,28.04878
29.460215,1.7376195,55.386177,21.95122
41.42959,1.7376195,121.331,32.012196
41.963017,1.7376195,87.9065,41.480618
36.095306,2.1720243,131.71626,57.357662
36.806545,1.954822,82.31707,41.380463
34.85064,1.7376195,88.414635,29.573172
31.29445,1.7376195,96.03658,36.890244
29.338549,1.7376195,97.560974,33.23171
28.627312,1.7376195,80.79269,33.536587
28.271692,1.520417,65.04065,32.012196
27.738264,1.7376195,61.483738,31.707317
30.14681,1.7376195,78.76016,34.146343
36.450924,1.7376195,88.414635,40.243904
30.87203,1.7376195,107.21545,47.560974
26.268173,2.606429,119.41057,51.52439
41.073967,2.1720243,150.91463,52.134148
35.56188,1.7376195,152.43903,60.060974
30.418,2.0424497,119.41057,53.658535
25.96017,2.0423882,94.00407,36.585365
23.826458,1.7376195,99.39413,42.29042
22.403982,1.7376195,74.92272,31.09756
22.759602,1.7376195,70.63008,28.963415
22.93741,1.6787964,74.03249,27.134146
23.64865,1.3032146,68.597565,28.658537
26.54209,1.954822,52.845528,35.6929
30.254486,1.7376195,73.67886,26.219515
41.963017,1.7376195,79.77642,32.012196
39.473682,1.7376195,78.76016,25.304878
36.806545,1.7376195,107.367775,30.182926
34.85064,2.1720243,113.97114,35.97561
32.36131,1.638596,94.51219,31.09756
29.871977,1.7327169,96.544716,27.743902
30.144293,1.7376195,83.333336,33.23171
29.694168,1.7376195,78.76016,40.534122
31.116644,1.7376195,87.9065,39.939026
33.78378,1.7376195,77.23577,40.853657
36.628735,1.7376195,105.18293,46.036587
39.651493,1.7376195,103.150406,44.207317
41.073967,1.2935607,127.032524,37.5
36.628735,1.7376195,149.39024,58.755592
30.049788,1.967345,143.29268,58.34205
30.722815,1.9972703,121.44309,52.679306
26.849218,1.7376195,100.60976,45.42683
23.64865,1.7376195,84.85773,34.451218
22.403982,2.123164,72.662605,28.353659
29.93097,1.7376195,69.61382,27.743902
22.93741,1.7376195,74.69512,28.963415
23.29303,1.7376195,77.23577,27.134146
29.38956,1.7376195,55.386177,19.817074
32.53912,1.7376195,68.597565,25.0
29.759632,1.7376195,87.9065,43.043503
41.073967,1.1900679,87.9065,25.914635
41.251778,1.7376195,105.691055,46.12113
41.251778,1.2069081,100.10162,29.268293
30.576406,1.7947078,102.13415,30.792683
39.829304,1.7376195,123.98374,23.475607
38.22902,1.7376195,113.31301,42.378048
34.672832,1.7376195,128.17438,52.664883
32.005688,1.7376195,118.94375,49.122158
31.239765,1.7376195,100.60976,26.219515
37.69559,1.7376195,109.24797,29.268293
41.251778,1.7376195,121.95122,39.02439
40.54054,1.3357983,130.0813,39.02439
33.961594,1.7376195,142.27643,46.646343
29.910675,1.7376195,118.15348,52.134148
29.16074,1.7376195,128.55692,53.557465
26.493599,1.7376195,108.231705,48.35611
24.182077,1.7376195,98.06911,34.756096
22.93741,1.7376195,75.06034,29.878048
22.581793,1.7376195,70.12195,29.268293
29.174,1.7376195,76.21951,40.438
23.470839,1.7376195,76.727646,28.353659
26.31579,1.7376195,72.58221,20.731707
28.55687,1.7376195,79.885765,21.95122
28.40235,1.4110193,80.46049,20.121952
38.406826,1.7376195,95.020325,28.04878
28.830576,1.7376195,89.05415,30.182926
31.691767,1.84215,129.57317,32.012196
41.42959,1.2975665,124.46637,32.92683
41.073967,1.7376195,107.72358,46.3935
37.339973,1.6111948,135.3701,56.002132
33.78378,1.7376195,99.0445,29.878048
28.339497,1.954822,92.479675,45.35884
24.743523,2.606429,87.9065,25.0
34.31721,1.7376195,97.05285,37.5
34.31721,1.954822,105.691055,36.585365
41.073967,2.606429,117.88618,35.67073
38.05121,1.5808077,135.69919,55.797066
28.378733,1.954822,122.35601,55.182926
28.093884,2.0305092,124.49187,44.207317
26.849218,1.7376195,100.10162,46.689095
24.004267,1.7376195,78.76016,32.621952
22.403982,1.7376195,65.54878,27.439024
22.581793,1.7376195,61.99187,26.829268
23.115221,1.520417,72.662605,26.829268
29.992035,1.520417,83.564156,25.609756
30.405403,1.8723141,50.813007,35.043118
29.38425,1.7376195,113.166756,47.073498
40.18492,1.7376195,94.51219,43.065815
29.710598,1.8183717,86.89024,35.060974
33.428165,1.7376195,80.28455,39.32927
32.716927,1.7376195,87.9065,37.80488
30.583216,1.7376195,103.54715,38.414635
30.405403,1.7376195,91.97154,34.146343
30.583216,1.520417,70.63008,32.92683
20.981508,1.954822,78.76016,31.707317
30.405403,1.7376195,78.25203,35.97561
30.405403,1.7376195,79.77642,34.756096
34.139404,1.7376195,89.939026,41.76829
31.695543,1.7376195,125.50814,52.43903
40.54054,2.3892267,132.97482,46.036587
39.118065,1.954822,135.78424,55.912766
32.415886,1.7376195,146.34146,55.792683
30.227596,1.7376195,112.61903,46.951214
25.96017,1.7376195,101.11789,38.414635
30.542637,1.7376195,89.43089,36.585365
22.581793,1.7376195,74.69512,29.878048
22.93741,2.0842602,68.597565,27.134146
29.307768,1.7376195,113.185356,47.178173
30.153885,1.7376195,71.64634,26.219515
30.405403,1.5805463,52.3374,19.207317
40.89616,1.7376195,72.662605,25.609756
39.651493,1.4046547,81.808945,40.589962
31.65007,1.6772923,81.808945,33.536587
29.894003,1.7376195,71.138214,34.146343
30.227596,1.9041371,75.71138,40.560497
29.51636,1.7376195,106.25137,43.90244
29.871977,1.7376195,92.479675,39.02439
29.694168,1.7376195,99.297844,37.80488
28.271692,1.7376195,69.10569,39.02439
30.761023,1.8099008,81.808945,45.121952
29.871977,1.946728,78.25203,51.82927
28.610176,1.954822,94.00407,47.865852
39.651493,1.4552668,104.166664,50.30488
41.963017,1.421008,141.14383,52.134148
40.18492,1.954822,139.63072,53.658535
33.25035,1.916802,139.10863,59.756096
31.177298,1.7376195,114.837395,50.04001
27.027027,1.7376195,90.44715,39.634148
24.537695,1.7376195,86.89024,31.707317
29.992064,1.7376195,70.12195,28.658537
23.115221,1.520417,96.60239,39.638477
23.29303,2.0983346,72.662605,29.573172
24.182077,1.7376195,75.65275,27.134146
32.36131,1.7376195,53.86179,21.646341
29.696012,1.7376195,67.07317,29.268293
41.073967,2.1720243,117.273735,27.743902
36.095306,1.7376195,76.727646,32.317074
35.02845,1.7376195,69.10569,39.02439
36.450924,1.7376195,131.04108,53.570927
33.78378,1.7376195,94.51219,43.81168
31.827883,1.954822,85.873985,39.32927
32.005688,1.7376195,119.84863,49.394615
30.405403,1.7376195,116.41994,48.371372
28.834938,1.9391736,74.18699,51.82927
27.916075,1.7376195,83.333336,44.817074
29.871977,1.7376195,104.6748,48.47561
34.139404,2.3892267,130.0813,50.914635
37.51778,1.954822,137.46124,54.26829
34.495018,1.7591922,149.39024,59.738754
28.80512,1.7376195,149.39024,62.19512
31.09862,1.7376195,113.31301,50.914635
30.101091,1.7376195,91.97154,44.406956
23.826458,1.520417,79.77642,38.719513
29.09785,1.7376195,98.331985,37.80488
22.759602,1.7376195,70.12195,34.756096
23.115221,1.7376195,82.36591,36.280487
23.826458,1.7376195,68.597565,35.060974
26.174828,2.1720243,58.43496,32.621952
39.829304,1.7376195,73.17073,34.146343
38.762447,1.3831866,80.28455,39.02439
30.938831,1.7376195,78.25203,40.548782
30.761023,1.7376195,77.743904,40.307384
28.71029,1.9557468,76.21951,51.219513
29.871977,1.7376195,116.61781,50.0
28.449503,1.9226246,80.28455,41.76829
28.093884,1.7376195,97.36843,38.109756
27.738264,1.7376195,109.02428,45.63784
28.998737,1.8192867,74.69512,35.365852
30.00151,1.7376195,77.23577,36.280487
32.1835,1.7376195,113.24193,43.292683
38.762447,1.7376195,106.70731,51.219513
40.18492,1.954822,111.78862,43.59756
36.095306,1.954822,124.49187,44.512196
29.51636,2.0613964,140.75203,53.963413
27.382647,1.7376195,113.82114,46.036587
25.782362,1.7376195,90.89725,37.19512
29.664513,1.7963223,85.36585,32.317074
22.581793,1.7376195,72.662605,29.268293
22.759602,1.7376195,68.597565,27.439024
29.852234,1.7376195,72.662605,27.743902
29.079426,1.7376195,71.138214,39.003826
30.049788,1.7376195,53.86179,22.256098
41.073967,1.7376195,74.18699,27.134146
29.145044,1.8440989,79.268295,37.5
37.873398,1.7376195,75.203255,35.365852
35.73969,1.520417,78.25203,31.40244
35.73969,1.7376195,77.743904,32.012196
33.961594,1.7376195,95.020325,44.11984
30.405403,1.7376195,97.05285,30.487804
29.338549,1.7376195,72.15447,34.451218
29.694168,1.7376195,78.76016,39.634148
28.627312,1.7376195,83.333336,31.707317
32.1835,1.6953886,79.77642,37.80488
35.56188,1.7376195,99.5935,41.76829
39.829304,1.3278238,112.80488,35.97561
40.362732,2.1720243,119.74074,29.878048
33.605976,1.7376195,124.49187,52.001457
30.049788,2.1720243,148.37398,48.780487
31.010372,1.960904,126.52439,43.59756
30.599636,1.7376195,103.150406,47.16054
24.537695,2.2554452,96.544716,46.51786
22.93741,1.7376195,79.268295,28.353659
22.93741,2.0421903,100.692764,44.004436
23.29303,1.7376195,78.76016,28.963415
23.470839,1.7376195,70.63008,26.524391
27.382647,1.7376195,52.845528,35.158333
29.509274,1.7376195,113.582115,47.208347
36.628735,1.7376195,90.955284,28.04878
41.607395,2.1720243,116.807526,26.219515
42.318634,1.2644507,126.018394,34.451218
42.140823,1.3382643,103.65854,46.117573
41.607395,1.3032146,121.44309,30.487804
40.54054,1.7376195,108.231705,27.743902
38.406826,1.4742551,104.6748,49.390244
36.273117,1.561639,101.626015,44.207317
34.31721,1.6439052,120.150696,42.987804
39.118065,1.7376195,105.18293,38.719513
40.54054,1.358867,125.305504,35.365852
42.318634,2.3892267,119.41057,35.060974
42.318634,1.7376195,126.01626,36.890244
37.873398,1.7376195,131.6057,40.548782
29.16074,1.7376195,152.94716,51.52439
28.271692,1.7376195,110.28586,46.05551
29.16074,1.9914864,105.18293,49.085365
25.782362,1.7376195,88.92277,36.890244
24.004267,2.2472658,77.743904,41.634476
29.426624,1.7527993,77.23577,28.04878
24.004267,2.0394135,82.31707,28.353659
24.359886,1.7376195,73.768684,25.914635
28.093884,1.954822,50.30488,21.036585
29.871977,1.7376195,82.87224,22.560976
30.383406,1.7376195,76.727646,21.036585
40.89616,1.7376195,86.38211,27.439024
30.065042,1.9069493,103.150406,41.15854
41.42959,1.7376195,113.31301,47.64739
41.785206,1.7376195,115.34553,37.80488
40.89616,1.3593676,101.11789,45.18362
30.340902,1.7376195,83.84146,30.487804
34.139404,1.7376195,75.71138,34.451218
30.191505,1.7376195,81.30081,37.5
34.495018,1.7376195,78.25203,34.451218
39.829304,1.7376195,84.85773,40.870346
42.67425,2.1720243,105.691055,42.987804
44.274536,1.7376195,136.6798,43.59756
41.785206,1.7376195,133.13008,45.121952
26.145535,2.606429,126.712006,53.353657
33.428165,1.7838064,121.95122,50.0
29.694168,1.7386014,106.98104,41.15854
24.715506,1.7376195,94.00407,31.09756
23.29303,2.0920846,74.69512,29.573172
30.148409,1.7376195,73.67886,28.353659
23.29303,1.7376195,72.662605,28.658537
24.004267,1.7376195,67.5813,28.04878
29.206648,1.7376195,53.86179,23.780487
42.318634,1.7376195,76.727646,24.390244
30.240402,1.7376195,78.25203,28.04878
40.54054,1.7376195,77.743904,30.182926
29.712631,1.7376195,73.17073,32.012196
36.273117,1.7376195,82.8252,35.365852
34.85064,1.7376195,91.97154,47.865852
32.894737,1.7376195,92.479675,43.90244
29.230309,1.8292242,80.79269,35.060974
29.113691,1.940258,80.28455,50.914635
31.472263,1.7902809,120.18035,50.808212
33.961594,1.6961776,95.020325,49.390244
40.00711,1.7376195,109.756096,56.09756
43.20768,1.3276659,133.13008,55.487804
46.941677,1.7376195,155.99594,55.487804
42.67425,1.7376195,146.91106,57.621952
34.495018,1.7376195,143.60307,64.32927
31.827883,1.7376195,110.772354,48.64288
28.271692,1.7376195,110.252945,46.011307
24.537695,1.7376195,91.97154,49.085365
29.048191,1.8800995,76.727646,43.59756
23.115221,1.7376195,87.660904,41.15854
23.29303,1.7376195,78.76016,38.414635
23.826458,1.7376195,65.04065,33.23171
30.938831,1.7376195,87.508675,24.390244
30.11958,1.7376195,76.21951,27.439024
41.42959,1.2184886,82.31707,32.621952
39.118065,1.7376195,71.64634,37.628025
35.56188,1.7376195,112.58342,36.280487
32.716927,1.6152903,80.28455,34.756096
29.55905,1.7376195,104.514336,41.15854
29.16074,1.7376195,72.15447,43.90244
28.80512,1.7376195,74.18699,53.048782
28.093884,1.7376195,78.25203,47.560974
28.449503,1.7376195,91.97154,47.560974
32.005688,1.7376195,104.332054,37.5
36.806545,1.7376195,120.42683,42.07317
42.852062,1.7376195,121.95122,50.609756
46.40825,1.7376195,134.65446,59.756096
41.42959,1.954822,141.7683,57.000965
30.66294,1.954822,149.39024,68.597565
27.674536,2.1720243,111.28049,56.40244
27.738264,1.7376195,97.560974,54.878048
24.004267,1.7376195,91.46342,44.522633
29.22227,1.7376195,100.18067,39.02439
22.759602,2.3427577,76.21951,41.344223
23.470839,1.7376195,74.69512,37.5
30.226778,1.7376195,77.23577,32.92683
31.29445,1.7376195,53.353657,26.219515
43.741108,1.954822,78.25203,27.439024
41.42959,1.7376195,82.8252,29.268293
36.806545,1.7376195,108.33973,31.09756
37.162163,1.7376195,70.63008,31.40244
33.428165,1.7376195,73.17073,38.82407
32.005688,1.7376195,80.28455,39.32927
29.16733,1.7376195,94.234055,33.841465
30.049788,1.7376195,67.07317,42.682926
27.916075,1.8764396,84.85773,33.536587
28.271692,1.954822,76.727646,32.621952
29.871197,1.7376195,72.15447,33.23171
38.05121,1.7376195,107.21545,42.987804
40.71835,1.7376195,131.655,42.07317
42.496445,1.7376195,126.01626,51.337345
40.00711,1.7376195,150.91463,51.52439
32.005688,1.9891416,151.9309,60.67073
30.227596,2.0169291,120.93496,57.012196
28.627312,1.7376195,108.74446,47.256096
24.715506,1.7376195,95.72379,44.512196
28.945765,1.6693482,101.56855,37.80488
23.470839,1.8787155,88.909515,38.414635
23.64865,1.7376195,76.21951,40.725037
24.004267,1.7376195,63.516262,37.758636
30.938831,1.7376195,57.92683,35.668423
41.963017,1.7376195,74.18699,37.982224
40.54054,1.7376195,77.743904,30.792683
29.097462,1.7376195,74.69512,39.928852
33.428165,1.6195425,73.17073,36.890244
29.549864,1.806853,81.808945,35.060974
29.735756,1.7376195,78.76016,41.15854
33.072548,1.7376195,103.38779,34.451218
32.53912,1.7376195,105.425835,37.19512
29.161646,1.7376195,71.64634,39.00341
32.1835,1.6778299,70.63008,39.32927
31.65007,1.6753774,79.77642,32.92683
36.273117,1.6809784,133.33195,55.927193
38.584637,1.7376195,134.55289,54.422287
29.10256,1.8686208,115.95895,49.695118
39.651493,1.4890668,145.32521,53.658535
35.384068,1.7376195,128.62643,52.74584
29.338549,1.7376195,117.88618,50.635384
27.916075,1.7376195,98.06911,47.256096
24.182077,1.7376195,81.30081,41.15854
22.93741,1.7376195,75.203255,38.719513
22.93741,2.2207167,74.69512,40.243904
23.470839,1.7376195,73.67886,35.67073
23.826458,1.7376195,58.94309,36.52936
31.472263,1.7376195,86.06174,22.865854
40.89616,1.7376195,75.203255,25.609756
39.651493,1.7376195,84.349594,30.182926
34.85064,1.500379,76.21951,31.09756
28.669626,1.8230087,63.516262,39.939026
31.116644,1.7448431,81.30081,38.109756
31.65007,1.7376195,104.6748,39.02439
29.16074,1.7376195,96.48254,36.280487
28.271692,1.7376195,75.203255,40.548782
27.204836,1.7376195,80.28455,36.280487
26.671408,1.7376195,86.89024,39.939026
27.738264,1.9603502,90.44715,40.853657
28.80512,1.7376195,111.35795,46.424942
30.938831,1.9160591,116.86992,51.073833
29.998238,1.954822,111.78862,33.536587
29.51636,2.606429,133.63821,44.512196
26.849218,2.1720243,139.73578,50.609756
27.738264,1.7376195,114.32927,51.219513
26.671408,1.7376195,101.626015,48.780487
24.004267,2.2625332,85.873985,44.00885
22.93741,1.7376195,79.77642,29.878048
23.115221,2.1114466,70.12195,29.268293
29.16456,1.7376195,70.12195,39.028587
23.64865,1.7376195,60.97561,28.04878
27.027027,1.7376195,48.780487,19.207317
29.888557,1.7376195,63.00813,22.560976
29.694168,1.7376195,75.71138,28.04878
33.25035,1.7376195,87.9065,42.55352
35.56188,1.954822,97.560974,46.036587
37.51778,1.7376195,110.26423,48.47561
36.984352,1.7376195,148.88211,52.743904
34.139404,1.7376195,130.58943,44.817074
33.072548,1.7376195,122.45935,55.792683
30.761023,1.7376195,101.11789,45.994446
28.80512,1.7376195,98.06911,45.884136
27.382647,1.7376195,104.166664,41.76829
28.80512,2.0092015,113.82114,50.565113
29.177473,1.9094505,118.50417,51.219513
32.1835,2.8236315,143.29268,42.378048
28.30916,2.1720243,118.39431,45.121952
27.027027,1.7376195,124.49187,53.658535
27.027027,2.1446543,118.902435,51.82927
27.738264,1.7376195,91.46342,40.548782
24.182077,1.7376195,88.414635,39.32927
22.93741,1.7376195,82.8252,42.468502
22.93741,1.7376195,97.34814,41.58643
29.16596,1.7376195,111.92049,46.651905
23.29303,1.7376195,76.92862,30.182926
25.96017,1.7376195,45.73171,21.95122
25.96017,1.7376195,75.81598,24.390244
26.13798,1.7376195,66.56504,38.464005
30.405403,1.7376195,98.12882,35.67073
33.78378,1.7376195,106.19919,47.021645
33.961594,1.520417,125.0,51.1033
38.05121,1.520417,148.88211,50.914635
36.984352,1.7376195,112.80488,42.378048
32.716927,1.7376195,81.30081,44.207317
30.283247,1.7376195,83.84146,33.23171
28.80512,1.7376195,91.688644,32.621952
27.560455,1.7376195,87.39838,37.5
28.271692,1.7376195,94.2268,36.585365
30.405403,1.8274916,110.26423,41.463413
32.005688,1.7340227,99.5935,39.634148
29.694168,1.954822,106.19919,44.207317
31.083193,1.7376195,115.34553,53.048782
26.849218,1.7376195,101.626015,49.390244
30.527939,1.7376195,103.65854,47.397476
25.071123,1.8454738,94.266014,40.243904
23.115221,1.7376195,80.61155,33.536587
29.33482,1.7376195,65.04065,33.23171
28.987648,1.7376195,67.07317,38.1392
23.826458,1.7376195,98.66018,41.993473
26.671408,1.7376195,46.239838,24.695122
26.31579,1.7376195,60.46748,23.780487
28.702126,1.7376195,61.99187,36.867287
28.614866,1.7376195,81.10193,23.475607
37.162163,1.7376195,95.52846,32.92683
38.940254,1.3988482,117.37805,38.414635
39.473682,1.7376195,130.5032,43.292683
36.984352,1.7376195,121.44309,39.32927
35.20626,1.6098845,120.42683,42.987804
34.139404,1.7376195,110.772354,35.67073
33.78378,1.7376195,111.10532,38.719513
32.53912,1.7376195,105.18293,37.80488
30.915466,1.8219556,115.34553,29.573172
38.940254,2.1720243,125.45688,39.02439
39.829304,1.4417655,126.52439,47.256096
31.920925,1.7376195,129.57317,48.780487
33.21601,1.520417,129.57317,54.878048
31.198032,1.7376195,115.85366,50.160828
27.382647,1.7376195,97.560974,40.548782
24.182077,1.7376195,85.36585,40.243904
29.142076,1.7376195,94.74136,34.146343
23.64865,1.7376195,68.08943,30.792683
23.826458,2.0789468,66.05691,31.09756
24.715506,1.9810599,57.418697,28.963415
30.405403,1.7376195,52.845528,21.646341
38.940254,1.2639016,73.17073,27.134146
39.829304,1.3143883,84.85773,36.585365
29.869652,1.7376195,75.203255,33.536587
31.472263,1.7376195,70.12195,39.32927
29.338549,1.9592589,75.71138,40.976307
38.406826,1.7376195,131.59634,45.121952
29.694168,1.7376195,84.349594,40.243904
29.655277,1.7376195,78.76016,49.695118
28.093884,1.7376195,92.479675,42.682926
28.982931,1.7376195,79.77642,37.80488
30.405403,1.7376195,83.333336,34.451218
33.428165,1.7376195,124.853935,51.459885
35.56188,1.6810424,134.14635,50.609756
39.651493,1.954822,133.13008,54.734028
38.05121,1.7376195,131.09756,42.987804
32.785717,1.7376195,146.8496,50.914635
27.027027,1.7376195,116.86992,42.682926
27.382647,1.7376195,102.64227,38.414635
30.126614,1.7376195,91.46342,43.804844
22.93741,2.3331077,81.30081,42.528168
22.581793,2.139969,74.69512,31.09756
23.115221,1.7376195,71.64634,39.938484
23.29303,1.7376195,67.5813,25.609756
29.405794,1.7376195,53.86179,21.341463
38.05121,1.7376195,75.71138,25.304878
30.092045,1.7376195,78.25203,33.23171
37.339973,1.7376195,77.743904,38.719513
35.02845,1.954822,68.08943,40.853657
32.36131,1.7376195,77.743904,38.414635
33.25035,1.7376195,89.939026,40.548782
31.827883,2.3892267,87.39838,36.890244
31.116644,1.7376195,85.873985,47.865852
31.116644,1.7376195,78.76016,32.92683
30.084787,1.7376195,78.76016,30.792683
30.06276,1.7376195,80.79269,33.23171
41.607395,1.7376195,79.77642,33.23171
43.20768,1.7376195,104.6748,40.548782
43.38549,1.2891195,126.52439,51.795208
41.607395,1.954822,122.45935,43.90244
32.716927,1.7376195,123.98374,54.57317
30.910208,1.7376195,106.19919,46.036587
29.338549,1.7376195,99.5935,42.682926
30.484917,1.7376195,88.92277,34.756096
23.64865,1.7376195,73.67886,30.182926
29.190071,1.7376195,88.63704,28.353659
23.470839,1.7376195,70.12195,39.55272
24.004267,1.7376195,74.75055,27.439024
32.005688,1.7376195,53.353657,19.207317
30.137623,1.7376195,67.07317,20.121952
32.1835,2.1720243,73.67886,41.21517
38.940254,1.7376195,107.63831,25.304878
41.073967,1.2376381,103.150406,32.621952
41.073967,1.7376195,113.84178,26.219515
31.538343,1.7376195,109.24797,33.23171
29.544577,1.9910413,99.085365,47.07287
37.51778,1.7376195,84.349594,40.933235
32.894737,1.7376195,91.78039,24.695122
30.227596,1.7376195,101.11789,23.780487
31.827883,1.6061759,93.49593,26.524391
24.123236,2.606429,93.74077,29.268293
29.50909,1.954822,101.11789,34.451218
30.821466,1.8236971,111.28049,31.707317
40.00711,1.7376195,121.88495,35.67073
31.29445,1.8983775,160.5691,48.47561
30.405403,1.7376195,127.032524,47.256096
29.694168,1.7376195,112.296745,41.15854
25.604551,1.7376195,92.479675,29.878048
23.115221,1.7376195,84.349594,28.04878
23.29303,1.7376195,76.21951,28.963415
23.29303,2.0772219,74.69512,28.658537
23.826458,1.7376195,68.08943,38.640278
34.495018,1.7376195,88.24414,19.512196
38.940254,1.7376195,75.71138,38.987415
40.54054,1.241353,84.349594,30.792683
37.69559,1.7376195,78.76016,29.573172
36.806545,1.7376195,117.70802,37.5
37.339973,1.7376195,90.955284,42.647697
31.199778,1.7376195,109.756096,38.109756
33.428165,1.7376195,89.43089,42.60588
32.53912,1.7376195,84.85773,41.995186
30.049788,1.5925515,98.60022,35.060974
30.049788,1.7376195,101.626015,39.634148
35.02845,1.5686582,96.03658,37.5
39.473682,1.7376195,111.78862,40.853657
41.251778,1.7376195,121.44309,39.634148
41.785206,2.606429,126.52439,55.782604
39.295876,2.1720243,135.1626,38.414635
30.652359,1.954822,134.14635,50.914635
30.761023,1.7937632,117.19746,47.256096
31.29445,1.7376195,98.06911,41.463413
30.717073,1.7376195,95.52846,37.5
29.264608,1.7657679,75.203255,29.878048
29.52583,1.7376195,112.928444,47.00204
23.470839,1.7376195,66.05691,38.37505
23.826458,2.2619088,70.12195,40.154392
31.827883,1.7376195,58.43496,21.036585
30.049788,1.9257946,70.63008,39.766144
34.85064,1.7376195,94.35527,23.475607
30.657574,1.7542026,101.626015,25.914635
41.251778,1.7376195,110.772354,46.941753
40.71835,1.7376195,115.994125,29.573172
31.605742,1.7376195,118.902435,37.5
40.71835,1.7376195,113.31301,47.934856
37.69559,1.7376195,95.020325,46.341465
36.095306,1.7376195,129.72012,52.93058
30.884216,1.7376195,99.5935,35.67073
33.072548,1.7376195,106.03736,35.365852
39.473682,1.7376195,123.97603,38.414635
31.50383,1.7376195,121.95122,52.245266
41.607395,2.1720243,111.78862,36.280487
39.829304,1.4078832,127.68876,37.80488
32.53912,1.7376195,133.13008,50.609756
30.761023,1.8391069,128.04878,41.463413
31.678837,1.7376195,116.361786,36.890244
27.204836,1.7376195,100.10162,38.719513
23.826458,1.7376195,94.51219,34.756096
23.29303,1.7376195,85.36585,29.878048
23.64865,1.7376195,82.8252,42.525833
24.182077,1.7376195,76.21951,26.829268
32.1835,1.7376195,49.79675,33.762665
28.80512,1.7054074,65.04065,20.731707
31.65007,1.7376195,69.10569,20.426828
38.584637,1.7376195,87.39838,22.560976
41.607395,1.3322334,99.5935,44.76837
42.496445,1.7376195,120.42683,35.67073
42.496445,1.954822,117.37805,40.243904
41.073967,1.7376195,104.6748,45.464046
39.118065,1.7376195,91.97154,45.42683
30.171957,1.7376195,88.414635,40.548782
34.672832,1.7376195,89.939026,39.939026
39.295876,1.353007,97.560974,36.890244
40.18492,1.7376195,80.28455,46.341465
40.89616,1.7376195,89.939026,39.02439
41.607395,1.7376195,104.6748,45.47242
37.69559,1.7376195,129.97487,45.121952
28.775621,1.8664964,114.407585,48.800564
29.16074,1.7376195,111.91729,46.60099
28.982931,1.7376195,90.955284,43.795456
26.13798,1.7376195,81.30081,32.012196
30.140627,1.7376195,80.28455,32.317074
23.115221,1.7376195,73.17073,30.487804
30.204077,1.7376195,72.15447,26.829268
29.150982,1.7376195,76.21951,40.288033
29.539206,1.7376195,53.86179,18.292683
38.406826,1.7376195,69.61382,21.341463
39.651493,1.3939935,75.71138,39.11223
33.961594,1.7376195,74.69512,27.134146
32.36131,1.7376195,79.268295,30.182926
32.005688,1.7376195,78.76016,35.67073
32.53912,1.7376195,88.92277,42.74489
32.005688,1.7376195,88.92277,37.19512
31.29445,1.7376195,72.15447,39.130394
28.80512,2.1720243,116.62951,50.609756
27.560455,1.7376195,91.46342,44.051525
29.16074,1.7376195,76.727646,43.59756
30.227596,1.7376195,101.11789,45.73171
29.455462,1.911427,120.72233,53.048782
39.829304,1.475707,127.54066,53.353657
36.273117,1.6822039,132.29608,55.529808
28.627312,2.1906524,131.09756,63.719513
26.671408,1.7376195,109.40345,50.914635
26.849218,1.7376195,92.98781,44.729836
24.359886,1.7376195,89.939026,33.841465
29.380125,1.7376195,77.743904,40.792645
22.581793,1.7376195,77.743904,41.110527
22.581793,1.7376195,72.662605,31.09756
23.115221,1.7376195,61.483738,27.134146
31.29445,1.7376195,49.288616,33.778004
35.20626,1.7127353,130.62048,54.941082
36.273117,1.7376195,78.76016,28.04878
31.29445,1.7376195,79.268295,40.37932
29.871977,1.7474182,71.64634,31.40244
29.16074,1.7376195,98.581795,37.5
29.51636,1.7376195,80.28455,41.214924
30.148079,1.7376195,82.8252,35.97561
28.982931,1.7376195,72.15447,43.292683
29.845171,1.7376195,76.21951,36.890244
30.15962,1.7376195,80.79269,33.536587
26.671408,1.7376195,79.77642,31.707317
28.271692,1.7376195,86.38211,37.80488
33.25035,2.3892267,131.8214,53.353657
36.095306,1.7376195,125.0,47.256096
35.384068,1.7376195,133.13008,46.341465
28.449503,1.7376195,134.65446,52.134148
26.493599,1.7376195,115.85366,50.697556
27.027027,1.7376195,106.519585,44.74215
23.826458,2.2809956,90.44715,45.189148
22.759602,1.7376195,75.67032,30.792683
29.08395,1.7376195,74.69512,40.04707
22.93741,1.6763763,73.727516,27.134146
23.115221,1.7376195,66.05691,26.219515
31.827883,1.5452638,59.95935,20.121952
33.78378,1.7376195,70.12195,23.780487
35.384068,1.7376195,129.32744,52.964405
30.938831,1.5073396,96.69098,30.182926
30.791132,1.7376195,86.89024,26.524391
29.26055,1.8348035,114.97258,48.753258
29.694168,1.7376195,94.51219,35.67073
29.16074,1.807883,86.38211,32.317074
29.244707,1.8288875,79.77642,35.97561
27.382647,1.7376195,80.79269,37.5
28.271692,1.7376195,79.77642,32.92683
28.80512,1.954822,79.77642,33.23171
32.1835,1.6904944,86.89024,39.32927
34.85064,1.7376195,111.28049,41.463413
24.667114,3.040834,107.21545,34.146343
30.6361,1.983174,123.47561,44.512196
31.364443,2.0383956,139.22765,58.11223
27.560455,1.7376195,121.95122,46.036587
30.660849,1.7376195,95.020325,39.02439
24.715506,1.520417,81.808945,32.317074
23.115221,1.520417,72.662605,30.182926
29.674614,1.7376195,66.05691,29.268293
23.115221,2.1025867,67.07317,30.487804
23.29303,1.7376195,58.94309,31.09756
32.894737,1.7376195,51.82927,34.08457
30.483957,1.7376195,76.21951,23.780487
40.54054,1.2082868,82.31707,25.914635
35.20626,1.954822,86.89024,43.19575
33.072548,1.7376195,100.75508,31.40244
32.716927,1.7376195,95.52846,37.5
31.116644,1.954822,111.28049,34.146343
30.028849,1.7376195,92.98781,44.418823
29.51636,1.520417,88.92277,28.04878
29.275717,1.7376195,91.62225,31.09756
28.627312,1.7376195,82.8252,29.878048
29.338549,1.7376195,112.90749,46.962284
36.806545,1.4695392,86.38211,38.414635
40.71835,2.1720243,107.72358,39.634148
25.514198,2.3892267,105.12522,39.939026
39.473682,1.7376195,126.01626,46.341465
30.049788,1.7376195,149.89838,50.30488
28.449503,1.9622381,122.45935,42.987804
29.16074,1.7376195,97.05285,36.890244
30.438486,1.7376195,85.873985,31.707317
23.29303,1.7376195,73.67886,28.658537
22.759602,1.7376195,66.56504,28.658537
29.082397,1.7324091,65.54878,29.268293
23.29303,2.0536869,61.99187,25.609756
33.072548,1.7234836,51.321136,34.817368
37.51778,1.7376195,73.67886,22.865854
40.89616,1.7376195,81.30081,24.085365
39.473682,1.7376195,80.28455,24.085365
35.73969,1.4677309,114.13275,35.97561
37.162163,1.5091474,104.166664,43.292683
33.072548,1.7376195,118.39431,50.238018
31.65007,1.7376195,87.39838,37.5
31.29445,1.7538495,84.349594,39.634148
31.298735,1.7376195,102.64227,34.756096
30.150278,1.8202744,100.10162,31.09756
29.86817,2.0113716,109.24797,49.652435
34.139404,1.7376195,119.41057,31.40244
38.406826,2.3892267,119.9187,40.548782
40.00711,1.7376195,127.61191,38.719513
25.226408,3.2580364,129.57317,39.634148
29.871977,2.3892267,142.78455,50.0
28.093884,1.7376195,120.42683,49.390244
28.982931,1.7376195,110.772354,44.207317
25.782362,1.7376195,89.43089,39.939026
29.148382,1.7376195,91.85563,32.012196
23.29303,1.7376195,72.15447,29.573172
23.64865,1.7376195,68.597565,28.353659
28.853912,1.740231,61.483738,30.792683
30.583216,1.6093893,55.89431,22.560976
28.839294,1.7376195,66.56504,38.11384
31.212702,1.7376195,92.479675,23.780487
39.118065,2.1720243,101.626015,27.134146
41.607395,1.2839499,123.02315,30.792683
41.42959,1.520417,108.231705,35.97561
41.251778,1.7376195,121.44309,34.756096
31.283192,1.7376195,104.166664,34.146343
30.571066,1.7376195,89.43089,34.146343
33.25035,1.7376195,104.71638,35.060974
33.605976,1.7376195,107.72358,28.353659
33.78378,1.7289174,98.57723,45.73342
30.74185,1.7376195,108.73984,48.55373
41.42959,1.7376195,128.13434,37.19512
41.785206,1.7376195,130.0813,32.621952
38.05121,1.7376195,120.99678,37.80488
30.227596,1.7376195,140.75203,51.52439
28.80512,1.7376195,104.72086,43.90244
30.049788,1.881083,104.6748,42.378048
25.782362,1.7376195,90.955284,43.98612
23.29303,2.1626048,85.36585,34.756096
22.93741,1.7376195,79.77642,33.23171
23.29303,1.7376195,73.17073,31.09756
23.64865,1.7376195,64.02439,26.219515
29.871977,1.7376195,49.288616,21.646341
28.922033,1.6772189,62.5,20.426828
28.80512,1.7376195,76.727646,23.780487
37.162163,1.7376195,84.349594,23.780487
29.836164,1.7818234,91.46342,27.439024
31.725674,1.7376195,116.361786,34.451218
42.318634,1.7376195,142.78455,35.365852
40.54054,1.2883999,94.00407,36.280487
36.095306,1.7376195,89.939026,43.292683
33.25035,1.7376195,121.8265,50.1001
32.1835,1.7376195,92.98781,43.81972
29.026787,1.7376195,85.3397,25.609756
39.473682,1.7376195,87.9065,25.0
41.073967,1.954822,119.32915,30.182926
42.318634,1.7376195,99.5935,29.878048
39.473682,1.7376195,118.425446,34.146343
31.827883,1.7376195,126.52439,52.521015
30.761023,1.7376195,114.32927,45.121952
30.405403,1.7376195,110.772354,40.243904
26.13798,1.7376195,102.64227,35.060974
23.29303,1.7376195,90.44715,29.573172
23.470839,1.7376195,81.808945,28.963415
23.64865,1.7376195,70.63008,28.658537
28.844028,1.7376195,85.50854,26.829268
28.485998,1.6808131,54.36992,21.646341
40.18492,1.7376195,71.138214,37.374634
41.251778,1.4364371,137.66711,54.917725
40.71835,1.7376195,111.16973,25.0
22.759602,1.7376195,83.333336,42.793247
32.53912,1.7376195,103.65854,40.548782
33.428165,1.7376195,109.24797,38.109756
37.873398,1.7376195,105.18293,45.973812
30.74172,1.7376195,95.52846,39.02439
29.925632,1.8854564,95.52846,41.76829
31.472263,1.7376195,117.78706,48.69489
30.242153,1.7376195,96.03658,45.092052
23.470839,1.7376195,105.18293,43.59756
26.493599,2.1661043,126.52439,50.30488
34.139404,1.7376195,119.9187,53.048782
30.227596,1.7376195,123.98374,44.817074
17.78094,1.7376195,142.78455,52.134148
17.958748,1.7376195,126.52439,52.43903
14.75818,1.7376195,112.80488,44.207317
8.89047,3.102293,94.00407,35.060974
4.978663,1.7376195,59.034267,26.635546
28.998644,1.7376195,93.55352,33.23171
29.363686,1.7376195,95.156586,34.451218
6.401138,3.235465,65.04065,37.239685
17.247509,1.7376195,57.92683,23.780487
23.470839,1.7376195,79.268295,32.012196
26.13798,1.6680645,87.921074,32.621952
41.251778,1.7376195,76.21951,38.60928
38.940254,1.7376195,82.8252,39.634148
29.972448,1.7376195,85.36585,44.207317
35.20626,1.7376195,109.24797,46.951214
33.78378,1.7376195,102.13415,50.609756
30.405403,1.7376195,88.414635,43.097725
29.41461,1.9984652,95.020325,52.43903
29.943354,1.7376195,91.97154,52.743904
32.36131,1.7376195,126.49539,52.743904
40.54054,1.4305365,100.10162,57.012196
44.807964,1.7376195,119.41057,67.98781
50.320057,1.7376195,132.11382,53.963413
46.58606,1.954822,127.54066,52.26969
38.05121,1.954822,131.09756,64.02439
35.56188,1.7376195,132.62195,64.939026
34.672832,1.7371733,131.45862,50.914635
27.204836,1.7376195,97.560974,45.58828
24.182077,1.7376195,94.51219,45.203747
24.715506,1.7376195,84.85773,32.317074
25.071123,1.7376195,83.84146,35.060974
25.604551,1.7376195,71.64634,32.92683
37.873398,1.7376195,105.43043,25.609756
42.67425,1.2141345,122.762955,29.573172
43.741108,1.7376195,124.73121,30.792683
41.073967,1.7376195,84.85773,35.365852
39.651493,1.954822,136.40672,50.0
29.67183,1.7376195,86.38211,42.77207
28.824928,1.8516124,113.11589,46.646343
36.628735,1.7376195,129.81157,52.848602
28.814869,2.0120773,83.333336,55.792683
31.29445,1.7376195,87.9065,40.548782
30.236837,1.7376195,96.03658,45.440247
37.873398,1.7376195,90.955284,53.048782
41.607395,1.7376195,102.64227,44.84639
30.090338,1.7376195,135.11932,65.85366
49.2532,1.7376195,145.92546,52.979763
31.054752,1.7376195,131.09756,75.30488
38.584637,1.7376195,138.21138,84.45122
35.56188,1.7376195,133.13008,81.097565
32.53912,1.7376195,109.756096,60.97561
30.43349,1.7376195,98.57723,48.47561
23.29303,1.7376195,85.36585,43.38062
24.182077,1.7376195,89.43089,43.59756
24.004267,1.7376195,78.76016,43.90244
29.434023,1.7376195,103.95238,41.15854
36.450924,1.7376195,58.43496,41.463413
40.71835,1.7376195,78.25203,41.463413
42.852062,1.7376195,127.53831,35.67073
41.42959,1.3140725,89.939026,47.256096
40.71835,1.7376195,87.39838,50.0
30.625675,1.7376195,94.00407,40.548782
35.20626,1.7376195,109.24797,48.780487
33.25035,1.7716831,98.06911,46.17371
31.65007,1.7376195,88.414635,53.658535
28.80512,1.7376195,84.349594,43.59756
29.448666,1.931706,89.939026,46.646343
29.500263,1.7376195,113.3732,49.390244
30.821934,1.7376195,104.166664,52.134148
43.91892,1.7376195,156.95847,67.68293
48.186344,1.7376195,138.21138,65.243904
45.697014,1.7376195,151.58174,59.756096
39.295876,1.7376195,144.81708,56.65592
31.25619,1.7376195,126.52439,61.890244
33.605976,1.7376195,102.64227,45.98784
25.96017,1.7376195,99.45268,43.90244
23.470839,1.7376195,98.92325,42.28432
23.29303,1.7376195,97.616714,41.728767
23.64865,1.7376195,89.201935,40.243904
24.893314,1.7376195,69.10569,37.5
36.273117,1.7376195,58.94309,35.073452
40.89616,1.7376195,117.19056,29.878048
41.607395,1.7376195,88.414635,41.51046
41.073967,1.2648684,88.92277,38.109756
40.54054,1.7376195,132.11517,42.682926
30.186367,1.7376195,99.085365,46.15716
36.806545,1.7376195,109.24797,63.109756
30.47478,1.7376195,102.64227,59.756096
31.827883,2.0441887,142.03732,64.02439
32.1835,1.7376195,126.97379,53.353657
35.02845,1.7376195,126.847595,48.17073
36.806545,1.7115488,139.01389,55.792683
40.18492,2.1720243,111.28049,60.67073
43.029873,1.954822,129.57317,82.31708
45.697014,1.7376195,138.71951,73.17073
44.09673,1.7376195,132.62195,65.54878
37.162163,1.954822,141.29582,58.23171
36.806545,1.7376195,142.05719,58.841465
35.73969,1.7376195,106.19919,46.53485
26.849218,1.7376195,92.479675,51.52439
23.470839,1.7376195,86.89024,43.634514
23.826458,1.7376195,81.30081,41.89028
30.069956,1.7376195,81.30081,38.414635
24.893314,1.7499182,88.52849,35.97561
29.285797,1.7376195,60.97561,29.268293
35.917496,1.4686444,74.69512,33.536587
38.762447,1.3896037,92.98781,40.548782
41.073967,2.1720243,102.64227,45.73171
42.140823,1.7376195,103.150406,48.17073
31.234917,1.7376195,115.85366,50.29009
31.313107,1.7376195,123.98374,57.317074
40.54054,1.954822,113.82114,46.036587
38.762447,1.7376195,102.13415,56.707317
31.140535,1.7376195,113.82114,46.951214
38.406826,1.5300099,114.32927,49.73134
30.512312,1.7376195,97.05285,50.914635
42.67425,1.7376195,112.80488,48.17073
45.341393,1.954822,116.86992,57.92683
52.63158,2.1720243,128.04878,46.341465
44.985775,1.7376195,130.0813,53.048782
40.18492,1.7376195,149.89838,61.585365
31.867575,1.7376195,134.65446,59.146343
39.118065,1.5867008,141.9753,55.487804
31.170343,1.7376195,112.296745,45.42683
24.715506,1.7376195,104.6748,38.414635
30.106756,1.7376195,92.98781,44.664696
24.537695,1.7376195,83.84146,39.634148
25.782362,1.7376195,75.71138,37.80488
27.917784,1.9302372,59.95935,37.160583
29.650883,1.7639766,82.8252,28.963415
38.940254,1.4755056,99.085365,45.37569
42.140823,1.7376195,97.560974,43.550716
42.140823,1.7376195,133.09804,42.987804
42.496445,1.7376195,137.96661,47.256096
42.318634,1.7376195,135.1626,49.695118
41.42959,1.3636718,98.57723,44.987095
29.867119,1.7376195,89.939026,52.743904
37.873398,1.7376195,100.10162,45.42683
35.02845,1.7376195,109.756096,44.817074
36.984352,1.7376195,112.296745,42.378048
41.42959,1.7376195,111.28049,47.266846
44.452347,1.7376195,130.58943,52.013294
32.373005,1.7376195,140.75203,51.219513
47.830727,1.7376195,148.89874,54.878048
41.251778,1.7376195,148.88211,60.67073
38.762447,1.7376195,133.13008,55.487804
31.384945,1.7376195,119.41057,47.560974
29.341398,1.7376195,113.05335,47.1171
23.64865,1.7376195,86.89024,37.5
23.826458,2.110587,84.349594,34.756096
24.182077,1.7376195,79.268295,41.53773
25.248934,1.7846612,91.927956,37.19512
30.225056,1.7376195,73.67886,26.524391
41.251778,1.7376195,89.43089,29.268293
30.104069,1.7376195,88.92277,43.385715
41.42959,1.7376195,81.808945,38.414635
40.71835,1.7376195,85.36585,38.109756
39.118065,1.7376195,82.8252,40.243904
30.483727,1.9022518,111.28049,39.32927
34.495018,1.7376195,107.21545,34.451218
32.53912,1.7376195,86.89024,42.134308
30.938831,1.954822,97.560974,46.110947
31.29445,1.7376195,90.955284,50.0
30.48458,1.7376195,91.97154,45.121952
40.00711,1.7376195,120.42683,42.378048
32.29879,1.7376195,143.80081,58.403126
42.496445,1.7376195,142.78455,49.390244
25.762695,2.3892267,119.89784,50.609756
36.095306,2.1720243,157.52032,56.707317
31.65007,1.7376195,123.48675,52.43903
32.53912,1.7376195,120.93496,45.42683
25.426743,1.7376195,107.72358,41.15854
23.29303,1.7376195,96.03658,34.146343
30.225512,1.7376195,84.349594,33.23171
24.537695,1.7376195,90.955284,32.92683
25.248934,1.7376195,88.414635,34.451218
30.146725,1.7376195,74.18699,26.829268
40.00711,1.2379162,81.30081,28.963415
43.91892,1.7376195,80.28455,29.573172
40.18492,1.7376195,115.690636,29.573172
32.894737,1.7376195,87.9065,26.219515
36.450924,1.7376195,105.18293,46.197712
35.56188,1.954822,101.626015,26.219515
29.593681,1.7376195,112.68449,46.768192
32.53912,1.7376195,84.349594,42.378048
29.51636,1.7376195,72.662605,46.036587
29.694168,1.7376195,70.63008,46.036587
29.632881,1.7376195,76.21951,38.719513
38.940254,1.7376195,96.544716,34.146343
42.318634,1.7376195,115.34553,46.951214
42.318634,2.1720243,112.80488,62.5
30.676214,2.0767753,121.95122,59.756096
36.273117,1.839075,150.33365,67.98781
32.005688,1.7376195,134.14635,55.487804
32.1835,1.7376195,121.44309,45.121952
25.071123,1.7376195,104.6748,39.634148
30.894577,1.7376195,96.544716,33.536587
23.29303,2.1311228,90.955284,32.317074
23.826458,1.709523,80.25762,31.40244
24.715506,1.7376195,74.69512,31.707317
35.917496,1.7376195,106.28534,31.09756
40.54054,1.3096987,77.23577,39.634148
42.67425,1.7376195,88.414635,42.987804
41.073967,1.954822,129.17291,40.853657
40.71835,1.7376195,88.92277,37.5
38.22902,1.7376195,98.57723,41.76829
29.596205,1.7376195,108.86435,44.817074
34.672832,1.7376195,126.893005,48.780487
30.092815,1.7376195,92.479675,44.369656
30.067595,1.7376195,88.414635,43.3687
31.29445,1.9563887,130.46716,57.317074
32.716927,1.7376195,121.34804,50.057827
40.54054,1.427211,114.837395,49.60869
43.5633,1.7376195,133.13008,54.878048
48.008533,2.1720243,160.06097,68.902435
44.807964,1.3049346,156.50406,58.841465
39.473682,1.954822,145.83333,66.15854
32.716927,1.7376195,141.26016,62.80488
34.139404,1.7376195,134.14635,50.914635
26.31579,1.7376195,117.88618,40.548782
23.64865,1.7376195,104.166664,38.109756
30.787352,1.7376195,96.03658,38.414635
30.21827,1.7376195,99.085365,46.119064
24.537695,1.7376195,85.873985,39.02439
29.494751,1.7376195,70.12195,38.109756
29.384731,1.7376195,76.727646,40.255077
43.029873,1.520417,99.5935,51.52439
41.42959,1.290483,107.21545,41.463413
29.619316,1.7376195,87.39838,58.23171
29.46191,1.7376195,110.24945,46.951214
32.048985,1.7376195,126.52439,41.15854
36.095306,1.7376195,109.24797,43.90244
33.072548,1.7376195,104.6748,57.012196
32.36131,1.7376195,107.72358,47.652733
31.449226,1.7376195,121.44309,52.134148
37.51778,1.954822,133.79106,56.045654
41.963017,1.7376195,110.26423,65.85366
46.05263,1.7376195,152.94716,58.08093
55.83215,2.3892267,160.17564,59.756096
53.876244,2.3892267,171.74797,64.32927
29.59254,2.1720243,160.06097,70.12195
39.651493,1.5378141,140.75203,57.621952
39.651493,1.7376195,140.30191,54.26829
28.271692,1.7376195,119.41057,45.42683
24.182077,1.7376195,89.318756,40.243904
24.893314,1.7376195,89.87418,39.32927
24.182077,1.7376195,83.84146,39.634148
25.604551,2.1799834,76.21951,41.50672
38.05121,1.7376195,69.10569,35.365852
29.723722,1.7376195,110.03697,46.646343
43.38549,1.7376195,97.560974,51.82927
31.247759,1.7376195,116.86992,49.390244
41.251778,1.3721265,102.64227,52.134148
41.073967,1.3940593,113.31301,48.99982
40.71835,2.1720243,137.65836,57.1375
37.339973,1.7376195,135.67564,50.30488
35.384068,1.7376195,105.691055,58.841465
35.56188,1.7376195,103.150406,46.143158
34.672832,1.7319479,116.361786,53.353657
36.806545,1.7376195,107.72358,59.451218
41.607395,1.7376195,123.47561,50.760868
46.230442,1.7376195,160.5691,72.256096
51.031296,2.606429,158.02846,68.597565
48.186344,1.954822,153.05708,59.451218
41.251778,1.954822,158.53659,67.37805
40.89616,1.7376195,177.84554,73.78049
39.473682,1.7376195,137.70325,63.109756
30.363073,2.0809433,124.49187,54.57317
31.068813,1.7376195,108.231705,50.0
25.248934,1.7376195,103.204315,43.645824
24.182077,1.7376195,91.46342,42.987804
25.426743,2.1537564,84.85773,45.73171
36.450924,1.7376195,81.808945,40.548782
38.762447,1.7376195,132.41661,46.646343
30.439486,1.7376195,112.296745,72.86585
30.896397,1.7376195,112.80488,49.473698
30.912823,1.7376195,121.95122,70.731705
43.38549,1.7376195,164.70612,77.743904
42.496445,1.954822,153.96341,78.04878
41.785206,1.5368099,157.01219,70.42683
41.785206,1.5709407,136.17886,77.439026
40.00711,1.7376195,139.73578,90.243904
39.651493,1.6872842,155.87144,72.256096
31.724503,1.7376195,132.62195,55.134167
42.140823,1.7376195,132.11382,72.86585
49.07539,1.2765864,150.40651,78.65854
56.187767,1.7376195,172.76422,77.439026
49.07539,1.7376195,161.58537,70.731705
42.140823,1.5600748,160.06097,73.47561
41.251778,1.664801,164.57852,79.87805
42.67425,1.7376195,163.80145,77.439026
37.162163,1.7872341,127.54066,73.17073
25.782362,2.196964,116.361786,51.832268
25.426743,1.7376195,123.034355,64.02439
24.537695,1.7376195,122.87106,65.243904
25.604551,1.9911153,106.498535,46.310726
36.628735,1.6817788,138.88362,54.57317
30.305529,1.7376195,133.02252,63.414635
41.785206,1.7376195,111.78862,68.29269
43.5633,1.3030254,113.31301,56.09756
45.341393,1.7376195,125.0,56.09756
44.807964,1.7376195,159.10765,70.42683
44.09673,1.7376195,159.59468,70.731705
30.036882,1.7376195,122.763985,56.707317
40.54054,1.7376195,113.82114,48.272717
39.651493,1.7376195,117.37805,63.109756
30.643732,1.7376195,103.150406,53.658535
30.108295,2.1050262,116.86992,60.365852
30.272188,2.1319761,120.42683,63.719513
46.05263,1.7376195,127.032524,50.828865
52.987198,1.0714521,136.687,76.21951
50.853485,1.7376195,169.67784,76.21951
41.42959,1.7396586,159.04471,92.07317
31.637274,1.7376195,151.9309,84.14634
39.651493,1.7376195,155.62735,70.731705
31.293665,1.7376195,117.37805,50.914635
24.004267,1.7376195,99.17725,42.235214
24.893314,1.7376195,97.906425,46.036587
23.826458,1.7376195,104.6748,45.73171
30.47748,1.7376195,101.626015,46.42062
37.51778,1.7376195,84.349594,41.15171
42.67425,1.7376195,102.64227,45.09218
29.982096,1.7376195,125.65211,58.841465
29.816425,1.7376195,85.36585,42.450718
41.963017,1.954822,94.51219,83.53658
40.71835,1.7376195,111.28049,86.89024
40.71835,1.7376195,121.95122,86.28049
39.651493,1.7376195,105.691055,79.268295
33.961594,1.7376195,106.70731,93.90243
30.583216,1.9388901,110.26423,49.76285
31.65007,1.7376195,120.93496,85.060974
33.428165,1.7376195,109.756096,85.060974
42.318634,1.7376195,119.41057,99.085365
44.09673,1.954822,147.35773,106.70731
31.991188,1.7376195,164.63414,97.560974
48.186344,1.954822,174.57013,85.36585
25.248934,2.695528,180.8943,86.585365
18.847794,1.7376195,137.92699,85.67073
20.625889,1.7376195,92.69133,40.118397
30.05672,2.141251,113.31301,67.68293
33.428165,1.7376195,109.24797,63.109756
27.916075,1.7376195,123.48117,60.365852
23.470839,1.7376195,116.01044,62.5
19.381224,1.7376195,109.60198,64.32927
29.329056,1.7376195,82.31707,55.792683
29.101364,2.163437,97.560974,70.42683
45.163586,1.7376195,142.4354,53.8737
42.318634,1.7376195,101.11789,44.76465
41.251778,1.7376195,111.28049,71.03659
40.71835,1.6810248,163.10646,78.65854
39.473682,1.7376195,129.06505,63.109756
34.31721,1.7376195,148.72662,70.42683
29.326752,1.7376195,96.544716,79.87805
31.65007,1.954822,121.14675,51.93643
33.072548,1.7376195,111.28049,59.146343
33.428165,1.7376195,123.55595,50.881077
40.89616,1.7376195,116.361786,71.34146
44.452347,1.7376195,158.53659,59.58467
52.987198,1.7376195,154.97968,87.80488
49.78663,1.7376195,166.66667,86.585365
41.42959,2.1720243,179.87805,83.53658
39.295876,1.7376195,153.96341,88.71951
40.89616,1.7376195,145.83333,75.914635
32.005688,1.7376195,119.9187,55.487804
31.355696,1.7376195,114.32927,39.634148
25.782362,1.7376195,92.079926,39.02439
25.248934,1.7376195,97.560974,37.19512
27.027027,1.7376195,85.873985,39.939026
38.406826,1.7376195,80.28455,33.23171
43.38549,1.7376195,85.36585,40.737984
44.09673,1.7376195,96.03658,48.780487
41.963017,1.7376195,93.49593,49.695118
41.785206,1.7376195,141.24525,53.048782
41.073967,1.7376195,104.6748,45.495403
39.829304,1.5146282,112.80488,59.451218
29.16109,1.7376195,111.31464,46.296413
35.917496,1.7376195,139.84773,58.23171
35.02845,1.7376195,88.414635,49.085365
35.20626,1.7376195,100.10162,48.17073
38.406826,1.7376195,104.6748,58.536587
41.963017,1.954822,114.837395,67.07317
47.119488,1.3216002,142.27643,73.78049
30.318274,1.7376195,136.64175,67.37805
45.697014,2.1720243,147.86586,82.62194
40.89616,1.954822,169.71545,84.756096
38.05121,1.775849,143.80081,76.82927
39.473682,1.7376195,149.23192,64.63415
31.116644,1.7376195,106.19919,45.42683
24.537695,1.7376195,95.020325,41.463413
25.426743,1.7376195,98.06911,39.939026
24.715506,1.7376195,89.43089,39.634148
27.204836,1.7376195,81.30081,40.243904
38.05121,1.7376195,69.61382,32.92683
41.607395,1.7376195,127.12429,36.585365
42.140823,1.7376195,88.92277,41.463413
27.676756,2.1720243,106.19919,50.30488
35.02845,1.7376195,127.74154,52.357693
36.273117,1.7376195,110.26423,56.707317
39.651493,1.7376195,147.8531,61.585365
28.803574,2.0903952,92.479675,60.060974
37.51778,1.5415231,96.03658,44.799236
33.961594,1.7376195,132.1351,53.963413
32.53912,1.7376195,98.57723,58.841465
36.628735,1.7376195,101.626015,52.43903
41.073967,1.7376195,152.33138,66.768295
31.290598,1.7376195,138.21138,77.13415
44.09673,2.1720243,138.71951,73.17073
27.32294,2.606429,139.73578,68.29269
38.762447,2.1720243,134.8563,57.066536
34.31721,1.7376195,142.27643,83.53658
39.651493,1.7376195,149.20914,63.414635
30.583216,1.9390864,113.82114,52.43903
30.984962,1.7376195,104.6748,47.865852
30.511187,1.7376195,93.49593,46.646343
24.537695,1.7376195,87.39838,43.368446
26.671408,1.9240032,109.03532,46.8242
37.51778,1.7376195,115.38836,34.146343
40.00711,1.7376195,96.03658,39.32927
41.073967,1.7376195,101.626015,47.560974
30.452917,1.7376195,103.65854,52.43903
29.699936,1.7376195,86.38211,51.219513
30.607124,1.7376195,107.21545,56.40244
36.628735,1.7376195,110.26423,45.121952
33.78378,1.7376195,112.88385,40.853657
32.716927,1.7376195,83.333336,41.5195
31.116644,1.7984565,97.05285,42.987804
30.583216,1.7376195,114.40207,46.951214
31.29445,1.7376195,94.51219,54.26829
36.273117,1.7376195,121.95122,54.878048
38.940254,1.5405439,123.47561,56.40244
30.67687,1.7376195,119.9187,71.34146
38.762447,1.5612354,134.65446,58.23171
33.428165,1.7376195,144.4676,66.15854
32.1835,1.7376195,142.27643,68.29269
36.628735,1.7376195,130.88539,53.45517
29.694168,2.0757182,109.24797,60.67073
24.359886,2.269292,100.10162,49.695118
25.604551,1.7376195,100.10162,48.780487
29.968212,1.7376195,87.9065,43.307484
26.13798,1.7376195,80.28455,50.914635
35.20626,1.7376195,127.860214,52.337593
30.583216,1.954822,77.743904,42.682926
31.116644,1.7376195,95.52846,51.82927
35.917496,2.1720243,112.296745,69.51219
30.434937,1.7376195,109.756096,66.46342
38.22902,1.7376195,134.65446,70.12195
40.54054,1.7376195,157.51955,72.86585
41.073967,1.7376195,127.54066,51.96858
39.829304,1.7376195,112.80488,67.07317
36.095306,1.7376195,121.95122,44.512196
33.428165,1.7376195,106.70731,40.853657
34.85064,1.7376195,113.82114,42.987804
30.66136,1.7376195,106.19919,49.695118
40.89616,1.7376195,126.01626,54.878048
30.490952,2.1839082,130.58943,66.15854
38.762447,1.5774664,132.62195,58.536587
31.472263,1.7376195,135.1626,55.102886
31.29445,2.0364795,132.11382,63.414635
37.51778,1.7376195,128.04878,66.768295
29.51636,2.094877,106.19919,63.414635
24.182077,1.7376195,112.78349,58.23171
25.248934,2.192476,94.51219,45.906025
24.893314,1.7376195,84.349594,54.57317
25.96017,1.7376195,76.21951,40.4209
32.716927,1.954822,55.89431,46.036587
30.006958,1.7376195,119.09041,53.353657
25.681059,2.3892267,91.97154,54.878048
33.78378,1.954822,103.150406,57.621952
38.762447,1.7376195,95.020325,43.448658
41.42959,1.7376195,128.75462,39.32927
40.89616,1.7376195,125.76925,36.280487
39.118065,1.7376195,122.361275,36.585365
30.055807,1.7376195,86.38211,42.07317
30.317663,1.7376195,84.85773,37.19512
31.29445,1.7376195,81.808945,33.536587
30.583216,1.7376195,84.85773,41.878063
38.05121,1.7376195,83.333336,39.32927
40.18492,1.7376195,141.8244,54.57317
40.00711,1.954822,118.902435,60.97561
30.137342,1.954822,135.1626,64.939026
30.938831,1.7376195,146.8496,58.32718
30.761023,1.7376195,140.75203,62.80488
29.461332,1.7376195,113.629776,47.285152
29.16074,1.7376195,103.65854,53.658535
23.826458,1.7376195,92.75875,43.59756
28.331158,1.6517601,96.52131,34.756096
24.359886,1.7376195,82.31707,35.97561
25.426743,1.7376195,73.17073,39.78827
34.31721,1.4686679,59.451218,28.658537
38.584637,1.7376195,83.84146,40.75342
30.092276,1.7376195,84.85773,44.207317
40.362732,1.7376195,84.85773,55.792683
41.073967,1.7376195,85.36585,58.23171
41.42959,1.7376195,101.626015,44.712116
38.584637,1.4913337,111.28049,51.52439
33.961594,1.7376195,101.11789,42.682926
32.716927,1.7376195,81.808945,37.5
31.827883,1.8519331,80.79269,54.26829
31.65007,1.7376195,87.39838,60.97561
29.231047,1.9790475,92.479675,45.055527
41.963017,1.3412875,107.21545,46.84111
43.741108,1.7376195,154.30304,65.243904
44.807964,1.7376195,137.19513,76.21951
42.67425,1.7376195,164.79175,79.57317
31.107512,1.7376195,139.73578,88.414635
31.73133,1.7376195,128.55692,53.853497
35.73969,1.7376195,112.296745,72.560974
28.982931,1.7376195,129.03357,62.5
24.004267,1.7376195,89.939026,57.621952
24.715506,1.7376195,113.39021,57.621952
29.568453,1.7376195,82.8252,58.536587
25.604551,1.7376195,76.21951,56.40244
35.73969,1.7376195,60.46748,35.365852
40.00711,1.7376195,136.96039,54.57567
28.22655,1.954822,87.9065,59.146343
40.89616,2.1720243,87.39838,53.658535
41.251778,1.354021,92.479675,43.260002
41.073967,1.7376195,138.5719,54.626953
38.584637,1.954822,112.296745,38.109756
36.273117,1.7376195,84.349594,34.756096
33.78378,1.7376195,76.727646,40.853657
31.827883,1.7376195,90.44715,34.146343
31.827883,1.7376195,86.89024,39.02439
33.072548,1.7376195,97.560974,43.292683
40.89616,1.7376195,106.19919,53.048782
45.697014,1.7376195,148.97516,56.707317
47.119488,1.2901938,161.14302,69.20731
43.741108,2.1720243,140.75203,57.14003
38.05121,1.7579296,146.34146,73.47561
34.139404,1.7376195,129.57317,75.60976
30.483124,1.7376195,112.296745,69.81707
28.80512,1.7376195,96.544716,59.146343
29.896408,1.7376195,121.12855,55.487804
24.537695,1.7376195,107.47654,53.048782
24.182077,1.7376195,105.72154,53.658535
25.96017,1.7376195,79.268295,42.378048
36.450924,1.5329534,60.46748,35.94974
40.54054,1.7376195,76.727646,36.585365
41.785206,1.3901528,79.77642,59.756096
40.54054,2.1720243,141.505,54.26829
28.35685,1.954822,83.84146,48.780487
38.940254,2.1720243,102.64227,43.59756
36.628735,1.7376195,120.42683,46.036587
36.095306,1.4795731,101.11789,33.841465
33.25035,1.7376195,88.414635,43.90244
30.583216,1.7376195,86.89024,42.682926
32.1835,1.7911354,86.38211,50.0
35.02845,1.7376195,95.020325,48.17073
30.355219,1.7376195,105.691055,57.317074
44.807964,1.7376195,137.19513,72.560974
46.230442,1.1891013,149.89838,58.185253
43.741108,1.7376195,145.32521,70.731705
38.05121,1.7825611,156.26823,74.69512
35.56188,1.3032146,152.34662,71.95122
38.05121,1.7376195,127.032524,67.68293
29.16074,1.7376195,106.19919,58.23171
19.381224,1.7376195,92.98781,54.57317
30.306879,1.7376195,94.00407,53.658535
30.179585,1.7376195,90.955284,50.30488
25.96017,2.1938615,79.268295,53.353657
36.628735,1.6018196,127.74187,44.207317
39.473682,1.7376195,82.31707,45.121952
41.785206,1.7376195,83.84146,33.841465
38.940254,1.4059048,88.92277,43.59756
39.295876,1.7376195,91.97154,49.695118
38.406826,1.7376195,97.05285,52.134148
34.139404,1.7376195,98.57723,38.414635
33.78378,1.7196863,95.52846,45.194874
31.65007,1.7376195,88.414635,38.719513
30.853758,1.7376195,107.21545,48.048508
29.88611,2.008774,107.72358,50.609756
32.36131,1.7376195,105.691055,42.987804
39.118065,2.1720243,110.26423,60.060974
28.97666,2.1720243,140.75203,61.585365
43.91892,1.954822,152.51852,63.109756
43.029873,2.606429,136.17886,78.65854
38.762447,2.3892267,140.75203,78.35366
35.56188,1.7376195,130.58943,61.890244
37.873398,1.7376195,123.98374,70.12195
30.03092,1.7376195,101.11789,62.80488
24.359886,1.7376195,85.873985,53.963413
25.248934,1.7376195,88.92277,53.353657
16.002846,1.7376195,87.97559,53.658535
25.782362,2.2453358,77.743904,58.841465
36.095306,1.7376195,58.94309,35.442398
39.829304,1.7376195,80.28455,52.743904
29.18458,1.9839196,88.92277,52.134148
42.496445,1.2639034,95.52846,45.121952
42.318634,1.3105061,95.52846,43.85853
40.89616,1.7376195,97.560974,43.901657
38.940254,1.7376195,135.4611,54.56835
36.628735,1.7376195,102.64227,56.707317
34.672832,1.954822,107.21545,59.756096
35.02845,1.7376195,118.823364,42.682926
30.708054,1.7376195,106.19919,48.47561
34.672832,1.7376195,133.42389,53.963413
40.54054,1.7376195,115.85366,50.914635
43.20768,1.7376195,111.28049,50.914635
29.333138,1.7376195,108.67325,45.73171
42.496445,1.7376195,139.52286,49.695118
35.73969,1.8852327,152.9178,72.560974
34.672832,1.7376195,140.2439,67.68293
36.806545,1.7376195,123.47561,67.37805
28.982931,1.7376195,106.19919,47.959534
24.182077,2.3360481,91.46342,56.09756
30.078281,1.7376195,93.49593,44.543922
29.640425,1.7376195,119.99373,54.878048
25.248934,1.7376195,78.25203,56.707317
32.53912,1.7376195,58.43496,46.646343
35.917496,1.7376195,76.727646,54.878048
38.940254,1.6515446,147.595,61.585365
41.251778,1.7376195,91.97154,59.756096
41.251778,1.3028495,95.52846,44.817074
41.251778,1.7376195,114.837395,36.280487
41.251778,1.954822,123.47561,36.280487
40.362732,1.7376195,119.9187,35.060974
40.362732,1.7376195,131.90353,43.90244
37.51778,1.7376195,116.86992,42.07317
36.984352,1.4388229,119.16169,36.280487
38.406826,1.7376195,97.05285,44.512196
41.607395,1.7376195,104.6748,41.76829
43.91892,1.7376195,118.902435,42.07317
44.807964,1.7376195,123.47561,42.987804
42.140823,1.3958938,136.17886,56.40244
36.450924,1.7376195,137.19513,54.85307
37.69559,1.7376195,138.71951,45.73171
38.940254,1.7376195,121.95122,50.25642
28.982931,1.873189,113.091606,48.388832
30.17056,1.7376195,89.939026,50.30488
24.715506,1.7376195,84.85773,43.05979
23.826458,1.7376195,82.31707,35.060974
25.248934,1.7376195,76.727646,32.621952
31.116644,1.7376195,56.40244,25.0
28.896833,1.7376195,82.73224,23.780487
31.29445,1.59126,69.61382,24.390244
38.406826,1.7376195,84.349594,27.134146
41.42959,1.4001603,136.4759,46.036587
41.963017,1.7376195,126.01626,51.07719
41.073967,1.7376195,138.21138,51.82927
31.096323,1.8503098,119.9187,32.92683
36.095306,1.7376195,98.3269,24.390244
33.961594,1.7376195,102.64227,21.036585
30.52925,1.7203593,92.98781,25.304878
36.628735,1.5607136,76.727646,40.037582
29.616682,1.7376195,79.77642,41.010677
44.09673,1.7376195,102.13415,34.451218
44.274536,1.1228399,123.98374,33.23171
42.67425,1.2501101,128.55692,38.414635
38.406826,1.651936,126.01626,65.85366
37.51778,1.7376195,129.06505,70.12195
37.162163,1.7376195,126.52439,60.365852
28.449503,1.7376195,115.103134,52.743904
23.826458,2.2131596,94.51219,41.463413
25.248934,1.6975979,84.25746,30.792683
24.182077,1.7042861,80.462715,29.878048
25.782362,1.7376195,76.21951,32.621952
34.139404,1.7376195,54.878048,34.69204
28.85183,1.8860588,115.92612,49.63892
42.318634,1.7376195,118.8235,28.963415
41.42959,1.339268,88.92277,42.46358
40.89616,2.1720243,131.87128,44.207317
39.829304,1.7376195,102.13415,46.341465
38.22902,1.7376195,126.01626,44.207317
34.495018,1.7376195,95.020325,34.756096
28.886806,1.6155542,97.05839,34.451218
30.583216,1.7376195,82.31707,41.413383
31.116644,1.7358079,87.9065,38.414635
33.072548,1.6731174,82.8252,42.378048
41.073967,1.3713744,95.020325,43.998573
43.38549,1.7376195,118.902435,50.609756
42.67425,1.7376195,122.967476,50.413395
41.073967,1.7376195,126.52439,52.43903
33.961594,1.7376195,125.08643,51.302814
35.56188,1.8672119,138.21138,72.560974
36.095306,1.6217971,120.42683,51.34325
27.204836,1.7376195,114.55506,53.963413
24.004267,2.280743,86.89024,44.35974
29.694553,1.7376195,84.85773,42.16866
29.5148,1.7376195,78.76016,50.0
25.782362,1.7376195,78.25203,52.743904
35.20626,1.5074567,56.91057,39.634148
41.073967,1.7376195,137.03212,49.390244
42.852062,1.3244004,79.268295,55.792683
30.661232,1.7376195,97.560974,46.036587
41.251778,1.7376195,77.743904,38.75469
38.584637,1.7376195,135.34698,54.74713
37.162163,1.7376195,112.80488,38.414635
33.072548,1.7376195,92.479675,38.719513
34.31721,1.6340753,86.89024,44.817074
31.65007,1.7376195,87.39838,42.987804
31.827883,1.7376195,97.560974,49.695118
33.605976,1.8061899,133.52689,53.963413
41.073967,1.7376195,106.70731,63.719513
44.452347,1.7376195,156.5051,66.15854
29.728064,2.2167747,141.10593,68.29269
30.35091,1.7376195,139.7265,70.12195
38.762447,1.7376195,137.70325,78.04878
38.05121,1.7376195,123.47561,79.57317
36.628735,1.7376195,127.032524,50.914635
28.093884,1.7376195,105.691055,47.57939
24.182077,1.7376195,92.479675,44.572674
25.426743,1.7376195,85.36585,40.853657
24.893314,1.8824451,96.20284,42.378048
26.13798,1.7376195,105.331215,44.370686
34.85064,1.7376195,60.97561,35.956406
40.89616,1.7376195,77.743904,38.719513
30.003386,1.7376195,89.939026,47.865852
41.073967,1.7376195,146.17627,59.146343
40.00711,2.606429,88.414635,46.106476
39.473682,2.1720243,92.479675,44.67201
37.162163,1.954822,118.902435,51.27451
36.984352,1.5457088,102.13415,46.646343
34.85064,1.7376195,99.5935,50.0
31.472263,1.7376195,126.09081,54.57317
33.605976,1.7376195,102.64227,60.67073
34.139404,1.8049171,102.13415,60.97561
41.607395,1.7376195,104.6748,64.939026
44.09673,1.448064,134.14635,75.0
44.807964,1.7376195,148.66353,58.23171
43.741108,1.7376195,161.58537,63.414635
28.563742,2.1720243,144.30894,69.51219
36.095306,1.7376195,131.6057,64.939026
35.917496,1.7217019,120.93496,60.365852
27.382647,1.7376195,110.26423,51.82927
23.826458,1.7376195,93.49593,45.079964
25.604551,1.7376195,89.43089,42.378048
24.359886,1.7376195,91.46342,41.463413
26.13798,1.7376195,79.268295,43.90244
35.384068,1.7376195,65.54878,36.943115
40.54054,1.3061937,82.31707,41.15854
43.029873,1.7376195,90.955284,46.951214
28.971216,1.8463075,113.02835,46.951214
43.029873,1.2513187,90.955284,46.341465
44.985775,1.7376195,109.24797,43.59756
37.873398,1.7376195,114.837395,44.512196
33.605976,1.6456918,94.00407,38.414635
32.53912,1.825304,78.76016,53.963413
32.36131,1.8172456,96.544716,52.134148
31.827883,1.7376195,88.92277,53.353657
40.362732,1.7376195,100.60976,53.658535
41.251778,1.4446286,104.166664,60.060974
43.029873,1.7376195,135.67073,63.719513
44.452347,1.7376195,141.7683,55.316246
43.029873,1.4735336,139.73578,71.03659
40.362732,1.7376195,126.01626,74.69512
38.406826,1.7376195,125.50814,72.256096
37.873398,1.7376195,112.80488,69.51219
30.634926,1.7376195,109.24797,58.536587
24.359886,1.7376195,95.52846,45.516567
25.96017,1.7376195,87.39838,52.134148
29.985197,1.7376195,118.2632,52.43903
25.96017,1.7376195,72.662605,55.792683
34.495018,1.7376195,59.451218,44.207317
40.89616,1.7376195,76.727646,48.780487
43.20768,1.954822,93.49593,43.508907
41.42959,1.7376195,100.60976,48.780487
38.762447,1.7376195,87.9065,41.798325
30.343224,1.7376195,100.60976,46.494637
37.873398,1.7376195,146.39464,63.414635
35.20626,1.6578442,115.85366,50.12532
35.02845,1.7376195,132.33656,53.353657
29.80882,1.7376195,86.38211,53.353657
33.25035,1.9231458,139.37242,60.365852
30.140213,1.7376195,126.47263,58.841465
40.362732,1.7376195,103.150406,45.18855
42.496445,1.3586687,131.6057,53.048782
42.140823,1.7376195,135.63484,45.121952
40.00711,2.3892267,135.64073,58.086716
27.512148,2.1720243,129.99661,59.146343
26.92326,2.3892267,128.04878,53.658535
36.450924,1.954822,121.95122,51.219513
30.90815,1.7376195,109.24797,47.256096
24.359886,1.7376195,94.51219,40.853657
25.071123,1.7376195,86.89024,37.19512
24.182077,1.7376195,87.39838,36.280487
29.265287,1.7376195,78.25203,40.674217
33.428165,1.7376195,53.353657,30.182926
37.162163,1.7376195,116.84872,37.19512
39.651493,1.3537345,96.03658,42.07317
28.945013,1.954822,99.5935,49.085365
41.073967,1.3734784,100.60976,45.27627
41.42959,1.3724165,113.82114,48.92738
41.251778,1.315833,125.65616,35.060974
39.473682,1.7376195,107.72358,28.658537
38.762447,1.4069612,122.31451,36.585365
36.806545,1.7376195,125.0,51.54888
33.961594,1.7376195,110.772354,30.792683
31.10364,1.7376195,99.5935,36.890244
40.89616,1.7376195,110.772354,34.451218
43.38549,1.2010653,127.03499,33.841465
43.20768,1.3041409,131.09756,53.176357
43.029873,2.3892267,133.13008,56.49828
39.118065,1.7376195,136.99309,55.124363
37.339973,1.7376195,127.032524,42.987804
38.22902,1.7376195,134.2993,54.52476
31.011276,1.7376195,104.166664,36.585365
24.893314,1.7376195,95.52846,31.40244
26.671408,1.7376195,95.52846,33.23171
25.071123,1.7376195,85.36585,31.707317
26.13798,1.7376195,72.15447,32.317074
32.716927,1.7376195,123.04061,50.81135
33.961594,1.4794024,65.54878,25.609756
33.072548,1.5043379,67.5813,22.560976
40.54054,1.7376195,81.808945,23.780487
41.785206,1.7376195,94.51219,43.173172
41.963017,1.7376195,123.47561,39.32927
42.496445,1.7376195,140.2439,43.292683
30.313791,1.8079472,98.06911,32.621952
30.7887,1.7376195,94.00407,30.792683
35.73969,1.7376195,83.333336,28.963415
32.005688,1.7376195,96.544716,29.268293
33.605976,2.1720243,90.44715,20.426828
28.930738,1.7376195,85.04636,26.524391
42.67425,1.7376195,120.48804,28.963415
43.38549,1.7376195,109.24797,32.621952
29.616434,1.7376195,105.75656,42.07317
31.47105,2.0143785,137.19513,57.165733
31.352295,1.7376195,115.34553,49.085365
38.406826,1.7376195,115.85366,41.15854
29.16074,1.7376195,99.5935,45.911335
24.182077,1.7376195,86.89024,43.515434
26.493599,1.7376195,86.38211,33.536587
25.071123,1.7376195,86.89024,31.40244
29.275776,1.7376195,93.12715,32.92683
34.139404,1.7376195,56.91057,22.256098
40.18492,1.7376195,72.15447,26.829268
30.995428,1.7376195,90.44715,27.439024
42.67425,1.271945,82.31707,40.530315
47.475105,1.7376195,86.38211,37.19512
42.140823,1.7376195,132.1217,41.76829
40.362732,1.7376195,112.296745,38.414635
39.829304,1.954822,96.03658,34.451218
29.237219,1.7376195,94.63852,33.841465
33.78378,1.5750594,80.28455,34.756096
31.116644,1.7376195,82.8252,42.682926
29.948034,1.7376195,84.349594,46.036587
40.54054,1.7376195,100.60976,50.914635
43.38549,1.7376195,118.39431,48.81743
47.475105,1.7376195,115.34553,50.0
43.38549,1.3217075,129.06505,54.26829
31.362206,2.031364,139.22765,57.678207
36.273117,1.7376195,121.44309,50.78211
38.22902,1.7376195,117.37805,49.695118
29.51636,1.7376195,91.46342,36.280487
24.537695,1.7376195,87.39838,43.387386
24.893314,1.7376195,90.44715,44.00788
24.893314,2.0505953,90.955284,32.012196
26.13798,1.7376195,106.08181,44.72272
35.56188,1.3862503,56.91057,23.475607
40.89616,1.7376195,71.64634,28.658537
41.785206,1.7376195,81.808945,28.963415
39.829304,1.7376195,81.30081,28.353659
41.073967,1.7376195,138.51707,54.582333
40.00711,1.7376195,125.96149,38.414635
39.651493,1.954822,127.919136,40.853657
35.20626,1.5553682,95.52846,37.5
29.501143,1.7376195,112.55144,46.779156
30.938831,1.7376195,96.03658,44.695972
30.361841,1.8493568,100.10162,38.109756
33.961594,1.7376195,107.21545,47.215935
41.785206,1.7376195,114.837395,49.390244
45.341393,1.2404143,144.40509,50.609756
32.30266,1.7376195,139.73578,48.780487
43.91892,1.954822,147.35773,44.512196
39.473682,1.954822,143.29268,57.274662
37.51778,1.7376195,126.52439,53.048782
35.20626,1.7376195,122.45935,51.16458
27.204836,1.7376195,105.691055,47.74859
23.470839,2.1674988,85.36585,35.67073
24.182077,1.7376195,88.414635,31.707317
24.537695,1.7376195,79.77642,31.707317
25.426743,1.7376195,74.18699,40.118263
36.273117,1.7376195,58.94309,25.609756
42.496445,1.7376195,120.34705,28.963415
43.029873,1.7376195,121.18607,28.353659
41.607395,1.7376195,82.31707,28.658537
40.00711,1.3446417,122.86312,33.23171
29.901617,1.7376195,89.939026,43.696648
37.339973,1.954822,102.13415,37.5
24.894089,2.606429,88.414635,38.414635
34.672832,1.954822,114.01947,37.80488
29.765507,1.7376195,77.23577,41.76829
32.36131,1.7243116,83.333336,42.378048
29.596096,1.9285064,94.51219,44.817074
40.18492,1.3872803,91.97154,50.30488
44.274536,1.7376195,133.63821,55.792683
46.58606,1.7376195,114.837395,50.30488
44.452347,1.954822,145.02783,53.658535
31.10924,2.0098674,130.58943,55.205685
38.05121,1.7376195,147.04492,62.5
37.339973,1.7376195,120.93496,55.487804
28.627312,2.0317917,102.64227,47.79423
24.004267,1.7376195,86.76911,38.414635
24.182077,2.1753554,87.39838,39.32927
29.939365,1.7376195,76.727646,37.5
25.782362,1.7376195,73.17073,34.451218
29.560759,1.7376195,58.43496,26.219515
42.140823,1.7376195,73.67886,37.876194
42.140823,1.2521147,126.108025,33.23171
40.71835,1.7376195,98.06911,44.269104
39.295876,1.7376195,136.15977,54.655827
40.18492,1.3789384,97.560974,46.341465
39.829304,1.7376195,106.70731,44.512196
35.02845,1.5470793,101.626015,38.109756
34.31721,1.7376195,106.70731,37.19512
32.53912,1.7121542,115.34553,38.414635
29.876831,1.9938219,106.19919,48.684357
32.005688,1.7376195,105.691055,39.939026
30.268288,1.7376195,97.05285,45.33022
42.852062,1.954822,119.41057,50.11949
44.274536,1.294007,130.0813,54.26829
30.572569,1.954822,140.2439,53.658535
32.395973,1.7376195,148.88211,59.146343
38.584637,1.7376195,134.65446,52.43903
29.420815,1.7376195,102.62873,39.939026
27.382647,1.7376195,100.60976,34.451218
29.815825,1.7376195,83.84146,42.373913
25.071123,1.7376195,83.84146,31.707317
24.537695,1.7376195,80.79269,32.621952
29.339705,1.7376195,72.15447,39.103516
34.85064,1.3480812,97.3369,23.780487
30.06131,1.7376195,70.12195,28.353659
42.67425,1.7376195,86.89024,28.963415
28.74463,1.569225,93.385544,30.182926
40.362732,1.7376195,89.939026,37.80488
38.22902,1.5104539,105.691055,46.987713
30.691061,1.7376195,102.64227,45.73171
28.166985,1.954822,88.414635,44.344048
35.02845,1.7376195,86.89024,34.451218
30.350157,1.7376195,87.39838,35.365852
33.072548,1.7376195,101.70607,33.23171
32.53912,1.6535995,116.26918,42.682926
31.507547,1.7376195,123.98374,51.219513
41.251778,2.1720243,131.43001,42.987804
42.67425,1.2112768,136.17886,32.317074
40.54054,1.7376195,138.21138,41.463413
34.139404,1.7376195,137.70325,53.353657
33.428165,1.7376195,121.5431,47.865852
34.495018,1.7376195,132.62195,40.548782
27.738264,1.9317628,114.32927,34.756096
23.826458,1.7376195,101.11789,32.317074
24.715506,1.7376195,90.955284,28.963415
28.706789,1.9893146,85.36585,43.410225
30.199123,1.7376195,78.25203,29.878048
33.605976,1.4674416,52.845528,25.0
36.273117,1.7376195,66.05691,25.609756
37.69559,1.954822,83.333336,27.134146
38.762447,1.7376195,83.333336,23.475607
41.42959,2.1720243,98.57723,28.658537
40.54054,2.1720243,118.39431,26.829268
40.71835,1.244034,123.47561,27.743902
31.752136,1.7376195,106.70731,24.390244
35.56188,1.6510098,100.60976,46.476837
35.384068,1.7376195,107.21545,31.09756
31.29445,1.8653259,89.43089,44.09473
33.78378,1.7376195,107.72358,31.707317
37.873398,1.4171708,119.533195,34.756096
42.140823,1.954822,112.296745,38.414635
42.318634,1.7376195,125.0,51.093983
40.54054,1.3971786,137.19513,44.512196
33.428165,1.7172679,125.50814,42.987804
35.384068,1.7376195,133.63821,43.292683
31.063875,1.9226747,126.52439,38.719513
29.51636,1.7376195,99.47538,38.109756
24.537695,1.7376195,94.51219,35.67073
30.582952,1.7376195,86.89024,32.317074
23.64865,1.7376195,82.31707,28.963415
24.893314,1.7376195,72.662605,27.743902
29.023657,1.8694657,115.24076,49.258812
31.65007,1.7376195,60.46748,28.658537
30.153442,1.7376195,74.69512,24.695122
30.753057,1.7376195,86.38211,21.95122
40.18492,1.7376195,117.88618,23.780487
41.073967,1.7376195,116.48355,29.573172
41.073967,1.7376195,118.583664,30.792683
36.628735,1.3931674,127.032524,22.560976
33.25035,1.7376195,86.17444,19.512196
30.30179,1.7287004,94.00407,23.170732
29.871977,1.6738188,95.52846,21.341463
28.758137,1.7376195,83.450516,24.695122
38.584637,1.7376195,86.89024,26.829268
41.963017,1.7376195,125.891,35.365852
41.963017,1.7376195,105.691055,31.707317
41.073967,1.954822,150.40651,38.109756
32.409935,1.7376195,143.29268,47.560974
30.371807,2.0843763,121.44309,57.621952
35.56188,1.7376195,122.967476,53.963413
27.027027,2.0889466,104.6748,49.390244
23.29303,2.2423618,92.98781,42.378048
25.426743,1.7376195,88.414635,43.412205
24.182077,1.7376195,75.203255,42.682926
29.27771,1.7376195,72.15447,44.207317
32.716927,1.764395,59.451218,36.721386
38.406826,1.4768035,124.957726,39.02439
40.89616,1.2717198,83.84146,39.02439
28.866468,1.9617577,81.808945,42.581856
39.295876,1.7376195,88.92277,39.02439
35.56188,1.7376195,126.36062,47.865852
33.428165,2.1720243,100.60976,47.560974
30.833807,1.7376195,93.49593,35.365852
25.135454,2.3892267,82.31707,42.07317
30.938831,1.7376195,88.92277,48.17073
30.761023,1.7953511,117.32858,46.951214
31.472263,1.8481325,100.10162,46.43325
35.56188,1.7376195,99.5935,45.03005
39.295876,1.7376195,126.01626,51.833683
39.295876,1.4648476,120.93496,50.87513
39.118065,1.7376195,139.73578,46.951214
35.02845,1.7376195,142.27643,56.943825
34.85064,1.8382684,135.1626,66.46342
35.02845,1.7376195,109.756096,59.146343
26.671408,1.7376195,105.822044,44.554085
23.470839,1.7376195,85.36585,47.256096
24.893314,1.7376195,86.89024,47.865852
24.004267,1.7376195,79.77642,41.84894
24.893314,1.7376195,76.21951,48.47561
33.072548,1.7376195,58.94309,41.463413
36.628735,1.7376195,70.63008,32.317074
38.940254,1.7376195,86.89024,30.792683
37.69559,1.3729608,90.955284,31.40244
36.628735,1.7376195,86.38211,39.32927
29.755556,1.9553539,104.166664,43.59756
32.36131,2.1720243,111.28049,41.15854
30.405403,1.7376195,87.9065,37.5
30.938831,1.7376195,78.76016,44.207317
28.80512,2.0149908,91.97154,52.134148
29.694168,1.7376195,83.84146,37.80488
31.29445,1.7376195,93.49593,49.695118
39.473682,1.7376195,135.0248,54.056965
41.607395,1.7376195,130.58943,61.585365
41.785206,1.7376195,132.11382,56.40244
31.81691,1.7376195,139.22765,59.756096
33.605976,1.7376195,150.91463,66.768295
31.65007,2.0725515,129.06505,68.902435
34.495018,1.7376195,131.09756,53.897804
29.23075,2.101479,100.60976,60.97561
24.182077,2.3421044,96.544716,54.57317
29.785187,1.7376195,113.44303,48.47561
29.696552,1.7376195,80.79269,47.256096
24.893314,1.7376195,102.126076,43.382862
28.725067,1.7376195,63.00813,37.1333
38.940254,1.7376195,72.15447,37.851078
41.607395,1.7376195,85.873985,51.219513
38.762447,1.954822,91.97154,48.17073
36.450924,1.7376195,129.84236,48.47561
39.651493,1.7376195,144.55473,58.536587
38.05121,2.1720243,109.756096,53.048782
27.121656,2.1720243,110.03521,44.512196
33.25035,1.7376195,88.414635,39.939026
31.472263,1.7376195,89.43089,43.188023
30.761023,1.8314946,91.97154,42.682926
29.153896,1.7376195,94.64662,34.756096
39.829304,1.7376195,91.97154,45.42683
41.963017,1.7376195,122.45935,50.260925
42.140823,1.7376195,120.93496,49.516224
26.847717,2.1720243,109.91962,43.90244
36.095306,1.6470183,137.70325,50.609756
32.716927,1.7850091,115.85366,50.30488
35.384068,1.7376195,108.73984,36.280487
29.16074,1.7376195,111.88609,46.585995
24.715506,1.7376195,89.939026,29.878048
25.782362,1.7376195,74.69512,29.268293
25.071123,1.7376195,80.314125,30.487804
24.893314,1.7376195,69.61382,29.573172
33.961594,1.7376195,53.353657,23.170732
30.072493,1.7376195,74.18699,29.573172
30.3492,1.7376195,81.808945,33.841465
30.290632,1.7376195,78.76016,27.439024
40.362732,1.7376195,78.76016,34.146343
36.984352,1.7376195,114.31514,35.365852
30.13015,1.9660203,106.70731,47.865852
31.65007,1.954822,92.98781,33.536587
33.605976,1.7376195,96.03658,44.322315
32.1835,1.7376195,106.19919,41.76829
29.793276,1.7376195,115.36043,48.05415
32.005688,1.7376195,94.51219,54.57317
29.964628,1.7376195,125.877975,59.146343
42.852062,1.7376195,134.65446,57.92683
43.5633,1.954822,146.17538,56.09756
42.318634,2.1720243,145.32521,57.317074
35.56188,1.7376195,140.75203,56.40244
32.894737,1.7376195,110.26423,68.29269
36.095306,1.7376195,113.31301,64.63415
29.670897,2.0889595,104.6748,61.890244
24.359886,1.7376195,110.63638,56.40244
25.782362,1.7376195,86.38211,55.182926
25.071123,2.188522,82.8252,42.902092
24.893314,2.1031208,113.55206,55.487804
25.78488,2.1720243,61.483738,50.609756
39.651493,1.7376195,82.8252,40.20984
30.74332,1.7376195,99.085365,45.42683
41.963017,1.3459063,135.31458,44.512196
41.607395,1.7376195,96.03658,45.73171
40.89616,1.954822,100.60976,45.946423
40.71835,1.7376195,121.95122,49.995445
37.69559,1.5507609,109.24797,48.16264
34.85064,1.6799634,101.11789,46.4932
32.894737,1.7376195,97.560974,49.085365
34.85064,1.7376195,90.955284,43.029842
35.20626,1.7376195,145.27483,64.02439
40.362732,1.7376195,111.78862,65.54878
43.38549,1.3105259,141.7683,52.134148
46.941677,1.7376195,140.2439,54.57317
28.262474,2.3892267,157.01219,63.719513
39.295876,1.7376195,162.09349,75.30488
34.495018,1.7376195,140.75203,73.47561
38.940254,1.7376195,124.49187,71.95122
30.761023,1.7376195,110.26423,48.817963
30.778116,1.7376195,101.626015,39.634148
26.13798,1.7376195,97.05285,40.243904
25.604551,1.7376195,90.44715,40.853657
24.893314,1.7376195,84.349594,42.864025
33.605976,2.1720243,72.662605,35.365852
37.69559,1.7376195,121.47089,39.634148
41.073967,1.7376195,94.51219,48.47561
30.742908,1.7376195,110.26423,61.280487
42.140823,1.3796569,110.772354,58.23171
40.89616,1.7376195,106.19919,52.743904
41.073967,1.7376195,115.34553,49.085365
30.774649,1.7376195,108.73984,48.401432
30.916115,1.7376195,107.21545,48.30181
33.78378,1.7376195,109.24797,47.81073
32.53912,1.7376195,129.53976,54.878048
34.495018,1.7376195,100.60976,56.707317
40.89616,1.7376195,146.50757,59.146343
44.09673,1.7376195,119.9187,49.695118
45.87482,1.7376195,141.26016,63.109756
43.20768,1.7376195,160.5691,60.40192
37.69559,1.7376195,156.58463,74.69512
29.767113,1.7376195,114.51952,47.5842
29.972776,1.7376195,132.34152,64.63415
30.227596,1.7376195,123.98374,52.06481
24.715506,1.7376195,111.28049,49.085365
25.426743,1.7376195,103.150406,39.02439
24.715506,1.7376195,91.97154,38.109756
29.24904,1.8563349,116.14238,49.463882
30.938831,1.7376195,98.26919,34.756096
29.311995,1.7376195,96.70701,35.97561
30.297867,1.7376195,98.57723,45.690517
41.607395,1.7376195,92.98781,43.292683
41.963017,1.7376195,102.64227,44.512196
31.916937,1.7376195,125.0,47.560974
41.251778,1.3341688,136.687,44.207317
37.51778,1.3635868,116.361786,26.829268
36.273117,1.4341589,118.39431,29.573172
30.207462,1.954822,111.28049,29.268293
30.295082,1.7376195,99.085365,46.067123
31.827883,1.7376195,94.00407,28.963415
38.22902,1.7376195,110.57954,30.487804
29.685095,1.954822,105.18293,38.719513
47.475105,1.954822,128.55692,42.682926
43.91892,1.7376195,145.47621,54.57317
37.51778,1.7376195,167.17479,82.92683
35.56188,1.7376195,140.2439,55.787144
40.54054,1.7376195,154.16068,68.29269
30.583216,1.7376195,128.4936,58.841465
24.715506,1.7376195,100.10162,46.636166
30.512024,1.7376195,100.10162,55.487804
25.426743,1.7376195,92.479675,44.74193
29.957869,1.7376195,91.97154,44.122578
33.961594,1.7376195,69.61382,38.038414
39.651493,1.7376195,78.25203,51.219513
41.785206,1.7376195,92.98781,62.19512
40.71835,1.4795771,92.479675,61.585365
39.295876,1.7376195,90.44715,67.37805
33.78378,1.7376195,124.818115,51.320232
28.449503,2.054453,116.86992,53.048782
14.224751,2.9348226,102.13415,46.29055
13.513514,1.7376195,88.414635,42.266136
29.812,1.7376195,90.44715,59.756096
29.935192,1.7376195,96.03658,61.585365
31.827883,1.7376195,144.76747,68.902435
38.584637,1.7376195,98.57723,68.597565
42.852062,1.7376195,139.73578,71.34146
43.38549,1.3618791,131.09756,59.146343
31.429787,2.1479497,146.34146,61.585365
36.628735,2.1720243,146.34146,67.37805
32.53912,1.7376195,115.85366,64.939026
37.51778,1.7376195,118.39431,64.02439
29.16074,2.1760418,137.8656,65.85366
30.107868,1.7376195,95.52846,55.792683
25.426743,1.7376195,88.414635,43.434296
28.909126,1.9582139,82.31707,42.566338
24.537695,1.7376195,78.76016,41.126827
33.428165,1.7376195,108.07941,36.890244
38.584637,1.7376195,72.662605,37.80488
41.073967,1.7376195,87.9065,49.390244
40.54054,1.7376195,82.31707,46.341465
38.762447,1.7376195,138.16887,51.82927
35.917496,1.7376195,102.13415,46.341465
31.634377,1.7376195,114.32927,39.634148
33.605976,1.7376195,108.73984,36.280487
32.894737,1.7368515,91.46342,48.17073
32.53912,1.7376195,103.65854,44.512196
30.938831,2.03484,101.626015,64.32927
32.894737,1.7376195,93.49593,67.37805
38.05121,1.7376195,97.05285,70.42683
40.71835,1.5983675,155.45316,68.902435
42.318634,1.7376195,138.21138,63.414635
28.803495,2.1720243,140.2439,65.243904
35.20626,1.7376195,152.43903,87.19512
33.78378,1.7376195,147.35773,58.50077
35.73969,1.7376195,166.29436,89.63415
29.338549,1.982648,116.86992,51.199017
28.093884,1.7376195,98.06911,77.13415
28.80512,1.7376195,100.10162,68.29269
28.627312,1.7376195,95.020325,62.80488
28.449503,1.7376195,91.46342,43.91314
29.245636,1.7376195,72.15447,39.297913
41.963017,1.7376195,85.873985,46.951214
39.295876,1.7376195,89.939026,50.609756
36.984352,1.7376195,138.50465,54.57317
36.273117,1.7376195,92.98781,47.560974
35.384068,1.7376195,125.48891,46.036587
35.02845,1.7026974,110.772354,52.743904
33.78378,1.7505777,112.296745,52.743904
33.072548,1.7376195,96.544716,44.704506
31.116644,1.9487249,96.03658,59.756096
31.65007,1.7376195,117.88618,58.23171
32.36131,1.7376195,112.80488,62.5
34.85064,1.7376195,114.837395,48.96483
31.46204,1.7376195,137.19513,68.902435
43.029873,1.3347925,154.97968,59.887493
38.762447,1.7681481,144.81708,77.439026
32.248634,1.7376195,161.58537,84.14634
31.038036,2.406425,153.45529,86.89024
34.495018,1.7376195,132.11382,79.57317
28.093884,1.7376195,126.01626,60.67073
23.826458,1.7376195,106.19919,48.44078
25.248934,2.2149973,108.73984,49.65535
25.071123,1.7376195,94.51219,45.42683
24.715506,1.7376195,95.020325,48.780487
29.262083,1.7376195,77.23577,40.61057
35.56188,1.7376195,127.58205,52.084778
38.406826,1.7376195,95.020325,43.35139
29.361002,1.7376195,108.65928,45.42683
40.18492,1.7376195,102.13415,45.33227
38.584637,1.7376195,122.967476,48.780487
40.54054,1.3989449,139.22765,47.256096
39.651493,1.7376195,128.17778,40.548782
30.097303,1.7376195,92.479675,44.420055
30.096283,1.7376195,96.544716,45.487423
32.005688,1.6442401,106.19919,31.09756
32.716927,1.7376195,100.60976,32.92683
29.168737,1.7376195,98.42171,37.19512
39.473682,1.954822,99.5935,50.0
42.852062,1.954822,116.86992,59.146343
38.22902,2.3892267,152.43903,58.536587
31.712143,2.0284445,140.2439,52.43903
31.296352,2.0740006,137.19513,55.792683
33.428165,1.8007965,137.70325,53.353657
31.073153,1.7376195,106.70731,43.59756
24.182077,1.7376195,92.479675,38.414635
26.13798,1.7376195,91.46342,38.414635
25.248934,1.7376195,81.30081,39.02439
24.893314,1.7376195,88.414635,43.6152
32.894737,1.7653625,74.18699,39.9847
36.628735,1.7376195,82.8252,41.463413
36.095306,1.7376195,104.166664,44.207317
33.78378,1.7376195,96.03658,44.53752
34.139404,1.7376195,106.19919,58.536587
32.894737,1.789561,108.231705,48.707817
33.25035,1.8539591,121.44309,57.621952
33.78378,1.7376195,113.31301,51.52439
33.961594,1.7376195,130.06113,52.43903
30.405403,1.7376195,100.10162,45.926548
30.57193,1.7376195,102.64227,46.95172
32.716927,1.7782137,86.38211,50.609756
32.894737,1.954822,132.20943,55.792683
37.339973,1.7376195,132.62195,53.694347
37.873398,1.954822,132.11382,54.400127
34.139404,1.7376195,151.42276,60.97561
31.116644,1.7376195,137.70325,56.04405
30.583216,1.7376195,152.2453,78.96342
34.139404,1.7094294,118.39431,50.764843
29.16074,1.7376195,124.65547,58.841465
25.248934,1.9839389,106.767044,46.25877
27.204836,1.7376195,99.5935,46.246307
27.204836,1.7376195,87.9065,54.57317
26.31579,1.7376195,86.89024,49.390244
31.116644,1.7347974,68.597565,36.585365
32.36131,1.7376195,77.23577,39.87158
32.894737,1.7376195,123.640755,51.02172
33.78378,1.7376195,87.9065,46.951214
35.56188,1.7376195,92.479675,51.52439
33.25035,1.7376195,107.72358,47.41743
34.139404,1.7376195,107.21545,37.19512
33.428165,1.7376195,109.756096,28.353659
33.605976,1.6095972,117.208595,41.463413
32.53912,1.7376195,115.34553,35.365852
31.376593,1.7376195,118.39431,46.036587
32.894737,1.7376195,102.13415,40.548782
35.384068,1.5844738,109.756096,43.59756
38.05121,1.7376195,111.78862,45.121952
39.829304,2.1720243,127.032524,59.451218
35.73969,1.954822,150.95364,70.731705
31.29445,1.7376195,133.13008,55.792683
31.65007,1.7376195,125.76983,54.878048
33.78378,1.7376195,131.6057,58.841465
29.871977,1.7376195,104.166664,53.658535
24.893314,1.7376195,101.05487,47.865852
26.31579,1.7376195,84.349594,38.109756
25.248934,1.7376195,88.414635,37.19512
25.96017,1.7376195,84.349594,42.78023
30.938831,1.7106189,66.56504,36.280487
30.938831,1.7376195,70.63008,32.012196
32.36131,1.7376195,80.28455,33.841465
33.428165,1.7376195,122.75963,50.47018
35.56188,1.7376195,91.46342,42.378048
34.672832,2.1720243,132.11382,44.207317
32.566574,1.7376195,146.34146,46.341465
34.31721,1.7070504,118.902435,51.067757
32.53912,1.954822,104.6748,32.92683
31.107376,1.7376195,98.06911,34.756096
29.16074,1.5365552,89.06639,28.353659
31.827883,1.7376195,93.99501,29.268293
30.091173,1.85084,101.11789,34.146343
38.940254,1.7376195,126.52439,46.646343
42.496445,1.7376195,139.70573,54.248596
37.339973,1.7376195,141.26016,53.048782
31.65007,1.7376195,137.70325,59.451218
29.58016,1.7376195,113.18342,47.107716
33.605976,1.7376195,123.99567,49.390244
29.51636,1.7376195,108.231705,40.243904
24.537695,2.271977,96.544716,46.53465
30.609758,1.7376195,93.49593,38.109756
25.248934,1.7784778,90.56438,37.19512
29.498728,1.7376195,103.30668,40.243904
31.29445,1.6776205,71.138214,34.146343
33.428165,1.7376195,80.28455,33.841465
35.02845,1.7376195,80.79269,43.90244
34.85064,1.6112282,122.9641,43.292683
36.273117,1.6838276,134.14029,50.914635
33.428165,1.7376195,98.06911,53.048782
33.072548,1.7376195,120.25741,46.646343
33.072548,1.954822,93.49593,44.207317
30.418514,1.7376195,86.38211,38.109756
31.29445,1.920809,128.74606,54.57317
29.725145,1.7376195,122.29401,56.707317
32.005688,1.7376195,119.98928,49.619995
35.20626,1.7966361,99.085365,66.46342
39.295876,1.7376195,112.296745,67.37805
42.496445,1.7376195,124.49187,64.63415
38.05121,1.7376195,149.89838,58.682816
29.13979,1.954822,135.70134,64.939026
31.590458,1.7376195,140.2439,75.30488
31.130009,1.7376195,130.58943,68.597565
30.610657,1.7376195,103.65854,55.487804
30.608473,1.7376195,93.49593,39.02439
26.671408,1.7376195,97.05285,37.80488
25.96017,1.7376195,95.020325,45.06847
25.604551,1.7376195,87.9065,43.266216
29.42304,1.7838715,74.69512,35.060974
34.85064,1.7376195,83.333336,34.756096
38.22902,1.7376195,84.349594,40.697453
37.339973,1.7376195,95.52846,46.951214
34.85064,1.7376195,107.72358,44.207317
32.894737,1.7376195,109.756096,57.92683
34.85064,1.7376195,116.86992,57.317074
32.53912,1.8633391,101.626015,58.536587
30.256119,1.7376195,93.49593,53.353657
29.871977,1.7376195,99.085365,59.756096
29.16074,1.954822,104.6748,62.19512
29.505276,1.7376195,93.49593,72.256096
29.13832,1.954822,102.64227,47.788525
39.829304,1.4425008,116.361786,49.787266
47.2973,1.7376195,145.83333,72.86585
42.318634,1.5524989,152.94716,74.69512
35.20626,1.9380457,151.42276,73.78049
33.961594,1.7376195,120.93496,69.81707
33.78378,1.7376195,115.85366,49.822567
29.871977,1.9531794,92.98781,45.257088
25.248934,2.2167366,86.38211,50.609756
27.382647,1.7376195,96.544716,50.914635
27.027027,2.1104946,94.00407,52.134148
26.13798,1.7376195,91.97154,53.353657
29.161863,1.8529152,80.28455,38.414635
30.292236,1.7376195,81.30081,30.487804
36.806545,1.7376195,85.873985,41.29571
29.836906,1.7376195,88.414635,43.29101
35.384068,1.7376195,87.9065,42.378048
30.773619,1.7376195,97.560974,44.207317
30.714527,1.7376195,102.13415,42.07317
33.428165,1.754877,126.6099,53.417385
31.472263,1.7376195,88.92277,38.414635
31.116644,1.7376195,91.46342,35.97561
31.472263,1.7376195,96.544716,40.243904
32.1835,1.8121272,93.49593,45.037266
33.78378,1.7301073,92.479675,44.490936
30.952974,1.7376195,114.837395,56.707317
43.5633,1.3397988,143.11366,52.43903
39.473682,1.7376195,145.32521,53.048782
32.53912,1.9374135,135.67073,60.365852
30.583216,1.7376195,129.57317,73.47561
33.072548,1.9444559,127.54066,67.37805
29.871977,1.7376195,96.544716,64.02439
25.426743,2.2907531,83.333336,58.23171
27.560455,1.7376195,82.31707,53.353657
29.292974,1.7376195,74.69512,51.52439
26.671408,2.1313772,76.21951,41.53411
32.716927,1.7376195,73.67886,32.012196
34.85064,1.4887962,73.17073,31.09756
37.339973,1.7376195,82.8252,40.243904
35.73969,1.7376195,83.84146,43.90244
35.384068,1.7376195,92.98781,43.471916
30.77329,1.9064001,113.82114,41.76829
31.710836,1.7376195,125.0,42.987804
33.072548,1.7376195,113.31301,34.451218
32.716927,1.8022505,98.06911,46.060593
30.049788,1.9645381,121.44309,52.684746
31.23559,1.7376195,114.32927,43.90244
32.005688,1.7376195,99.085365,43.59756
34.139404,1.7240219,113.82114,49.96668
39.295876,1.7376195,139.22765,55.248238
40.54054,1.7376195,128.04878,46.036587
36.628735,1.7376195,153.96341,59.4954
32.005688,1.7376195,147.86586,58.487377
30.761023,1.7376195,141.26016,57.290745
33.605976,1.7376195,144.9812,66.46342
29.338549,1.7376195,111.28049,59.146343
24.359886,1.7376195,100.60976,62.80488
26.493599,1.7376195,95.020325,62.19512
30.274933,1.7376195,94.00407,44.421898
26.31579,1.7376195,86.89024,65.85366
32.36131,1.7376195,72.662605,60.97561
34.31721,1.7376195,135.1924,56.09756
34.672832,1.7376195,84.85773,57.621952
34.495018,1.7376195,85.36585,49.390244
35.20626,1.7376195,89.43089,42.7324
33.428165,1.7376195,114.32927,49.046288
32.716927,1.7376195,123.47561,50.30488
33.072548,1.7376195,116.361786,50.609756
31.827883,1.7835531,117.37805,40.548782
30.405403,2.1720243,104.166664,38.719513
30.938831,1.7376195,100.10162,41.76829
33.605976,1.7376195,118.729645,45.73171
33.78378,1.7376195,104.6748,46.85992
35.73969,1.7376195,134.65446,42.07317
36.806545,2.1720243,119.9187,49.085365
32.566116,1.7376195,150.91463,57.317074
31.65007,1.7376195,140.75203,59.146343
30.938831,1.9538648,148.88211,60.228523
32.716927,1.7376195,135.1626,63.414635
30.761023,1.7376195,115.85366,56.40244
30.436642,1.7376195,104.166664,53.963413
27.204836,1.7376195,95.52846,50.609756
27.027027,2.0945292,95.52846,45.79191
26.31579,1.9313575,107.39771,46.195328
31.65007,1.7376195,100.26359,34.756096
31.116644,1.7376195,71.138214,29.573172
32.716927,1.7376195,90.955284,42.07317
34.31721,1.6626624,88.92277,45.42683
35.917496,1.7376195,103.65854,43.59756
34.85064,1.7376195,133.63821,54.264725
35.384068,1.7376195,144.81708,41.76829
33.25035,1.6312895,103.65854,35.060974
33.25035,1.7376195,100.60976,41.463413
31.116644,1.7376195,125.0,42.682926
32.36131,1.7376195,109.756096,44.512196
32.716927,1.7376195,104.166664,46.45308
33.25035,1.7376195,111.28049,40.243904
35.56188,1.7376195,116.361786,49.638775
32.095196,1.7376195,136.17886,56.046383
35.02845,1.6988701,143.29268,47.256096
32.36131,1.7376195,131.04562,56.707317
30.938831,1.7376195,132.41373,61.280487
34.139404,1.7376195,116.361786,49.588467
32.005688,1.7376195,129.21632,55.487804
27.204836,2.0851939,103.150406,47.76932
28.093884,1.7376195,98.06911,33.536587
27.204836,1.7376195,90.44715,32.317074
27.027027,1.7376195,90.44715,34.146343
31.65007,1.7376195,70.12195,29.878048
31.827883,1.7945479,61.483738,36.905487
33.072548,1.7376195,82.31707,30.792683
35.56188,1.7376195,90.44715,37.5
39.295876,1.954822,102.13415,46.03708
40.00711,1.7376195,113.31301,41.76829
39.651493,1.4116896,129.57317,43.90244
35.917496,1.7376195,108.231705,47.22323
33.78378,1.7376195,97.05285,36.890244
32.005688,1.7376195,99.5935,38.719513
30.583216,1.7376195,109.756096,34.451218
31.000652,1.7376195,111.28049,49.01763
37.69559,1.7376195,106.19919,46.269825
41.073967,1.7376195,132.27534,43.292683
40.18492,1.7376195,135.1626,36.585365
35.20626,1.7376195,127.32664,47.865852
32.250103,1.7376195,137.70325,48.17073
30.583216,1.7376195,115.78048,48.780487
33.428165,1.954822,118.39431,44.207317
30.227596,1.8462088,100.60976,41.15854
24.715506,1.8004912,89.79418,36.585365
26.849218,1.7376195,105.87698,44.468018
26.493599,1.7376195,79.77642,36.890244
26.31579,1.7376195,76.21951,37.19512
32.716927,1.7376195,70.12195,30.792683
34.495018,1.7376195,98.81069,27.743902
35.384068,1.7376195,79.77642,46.951214
34.139404,1.7376195,80.28455,40.615284
35.384068,1.7376195,108.231705,35.060974
31.339783,1.7376195,108.73984,33.536587
33.78378,2.3892267,124.49187,55.300953
33.78378,2.3892267,128.92722,58.826717
32.53912,1.7376195,105.05308,36.585365
30.938831,1.7376195,106.91715,40.243904
29.338549,1.7376195,119.9187,42.987804
31.116644,1.7376195,99.5935,45.723522
34.31721,1.7376195,114.837395,51.82927
39.295876,1.7376195,123.47561,56.09756
41.785206,1.7376195,146.1507,58.536587
33.051468,1.7376195,159.55284,50.0
32.36131,1.9071782,146.8496,53.963413
30.761023,1.7376195,116.361786,65.85366
31.175472,1.7376195,116.361786,58.23171
29.338549,1.7376195,111.28049,56.40244
24.537695,2.1350193,98.57723,35.97561
29.017187,1.6025602,97.63304,33.841465
26.493599,1.7376195,89.939026,34.756096
26.13798,1.7376195,87.60036,35.060974
28.027737,1.9802078,71.138214,40.14938
34.139404,1.7376195,98.8675,28.963415
36.450924,1.501352,82.8252,43.292683
33.78378,1.7376195,96.544716,33.23171
31.646463,1.7376195,115.34553,39.939026
33.605976,1.7376195,129.06505,44.512196
33.961594,1.7376195,132.11382,48.47561
32.716927,1.7376195,114.837395,49.759594
31.827883,1.7376195,100.10162,48.17073
28.982931,1.7376195,104.6748,50.30488
28.271692,2.0897892,103.150406,53.963413
30.497938,1.7376195,101.11789,54.57317
30.82943,1.7376195,108.73984,54.57317
37.873398,1.7376195,109.24797,72.86585
41.073967,2.3892267,146.34146,58.536587
36.273117,1.7376195,148.88211,54.57317
32.1835,1.7376195,142.27643,64.63415
30.761023,1.7376195,141.26016,90.54878
33.25035,1.7376195,128.04878,75.0
29.694168,1.8626264,115.40083,49.340107
29.519855,1.973028,93.49593,51.219513
26.493599,1.7376195,92.98781,44.82876
26.493599,1.7376195,87.9065,38.414635
26.13798,1.7376195,82.8252,37.5
31.827883,1.7376195,75.203255,35.060974
33.25035,1.7376195,106.16201,36.585365
35.56188,1.7376195,89.43089,42.987804
30.193464,1.7376195,90.44715,43.90244
29.684402,1.9296271,93.49593,46.646343
34.31721,1.7376195,114.32927,34.451218
33.78378,1.7376195,105.691055,33.23171
33.25035,1.6396972,105.18293,34.451218
30.403925,1.7376195,94.00407,40.243904
31.65007,1.8074313,122.35542,49.390244
31.116644,1.8733695,99.085365,49.085365
30.285744,1.7376195,94.51219,52.134148
34.31721,1.7376195,108.73984,55.487804
40.89616,1.7376195,115.85366,67.37805
40.89616,1.7376195,144.81708,64.32927
37.51778,1.7376195,133.82684,54.500305
33.072548,1.954822,160.06097,74.69512
31.187872,1.7376195,136.17886,84.756096
33.78378,1.7376195,127.54066,52.866722
30.049788,2.1094942,123.47561,63.719513
31.047195,1.7376195,110.26423,48.99445
27.027027,2.0731385,99.5935,48.17073
26.31579,1.7376195,89.939026,43.755707
26.31579,1.7376195,94.14128,40.243904
32.005688,1.7376195,77.743904,34.451218
34.495018,1.7376195,82.8252,41.107967
36.095306,1.7376195,95.52846,43.76014
29.98793,1.877947,95.020325,41.76829
34.31721,1.7376195,100.10162,39.02439
33.072548,1.7376195,115.099014,42.987804
33.25035,1.7376195,109.756096,50.0
32.53912,1.7376195,122.967476,51.581856
30.735706,1.7376195,108.73984,53.353657
30.049788,1.7376195,111.28049,53.048782
30.049788,1.7376195,95.52846,53.353657
33.428165,1.7376195,102.64227,52.743904
35.384068,1.7376195,126.01626,52.0912
29.876862,1.954822,132.11382,65.243904
30.498018,1.954822,145.32521,66.15854
38.05121,1.7376195,155.48781,65.243904
32.53912,1.7376195,138.914,63.109756
31.116644,1.7376195,137.70325,75.30488
33.961594,1.7376195,118.39431,63.109756
29.338549,1.7376195,105.18293,56.40244
30.182846,1.7376195,97.560974,55.792683
27.204836,1.7376195,91.97154,44.314793
26.671408,2.1386328,85.873985,43.923744
26.671408,1.7376195,80.79269,42.378048
32.716927,1.7376195,77.743904,38.719513
33.428165,1.7376195,77.743904,36.280487
38.22902,1.7376195,92.98781,44.207317
38.05121,1.7376195,91.46342,42.953186
37.51778,1.7376195,133.89172,54.598316
36.273117,1.7376195,104.6748,46.17612
33.25035,1.7376195,111.78862,33.841465
33.428165,1.5970997,98.57723,32.621952
32.53912,1.7376195,99.5935,34.756096
31.827883,1.7376195,116.63953,46.341465
32.36131,1.7376195,111.28049,53.963413
31.545717,1.7376195,122.45935,52.364006
30.557203,2.0046437,117.88618,50.914635
41.073967,1.7376195,129.57317,52.204906
41.073967,1.5402553,150.26115,63.109756
37.873398,1.6774852,148.88211,63.109756
33.072548,1.7376195,147.86586,63.414635
31.459335,1.7376195,129.57317,57.621952
31.535667,1.7376195,120.42683,52.43903
29.345194,1.7376195,102.28766,39.939026
31.05512,1.7376195,101.11789,34.146343
27.560455,2.0703478,96.03658,45.9976
27.204836,2.0720396,87.9065,43.81991
27.204836,1.7376195,81.808945,32.317074
31.29445,1.4897214,92.881744,27.439024
30.357742,1.7376195,75.203255,24.390244
35.73969,2.1720243,96.544716,38.414635
36.095306,1.6065521,104.166664,46.890865
30.113762,1.954822,113.82114,36.280487
28.966305,1.7376195,92.51701,32.621952
36.628735,1.7376195,116.361786,29.878048
34.31721,1.7376195,119.9187,26.219515
33.25035,1.7376195,119.9187,30.792683
33.78378,1.7376195,113.82114,31.707317
33.072548,1.7376195,105.18293,46.76752
32.53912,1.6779643,101.626015,35.060974
36.628735,1.7376195,109.24797,37.5
30.713848,1.954822,130.0813,43.59756
39.118065,2.606429,137.19301,53.048782
34.139404,2.606429,144.81708,64.02439
32.1835,2.1720243,136.687,57.92683
32.005688,1.954822,130.60654,55.487804
33.605976,1.7572534,119.41057,51.601303
29.694168,1.7376195,120.42683,43.292683
30.503782,1.7376195,102.64227,47.01074
25.426743,1.7376195,95.52846,37.5
25.248934,2.1926427,90.44715,44.660866
25.604551,1.7376195,78.76016,37.80488
30.405403,1.7376195,94.53958,32.621952
30.761023,1.7376195,70.63008,29.268293
32.1835,1.792868,83.333336,42.253487
36.450924,1.3220617,102.8545,24.695122
31.092014,1.7376195,97.560974,28.353659
37.873398,1.7376195,112.296745,32.012196
33.162785,1.7376195,146.34146,30.792683
33.605976,1.5500498,111.78862,26.829268
31.060987,1.7376195,96.544716,23.475607
30.227596,1.7155962,96.03658,27.134146
29.871977,1.7376195,95.020325,33.23171
33.072548,1.7376195,89.939026,37.19512
35.384068,1.676498,110.26423,48.97045
41.251778,1.7376195,116.86992,45.42683
41.785206,1.3916583,140.27286,50.609756
38.05121,1.954822,156.50406,64.939026
32.716927,1.7376195,126.01626,66.46342
33.25035,1.7376195,115.85366,71.03659
30.77199,1.7376195,121.95122,73.17073
28.80512,1.7376195,114.837395,44.207317
31.400942,1.7376195,110.26423,40.853657
24.893314,1.7376195,102.64227,39.634148
26.31579,1.7376195,94.41145,40.548782
26.849218,1.7376195,90.44715,41.76829
31.65007,1.7376195,80.79269,36.585365
35.02845,1.7376195,84.349594,30.487804
39.295876,1.7376195,81.30081,40.240894
35.56188,1.5315806,91.97154,39.32927
34.672832,1.6781181,91.46342,43.8667
32.894737,1.7376195,106.19919,48.47561
30.618431,2.1091678,130.0813,57.621952
33.072548,1.7376195,116.86992,50.252026
32.1835,1.7705593,121.12993,47.560974
31.827883,1.7376195,97.05285,52.43903
32.005688,1.7376195,125.917725,53.658535
32.53912,1.9951658,108.231705,71.95122
33.961594,1.7376195,131.6057,79.57317
39.295876,1.7376195,136.17886,64.63415
30.077145,1.954822,142.27643,68.597565
39.118065,1.7975659,163.12134,80.18293
33.25035,2.1720243,138.71951,77.13415
32.1835,1.7376195,144.81708,72.256096
33.78378,1.7376195,134.14635,70.12195
30.160358,1.7376195,132.76218,64.63415
24.537695,1.7376195,99.085365,46.58672
26.31579,1.7376195,109.79243,52.743904
26.671408,1.7376195,106.33842,49.390244
29.725946,1.7376195,83.84146,42.17301
29.733849,1.7376195,79.268295,46.951214
34.85064,1.7376195,85.36585,41.552288
40.18492,1.7376195,92.98781,42.577065
38.22902,1.7376195,101.11789,44.207317
35.56188,1.6122521,104.6748,46.951214
31.769754,1.7376195,124.49187,50.0
32.1835,1.7376195,118.50209,48.808792
32.1835,1.7376195,103.150406,46.596565
32.36131,1.7376195,84.349594,46.341465
30.405403,1.7376195,97.560974,46.036587
30.405403,1.954822,102.13415,58.23171
30.938831,1.7376195,102.13415,71.03659
35.73969,1.7376195,147.22629,66.15854
41.251778,1.954822,149.48448,62.80488
32.46646,1.7376195,151.9309,66.768295
36.628735,2.1720243,163.10976,72.256096
32.53912,2.1720243,145.42398,70.12195
29.877787,2.1186614,136.52272,64.939026
32.53912,1.9412204,134.14635,60.97561
28.449503,1.7376195,105.691055,56.09756
23.826458,2.2805116,104.166664,47.865852
25.071123,1.7376195,92.98781,46.646343
30.265692,1.7376195,88.92277,38.719513
25.782362,1.7376195,82.8252,42.400642
31.116644,1.585984,100.80979,34.146343
35.02845,1.7376195,85.873985,41.839993
40.362732,1.7376195,100.60976,45.73171
30.49425,1.7376195,94.00407,41.15854
35.02845,1.7376195,97.05285,49.695118
30.530937,1.7376195,107.72358,54.57317
31.827883,1.7376195,126.52439,53.353657
32.1835,1.7376195,96.03658,52.134148
31.29445,1.8489139,105.18293,47.865852
30.227596,1.7376195,97.05285,58.23171
29.753172,1.7376195,95.52846,61.585365
32.894737,1.7376195,127.93831,53.963413
26.364286,2.3892267,110.26423,56.09756
40.89616,1.7376195,136.687,54.878048
41.42959,1.7376195,136.17886,59.146343
35.384068,1.954822,154.97968,71.64634
31.827883,1.7376195,144.30894,62.80488
29.735987,1.954822,125.0,59.756096
32.005688,1.9006846,106.19919,57.92683
28.80512,1.9437642,94.51219,45.42683
24.004267,2.16862,92.479675,36.890244
30.394403,1.7376195,85.36585,35.365852
24.893314,1.7376195,78.25203,35.060974
25.604551,1.7376195,67.07317,36.280487
29.425478,1.7376195,66.05691,32.317074
28.996927,1.7703085,70.63008,30.487804
38.05121,1.7376195,74.69512,28.04878
34.495018,1.7376195,104.168564,32.012196
29.801626,1.7376195,90.955284,44.18403
33.78378,1.7376195,94.51219,44.173622
33.072548,1.954822,122.45935,47.560974
31.116644,1.8566475,98.57723,49.390244
29.694168,1.8895267,99.5935,45.121952
29.16074,1.7376195,97.560974,45.73171
29.694168,1.7376195,98.57723,43.59756
32.1835,1.7376195,88.414635,42.72441
34.31721,1.7376195,107.72358,47.155525
35.56188,1.7376195,146.73888,65.85366
38.05121,2.3892267,136.17886,65.243904
34.672832,2.1720243,156.50406,57.92683
30.938831,1.954822,136.687,53.963413
30.049788,1.7376195,120.93496,60.060974
32.894737,1.848013,119.41057,57.92683
28.627312,1.7376195,101.626015,52.134148
23.64865,1.7376195,96.544716,47.560974
24.359886,1.7376195,95.020325,47.865852
29.789421,1.7376195,82.31707,42.682926
26.13798,1.7376195,80.28455,37.19512
32.53912,1.7376195,77.23577,32.621952
35.20626,1.7376195,76.727646,31.09756
37.51778,1.7376195,79.268295,39.603737
34.31721,1.7376195,78.25203,40.243904
34.139404,1.7376195,73.67886,51.82927
32.53912,1.7376195,101.11789,53.963413
31.65007,1.7376195,111.78862,49.022736
32.53912,1.7376195,102.267456,34.756096
30.182823,1.7376195,84.85773,42.682926
32.1835,1.7376195,97.05285,51.52439
30.736809,1.7376195,103.150406,47.009926
30.009819,1.97864,105.691055,48.40015
34.495018,1.954822,104.166664,53.658535
27.496737,2.1720243,110.26423,58.536587
38.584637,1.7376195,132.62195,54.878048
35.384068,1.954822,150.40651,53.048782
32.12491,1.9957432,144.81708,49.390244
31.29445,2.1720243,135.67073,57.94012
30.211071,1.954822,128.55692,54.787014
29.338549,1.8651856,114.99563,49.125816
24.893314,1.7376195,89.43089,43.738373
25.96017,1.7376195,91.46342,37.19512
26.31579,2.007949,87.39838,36.585365
25.96017,1.7376195,76.21951,40.386177
28.958849,1.7376195,88.89693,28.963415
31.827883,2.1720243,71.64634,25.609756
34.495018,1.7376195,88.92277,32.92683
38.22902,1.4349501,102.13415,43.59756
37.339973,2.1720243,99.085365,42.378048
36.984352,1.7376195,126.52439,51.82927
36.095306,1.5717794,122.45935,44.817074
35.02845,1.7376195,105.18293,37.19512
34.85064,1.7376195,107.21545,46.947994
32.36131,1.7376195,89.43089,38.109756
31.29445,1.7376195,104.655266,37.80488
32.53912,1.7376195,106.79534,37.19512
30.44878,1.7376195,101.626015,46.5296
36.095306,1.7376195,117.88618,49.9892
37.51778,2.3892267,130.164,46.341465
33.78378,2.3892267,143.29268,49.085365
29.383097,1.7376195,107.60727,45.121952
31.29445,1.7376195,130.58943,48.47561
33.605976,1.7376195,123.47561,41.76829
28.627312,1.7376195,107.72358,48.348976
24.004267,1.8073405,87.11568,35.97561
30.015356,1.7376195,91.97154,44.425816
30.40198,1.7376195,86.89024,32.012196
30.072927,1.7376195,74.18699,32.317074
30.227596,1.7376195,71.138214,31.40244
29.694168,1.7376195,61.99187,26.829268
32.36131,1.7376195,79.268295,27.439024
33.428165,1.5706886,112.16012,38.414635
37.69559,2.1720243,101.626015,39.634148
29.35765,1.7376195,104.98265,42.07317
36.095306,1.7376195,143.29268,56.64866
34.85064,1.7376195,104.7397,32.012196
32.1835,1.7376195,83.84146,41.445164
31.472263,1.7376195,96.03658,25.304878
31.827883,1.7376195,80.28455,27.439024
32.53912,1.954822,79.77642,24.085365
33.605976,1.7376195,77.743904,27.439024
36.984352,1.7376195,91.97154,32.621952
38.22902,1.4594017,133.63821,39.634148
34.139404,1.7376195,149.39024,42.682926
31.827883,1.7376195,134.65446,54.996925
31.827883,1.7376195,120.42683,50.84945
31.587,1.7376195,126.52439,53.23427
28.093884,1.7376195,100.60976,33.536587
24.182077,1.7376195,91.46342,33.841465
24.537695,1.7376195,86.89024,40.548782
30.30338,1.7376195,85.36585,39.634148
25.96017,1.7376195,77.743904,40.700974
31.65007,1.7376195,71.64634,38.795742
30.149042,1.7376195,81.808945,37.19512
38.05121,1.7376195,110.67565,29.573172
28.749279,1.7376195,84.29202,25.914635
33.428165,1.7376195,88.92277,42.853054
32.53912,1.5101738,100.47808,31.40244
33.78378,1.7376195,118.39431,39.32927
32.36131,2.1720243,100.10162,29.878048
29.408434,1.7894331,78.25203,33.23171
30.049788,1.7376195,80.79269,41.463413
29.694168,1.7376195,86.38211,46.951214
31.65007,1.7376195,116.05007,47.256096
34.139404,1.7376195,103.150406,54.878048
35.917496,1.7376195,110.772354,67.68293
37.873398,1.7376195,148.83983,65.243904
32.159416,1.7376195,141.7683,57.37407
31.472263,1.7376195,130.30673,57.92683
31.79346,1.7376195,131.6057,59.756096
32.53912,1.8478367,126.52439,54.878048
29.767305,1.9573673,99.5935,47.560974
30.182629,1.7376195,90.44715,41.76829
24.537695,2.0584233,83.84146,32.92683
25.604551,1.7376195,80.28455,41.660557
26.13798,1.7376195,77.23577,32.317074
32.894737,1.7376195,70.12195,32.92683
37.873398,1.7376195,135.36015,55.170074
39.829304,1.520417,87.39838,41.15854
34.31721,1.7376195,84.349594,41.463413
32.716927,1.7376195,84.85773,45.121952
32.1835,1.7665313,108.73984,44.512196
30.781864,1.7376195,102.13415,44.817074
32.36131,1.7376195,96.03658,44.4627
31.29445,1.7376195,86.38211,39.634148
28.982931,1.7376195,82.8252,52.134148
28.80512,2.0209997,87.39838,51.52439
31.65007,1.8419304,90.44715,51.82927
29.968172,1.7376195,103.150406,68.29269
37.339973,1.954822,154.10951,74.085365
38.406826,2.3892267,159.04471,75.60976
30.187435,1.7376195,139.21124,69.51219
31.116644,1.954822,139.22765,64.939026
30.227596,2.606429,129.57317,63.109756
31.221548,1.7376195,121.95122,55.182926
27.738264,1.7376195,103.150406,54.57317
23.826458,2.3015275,91.46342,51.82927
24.715506,1.7376195,92.479675,49.390244
25.782362,1.7376195,88.414635,43.652676
29.795242,1.7376195,88.92277,43.504303
31.472263,1.7376195,75.71138,39.759003
36.450924,1.7376195,76.21951,38.109756
38.22902,1.7376195,84.349594,40.243904
33.961594,1.7376195,82.31707,40.92114
33.78378,1.7376195,75.203255,39.346096
30.22282,1.7376195,88.92277,41.76829
32.53912,1.7376195,112.60801,42.378048
29.433567,1.7376195,113.601364,47.338783
33.072548,1.7376195,77.23577,39.64497
31.29445,1.7376195,91.46342,36.280487
31.29445,1.7376195,124.73999,54.26829
29.876677,1.7376195,125.40153,58.23171
36.095306,1.6347697,103.150406,54.57317
40.00711,2.1720243,128.55692,54.878048
32.949924,1.7376195,168.19106,71.03659
35.20626,1.7376195,146.52777,66.46342
31.65007,1.7376195,147.86586,55.182926
32.1835,1.7376195,139.22765,55.487804
32.716927,1.7376195,129.06505,52.43903
28.271692,1.7376195,107.21545,43.90244
24.004267,2.2290137,98.57723,45.121952
24.715506,1.7376195,95.52846,44.207317
30.329084,1.7376195,91.46342,44.207317
25.604551,1.520417,81.30081,44.512196
29.712158,1.8239396,86.38211,36.280487
39.473682,1.7376195,87.39838,33.23171
30.244308,1.7376195,100.10162,46.262398
29.700727,1.9138383,96.03658,42.682926
34.85064,2.3892267,85.873985,46.951214
29.918198,1.972895,104.6748,47.865852
32.716927,1.7376195,121.95122,51.606625
31.827883,1.7376195,104.6748,27.134146
31.827883,1.7376195,95.52846,34.451218
32.716927,1.7376195,121.54325,50.166313
28.683043,1.8753941,114.124176,48.80003
35.384068,1.7376195,99.085365,44.98667
30.274818,1.7376195,136.3505,67.37805
41.607395,1.954822,117.37805,66.768295
41.42959,1.7376195,141.26016,55.471085
37.69559,2.1720243,161.07724,64.03127
33.605976,2.1720243,133.13008,56.707317
33.78378,1.7376195,126.226166,50.0
31.181738,1.7376195,113.82114,52.134148
29.694168,1.7376195,107.58488,43.292683
30.651882,1.7376195,90.44715,33.841465
26.13798,1.7376195,84.349594,34.146343
26.13798,1.7376195,87.39838,33.23171
27.560455,1.7376195,110.10982,46.223602
33.961594,1.5764749,81.808945,37.19512
30.146198,1.7376195,78.76016,33.536587
29.581985,1.7376195,102.941414,40.548782
30.17527,1.7376195,97.560974,45.515236
37.339973,1.7376195,133.59227,54.521828
33.072548,1.7376195,108.231705,47.560974
32.894737,1.807246,115.85366,51.82927
31.116644,1.8256214,101.11789,44.207317
31.65007,1.7376195,87.9065,44.207317
31.65007,1.7376195,104.166664,57.621952
32.36131,1.7376195,103.65854,54.26829
33.78378,1.8509755,99.085365,63.414635
29.267843,1.7376195,112.363785,46.728203
40.71835,1.7376195,145.57794,58.536587
40.18492,1.7376195,155.48781,59.56383
35.917496,1.7376195,154.97968,64.63415
32.1835,1.7376195,147.35773,50.30488
31.454443,1.7376195,119.41057,47.865852
33.961594,1.7376195,109.24797,46.036587
30.761023,1.7376195,106.19919,38.719513
25.426743,2.0481596,100.10162,35.67073
25.96017,1.7376195,90.955284,34.451218
25.426743,2.0216794,83.84146,34.756096
26.493599,1.7376195,76.21951,38.109756
32.716927,1.954822,73.17073,39.32927
32.716927,1.954822,73.17073,28.963415
35.56188,1.7376195,88.414635,35.060974
39.473682,1.954822,126.746,38.414635
38.406826,1.954822,99.5935,30.182926
37.162163,1.7376195,103.65854,37.80488
36.984352,1.7376195,118.39431,39.939026
36.095306,1.7376195,102.64227,45.616917
35.02845,1.5237323,100.10162,32.317074
33.25035,1.7376195,108.13025,38.109756
33.428165,1.6410563,108.231705,38.109756
35.384068,1.5690675,102.64227,42.07317
35.917496,1.644761,129.46832,46.341465
38.406826,1.7376195,140.98564,55.487804
32.471397,1.7376195,148.37398,56.09756
35.56188,1.7376195,146.8496,60.97561
32.1835,1.7376195,131.6057,65.243904
33.605976,1.7376195,127.54066,52.583332
35.384068,1.6493762,114.32927,51.219513
32.005688,1.7376195,102.64227,46.527035
26.13798,2.0729687,102.13415,38.719513
26.13798,1.7376195,94.51219,36.890244
30.254072,1.7376195,83.84146,37.5
26.849218,1.7376195,87.9065,39.32927
29.420156,1.8241367,79.268295,37.80488
31.827883,1.7376195,69.10569,38.096813
30.108355,1.7376195,83.333336,34.146343
35.73969,1.7376195,130.36594,53.39239
36.984352,1.4647048,113.31301,37.5
30.389992,1.954822,121.95122,39.939026
40.89616,1.7376195,128.04878,38.719513
36.806545,1.7376195,121.95122,50.735004
35.02845,2.1720243,129.57738,56.932472
33.072548,1.7376195,98.57723,32.317074
32.1835,1.7376195,87.39838,31.40244
34.672832,1.7376195,101.65679,28.963415
35.20626,1.7376195,83.333336,33.841465
40.54054,1.7376195,104.6748,40.243904
40.54054,1.7376195,140.2439,55.792683
31.4664,1.7376195,136.687,69.20731
32.36131,1.8669534,134.65446,56.189957
32.36131,1.7376195,121.95122,51.494144
33.961594,1.7376195,120.887085,45.42683
29.694168,1.7376195,104.44421,40.853657
24.537695,2.1180005,89.939026,35.365852
25.426743,1.7376195,90.44715,35.67073
25.96017,1.7376195,83.84146,39.634148
26.671408,1.7376195,79.77642,41.15854
28.821142,1.658666,100.57626,36.890244
42.140823,1.7376195,78.76016,33.841465
37.51778,1.7376195,96.03658,33.23171
34.672832,1.4490885,84.85773,25.914635
33.25035,1.7376195,97.391335,28.04878
30.608826,1.7376195,83.84146,29.268293
31.827883,1.7376195,94.51219,44.396816
32.36131,1.7376195,84.85773,32.012196
30.096998,1.7376195,80.79269,38.414635
32.36131,1.7332228,79.268295,46.036587
28.86223,1.954822,93.49593,46.036587
33.605976,1.7080228,98.06911,46.036587
33.78378,1.7376195,99.085365,55.792683
35.02845,1.7376195,134.14635,61.890244
29.95012,1.7376195,134.42688,66.46342
35.384068,1.7376195,127.012276,51.862732
31.472263,1.7376195,142.78455,67.37805
31.472263,1.7376195,132.99362,60.060974
33.072548,1.7376195,100.60976,52.43903
28.80512,1.7376195,101.626015,48.47561
24.004267,1.7376195,99.7981,42.51054
24.359886,1.7376195,86.90281,38.109756
24.182077,2.2465467,79.268295,42.150223
29.875027,1.7376195,84.349594,42.151978
33.25035,1.7376195,79.268295,33.536587
40.362732,1.2479167,81.808945,30.182926
35.917496,1.4250509,80.28455,29.268293
33.428165,1.520417,77.23577,38.86265
32.53912,1.5751208,74.18699,29.268293
33.428165,1.7376195,70.12195,35.97561
30.938831,1.7376195,94.00407,32.621952
31.472263,1.7376195,87.9065,25.609756
32.894737,1.7376195,99.5935,39.634148
30.656582,1.7376195,92.479675,37.5
33.072548,1.7376195,111.745514,40.548782
32.36131,1.6018846,107.41674,37.19512
34.672832,1.7376195,110.772354,48.17073
30.225508,1.954822,131.6057,59.146343
38.584637,2.1720243,150.40651,56.40244
27.41648,2.3892267,139.73578,60.7708
31.827883,1.954822,139.73578,57.317074
30.761023,1.7376195,123.98374,57.621952
33.25035,1.7376195,107.72358,51.82927
29.694168,1.7376195,98.57723,45.70919
30.36447,1.7376195,92.98781,46.036587
29.95772,1.7376195,90.44715,43.54857
25.604551,1.7376195,84.349594,42.07317
26.493599,1.7376195,85.36585,34.756096
30.518044,1.7376195,82.31707,31.09756
41.251778,1.7376195,122.4148,32.621952
38.05121,1.7376195,98.57723,31.40244
35.384068,1.954822,86.89024,29.878048
28.611427,1.6577898,98.714836,35.060974
32.005688,1.7376195,85.873985,42.00332
32.53912,1.7376195,102.13415,39.32927
31.066887,1.7376195,95.020325,31.707317
34.495018,1.7376195,97.560974,33.841465
30.126205,1.7376195,86.89024,39.634148
32.005688,1.7376195,116.069885,46.646343
32.894737,1.7376195,124.38199,51.52439
36.273117,1.7376195,92.98781,51.219513
38.584637,1.5777658,130.0813,57.012196
38.406826,1.7376195,157.01219,59.146343
35.384068,1.7709199,140.2439,61.890244
31.904533,1.7376195,135.67073,56.14401
33.25035,1.7376195,123.47561,51.68389
33.605976,1.7406366,105.18293,51.219513
29.924795,1.9283165,98.57723,45.73171
24.715506,1.7376195,84.85773,42.378048
30.488028,1.7376195,88.92277,36.890244
25.248934,1.7376195,85.36585,34.451218
26.13798,1.7376195,88.72752,35.97561
33.605976,1.7376195,83.333336,34.451218
41.607395,1.7376195,78.25203,38.817978
37.69559,1.7376195,87.9065,32.317074
35.20626,1.3032146,91.97154,35.365852
33.605976,1.7376195,79.77642,40.322155
32.005688,1.7376195,85.873985,35.97561
31.65007,1.7376195,120.27946,49.795853
31.827883,1.7376195,88.92277,34.451218
33.428165,1.7376195,76.727646,36.890244
30.761023,1.7376195,89.939026,41.15854
32.36131,1.79102,123.47357,52.336945
30.464075,1.7376195,92.479675,42.987804
35.917496,1.7376195,109.24797,47.705647
42.140823,1.7376195,135.93878,45.121952
39.651493,1.7376195,165.14227,62.652332
35.56188,1.7376195,132.12428,51.52439
33.072548,1.7376195,145.83333,54.57317
31.237064,1.7376195,122.45935,57.621952
33.428165,1.7376195,110.772354,48.780487
29.338549,1.7376195,108.73984,48.133354
28.977966,1.7376195,95.718315,35.97561
30.718794,1.7376195,89.939026,31.40244
25.248934,1.7376195,81.808945,31.09756
26.493599,1.9679621,77.743904,35.97561
33.78378,1.7376195,86.38211,31.40244
42.140823,1.7376195,78.25203,31.40244
30.232204,1.780616,90.955284,32.621952
30.36006,1.7376195,83.84146,36.585365
34.85064,1.5041496,112.2443,36.280487
32.36131,1.6646234,84.349594,35.060974
32.005688,1.6447163,90.44715,31.09756
31.827883,1.7376195,101.11789,46.074726
30.358358,1.7376195,102.64227,46.919224
32.53912,1.7376195,95.52846,37.80488
34.139404,1.7376195,102.13415,44.512196
33.25035,1.7376195,100.60976,49.390244
30.13948,2.0653656,115.85366,55.792683
28.559732,1.954822,119.41231,53.048782
36.806545,2.3892267,148.88211,57.92683
35.20626,2.3892267,155.99594,64.194374
32.899513,1.7376195,153.96341,54.57317
32.894737,1.8384125,138.71951,57.075306
33.605976,1.7351034,126.67084,48.47561
31.586529,1.7376195,115.85366,43.90244
24.715506,1.7376195,99.085365,37.19512
25.248934,1.7376195,90.44715,44.211983
25.96017,1.7376195,87.30915,35.365852
26.493599,1.7376195,92.64524,37.80488
32.005688,1.7376195,77.23577,33.536587
29.01219,1.5490632,93.49491,30.792683
35.73969,1.4642847,76.21951,32.317074
40.54054,1.7376195,86.89024,41.307453
40.362732,1.4114361,114.837395,49.0002
37.69559,1.7376195,127.032524,32.92683
36.273117,1.7376195,117.37805,38.414635
34.85064,1.7376195,100.10162,29.878048
34.31721,1.7376195,103.150406,33.841465
32.36131,1.5670519,105.7284,35.060974
31.827883,1.7376195,114.32927,35.97561
33.428165,1.7376195,104.99244,34.146343
37.51778,1.4980603,113.31301,44.512196
29.849354,1.954822,119.9187,50.30488
40.00711,1.7376195,146.54611,59.756096
29.769487,1.7376195,121.40603,56.09756
33.072548,1.806665,128.32076,50.609756
32.005688,1.7376195,120.42683,51.82927
35.02845,1.7376195,117.37805,49.81873
31.65007,1.7883694,111.28049,42.378048
26.13798,1.7376195,98.57723,45.999546
25.96017,1.7376195,100.10162,33.23171
26.13798,1.7376195,84.349594,35.060974
27.738264,1.7376195,96.46094,38.719513
33.78378,1.5638652,74.18699,33.536587
33.072548,1.7376195,71.138214,27.134146
33.78378,1.5398363,83.333336,28.04878
30.898962,1.7376195,95.020325,31.09756
41.607395,1.7376195,105.18293,45.829212
38.762447,1.407405,131.09756,37.19512
35.917496,1.7376195,141.26016,35.97561
34.495018,1.7376195,106.19919,32.621952
32.894737,1.6208893,97.560974,34.146343
33.605976,1.7376195,124.53166,51.288795
32.36131,1.8081563,102.13415,46.806374
29.153242,1.7376195,88.305664,28.04878
36.984352,1.7376195,89.43089,33.23171
42.496445,1.7376195,99.5935,39.939026
41.251778,1.954822,155.99594,55.182926
37.339973,1.7376195,151.42276,52.743904
33.25035,1.7376195,141.7683,56.7465
32.53912,1.7376195,126.01626,49.695118
32.53912,1.7376195,121.44309,45.121952
29.16074,1.7376195,95.12379,34.146343
23.64865,1.7376195,89.43089,32.92683
24.004267,1.7376195,88.414635,32.92683
29.54222,1.7376195,79.268295,41.197384
25.604551,1.7376195,79.268295,41.56864
33.072548,1.7376195,98.262856,29.573172
40.71835,1.7376195,121.899956,34.146343
36.806545,1.7376195,112.63959,33.536587
35.02845,1.7376195,86.38211,25.914635
34.672832,1.7376195,91.97154,27.134146
34.139404,1.7376195,89.43089,30.792683
31.472263,1.7376195,120.42683,36.280487
31.247194,1.7376195,100.10162,25.304878
32.53912,1.5728917,78.25203,28.353659
29.738535,1.9702473,98.57723,46.738956
31.116644,1.7376195,102.13415,46.624847
32.716927,1.7376195,118.12732,46.341465
32.716927,1.7376195,105.18293,48.17073
31.113861,2.0561016,134.65446,53.048782
35.20626,1.7376195,154.47154,63.719513
35.384068,1.7376195,140.29753,58.841465
31.65007,1.7376195,136.17886,58.536587
32.1835,1.7376195,110.26423,55.487804
33.072548,1.7376195,112.296745,48.74561
29.16074,1.7376195,96.03658,31.707317
24.715506,1.7376195,91.46342,32.92683
24.715506,1.7376195,88.92277,31.707317
25.248934,1.7376195,82.8252,34.146343
26.671408,1.7376195,80.79269,35.67073
33.25035,1.7376195,85.36585,32.012196
39.651493,1.7376195,87.39838,32.317074
35.20626,1.7376195,91.46342,33.23171
33.428165,1.5777341,83.333336,32.317074
31.472263,1.7376195,117.219734,48.40904
31.472263,1.7376195,89.939026,31.09756
30.405403,1.910588,85.873985,43.399864
30.049788,1.7376195,94.057205,32.621952
31.472263,1.7376195,79.268295,31.09756
29.16074,1.9768124,86.38211,43.532
30.274374,1.7376195,82.8252,39.32927
33.78378,1.7376195,87.39838,42.231625
30.850485,1.7376195,100.60976,45.121952
27.056679,2.1720243,115.22526,51.54828
35.384068,1.7594955,157.52032,55.487804
34.139404,1.954822,162.60162,53.658535
31.65007,1.7376195,139.22765,59.146343
30.583216,1.7376195,127.54066,53.46618
34.139404,1.7372148,112.80488,49.57564
28.627312,1.7376195,94.00407,36.585365
8.89047,1.7376195,82.31707,34.756096
4.978663,1.7376195,76.727646,32.92683
5.8677096,1.7376195,76.727646,32.92683
6.756757,1.7376195,72.15447,33.23171
13.869132,1.3032146,77.743904,32.621952
21.159317,1.7376195,79.268295,41.527367
30.304987,1.7376195,82.31707,28.963415
29.31845,1.7376195,79.268295,41.088455
10.668563,2.8919303,76.21951,32.012196
30.308249,1.7376195,87.39838,39.02439
28.982931,1.7376195,108.231705,39.939026
28.271692,1.7376195,110.965744,46.38256
29.338549,1.7550496,74.69512,29.878048
24.182077,2.0585983,79.268295,32.317074
30.316492,1.7376195,86.89024,33.841465
28.627312,1.7376195,88.92277,41.463413
30.938831,1.8362703,111.28049,45.73171
33.072548,1.7272382,124.32922,48.47561
32.894737,1.7376195,162.60162,49.085365
32.716927,1.7376195,154.97968,56.09756
29.338549,2.0488677,139.22765,53.048782
28.982931,1.7376195,125.0,52.43903
31.65007,1.7779884,115.34553,41.15854
27.382647,1.7376195,100.10162,46.28429
23.115221,1.7376195,95.020325,32.92683
23.470839,1.7376195,86.89024,29.268293
23.826458,1.7376195,99.90789,42.537254
24.004267,1.7376195,76.21951,32.92683
31.65007,1.7376195,85.873985,41.92295
37.873398,1.4947854,88.414635,42.49951
33.605976,1.7376195,94.00407,27.134146
30.761023,1.7376195,90.84837,28.353659
29.882298,1.7376195,86.38211,42.893635
31.827883,1.520417,87.9065,33.536587
29.351913,1.7376195,113.55397,47.30031
28.449503,1.7376195,85.873985,42.601368
28.982931,1.7376195,81.52368,24.390244
28.80512,1.7376195,84.31729,26.524391
27.738264,1.7376195,89.19886,32.317074
29.871977,1.7969878,85.873985,34.451218
29.418846,1.7376195,113.23164,47.168205
32.005688,1.7376195,115.53914,45.121952
32.36131,1.954822,148.88211,52.134148
32.716927,1.7376195,155.48781,51.219513
28.982931,1.954822,142.27643,46.341465
28.271692,1.7376195,127.032524,53.4429
31.116644,1.7376195,112.296745,38.414635
29.352398,1.7376195,93.23876,32.012196
23.470839,1.7376195,84.349594,32.012196
23.64865,1.7376195,83.333336,28.963415
23.826458,1.7376195,77.43376,29.268293
24.977196,2.3892267,74.69512,42.772694
29.11557,1.7362821,66.56504,29.573172
35.917496,1.4197718,72.662605,28.353659
32.894737,1.7376195,81.808945,27.134146
30.227596,1.7376195,86.89024,30.487804
29.51636,1.9343425,92.98781,44.710346
29.694168,1.7376195,97.16141,35.365852
29.338549,1.9898351,111.28049,49.085365
30.339659,1.7376195,84.349594,37.19512
29.51636,1.7376195,84.349594,42.301605
30.474014,1.7376195,90.44715,42.682926
28.093884,1.9528729,117.90735,52.43903
29.72587,2.0071094,106.19919,48.77812
29.871977,1.8689226,125.50814,40.548782
32.005688,2.1720243,140.75203,40.243904
33.072548,2.3892267,160.06097,51.52439
30.938831,1.9946784,154.47154,57.012196
27.027027,1.7376195,130.0813,50.30488
27.560455,1.7376195,102.13661,43.90244
29.338549,1.7376195,118.902435,51.141113
25.782362,1.7376195,98.57723,33.23171
22.759602,1.7376195,97.05285,31.40244
22.759602,1.7376195,75.38017,29.878048
22.93741,1.7376195,73.78756,28.658537
22.759602,1.7376195,68.08943,29.268293
26.671408,1.7376195,65.54878,27.743902
26.493599,1.7376195,68.08943,38.553974
29.694168,2.1720243,82.31707,43.567154
32.53912,1.7376195,85.873985,25.609756
33.072548,1.5351315,105.278046,33.536587
32.36131,1.5916389,107.64552,36.890244
33.605976,1.7218072,138.71951,42.682926
32.005688,1.7376195,108.73984,33.23171
29.62916,1.7376195,114.20899,47.52236
31.29445,1.7376195,99.970894,34.451218
31.29445,1.8925809,111.78862,49.820156
31.472263,1.7376195,105.691055,39.02439
30.761023,1.7632205,110.26423,34.146343
31.472263,1.7376195,118.39431,42.07317
32.005688,1.9924984,165.14227,59.146343
30.405403,1.7376195,134.25154,63.719513
26.849218,1.7376195,135.1626,53.658535
31.56329,1.9847405,132.62195,49.695118
29.51636,1.7376195,134.14635,46.646343
26.13798,1.7376195,105.691055,36.280487
23.29303,1.7376195,92.98781,32.92683
22.93741,1.7376195,90.44715,29.878048
22.93741,1.7376195,82.31707,29.268293
23.115221,1.7376195,72.15447,40.13411
26.31579,1.7376195,107.449745,45.36319
25.604551,1.7376195,65.54878,38.073143
27.560455,1.954822,72.662605,21.341463
32.36131,1.7376195,85.36585,28.658537
33.78378,1.7376195,112.344536,39.02439
33.428165,1.520417,117.37805,55.792683
32.005688,2.1720243,149.89838,61.451496
32.005688,1.5956415,107.76105,38.414635
32.36131,1.7376195,105.27248,37.19512
28.627312,1.7376195,104.166664,43.59756
26.849218,1.7376195,92.479675,39.939026
31.405804,1.7376195,109.24797,38.719513
28.80512,2.606429,94.51219,48.006443
25.17586,2.8236315,105.18293,42.378048
32.70957,1.7376195,148.37398,55.182926
31.29445,2.009823,150.91463,60.365852
27.738264,2.1508179,131.09756,53.353657
26.13798,1.7376195,120.42683,47.256096
31.607716,1.7376195,112.296745,38.414635
25.782362,1.7376195,94.00407,34.146343
29.013355,1.7376195,92.04057,32.621952
22.93741,1.7376195,80.28455,30.487804
23.29303,1.7376195,79.268295,41.771645
30.376108,1.7376195,86.38211,30.182926
28.982931,1.7376195,86.89024,42.55024
36.450924,1.7376195,83.333336,30.487804
32.716927,1.7376195,85.873985,30.182926
29.871977,1.6742206,85.873985,23.475607
29.51636,1.7376195,78.25203,28.658537
28.80512,1.8077086,90.955284,29.573172
29.871977,1.7376195,112.80488,49.264942
29.51636,1.5668507,91.78322,29.878048
30.156752,1.7376195,80.79269,32.012196
25.845264,2.3892267,89.43089,39.02439
30.996376,1.7376195,104.166664,44.207317
27.916075,1.7376195,105.691055,41.15854
29.694168,1.7376195,116.86992,49.390244
32.1835,1.8836852,149.89838,60.52893
32.53912,1.7376195,172.2561,62.5
30.150774,1.7376195,130.48419,62.5
32.014156,1.7376195,139.73578,53.658535
31.640202,1.7376195,128.55692,53.048782
25.426743,1.7376195,108.231705,43.59756
23.826458,1.7376195,89.43089,34.451218
22.226173,2.0936172,99.227646,43.797066
22.581793,1.7376195,80.79269,33.536587
22.581793,1.7376195,76.82667,31.707317
22.93741,2.1385298,81.30081,30.182926
27.204836,1.9138125,82.8252,31.707317
35.56188,2.1720243,80.28455,35.67073
32.1835,1.7375454,84.85773,43.292683
31.29445,3.475239,89.43089,40.548782
31.29445,2.3892267,84.85773,37.19512
30.938831,2.8236315,83.84146,41.463413
27.916075,1.7376195,100.19919,41.463413
28.271692,1.7376195,88.92277,35.97561
28.449503,1.5830914,89.85639,29.573172
27.177593,2.1720243,83.333336,34.756096
26.671408,1.9651079,109.71779,47.531116
26.493599,1.7376195,80.79269,38.414635
29.456614,1.7376195,103.80684,41.15854
32.894737,1.7376195,125.0,53.658535
32.668015,1.7376195,159.04471,60.67073
32.005688,1.7376195,135.82083,61.585365
31.987856,1.7376195,136.17886,54.878048
27.027027,1.7376195,127.032524,53.658535
26.849218,1.7376195,106.19919,42.987804
24.359886,1.7376195,100.60976,37.19512
22.759602,1.7376195,87.39838,41.15854
22.581793,1.7376195,84.349594,40.243904
30.170364,1.7376195,78.76016,36.585365
22.581793,1.7376195,73.67886,36.585365
27.204836,1.7376195,108.59516,45.667957
35.20626,1.478156,110.87438,34.451218
32.894737,1.954822,91.97154,35.67073
29.731373,1.8419727,91.46342,35.67073
31.116644,1.7517029,77.23577,40.548782
29.51636,1.7376195,80.79269,49.390244
29.51636,1.8687049,97.560974,40.853657
28.627312,1.7376195,74.69512,40.069626
28.449503,1.7376195,74.18699,38.414635
26.849218,1.520417,85.873985,38.109756
26.493599,1.7376195,88.92277,45.73171
26.671408,2.02909,99.085365,39.634148
29.338549,1.7376195,117.88618,50.896862
32.36131,1.7376195,153.45529,60.004944
34.672832,1.7342864,153.45529,60.980667
32.005688,1.786923,122.48026,51.7988
32.14839,1.7376195,140.75203,53.963413
28.093884,1.7376195,98.57723,44.817074
25.782362,2.1057212,102.13415,41.463413
32.391487,1.520417,100.60976,36.585365
21.870554,1.7376195,81.808945,34.756096
28.789894,1.9625064,81.808945,42.30669
22.048365,1.7376195,80.28455,32.012196
22.403982,2.1852899,75.71138,30.792683
26.671408,1.7376195,71.64634,29.573172
35.20626,1.7376195,89.939026,42.672234
32.894737,1.4948604,104.63085,32.92683
30.938831,1.7376195,92.06625,28.353659
29.694168,1.7376195,95.428406,33.841465
29.694168,2.1720243,98.83873,34.451218
28.627312,2.0056062,102.64227,47.45815
29.16074,1.7376195,86.89024,34.756096
29.41865,1.7376195,69.61382,42.378048
27.738264,1.7376195,76.727646,40.229652
27.560455,1.9218704,85.873985,37.5
28.449503,1.7376195,91.97154,44.000866
29.871977,1.7376195,110.772354,56.40244
32.894737,1.7376195,155.48781,60.78766
32.36131,1.7376195,140.48299,63.719513
32.36131,1.7376195,162.60162,63.414635
27.738264,1.7376195,145.32521,56.09756
26.493599,1.7376195,107.275276,50.30488
30.172306,1.892597,103.65854,39.634148
30.57459,1.7376195,89.939026,35.97561
22.581793,2.202065,91.97154,34.451218
22.581793,2.2150168,91.97154,33.536587
22.93741,1.7376195,79.032265,33.23171
28.913458,1.7376195,93.77839,34.146343
26.493599,1.7376195,77.23577,32.012196
34.85064,2.1720243,84.349594,37.19512
33.428165,1.954822,84.85773,39.02439
32.005688,1.7376195,79.77642,33.841465
30.434816,1.7376195,84.85773,33.841465
31.116644,1.6948906,95.52846,32.317074
32.36131,1.7376195,105.691055,37.80488
30.049788,1.772657,90.955284,34.451218
30.03487,1.7376195,77.743904,28.658537
28.271692,1.7376195,90.984,33.536587
30.404438,1.7376195,84.85773,31.707317
29.16074,1.7376195,81.808945,41.372837
29.51636,2.1720243,99.5935,39.02439
32.36131,1.954822,135.67073,56.671467
33.072548,1.7376195,159.04471,51.82927
32.916492,1.7376195,149.89838,49.390244
27.382647,2.1144326,137.70325,47.865852
27.204836,2.1212995,125.0,50.914635
30.761242,1.7376195,100.60976,38.719513
24.359886,1.7376195,82.87404,34.146343
22.403982,1.7376195,75.26889,30.182926
22.226173,1.7376195,86.38211,28.353659
22.759602,1.7376195,80.79269,27.134146
23.115221,1.7376195,70.63008,28.658537
24.182077,2.0163417,70.63008,27.743902
26.31579,1.9610991,108.51366,46.939598
30.227596,1.7376195,83.333336,26.829268
34.31721,1.5011507,103.150406,27.134146
30.846922,1.7522323,105.691055,25.0
30.92162,1.7979405,113.82114,27.134146
33.072548,1.520417,111.28049,29.268293
34.80144,1.3032146,106.19919,23.780487
31.827883,1.520417,104.6748,28.963415
29.060408,1.7376195,91.65217,32.317074
28.803802,1.8778093,114.84261,49.136566
31.116644,1.7376195,104.6748,22.560976
31.827883,1.7376195,104.6748,30.182926
32.894737,1.7376195,131.6057,33.841465
33.67204,1.7376195,163.61789,46.951214
30.583216,1.954822,144.81708,59.32843
31.645052,1.7376195,125.0,54.26829
28.093884,1.7376195,127.54066,53.609222
27.382647,1.7376195,108.73984,41.15854
24.715506,1.7376195,98.57723,46.154438
22.93741,1.7376195,89.43089,44.448402
22.93741,1.7376195,89.939026,32.317074
23.115221,2.1557426,81.808945,31.40244
29.268412,1.7376195,74.69512,39.788105
25.071123,1.7376195,69.61382,28.04878
29.498945,1.7376195,112.66753,46.777817
30.490887,1.7376195,78.25203,20.731707
33.961594,1.7376195,87.39838,24.390244
32.210648,1.7376195,120.42683,31.707317
33.605976,1.520417,138.21138,39.02439
35.56188,1.4274801,109.286705,31.707317
33.961594,1.5230345,105.691055,25.609756
32.53912,1.7376195,106.19919,27.134146
30.938831,1.7376195,117.85818,48.843567
30.405403,1.7376195,82.31707,41.500893
30.583216,1.6519759,79.77642,25.0
32.005688,1.5053135,98.203476,29.878048
33.78378,1.520417,110.772354,42.987804
32.36131,1.8628321,151.9309,51.82927
31.827883,1.7376195,143.80081,54.57317
28.271692,1.7376195,139.73578,44.512196
28.271692,1.7376195,120.42683,41.76829
27.738264,1.7376195,113.31301,34.451218
25.071123,1.7376195,96.544716,30.792683
23.115221,1.7376195,83.84146,42.667374
22.93741,1.7376195,83.333336,42.649643
29.89087,1.7376195,72.15447,28.658537
23.826458,1.7376195,71.138214,29.573172
27.738264,1.7376195,70.63008,28.658537
34.85064,1.7376195,104.14849,30.487804
35.73969,1.7376195,78.25203,29.268293
32.005688,1.3032146,79.268295,24.085365
32.1835,1.7376195,120.69168,49.857777
31.827883,1.7376195,79.268295,25.0
32.005688,1.7376195,85.873985,35.365852
31.29445,1.6811681,86.38211,31.707317
31.65007,1.7376195,88.414635,42.78032
29.694168,1.7376195,78.76016,40.930504
30.049788,1.954822,77.743904,35.060974
30.583216,1.7608091,83.84146,36.280487
33.25035,1.7376195,117.681915,44.512196
31.365007,2.125147,141.26016,61.280487
34.139404,1.7376195,177.3374,66.768295
32.1835,1.7376195,157.52032,63.109756
30.405403,1.7376195,139.22765,62.19512
28.627312,1.7376195,116.86992,53.048782
28.093884,1.7376195,110.772354,37.19512
25.426743,2.0403016,93.49593,33.841465
23.115221,1.7376195,85.36585,30.182926
23.115221,1.7376195,75.73045,30.182926
23.29303,1.7376195,78.25203,41.60773
24.182077,1.7376195,73.67886,29.268293
28.982931,1.7376195,80.79269,29.573172
28.798666,1.9818014,85.36585,43.386105
28.890577,1.7376195,91.64802,32.621952
32.005688,1.3032146,77.23577,37.95604
31.29445,1.0860121,76.727646,37.009773
30.938831,1.3032146,88.414635,29.268293
29.826292,1.8276769,94.51219,32.317074
30.16947,1.7376195,82.31707,33.841465
29.16074,1.7376195,73.17073,29.573172
27.560455,1.7376195,79.268295,33.536587
28.982931,1.8260323,81.30081,36.585365
29.338549,1.954822,96.63859,35.365852
32.005688,1.7376195,94.00407,40.548782
34.672832,1.7376195,125.728096,51.528126
35.20626,2.3892267,160.5691,62.80488
32.53912,1.7376195,153.96341,58.536587
30.227596,1.7376195,127.001465,58.536587
31.1682,1.7376195,115.85366,52.43903
31.062826,1.7376195,103.150406,37.19512
24.359886,1.7376195,89.939026,31.09756
30.867008,1.7376195,90.44715,29.268293
30.443487,1.7376195,81.808945,27.439024
22.93741,2.3526947,84.85773,43.421787
23.826458,1.7376195,84.85773,42.721214
29.338549,1.7376195,81.30081,29.268293
36.450924,1.7376195,90.955284,32.92683
35.384068,1.7376195,85.873985,34.451218
33.072548,1.3032146,75.71138,26.524391
33.220722,1.0860121,94.727844,37.5
31.472263,1.778978,119.9252,50.574867
29.579195,1.8760087,91.46342,38.719513
30.227596,1.520417,80.28455,34.451218
29.16074,1.7840703,74.69512,31.09756
28.982931,1.7376195,75.203255,35.365852
28.424143,1.954822,76.727646,35.060974
32.53912,1.7376195,79.77642,39.634148
30.736341,1.7376195,107.21545,50.30488
36.984352,1.6644487,162.60162,55.487804
35.384068,1.7376195,155.99594,59.756096
33.25035,1.7376195,145.83333,57.81298
31.983185,1.7376195,138.21138,56.516132
28.271692,1.7376195,122.45935,52.3943
27.204836,1.7376195,96.34621,39.32927
30.683819,1.7376195,91.46342,31.707317
23.29303,1.7376195,87.39838,28.963415
23.470839,1.7376195,74.0128,28.04878
23.826458,1.7376195,78.76016,28.353659
29.514402,1.7376195,83.333336,42.284573
31.29445,1.7376195,92.4284,28.658537
38.22902,1.7376195,134.31206,54.47589
37.162163,1.520417,85.873985,30.792683
28.987015,1.7376195,85.119736,25.304878
32.005688,1.3032146,81.808945,28.658537
30.227596,1.7537926,87.9065,32.621952
29.694168,1.7376195,104.6748,36.280487
29.51636,1.7376195,85.36585,27.134146
30.062862,1.520417,85.15983,27.439024
28.449503,1.520417,72.662605,38.19529
28.271692,1.7376195,79.77642,34.146343
31.872992,1.520417,85.36585,38.719513
29.691711,1.7376195,107.25606,43.59756
32.066017,1.7376195,140.2439,57.43409
34.672832,1.7376195,169.71545,64.28583
31.472263,1.7376195,139.26904,64.63415
29.16074,1.7376195,142.78455,58.841465
28.271692,1.7376195,115.34553,50.452744
27.738264,1.7376195,109.756096,36.585365
30.405493,1.7376195,86.38211,30.487804
22.93741,1.7376195,85.36585,31.40244
23.115221,1.7376195,77.743904,41.415264
23.115221,2.0952585,77.743904,29.573172
24.359886,1.7376195,77.743904,31.707317
29.51636,1.7376195,76.727646,40.428135
37.339973,1.7376195,121.03566,39.02439
38.22902,1.954822,77.23577,32.621952
25.410355,2.3892267,74.69512,27.439024
33.78378,1.7376195,78.76016,29.573172
31.65007,1.954822,107.812325,38.414635
31.827883,1.7376195,97.05285,32.621952
30.583216,1.7376195,89.43089,28.658537
30.761023,1.7376195,79.77642,31.09756
29.16074,1.7376195,86.38211,31.707317
30.46134,1.7376195,92.98781,37.5
30.583216,1.7376195,99.5935,37.80488
31.827883,1.954822,114.32927,46.951214
32.894737,1.954822,144.81708,55.182926
32.1835,2.3892267,167.68292,68.14243
31.116644,2.010265,155.99594,59.146343
28.449503,1.7376195,140.2439,57.341602
28.449503,1.7376195,115.85366,53.658535
28.449503,1.7376195,103.65854,39.939026
30.633265,1.7376195,90.955284,33.536587
23.470839,1.7376195,80.28455,31.09756
23.29303,1.7376195,86.89024,29.878048
23.64865,1.7376195,79.268295,31.09756
24.893314,1.7376195,73.67886,31.707317
29.69296,1.7376195,68.597565,31.09756
27.560455,1.7376195,74.69512,32.317074
30.227596,1.954822,85.873985,26.219515
33.072548,1.954822,103.150406,29.878048
33.072548,2.1720243,104.166664,28.658537
32.53912,1.7376195,108.231705,32.621952
28.941866,1.7159675,103.9864,39.02439
31.472263,1.7438817,107.72358,39.32927
34.052937,1.3032146,110.26423,46.609898
32.68021,1.520417,111.78862,46.951214
30.405403,1.954822,100.60976,37.19512
28.982931,1.7258428,102.57011,38.719513
30.049788,1.7376195,108.231705,47.560974
33.428165,1.7376195,161.07724,62.08288
29.461319,2.168451,136.11105,65.243904
31.628092,2.0667737,143.29268,54.57317
28.093884,1.7376195,140.75203,54.878048
28.449503,1.7376195,124.49187,62.5
28.982931,1.7376195,110.801735,46.125206
25.426743,1.7376195,104.890564,44.43052
23.115221,2.1916227,86.89024,35.365852
22.581793,1.7376195,80.38431,34.451218
22.581793,1.7376195,75.26893,31.09756
24.359886,2.2580118,73.67886,40.84332
29.140938,1.7376195,91.71429,32.012196
29.755438,1.7376195,74.18699,35.060974
28.449503,1.7952332,66.56504,28.353659
29.740131,1.7376195,88.92277,43.51431
35.73969,1.520417,98.57723,40.853657
35.384068,1.0860121,133.13008,50.609756
36.095306,1.7798538,140.2439,64.02439
30.69682,1.520417,111.3362,44.54085
32.894737,1.7376195,106.19919,51.52439
33.072548,1.7376195,94.51219,44.09153
29.51636,1.7376195,91.46342,40.548782
30.405403,1.7376195,94.51219,41.463413
32.894737,1.7883023,111.28049,52.134148
35.02845,1.7376195,147.35773,66.768295
32.53912,1.7376195,163.10976,62.83045
32.36131,2.0136595,157.52032,67.07317
28.982931,1.7376195,127.032524,62.80488
27.560455,1.7376195,120.42683,51.50881
29.51636,1.986705,111.28049,50.0
24.715506,1.7376195,96.03658,40.243904
30.539352,1.7376195,86.38211,35.060974
22.93741,1.7376195,88.414635,35.060974
23.29303,1.7376195,72.662605,34.146343
24.715506,1.7376195,73.67886,31.40244
29.799038,1.7376195,74.18699,32.012196
36.273117,1.4647647,90.44715,35.67073
33.428165,1.6336144,117.54965,42.682926
32.53912,1.7376195,92.479675,38.719513
30.761023,1.7376195,90.44715,34.451218
30.761023,1.7376195,109.24797,48.1447
31.116644,1.8987422,116.86992,50.30488
29.694168,1.7376195,105.41064,41.76829
29.66343,1.7376195,75.71138,41.15854
28.449503,1.520417,110.20604,44.29062
28.449503,1.7376195,86.89024,40.853657
30.213594,1.7376195,98.57723,45.9355
30.583216,1.9025037,114.32927,49.695118
32.36131,1.7376195,164.63414,70.42683
32.1835,1.7376195,165.14227,69.51219
32.69541,1.7376195,155.99594,64.63415
28.093884,2.1294186,129.06505,57.012196
27.560455,1.7376195,118.39431,52.134148
27.560455,1.7376195,110.772354,42.07317
24.004267,1.7376195,92.479675,34.146343
22.048365,1.7376195,80.79269,34.756096
22.226173,1.7376195,81.808945,32.012196
22.403982,1.7376195,77.61527,32.92683
24.359886,1.7376195,75.71138,40.837234
30.049788,1.7376195,73.17073,34.451218
30.400515,1.7376195,89.43089,39.32927
30.331367,1.7376195,90.44715,36.890244
30.938831,1.7376195,81.30081,36.890244
32.005688,1.6195728,107.265656,37.80488
30.583216,1.9020357,113.31301,49.89416
29.51636,1.7376195,109.756096,44.512196
29.51636,1.7376195,95.020325,42.07317
28.627312,1.7376195,84.349594,42.987804
27.916075,1.954822,111.40197,48.47561
27.560455,1.7376195,98.57723,45.121952
28.80512,1.7376195,103.65854,53.048782
30.049788,2.022093,113.82114,56.707317
33.428165,1.7376195,154.47154,72.86585
32.716927,1.8530449,179.87805,68.36709
32.005688,1.7376195,161.07724,62.233
28.449503,1.7376195,129.06505,54.097878
31.319424,1.7376195,125.50814,55.182926
30.460411,1.7376195,101.11789,46.508404
24.004267,1.7376195,91.46342,39.32927
21.692745,1.7376195,81.89097,37.80488
29.277166,1.7376195,96.51206,35.060974
22.048365,2.3661904,75.203255,40.88685
23.470839,1.7376195,71.64634,39.57892
30.938831,1.7376195,71.64634,33.841465
29.52684,1.848573,87.9065,36.585365
33.072548,1.7376195,109.22853,38.719513
31.65007,1.7376195,87.9065,37.80488
29.707767,1.7376195,87.39838,43.305305
29.338549,1.9860115,109.24797,49.097565
29.338549,1.7376195,112.56439,46.808777
30.186172,1.7376195,91.46342,42.987804
28.80512,1.7376195,80.79269,48.780487
28.982931,1.8245486,111.00271,46.036587
29.481075,1.9624224,98.06911,45.73171
30.921562,1.7376195,106.19919,51.219513
32.53912,1.7376195,128.04878,61.890244
30.509687,1.7376195,140.15932,68.902435
29.702105,1.7376195,114.98745,47.89953
31.116644,1.7376195,131.53613,59.756096
28.982931,1.7376195,122.41596,56.707317
28.449503,1.7376195,130.58943,54.400368
30.585426,1.7376195,98.57723,44.817074
25.426743,2.0937603,81.30081,41.15854
22.403982,1.7376195,76.727646,36.585365
22.93741,2.3343275,74.18699,40.956795
22.93741,1.7376195,97.685524,41.782272
25.248934,1.7376195,71.138214,32.621952
30.938831,1.7376195,77.743904,32.92683
36.984352,1.7376195,89.43089,42.550476
30.245098,1.7376195,99.5935,46.04604
32.36131,1.7376195,96.03658,35.365852
31.827883,1.7376195,87.9065,38.414635
30.583216,1.7376195,96.16484,33.536587
30.049788,1.7376195,101.11789,46.13425
30.62161,1.7376195,87.9065,34.146343
28.80512,1.7376195,72.662605,32.92683
28.271692,1.7376195,91.97154,28.658537
28.093884,1.7376195,90.44715,38.109756
29.338549,1.7376195,85.36585,36.585365
32.005688,1.7376195,115.85366,54.26829
33.25035,1.7723407,125.61342,53.181084
33.274426,1.7376195,166.66667,61.890244
31.827883,1.9586121,135.91528,59.756096
32.52443,1.7376195,145.83333,53.048782
31.654104,1.7376195,120.42683,45.121952
28.093884,2.0611405,104.6748,48.40778
24.359886,2.1079106,92.479675,33.23171
28.968767,1.9478302,81.808945,42.25059
22.403982,1.7376195,90.44715,32.012196
22.048365,1.7376195,81.808945,31.707317
24.182077,1.7376195,69.10569,33.841465
30.761023,1.7376195,75.203255,39.693542
30.906898,1.7376195,92.98781,32.012196
33.961594,2.1720243,88.92277,34.146343
32.894737,1.6321828,91.97154,33.841465
30.17716,1.7376195,85.36585,42.07317
30.583216,1.7376195,97.05285,49.390244
28.982931,1.7376195,99.5935,51.52439
28.982931,1.954822,91.97154,45.42683
28.627312,1.7376195,87.9065,46.341465
27.204836,1.7376195,93.49593,44.785522
27.204836,1.954822,113.339584,52.134148
27.560455,1.7376195,116.86992,53.963413
31.547903,1.7376195,129.06505,59.756096
33.02388,1.7376195,169.20732,64.32927
32.894737,1.7376195,178.86179,67.66418
29.51636,1.7376195,157.52032,67.37805
26.849218,1.7376195,134.65446,65.243904
26.493599,1.7376195,129.57317,56.40244
26.493599,1.7376195,111.28049,49.085365
30.561502,1.7376195,99.085365,48.17073
21.870554,2.3290288,82.8252,41.463413
21.692745,1.7376195,82.31707,33.536587
30.187916,1.7376195,79.77642,30.792683
24.004267,1.7376195,70.63008,30.792683
25.782362,1.9843012,65.04065,32.621952
25.248934,1.7376195,75.71138,36.890244
29.16074,2.3892267,68.08943,34.146343
26.247625,2.3892267,98.57723,35.97561
14.935988,1.520417,109.756096,47.9918
24.537695,1.7376195,120.42683,52.378635
32.1835,1.7356908,142.27643,38.109756
31.603872,1.7376195,115.85366,37.5
31.29445,1.6635225,108.71881,40.243904
31.116644,2.1720243,131.6057,42.682926
29.16074,1.8777328,126.01626,35.060974
30.659103,1.9320709,119.41057,40.243904
28.982931,2.1720243,117.37805,43.292683
32.716927,1.7376195,123.078575,50.79608
32.1835,1.7376195,169.71545,63.719513
32.217186,1.7376195,142.78455,56.09756
27.204836,1.7376195,120.93496,52.743904
27.382647,2.17046,123.47561,55.182926
27.204836,2.080881,109.756096,47.560974
24.359886,1.7376195,88.59486,38.719513
22.226173,2.2102647,86.89024,32.012196
22.048365,1.7376195,72.99397,29.878048
21.514936,2.2410326,81.30081,30.487804
23.826458,1.7376195,73.67886,27.134146
25.604551,1.7376195,69.61382,27.743902
24.359886,1.7376195,67.07317,27.439024
27.845732,1.959043,65.04065,38.340797
31.472263,1.4073561,89.82659,24.085365
33.428165,1.3032146,102.64227,35.060974
33.072548,1.3032146,120.35046,45.89452
32.894737,1.3032146,121.484604,51.219513
32.53439,1.7376195,143.29268,53.658535
32.53912,1.7376195,109.24797,41.76829
30.761023,1.7376195,106.19919,41.15854
28.449503,1.954822,111.74944,48.501633
29.51636,2.3892267,103.487335,38.414635
29.871977,1.7376195,99.085365,42.378048
31.827883,1.7376195,132.62195,53.963413
32.005688,1.7376195,157.01219,52.743904
29.694168,1.7376195,158.02846,49.085365
32.20617,1.7376195,139.22765,50.0
26.671408,2.1494846,128.55692,49.695118
27.027027,1.7376195,109.24797,44.207317
24.004267,1.7376195,98.58198,41.92441
22.048365,1.7376195,80.28455,41.669178
22.048365,1.7376195,76.21951,31.09756
22.048365,1.7376195,75.203255,32.012196
24.182077,1.7376195,74.69512,31.707317
29.388172,1.7376195,75.203255,40.204136
34.672832,1.5978994,95.52846,41.15854
32.716927,1.7376195,122.77676,50.647175
31.116644,1.3032146,83.84146,34.451218
30.227596,1.520417,80.28455,43.59756
28.80512,1.3032146,101.626015,50.0
28.271692,1.3032146,101.11789,44.243984
28.982931,1.520417,77.743904,39.776352
28.627312,1.3032146,68.08943,47.865852
26.849218,1.520417,109.46984,52.743904
27.027027,1.7376195,113.67155,53.963413
27.382647,2.1151433,125.35648,59.451218
29.16074,2.1720243,130.58943,60.67073
33.25035,1.7376195,122.796875,50.59753
32.301785,1.7376195,157.52032,75.60976
31.29445,1.7376195,153.96341,77.439026
31.33987,1.7376195,132.62195,75.30488
27.560455,1.7376195,121.44309,69.20731
26.13798,1.7376195,115.2634,57.012196
23.29303,1.7376195,99.5935,46.528175
21.692745,2.0734568,95.40938,48.17073
21.692745,1.972799,88.040726,41.76829
21.514936,1.7376195,84.85773,38.414635
23.470839,1.7376195,77.23577,39.634148
29.511522,1.7376195,76.21951,40.028667
33.605976,1.7376195,122.604034,50.299206
30.1813,1.7376195,86.89024,41.463413
29.51636,1.8626883,86.89024,42.378048
28.982931,1.520417,88.414635,44.512196
28.271692,1.9407325,96.03658,41.76829
28.093884,1.3032146,99.085365,46.951214
28.80512,1.9012976,114.05325,49.025616
27.916075,1.7376195,72.15447,36.890244
26.849218,1.7376195,84.85773,50.30488
26.31579,2.1078734,86.38211,48.47561
27.027027,1.7376195,91.97154,44.31226
29.338549,2.1720243,127.41868,58.23171
31.65007,1.7376195,183.94308,77.743904
31.65007,1.7376195,158.9607,84.756096
30.761023,2.1843426,159.55284,72.256096
28.093884,1.7376195,137.0333,70.12195
26.31579,1.7376195,125.0,57.012196
25.782362,1.7376195,108.73984,44.512196
23.115221,1.7376195,96.69366,41.307915
32.021446,1.520417,86.89024,34.756096
29.355051,1.8012973,80.28455,32.92683
21.337126,1.7376195,77.23577,31.707317
22.93741,1.7376195,75.203255,33.23171
27.204836,1.7376195,71.64634,35.97561
34.85064,1.7376195,83.333336,38.414635
32.36131,1.7376195,86.38211,35.97561
30.405403,1.7376195,72.15447,39.00951
28.271692,1.520417,80.79269,48.47561
31.664959,1.520417,94.51219,43.571617
28.449503,1.520417,109.756096,47.256096
28.093884,1.7376195,79.268295,41.463413
27.560455,1.520417,67.5813,44.207317
25.248934,2.1212857,81.808945,42.07317
25.426743,1.7376195,75.203255,44.817074
26.13798,2.1720243,109.96344,50.609756
28.627312,2.606429,128.55692,60.97561
31.65007,2.1066933,189.53252,69.20731
32.005688,1.7376195,182.4187,77.743904
33.287563,1.7376195,165.6504,64.23175
32.436295,1.7376195,149.39024,62.5
25.604551,1.7376195,126.01626,57.317074
25.604551,1.7376195,112.296745,42.07317
30.354454,1.7376195,94.51219,41.76829
21.692745,1.7376195,85.873985,43.275707
21.692745,1.7376195,81.808945,36.280487
21.514936,2.2521746,72.15447,33.841465
29.247149,1.7376195,91.94519,32.012196
27.204836,1.7376195,107.90966,45.267593
33.961594,1.7376195,85.36585,37.5
31.472263,1.7376195,85.36585,35.365852
29.16074,1.954822,82.31707,40.243904
29.699007,1.7376195,107.11579,43.292683
27.027027,1.7376195,99.085365,44.512196
27.204836,1.7376195,115.34553,49.085365
28.449503,1.7376195,86.38211,42.07317
31.866997,1.520417,86.38211,41.76829
31.76202,1.520417,94.51219,48.17073
25.604551,1.7376195,97.05285,42.378048
26.31579,1.7376195,95.020325,35.97561
29.51636,2.0155258,123.98374,51.82927
32.53912,1.7376195,183.43495,63.414635
32.716927,1.954822,192.07317,70.42683
29.694168,1.7376195,163.61789,65.85366
27.382647,1.7376195,148.88211,61.280487
31.482122,1.7376195,130.58943,57.621952
24.537695,1.7376195,118.39431,47.560974
28.754047,1.7557629,106.14144,42.07317
30.323874,1.7376195,83.333336,36.585365
21.337126,1.7376195,79.77642,33.23171
21.159317,1.7376195,74.5889,32.317074
22.759602,1.7376195,79.86177,34.146343
25.426743,2.0143735,69.10569,32.92683
33.428165,1.7376195,124.04608,51.11453
32.36131,1.7376195,110.169975,40.548782
31.116644,1.7404474,89.939026,36.890244
30.583216,1.3032146,79.77642,47.256096
30.049788,1.3032146,110.900444,42.532104
29.871977,1.3032146,98.57723,38.109756
29.16074,1.7376195,111.472916,46.37731
28.982931,1.8615241,82.31707,37.19512
28.093884,1.8746498,95.020325,34.146343
28.627312,1.7376195,94.00407,42.07317
32.445923,1.520417,98.06911,38.719513
29.16074,2.1720243,110.772354,42.378048
30.938831,2.069526,175.813,58.841465
31.65007,2.8236315,175.30487,64.02439
29.16074,1.7376195,169.71545,56.40244
26.671408,1.7376195,145.83333,58.23171
25.96017,1.7376195,139.73578,50.0
25.071123,2.2317808,115.34553,48.17073
23.470839,1.7376195,99.49493,42.55493
21.692745,1.7376195,80.9176,36.585365
30.414644,1.7376195,89.43089,33.23171
21.514936,1.7376195,82.31707,41.98125
22.93741,2.1720243,75.71138,30.487804
23.29303,1.7376195,69.10569,39.04161
30.245737,1.7376195,81.30081,30.182926
30.405403,2.1720243,118.50256,52.85526
34.672832,3.040834,97.560974,32.621952
33.072548,1.954822,115.759544,42.987804
32.894737,1.7376195,125.0,46.036587
29.371109,1.7376195,107.64762,45.42683
30.604445,1.7376195,101.626015,44.207317
31.65007,1.7376195,122.45935,46.951214
30.583216,1.7376195,122.967476,44.207317
29.871977,1.9734551,116.86992,51.35043
29.466703,1.954822,109.24797,44.817074
31.16144,1.7376195,113.31301,47.865852
32.1835,1.7376195,177.3374,66.89513
31.827883,1.7376195,177.84554,63.109756
28.80512,1.7376195,124.08385,58.23171
26.671408,2.2302682,134.65446,54.57317
26.849218,1.7376195,136.17886,53.658535
25.426743,1.7376195,109.81902,53.353657
46.40825,3.475239,174.79675,83.231705
21.870554,1.7376195,75.71138,35.67073
21.337126,1.520417,74.69512,34.756096
22.759602,1.520417,69.61382,38.16979
22.581793,1.7376195,71.138214,32.621952
22.93741,1.7376195,64.532524,31.40244
25.248934,1.7376195,70.63008,32.317074
30.405403,1.7376195,94.33647,31.09756
33.961594,1.7376195,97.05285,37.19512
33.25035,1.7376195,109.09462,37.5
32.967113,1.7376195,151.9309,47.865852
33.072548,1.7376195,121.28232,48.17073
31.60086,1.7376195,120.42683,46.341465
31.29445,1.7376195,100.60976,46.192337
29.16074,1.520417,96.03658,47.865852
28.271692,1.7376195,104.166664,47.083397
30.28656,1.7376195,89.939026,47.560974
30.761023,1.7376195,143.80081,59.451218
33.072548,1.954822,155.99594,60.97561
33.072548,1.7376195,167.68292,66.46342
29.338549,1.7376195,113.70142,47.345684
26.671408,2.2730944,134.14635,61.280487
26.13798,1.7376195,122.967476,52.82889
24.359886,1.7376195,95.52846,45.342285
22.226173,2.2271125,78.76016,37.19512
21.692745,1.7376195,74.69512,32.92683
21.514936,1.520417,70.12195,33.536587
22.759602,1.7376195,65.04065,37.947914
22.403982,1.7376195,94.90187,40.702312
28.801844,1.7376195,63.00813,37.166794
34.31721,1.7376195,124.24863,50.88512
32.005688,1.7376195,105.07017,37.19512
33.428165,1.7376195,77.743904,37.5
29.990406,1.7376195,79.77642,39.634148
28.80512,2.0019608,98.57723,46.632065
32.964878,1.3032146,90.955284,42.05199
28.627312,1.9835485,81.30081,48.17073
27.916075,1.3032146,78.76016,49.695118
26.13798,1.520417,83.84146,41.415897
29.474741,1.7376195,110.53849,46.951214
27.027027,1.7376195,109.48676,50.914635
28.389736,2.1720243,135.67073,73.47561
31.472263,1.7376195,155.70546,81.402435
31.116644,1.7376195,166.66667,64.19879
29.16074,1.7376195,152.94716,73.47561
27.560455,1.7376195,128.55692,57.92683
26.31579,1.7376195,122.45935,58.23171
23.826458,1.7376195,112.296745,41.15854
30.534174,1.7376195,90.955284,36.890244
22.048365,1.7376195,83.84146,33.536587
21.337126,1.7376195,85.36585,36.890244
22.93741,1.7376195,79.77642,32.621952
22.226173,1.7376195,82.76675,37.19512
25.426743,1.7376195,69.61382,37.19512
34.495018,1.7376195,80.79269,40.243904
32.36131,1.7376195,83.333336,41.235245
30.583216,1.7376195,107.80927,42.682926
28.80512,1.520417,77.743904,44.512196
29.16074,1.520417,89.939026,50.0
29.338549,1.3032146,93.49593,46.951214
29.78755,1.7376195,72.15447,37.80488
28.982931,1.7376195,79.268295,42.07317
29.370468,1.7376195,73.67886,46.341465
26.849218,1.7376195,92.479675,44.38458
27.738264,2.1652265,96.03658,62.19512
28.781412,2.1720243,135.1626,58.0653
31.827883,1.7376195,195.63008,96.95122
32.43916,1.7376195,170.7317,86.89024
30.583216,1.7376195,162.60162,82.01219
27.382647,1.7376195,140.2439,77.439026
26.849218,2.3432586,118.902435,67.98781
24.182077,1.7376195,105.18293,50.0
22.226173,2.384902,94.51219,45.762722
21.870554,2.3004272,84.85773,39.939026
29.057447,1.8751034,116.212326,49.675632
22.759602,1.7376195,66.56504,38.414635
23.115221,2.2375386,67.07317,43.90244
26.671408,2.0071664,65.04065,41.76829
36.273117,1.5120305,78.25203,43.90244
33.605976,1.7376195,124.765686,49.695118
31.472263,1.7376195,79.77642,35.060974
31.29445,1.520417,71.138214,36.280487
31.396034,1.520417,80.28455,44.817074
32.64164,1.520417,102.13415,40.853657
29.16074,1.8325585,83.84146,33.841465
31.230427,1.520417,72.662605,36.585365
27.916075,1.8414633,107.22331,45.73171
29.949884,1.7376195,83.333336,40.243904
26.736559,2.1720243,90.44715,51.219513
30.405403,2.606429,140.75203,61.494125
29.601631,1.7376195,113.162575,47.007713
30.361792,1.7376195,155.52759,84.45122
30.405403,1.7376195,170.7317,77.13415
27.916075,1.7376195,139.22765,56.896492
26.671408,2.3610384,115.34553,70.12195
24.359886,2.158281,114.96413,58.23171
22.048365,1.7376195,95.020325,50.609756
21.870554,1.7376195,89.39109,44.512196
21.870554,1.7376195,77.23577,47.560974
29.200523,1.7376195,71.64634,45.42683
23.29303,1.7376195,94.81975,46.341465
29.583311,1.7376195,114.08029,47.450855
34.85064,1.7376195,127.4267,52.19541
33.428165,1.6837941,120.14245,43.59756
29.694168,1.954822,84.349594,42.833622
30.381565,1.7376195,89.43089,37.80488
29.16074,1.7376195,86.89024,38.414635
28.627312,1.9391024,89.939026,42.682926
29.298294,1.9105991,85.873985,44.512196
28.093884,1.520417,75.203255,44.512196
27.027027,1.520417,103.40075,46.341465
27.027027,1.7376195,83.333336,46.341465
27.382647,1.925616,110.23497,47.487362
30.049788,2.3436303,168.19106,83.231705
32.894737,1.7376195,181.91057,68.590096
31.472263,2.1904776,169.71545,78.96342
29.16074,1.7376195,152.52556,80.79269
27.560455,1.7376195,140.68959,73.78049
26.493599,1.7376195,110.26423,64.02439
23.826458,1.7376195,103.150406,54.57317
22.048365,1.7376195,88.414635,42.682926
21.692745,1.7376195,94.79877,40.861893
21.514936,1.7376195,86.89024,41.15854
22.403982,2.2444117,85.36585,37.80488
22.403982,1.7376195,80.898254,35.97561
25.248934,1.7376195,78.25203,39.02439
35.384068,1.7376195,95.52846,44.297867
29.584929,1.7376195,113.30154,47.045757
31.472263,1.8296676,82.31707,41.871407
29.51636,1.9319354,82.31707,50.609756
33.494976,1.3032146,95.52846,53.048782
28.627312,1.3032146,114.837395,53.353657
28.271692,2.041484,101.11789,51.52439
28.093884,2.0646894,89.939026,52.43903
30.644827,1.7376195,102.64227,53.963413
27.027027,1.7376195,105.691055,60.365852
27.204836,2.2363915,122.45935,63.109756
28.982931,2.1720243,153.66913,81.097565
30.405403,1.7376195,164.88063,93.59756
30.938831,2.8236315,188.51627,76.01821
28.94751,1.8673346,115.7569,49.339973
27.738264,2.4235427,157.01219,79.57317
26.493599,1.7376195,144.30894,76.82927
24.004267,1.7376195,119.9187,62.80488
22.048365,1.7376195,104.166664,58.536587
21.692745,1.7376195,85.873985,47.865852
29.771477,1.7376195,107.32582,43.292683
22.403982,1.7376195,97.6196,41.96218
22.226173,2.1720243,72.15447,39.939026
22.93741,2.2069495,68.597565,39.32927
25.248934,1.7376195,88.656204,37.5
28.627312,2.1720243,95.54733,34.756096
33.25035,3.040834,124.5689,45.42683
30.751757,2.0008469,121.44309,50.0
29.216827,1.7376195,112.20536,46.74438
33.428165,1.7376195,147.86586,46.036587
32.716927,1.7376195,141.26016,56.682114
31.827883,1.7376195,119.9187,51.219513
30.049788,1.9405823,142.78455,46.646343
28.271692,1.7376195,135.67073,46.341465
28.449503,1.954822,151.9309,50.609756
30.227596,2.2096398,193.08943,68.902435
34.23433,1.7376195,182.92683,69.236115
29.338549,1.7376195,188.51627,70.59458
28.271692,1.7376195,162.60162,69.20731
27.204836,1.7376195,146.8496,69.51219
25.96017,1.7376195,149.39024,70.12195
24.359886,1.7376195,109.99788,55.792683
22.403982,2.399862,111.78862,49.390244
21.692745,2.3384247,98.06911,42.682926
20.981508,1.520417,93.49593,44.518024
30.853134,1.520417,112.320305,44.978077
28.704372,1.6998833,102.17247,37.80488
22.403982,1.7376195,67.5813,38.814342
28.935349,1.5904717,95.95814,32.621952
27.204836,1.7376195,84.85773,33.841465
31.29445,1.7376195,112.296745,36.890244
32.36131,1.840041,141.7683,57.730785
34.139404,1.7376195,152.94716,59.578087
33.18544,1.7376195,163.10976,64.015686
31.303782,1.7376195,121.95122,55.487804
30.704443,1.7376195,108.231705,48.448868
29.338549,1.520417,99.29203,39.02439
28.627312,1.7376195,89.939026,34.756096
28.627312,1.7376195,104.6748,47.280903
30.583216,1.7376195,126.13843,56.40244
32.53912,1.954822,164.12602,70.42683
32.894737,1.9897158,182.4187,64.02439
33.02342,2.1890612,177.84554,64.02439
27.560455,1.7376195,143.80081,62.5
29.578642,1.7376195,119.0169,54.57317
24.004267,2.2634225,108.73984,46.646343
22.226173,1.7376195,87.9065,42.07317
22.226173,2.4110694,83.333336,43.259705
30.801674,1.520417,73.17073,38.81361
22.403982,1.7376195,70.12195,39.32927
22.581793,2.2483442,77.23577,39.02439
26.13798,1.7376195,72.15447,44.207317
34.139404,1.7376195,81.30081,41.463413
32.53912,1.7376195,98.06911,47.256096
30.405403,1.7376195,87.9065,38.109756
30.049788,1.7376195,89.939026,43.342648
28.982931,1.3032146,105.691055,45.36267
28.80512,1.3032146,115.182106,53.048782
28.80512,1.520417,109.7949,48.17073
32.095127,1.3032146,99.44559,39.634148
27.560455,1.520417,109.64466,51.219513
27.560455,1.7376195,111.78862,47.560974
27.560455,1.7376195,110.67649,50.609756
28.898954,2.1720243,154.47154,74.69512
32.36131,1.7376195,163.37741,90.243904
32.716927,1.7376195,153.18065,76.82927
33.20446,1.7376195,161.58537,63.41154
27.382647,1.7376195,144.73836,76.82927
26.13798,2.1865757,124.49187,53.715343
31.089245,1.7376195,112.80488,49.390244
22.226173,1.7376195,97.015976,41.740765
30.079855,1.8418279,95.020325,37.19512
21.692745,1.7376195,94.70995,40.757317
29.877897,1.7376195,74.18699,37.80488
22.226173,1.7376195,78.80324,35.060974
25.426743,2.1088045,67.07317,43.292683
30.047934,1.7925103,89.43089,33.23171
33.072548,1.7376195,93.49593,35.060974
30.761023,1.7376195,82.8252,37.19512
28.449503,1.520417,82.31707,37.19512
28.80512,1.520417,94.66377,36.585365
29.16074,1.3032146,104.88078,45.121952
28.982931,1.7376195,98.57723,35.060974
27.560455,1.7376195,91.97154,41.15854
26.849218,2.0212815,94.51219,39.32927
27.027027,1.7376195,99.085365,43.292683
29.871977,1.7376195,104.166664,59.451218
32.894737,2.1720243,165.6504,89.63415
31.827883,2.436848,219.00406,107.92683
33.072548,1.7376195,176.32114,66.72922
30.175207,1.7376195,140.71335,71.34146
27.382647,1.7376195,135.1626,55.73696
25.604551,1.7376195,129.57317,56.707317
23.64865,1.7376195,92.55277,44.207317
21.870554,2.294781,98.57723,36.280487
31.68689,1.520417,83.84146,35.97561
21.337126,1.7376195,83.84146,39.32927
22.226173,1.7376195,82.8252,35.365852
22.226173,1.7376195,72.662605,40.023125
25.96017,1.7376195,73.17073,39.02439
34.495018,1.7376195,82.8252,33.841465
32.1835,1.7376195,88.92277,40.548782
30.059143,1.7376195,79.268295,33.841465
28.80512,1.520417,91.92203,34.756096
28.449503,2.0247078,95.020325,45.929596
28.627312,1.520417,114.32927,42.07317
28.80512,1.7376195,94.51219,37.5
28.271692,1.9268998,73.17073,42.378048
26.849218,1.520417,93.49593,43.90244
27.204836,1.7376195,91.46342,50.0
27.027027,2.1126764,109.24797,50.30488
27.921421,2.606429,152.94716,72.256096
32.894737,1.7376195,184.95935,69.32022
32.716927,1.7376195,150.74727,74.69512
29.641405,2.0891433,133.25613,62.5
26.849218,2.3146958,140.2439,65.243904
25.604551,1.7376195,103.000435,43.53866
23.470839,1.7376195,110.26423,52.743904
21.692745,1.7376195,93.49593,44.817074
21.692745,1.7376195,83.71697,40.548782
21.337126,1.7376195,86.89024,41.463413
30.000355,1.7376195,83.333336,36.890244
22.226173,1.7376195,81.189735,36.890244
25.782362,2.0952122,79.268295,42.987804
33.072548,1.7376195,87.39838,38.414635
32.894737,1.7376195,90.955284,43.214264
30.761023,1.954822,81.808945,44.207317
29.694168,1.7376195,76.727646,41.463413
28.982931,1.7376195,95.52846,39.939026
29.16074,1.7376195,117.37805,38.414635
29.947456,1.7376195,86.89024,42.6661
28.627312,1.520417,77.23577,39.37408
26.493599,1.520417,103.811676,41.98555
26.671408,1.7376195,96.03658,45.618504
26.849218,2.1605122,114.837395,51.525593
29.694168,1.520417,150.51437,78.65854
31.29445,1.7376195,166.15833,93.59756
32.1835,1.954822,121.77649,52.13694
28.982931,1.7376195,145.83333,68.597565
26.493599,1.7376195,127.032524,67.98781
25.426743,2.2234745,123.98374,53.76917
31.041946,1.7376195,109.24797,43.59756
21.692745,1.7376195,91.46342,41.463413
30.511765,1.7376195,88.92277,38.109756
29.48192,1.8324168,83.84146,36.585365
21.514936,1.7376195,79.374825,35.97561
21.870554,1.7376195,82.8252,39.02439
24.893314,1.7376195,81.808945,50.914635
32.53912,1.7096117,83.84146,42.07317
31.116644,1.8389846,82.31707,42.095398
30.938831,0.86880976,86.89024,43.90244
30.938831,1.3032146,91.97154,42.378048
30.583216,1.3032146,103.65854,50.30488
30.049788,1.3032146,109.445045,46.951214
30.938831,1.7376195,97.05285,35.97561
29.338549,1.7376195,84.349594,44.207317
27.738264,1.7376195,96.03658,48.47561
27.916075,1.7376195,100.10162,46.071712
32.82907,1.520417,117.37805,50.914635
28.982931,2.1968663,166.15854,64.939026
33.33983,1.7376195,177.3374,73.47561
30.761023,2.8236315,151.9759,76.21951
28.449503,1.7376195,141.10117,72.560974
26.13798,1.7376195,126.25874,65.85366
25.604551,2.3044257,130.0813,58.841465
23.470839,2.010996,100.03466,47.256096
22.403982,1.7376195,102.64227,47.500732
21.692745,1.7376195,95.020325,40.243904
21.337126,1.7376195,89.939026,35.97561
21.692745,1.7376195,82.8252,38.414635
21.692745,2.2781858,82.8252,36.585365
22.581793,1.7376195,74.69512,40.243904
25.248934,1.7376195,69.61382,33.23171
30.405403,2.1720243,84.85773,36.585365
25.18266,3.040834,110.772354,53.42508
32.1835,1.954822,119.84403,48.17073
32.36131,1.7376195,123.75562,51.52439
33.428165,1.7376195,116.71631,44.512196
33.605976,1.7376195,178.86179,41.15854
32.36131,1.8701539,155.48781,52.743904
32.527023,1.7376195,150.40651,58.536587
28.80512,1.7376195,135.67073,54.878048
28.093884,1.954822,147.35773,60.5228
29.51636,2.2617307,191.05692,67.98781
29.338549,2.176569,140.68262,68.29269
28.982931,1.7376195,202.23578,74.8273
27.027027,1.7376195,176.82927,66.768295
26.31579,1.7376195,155.99594,67.68293
25.426743,2.2432394,148.37398,60.360012
23.826458,2.3691823,140.75203,58.704254
22.403982,3.475239,121.44309,47.256096
30.21749,1.7376195,92.98781,46.341465
21.159317,2.3544765,83.333336,41.463413
21.692745,1.520417,75.203255,40.06366
21.514936,1.7376195,73.17073,36.890244
22.226173,1.7376195,66.05691,38.124443
23.29303,2.1150217,61.99187,33.536587
27.204836,1.7376195,82.31707,35.365852
32.53912,1.7376195,102.64227,39.02439
32.36131,1.7376195,130.58943,47.256096
32.716927,1.7376195,162.09349,62.887
33.25035,1.7376195,157.52032,42.987804
32.716927,1.7376195,132.62195,54.38397
30.473623,1.7376195,97.05285,45.211876
29.51636,1.9660314,96.544716,45.781933
28.271692,1.7376195,86.38211,46.646343
27.738264,1.7376195,107.21545,48.416924
29.267464,1.8355112,114.93859,48.758377
31.483278,1.954822,159.04471,63.756577
30.938831,1.7376195,164.12602,64.939026
28.271692,1.7376195,148.88211,68.902435
25.604551,1.7376195,133.13008,61.280487
25.248934,2.234307,124.49187,54.011105
30.493584,2.0092704,120.42683,48.780487
22.226173,1.7376195,101.11789,42.07317
21.692745,1.7376195,99.5935,38.414635
21.159317,1.520417,81.30081,41.29507
21.870554,2.282663,75.203255,40.853657
21.870554,1.7376195,73.67886,38.719513
25.248934,1.7376195,69.10569,38.832157
33.25035,1.7376195,82.31707,35.97561
30.535389,1.7376195,93.49593,42.07317
30.227596,1.7376195,88.414635,43.211308
30.405403,1.7376195,76.727646,35.365852
29.51636,1.9211849,96.544716,45.42683
30.075802,2.0096598,111.78862,50.48014
28.627312,1.520417,107.21545,41.76829
29.16074,1.3032146,99.74328,40.243904
27.560455,1.520417,80.79269,40.853657
27.916075,1.7376195,91.97154,41.76829
27.382647,1.7376195,98.06911,48.17073
28.80512,2.1720243,163.61789,75.60976
30.938831,1.7376195,158.94691,85.060974
32.894737,1.7376195,190.54878,73.78049
30.405403,1.7376195,134.7228,63.719513
26.493599,1.7376195,122.52289,61.890244
30.135298,2.1546938,122.45935,63.719513
23.115221,1.7376195,102.13415,46.646343
30.30792,1.7376195,89.939026,39.939026
21.692745,1.7376195,81.21273,38.109756
21.159317,1.7376195,73.17073,39.89601
29.53426,1.7376195,73.67886,45.121952
21.870554,1.7376195,84.711044,39.634148
25.071123,1.7376195,74.69512,40.26496
33.78378,1.7376195,77.743904,39.996517
32.005688,1.7376195,99.5935,42.987804
31.827883,1.7376195,93.49593,38.109756
30.405403,1.520417,108.791145,44.512196
32.005688,1.520417,100.60976,46.036587
32.53912,1.3032146,111.78862,50.30488
33.072548,1.7376195,117.56882,44.512196
28.627312,1.7376195,108.026146,46.951214
30.208307,1.7376195,88.92277,47.256096
27.738264,1.7376195,112.16127,50.609756
28.982931,1.7376195,103.150406,61.890244
30.405403,2.1720243,158.02846,64.1364
33.428165,1.7376195,171.99344,100.30488
33.961594,2.1870596,177.84554,91.46342
30.938831,1.7376195,173.27235,92.37805
26.671408,1.7376195,153.96341,93.29269
25.604551,1.7376195,136.687,56.409748
30.547335,1.7376195,111.78862,63.414635
29.935202,1.7376195,94.00407,54.878048
31.507898,1.520417,88.92277,42.57224
21.159317,1.7376195,78.76016,47.865852
21.514936,1.7376195,76.727646,46.646343
21.870554,1.7376195,71.138214,39.283863
25.426743,1.7376195,72.662605,50.609756
34.31721,1.7376195,91.46342,51.52439
30.06903,1.7376195,95.52846,56.09756
30.583216,1.8621261,89.939026,45.42683
29.871977,1.9174169,79.77642,41.639076
30.405403,1.6523784,102.11721,36.890244
29.08796,1.7070346,104.706245,40.548782
29.51636,1.7376195,90.44715,38.109756
29.338549,1.8631436,80.79269,38.719513
27.738264,1.520417,79.77642,46.341465
28.093884,2.0433066,73.67886,51.219513
28.80512,2.1720243,98.06911,47.937622
29.694168,2.606429,154.47154,85.97561
32.716927,1.7376195,195.12195,86.89024
32.716927,1.7376195,188.51627,78.96342
29.694168,2.3551705,165.6504,80.79269
27.738264,1.7376195,145.60297,77.439026
31.109182,1.7376195,118.39431,61.585365
23.29303,1.7376195,112.80488,52.743904
30.640911,1.7376195,102.13415,46.648598
22.048365,1.7376195,85.873985,49.390244
29.158598,1.9573623,86.38211,43.555656
22.048365,1.7376195,78.76016,42.987804
22.048365,1.7376195,87.18787,41.463413
29.52078,1.7376195,77.23577,49.390244
34.139404,1.7023731,90.44715,50.0
32.716927,1.7376195,93.49593,44.131073
30.761023,1.954822,85.873985,43.15878
31.472263,1.7376195,85.36585,43.292683
28.80512,1.7376195,88.414635,44.512196
28.449503,1.7376195,114.837395,50.0
28.80512,1.7376195,97.05285,45.41413
28.093884,1.520417,79.268295,35.365852
30.115694,1.8655131,97.560974,39.634148
27.560455,1.7376195,88.414635,45.42683
30.227596,1.7376195,114.837395,64.939026
30.761023,1.520417,169.71545,93.90243
32.894737,1.7376195,205.28455,106.70731
32.937504,2.439581,194.1057,85.36585
30.405403,1.7376195,173.27235,79.87805
26.849218,2.1712081,151.9309,61.477867
25.426743,1.7376195,124.49187,53.29172
29.256395,1.7376195,113.46331,47.340687
30.04271,1.7376195,117.706535,51.219513
21.870554,1.7376195,89.939026,44.11191
21.692745,1.7376195,94.51219,49.695118
21.870554,1.7376195,88.92277,45.121952
29.535873,1.7376195,81.30081,48.780487
29.776648,1.7376195,118.83439,53.963413
33.961594,1.7376195,90.44715,46.646343
32.894737,1.7376195,97.05285,49.390244
31.472263,0.86880976,112.87182,39.744255
30.583216,1.3032146,112.727905,43.213917
31.472263,1.3032146,101.11789,53.048782
30.227596,1.3032146,128.55692,57.317074
29.51636,1.7376195,114.837395,57.012196
31.1179,1.7376195,108.231705,46.646343
28.449503,1.8316779,107.61293,44.512196
28.80512,1.7376195,119.9187,51.82927
28.093884,1.520417,126.01626,52.229485
29.51636,2.1720243,151.65163,80.18293
32.95704,1.7376195,208.33333,95.731705
29.51636,2.8236315,195.63008,94.20731
32.96258,1.7376195,185.97562,95.42683
30.209948,1.7376195,156.36462,85.67073
25.071123,1.7376195,150.40651,78.65854
31.379557,1.7376195,131.09756,69.20731
22.403982,1.7376195,105.691055,48.589664
22.048365,1.7376195,90.955284,47.256096
21.692745,1.7376195,84.85773,42.94245
29.313988,1.7376195,107.587036,45.42683
22.048365,2.0381966,95.379005,46.646343
23.115221,1.7376195,70.12195,50.0
24.715506,1.7376195,78.76016,41.254196
27.34383,2.1720243,91.46342,44.207317
34.495018,3.040834,123.48126,42.987804
36.273117,1.954822,120.93496,42.378048
35.20626,1.7376195,107.89739,34.146343
34.139404,1.7376195,150.91463,42.682926
31.703104,1.9037836,132.11382,39.634148
31.472263,1.7376195,122.47344,51.82927
30.049788,1.7376195,129.57317,55.792683
29.338549,1.9991165,129.57317,54.78717
29.51636,1.954822,135.67073,57.317074
32.064915,2.3780682,175.30487,79.57317
30.583216,1.7376195,191.05692,76.82927
29.338549,2.3214278,177.3374,75.60976
32.832558,1.7376195,172.2561,82.01219
26.13798,1.7376195,154.47154,77.13415
25.071123,1.7376195,161.07724,77.743904
23.470839,1.7376195,146.8496,61.280487
22.226173,3.475239,120.42683,54.26829
21.692745,1.7376195,99.5935,53.658535
21.337126,1.520417,99.085365,46.036587
21.692745,1.520417,85.36585,45.73171
21.692745,1.7376195,86.89024,47.560974
22.403982,1.7376195,85.873985,43.393875
30.071072,1.7376195,83.84146,40.853657
27.027027,1.7376195,90.955284,39.634148
32.894737,1.7376195,107.72358,47.74968
33.25035,1.7376195,140.75203,51.82927
34.31721,1.7376195,127.235085,52.312336
34.85064,1.7376195,170.7317,64.99759
33.605976,1.7376195,134.65446,48.47561
31.29445,1.8483202,128.04878,47.256096
30.938831,1.520417,117.37805,49.077335
28.80512,2.0259333,113.31301,50.661804
29.618309,1.7376195,120.69218,55.487804
29.694168,1.7376195,159.04471,77.13415
33.306095,2.0603635,178.35365,68.80365
31.472263,1.7376195,221.54471,78.96342
30.049788,1.7376195,193.59756,72.46669
32.37063,1.7376195,158.53659,70.42683
25.248934,1.7376195,101.66169,42.98576
23.470839,1.7376195,134.14635,56.254284
30.077188,1.9886999,109.756096,48.47561
21.870554,1.7376195,99.085365,46.48597
21.514936,2.4790337,100.10162,53.658535
21.692745,1.7376195,82.31707,51.219513
22.048365,1.7376195,94.6015,40.61247
25.782362,1.7376195,83.333336,56.707317
30.950682,1.7376195,107.72358,50.30488
32.005688,1.7376195,107.21545,51.82927
30.299473,1.7376195,95.020325,45.121952
31.29445,1.7376195,88.92277,50.30488
32.005688,1.3032146,108.231705,52.743904
30.405403,1.3032146,118.902435,53.963413
28.449503,1.520417,95.020325,49.695118
28.449503,1.3032146,96.03658,48.17073
27.204836,1.520417,106.70731,53.963413
27.382647,2.216004,105.18293,62.5
27.738264,1.7376195,134.71553,68.29269
30.274952,2.1720243,181.40244,96.03658
31.65007,1.7376195,233.2317,108.53658
32.1835,1.7376195,161.2242,87.80488
30.583216,1.7376195,162.77863,91.768295
26.849218,1.7376195,157.01219,83.53658
25.071123,1.7376195,129.57317,70.12195
23.29303,1.7376195,97.20158,41.513813
21.692745,1.7376195,93.998344,40.440025
22.048365,1.7376195,96.28317,50.30488
21.514936,1.7376195,102.34157,55.487804
22.048365,1.7376195,90.44715,48.17073
21.870554,1.7376195,96.29023,50.30488
25.604551,1.7376195,83.333336,54.57317
33.072548,1.7376195,94.00407,51.52439
32.1835,1.7376195,94.51219,51.52439
29.998608,1.7376195,89.939026,43.4909
29.037024,1.9338646,83.84146,46.341465
28.982931,1.520417,99.5935,47.865852
29.871977,1.3032146,107.21545,44.817074
30.55245,1.7376195,94.00407,39.02439
28.627312,1.7376195,84.85773,48.47561
29.49806,1.7376195,79.77642,57.92683
27.560455,1.7376195,87.9065,60.97561
28.627312,1.7376195,121.44309,69.51219
31.472263,2.1720243,191.56505,95.731705
32.53912,1.7376195,232.21545,102.13415
30.405403,1.7376195,215.44716,95.731705
29.16074,1.7376195,183.43495,86.585365
30.283558,1.7376195,158.68144,87.19512
25.604551,1.7376195,133.12671,71.34146
30.149734,1.7376195,129.45772,60.67073
22.048365,1.7376195,114.32927,59.146343
22.581793,1.520417,91.46342,53.048782
21.870554,1.7376195,89.43089,55.487804
22.226173,2.1021698,98.63499,50.0
22.226173,1.7376195,95.622,41.00477
28.447908,2.0243673,78.76016,56.09756
34.139404,1.7376195,96.544716,55.182926
33.961594,1.7376195,102.13415,45.75957
30.941113,1.7376195,103.150406,46.341465
31.8442,1.520417,90.955284,39.02439
32.145123,1.520417,89.939026,38.414635
28.982931,1.9830132,94.51219,45.231907
29.694168,1.7376195,85.873985,33.841465
28.982931,1.520417,111.777626,44.88885
28.271692,1.520417,99.31998,41.76829
28.627312,1.7376195,88.92277,47.256096
28.449503,2.1720243,116.86992,70.12195
29.338549,2.606429,179.87805,88.414635
33.25035,1.7376195,206.30081,92.98781
32.53912,1.7376195,184.95935,93.59756
31.827883,1.7376195,170.88641,99.390236
26.493599,2.653693,168.69919,89.63415
31.623978,1.7376195,144.81708,75.914635
31.785217,1.7376195,135.1626,61.890244
21.870554,1.7376195,102.55237,54.878048
29.761238,1.7376195,119.85472,54.878048
21.870554,1.7376195,87.9065,59.756096
22.048365,2.471969,85.36585,57.621952
22.226173,1.7376195,79.268295,41.652657
25.782362,1.7376195,79.268295,56.707317
33.428165,1.7765539,95.52846,56.09756
32.1835,1.8088039,99.5935,49.695118
31.65007,1.954822,102.64227,50.609756
28.627312,1.7376195,118.81689,54.878048
29.871977,1.7376195,92.98781,53.963413
28.627312,1.7376195,110.26423,45.73171
28.80512,1.7376195,94.00407,47.256096
27.916075,1.520417,101.28703,42.987804
26.31579,2.1062016,86.38211,47.560974
30.325975,1.7376195,100.10162,56.40244
27.560455,1.7376195,115.85366,66.768295
28.627312,2.5359437,160.29323,89.939026
32.1835,1.7376195,224.59349,80.49052
30.938831,1.954822,215.95529,96.03658
29.871977,1.7376195,192.07317,85.060974
26.13798,2.588449,159.04471,82.62194
24.893314,1.7376195,135.67073,69.51219
23.115221,1.7376195,105.175865,55.487804
21.692745,1.7376195,109.756096,49.695118
22.048365,1.7376195,93.22164,46.951214
29.912241,1.7376195,90.955284,43.85401
21.692745,1.7376195,94.295906,40.60981
21.870554,2.4672794,75.71138,57.621952
24.893314,1.7376195,79.77642,65.243904
32.1835,1.7658266,122.3622,51.557167
32.36131,1.8353095,104.6748,53.048782
30.227596,0.86880976,109.756096,48.47561
33.333923,1.3032146,91.46342,45.42683
30.049788,1.8602216,108.231705,40.853657
27.560455,1.3032146,113.82114,38.719513
28.627312,1.7376195,93.61659,35.365852
27.738264,1.7376195,85.36585,30.487804
26.671408,1.7376195,112.296745,36.585365
26.13798,1.7376195,125.50814,53.413292
28.627312,1.520417,138.21138,63.719513
30.553837,2.1720243,193.08943,82.01219
30.938831,1.7376195,233.2317,85.97561
29.51636,2.8236315,221.54471,89.63415
33.024963,1.7376195,207.82521,97.256096
25.782362,2.310175,180.38618,70.37788
24.537695,1.7376195,146.8496,77.13415
23.470839,1.7376195,140.2439,67.37805
22.403982,1.7376195,109.756096,60.060974
30.10337,1.7376195,96.03658,53.353657
21.514936,2.4139338,88.414635,44.071186
22.048365,1.7376195,83.84146,45.73171
26.426275,2.1720243,75.71138,49.390244
22.581793,1.7376195,70.12195,39.35005
24.359886,2.2412603,70.63008,40.152107
27.916075,2.1720243,92.479675,46.643982
25.394075,3.040834,117.88618,47.256096
31.827883,1.954822,130.58943,48.17073
32.005688,1.7376195,136.17886,54.26829
31.65007,1.7376195,130.0813,61.585365
30.213772,1.7376195,132.95184,64.02439
31.29445,1.7376195,143.1299,68.597565
29.694168,1.7376195,133.63821,63.109756
28.271692,1.7376195,146.34146,60.67073
31.439735,2.218507,153.45529,66.15854
28.449503,1.7376195,205.79268,81.70731
29.16074,1.7376195,236.28049,84.54533
32.566387,1.7376195,217.98781,100.30488
27.916075,2.710323,179.36992,101.21951
26.13798,1.7376195,171.23984,96.64634
25.248934,1.7376195,167.68292,90.54878
24.004267,1.7376195,158.02846,75.30488
22.403982,3.475239,132.62195,60.67073
30.415995,1.7376195,100.10162,56.09756
31.421652,1.520417,87.39838,53.353657
22.048365,1.520417,77.743904,53.963413
21.692745,1.7376195,74.18699,57.317074
28.761463,1.7376195,73.67886,63.414635
22.759602,2.392434,78.25203,56.40244
26.493599,1.7376195,113.48803,55.182926
30.845264,1.7376195,113.31301,57.012196
31.250172,1.7376195,121.95122,53.963413
37.69559,1.7376195,186.48373,68.66834
38.762447,1.7152082,194.61382,67.98781
35.917496,1.7376195,133.63821,64.939026
32.894737,1.7376195,103.150406,51.219513
30.761023,1.8996178,119.9187,51.668987
29.397532,2.0208635,94.51219,55.792683
28.80512,1.7376195,111.78862,64.63415
29.51636,2.0370927,165.6504,64.969025
30.405403,2.005601,167.17479,65.75974
30.761023,2.2309995,194.1057,75.60976
28.449503,1.7376195,157.55844,88.10975
26.31579,1.7376195,141.59882,76.5244
32.287296,1.7376195,155.48781,69.20731
23.470839,2.3870544,135.67073,57.444958
31.16644,1.7376195,110.772354,44.817074
22.403982,1.7376195,99.085365,43.59756
21.692745,2.435779,99.5935,49.085365
22.048365,2.3617773,88.414635,47.865852
30.073124,1.7376195,89.43089,53.048782
25.426743,1.7376195,85.36585,56.707317
32.894737,1.7376195,99.5935,59.146343
32.005688,1.7376195,124.65748,53.353657
30.554295,1.7376195,102.64227,47.865852
28.982931,2.0212514,90.955284,53.048782
29.871977,1.3032146,107.72358,54.57317
33.81138,1.3032146,110.772354,56.40244
28.982931,1.520417,86.89024,41.78338
29.51636,1.3032146,70.12195,51.52439
27.738264,1.520417,117.966415,57.012196
29.408989,1.9396411,87.39838,43.627987
27.738264,1.7376195,113.82114,72.560974
29.338549,2.4676738,193.59756,89.02439
31.472263,2.5005603,226.11789,120.12195
31.472263,2.4645433,221.03659,106.70731
29.51636,1.7376195,198.17073,73.55739
26.671408,1.7376195,163.59697,95.42683
24.893314,1.7376195,136.687,78.65854
22.93741,1.7376195,128.8705,73.78049
21.692745,1.7376195,114.02336,63.719513
22.048365,2.3905983,89.939026,44.449097
21.692745,2.4442556,85.36585,43.699078
22.226173,1.7376195,83.333336,57.621952
21.514936,1.7376195,82.31707,56.707317
24.715506,1.7376195,90.44715,60.060974
32.36131,1.7376195,106.70731,64.32927
31.116644,1.7376195,103.150406,59.451218
32.36131,1.7376195,98.57723,53.353657
32.894737,1.520417,132.19186,57.92683
33.072548,1.8304459,108.231705,55.792683
32.005688,1.3032146,105.691055,56.09756
31.65007,1.8433334,86.89024,52.134148
32.36131,1.7376195,129.7577,55.182926
28.627312,1.7376195,101.11789,46.422287
28.093884,1.7376195,98.57723,45.904152
28.093884,1.7376195,152.19405,82.31708
30.583216,2.4999685,196.13821,103.04878
32.005688,2.393005,242.37805,114.939026
31.472263,1.7376195,207.31708,75.776794
30.227596,2.6431668,194.1057,115.54878
28.093884,1.7376195,171.23984,98.47561
26.31579,1.7376195,159.04471,92.98781
31.286417,1.7376195,139.22765,78.65854
22.403982,1.7376195,95.92541,41.131306
22.581793,1.520417,102.64227,46.752968
22.048365,1.7376195,117.60638,66.46342
22.759602,1.7376195,88.92277,64.939026
23.115221,1.7376195,80.28455,72.560974
25.426743,1.7376195,89.43089,67.37805
33.25035,1.7376195,103.65854,67.98781
30.515345,1.7376195,109.24797,58.841465
30.938831,1.7376195,91.46342,55.792683
29.871977,1.520417,107.71703,45.42683
29.871977,1.520417,108.231705,56.40244
29.338549,1.520417,128.04878,52.208897
29.338549,1.7376195,95.020325,53.048782
28.627312,1.520417,121.58825,57.621952
27.382647,2.1617875,99.5935,57.621952
27.382647,2.1639328,102.13415,56.707317
27.738264,2.1720243,138.15417,68.29269
28.982931,2.606429,194.1057,76.62229
31.116644,1.7376195,238.313,84.8275
32.36131,1.7376195,210.36586,107.92683
32.56157,1.7376195,208.33333,101.52439
28.449503,1.7376195,171.74797,100.914635
26.31579,1.7376195,149.39024,60.14498
23.29303,1.7376195,140.75203,58.07913
30.228016,1.7376195,104.6748,70.42683
29.754782,1.7376195,92.479675,60.97561
22.048365,1.7376195,98.06911,71.03659
22.93741,1.7376195,85.36585,43.10947
22.759602,1.7376195,83.84146,61.280487
25.96017,1.7376195,125.96824,65.85366
33.78378,1.7376195,124.28206,51.012245
32.36131,1.9573236,106.19919,65.85366
32.1835,1.8767189,92.479675,57.621952
30.049788,1.7376195,129.29474,59.451218
29.51636,1.7376195,108.231705,60.67073
31.29445,1.7376195,116.86992,53.963413
30.240839,1.7376195,95.52846,44.916515
28.80512,1.520417,90.44715,62.5
27.027027,2.225879,87.39838,63.109756
29.881868,1.7376195,95.020325,58.841465
28.271692,1.7376195,133.13008,72.560974
31.008844,2.6496234,188.51627,107.01219
31.827883,1.7376195,222.56097,121.64634
32.005688,1.954822,224.08537,81.64562
29.338549,1.7376195,210.87398,99.69512
27.560455,1.7376195,204.77643,93.90243
26.31579,1.7376195,164.12602,89.02439
23.29303,1.7376195,127.54066,67.68293
30.094007,2.0716765,111.78862,59.451218
22.403982,1.7376195,96.544716,58.23171
29.845102,1.7376195,95.52846,64.32927
22.581793,2.4570577,95.020325,58.23171
22.759602,1.7376195,86.89024,60.365852
24.715506,1.7376195,88.92277,64.02439
33.072548,1.7376195,103.150406,66.46342
31.472263,1.7376195,102.64227,46.21741
31.29445,0.86880976,106.19919,50.0
30.583216,1.3032146,116.43383,51.52439
32.894737,1.7906388,107.72358,48.62525
31.472263,1.3032146,119.905945,51.52439
30.761023,1.7376195,111.28049,51.52439
29.16074,1.9292029,105.18293,45.42683
28.449503,1.7376195,97.05285,50.914635
28.093884,1.7376195,108.81379,45.51603
28.449503,1.520417,124.49187,64.32927
28.093884,2.1720243,184.95935,83.231705
29.16074,2.460661,206.80894,87.80488
30.049788,2.8236315,158.53244,85.060974
28.80512,1.7376195,189.02438,84.756096
33.19384,1.7376195,181.91057,78.96342
32.498234,1.7376195,163.61789,78.04878
24.537695,1.7376195,139.22765,66.768295
23.115221,1.7376195,120.93496,52.43903
22.759602,2.3787208,104.166664,49.085365
22.048365,1.7376195,100.10162,55.792683
22.93741,1.7376195,92.98781,46.036587
23.29303,2.1720243,98.620514,46.036587
23.826458,1.7376195,83.84146,53.963413
29.464073,1.9792957,93.49593,51.52439
28.271692,2.1720243,107.21545,50.53231
32.716927,3.040834,129.41252,49.695118
33.961594,1.954822,137.70325,55.792683
34.31721,1.7376195,152.43903,59.461323
33.605976,1.7376195,123.6908,50.778343
32.716927,1.7376195,129.28041,54.57317
33.78378,1.7376195,151.42276,49.085365
32.716927,1.7376195,139.22765,57.012196
29.871977,1.7376195,133.63821,55.792683
29.694168,1.954822,159.04471,63.270466
28.982931,1.8468605,114.42692,48.60438
32.703125,1.7376195,217.98781,98.17073
29.338549,1.7376195,161.37654,91.15854
27.916075,2.570632,223.57724,91.15854
27.204836,1.7376195,214.93903,93.90243
26.31579,1.7376195,183.94308,86.28049
24.893314,1.7376195,146.8496,78.35366
22.581793,3.475239,131.6057,58.453922
30.599945,1.7376195,116.361786,67.68293
21.692745,1.520417,106.70731,48.037327
22.226173,2.4063284,100.60976,47.409515
22.759602,1.7376195,90.44715,52.134148
22.226173,1.7376195,103.75523,55.487804
29.7882,1.7376195,86.89024,52.743904
26.671408,1.7376195,99.085365,46.341465
31.827883,1.7376195,130.58943,49.085365
33.25035,1.7376195,144.30894,46.341465
34.139404,1.7376195,154.47154,60.275303
35.20626,1.7376195,173.78049,65.85142
32.894737,1.7599858,123.96158,48.17073
30.938831,1.7376195,117.636055,48.756863
29.99517,1.9795798,104.6748,49.695118
28.449503,1.7376195,115.34553,44.512196
28.80512,1.7376195,143.29268,54.26829
29.16074,1.7376195,170.22357,80.18293
30.938831,1.954822,194.1057,89.02439
32.005688,1.7376195,158.33656,84.756096
28.449503,2.532647,186.99187,89.939026
27.560455,1.7376195,187.5,88.414635
26.849218,1.7376195,146.4086,79.57317
30.852026,1.7376195,119.9187,66.46342
22.759602,1.7376195,114.32927,60.365852
22.403982,1.7376195,107.21545,57.621952
22.048365,1.520417,98.06911,64.63415
29.869518,1.7376195,86.38211,42.863388
23.826458,1.7376195,89.43089,55.182926
25.604551,2.2821152,85.873985,59.756096
33.605976,1.7376195,123.98505,50.937447
29.770538,1.7376195,122.14254,56.40244
32.1835,1.7376195,101.626015,55.182926
32.1835,1.8234903,96.03658,53.353657
32.894737,1.3032146,100.60976,50.0
31.29445,1.3032146,116.86157,44.86261
31.65007,1.520417,96.03658,57.92683
30.405403,1.3032146,89.43089,59.146343
31.814507,1.520417,92.98781,43.515285
27.916075,1.7376195,94.51219,61.280487
28.093884,1.7376195,115.34553,69.81707
29.338549,2.1720243,184.45122,95.42683
32.36131,2.4454024,229.67479,117.68293
32.894737,1.7376195,235.26422,96.95122
31.116644,2.428144,220.02032,98.78049
28.449503,1.7376195,182.4187,93.29269
27.738264,1.7376195,146.34146,86.585365
24.359886,1.7376195,117.88618,51.68248
22.403982,1.7376195,108.231705,64.63415
22.759602,1.7376195,110.26423,56.40244
21.514936,1.7376195,114.07362,64.02439
29.14844,2.0356634,89.939026,58.23171
23.29303,1.7376195,98.92647,42.2678
26.31579,1.7376195,90.955284,63.719513
35.20626,1.7376195,110.26423,71.95122
32.894737,1.8901083,107.21545,60.365852
31.472263,1.7376195,123.98374,50.609756
29.871977,1.520417,107.21545,52.743904
29.871977,1.520417,110.772354,67.37805
29.871977,1.3032146,129.10709,61.890244
30.400272,1.7376195,103.150406,46.964027
28.982931,1.7376195,87.9065,60.365852
27.738264,1.7376195,116.17992,54.878048
28.449503,1.7376195,103.65854,60.97561
28.80512,2.2342663,138.21138,69.51219
30.405403,2.1720243,200.71138,96.03658
32.716927,1.7376195,247.45935,87.10627
32.53912,1.7376195,184.81668,118.29269
31.116644,1.7376195,236.78862,84.02367
27.738264,1.7376195,197.15446,97.256096
30.486814,1.7376195,158.46431,86.89024
31.19508,2.0550497,139.73578,58.315098
21.870554,1.7376195,109.24797,64.32927
32.10258,1.520417,99.5935,45.03751
21.692745,1.7376195,117.26195,66.15854
29.894539,1.7376195,97.05285,59.146343
23.29303,1.7376195,90.955284,65.85366
24.715506,1.7376195,97.05285,68.29269
32.894737,1.7376195,117.37805,70.12195
30.963963,1.7376195,114.32927,59.146343
31.65007,1.7376195,106.19919,59.451218
31.079449,1.520417,121.578835,56.09756
31.65007,1.520417,122.99708,52.43903
30.227596,1.520417,116.93203,50.914635
28.982931,1.8671024,115.359085,50.30488
29.694168,1.520417,115.32098,51.219513
28.627312,1.520417,121.46685,58.536587
29.16074,1.7376195,111.7269,46.489845
28.80512,2.1720243,140.2439,71.03659
29.16074,2.606429,214.4309,105.48781
32.1835,2.329461,250.50813,131.70732
34.31721,1.7376195,235.26422,83.400154
31.116644,2.446082,192.5813,98.17073
32.409016,1.7376195,195.63008,102.439026
26.849218,1.7376195,163.61789,84.756096
24.715506,1.7376195,129.57317,66.46342
22.403982,1.7376195,108.73984,69.20731
21.870554,1.7376195,96.544716,64.02439
28.922392,2.125195,91.46342,67.07317
29.787155,1.7376195,97.05285,62.19512
22.403982,1.7376195,110.05473,60.060974
30.349945,1.7376195,95.020325,44.733753
33.072548,1.7376195,110.772354,71.64634
34.495018,1.7376195,143.12073,62.80488
32.894737,1.954822,111.28049,49.584423
31.65007,1.7376195,133.39798,59.756096
31.29445,1.7376195,107.21545,60.97561
30.405403,1.7376195,115.860695,48.08368
29.338549,1.8803777,118.474304,51.219513
28.627312,1.849318,113.6576,48.17073
27.560455,1.520417,97.560974,44.681316
27.738264,2.1712694,106.70731,60.060974
31.253538,2.0370128,138.71951,57.507095
29.186653,2.5934076,170.05132,101.52439
32.716927,1.7376195,229.67479,116.768295
32.53912,1.954822,234.24797,111.585365
31.65007,1.7376195,217.98781,102.743904
34.66227,1.7376195,194.61382,72.9876
28.271692,1.7376195,155.99594,72.86585
25.782362,2.243443,131.09756,56.117558
23.29303,2.5316231,117.37805,64.63415
21.870554,1.7376195,105.18293,48.395042
21.692745,1.7376195,98.57723,66.46342
22.048365,1.7376195,110.26408,60.97561
29.812756,1.7376195,91.46342,57.621952
25.96017,1.7376195,90.44715,67.07317
29.432909,2.196397,111.28049,68.902435
33.072548,1.7376195,105.691055,60.67073
30.761023,0.86880976,117.05122,53.048782
32.005688,1.3032146,102.64227,60.97561
31.827883,1.3032146,105.691055,56.707317
30.405403,1.3032146,113.44708,43.610653
29.16074,1.7376195,101.626015,46.66049
28.982931,1.7376195,96.544716,47.560974
30.773935,1.7376195,109.24797,48.615723
30.405403,1.7376195,117.37805,52.134148
32.716927,1.520417,144.30894,60.97561
32.005688,2.1720243,192.07317,96.64634
32.36131,1.7376195,230.18292,112.5
27.71803,2.8236315,179.94197,109.756096
29.068155,2.5691938,166.38676,96.95122
27.382647,1.7376195,184.45122,85.67073
33.386356,1.7376195,163.10976,63.445858
25.071123,2.516137,143.29268,74.69512
22.581793,2.4096525,123.98374,54.13873
22.403982,1.7376195,109.24797,63.719513
21.692745,1.7376195,108.231705,65.243904
30.3231,1.7376195,100.60976,59.451218
21.870554,2.1720243,120.71927,64.939026
29.00248,2.1553855,98.06911,67.68293
25.248934,1.7376195,106.19919,58.841465
29.694168,2.1720243,104.166664,56.40244
33.605976,3.040834,132.11382,54.878048
33.072548,1.9158183,127.54066,61.280487
34.139404,1.7376195,145.83333,57.725105
35.56188,1.7376195,163.61789,62.90215
34.139404,1.7376195,151.42276,62.19512
31.603783,1.7376195,140.75203,69.51219
33.25035,1.7376195,148.37398,67.07317
31.116644,1.7376195,136.17886,69.20731
31.417738,1.954822,173.78049,74.085365
30.405403,1.7376195,214.4309,91.46342
35.08363,2.1358998,223.0691,81.97593
29.871977,1.7376195,231.70732,95.731705
28.093884,1.7376195,202.23578,92.98781
26.671408,2.6685698,160.4815,90.54878
25.604551,1.7376195,167.17479,83.53658
25.071123,1.7376195,101.35306,42.898422
22.581793,2.4417098,140.75203,59.14201
22.048365,1.7376195,119.41057,75.60976
29.773159,2.0141308,107.72358,49.38876
21.870554,1.520417,94.00407,44.517963
22.048365,1.7376195,92.479675,44.84435
22.403982,1.7376195,82.8252,65.243904
24.182077,1.7376195,86.89024,43.599583
31.13631,1.7376195,112.296745,53.353657
34.139404,1.7376195,102.13415,58.23171
35.56188,1.7376195,128.52013,52.532295
36.450924,1.7376195,155.48781,60.287918
35.20626,1.7376195,192.5813,66.768295
33.25035,1.8390775,136.687,55.792683
31.827883,1.7376195,116.86992,55.487804
32.005688,1.520417,111.28049,52.134148
28.80512,1.7376195,106.70731,51.82927
29.338549,1.7376195,147.18794,74.69512
29.694168,1.7376195,193.59756,105.79269
30.405403,1.954822,223.0691,100.60976
30.938831,1.7376195,217.47968,85.36585
29.871977,1.7376195,179.36992,86.28049
27.027027,1.7376195,166.66667,105.48781
25.782362,1.7376195,143.29268,58.090366
24.359886,1.7376195,142.27643,58.27562
22.759602,1.7376195,118.39431,66.768295
21.870554,1.7376195,109.24797,57.92683
21.514936,2.6196768,105.18293,67.37805
22.93741,1.7376195,96.03658,61.890244
23.29303,1.7376195,89.939026,44.523746
25.96017,2.1668177,90.44715,44.98648
31.004309,1.7376195,122.45935,68.29269
32.36131,1.7376195,120.93496,64.32927
31.472263,1.7376195,113.31301,60.060974
29.782476,1.7376195,97.05285,63.414635
34.194145,1.3032146,112.296745,47.51234
31.29445,1.3032146,118.39431,64.32927
29.51636,1.520417,100.10162,56.40244
29.338549,1.9386209,82.31707,42.290848
28.449503,2.133193,92.479675,63.414635
28.271692,1.7376195,106.19919,68.597565
28.093884,1.7376195,138.21138,86.89024
28.982931,2.1720243,207.31708,110.97561
31.827883,2.5185795,217.47968,136.28049
29.623344,2.7411604,211.89024,131.70732
30.361225,1.7376195,206.30081,122.86585
27.027027,2.7215216,206.80894,98.78049
31.740288,1.7376195,153.45529,89.939026
24.182077,1.7376195,142.27643,58.045605
22.759602,2.3914194,116.361786,51.931313
22.226173,1.7376195,97.05285,69.20731
29.025597,2.1609578,95.52846,70.42683
21.692745,1.7376195,109.00708,60.67073
29.366587,2.0523427,97.05285,58.23171
25.248934,2.4042852,97.560974,69.20731
33.605976,1.7376195,114.32927,49.423878
31.65007,1.7376195,104.166664,46.585804
31.29445,1.7376195,99.085365,57.012196
29.51636,2.1415882,138.03065,66.15854
30.049788,1.520417,103.150406,63.719513
30.227596,1.3032146,123.47561,68.902435
31.472263,1.7376195,109.756096,58.841465
30.583216,1.7376195,123.30662,53.963413
29.76257,1.7376195,96.544716,68.29269
27.027027,2.2894368,102.64227,66.768295
27.738264,1.7376195,133.63821,55.205364
28.80512,2.1720243,204.77643,105.79269
29.943945,1.7376195,186.67319,123.17073
32.1835,1.7376195,181.31612,113.414635
31.116644,1.7376195,221.03659,79.666664
32.34836,1.7376195,202.7439,103.65854
26.493599,1.7376195,161.07724,90.243904
30.286358,1.7376195,146.27126,75.30488
30.151323,2.207439,127.032524,67.98781
21.692745,2.6086385,108.73984,63.414635
30.090117,1.7376195,103.65854,69.51219
22.226173,1.7376195,100.10162,63.719513
22.226173,2.5663373,86.38211,68.29269
25.426743,1.7376195,87.39838,64.02439
33.605976,1.7376195,112.80488,74.39024
31.046106,1.7376195,116.86992,50.880188
31.116644,2.0118883,106.70731,65.85366
31.635891,1.520417,97.560974,57.621952
31.65007,1.520417,111.28049,54.878048
29.338549,2.05549,131.00157,61.280487
30.143421,2.0017254,106.70731,53.353657
28.627312,1.520417,115.97912,53.963413
27.204836,2.1051288,94.51219,45.96094
30.779083,1.7376195,111.28049,61.585365
27.204836,2.4288795,132.62195,78.96342
28.80512,2.606429,191.05692,105.18293
31.116644,2.5208817,226.11789,118.902435
32.1835,1.7376195,214.93903,101.21951
30.049788,1.7376195,114.84556,47.69028
27.027027,1.7376195,190.54878,105.79269
25.604551,1.7376195,144.81708,81.097565
23.826458,1.7376195,149.89838,69.81707
21.692745,1.7376195,115.451324,65.85366
21.692745,1.7376195,104.6748,47.959373
21.159317,2.6242104,100.10162,66.46342
21.870554,1.7376195,99.5935,61.585365
21.870554,1.7376195,97.05285,59.146343
29.725697,1.7376195,96.544716,67.37805
33.072548,1.7376195,113.82114,74.39024
31.827883,1.7376195,108.231705,61.890244
30.583216,1.954822,108.231705,52.43903
28.80512,1.7376195,104.6748,52.743904
28.271692,1.7376195,108.231705,64.02439
28.982931,2.0320704,125.372444,57.621952
28.80512,2.0572965,101.626015,53.353657
28.627312,1.520417,89.43089,54.57317
27.382647,1.520417,92.98781,58.23171
26.493599,1.7376195,114.837395,50.37843
27.204836,1.7376195,140.75203,74.69512
29.338549,1.520417,162.23903,90.85366
32.36131,2.4297886,207.31708,110.97561
31.65007,1.954822,213.92276,116.768295
30.227596,1.7376195,218.49594,107.01219
32.77043,1.7376195,184.45122,98.47561
26.671408,1.7376195,157.01219,91.15854
24.004267,1.7376195,133.63821,56.179276
30.814682,1.9702702,117.37805,51.502693
21.692745,1.7376195,94.38258,40.651897
21.159317,1.7376195,100.60976,46.687252
29.784805,1.7376195,90.44715,58.536587
22.226173,1.7376195,108.052055,59.451218
24.537695,1.7376195,92.98781,64.63415
33.605976,1.7376195,111.28049,48.4205
33.072548,1.8473252,108.73984,59.451218
32.36131,0.86880976,112.80488,44.80734
31.472263,1.3032146,94.00407,48.780487
33.52713,1.3032146,108.231705,59.146343
29.338549,1.3032146,124.49187,51.82927
29.40445,1.7376195,110.34312,47.560974
28.449503,1.7376195,100.60976,47.256096
27.382647,2.1515088,108.231705,55.487804
26.31579,1.7376195,107.21545,58.23171
33.658623,1.520417,142.27643,65.54878
28.093884,2.1720243,182.92683,81.097565
28.982931,1.7376195,201.21951,102.439026
30.049788,2.8236315,213.41463,90.54878
34.718025,1.7376195,197.15446,73.49317
26.31579,1.7376195,176.32114,84.756096
32.101242,2.043889,154.47154,61.951225
30.450293,1.7376195,154.15695,82.62194
28.96471,2.230963,105.18293,72.560974
29.8878,1.7376195,94.00407,61.280487
21.514936,1.7376195,82.31707,42.276146
28.45394,2.016089,78.25203,55.182926
21.337126,2.1720243,113.07681,59.756096
28.545822,1.9904864,82.8252,42.80415
29.28162,1.7376195,78.25203,61.280487
28.627312,2.1720243,86.38211,56.40244
33.428165,3.040834,132.11382,60.427353
33.072548,1.954822,141.7683,58.082478
32.01871,2.1264014,158.02846,57.317074
33.428165,1.7376195,170.7317,56.707317
32.716927,1.7376195,128.55692,53.01045
31.65007,1.7376195,123.98374,49.695118
32.056778,1.7376195,135.1626,55.182926
30.761023,1.7376195,128.55692,53.658535
29.694168,1.954822,153.96341,64.63415
30.583216,1.7376195,207.31708,75.76288
31.827883,2.2708352,210.36586,84.756096
29.51636,1.7376195,207.31708,90.243904
31.467325,2.5277226,174.28862,92.98781
27.027027,1.7376195,161.58537,93.29269
25.96017,1.7376195,142.54813,78.04878
30.658617,2.3014112,142.78455,75.60976
22.93741,3.475239,145.84445,71.03659
22.048365,1.7376195,109.24797,64.939026
31.917982,1.520417,98.57723,44.581654
21.870554,2.548155,82.31707,62.5
21.514936,1.7376195,81.808945,57.92683
22.581793,1.7376195,78.25203,70.731705
29.864904,1.7376195,86.38211,42.592434
27.738264,2.099561,94.51219,52.134148
32.894737,1.7376195,113.31301,54.878048
33.428165,1.7376195,142.78455,58.536587
34.495018,1.7376195,158.53659,61.280487
34.672832,1.7376195,159.55284,61.84376
31.211294,1.7376195,125.0,59.451218
31.65007,1.7376195,105.691055,65.54878
29.594988,2.018628,98.57723,55.182926
27.916075,1.7376195,92.479675,56.707317
29.16074,1.7376195,131.09756,61.280487
28.982931,2.066473,179.87805,68.949234
30.761023,1.954822,195.12195,100.30488
30.761023,1.7376195,204.77643,92.37805
28.982931,1.7376195,198.17073,99.085365
25.96017,1.7376195,171.74797,78.04878
25.071123,1.7376195,138.21138,80.48781
23.470839,1.7376195,126.52439,67.68293
21.870554,1.7376195,101.11789,59.451218
21.337126,1.7376195,92.479675,55.182926
20.981508,1.520417,85.873985,59.451218
21.337126,1.7376195,85.873985,57.621952
21.514936,1.7376195,78.25203,56.40244
28.696583,2.0115612,85.873985,52.134148
32.005688,1.7376195,106.19919,63.719513
33.78378,1.7376195,128.15036,51.52439
30.021452,1.7376195,88.92277,50.30488
31.116644,1.8145163,75.71138,48.17073
30.227596,1.9738992,85.36585,57.621952
29.51636,1.3032146,129.6984,64.02439
31.333143,1.520417,90.955284,56.09756
28.80512,1.3032146,79.77642,60.67073
29.052008,2.0909145,91.97154,63.719513
27.382647,1.7376195,134.71342,69.20731
31.444595,1.7376195,118.39431,51.05716
28.449503,2.1720243,176.32114,92.68293
30.583216,1.7376195,206.80894,107.62195
31.29445,1.7376195,161.85449,88.414635
28.80512,1.7376195,206.80894,95.42683
26.849218,1.7376195,180.38618,78.96342
32.63353,1.7376195,165.6504,74.69512
23.470839,2.592807,132.62195,71.34146
21.692745,1.7376195,123.1163,70.42683
29.66626,1.7376195,93.49593,61.585365
21.159317,2.6489167,90.44715,66.15854
21.692745,1.7376195,96.03658,60.97561
21.692745,1.7376195,85.873985,58.841465
25.248934,1.7376195,82.31707,42.15962
32.1835,1.7376195,149.08846,72.256096
32.005688,1.7376195,132.23352,59.146343
31.472263,1.7376195,88.414635,57.621952
30.405403,1.520417,96.03658,50.914635
28.449503,2.1384654,110.772354,60.060974
28.271692,1.3032146,123.47561,50.00601
28.271692,1.7376195,114.837395,53.963413
28.449503,1.7376195,101.11789,54.878048
30.667133,1.7376195,110.772354,59.451218
26.13798,1.7376195,104.6748,60.67073
26.849218,1.7376195,123.98374,52.677597
27.916075,2.608713,178.86179,93.90243
29.631575,1.7376195,178.70946,113.10976
31.254694,1.7376195,229.16667,123.78049
29.16074,1.7376195,197.15446,94.81707
26.849218,1.7376195,176.32114,92.07317
25.782362,1.7376195,148.88211,91.15854
23.826458,1.7376195,128.04878,77.439026
22.048365,2.452808,113.31301,51.25227
21.514936,1.520417,91.97154,55.487804
21.337126,1.7376195,84.85773,42.957443
21.514936,1.7376195,81.30081,41.980896
29.494745,2.1439507,135.5,64.939026
24.359886,1.7376195,119.4714,63.414635
29.694168,1.7376195,135.9503,66.15854
29.582916,2.08614,102.64227,61.585365
32.894737,1.7376195,98.06911,65.243904
30.761023,1.520417,90.44715,51.219513
29.871977,1.520417,109.756096,47.594963
29.871977,1.520417,137.95538,67.98781
29.694168,2.0795157,115.34553,59.451218
29.338549,2.049845,98.57723,58.841465
28.449503,1.520417,113.82114,48.663494
27.560455,2.274536,121.95122,68.902435
28.894218,2.1720243,152.94716,81.70731
28.80512,2.606429,218.49594,84.07954
32.52968,1.7376195,250.50813,117.68293
30.227596,1.7376195,241.36179,111.89024
28.449503,1.7376195,202.23578,86.28049
26.31579,1.7376195,189.02438,80.48781
25.426743,1.7376195,157.52032,78.65854
31.049448,1.7376195,129.57317,71.95122
22.226173,2.4388843,115.34553,51.78212
21.692745,1.7376195,102.64227,58.841465
21.337126,1.7376195,97.05285,67.07317
21.692745,1.7376195,94.51219,62.19512
30.04136,1.7376195,125.43834,58.841465
29.305763,1.7376195,84.85773,65.243904
29.338549,2.1419806,136.43512,64.32927
32.894737,1.7376195,100.10162,56.09756
30.227596,1.954822,122.1145,53.658535
29.871977,1.7376195,94.51219,52.743904
29.694168,1.7376195,103.65854,56.09756
31.442003,1.7376195,138.21138,69.51219
28.449503,1.7376195,116.86992,55.487804
27.560455,1.520417,112.58243,53.353657
26.849218,1.520417,123.47561,61.890244
26.493599,1.7376195,116.86992,70.731705
27.382647,1.7376195,150.91463,60.308525
28.093884,1.520417,191.56505,98.17073
29.694168,1.7376195,230.69106,107.62195
29.871977,1.954822,223.0691,103.96342
28.093884,1.7376195,216.97154,94.51219
26.493599,1.7376195,186.99187,92.37805
25.248934,2.7738562,162.96178,95.731705
24.004267,1.7376195,124.49187,84.45122
22.048365,2.634816,107.72358,68.29269
21.337126,2.4544225,99.5935,47.06164
20.803698,1.7376195,86.89024,70.12195
21.159317,1.7376195,90.955284,66.46342
21.514936,1.7376195,88.92277,64.63415
23.826458,2.4784884,92.479675,67.98781
29.338549,1.7376195,114.32927,67.37805
34.672832,1.7787532,97.560974,60.97561
33.961594,0.86880976,93.49593,55.487804
33.072548,1.3032146,95.020325,57.92683
31.116644,1.3032146,102.64227,54.26829
31.29445,1.3032146,122.45935,49.80168
30.049788,1.7376195,102.64227,43.292683
28.982931,1.8791573,102.13415,37.19512
28.093884,1.9785267,104.6748,42.07317
31.170647,1.7376195,112.80488,52.134148
28.093884,2.246461,153.96341,64.63415
28.449503,2.1720243,208.84146,80.18293
28.982931,2.5533235,233.73984,102.439026
29.51636,2.8236315,231.19919,94.51219
27.738264,1.7376195,109.91046,46.08059
25.96017,1.7376195,209.3496,89.02439
25.071123,1.7376195,102.15863,43.27342
24.004267,1.7376195,173.78049,74.39024
22.226173,1.7376195,139.22765,66.15854
21.692745,1.7376195,120.93496,60.67073
21.159317,2.4069352,116.894875,65.54878
21.692745,2.5433638,106.19919,61.280487
21.337126,2.1720243,96.03658,53.353657
22.048365,1.7376195,89.43089,56.09756
23.826458,1.7376195,96.544716,57.012196
27.77613,2.1720243,112.296745,55.487804
32.36131,1.9126823,119.9187,60.060974
32.53912,1.954822,135.67073,61.280487
32.64013,1.7376195,149.89838,59.451218
33.25035,1.7376195,171.23984,65.33601
31.472263,1.7376195,154.47154,54.26829
31.29445,1.98889,150.91463,56.707317
31.116644,1.7376195,151.9309,58.536587
28.80512,1.7376195,118.515114,53.658535
28.627312,2.1015732,178.86179,69.05092
29.16074,1.7376195,213.41463,84.14634
30.224617,1.7376195,167.88142,98.17073
28.093884,1.7376195,241.36179,94.81707
27.560455,2.578991,240.34554,91.15854
26.13798,1.7376195,146.69896,81.402435
25.426743,1.7376195,204.2683,74.39024
24.359886,2.522723,166.66667,66.15854
22.226173,3.475239,139.73578,60.724953
21.692745,1.7376195,116.361786,67.37805
20.981508,1.520417,110.26423,56.09756
21.514936,2.5607295,101.626015,58.841465
21.514936,1.7376195,97.90312,52.743904
22.226173,2.4434462,91.97154,54.878048
22.93741,1.7376195,99.085365,58.536587
26.671408,1.7376195,111.15612,52.43903
33.072548,1.7376195,121.44309,49.390244
33.428165,1.7376195,152.94716,51.52439
33.25035,1.7376195,174.79675,56.707317
34.31721,1.7376195,215.44716,69.51219
33.072548,1.7376195,173.78049,70.42683
31.116644,1.7376195,153.96341,55.487804
29.871977,1.520417,125.0,55.792683
31.237312,1.7376195,120.42683,51.463516
28.093884,1.7376195,137.19513,56.09756
29.27771,1.7376195,112.8692,46.974792
31.1399,1.954822,197.6626,99.085365
29.694168,2.4072552,223.0691,84.756096
30.125128,1.7376195,162.2076,91.15854
26.13798,1.7376195,190.54878,87.19512
25.426743,1.7376195,157.24635,90.243904
24.004267,1.7376195,98.65718,41.953953
22.581793,1.7376195,96.96055,41.624847
22.048365,1.7376195,115.34553,53.048782
21.514936,1.520417,105.18293,47.228657
21.692745,2.4561777,99.085365,47.11798
21.870554,1.7376195,91.46342,54.57317
23.470839,1.7376195,89.43089,44.098778
27.027027,1.7376195,123.47561,56.09756
32.005688,1.7376195,111.28049,53.963413
32.1835,1.7376195,117.37805,62.5
30.03355,1.7376195,126.66951,58.841465
35.304943,1.3032146,155.99594,69.81707
35.88833,1.3032146,175.30487,79.57317
28.80512,1.520417,130.58943,70.42683
29.16074,1.3032146,129.06505,69.20731
27.204836,1.520417,129.57317,76.5244
31.955751,1.7376195,129.57317,54.08786
26.671408,1.7376195,157.01219,74.69512
28.093884,2.1720243,192.07317,82.92683
28.627312,1.7376195,240.34554,90.85366
28.449503,1.7376195,166.77528,98.17073
32.56839,2.4713204,227.13414,92.98781
26.31579,1.7376195,203.76016,94.20731
25.426743,2.7028224,176.32114,89.63415
31.850142,2.3847508,166.15854,84.756096
22.759602,1.7376195,142.27643,76.5244
31.132334,1.7376195,128.04878,67.37805
20.981508,2.704932,111.28049,71.95122
21.514936,2.5519242,103.65854,61.585365
21.159317,1.7376195,113.11245,64.32927
22.048365,2.5571966,100.10162,64.939026
24.182077,2.1897883,116.836334,59.451218
27.560455,1.7376195,101.11789,56.09756
31.10045,1.7376195,119.9187,59.451218
32.53912,1.520417,158.02846,73.47561
34.68765,1.520417,180.38618,75.60976
31.472263,1.3032146,206.80894,77.439026
31.116644,2.1354454,146.45706,70.42683
30.405403,1.7376195,116.45796,48.38773
32.005688,1.7376195,184.45122,69.035324
32.63314,1.7376195,164.63414,70.731705
32.716927,1.7376195,176.82927,71.34146
32.53912,2.1720243,199.69513,90.243904
32.005688,1.7376195,192.07317,104.268295
28.271692,1.7376195,168.13548,100.0
26.671408,2.578917,155.54935,86.28049
30.088842,1.7376195,163.37677,93.90243
25.96017,2.737497,162.29419,93.29269
25.071123,0.43440488,153.96341,82.92683
24.537695,2.543933,145.83333,73.78049
23.64865,0.0,142.27643,72.256096
21.692745,2.714297,112.80488,72.86585
21.870554,2.5670547,99.085365,64.02439
21.692745,0.0,85.873985,66.768295
39.33403,0.0,103.02231,30.51945
22.048365,0.0,74.18699,58.536587
23.826458,0.0,62.5,30.232649
27.027027,0.0,79.77642,54.57317
42.35978,0.0,111.28049,57.92683
29.888046,2.300462,146.37686,73.17073
38.05121,0.0,174.28862,67.98781
33.605976,0.0,143.80081,48.37362
29.338549,0.0,123.98374,54.878048
28.982931,0.0,109.24797,55.792683
27.738264,2.1883044,114.837395,60.060974
26.671408,0.0,144.81708,59.756096
26.671408,2.5339482,148.37398,83.53658
27.382647,0.0,140.68793,83.53658
27.382647,0.0,187.5,79.268295
27.204836,0.0,198.67886,85.67073
26.493599,0.0,190.04065,96.03658
25.96017,1.9411552,106.961624,46.05118
24.537695,1.3032146,154.47154,59.323124
31.262047,1.7376195,129.06505,70.731705
21.692745,1.7376195,114.837395,64.32927
21.159317,2.426354,119.56973,66.46342
21.514936,1.7376195,113.82114,50.34507
21.159317,1.7376195,103.150406,55.182926
22.403982,1.7376195,101.626015,60.97561
25.248934,1.7376195,121.02262,63.109756
28.093884,1.7376195,110.26423,57.92683
32.005688,1.9168835,112.296745,59.756096
31.32304,1.7376195,131.6057,65.243904
31.472263,1.7376195,136.38783,62.80488
32.1835,2.076635,188.51627,66.46342
32.725853,1.7376195,155.48781,62.80488
31.827883,1.8619611,138.21138,56.92025
29.51636,1.520417,113.05276,45.2931
31.77004,1.7376195,148.37398,73.78049
27.738264,2.4853666,151.10472,80.18293
28.449503,2.6171165,190.04065,100.0
28.982931,1.7376195,175.83656,110.060974
29.871977,1.954822,115.45054,49.801308
30.043816,1.7376195,170.35759,100.914635
26.671408,1.7376195,208.33333,87.19512
34.025448,1.7376195,181.40244,68.93775
24.182077,1.7376195,165.6504,79.57317
22.226173,1.7376195,118.09495,66.15854
21.692745,1.7376195,118.39431,60.060974
20.803698,1.7376195,106.70731,62.80488
21.337126,1.7376195,105.691055,55.487804
21.337126,2.5161371,101.11789,54.878048
22.226173,1.7376195,102.64227,61.280487
26.13798,1.7376195,114.837395,50.382477
30.405403,1.7376195,107.72358,55.487804
30.938831,0.86880976,110.772354,60.97561
31.472263,2.0209095,114.837395,67.37805
31.827883,1.3032146,150.40651,56.40244
31.116644,1.3032146,155.99594,63.719513
30.761023,1.7376195,152.43903,60.003323
30.405403,1.7376195,150.91463,53.353657
27.916075,1.7376195,141.26016,62.19512
27.382647,1.7376195,142.97932,76.5244
27.382647,1.520417,170.7317,87.5
35.114265,2.163061,228.65854,83.672646
28.80512,1.7376195,175.82263,110.36585
29.16074,2.5345623,241.36179,101.52439
31.968498,2.5182216,226.62602,98.78049
29.681759,1.7376195,170.14609,102.743904
24.893314,1.7376195,193.08943,90.54878
24.182077,2.762927,161.58537,86.585365
22.403982,1.7376195,135.1626,56.76925
21.870554,1.7376195,111.78862,68.597565
20.981508,1.7376195,104.6748,67.07317
21.692745,1.7376195,104.6748,56.40244
27.068071,2.1720243,93.49593,53.963413
22.048365,1.7376195,91.97154,62.80488
30.190266,1.7376195,94.51219,55.792683
26.31579,2.1720243,93.49593,46.428024
30.583216,3.040834,103.65854,51.219513
31.827883,1.954822,133.55576,58.841465
33.791035,2.1737728,191.56505,61.585365
33.072548,1.7376195,184.45122,60.67073
32.005688,1.802445,122.061615,51.821632
31.472263,1.7376195,150.40651,63.719513
32.634075,2.2132761,172.76422,66.46342
28.449503,1.7376195,162.09349,62.5
32.227444,1.954822,193.08943,72.86585
28.627312,1.7376195,227.64227,79.87805
28.627312,1.7376195,165.02457,95.42683
29.16074,1.7376195,212.90651,92.98781
33.679367,1.7376195,207.31708,89.02439
32.937447,1.7376195,175.813,82.62194
25.426743,1.7376195,103.30837,43.731785
24.182077,1.7376195,139.86562,79.87805
22.048365,3.475239,155.48781,66.768295
21.692745,1.7376195,125.0,77.743904
20.981508,1.520417,119.41057,51.171616
31.895864,1.520417,105.691055,58.536587
21.159317,1.7376195,93.33347,40.273983
22.048365,1.7376195,95.52846,58.841465
22.581793,2.073206,99.73453,43.86357
24.893314,1.7376195,95.020325,48.17073
30.227596,1.7376195,109.24797,56.09756
32.031025,1.7376195,134.14635,50.914635
32.894737,1.7376195,192.07317,60.97561
35.71732,1.7376195,217.98781,79.73226
33.072548,1.9359031,168.19106,62.80488
31.827883,1.7376195,131.09756,62.19512
30.049788,1.520417,125.320335,58.841465
27.916075,1.7376195,117.37805,52.743904
27.738264,1.7376195,150.91463,64.02439
28.627312,1.7376195,173.78049,89.32927
28.627312,1.954822,186.48373,100.60976
29.338549,1.7376195,163.9271,93.90243
27.916075,1.7376195,193.08943,72.31361
25.96017,2.7328098,194.1057,91.15854
25.071123,1.7376195,151.33728,87.19512
24.537695,1.7376195,147.35773,73.17073
22.226173,1.7376195,95.52193,41.11285
21.870554,1.7376195,105.691055,57.012196
21.159317,2.57406,101.11789,61.890244
21.337126,1.7376195,93.59674,40.4908
21.337126,1.7376195,109.65409,60.97561
22.759602,1.7376195,89.43089,65.54878
26.13798,1.7376195,103.150406,67.37805
30.227596,1.7376195,104.166664,57.92683
31.29445,1.855708,105.18293,47.816837
30.165092,1.7376195,103.65854,61.890244
31.65007,1.3032146,139.22765,72.560974
31.472263,1.3032146,158.53659,70.731705
30.761023,1.520417,158.02846,56.707317
29.51636,1.3032146,145.83333,62.5
28.271692,1.520417,153.45529,55.182926
26.493599,1.7376195,156.50406,61.585365
26.31579,1.7376195,179.36992,69.20731
27.027027,2.1720243,211.89024,90.243904
28.982931,1.7376195,168.82278,100.60976
29.338549,1.7376195,217.47968,100.0
28.271692,1.7376195,245.93495,102.13415
32.461258,1.7376195,228.1504,99.390236
25.426743,1.7376195,197.6626,91.15854
32.394943,1.7376195,160.5691,74.39024
22.403982,1.7376195,133.63821,56.050735
22.048365,1.7376195,118.39431,64.939026
21.337126,1.7376195,110.772354,68.902435
21.337126,2.3387494,111.97904,61.585365
21.159317,1.7376195,107.98534,61.280487
22.226173,1.7376195,96.39945,41.430313
24.893314,1.7376195,105.691055,69.20731
27.560455,1.7376195,101.626015,53.353657
28.80512,2.0652652,126.78936,58.841465
32.11493,1.520417,113.82114,66.768295
32.53912,2.0774047,143.29268,72.86585
32.1835,1.3032146,162.60162,67.37805
32.36532,1.7376195,146.8496,56.09756
32.005688,1.7376195,164.12602,59.146343
30.227596,2.087874,136.66434,64.32927
29.51636,1.7376195,165.14227,67.07317
32.005688,1.7376195,157.52032,76.21951
32.53912,2.1720243,190.54878,73.10695
32.1835,1.7376195,175.30487,100.914635
29.338549,1.8762478,117.21072,50.10291
27.027027,1.7376195,142.27643,57.875095
25.604551,1.7376195,151.50932,85.36585
25.426743,1.7376195,143.29268,80.18293
