hour,user_3,user_4,user_5,user_6
2014-01-01 00,21.261248,0.9858117,47.93324,75.60976
2014-01-01 01,22.48377,0.0,86.41591,71.03658
2014-01-01 02,21.972977,0.0,61.264385,30.912645
2014-01-01 03,21.870554,0.0,127.03253,64.63415
2014-01-01 04,20.154467,0.0,111.28048,57.621952
2014-01-01 05,20.619143,0.0,105.18294,62.80488
2014-01-01 06,19.896856,0.0,97.05285,24.3724
2014-01-01 07,19.941793,0.0,89.939026,24.290081
2014-01-01 08,21.661753,0.0,61.68827,31.266588
2014-01-01 09,25.248934,0.0,92.98781,24.402086
2014-01-01 10,20.012815,0.0,104.166664,52.439026
2014-01-01 11,32.1835,0.0,153.45529,26.22733
2014-01-01 12,22.259735,0.0,88.02528,66.15854
2014-01-01 13,20.460346,0.0,114.32927,60.365852
2014-01-01 14,29.694168,0.0,89.939026,24.21903
2014-01-01 15,21.680613,0.0,61.340046,31.24662
2014-01-01 16,26.849218,0.0,64.52708,31.389921
2014-01-01 17,26.671408,0.0,111.28048,76.82927
2014-01-01 18,26.493599,0.0,96.33744,85.97561
2014-01-01 19,26.849218,0.0,169.71545,24.846064
2014-01-01 20,28.093885,0.0,184.45122,25.934942
2014-01-01 21,22.294153,0.0,205.28455,90.243904
2014-01-01 22,25.782362,0.0,178.8618,88.10976
2014-01-01 23,25.426743,0.0,158.02846,84.756096
2014-01-02 00,19.384148,0.89505106,148.37398,76.82927
2014-01-02 01,22.048365,1.0101807,41.13191,65.54878
2014-01-02 02,21.337126,0.9920312,40.15603,63.719513
2014-01-02 03,21.159317,1.0017058,41.94333,66.768295
2014-01-02 04,19.756401,1.7376195,98.06911,25.005638
2014-01-02 05,21.159317,0.9292929,99.5935,63.109756
2014-01-02 06,22.403982,0.94015175,92.479675,68.597565
2014-01-02 07,25.960173,1.7376195,107.21545,24.802212
2014-01-02 08,28.449503,1.7376195,103.150406,58.841465
2014-01-02 09,13.869132,1.9548218,107.72358,61.280487
2014-01-02 10,21.870554,0.8876438,115.34553,25.117104
2014-01-02 11,29.51636,1.7376195,135.67073,63.719513
2014-01-02 12,19.586693,1.7376195,167.68292,66.46342
2014-01-02 13,30.761024,1.7376195,155.48781,66.46342
2014-01-02 14,19.828789,1.520417,22.486782,25.329496
2014-01-02 15,28.271692,1.520417,153.96341,24.901768
2014-01-02 16,26.849218,1.7376195,165.6504,74.39024
2014-01-02 17,27.204836,1.7376195,176.82927,85.67073
2014-01-02 18,21.130405,1.520417,226.62602,110.97561
2014-01-02 19,20.079441,1.7376195,241.86992,27.04678
2014-01-02 20,31.116644,1.9548218,217.98781,26.146095
2014-01-02 21,28.80512,1.7376195,23.203768,24.795557
2014-01-02 22,21.46384,1.7376195,25.065088,88.10976
2014-01-02 23,25.426743,1.7376195,177.3374,90.85366
2014-01-03 00,24.182077,1.7376195,157.52031,25.095135
2014-01-03 01,22.226173,0.9043982,132.11382,62.80488
2014-01-03 02,20.496964,0.9670967,38.044872,59.451218
2014-01-03 03,19.769781,1.7376195,108.231705,24.817081
2014-01-03 04,21.337126,1.7376195,111.78862,61.280487
2014-01-03 05,19.669357,1.7376195,101.11789,57.012196
2014-01-03 06,19.9437,1.7376195,98.57723,25.00069
2014-01-03 07,26.493599,0.8913622,114.32927,25.351877
2014-01-03 08,19.472683,1.7376195,23.025597,57.012196
2014-01-03 09,32.36131,0.86880976,105.69106,59.451218
2014-01-03 10,33.250355,0.8899843,112.80488,25.271948
2014-01-03 11,32.1835,1.3032146,125.0,24.497946
2014-01-03 12,32.894737,0.88166505,24.867506,25.424843
2014-01-03 13,31.294455,1.7376195,141.7683,25.312485
2014-01-03 14,29.694168,1.7376195,122.45935,59.451218
2014-01-03 15,27.560455,1.7376195,123.98374,59.756096
2014-01-03 16,19.70639,0.8905632,126.52439,62.19512
2014-01-03 17,19.969883,1.520417,22.551762,25.06442
2014-01-03 18,27.916075,2.1720243,234.24797,92.37805
2014-01-03 19,22.925407,1.7376195,29.440842,99.085365
2014-01-03 20,29.694168,2.8236315,23.029161,25.41505
2014-01-03 21,20.266073,1.7376195,199.69514,26.247746
2014-01-03 22,19.681728,0.8688559,193.59756,79.268295
2014-01-03 23,25.248934,1.7376195,185.97562,25.237192
2014-01-04 00,24.537695,1.7376195,161.07724,72.86585
2014-01-04 01,22.581793,1.0061858,43.6134,67.98781
2014-01-04 02,22.048365,1.7376195,23.675632,60.67073
2014-01-04 03,21.337126,1.0138612,41.24892,66.46342
2014-01-04 04,20.262259,0.95690054,35.9088,56.09756
2014-01-04 05,21.514936,2.1720243,22.682856,24.703987
2014-01-04 06,20.360758,0.9715323,38.927597,60.97561
2014-01-04 07,19.790878,1.7376195,23.081291,24.8945
2014-01-04 08,19.85306,0.87068164,96.544716,24.733936
2014-01-04 09,19.748972,3.040834,108.73984,25.57371
2014-01-04 10,30.049788,1.9548218,133.63821,59.756096
2014-01-04 11,19.551357,1.7376195,165.6504,68.902435
2014-01-04 12,33.428165,1.7376195,23.847471,68.29269
2014-01-04 13,19.617853,1.7376195,23.350021,55.182926
2014-01-04 14,19.699923,1.7376195,22.434631,25.250862
2014-01-04 15,19.632593,1.7376195,156.50406,66.768295
2014-01-04 16,19.796728,1.7376195,22.87242,25.358143
2014-01-04 17,28.627312,0.85966146,167.68292,25.816319
2014-01-04 18,28.80512,0.8552442,215.95529,94.51219
2014-01-04 19,29.871977,0.86055106,233.73982,99.085365
2014-01-04 20,29.871977,0.8401463,218.49594,95.42683
2014-01-04 21,28.271692,1.7376195,211.38213,26.290556
2014-01-04 22,22.254162,0.8900857,54.56383,84.45122
2014-01-04 23,25.426743,0.98956025,49.282776,76.21951
2014-01-05 00,20.093246,0.8425202,150.40651,25.721529
2014-01-05 01,19.761265,3.475239,22.758707,71.03658
2014-01-05 02,20.016203,1.7376195,109.756096,24.604036
2014-01-05 03,21.159317,1.520417,22.910719,24.903646
2014-01-05 04,19.343477,1.520417,23.123402,63.109756
2014-01-05 05,21.337126,0.97720647,36.862377,58.536587
2014-01-05 06,21.692745,0.89714414,92.479675,24.24934
2014-01-05 07,22.226173,1.7376195,23.208902,57.92683
2014-01-05 08,24.537695,0.9538577,32.9347,49.085365
2014-01-05 09,29.160742,1.7376195,114.32927,60.060974
2014-01-05 10,19.427935,1.7376195,23.640844,64.63415
2014-01-05 11,19.24497,1.7376195,23.338385,70.42683
2014-01-05 12,19.226248,1.7376195,23.675701,72.86585
2014-01-05 13,35.02845,1.7376195,23.007519,24.255087
2014-01-05 14,33.428165,1.7376195,23.320396,24.593102
2014-01-05 15,30.227598,0.90198284,157.0122,63.719513
2014-01-05 16,29.338549,0.87022537,140.75203,25.513958
2014-01-05 17,27.382647,1.7376195,163.10976,25.2386
2014-01-05 18,30.405405,1.7376195,22.749758,24.38703
2014-01-05 19,20.0635,1.9548218,211.38213,26.97321
2014-01-05 20,19.630608,0.86260235,204.77643,86.585365
2014-01-05 21,28.80512,1.7376195,206.80894,79.87805
2014-01-05 22,26.671408,1.7376195,176.32114,78.35366
2014-01-05 23,20.058651,0.85143924,166.66667,26.112785
2014-01-06 00,20.066372,0.8541606,139.73578,26.260595
2014-01-06 01,22.226173,1.7376195,122.967476,60.67073
2014-01-06 02,21.692745,1.7376195,104.166664,55.182926
2014-01-06 03,20.981508,0.91069776,102.64227,59.146343
2014-01-06 04,20.073017,0.9392881,34.972904,53.658535
2014-01-06 05,21.337126,1.7376195,100.60975,51.219513
2014-01-06 06,20.436968,0.9601342,34.886353,54.57317
2014-01-06 07,32.00569,0.88059855,24.486769,25.173338
2014-01-06 08,19.561605,1.7376195,121.951225,59.146343
2014-01-06 09,29.338549,1.7376195,23.027311,24.956295
2014-01-06 10,19.36723,1.7376195,102.13415,74.69512
2014-01-06 11,28.627312,0.89017767,114.837395,24.954983
2014-01-06 12,28.80512,1.3032146,22.840342,24.4392
2014-01-06 13,27.916075,1.520417,114.32927,68.902435
2014-01-06 14,19.417131,0.9101607,102.13415,69.81707
2014-01-06 15,26.493599,0.8772316,123.47561,25.255337
2014-01-06 16,27.204836,1.7376195,22.859781,24.383457
2014-01-06 17,21.818892,1.7376195,26.95387,92.98781
2014-01-06 18,29.51636,0.730282,188.51627,109.14634
2014-01-06 19,32.53912,1.7376195,221.54471,121.03658
2014-01-06 20,20.002398,1.7376195,217.47968,99.39024
2014-01-06 21,19.844828,1.7376195,201.2195,98.47561
2014-01-06 22,19.216578,1.7376195,175.813,89.939026
2014-01-06 23,19.724487,0.8392323,22.77932,25.260386
2014-01-07 00,24.893316,1.7376195,130.0813,71.95122
2014-01-07 01,23.29303,1.7376195,112.296745,25.072517
2014-01-07 02,19.438002,1.7376195,99.085365,64.32927
2014-01-07 03,20.326368,1.0029029,43.596203,68.902435
2014-01-07 04,23.115221,1.7376195,95.52846,63.414635
2014-01-07 05,22.759604,1.7376195,106.19919,66.15854
2014-01-07 06,24.893316,1.7376195,23.79228,71.34146
2014-01-07 07,19.919922,0.84152573,22.653868,25.91576
2014-01-07 08,32.1835,1.7376195,106.19919,64.63415
2014-01-07 09,19.92875,0.84778947,22.633308,25.963072
2014-01-07 10,30.405405,1.0219736,43.281017,63.414635
2014-01-07 11,30.049788,0.8724471,23.854292,24.699808
2014-01-07 12,29.51636,0.9181879,126.52439,67.37805
2014-01-07 13,30.049788,1.7376195,116.361786,24.735281
2014-01-07 14,19.447824,0.89705694,105.18294,58.23171
2014-01-07 15,19.37374,1.7376195,23.27148,66.15854
2014-01-07 16,27.204836,1.7376195,117.37805,25.038279
2014-01-07 17,27.738264,0.9085207,135.1626,75.30488
2014-01-07 18,30.049788,2.1720243,23.370548,89.32927
2014-01-07 19,33.250355,1.7376195,31.351278,101.82927
2014-01-07 20,19.90504,0.9530854,224.08537,93.902435
2014-01-07 21,31.65007,0.9528802,52.734825,81.70731
2014-01-07 22,19.526754,1.7376195,188.51627,76.52439
2014-01-07 23,19.633081,0.83543736,22.389887,25.229713
2014-01-08 00,25.071123,0.90087587,135.1626,55.182926
2014-01-08 01,23.29303,1.7376195,22.92627,58.841465
2014-01-08 02,22.759604,1.520417,90.955284,24.488718
2014-01-08 03,22.403982,1.7376195,90.44715,56.40244
2014-01-08 04,22.759604,1.7376195,23.429157,48.17073
2014-01-08 05,19.82713,1.7376195,95.52846,24.762495
2014-01-08 06,25.426743,1.7376195,94.51219,24.030348
2014-01-08 07,33.072548,1.7376195,122.967476,59.146343
2014-01-08 08,19.987286,0.88717425,111.28048,25.760904
2014-01-08 09,33.250355,1.7376195,108.231705,57.621952
2014-01-08 10,32.36131,1.520417,23.249664,24.142466
2014-01-08 11,31.472261,1.520417,97.05285,63.414635
2014-01-08 12,19.239109,1.520417,115.85366,69.20731
2014-01-08 13,19.367579,1.7376195,107.21545,65.85366
2014-01-08 14,19.438286,1.520417,23.47817,66.46342
2014-01-08 15,19.645506,1.520417,120.42683,25.375057
2014-01-08 16,29.160742,1.7376195,118.39431,61.280487
2014-01-08 17,28.093885,0.93706733,53.756172,80.79269
2014-01-08 18,30.583216,2.606429,23.134773,25.113409
2014-01-08 19,19.432972,1.7376195,243.90245,97.86585
2014-01-08 20,23.158186,0.8443672,58.27982,90.54878
2014-01-08 21,33.072548,1.7376195,28.719103,94.20731
2014-01-08 22,28.449503,0.8739878,169.20732,26.088394
2014-01-08 23,27.382647,1.7376195,147.35773,25.136332
2014-01-09 00,19.265451,1.7376195,117.88618,71.03658
2014-01-09 01,19.374218,0.91849566,104.6748,66.15854
2014-01-09 02,22.759604,1.7376195,85.36585,58.23171
2014-01-09 03,22.403982,1.7376195,23.848309,62.5
2014-01-09 04,22.759604,0.9058286,85.36585,24.76746
2014-01-09 05,22.759604,1.7376195,23.678429,57.621952
2014-01-09 06,25.248934,1.7376195,22.542118,24.215096
2014-01-09 07,32.53912,1.7376195,22.537529,24.709507
2014-01-09 08,32.53912,1.7376195,23.257402,24.871023
2014-01-09 09,19.3939,0.89993966,118.39431,60.67073
2014-01-09 10,30.405405,0.8898386,104.166664,24.704012
2014-01-09 11,31.65007,1.7376195,23.434507,52.439026
2014-01-09 12,31.65007,1.7376195,23.58588,53.963413
2014-01-09 13,31.116644,0.8622947,24.71095,25.010433
2014-01-09 14,19.686825,0.8772543,103.65854,25.415033
2014-01-09 15,21.159317,1.520417,22.788866,24.347876
2014-01-09 16,28.80512,1.7376195,103.65854,24.698368
2014-01-09 17,19.558186,1.7376195,131.09756,51.219513
2014-01-09 18,22.598127,0.8896764,54.696796,86.28049
2014-01-09 19,33.428165,1.7376195,22.916721,24.628876
2014-01-09 20,33.250355,0.8665986,226.62602,94.81707
2014-01-09 21,32.716927,0.9467184,53.140347,83.53658
2014-01-09 22,28.80512,1.7376195,187.5,25.300943
2014-01-09 23,27.204836,0.86252105,159.04471,25.577587
2014-01-10 00,19.673159,0.88048196,129.06505,59.756096
2014-01-10 01,19.359009,1.7376195,116.361786,61.280487
2014-01-10 02,23.115221,0.8603105,22.975935,25.390215
2014-01-10 03,22.581793,1.7376195,97.560974,24.778942
2014-01-10 04,22.93741,0.9079206,88.414635,50.609756
2014-01-10 05,19.730692,0.84471756,22.500645,25.911448
2014-01-10 06,25.248934,1.7376195,22.556406,24.478273
2014-01-10 07,19.454756,1.7376195,104.166664,63.414635
2014-01-10 08,19.711897,1.7376195,101.626015,57.012196
2014-01-10 09,20.234686,0.86880976,33.820698,53.048782
2014-01-10 10,19.527758,0.8364956,22.936255,25.41529
2014-01-10 11,31.82788,0.8723576,24.624107,25.04401
2014-01-10 12,19.505995,0.88129205,125.0,56.40244
2014-01-10 13,31.472261,1.7376195,113.82114,24.728315
2014-01-10 14,19.433266,1.7376195,23.27792,50.0
2014-01-10 15,29.694168,0.88020253,109.756096,24.898718
2014-01-10 16,20.004711,1.7376195,116.86991,25.255
2014-01-10 17,29.338549,1.520417,129.06505,24.530119
2014-01-10 18,30.049788,0.8689925,24.533804,25.612888
2014-01-10 19,20.047346,1.7376195,22.825342,25.041779
2014-01-10 20,20.925621,0.8936681,212.90651,101.21951
2014-01-10 21,19.389217,1.7376195,187.5,90.54878
2014-01-10 22,20.024908,1.7376195,22.727955,24.967184
2014-01-10 23,19.839737,1.7376195,22.625414,25.055983
2014-01-11 00,25.604551,1.7376195,133.13008,24.73421
2014-01-11 01,23.64865,1.7376195,115.85366,25.098948
2014-01-11 02,19.80343,1.7376195,90.955284,24.433872
2014-01-11 03,19.738749,1.7376195,87.39838,24.479387
2014-01-11 04,19.464218,1.7376195,22.903664,56.09756
2014-01-11 05,19.844204,2.1720243,87.9065,50.30488
2014-01-11 06,23.64865,0.9124959,77.23577,54.26829
2014-01-11 07,24.715506,0.8933945,92.98781,24.317373
2014-01-11 08,28.982931,2.1720243,97.560974,50.0
2014-01-11 09,34.139404,3.040834,130.0813,56.09756
2014-01-11 10,20.135654,1.9548218,139.22765,26.093752
2014-01-11 11,34.139404,0.87630194,158.53659,25.532658
2014-01-11 12,20.488262,0.99056405,43.889233,68.29269
2014-01-11 13,20.057373,1.7376195,22.42994,24.932838
2014-01-11 14,33.605976,1.7376195,142.78455,24.5539
2014-01-11 15,32.53912,1.7376195,23.36541,76.21951
2014-01-11 16,31.116644,0.8750151,135.67073,24.95367
2014-01-11 17,30.761024,1.9548218,166.15854,79.57317
2014-01-11 18,31.65007,1.7376195,28.586887,92.07317
2014-01-11 19,19.817173,1.7376195,261.17886,96.03659
2014-01-11 20,20.133196,1.7376195,214.4309,26.30424
2014-01-11 21,29.694168,1.7376195,207.31708,86.89024
2014-01-11 22,19.354557,0.89934766,174.79675,87.19512
2014-01-11 23,26.671408,0.88146067,153.45529,25.187782
2014-01-12 00,25.604551,1.7376195,22.663471,24.262291
2014-01-12 01,23.470839,0.99343914,40.737118,63.109756
2014-01-12 02,23.29303,1.0205851,43.66679,68.597565
2014-01-12 03,19.531277,0.8953246,95.52846,24.972574
2014-01-12 04,22.93741,1.520417,23.125883,51.219513
2014-01-12 05,22.581793,1.7376195,89.4309,51.82927
2014-01-12 06,20.387403,0.95465016,34.875782,54.26829
2014-01-12 07,23.64865,0.95068556,34.49219,51.82927
2014-01-12 08,25.960173,0.94445044,33.522526,48.47561
2014-01-12 09,19.947603,1.7376195,22.549305,24.739944
2014-01-12 10,19.546495,1.7376195,142.78455,61.585365
2014-01-12 11,35.917496,1.7376195,196.13821,25.388405
2014-01-12 12,33.428165,0.8447585,197.15446,26.51401
2014-01-12 13,32.894737,0.86372626,153.45529,25.52547
2014-01-12 14,32.716927,1.7376195,144.30894,25.02179
2014-01-12 15,19.801937,1.520417,135.1626,25.59964
2014-01-12 16,28.627312,0.8904297,141.26016,52.134148
2014-01-12 17,28.093885,1.7376195,154.47154,25.559338
2014-01-12 18,30.405405,0.86706257,24.453184,25.215073
2014-01-12 19,19.447002,1.9548218,201.2195,91.15854
2014-01-12 20,19.47152,1.7376195,182.4187,79.57317
2014-01-12 21,29.871977,1.7376195,178.8618,87.19512
2014-01-12 22,27.382647,1.7376195,24.301405,82.62195
2014-01-12 23,19.708382,0.8431869,156.50406,25.625347
2014-01-13 00,19.913834,1.7376195,135.67073,25.300703
2014-01-13 01,19.898504,0.88348216,105.69106,25.635363
2014-01-13 02,23.115221,0.8780205,100.60975,24.48089
2014-01-13 03,19.511602,1.520417,93.49593,66.46342
2014-01-13 04,22.93741,0.89603376,80.79269,24.26768
2014-01-13 05,20.455816,0.94417214,33.347595,51.219513
2014-01-13 06,25.604551,1.7376195,83.333336,24.418978
2014-01-13 07,19.9741,1.7376195,111.28048,25.119585
2014-01-13 08,32.894737,1.7376195,23.185886,24.198078
2014-01-13 09,32.00569,0.87593603,24.903336,25.604418
2014-01-13 10,32.894737,1.7376195,103.150406,24.090584
2014-01-13 11,30.761024,1.0016639,42.997746,61.585365
2014-01-13 12,19.667782,1.3032146,102.13415,25.171688
2014-01-13 13,30.761024,1.520417,97.560974,64.32927
2014-01-13 14,30.761024,0.8927455,93.49593,24.230726
2014-01-13 15,19.52372,0.88067895,105.18294,25.591078
2014-01-13 16,19.375154,1.7376195,96.03658,66.46342
2014-01-13 17,28.80512,1.7376195,127.03253,78.04878
2014-01-13 18,30.761024,2.1720243,25.576118,115.243904
2014-01-13 19,23.840189,0.870942,236.78862,117.37805
2014-01-13 20,21.272512,1.7376195,228.65854,112.5
2014-01-13 21,32.36131,0.83001375,230.69106,26.340393
2014-01-13 22,21.027378,1.7376195,24.93961,87.80488
2014-01-13 23,26.849218,0.91580117,160.5691,82.62195
2014-01-14 00,24.893316,1.7376195,133.63821,25.037758
2014-01-14 01,20.21006,0.9835862,37.58725,60.060974
2014-01-14 02,23.29303,1.7376195,104.166664,60.67073
2014-01-14 03,22.581793,1.7376195,101.626015,64.939026
2014-01-14 04,23.29303,1.7376195,96.03658,58.841465
2014-01-14 05,22.93741,0.88899356,92.98781,24.94998
2014-01-14 06,19.708258,1.7376195,85.873985,24.25404
2014-01-14 07,32.716927,1.0522562,46.71331,69.20731
2014-01-14 08,19.65117,1.7376195,99.5935,24.593655
2014-01-14 09,29.694168,1.019411,43.04471,63.414635
2014-01-14 10,29.871977,1.0288266,44.6583,65.85366
2014-01-14 11,33.072548,1.520417,104.6748,24.397417
2014-01-14 12,29.51636,1.3032146,103.150406,70.42683
2014-01-14 13,30.227598,1.7376195,22.998768,24.19613
2014-01-14 14,29.694168,0.8882129,90.955284,24.169058
2014-01-14 15,27.916075,1.7376195,105.18294,69.51219
2014-01-14 16,27.916075,1.7376195,112.80488,66.46342
2014-01-14 17,19.822454,1.7376195,22.309446,24.865692
2014-01-14 18,30.583216,2.1720243,169.20732,95.12195
2014-01-14 19,33.250355,1.7376195,245.42683,107.31707
2014-01-14 20,19.76719,1.7376195,22.519209,24.858107
2014-01-14 21,31.472261,1.7376195,204.2683,85.36585
2014-01-14 22,28.982931,1.7376195,23.30161,24.46727
2014-01-14 23,20.108059,1.7376195,151.42276,25.65018
2014-01-15 00,24.715506,0.8823437,132.62195,25.365177
2014-01-15 01,22.93741,1.7376195,108.73984,24.098156
2014-01-15 02,22.93741,0.93445134,91.97154,67.98781
2014-01-15 03,19.93969,1.7376195,22.37742,24.992853
2014-01-15 04,22.581793,1.7376195,23.786463,58.536587
2014-01-15 05,22.581793,1.7376195,23.366617,62.80488
2014-01-15 06,25.248934,1.7376195,23.02773,24.556683
2014-01-15 07,33.072548,0.9001463,115.85366,25.22232
2014-01-15 08,20.216621,0.9697017,36.239685,57.317074
2014-01-15 09,19.82206,1.7376195,107.21545,24.877546
2014-01-15 10,29.694168,1.520417,110.26423,61.585365
2014-01-15 11,30.049788,1.520417,128.55692,63.109756
2014-01-15 12,30.227598,1.0146428,41.73189,61.280487
2014-01-15 13,30.227598,1.7376195,23.581999,58.536587
2014-01-15 14,30.227598,1.520417,23.104904,24.534573
2014-01-15 15,28.627312,1.520417,22.512318,24.243534
2014-01-15 16,29.160742,1.0291749,44.459007,66.15854
2014-01-15 17,29.338549,2.1720243,145.32521,75.0
2014-01-15 18,21.291046,2.606429,23.676804,91.46342
2014-01-15 19,19.719004,1.7376195,22.791822,25.115953
2014-01-15 20,34.139404,0.88647205,226.11789,92.07317
2014-01-15 21,30.938833,1.7376195,23.023922,24.831427
2014-01-15 22,19.63053,0.88219386,200.20325,87.80488
2014-01-15 23,26.31579,0.9978323,48.983963,74.69512
2014-01-16 00,24.715506,0.8671144,23.105833,25.438158
2014-01-16 01,23.115221,0.89755744,108.73984,24.526377
2014-01-16 02,22.759604,0.9119534,102.13415,53.658535
2014-01-16 03,19.661263,1.7376195,100.60975,59.756096
2014-01-16 04,19.62238,0.8345943,22.964636,25.083223
2014-01-16 05,22.759604,0.9266783,94.51219,51.52439
2014-01-16 06,19.737366,0.8564415,22.79117,25.41307
2014-01-16 07,32.894737,1.7376195,113.31301,24.099497
2014-01-16 08,33.072548,1.7376195,96.544716,57.621952
2014-01-16 09,19.394552,1.9548218,108.73984,66.768295
2014-01-16 10,30.938833,1.7376195,132.62195,24.55776
2014-01-16 11,31.116644,1.7376195,23.220932,64.63415
2014-01-16 12,19.445753,1.7376195,121.4431,62.80488
2014-01-16 13,19.27372,0.89820355,110.772354,57.621952
2014-01-16 14,30.761024,1.520417,23.487597,58.536587
2014-01-16 15,19.677244,1.520417,111.28048,24.680492
2014-01-16 16,19.361021,1.7376195,23.251278,57.012196
2014-01-16 17,19.37271,0.89216226,128.55692,66.15854
2014-01-16 18,19.33442,1.520417,190.04063,93.29269
2014-01-16 19,19.652102,1.7376195,22.865963,25.37579
2014-01-16 20,34.85064,0.80910635,63.387337,102.439026
2014-01-16 21,19.864763,0.82557255,220.02032,27.431343
2014-01-16 22,19.64268,1.7376195,22.363098,25.210428
2014-01-16 23,27.027029,1.7376195,171.23984,84.45122
2014-01-17 00,25.071123,1.7376195,140.75203,75.60976
2014-01-17 01,23.29303,1.7376195,119.41057,24.965332
2014-01-17 02,20.404875,0.9839813,39.295017,62.19512
2014-01-17 03,22.403982,0.895578,107.72358,24.678907
2014-01-17 04,22.759604,1.0024208,39.848854,63.109756
2014-01-17 05,22.759604,1.0170246,45.518616,70.731705
2014-01-17 06,19.071884,0.9181862,92.479675,75.914635
2014-01-17 07,33.428165,1.7376195,23.616331,72.86585
2014-01-17 08,19.842457,1.7376195,22.313883,24.984066
2014-01-17 09,32.00569,0.9136881,118.902435,65.85366
2014-01-17 10,19.365835,0.9039585,115.34553,65.54878
2014-01-17 11,20.005398,1.3032146,22.399231,24.702333
2014-01-17 12,19.458273,1.3032146,23.345978,56.09756
2014-01-17 13,19.7854,1.7376195,113.82114,24.815636
2014-01-17 14,19.724325,0.8420601,23.14506,25.417204
2014-01-17 15,28.627312,0.99379915,38.91225,57.317074
2014-01-17 16,20.5225,0.9770509,37.788242,59.756096
2014-01-17 17,19.954767,0.8650151,151.42276,26.336079
2014-01-17 18,20.033504,2.1720243,205.28455,26.41311
2014-01-17 19,20.31289,0.81318164,245.42683,27.967722
2014-01-17 20,31.65007,2.8236315,253.04878,90.54878
2014-01-17 21,19.628159,1.7376195,217.98781,86.585365
2014-01-17 22,20.938364,1.7376195,23.969053,85.36585
2014-01-17 23,26.849218,1.7376195,22.513998,25.016882
2014-01-18 00,19.661898,1.7376195,23.09825,25.688715
2014-01-18 01,23.64865,1.7376195,121.4431,24.545916
2014-01-18 02,23.29303,1.7376195,105.18294,55.792683
2014-01-18 03,19.537712,1.7376195,99.5935,55.182926
2014-01-18 04,19.484917,1.7376195,23.432144,50.609756
2014-01-18 05,22.759604,2.1720243,86.38211,55.487804
2014-01-18 06,23.29303,1.7376195,80.28455,23.77795
2014-01-18 07,19.615295,1.7376195,88.922775,60.97561
2014-01-18 08,20.321386,0.9479228,33.250355,51.52439
2014-01-18 09,19.869856,0.83517283,22.647142,25.565102
2014-01-18 10,33.961594,1.9548218,171.23984,25.87037
2014-01-18 11,35.56188,1.7376195,210.87398,26.082628
2014-01-18 12,19.766298,0.8556889,188.00813,60.060974
2014-01-18 13,20.254452,1.7376195,172.2561,26.202953
2014-01-18 14,19.212057,1.7376195,23.05854,68.902435
2014-01-18 15,32.36131,1.7376195,174.79675,73.47561
2014-01-18 16,30.227598,1.7376195,171.23984,64.32927
2014-01-18 17,30.583216,1.9548218,176.32114,70.731705
2014-01-18 18,22.609999,0.8675454,56.329792,86.28049
2014-01-18 19,31.294455,0.83912754,60.938435,95.731705
2014-01-18 20,31.294455,0.9468724,254.06506,94.20731
2014-01-18 21,29.51636,1.7376195,211.89023,98.47561
2014-01-18 22,26.849218,1.7376195,190.54878,25.561283
2014-01-18 23,26.849218,1.7376195,194.61382,93.597565
2014-01-19 00,25.960173,0.9187788,54.37983,81.70731
2014-01-19 01,19.209795,0.9136936,117.88618,74.39024
2014-01-19 02,23.29303,1.7376195,103.150406,67.07317
2014-01-19 03,22.759604,1.520417,23.437563,56.09756
2014-01-19 04,22.93741,1.520417,92.479675,55.487804
2014-01-19 05,19.911558,1.7376195,82.31707,24.739477
2014-01-19 06,19.693863,1.7376195,84.85773,24.272303
2014-01-19 07,23.82646,0.98715764,38.43523,59.451218
2014-01-19 08,19.721596,1.7376195,22.297348,24.855995
2014-01-19 09,19.661503,1.7376195,22.379286,25.332338
2014-01-19 10,19.732285,1.7376195,22.93609,59.756096
2014-01-19 11,19.940254,1.7376195,194.61382,25.957323
2014-01-19 12,34.672832,1.7376195,184.95935,25.910793
2014-01-19 13,19.658163,1.7376195,23.67683,67.37805
2014-01-19 14,19.389498,0.8848934,130.0813,69.51219
2014-01-19 15,31.65007,0.9057422,138.21138,65.85366
2014-01-19 16,29.694168,0.88044786,140.75203,25.391367
2014-01-19 17,28.80512,1.7376195,23.511349,70.42683
2014-01-19 18,29.160742,1.7376195,28.33178,91.768295
2014-01-19 19,32.53912,0.8874058,24.826702,25.840416
2014-01-19 20,33.250355,0.83108574,226.62602,26.753265
2014-01-19 21,22.023077,1.7376195,26.41801,91.768295
2014-01-19 22,27.738264,0.84782946,172.2561,25.813375
2014-01-19 23,26.493599,0.8673645,155.48781,25.57978
2014-01-20 00,25.248934,1.7376195,132.11382,24.959137
2014-01-20 01,19.334364,1.7376195,107.21545,63.719513
2014-01-20 02,19.774784,1.7376195,97.05285,55.792683
2014-01-20 03,19.84516,1.520417,89.4309,24.675766
2014-01-20 04,22.759604,1.7376195,23.22224,56.707317
2014-01-20 05,19.48832,1.7376195,22.850363,57.317074
2014-01-20 06,25.604551,1.7376195,22.991768,61.280487
2014-01-20 07,19.278805,0.9140845,115.34553,67.07317
2014-01-20 08,19.676912,0.8473907,22.747202,25.078264
2014-01-20 09,31.82788,0.913917,92.98781,24.987068
2014-01-20 10,31.472261,1.7376195,103.65854,23.967945
2014-01-20 11,30.761024,0.86735356,24.839516,25.679047
2014-01-20 12,20.073185,1.3032146,127.54066,25.122784
2014-01-20 13,31.294455,1.520417,93.49593,70.42683
2014-01-20 14,30.938833,1.0204967,45.80738,65.85366
2014-01-20 15,29.51636,1.520417,100.60975,74.085365
2014-01-20 16,28.982931,1.7376195,107.21545,79.87805
2014-01-20 17,19.84455,1.7376195,140.75203,25.714323
2014-01-20 18,22.297348,0.79586893,184.95935,110.36585
2014-01-20 19,20.299025,0.81827164,246.44308,27.643665
2014-01-20 20,34.672832,1.7376195,235.77235,106.402435
2014-01-20 21,32.1835,1.7376195,234.7561,26.031319
2014-01-20 22,19.898296,1.7376195,195.63008,26.416695
2014-01-20 23,26.849218,1.7376195,25.290768,85.67073
2014-01-21 00,25.071123,0.9223949,139.22765,75.30488
2014-01-21 01,19.534988,1.7376195,107.72358,66.15854
2014-01-21 02,19.281446,1.7376195,23.13628,62.80488
2014-01-21 03,22.759604,1.7376195,105.18294,70.42683
2014-01-21 04,23.29303,1.7376195,23.559153,60.97561
2014-01-21 05,22.93741,0.90551126,92.98781,24.237003
2014-01-21 06,20.38433,0.99800515,42.544872,67.37805
2014-01-21 07,19.953993,0.84208935,22.699738,25.725668
2014-01-21 08,19.730759,1.7376195,98.06911,25.199806
2014-01-21 09,30.583216,0.92678124,101.11789,57.012196
2014-01-21 10,19.485857,1.520417,121.4431,59.756096
2014-01-21 11,22.759604,0.921733,126.01626,62.19512
2014-01-21 12,19.84901,1.3032146,23.037697,25.146305
2014-01-21 13,19.655949,1.7376195,113.31301,25.430653
2014-01-21 14,29.160742,1.7376195,22.946642,24.437035
2014-01-21 15,27.560455,1.7376195,122.967476,73.47561
2014-01-21 16,27.382647,0.91572547,130.0813,71.95122
2014-01-21 17,28.80512,1.7376195,141.26016,25.230888
2014-01-21 18,30.938833,2.1720243,196.64635,26.061632
2014-01-21 19,34.672832,1.7376195,39.497734,124.69512
2014-01-21 20,33.961594,0.84146184,242.37805,108.53658
2014-01-21 21,32.53912,1.7376195,230.18292,26.221062
2014-01-21 22,28.271692,1.7376195,187.5,89.939026
2014-01-21 23,19.455688,1.7376195,158.53659,89.32927
2014-01-22 00,25.071123,1.7376195,23.441578,79.268295
2014-01-22 01,23.115221,1.7376195,123.98374,75.60976
2014-01-22 02,22.93741,0.9223619,105.69106,66.15854
2014-01-22 03,22.581793,1.7376195,100.60975,24.029142
2014-01-22 04,19.694773,0.8754203,95.52846,24.781126
2014-01-22 05,19.271826,1.7376195,88.922775,66.768295
2014-01-22 06,19.241838,1.7376195,89.939026,65.85366
2014-01-22 07,19.738789,0.84496117,22.711185,25.959711
2014-01-22 08,33.250355,1.7376195,105.69106,61.585365
2014-01-22 09,19.818401,1.7376195,22.87724,24.855074
2014-01-22 10,30.938833,1.520417,23.038439,51.52439
2014-01-22 11,19.62624,1.520417,117.88618,46.951218
2014-01-22 12,20.295753,0.9511646,33.33652,51.82927
2014-01-22 13,30.761024,1.7376195,105.69106,42.378048
2014-01-22 14,19.915754,0.84061944,22.611172,25.787697
2014-01-22 15,19.870455,0.86265117,110.772354,25.630394
2014-01-22 16,19.85339,0.8665403,101.11789,25.302874
2014-01-22 17,29.160742,1.0401618,47.12969,70.42683
2014-01-22 18,31.65007,2.606429,23.280582,106.402435
2014-01-22 19,19.697012,1.7376195,22.93165,25.630934
2014-01-22 20,33.250355,0.8908979,24.808115,25.639425
2014-01-22 21,31.65007,1.7376195,229.16667,25.98109
2014-01-22 22,21.42854,1.7376195,25.74217,89.939026
2014-01-22 23,26.849218,0.89176434,170.22357,90.54878
2014-01-23 00,25.071123,1.7376195,22.69196,25.020046
2014-01-23 01,23.29303,1.7376195,118.902435,24.37494
2014-01-23 02,19.42281,0.9005813,112.296745,64.63415
2014-01-23 03,22.581793,0.9267725,103.150406,71.03658
2014-01-23 04,22.93741,1.7376195,23.264526,25.040495
2014-01-23 05,19.612146,1.7376195,90.955284,63.719513
2014-01-23 06,25.248934,1.7376195,22.681997,25.10384
2014-01-23 07,33.250355,0.9328339,110.26423,75.30488
2014-01-23 08,32.894737,1.7376195,99.5935,65.54878
2014-01-23 09,20.544176,0.99610794,44.30307,69.20731
2014-01-23 10,32.894737,1.7376195,135.1626,67.37805
2014-01-23 11,19.414337,1.7376195,131.6057,73.78049
2014-01-23 12,33.072548,1.7376195,22.53008,24.786673
2014-01-23 13,19.445059,1.7376195,101.626015,53.353657
2014-01-23 14,30.227598,1.520417,116.361786,54.878048
2014-01-23 15,29.338549,1.520417,106.19919,57.92683
2014-01-23 16,28.982931,0.92267793,108.231705,63.109756
2014-01-23 17,29.871977,0.8979504,126.01626,24.683655
2014-01-23 18,31.82788,1.520417,189.02438,25.672022
2014-01-23 19,20.433687,1.7376195,269.30893,27.310595
2014-01-23 20,35.02845,1.9548218,261.17886,26.554003
2014-01-23 21,32.1835,1.7376195,238.82114,90.54878
2014-01-23 22,28.449503,0.8582853,209.85773,26.685652
2014-01-23 23,19.377457,1.7376195,177.84555,88.71951
2014-01-24 00,25.071123,1.7376195,22.893297,24.890179
2014-01-24 01,19.484636,1.7376195,22.91454,60.060974
2014-01-24 02,23.29303,1.7376195,107.21545,55.792683
2014-01-24 03,22.759604,0.8754449,111.28048,24.496416
2014-01-24 04,23.115221,1.7376195,23.243279,25.027042
2014-01-24 05,23.115221,1.7376195,22.87902,53.048782
2014-01-24 06,25.782362,1.0010041,41.265568,62.80488
2014-01-24 07,19.33205,0.9135251,109.756096,65.54878
2014-01-24 08,20.007486,1.7376195,110.772354,24.805687
2014-01-24 09,33.072548,0.86880976,41.58955,61.585365
2014-01-24 10,32.36131,0.8882623,123.98374,25.145695
2014-01-24 11,19.432798,1.3032146,131.09756,68.29269
2014-01-24 12,19.706413,1.3032146,130.58943,24.808882
2014-01-24 13,19.92655,1.7376195,22.987759,25.600498
2014-01-24 14,19.941292,0.8466787,22.536167,25.535341
2014-01-24 15,19.898129,1.7376195,120.42683,24.94438
2014-01-24 16,29.694168,1.7376195,22.616796,24.997932
2014-01-24 17,19.44718,0.89879894,147.35773,77.13415
2014-01-24 18,31.294455,0.79425955,201.2195,98.78049
2014-01-24 19,23.209316,0.99787205,266.26016,108.84146
2014-01-24 20,33.428165,2.8236315,249.49187,112.19512
2014-01-24 21,30.227598,1.7376195,31.569258,99.69512
2014-01-24 22,27.738264,1.7376195,206.80894,80.48781
2014-01-24 23,26.849218,1.7376195,192.5813,88.414635
2014-01-25 00,25.782362,0.8656737,23.036837,25.086845
2014-01-25 01,23.64865,1.7376195,123.98374,24.77951
2014-01-25 02,23.470839,0.9016984,111.28048,56.40244
2014-01-25 03,22.759604,1.7376195,23.242483,61.890244
2014-01-25 04,23.115221,1.7376195,22.997095,53.963413
2014-01-25 05,22.581793,2.1720243,22.719217,25.220753
2014-01-25 06,19.62104,1.7376195,103.65854,25.218058
2014-01-25 07,25.426743,0.9393869,98.57723,65.243904
2014-01-25 08,19.657774,2.1720243,99.085365,25.233232
2014-01-25 09,19.716656,3.040834,132.62195,62.5
2014-01-25 10,19.803267,1.9548218,166.66667,64.63415
2014-01-25 11,33.428165,0.8849236,25.015059,25.576502
2014-01-25 12,34.139404,1.7376195,23.673466,66.768295
2014-01-25 13,36.273117,1.7376195,175.30487,69.20731
2014-01-25 14,33.428165,1.7376195,163.10976,24.79889
2014-01-25 15,19.363405,0.887449,167.68292,78.65854
2014-01-25 16,30.049788,1.7376195,184.45122,73.78049
2014-01-25 17,30.049788,1.9548218,200.7114,77.13415
2014-01-25 18,19.624212,0.90521866,217.98781,89.939026
2014-01-25 19,19.847466,0.8405006,22.996996,25.526875
2014-01-25 20,32.36131,1.7376195,30.555458,98.78049
2014-01-25 21,29.871977,1.7376195,212.39838,83.84146
2014-01-25 22,19.937346,1.7376195,22.771133,24.75159
2014-01-25 23,19.490393,1.7376195,191.05692,69.51219
2014-01-26 00,20.388979,0.99936867,46.130802,71.64634
2014-01-26 01,24.182077,3.475239,140.2439,64.32927
2014-01-26 02,23.64865,1.7376195,125.50813,63.719513
2014-01-26 03,19.710722,1.520417,122.45935,53.353657
2014-01-26 04,19.981146,0.9244243,32.78244,49.390244
2014-01-26 05,19.683777,0.91841745,98.06911,54.57317
2014-01-26 06,19.697306,0.8732105,97.05285,24.800297
2014-01-26 07,24.182077,1.7376195,23.4952,61.585365
2014-01-26 08,19.690521,0.88830304,85.36585,24.776691
2014-01-26 09,33.783783,1.036806,41.90339,61.280487
2014-01-26 10,34.85064,0.87549627,25.495844,25.096403
2014-01-26 11,36.095306,1.0132048,48.9689,78.96342
2014-01-26 12,19.276527,0.88017,165.6504,84.756096
2014-01-26 13,19.798468,0.873585,142.27643,25.80459
2014-01-26 14,19.936848,1.7376195,153.45529,26.011375
2014-01-26 15,19.755196,1.520417,23.116419,24.796213
2014-01-26 16,30.227598,0.8980861,119.41057,24.881056
2014-01-26 17,19.76123,0.845994,23.002142,25.679995
2014-01-26 18,23.401152,0.83633727,58.991993,90.54878
2014-01-26 19,19.61696,0.84752697,23.035458,25.653471
2014-01-26 20,33.428165,0.83084327,229.16667,26.922977
2014-01-26 21,20.020468,0.8323067,205.28455,27.288948
2014-01-26 22,27.204836,0.89392763,188.51627,73.17073
2014-01-26 23,19.739006,0.8579745,173.78049,26.515612
2014-01-27 00,24.715506,0.8967314,154.47154,65.243904
2014-01-27 01,19.74275,0.8651833,118.39431,25.999193
2014-01-27 02,23.29303,1.7376195,23.339806,49.69512
2014-01-27 03,19.948614,1.520417,104.166664,25.311262
2014-01-27 04,20.036531,1.7376195,96.03658,25.141336
2014-01-27 05,19.476936,1.7376195,23.05813,56.09756
2014-01-27 06,25.782362,0.9013181,101.11789,24.72301
2014-01-27 07,19.214996,0.89599437,115.85366,64.939026
2014-01-27 08,35.20626,1.0432249,40.21238,58.841465
2014-01-27 09,33.072548,0.8876696,108.73984,24.7217
2014-01-27 10,19.998293,0.8769666,115.85366,25.569408
2014-01-27 11,32.1835,1.3032146,22.972134,23.928505
2014-01-27 12,32.36131,1.3032146,106.70731,72.560974
2014-01-27 13,33.072548,1.520417,23.771292,59.451218
2014-01-27 14,31.65007,1.3032146,23.438808,24.601484
2014-01-27 15,19.946833,1.520417,110.772354,25.3846
2014-01-27 16,28.627312,1.7376195,119.41057,77.439026
2014-01-27 17,29.338549,1.7376195,24.472519,82.01219
2014-01-27 18,20.061853,2.1720243,22.417534,25.134813
2014-01-27 19,33.428165,0.81053805,243.3943,117.68293
2014-01-27 20,35.384068,0.887539,25.221863,25.03758
2014-01-27 21,32.36131,1.7376195,23.314993,24.297924
2014-01-27 22,28.271692,0.9011355,177.84555,78.65854
2014-01-27 23,26.849218,1.7376195,154.47154,25.204409
2014-01-28 00,24.893316,1.0103284,42.915016,65.85366
2014-01-28 01,23.29303,0.99840546,38.473522,60.67073
2014-01-28 02,19.45159,0.8995768,115.85366,56.09756
2014-01-28 03,19.76883,0.84021586,22.380163,25.415066
2014-01-28 04,22.93741,0.9081312,103.150406,50.609756
2014-01-28 05,22.759604,0.8813601,97.560974,24.285074
2014-01-28 06,25.426743,0.90929437,100.60975,64.939026
2014-01-28 07,20.004005,0.86947614,120.42683,25.964043
2014-01-28 08,33.250355,0.9261331,100.60975,58.841465
2014-01-28 09,19.627966,1.7376195,23.505684,57.012196
2014-01-28 10,30.227598,1.520417,119.9187,56.707317
2014-01-28 11,29.871977,1.520417,23.657019,58.536587
2014-01-28 12,19.402178,1.3032146,24.198326,58.841465
2014-01-28 13,19.56502,0.8914178,111.78862,57.92683
2014-01-28 14,30.049788,1.7376195,111.28048,24.827118
2014-01-28 15,20.947264,0.9897297,47.609993,74.39024
2014-01-28 16,19.863422,1.7376195,23.210022,76.21951
2014-01-28 17,28.449503,1.7376195,23.92074,76.21951
2014-01-28 18,21.411243,0.85776395,201.2195,103.35366
2014-01-28 19,19.741526,0.84283024,22.96685,25.476591
2014-01-28 20,34.31721,0.87709665,248.47562,104.57317
2014-01-28 21,32.00569,1.7376195,26.873093,86.89024
2014-01-28 22,28.093885,0.95419383,52.466682,77.743904
2014-01-28 23,26.849218,1.7376195,171.74797,25.318106
2014-01-29 00,19.271807,0.88127106,139.22765,66.768295
2014-01-29 01,19.49154,1.7376195,136.17886,56.707317
2014-01-29 02,23.470839,1.520417,118.902435,24.522512
2014-01-29 03,22.759604,1.7376195,111.78862,53.048782
2014-01-29 04,19.40888,1.7376195,102.64227,50.609756
2014-01-29 05,20.323845,0.96364284,36.186935,56.707317
2014-01-29 06,25.426743,0.9320968,105.69106,60.67073
2014-01-29 07,33.605976,1.7376195,118.902435,24.87984
2014-01-29 08,33.072548,1.7376195,23.449593,59.146343
2014-01-29 09,32.00569,1.7376195,110.26423,24.265997
2014-01-29 10,30.227598,1.520417,113.31301,59.146343
2014-01-29 11,30.227598,1.0120803,43.072926,62.80488
2014-01-29 12,31.472261,1.520417,25.123959,68.29269
2014-01-29 13,19.455948,1.7376195,105.69106,58.841465
2014-01-29 14,30.227598,1.520417,96.544716,23.833849
2014-01-29 15,28.627312,1.0224583,42.46892,63.719513
2014-01-29 16,19.688816,0.8577565,22.750319,25.270985
2014-01-29 17,28.093885,2.1720243,23.398994,67.37805
2014-01-29 18,19.728458,0.8335287,22.521399,25.136816
2014-01-29 19,33.428165,0.8477247,268.2927,27.797709
2014-01-29 20,25.236322,1.7376195,36.711124,114.02439
2014-01-29 21,31.116644,1.7376195,34.197952,107.92683
2014-01-29 22,28.271692,1.7376195,219.51219,94.81707
2014-01-29 23,26.849218,0.87102187,23.400991,25.453825
2014-01-30 00,24.715506,1.7376195,141.26016,64.939026
2014-01-30 01,23.115221,0.8821175,112.296745,25.360638
2014-01-30 02,22.93741,0.968547,35.08998,54.26829
2014-01-30 03,22.403982,0.9000817,107.72358,24.770565
2014-01-30 04,22.93741,1.7376195,23.544605,55.182926
2014-01-30 05,22.759604,1.7376195,97.560974,24.613445
2014-01-30 06,19.57344,0.8393133,22.960718,25.949718
2014-01-30 07,34.31721,0.89860314,113.82114,25.16971
2014-01-30 08,33.428165,1.7376195,23.270329,64.32927
2014-01-30 09,19.72171,1.9548218,105.69106,63.109756
2014-01-30 10,30.583216,1.7376195,109.24797,24.830006
2014-01-30 11,20.440495,0.99813265,40.85293,65.243904
2014-01-30 12,30.583216,1.7376195,23.193861,25.06584
2014-01-30 13,31.294455,1.7376195,112.296745,24.713478
2014-01-30 14,19.863241,1.520417,116.86991,24.72259
2014-01-30 15,28.627312,0.9269024,121.4431,70.42683
2014-01-30 16,28.982931,0.8785857,110.26423,24.671556
2014-01-30 17,28.627312,1.7376195,148.37398,79.87805
2014-01-30 18,30.938833,1.520417,202.23578,96.95122
2014-01-30 19,33.428165,1.7376195,36.237988,115.54878
2014-01-30 20,20.267408,0.7908824,289.126,28.501251
2014-01-30 21,23.848198,0.80001706,62.13389,94.81707
2014-01-30 22,28.449503,1.7376195,210.36588,87.5
2014-01-30 23,27.204836,0.9019253,172.2561,78.35366
2014-01-31 00,19.4693,1.7376195,23.239584,62.5
2014-01-31 01,19.547792,1.7376195,118.902435,60.365852
2014-01-31 02,23.29303,1.7376195,22.613436,25.150614
2014-01-31 03,22.759604,1.7376195,104.6748,55.487804
2014-01-31 04,20.10058,0.94996244,34.470165,53.658535
2014-01-31 05,19.566809,1.7376195,23.554089,61.280487
2014-01-31 06,25.782362,1.0098245,41.203094,63.109756
2014-01-31 07,34.672832,1.7376195,110.26423,24.71913
2014-01-31 08,33.072548,1.7376195,110.772354,65.243904
2014-01-31 09,31.82788,0.86880976,107.72358,76.52439
2014-01-31 10,30.938833,1.3032146,33.214058,73.47561
2014-01-31 11,19.582493,0.8896583,108.231705,25.765102
2014-01-31 12,19.218977,1.3032146,127.03253,78.04878
2014-01-31 13,30.938833,1.7376195,23.5205,69.81707
2014-01-31 14,29.51636,0.91504675,109.756096,75.0
2014-01-31 15,29.160742,1.7376195,126.52439,75.60976
2014-01-31 16,28.80512,1.7376195,145.32521,24.75418
2014-01-31 17,29.160742,1.520417,28.616581,78.35366
2014-01-31 18,30.227598,2.1720243,206.80894,97.256096
2014-01-31 19,31.116644,1.7376195,250.50813,107.62195
2014-01-31 20,19.701437,2.8236315,22.440222,25.902113
2014-01-31 21,19.881475,0.8566988,23.058565,25.959547
2014-01-31 22,20.207033,1.7376195,220.52846,27.000942
2014-01-31 23,26.671408,1.7376195,22.55534,24.261454
2014-02-01 00,19.647532,0.8582343,22.994665,26.010336
2014-02-01 01,23.82646,1.7376195,132.11382,25.31918
2014-02-01 02,23.470839,1.7376195,22.632837,24.372942
2014-02-01 03,22.759604,1.7376195,127.03253,24.873095
2014-02-01 04,22.93741,0.8482443,22.580183,24.75061
2014-02-01 05,19.497849,2.1720243,108.73984,55.792683
2014-02-01 06,19.709023,1.7376195,22.870317,54.26829
2014-02-01 07,19.60271,1.7376195,22.866886,49.085365
2014-02-01 08,19.865456,2.1720243,100.60975,48.780487
2014-02-01 09,19.9398,3.040834,22.98742,52.439026
2014-02-01 10,19.862835,0.85853976,22.44289,25.624607
2014-02-01 11,35.20626,0.8862645,25.643486,25.739548
2014-02-01 12,35.20626,1.7376195,23.821482,57.92683
2014-02-01 13,34.31721,1.7376195,200.7114,59.146343
2014-02-01 14,19.717136,1.7376195,23.10178,25.169369
2014-02-01 15,20.491693,0.9770691,41.776794,64.939026
2014-02-01 16,30.938833,1.7376195,161.58537,64.02439
2014-02-01 17,30.227598,1.9548218,165.6504,72.560974
2014-02-01 18,30.405405,1.7376195,26.899376,87.5
2014-02-01 19,32.1835,1.7376195,30.04749,97.256096
2014-02-01 20,31.472261,0.8817523,24.430954,25.441061
2014-02-01 21,29.51636,1.7376195,214.4309,89.63415
2014-02-01 22,20.073689,1.7376195,206.80894,26.737144
2014-02-01 23,26.31579,1.7376195,204.2683,89.32927
2014-02-02 00,25.960173,0.90982866,169.71545,80.79269
2014-02-02 01,19.993828,3.475239,22.088484,26.564426
2014-02-02 02,23.64865,0.85847425,22.928143,24.934855
2014-02-02 03,19.57215,1.520417,23.416325,60.67073
2014-02-02 04,23.115221,1.520417,107.21545,24.488127
2014-02-02 05,19.765896,1.7376195,23.210838,57.92683
2014-02-02 06,23.29303,1.7376195,91.46342,55.487804
2014-02-02 07,24.004267,0.965359,36.411514,55.182926
2014-02-02 08,19.512184,1.7376195,23.19564,52.134148
2014-02-02 09,33.605976,0.89372224,114.837395,25.06807
2014-02-02 10,36.095306,1.7376195,152.43903,61.890244
2014-02-02 11,36.628735,0.9128615,183.94308,59.756096
2014-02-02 12,20.425858,0.9833801,39.683453,62.80488
2014-02-02 13,35.02845,0.89221555,25.540628,25.980963
2014-02-02 14,32.716927,1.7376195,23.24531,58.23171
2014-02-02 15,31.294455,1.520417,132.62195,61.890244
2014-02-02 16,29.694168,0.8866404,144.30894,25.287653
2014-02-02 17,29.871977,1.7376195,161.58537,24.912315
2014-02-02 18,19.522655,0.8633176,206.30081,82.62195
2014-02-02 19,32.36131,1.9548218,238.313,103.96342
2014-02-02 20,32.716927,0.78760386,65.22509,103.65854
2014-02-02 21,24.993908,0.74636346,67.36276,100.914635
2014-02-02 22,28.093885,1.7376195,27.49063,90.54878
2014-02-02 23,26.671408,1.7376195,200.7114,85.060974
2014-02-03 00,25.071123,1.7376195,189.53253,67.07317
2014-02-03 01,24.359886,1.7376195,144.81708,25.238235
2014-02-03 02,23.64865,0.92349505,116.361786,62.80488
2014-02-03 03,19.644913,1.520417,22.43826,24.627987
2014-02-03 04,23.29303,0.8941813,114.32927,25.172272
2014-02-03 05,19.842196,0.8486358,22.951075,25.768635
2014-02-03 06,19.62982,1.7376195,107.72358,62.5
2014-02-03 07,34.31721,1.7376195,124.49187,24.997597
2014-02-03 08,34.139404,1.7376195,22.756706,24.835943
2014-02-03 09,34.85064,1.7376195,23.293995,58.536587
2014-02-03 10,34.139404,0.89017206,130.58943,25.251299
2014-02-03 11,19.428465,0.9021535,127.54066,61.280487
2014-02-03 12,30.761024,0.8857092,23.85853,25.04358
2014-02-03 13,31.116644,0.8732136,24.304375,24.926416
2014-02-03 14,19.562887,1.3032146,97.05285,25.064295
2014-02-03 15,29.160742,1.520417,120.42683,24.340843
2014-02-03 16,28.093885,0.8688323,127.54066,25.217175
2014-02-03 17,19.737957,1.7376195,135.67073,25.11932
2014-02-03 18,30.227598,0.75506294,68.149574,105.48781
2014-02-03 19,33.072548,1.7376195,276.9309,27.32359
2014-02-03 20,25.811407,1.7376195,38.533184,117.68293
2014-02-03 21,32.00569,0.87077564,25.068394,25.589865
2014-02-03 22,20.006866,1.7376195,210.36588,98.47561
2014-02-03 23,26.671408,0.8613254,23.758873,25.622828
2014-02-04 00,24.715506,1.7376195,146.84958,74.085365
2014-02-04 01,23.64865,1.7376195,119.9187,24.983507
2014-02-04 02,19.524197,0.9198165,108.231705,63.719513
2014-02-04 03,22.93741,1.7376195,23.045029,63.719513
2014-02-04 04,23.115221,1.7376195,98.57723,60.365852
2014-02-04 05,19.586435,0.9169453,97.05285,62.19512
2014-02-04 06,19.5363,0.8567959,22.535631,25.629797
2014-02-04 07,34.139404,1.7376195,23.144093,24.631725
2014-02-04 08,33.250355,1.0375382,47.54764,71.34146
2014-02-04 09,31.116644,1.030861,45.909313,66.768295
2014-02-04 10,19.527798,1.520417,22.925215,58.536587
2014-02-04 11,19.967175,1.520417,22.34288,25.379429
2014-02-04 12,29.871977,1.3032146,135.1626,24.900549
2014-02-04 13,19.997019,1.7376195,22.729546,24.771236
2014-02-04 14,29.51636,1.7376195,122.967476,66.46342
2014-02-04 15,19.935957,1.7376195,22.974419,25.632236
2014-02-04 16,27.204836,1.7376195,131.09756,82.62195
2014-02-04 17,27.916075,0.90716,158.02846,87.19512
2014-02-04 18,30.583216,0.8802018,24.30905,25.598993
2014-02-04 19,28.132359,0.5777813,95.471054,127.743904
2014-02-04 20,20.453144,1.7376195,269.81708,27.500362
2014-02-04 21,30.405405,1.7376195,22.801048,24.21115
2014-02-04 22,28.093885,0.92969114,54.27577,80.79269
2014-02-04 23,19.780706,1.7376195,188.00813,76.52439
2014-02-05 00,24.893316,1.7376195,161.07724,66.768295
2014-02-05 01,23.470839,1.7376195,135.1626,67.37805
2014-02-05 02,20.006458,0.87597406,116.361786,25.960033
2014-02-05 03,22.581793,1.7376195,23.111094,59.756096
2014-02-05 04,19.991991,1.7376195,113.31301,25.337967
2014-02-05 05,19.686108,1.7376195,102.13415,24.656824
2014-02-05 06,27.027029,1.0338525,46.282284,69.81707
2014-02-05 07,35.384068,1.7376195,125.0,72.86585
2014-02-05 08,34.31721,1.7376195,126.52439,65.243904
2014-02-05 09,31.294455,1.7376195,114.837395,24.888079
2014-02-05 10,30.227598,1.520417,23.167908,24.09326
2014-02-05 11,20.62128,0.99253356,47.352646,74.39024
2014-02-05 12,30.405405,1.520417,117.88618,24.670778
2014-02-05 13,19.550125,1.7376195,101.11789,53.963413
2014-02-05 14,19.809483,1.520417,22.873434,24.882431
2014-02-05 15,19.217419,1.520417,23.692047,68.902435
2014-02-05 16,19.71335,1.7376195,22.949902,63.414635
2014-02-05 17,28.80512,0.9099713,127.03253,69.51219
2014-02-05 18,30.583216,0.8460017,180.8943,25.706629
2014-02-05 19,23.454002,0.8946978,243.3943,115.85366
2014-02-05 20,35.02845,0.89082724,25.096048,25.180834
2014-02-05 21,24.723873,0.7568404,66.281944,98.47561
2014-02-05 22,27.916075,1.7376195,227.13414,89.32927
2014-02-05 23,26.671408,1.7376195,200.20325,25.625465
2014-02-06 00,25.248934,0.91039383,161.58537,73.47561
2014-02-06 01,19.832268,1.7376195,23.021955,25.215403
2014-02-06 02,19.79934,0.8384387,22.506874,25.071781
2014-02-06 03,19.487818,1.7376195,23.704807,59.756096
2014-02-06 04,23.115221,1.7376195,23.014503,55.182926
2014-02-06 05,22.93741,1.7376195,22.924517,24.3064
2014-02-06 06,25.604551,1.7376195,23.471767,62.80488
2014-02-06 07,19.476175,1.7376195,120.42683,73.47561
2014-02-06 08,32.716927,0.877824,24.935959,25.41776
2014-02-06 09,19.525806,1.9548218,23.6578,67.68293
2014-02-06 10,29.51636,0.9161187,131.09756,69.20731
2014-02-06 11,24.182077,0.90453726,122.45935,70.12195
2014-02-06 12,19.881624,1.7376195,135.1626,25.764544
2014-02-06 13,11.201991,0.8409552,23.053795,24.775785
2014-02-06 14,19.888613,1.520417,22.82409,25.338524
2014-02-06 15,8.001423,0.8324116,23.089273,25.740656
2014-02-06 16,19.79286,0.8460249,22.696941,25.311163
2014-02-06 17,19.320185,0.8992061,134.65446,85.060974
2014-02-06 18,20.916655,0.83307344,186.48373,102.13415
2014-02-06 19,13.335704,1.0610393,272.86584,117.07317
2014-02-06 20,13.5135145,0.8042741,292.1748,28.254736
2014-02-06 21,19.828238,1.7376195,22.979502,25.209013
2014-02-06 22,19.648634,1.7376195,22.311102,25.21156
2014-02-06 23,19.81211,1.7376195,22.324783,25.285006
2014-02-07 00,5.156472,1.7376195,162.60162,65.85366
2014-02-07 01,19.592262,1.7376195,133.63821,66.768295
2014-02-07 02,20.556797,0.9868086,39.85651,63.109756
2014-02-07 03,2.4893315,1.7376195,110.26423,57.621952
2014-02-07 04,19.755775,1.7376195,22.898746,25.700394
2014-02-07 05,19.445446,1.7376195,23.0902,61.890244
2014-02-07 06,5.3342814,1.7376195,22.316904,24.632027
2014-02-07 07,19.852392,0.83991337,23.142273,25.646711
2014-02-07 08,13.869132,1.7376195,119.9187,59.146343
2014-02-07 09,24.893316,0.86880976,119.9187,74.085365
2014-02-07 10,19.961592,0.85270613,22.559515,25.99942
2014-02-07 11,27.916075,1.3032146,22.562492,24.228182
2014-02-07 12,28.627312,1.0001473,41.63436,61.280487
2014-02-07 13,28.093885,0.9249862,114.32927,59.146343
2014-02-07 14,19.72892,0.84811264,22.294323,25.53497
2014-02-07 15,27.560455,1.0002649,41.751465,62.19512
2014-02-07 16,27.027029,1.7376195,23.877487,67.68293
2014-02-07 17,19.352755,0.8811712,153.45529,75.914635
2014-02-07 18,28.271692,0.8718513,23.753035,25.398077
2014-02-07 19,29.338549,0.95990115,268.8008,99.085365
2014-02-07 20,31.116644,2.8236315,22.269812,25.22629
2014-02-07 21,29.871977,0.83993584,60.874294,93.597565
2014-02-07 22,25.960173,0.8640941,23.325537,25.407448
2014-02-07 23,24.359886,1.7376195,209.85773,86.89024
2014-02-08 00,23.64865,0.88471466,174.28862,71.03658
2014-02-08 01,20.328941,0.9866887,42.010075,65.85366
2014-02-08 02,20.4576,0.9747891,36.57388,57.92683
2014-02-08 03,20.625889,1.7376195,112.296745,55.487804
2014-02-08 04,20.981508,1.7376195,102.64227,24.75868
2014-02-08 05,20.803698,0.96758336,36.089775,57.012196
2014-02-08 06,19.769196,0.8813698,102.13415,29.268293
2014-02-08 07,22.581793,1.7376195,95.52846,24.239359
2014-02-08 08,20.00458,2.1720243,22.59441,25.728012
2014-02-08 09,30.405405,3.040834,22.81466,61.890244
2014-02-08 10,31.65007,0.8788416,24.473492,25.23713
2014-02-08 11,31.65007,0.9912443,41.257545,58.23171
2014-02-08 12,32.1835,0.8878663,202.23578,61.280487
2014-02-08 13,32.36131,1.7376195,185.46748,53.658535
2014-02-08 14,19.839115,0.8765173,189.53253,58.536587
2014-02-08 15,20.180769,0.8368364,201.72765,26.694578
2014-02-08 16,28.627312,1.7376195,176.82927,25.601915
2014-02-08 17,28.093885,1.0220457,43.291748,64.939026
2014-02-08 18,29.694168,1.7376195,207.82521,74.085365
2014-02-08 19,19.659277,1.7376195,239.32927,94.51219
2014-02-08 20,29.871977,1.7376195,22.953112,24.595785
2014-02-08 21,19.551224,1.7376195,203.25203,83.231705
2014-02-08 22,25.604551,0.86258906,58.710457,87.80488
2014-02-08 23,24.715506,0.84980714,209.3496,26.128557
2014-02-09 00,19.6686,1.7376195,192.5813,77.439026
2014-02-09 01,20.433136,0.9966833,40.956425,65.243904
2014-02-09 02,21.514936,1.7376195,131.6057,62.5
2014-02-09 03,20.803698,0.8941766,127.54066,60.060974
2014-02-09 04,19.37571,0.8981105,114.32927,59.451218
2014-02-09 05,20.803698,1.7376195,103.150406,59.451218
2014-02-09 06,21.337126,1.7376195,22.728914,24.93459
2014-02-09 07,19.446114,1.7376195,22.761265,49.085365
2014-02-09 08,19.722715,1.7376195,97.05285,24.979712
2014-02-09 09,19.881016,0.8799679,120.93496,25.108137
2014-02-09 10,31.472261,0.87302023,24.355738,24.825432
2014-02-09 11,33.605976,1.7376195,23.395466,75.914635
2014-02-09 12,19.572292,1.7376195,226.11789,75.30488
2014-02-09 13,19.836473,0.83126116,182.4187,26.114445
2014-02-09 14,20.113443,0.8374269,168.69919,26.580307
2014-02-09 15,20.01857,1.520417,159.55284,25.608006
2014-02-09 16,20.012844,1.7376195,151.9309,25.486645
2014-02-09 17,19.411366,0.88261706,163.10976,58.841465
2014-02-09 18,27.560455,0.9596469,51.931515,77.743904
2014-02-09 19,21.47124,0.9989518,251.01627,100.60976
2014-02-09 20,30.405405,0.8977892,56.51086,88.10976
2014-02-09 21,19.839743,1.7376195,241.36179,83.53658
2014-02-09 22,23.008986,0.8504909,57.755165,89.02439
2014-02-09 23,19.207598,0.8823055,165.6504,82.92683
2014-02-10 00,19.714565,0.8558105,140.75203,25.688595
2014-02-10 01,19.758524,1.7376195,22.395247,25.395258
2014-02-10 02,20.981508,0.9070398,114.32927,56.707317
2014-02-10 03,20.625889,0.9760722,37.47383,59.756096
2014-02-10 04,19.848524,1.7376195,22.662104,25.491175
2014-02-10 05,20.803698,0.912653,106.70731,54.26829
2014-02-10 06,19.7408,1.7376195,101.11789,24.549671
2014-02-10 07,31.82788,0.9010131,113.31301,24.430088
2014-02-10 08,19.329113,0.899269,121.4431,55.792683
2014-02-10 09,20.016874,1.7376195,22.643606,24.896223
2014-02-10 10,29.871977,0.90983695,122.967476,54.57317
2014-02-10 11,29.338549,1.3032146,23.192926,24.774265
2014-02-10 12,19.301105,0.8954755,119.9187,74.085365
2014-02-10 13,19.589067,1.520417,22.915632,58.536587
2014-02-10 14,28.627312,1.022944,44.58274,66.15854
2014-02-10 15,26.849218,0.93481076,96.03658,72.256096
2014-02-10 16,27.204836,1.7376195,24.433886,83.231705
2014-02-10 17,19.773827,1.7376195,22.529282,24.962122
2014-02-10 18,29.160742,0.7236204,179.3699,105.48781
2014-02-10 19,32.53912,0.8204075,258.1301,27.503859
2014-02-10 20,32.894737,0.7390435,69.65681,111.28049
2014-02-10 21,30.583216,1.7376195,222.56096,100.30488
2014-02-10 22,26.493599,1.7376195,23.172125,24.784018
2014-02-10 23,19.691654,1.7376195,176.82927,82.01219
2014-02-11 00,22.581793,1.7376195,155.99594,25.43607
2014-02-11 01,19.888573,1.7376195,121.951225,25.086634
2014-02-11 02,21.159317,1.7376195,110.772354,24.332998
2014-02-11 03,20.625889,0.968209,37.77469,59.451218
2014-02-11 04,20.981508,1.7376195,105.69106,58.536587
2014-02-11 05,19.601967,1.7376195,101.626015,64.939026
2014-02-11 06,22.93741,0.88667387,101.626015,24.433754
2014-02-11 07,31.65007,1.7376195,112.80488,24.473154
2014-02-11 08,20.04534,1.7376195,106.19919,24.89146
2014-02-11 09,27.916075,1.0294803,43.523598,65.85366
2014-02-11 10,19.412697,1.520417,121.951225,63.109756
2014-02-11 11,27.027029,0.87772864,119.41057,24.867222
2014-02-11 12,19.998085,0.87759656,121.4431,25.368122
2014-02-11 13,28.271692,0.92066324,112.80488,68.902435
2014-02-11 14,19.644777,0.83392787,22.768095,25.161116
2014-02-11 15,19.740932,1.7376195,22.86357,25.269716
2014-02-11 16,25.604551,0.89361817,114.32927,24.490377
2014-02-11 17,26.493599,0.8628979,138.71951,25.315393
2014-02-11 18,29.160742,2.1720243,177.3374,73.78049
2014-02-11 19,32.1835,1.7376195,31.692959,102.13415
2014-02-11 20,21.826582,1.0607283,268.2927,98.17073
2014-02-11 21,19.691456,1.7376195,23.02338,24.79342
2014-02-11 22,26.493599,1.7376195,225.10162,86.89024
2014-02-11 23,21.351171,1.7376195,24.872074,87.80488
2014-02-12 00,19.680988,0.87894094,153.45529,72.86585
2014-02-12 01,21.159317,1.7376195,132.11382,64.939026
2014-02-12 02,20.803698,0.9096004,111.28048,57.317074
2014-02-12 03,20.27027,0.88779336,109.24797,25.303255
2014-02-12 04,19.674158,1.7376195,103.65854,60.365852
2014-02-12 05,19.344154,1.7376195,23.681993,68.597565
2014-02-12 06,19.444344,1.7376195,101.11789,69.20731
2014-02-12 07,31.294455,1.0360578,46.475876,67.68293
2014-02-12 08,30.938833,0.89289844,115.34553,25.174067
2014-02-12 09,20.29543,0.9746817,40.122475,62.80488
2014-02-12 10,27.738264,1.520417,139.73578,61.585365
2014-02-12 11,19.440609,1.520417,156.50406,72.86585
2014-02-12 12,28.80512,0.92064506,141.7683,71.03658
2014-02-12 13,20.05434,1.7376195,22.980095,25.465624
2014-02-12 14,28.449503,1.0186386,45.059933,66.46342
2014-02-12 15,19.243666,0.9110095,108.73984,72.560974
2014-02-12 16,26.13798,0.8662934,58.568382,86.89024
2014-02-12 17,26.31579,0.8708889,23.206966,25.391312
2014-02-12 18,28.449503,0.8794696,23.173117,24.71057
2014-02-12 19,20.857357,1.0156088,246.95122,96.95122
2014-02-12 20,22.32246,1.7376195,27.656128,94.81707
2014-02-12 21,20.061895,0.9391144,240.85365,90.54878
2014-02-12 22,21.751312,1.7376195,26.364407,91.768295
2014-02-12 23,24.359886,1.7376195,23.82705,78.65854
2014-02-13 00,23.115221,1.7376195,22.489683,24.96239
2014-02-13 01,19.871737,0.8588415,125.50813,25.943356
2014-02-13 02,19.671093,1.7376195,116.86991,55.182926
2014-02-13 03,19.379023,1.7376195,111.78862,56.707317
2014-02-13 04,19.716951,1.7376195,105.18294,25.35242
2014-02-13 05,20.44808,0.8879281,98.57723,24.990753
2014-02-13 06,19.545385,0.8484119,22.304522,25.383095
2014-02-13 07,31.65007,1.7376195,114.32927,63.414635
2014-02-13 08,30.761024,1.7376195,108.231705,24.25356
2014-02-13 09,28.449503,1.9548218,122.967476,58.841465
2014-02-13 10,19.309708,1.7376195,119.41057,64.939026
2014-02-13 11,28.80512,1.7376195,23.782902,69.51219
2014-02-13 12,19.71261,1.7376195,131.09756,25.489796
2014-02-13 13,28.982931,1.7376195,23.743519,63.414635
2014-02-13 14,28.449503,1.520417,98.57723,60.67073
2014-02-13 15,26.849218,1.520417,127.54066,24.917791
2014-02-13 16,26.31579,0.9214203,133.13008,72.560974
2014-02-13 17,19.5533,0.9003749,151.9309,72.560974
2014-02-13 18,28.449503,1.520417,180.8943,75.914635
2014-02-13 19,21.779364,0.97300774,245.93495,103.04878
2014-02-13 20,31.82788,1.9548218,264.73578,98.17073
2014-02-13 21,20.103235,1.7376195,234.24797,27.355404
2014-02-13 22,26.493599,0.8747345,222.05284,81.70731
2014-02-13 23,19.598719,0.8481107,22.52357,25.628742
2014-02-14 00,19.8544,0.84445643,153.96341,26.036757
2014-02-14 01,20.981508,1.7376195,125.0,24.757095
2014-02-14 02,19.272833,0.9054426,106.19919,57.621952
2014-02-14 03,19.768333,1.7376195,108.231705,24.819305
2014-02-14 04,20.44808,0.8994675,103.65854,54.26829
2014-02-14 05,20.44808,0.8936082,107.72358,24.731651
2014-02-14 06,19.356583,1.7376195,105.18294,64.02439
2014-02-14 07,19.380459,1.7376195,22.945665,65.54878
2014-02-14 08,30.583216,1.7376195,22.602753,24.307774
2014-02-14 09,29.338549,0.86880976,43.98123,66.15854
2014-02-14 10,28.627312,1.3032146,122.45935,67.98781
2014-02-14 11,29.338549,1.3032146,133.13008,24.196749
2014-02-14 12,19.734337,1.3032146,147.35773,62.5
2014-02-14 13,28.271692,1.7376195,130.58943,25.272038
2014-02-14 14,27.916075,1.7376195,23.207512,24.80795
2014-02-14 15,27.382647,0.89793974,159.55284,66.768295
2014-02-14 16,27.382647,0.8958842,145.83333,72.256096
2014-02-14 17,26.31579,1.520417,162.60162,74.69512
2014-02-14 18,21.23683,2.1720243,23.320248,89.02439
2014-02-14 19,22.896397,1.7376195,29.511244,99.085365
2014-02-14 20,21.574594,2.8236315,22.969622,90.54878
2014-02-14 21,27.204836,1.7376195,239.8374,85.060974
2014-02-14 22,25.071123,0.8650947,214.4309,77.743904
2014-02-14 23,24.359886,1.7376195,189.02438,75.0
2014-02-15 00,19.757326,0.855701,22.424417,25.20099
2014-02-15 01,20.014847,1.7376195,22.459465,25.663458
2014-02-15 02,21.159317,0.9869567,40.017242,63.414635
2014-02-15 03,20.803698,0.9106501,121.4431,59.756096
2014-02-15 04,20.803698,1.7376195,22.8571,56.707317
2014-02-15 05,19.425419,2.1720243,23.116285,61.585365
2014-02-15 06,19.964352,0.850427,22.45728,26.04014
2014-02-15 07,22.759604,1.7376195,88.414635,23.963905
2014-02-15 08,19.525467,2.1720243,104.166664,60.97561
2014-02-15 09,19.645653,0.8833406,121.4431,25.783484
2014-02-15 10,32.716927,0.87502253,167.17479,25.23792
2014-02-15 11,19.641336,1.7376195,182.4187,62.80488
2014-02-15 12,19.471628,1.7376195,169.71545,62.19512
2014-02-15 13,19.7631,0.8920032,152.43903,63.414635
2014-02-15 14,19.604929,0.9048508,149.89838,74.69512
2014-02-15 15,19.628233,1.7376195,22.627802,25.613766
2014-02-15 16,19.389542,1.7376195,146.84958,71.34146
2014-02-15 17,20.011126,0.84970355,169.20732,26.446926
2014-02-15 18,28.627312,1.0122122,48.731342,72.86585
2014-02-15 19,19.90654,0.83675104,22.936255,25.662434
2014-02-15 20,29.694168,1.7376195,22.831228,24.292856
2014-02-15 21,27.382647,1.7376195,213.92276,25.727575
2014-02-15 22,19.904808,1.7376195,194.61382,26.339691
2014-02-15 23,19.48325,0.8879677,195.63008,91.46342
2014-02-16 00,19.66195,1.7376195,174.79675,80.48781
2014-02-16 01,19.615728,3.475239,143.80081,70.42683
2014-02-16 02,21.337126,0.86092085,22.65494,24.739592
2014-02-16 03,20.625889,1.520417,116.361786,24.239546
2014-02-16 04,19.267553,1.520417,101.626015,63.414635
2014-02-16 05,19.668304,1.7376195,22.684008,25.003208
2014-02-16 06,19.3521,1.7376195,23.672104,65.85366
2014-02-16 07,22.226173,0.9271481,88.414635,58.841465
2014-02-16 08,25.960173,0.9712603,37.16643,55.487804
2014-02-16 09,31.65007,0.8825643,119.41057,24.447737
2014-02-16 10,19.487646,1.7376195,23.123169,64.32927
2014-02-16 11,32.894737,1.7376195,23.510502,71.34146
2014-02-16 12,32.716927,1.7376195,186.99187,80.79269
2014-02-16 13,33.072548,1.7376195,139.22765,24.836842
2014-02-16 14,19.716475,0.8783973,121.951225,25.86555
2014-02-16 15,19.524754,1.520417,116.361786,56.707317
2014-02-16 16,27.916075,0.89584506,128.04878,53.658535
2014-02-16 17,27.916075,1.7376195,23.527554,63.109756
2014-02-16 18,20.226261,1.7376195,165.14227,25.879904
2014-02-16 19,30.938833,1.9548218,23.462147,91.15854
2014-02-16 20,19.977446,0.9241649,229.16667,90.54878
2014-02-16 21,28.449503,1.7376195,22.605003,25.09125
2014-02-16 22,25.604551,1.7376195,23.218155,24.295881
2014-02-16 23,24.715506,0.8587502,171.23984,25.831352
2014-02-17 00,19.32191,1.7376195,152.43903,76.52439
2014-02-17 01,19.63113,1.7376195,124.49187,67.98781
2014-02-17 02,19.85029,1.7376195,109.756096,24.721252
2014-02-17 03,20.803698,0.8581123,22.657835,24.900673
2014-02-17 04,20.981508,1.7376195,96.03658,24.112926
2014-02-17 05,20.803698,1.7376195,94.00407,66.768295
2014-02-17 06,19.533836,0.88764817,98.06911,25.638569
2014-02-17 07,32.00569,0.90674734,105.18294,24.843424
2014-02-17 08,20.379272,0.9765255,39.102627,61.585365
2014-02-17 09,29.871977,1.7376195,114.32927,24.188377
2014-02-17 10,19.667414,1.7376195,121.951225,25.461512
2014-02-17 11,27.738264,1.3032146,23.06297,24.321737
2014-02-17 12,22.24382,0.92334,52.233196,82.62195
2014-02-17 13,27.560455,0.93572503,114.837395,75.0
2014-02-17 14,27.382647,1.3032146,114.837395,75.30488
2014-02-17 15,26.31579,1.520417,25.74498,73.17073
2014-02-17 16,25.782362,0.86005515,23.270208,25.186602
2014-02-17 17,25.782362,1.7376195,23.955112,79.268295
2014-02-17 18,24.766947,0.7714303,64.95835,99.39024
2014-02-17 19,30.583216,1.7376195,42.780987,128.04878
2014-02-17 20,32.53912,1.7376195,36.175274,114.63415
2014-02-17 21,22.713129,1.7376195,29.53633,99.39024
2014-02-17 22,25.960173,0.8817562,236.28049,102.743904
2014-02-17 23,19.852095,1.7376195,23.09417,25.670597
2014-02-18 00,20.57111,1.0031472,45.01035,70.42683
2014-02-18 01,19.645569,0.83606946,22.552929,25.556181
2014-02-18 02,19.471725,1.7376195,122.45935,65.243904
2014-02-18 03,20.625889,0.9947361,40.878178,65.243904
2014-02-18 04,20.803698,1.7376195,23.669256,60.67073
2014-02-18 05,19.399982,1.7376195,112.80488,67.07317
2014-02-18 06,19.460976,1.7376195,113.82114,72.560974
2014-02-18 07,32.716927,1.7376195,23.841145,67.98781
2014-02-18 08,19.329556,0.9047668,131.09756,64.02439
2014-02-18 09,29.871977,1.7376195,22.53856,24.158344
2014-02-18 10,30.049788,0.92434216,121.951225,61.890244
2014-02-18 11,19.614868,0.89335084,116.86991,64.32927
2014-02-18 12,30.583216,1.3032146,109.24797,24.680534
2014-02-18 13,19.64028,1.7376195,22.849089,51.82927
2014-02-18 14,27.916075,1.7376195,101.11789,24.017015
2014-02-18 15,26.671408,1.7376195,124.49187,59.756096
2014-02-18 16,26.13798,1.7376195,122.967476,24.55047
2014-02-18 17,23.64865,1.7376195,123.98374,71.34146
2014-02-18 18,20.152733,2.1720243,162.60162,26.436926
2014-02-18 19,19.752323,1.7376195,23.056171,24.943348
2014-02-18 20,27.560455,1.7376195,255.08131,26.729244
2014-02-18 21,25.782362,0.8274314,238.313,26.739164
2014-02-18 22,23.29303,0.84356886,200.7114,26.156052
2014-02-18 23,19.243084,0.8719167,182.92683,89.63415
2014-02-19 00,19.381224,1.7376195,165.14227,25.74669
2014-02-19 01,17.60313,1.7376195,23.421892,62.80488
2014-02-19 02,19.509521,1.520417,114.837395,61.280487
2014-02-19 03,16.714083,0.8444434,22.329374,24.804434
2014-02-19 04,20.1096,0.96813697,36.68742,57.92683
2014-02-19 05,19.585966,0.8847762,108.73984,25.134247
2014-02-19 06,19.589918,0.90129405,106.19919,68.902435
2014-02-19 07,19.332838,1.7376195,104.6748,67.07317
2014-02-19 08,27.738264,0.9117499,112.80488,63.414635
2014-02-19 09,20.520685,0.99148434,39.594578,63.109756
2014-02-19 10,19.925652,0.87490076,126.52439,25.193129
2014-02-19 11,19.769102,0.8844754,117.88618,25.706745
2014-02-19 12,24.893316,1.520417,113.82114,64.02439
2014-02-19 13,24.182077,0.8921773,93.49593,24.742239
2014-02-19 14,24.715506,1.520417,22.95584,24.261318
2014-02-19 15,23.115221,1.520417,22.971685,24.224586
2014-02-19 16,22.759604,1.7376195,117.88618,60.97561
2014-02-19 17,22.93741,2.1720243,135.67073,71.64634
2014-02-19 18,25.782362,2.606429,22.780268,25.401087
2014-02-19 19,27.382647,0.8172046,239.32927,27.14218
2014-02-19 20,20.113886,1.7376195,245.42683,104.268295
2014-02-19 21,19.86789,1.7376195,22.581062,25.274658
2014-02-19 22,22.581793,0.85031766,22.77572,25.370255
2014-02-19 23,19.90498,1.7376195,182.92683,26.289858
2014-02-20 00,19.203413,1.7376195,23.909079,73.17073
2014-02-20 01,19.658663,1.7376195,23.275883,67.98781
2014-02-20 02,17.42532,0.9877811,37.287304,62.19512
2014-02-20 03,16.891891,1.7376195,23.025057,65.85366
2014-02-20 04,17.24751,0.9053616,110.26423,60.060974
2014-02-20 05,16.891891,1.7376195,104.166664,67.68293
2014-02-20 06,19.914652,0.87147546,109.756096,24.514557
2014-02-20 07,28.449503,1.7376195,105.18294,61.890244
2014-02-20 08,19.52282,0.91966295,99.5935,60.67073
2014-02-20 09,25.071123,1.9548218,22.891197,58.841465
2014-02-20 10,25.426743,0.867311,22.711071,24.782694
2014-02-20 11,19.68181,1.7376195,118.902435,69.20731
2014-02-20 12,24.715506,0.853882,23.28256,25.404495
2014-02-20 13,24.182077,0.99200577,40.757965,62.5
2014-02-20 14,19.587385,0.87539405,105.69106,25.822767
2014-02-20 15,20.628677,1.0053314,43.360104,68.597565
2014-02-20 16,21.870554,0.8594483,23.022987,25.129084
2014-02-20 17,22.581793,1.7376195,23.593306,69.20731
2014-02-20 18,25.071123,0.9033925,172.2561,77.13415
2014-02-20 19,26.849218,1.7376195,278.9634,27.000765
2014-02-20 20,20.243347,0.78990537,269.30893,27.957941
2014-02-20 21,25.426743,1.7376195,235.77235,102.13415
2014-02-20 22,22.403982,1.7376195,208.84146,26.161217
2014-02-20 23,20.981508,0.9065665,168.69919,83.53658
2014-02-21 00,19.755108,0.8382564,22.914726,25.486507
2014-02-21 01,17.42532,1.7376195,132.11382,66.768295
2014-02-21 02,20.020292,1.7376195,113.82114,25.479435
2014-02-21 03,16.891891,0.8585546,22.68139,25.297106
2014-02-21 04,17.24751,1.7376195,112.296745,56.40244
2014-02-21 05,17.069702,1.7376195,103.65854,24.835268
2014-02-21 06,20.09246,0.906212,111.78862,60.060974
2014-02-21 07,19.374739,1.7376195,104.6748,56.707317
2014-02-21 08,19.300335,0.9051184,115.85366,60.67073
2014-02-21 09,20.464226,0.86880976,39.98868,64.02439
2014-02-21 10,19.903881,1.3032146,116.361786,24.958286
2014-02-21 11,25.248934,0.8990173,115.34553,24.486212
2014-02-21 12,25.426743,1.3032146,110.772354,69.81707
2014-02-21 13,24.893316,1.7376195,22.48057,25.053398
2014-02-21 14,19.512053,1.7376195,23.25646,60.060974
2014-02-21 15,19.494204,1.7376195,23.109339,63.719513
2014-02-21 16,19.374823,0.8932682,114.32927,69.81707
2014-02-21 17,23.29303,1.520417,22.475243,24.213001
2014-02-21 18,19.634384,0.9008072,167.17479,80.18293
2014-02-21 19,27.560455,1.7376195,35.939316,109.14634
2014-02-21 20,21.074022,2.8236315,262.70325,110.97561
2014-02-21 21,19.8565,0.8384983,22.89471,25.654152
2014-02-21 22,20.002356,1.7376195,220.02032,26.34949
2014-02-21 23,20.625889,1.7376195,194.1057,82.01219
2014-02-22 00,19.658607,1.7376195,23.114332,25.413843
2014-02-22 01,19.527126,0.89206815,142.78455,66.15854
2014-02-22 02,17.42532,1.7376195,122.45935,61.280487
2014-02-22 03,16.714083,1.7376195,117.37805,58.841465
2014-02-22 04,19.29674,0.8980839,112.296745,57.621952
2014-02-22 05,19.689325,0.8702857,110.26423,24.986454
2014-02-22 06,17.60313,0.9429097,34.54545,55.487804
2014-02-22 07,19.559032,0.90305096,89.939026,25.095093
2014-02-22 08,24.182077,0.9314315,31.545374,45.73171
2014-02-22 09,19.754791,0.8916291,131.6057,48.780487
2014-02-22 10,19.961195,1.9548218,167.17479,56.707317
2014-02-22 11,19.700592,1.7376195,170.22357,62.5
2014-02-22 12,20.264872,1.7376195,178.8618,26.007168
2014-02-22 13,30.049788,1.7376195,23.636757,56.40244
2014-02-22 14,28.271692,0.99003375,39.52761,58.23171
2014-02-22 15,20.048733,1.7376195,172.2561,25.797686
2014-02-22 16,24.537695,1.7376195,169.20732,67.68293
2014-02-22 17,19.921457,1.9548218,159.04471,25.998146
2014-02-22 18,19.672867,1.7376195,23.83401,77.13415
2014-02-22 19,25.960173,0.86273026,23.027205,24.808645
2014-02-22 20,25.960173,1.7376195,228.1504,104.57317
2014-02-22 21,23.64865,1.7376195,214.93903,100.60976
2014-02-22 22,22.048365,1.7376195,23.083475,24.620699
2014-02-22 23,19.543499,0.856018,22.260761,25.092049
2014-02-23 00,19.381224,1.7376195,155.48781,81.402435
2014-02-23 01,17.60313,3.475239,127.54066,26.111311
2014-02-23 02,17.958748,0.8699316,109.756096,24.63562
2014-02-23 03,17.069702,1.520417,106.19919,60.060974
2014-02-23 04,17.069702,1.520417,108.231705,24.50207
2014-02-23 05,16.714083,1.7376195,22.876661,25.265451
2014-02-23 06,19.396296,1.7376195,105.18294,54.26829
2014-02-23 07,19.827293,1.7376195,87.39838,42.987804
2014-02-23 08,22.048365,1.7376195,108.73984,24.687128
2014-02-23 09,19.70839,0.88047004,120.42683,46.646343
2014-02-23 10,29.51636,1.7376195,163.61789,24.875307
2014-02-23 11,19.956186,1.7376195,216.97154,59.451218
2014-02-23 12,19.986576,1.7376195,199.69514,61.280487
2014-02-23 13,28.80512,0.89761275,144.30894,49.085365
2014-02-23 14,27.916075,1.7376195,130.0813,49.390244
2014-02-23 15,19.461775,0.896607,122.45935,54.878048
2014-02-23 16,24.182077,0.9592863,33.115875,50.0
2014-02-23 17,22.93741,0.8964174,114.837395,51.52439
2014-02-23 18,25.604551,1.0001037,41.992664,63.719513
2014-02-23 19,19.49246,1.9548218,205.79268,89.939026
2014-02-23 20,26.671408,1.7376195,200.20325,26.15088
2014-02-23 21,19.4152,0.86706495,199.187,85.36585
2014-02-23 22,20.028692,1.7376195,195.63008,26.53829
2014-02-23 23,20.328737,1.0131619,44.294605,70.42683
2014-02-24 00,18.669987,1.7376195,137.70325,57.317074
2014-02-24 01,17.60313,0.9711849,36.021553,59.451218
2014-02-24 02,19.630917,1.7376195,23.668154,58.536587
2014-02-24 03,16.891891,1.520417,98.06911,57.621952
2014-02-24 04,19.66948,0.8824065,99.5935,24.950432
2014-02-24 05,17.069702,0.9434399,35.20123,56.707317
2014-02-24 06,19.914652,1.7376195,22.451595,24.285595
2014-02-24 07,28.627312,0.92420566,102.13415,55.182926
2014-02-24 08,27.916075,1.7376195,23.275522,54.26829
2014-02-24 09,26.849218,1.7376195,108.231705,24.333355
2014-02-24 10,25.782362,0.8992548,115.34553,58.536587
2014-02-24 11,20.292305,0.9697108,39.18697,61.280487
2014-02-24 12,24.359886,0.98831016,40.427116,61.890244
2014-02-24 13,19.529858,1.520417,23.029936,59.756096
2014-02-24 14,24.537695,0.93404585,95.02032,57.621952
2014-02-24 15,23.470839,1.520417,23.53533,69.51219
2014-02-24 16,22.93741,1.7376195,108.231705,24.34494
2014-02-24 17,23.29303,1.7376195,22.84745,24.800497
2014-02-24 18,25.071123,0.99497956,43.260933,65.243904
2014-02-24 19,28.271692,0.78873336,65.12674,98.17073
2014-02-24 20,22.825655,1.7376195,29.226469,98.78049
2014-02-24 21,27.204836,1.7376195,213.92276,96.95122
2014-02-24 22,23.64865,1.7376195,201.2195,88.414635
2014-02-24 23,20.803698,0.8438622,22.733223,25.37589
2014-02-25 00,19.863667,0.8516887,149.89838,25.84805
2014-02-25 01,19.699478,1.7376195,116.86991,56.707317
2014-02-25 02,17.069702,1.7376195,107.21545,53.658535
2014-02-25 03,16.536274,1.7376195,22.889685,54.26829
2014-02-25 04,19.468946,1.7376195,23.46292,54.57317
2014-02-25 05,17.069702,1.7376195,96.03658,24.569172
2014-02-25 06,19.914652,1.7376195,97.560974,59.756096
2014-02-25 07,27.916075,1.7376195,103.150406,55.182926
2014-02-25 08,27.560455,1.7376195,98.57723,24.278706
2014-02-25 09,19.55669,1.7376195,96.544716,53.048782
2014-02-25 10,24.182077,0.890393,107.72358,24.82935
2014-02-25 11,24.537695,1.520417,22.764486,24.706823
2014-02-25 12,24.004267,0.8773886,114.837395,24.883593
2014-02-25 13,23.64865,1.7376195,99.5935,53.658535
2014-02-25 14,24.004267,0.9125968,101.626015,61.890244
2014-02-25 15,22.759604,1.0017583,42.483467,66.15854
2014-02-25 16,19.85739,0.84206164,22.99871,25.69001
2014-02-25 17,22.759604,1.7376195,23.924109,73.47561
2014-02-25 18,19.914995,0.8561472,22.847113,25.310629
2014-02-25 19,28.449503,1.7376195,252.54065,26.609867
2014-02-25 20,29.160742,0.9415724,263.7195,99.39024
2014-02-25 21,19.32448,1.7376195,217.98781,94.81707
2014-02-25 22,20.367685,1.7376195,212.90651,26.980005
2014-02-25 23,20.981508,1.7376195,23.699163,79.57317
2014-02-26 00,18.847795,1.7376195,139.22765,69.81707
2014-02-26 01,19.988054,0.8855459,114.32927,25.727772
2014-02-26 02,20.031788,1.520417,113.82114,25.33382
2014-02-26 03,16.536274,0.8722944,106.19919,25.312525
2014-02-26 04,19.787489,1.7376195,107.72358,25.068531
2014-02-26 05,19.46138,1.7376195,23.70177,59.756096
2014-02-26 06,19.914652,1.7376195,23.313484,59.146343
2014-02-26 07,28.627312,1.7376195,22.972857,55.487804
2014-02-26 08,27.916075,0.98956436,40.1896,59.146343
2014-02-26 09,25.782362,1.7376195,123.47561,25.037287
2014-02-26 10,24.359886,1.520417,23.727839,53.353657
2014-02-26 11,19.561861,0.85719335,23.096851,25.728468
2014-02-26 12,20.369967,0.9635457,38.684578,60.060974
2014-02-26 13,23.82646,1.7376195,102.64227,24.805864
2014-02-26 14,19.63571,1.520417,97.560974,56.09756
2014-02-26 15,19.621885,0.9006317,97.560974,53.963413
2014-02-26 16,20.283,0.9538666,33.80199,52.743904
2014-02-26 17,19.860298,2.1720243,132.62195,57.012196
2014-02-26 18,20.157303,2.606429,167.68292,26.859406
2014-02-26 19,28.982931,1.7376195,242.37805,26.24336
2014-02-26 20,21.82467,0.9792327,245.93495,101.82927
2014-02-26 21,19.978323,1.7376195,223.57724,26.391563
2014-02-26 22,19.73176,1.7376195,207.31708,86.28049
2014-02-26 23,21.514936,1.7376195,176.82927,25.168804
2014-02-27 00,19.203413,0.85232776,158.53659,25.323753
2014-02-27 01,19.182014,0.8920517,126.01626,72.560974
2014-02-27 02,19.563625,1.7376195,23.241222,62.5
2014-02-27 03,17.069702,0.9119067,108.231705,60.67073
2014-02-27 04,19.634726,1.7376195,23.122738,24.972393
2014-02-27 05,17.069702,0.8822434,104.6748,25.173065
2014-02-27 06,20.27027,1.7376195,23.030735,25.088856
2014-02-27 07,27.916075,1.7376195,23.249338,60.365852
2014-02-27 08,27.738264,0.9185419,109.24797,52.439026
2014-02-27 09,19.319345,0.8859753,113.31301,56.09756
2014-02-27 10,23.82646,1.7376195,133.13008,56.40244
2014-02-27 11,24.004267,1.7376195,132.62195,25.053062
2014-02-27 12,24.715506,1.7376195,23.190567,24.577326
2014-02-27 13,19.571142,1.7376195,22.576448,39.939026
2014-02-27 14,22.93741,0.8856733,113.31301,25.269587
2014-02-27 15,24.537695,0.8797289,119.41057,25.036598
2014-02-27 16,24.537695,0.947109,31.889206,47.256096
2014-02-27 17,25.248934,1.7376195,123.47561,24.897848
2014-02-27 18,24.537695,0.8923401,153.96341,63.719513
2014-02-27 19,19.541668,1.7376195,247.45935,90.85366
2014-02-27 20,27.560455,0.8664681,23.503492,25.014072
2014-02-27 21,19.518211,1.7376195,208.33333,92.98781
2014-02-27 22,23.17122,0.846948,58.081924,89.02439
2014-02-27 23,20.803698,1.7376195,174.28862,76.82927
2014-02-28 00,20.365582,0.98210627,41.543373,64.939026
2014-02-28 01,17.42532,0.9197623,119.9187,60.67073
2014-02-28 02,17.42532,1.7376195,23.066946,57.92683
2014-02-28 03,16.891891,0.9041727,103.150406,57.012196
2014-02-28 04,17.24751,0.8843069,102.64227,25.15171
2014-02-28 05,19.60539,0.8912664,104.166664,59.756096
2014-02-28 06,19.914652,0.91369337,103.150406,57.92683
2014-02-28 07,19.355091,1.7376195,23.309216,56.09756
2014-02-28 08,19.936384,0.8331721,22.668175,25.183586
2014-02-28 09,25.782362,0.86880976,96.544716,50.0
2014-02-28 10,24.893316,1.3032146,23.29967,51.82927
2014-02-28 11,20.16782,0.952093,34.040028,53.048782
2014-02-28 12,19.390278,1.3032146,23.655882,50.609756
2014-02-28 13,25.248934,1.7376195,22.810892,49.390244
2014-02-28 14,24.537695,1.7376195,106.19919,46.951218
2014-02-28 15,19.976292,1.7376195,22.283604,25.095322
2014-02-28 16,19.375055,0.88940316,111.78862,58.536587
2014-02-28 17,22.93741,1.520417,132.62195,59.146343
2014-02-28 18,25.071123,0.863244,22.892061,25.053946
2014-02-28 19,19.606327,0.9307127,232.21547,90.54878
2014-02-28 20,26.31579,0.7846373,65.4844,97.560974
2014-02-28 21,24.182077,0.8804505,214.4309,89.63415
2014-02-28 22,21.692745,1.7376195,24.063969,80.48781
2014-02-28 23,20.981508,0.89605486,54.52615,86.28049
2014-03-01 00,19.203413,1.7376195,23.227787,78.96342
2014-03-01 01,17.78094,1.7376195,122.45935,63.109756
2014-03-01 02,17.42532,0.8842666,110.26423,24.687407
2014-03-01 03,19.66736,1.7376195,22.921837,25.026543
2014-03-01 04,20.418316,0.95245796,36.915604,57.012196
2014-03-01 05,19.557854,0.901058,98.57723,58.841465
2014-03-01 06,17.60313,1.7376195,78.25203,24.142422
2014-03-01 07,20.008219,0.9200695,32.11435,48.17073
2014-03-01 08,22.93741,2.1720243,89.939026,53.658535
2014-03-01 09,25.960173,0.9682285,38.760685,57.317074
2014-03-01 10,28.093885,1.9548218,144.81708,65.85366
2014-03-01 11,28.093885,1.7376195,169.71545,25.044846
2014-03-01 12,19.673885,0.8949442,155.99594,67.07317
2014-03-01 13,19.478811,1.7376195,23.465912,64.939026
2014-03-01 14,27.204836,0.9353824,53.58309,80.48781
2014-03-01 15,25.426743,1.7376195,23.125414,24.287485
2014-03-01 16,24.182077,1.7376195,178.35365,71.64634
2014-03-01 17,19.45586,1.9548218,188.00813,71.34146
2014-03-01 18,23.82646,0.887796,192.07317,64.32927
2014-03-01 19,19.59455,1.7376195,233.73982,86.585365
2014-03-01 20,19.5946,1.7376195,215.44716,97.256096
2014-03-01 21,20.397636,0.8753808,197.15446,97.86585
2014-03-01 22,21.800142,1.7376195,26.048199,90.54878
2014-03-01 23,19.302158,0.8828222,173.78049,84.756096
2014-03-02 00,19.203413,0.8731123,154.47154,25.7745
2014-03-02 01,17.78094,0.9096809,121.4431,62.19512
2014-03-02 02,17.42532,0.95231766,33.9346,55.182926
2014-03-02 03,20.165394,0.97105306,36.18103,57.317074
2014-03-02 04,19.574652,1.520417,23.105278,53.658535
2014-03-02 05,16.891891,1.7376195,23.4326,56.707317
2014-03-02 06,20.40724,0.9261791,32.281338,48.47561
2014-03-02 07,18.136559,0.8877476,76.21951,24.875454
2014-03-02 08,21.159317,1.7376195,22.62979,24.922203
2014-03-02 09,25.248934,1.7376195,127.03253,46.341465
2014-03-02 10,19.53661,0.8653652,147.35773,49.085365
2014-03-02 11,29.160742,0.96586764,35.91268,51.219513
2014-03-02 12,19.463173,0.8793622,176.32114,60.97561
2014-03-02 13,27.382647,0.8930881,143.80081,58.841465
2014-03-02 14,25.604551,1.7376195,22.944458,54.57317
2014-03-02 15,20.074654,1.520417,136.17886,25.479412
2014-03-02 16,22.403982,1.7376195,121.951225,64.63415
2014-03-02 17,19.381023,1.7376195,22.9494,64.02439
2014-03-02 18,20.621464,0.9710873,40.94752,63.414635
2014-03-02 19,25.426743,1.9548218,23.492584,76.21951
2014-03-02 20,24.537695,1.7376195,22.757122,24.677584
2014-03-02 21,23.82646,1.7376195,23.500996,77.439026
2014-03-02 22,20.010054,1.7376195,200.20325,26.468803
2014-03-02 23,20.27027,1.7376195,174.79675,73.78049
2014-03-03 00,18.669987,1.7376195,22.72504,24.866491
2014-03-03 01,19.696396,1.7376195,23.180727,55.487804
2014-03-03 02,16.891891,0.95976007,34.762913,57.317074
2014-03-03 03,16.536274,0.9203511,104.6748,60.365852
2014-03-03 04,19.569918,1.7376195,101.11789,57.92683
2014-03-03 05,17.069702,1.7376195,98.57723,24.491325
2014-03-03 06,18.492176,0.8931975,87.9065,25.01803
2014-03-03 07,20.31761,0.9437699,33.50269,51.52439
2014-03-03 08,19.93993,0.85140795,22.9423,25.315626
2014-03-03 09,20.395262,0.96221375,36.033176,56.40244
2014-03-03 10,27.382647,0.91795886,139.22765,61.280487
2014-03-03 11,19.922365,1.3032146,133.13008,24.73205
2014-03-03 12,27.204836,1.3032146,29.067774,66.768295
2014-03-03 13,19.454906,0.9048859,129.06505,73.78049
2014-03-03 14,19.816675,0.8574152,23.035748,25.55085
2014-03-03 15,23.470839,1.520417,22.874187,24.161018
2014-03-03 16,19.886465,0.87721616,128.55692,25.375772
2014-03-03 17,19.920862,1.7376195,135.67073,25.774685
2014-03-03 18,19.913227,2.1720243,22.587162,25.881876
2014-03-03 19,25.782362,1.7376195,225.10162,92.07317
2014-03-03 20,19.562468,1.7376195,218.49594,96.03659
2014-03-03 21,20.017776,1.7376195,196.13821,26.420614
2014-03-03 22,22.226173,0.8516239,22.863634,24.768667
2014-03-03 23,19.5508,1.7376195,165.6504,80.18293
2014-03-04 00,19.714071,0.84854937,23.09142,25.794157
2014-03-04 01,17.60313,1.7376195,23.193695,72.560974
2014-03-04 02,20.262869,0.9829712,40.92976,64.32927
2014-03-04 03,16.891891,1.7376195,103.65854,60.060974
2014-03-04 04,17.24751,1.7376195,96.03658,24.289051
2014-03-04 05,16.891891,0.8980289,98.06911,24.83517
2014-03-04 06,17.78094,1.7376195,83.333336,24.35624
2014-03-04 07,20.27027,1.7376195,23.109552,45.121952
2014-03-04 08,23.29303,0.89706093,74.69512,24.822474
2014-03-04 09,25.782362,1.7376195,99.085365,24.442045
2014-03-04 10,19.2915,0.9063752,127.03253,68.597565
2014-03-04 11,19.747114,0.8383893,22.994444,25.934687
2014-03-04 12,28.093885,0.91410166,168.69919,83.231705
2014-03-04 13,28.449503,0.9106823,133.13008,72.256096
2014-03-04 14,26.671408,0.89858145,141.7683,72.256096
2014-03-04 15,23.64865,1.0259503,44.89235,70.12195
2014-03-04 16,19.870071,0.8671946,133.13008,25.51634
2014-03-04 17,21.692745,1.7376195,145.83333,75.30488
2014-03-04 18,20.119345,2.1720243,168.69919,25.959187
2014-03-04 19,20.29417,0.81252575,230.69106,27.54329
2014-03-04 20,21.21018,0.914794,224.59349,102.13415
2014-03-04 21,24.182077,0.9127294,228.1504,96.64634
2014-03-04 22,19.902681,1.7376195,202.7439,99.39024
2014-03-04 23,20.625889,1.7376195,24.047344,85.060974
2014-03-05 00,18.847795,1.0153646,43.51786,71.03658
2014-03-05 01,19.389608,1.7376195,23.539314,61.585365
2014-03-05 02,19.750732,0.8737376,116.86991,25.575031
2014-03-05 03,19.430107,1.7376195,114.32927,59.146343
2014-03-05 04,17.069702,1.7376195,23.230698,55.792683
2014-03-05 05,19.616833,0.8421156,22.398111,25.591608
2014-03-05 06,18.669987,0.93760437,32.48235,51.219513
2014-03-05 07,25.071123,1.7376195,23.3129,44.817074
2014-03-05 08,19.517569,1.7376195,105.69106,44.207317
2014-03-05 09,19.926657,0.8533525,22.726772,25.540588
2014-03-05 10,24.893316,1.520417,23.860628,61.280487
2014-03-05 11,25.782362,0.92476994,107.72358,65.85366
2014-03-05 12,25.604551,1.520417,117.37805,24.804049
2014-03-05 13,19.616524,1.7376195,102.64227,48.17073
2014-03-05 14,24.537695,1.520417,97.05285,52.439026
2014-03-05 15,19.594725,0.87386537,103.150406,24.953535
2014-03-05 16,22.581793,1.7376195,101.626015,58.841465
2014-03-05 17,22.759604,0.91856605,113.31301,63.719513
2014-03-05 18,24.715506,0.90285146,129.57317,67.37805
2014-03-05 19,28.271692,1.7376195,22.483133,24.579636
2014-03-05 20,28.80512,0.8669918,228.65854,95.731705
2014-03-05 21,20.517284,1.7376195,23.776915,84.756096
2014-03-05 22,22.93741,0.85471475,197.6626,26.656158
2014-03-05 23,19.5281,0.8358685,23.128857,25.918032
2014-03-06 00,19.830902,0.84709257,142.27643,25.54342
2014-03-06 01,17.42532,1.7376195,114.837395,58.841465
2014-03-06 02,17.24751,1.7376195,104.6748,53.353657
2014-03-06 03,16.714083,1.7376195,23.410984,54.57317
2014-03-06 04,19.67996,1.7376195,100.60975,52.134148
2014-03-06 05,17.069702,1.7376195,101.626015,24.549654
2014-03-06 06,19.736841,1.7376195,23.286963,57.012196
2014-03-06 07,19.685198,1.7376195,23.061377,53.963413
2014-03-06 08,27.738264,0.90325654,123.98374,54.878048
2014-03-06 09,19.751823,1.9548218,112.80488,53.353657
2014-03-06 10,19.728388,0.86601317,118.39431,25.90627
2014-03-06 11,25.604551,1.7376195,23.057085,24.809237
2014-03-06 12,19.54633,0.8865551,111.28048,25.832678
2014-03-06 13,19.856699,1.7376195,106.19919,25.055565
2014-03-06 14,19.891674,1.520417,105.18294,41.158535
2014-03-06 15,19.768795,1.520417,100.60975,37.80488
2014-03-06 16,22.581793,1.7376195,22.770796,24.390083
2014-03-06 17,22.93741,0.90341014,111.28048,44.207317
2014-03-06 18,19.967873,1.520417,142.78455,25.468727
2014-03-06 19,28.80512,0.86553836,239.32927,80.79269
2014-03-06 20,28.449503,1.9548218,248.47562,85.97561
2014-03-06 21,19.74372,0.84785175,22.862923,25.547226
2014-03-06 22,22.403982,0.94122016,51.662155,81.097565
2014-03-06 23,21.159317,0.8931006,166.66667,73.47561
2014-03-07 00,18.847795,1.7376195,152.94716,24.85569
2014-03-07 01,17.42532,1.7376195,116.361786,53.658535
2014-03-07 02,16.891891,1.7376195,112.296745,49.69512
2014-03-07 03,19.748642,1.7376195,22.836025,52.439026
2014-03-07 04,17.069702,0.8475855,23.177334,24.853397
2014-03-07 05,19.590136,1.7376195,22.971478,49.69512
2014-03-07 06,19.559032,1.7376195,22.397171,24.426266
2014-03-07 07,19.793943,1.7376195,22.861332,25.575382
2014-03-07 08,19.848345,1.7376195,112.296745,46.036587
2014-03-07 09,25.960173,0.8695922,22.75958,24.717663
2014-03-07 10,19.61786,1.3032146,122.45935,25.45376
2014-03-07 11,27.204836,0.96733016,38.450478,56.09756
2014-03-07 12,19.275131,0.9097966,100.10162,56.09756
2014-03-07 13,24.715506,1.7376195,96.544716,24.662436
2014-03-07 14,24.893316,1.7376195,97.560974,41.158535
2014-03-07 15,24.359886,1.7376195,90.955284,24.043875
2014-03-07 16,19.84691,0.88475007,94.00407,40.853657
2014-03-07 17,23.64865,1.520417,22.704357,24.74002
2014-03-07 18,25.071123,0.87927806,125.50813,25.4863
2014-03-07 19,23.291183,0.85539633,57.464756,89.939026
2014-03-07 20,27.204836,0.8579411,23.83898,25.319065
2014-03-07 21,23.82646,1.7376195,195.12195,26.28688
2014-03-07 22,19.878654,0.8389056,188.00813,26.109398
2014-03-07 23,19.860163,1.7376195,170.22357,65.85366
2014-03-08 00,19.381224,0.8537775,154.47154,25.468689
2014-03-08 01,17.78094,1.7376195,128.04878,24.505102
2014-03-08 02,17.60313,1.7376195,129.57317,47.560974
2014-03-08 03,19.736353,0.8957725,117.37805,52.134148
2014-03-08 04,19.45028,1.7376195,23.208649,47.256096
2014-03-08 05,19.486353,2.1720243,23.446905,52.439026
2014-03-08 06,19.964672,0.8437234,23.017925,25.797068
2014-03-08 07,21.692745,0.9172623,88.922775,42.378048
2014-03-08 08,20.210985,0.91089255,29.08457,42.378048
2014-03-08 09,29.694168,0.87204033,24.101511,25.24661
2014-03-08 10,19.898577,1.9548218,150.91463,40.243904
2014-03-08 11,28.093885,0.8912437,137.19513,25.13051
2014-03-08 12,29.160742,1.7376195,144.81708,24.813547
2014-03-08 13,28.627312,0.8905648,145.32521,45.121952
2014-03-08 14,19.575924,1.7376195,22.515884,40.548782
2014-03-08 15,19.668442,1.7376195,23.207455,60.365852
2014-03-08 16,25.604551,1.7376195,123.47561,50.609756
2014-03-08 17,19.908794,1.9548218,145.83333,42.682926
2014-03-08 18,25.960173,0.8791468,140.2439,24.936142
2014-03-08 19,28.627312,1.7376195,218.49594,75.60976
2014-03-08 20,27.204836,0.8579247,23.715616,25.08506
2014-03-08 21,24.004267,1.7376195,23.941784,70.42683
2014-03-08 22,19.56689,1.7376195,23.437416,76.52439
2014-03-08 23,20.625889,1.7376195,151.9309,71.95122
2014-03-09 00,19.874374,1.7376195,136.687,57.012196
2014-03-09 01,17.78094,3.475239,119.9187,50.30488
2014-03-09 02,19.960732,0.8716689,111.78862,25.636494
2014-03-09 03,19.711594,1.520417,23.306679,45.42683
2014-03-09 04,16.891891,1.520417,22.909887,24.333227
2014-03-09 05,19.62768,1.7376195,106.19919,24.707127
2014-03-09 06,17.24751,1.7376195,23.45705,46.036587
2014-03-09 07,18.136559,1.7376195,22.607325,24.612545
2014-03-09 08,21.870554,0.8686369,22.675406,25.425505
2014-03-09 09,20.03432,0.8986516,29.45955,42.378048
2014-03-09 10,19.924574,1.7376195,146.84958,26.0973
2014-03-09 11,29.160742,1.7376195,22.82874,24.655962
2014-03-09 12,19.919537,1.7376195,156.50406,25.989838
2014-03-09 13,28.271692,1.7376195,23.609537,49.390244
2014-03-09 14,28.093885,0.952979,32.27715,45.73171
2014-03-09 15,19.597569,1.520417,23.394947,48.17073
2014-03-09 16,24.359886,1.7376195,107.21545,24.842602
2014-03-09 17,23.82646,0.9229394,101.626015,51.82927
2014-03-09 18,24.359886,0.9063914,119.9187,51.52439
2014-03-09 19,26.671408,1.9548218,167.68292,25.56035
2014-03-09 20,27.738264,1.7376195,23.811056,79.268295
2014-03-09 21,25.071123,1.7376195,165.6504,70.12195
2014-03-09 22,19.752123,1.7376195,22.449198,24.84638
2014-03-09 23,20.44808,1.7376195,23.139902,59.756096
2014-03-10 00,19.695211,1.7376195,134.14635,25.21523
2014-03-10 01,19.604757,0.86253315,107.72358,25.397238
2014-03-10 02,19.671549,0.8500844,22.328863,25.280838
2014-03-10 03,17.069702,1.520417,102.64227,24.208166
2014-03-10 04,16.891891,0.89971864,91.97154,45.121952
2014-03-10 05,16.891891,0.8762209,97.05285,24.371277
2014-03-10 06,19.466644,1.7376195,23.236664,50.0
2014-03-10 07,29.51636,0.9001114,103.65854,46.951218
2014-03-10 08,28.271692,1.7376195,102.64227,45.42683
2014-03-10 09,27.027029,0.9109109,29.357164,39.02439
2014-03-10 10,25.960173,0.9225133,100.60975,42.378048
2014-03-10 11,25.604551,0.90719426,102.13415,24.881002
2014-03-10 12,19.570784,0.876607,111.78862,25.234797
2014-03-10 13,25.248934,0.8926743,100.60975,25.15173
2014-03-10 14,19.84988,1.3032146,22.38435,24.69902
2014-03-10 15,23.82646,1.520417,90.955284,39.02439
2014-03-10 16,23.29303,1.7376195,88.922775,24.260563
2014-03-10 17,19.853672,0.907851,98.57723,40.548782
2014-03-10 18,26.13798,0.9420702,33.896763,48.780487
2014-03-10 19,19.85719,0.82377213,193.59756,26.678602
2014-03-10 20,27.560455,0.84329104,199.69514,26.305222
2014-03-10 21,19.772398,0.8377513,22.305986,25.139063
2014-03-10 22,23.115221,1.7376195,163.61789,65.85366
2014-03-10 23,20.803698,1.7376195,153.45529,25.034065
2014-03-11 00,18.669987,0.936794,31.454659,49.69512
2014-03-11 01,19.702341,1.7376195,107.21545,24.572817
2014-03-11 02,13.157895,0.9079005,28.086988,45.73171
2014-03-11 03,16.891891,0.92074966,91.46342,52.134148
2014-03-11 04,19.95132,0.84085345,22.824047,25.29105
2014-03-11 05,20.406792,0.94144464,33.77991,51.82927
2014-03-11 06,19.678675,1.7376195,77.23577,48.780487
2014-03-11 07,29.51636,1.7376195,22.965353,43.292683
2014-03-11 08,28.449503,1.7376195,23.450668,40.853657
2014-03-11 09,27.204836,0.92408645,27.668602,36.890244
2014-03-11 10,19.597897,1.520417,105.69106,24.869705
2014-03-11 11,25.071123,1.520417,22.739174,24.360537
2014-03-11 12,25.071123,0.90372497,28.999006,39.32927
2014-03-11 13,19.641682,1.7376195,22.356052,30.182926
2014-03-11 14,24.359886,1.7376195,86.38211,23.997372
2014-03-11 15,23.115221,0.9183,29.02315,41.463413
2014-03-11 16,23.82646,1.7376195,89.939026,24.496326
2014-03-11 17,23.64865,0.9077657,28.522915,39.634148
2014-03-11 18,27.560455,2.1720243,120.93496,47.865852
2014-03-11 19,19.910429,1.7376195,22.649572,25.274702
2014-03-11 20,28.093885,1.7376195,201.72765,78.04878
2014-03-11 21,19.824076,1.7376195,184.95935,67.98781
2014-03-11 22,23.29303,1.7376195,175.813,25.73711
2014-03-11 23,20.981508,1.7376195,22.739252,24.854742
2014-03-12 00,19.556988,0.8852183,126.52439,53.658535
2014-03-12 01,17.60313,0.8606557,22.70027,24.891989
2014-03-12 02,17.42532,0.9247892,29.356596,46.341465
2014-03-12 03,16.714083,1.7376195,23.344032,46.036587
2014-03-12 04,17.069702,0.9227962,98.06911,50.30488
2014-03-12 05,19.982836,1.7376195,22.677809,25.253489
2014-03-12 06,19.421501,1.7376195,83.84146,46.341465
2014-03-12 07,30.049788,0.90526205,99.085365,46.646343
2014-03-12 08,29.338549,0.9258541,95.52846,49.69512
2014-03-12 09,27.204836,0.88985974,96.544716,24.912424
2014-03-12 10,25.071123,1.520417,100.10162,46.951218
2014-03-12 11,25.604551,0.8936417,91.97154,25.026005
2014-03-12 12,25.782362,1.520417,94.00407,47.560974
2014-03-12 13,24.359886,0.9212458,84.349594,35.365852
2014-03-12 14,19.871492,1.520417,89.939026,38.109756
2014-03-12 15,23.115221,0.8696755,22.436981,24.561932
2014-03-12 16,24.182077,0.88685185,101.11789,24.854826
2014-03-12 17,23.29303,2.1720243,23.168045,43.292683
2014-03-12 18,20.008362,0.8542593,141.7683,25.535767
2014-03-12 19,19.91212,0.8452054,23.118519,25.423882
2014-03-12 20,28.093885,1.7376195,194.1057,25.669271
2014-03-12 21,26.31579,1.7376195,22.999706,24.24007
2014-03-12 22,22.759604,1.7376195,22.852753,24.552427
2014-03-12 23,20.803698,0.86683476,142.27643,25.789232
2014-03-13 00,18.669987,0.86556506,133.13008,24.998528
2014-03-13 01,17.42532,1.7376195,107.72358,24.717777
2014-03-13 02,19.494492,0.8968648,111.78862,44.817074
2014-03-13 03,16.714083,0.8440574,22.31284,24.817371
2014-03-13 04,16.891891,1.7376195,102.64227,44.207317
2014-03-13 05,17.069702,1.7376195,98.57723,50.0
2014-03-13 06,20.625889,0.9312432,80.79269,46.341465
2014-03-13 07,29.871977,1.7376195,22.734987,24.554111
2014-03-13 08,19.754274,1.7376195,22.85356,41.76829
2014-03-13 09,20.159456,0.90055114,30.213558,43.59756
2014-03-13 10,19.7427,1.7376195,22.527758,25.52015
2014-03-13 11,25.960173,0.9038909,28.634308,38.109756
2014-03-13 12,25.960173,1.7376195,22.470795,24.218582
2014-03-13 13,19.576164,1.7376195,85.36585,25.040432
2014-03-13 14,25.071123,1.520417,82.31707,29.878048
2014-03-13 15,25.071123,1.520417,89.4309,33.841465
2014-03-13 16,24.182077,0.9040816,80.79269,33.23171
2014-03-13 17,24.182077,0.8534182,22.861767,24.90602
2014-03-13 18,19.598566,0.8929898,117.37805,45.121952
2014-03-13 19,19.841097,1.7376195,189.53253,73.47561
2014-03-13 20,19.723793,0.8474659,22.909512,25.305584
2014-03-13 21,25.426743,1.7376195,168.19107,69.51219
2014-03-13 22,22.93741,0.8583178,23.069069,24.992554
2014-03-13 23,20.803698,0.88704973,153.96341,65.85366
2014-03-14 00,19.025604,1.7376195,141.7683,46.341465
2014-03-14 01,17.42532,1.7376195,22.404675,24.567516
2014-03-14 02,17.24751,0.8835028,100.60975,24.510382
2014-03-14 03,16.536274,1.7376195,103.65854,44.817074
2014-03-14 04,19.701794,0.88975054,97.560974,25.068623
2014-03-14 05,19.962202,1.7376195,101.11789,24.98758
2014-03-14 06,19.900871,1.7376195,83.333336,34.756096
2014-03-14 07,30.405405,0.90640485,103.65854,39.02439
2014-03-14 08,19.5999,1.7376195,23.258713,39.634148
2014-03-14 09,19.906124,0.86880976,26.71683,38.109756
2014-03-14 10,26.493599,0.8952615,117.88618,24.854395
2014-03-14 11,27.916075,1.3032146,23.05055,42.987804
2014-03-14 12,19.863434,1.3032146,113.31301,47.560974
2014-03-14 13,20.114862,0.8992582,27.669758,39.32927
2014-03-14 14,19.632212,0.8806353,101.11789,25.206364
2014-03-14 15,25.248934,1.7376195,109.756096,47.256096
2014-03-14 16,24.537695,0.9287317,31.728518,45.73171
2014-03-14 17,20.074152,0.94330806,33.179714,51.219513
2014-03-14 18,25.426743,2.1720243,125.50813,58.841465
2014-03-14 19,19.458698,1.7376195,192.5813,72.86585
2014-03-14 20,19.572483,2.8236315,23.705555,71.64634
2014-03-14 21,20.226933,1.7376195,177.3374,25.992651
2014-03-14 22,19.935812,0.8513733,162.09349,26.190603
2014-03-14 23,20.803698,1.7376195,23.206957,65.85366
2014-03-15 00,20.322662,0.94159657,36.48118,55.792683
2014-03-15 01,19.936749,0.88645154,112.80488,25.021843
2014-03-15 02,19.660173,1.7376195,22.578192,24.732155
2014-03-15 03,16.891891,1.7376195,23.185255,24.981298
2014-03-15 04,17.24751,1.7376195,97.05285,24.82638
2014-03-15 05,19.862211,0.90168834,28.965313,41.76829
2014-03-15 06,20.625889,0.9013503,77.743904,36.585365
2014-03-15 07,19.624622,0.8967454,86.89024,24.714336
2014-03-15 08,19.843296,2.1720243,108.73984,25.37318
2014-03-15 09,29.871977,3.040834,22.632915,25.097626
2014-03-15 10,29.871977,1.9548218,139.22765,24.950228
2014-03-15 11,30.227598,0.8614605,24.29164,24.731537
2014-03-15 12,30.583216,0.9071608,26.133482,30.792683
2014-03-15 13,19.58264,0.88524544,130.58943,34.451218
2014-03-15 14,27.916075,0.9072316,117.37805,37.5
2014-03-15 15,27.204836,0.8746404,133.63821,25.661722
2014-03-15 16,20.07408,0.9048637,28.92861,41.76829
2014-03-15 17,27.738264,1.9548218,123.47561,24.349892
2014-03-15 18,20.125645,1.7376195,135.67073,25.704893
2014-03-15 19,19.528698,1.7376195,199.187,69.81707
2014-03-15 20,28.627312,0.8462264,190.54878,26.305897
2014-03-15 21,24.893316,0.8382133,60.504066,90.54878
2014-03-15 22,22.581793,1.7376195,155.99594,85.67073
2014-03-15 23,21.692745,1.7376195,23.565361,73.17073
2014-03-16 00,20.027557,1.7376195,142.78455,25.785076
2014-03-16 01,18.847795,0.9575959,36.685974,58.536587
2014-03-16 02,18.314367,0.8903248,105.69106,25.193073
2014-03-16 03,19.691307,1.520417,92.479675,24.54303
2014-03-16 04,17.24751,0.8860093,94.51219,24.578054
2014-03-16 05,17.60313,1.7376195,22.90576,25.196722
2014-03-16 06,19.423397,1.7376195,76.727646,43.292683
2014-03-16 07,20.27027,1.7376195,75.71138,28.353659
2014-03-16 08,19.732721,0.90277016,90.955284,30.182926
2014-03-16 09,19.981312,1.7376195,107.72358,35.365852
2014-03-16 10,30.405405,1.7376195,22.879793,24.229073
2014-03-16 11,19.80921,1.7376195,22.743696,36.280487
2014-03-16 12,32.36131,0.87816715,165.6504,25.98315
2014-03-16 13,30.583216,0.88917637,125.50813,35.67073
2014-03-16 14,28.093885,0.89797485,117.37805,25.404757
2014-03-16 15,20.022758,1.520417,22.812449,24.902817
2014-03-16 16,26.31579,0.9018409,25.961065,32.92683
2014-03-16 17,27.204836,1.7376195,108.73984,38.109756
2014-03-16 18,30.227598,1.7376195,118.902435,24.882612
2014-03-16 19,29.160742,0.86774325,165.6504,25.247051
2014-03-16 20,27.382647,0.8932298,165.14227,72.86585
2014-03-16 21,26.31579,1.7376195,23.145365,24.80614
2014-03-16 22,23.29303,1.7376195,23.254738,24.528028
2014-03-16 23,22.048365,1.7376195,130.58943,63.719513
2014-03-17 00,20.44808,1.7376195,126.01626,25.222944
2014-03-17 01,18.847795,1.7376195,23.47223,53.963413
2014-03-17 02,18.314367,1.7376195,98.06911,52.743904
2014-03-17 03,20.012878,1.520417,101.626015,25.20324
2014-03-17 04,18.314367,0.91469866,96.03658,53.353657
2014-03-17 05,19.44438,1.7376195,98.57723,52.134148
2014-03-17 06,19.872976,0.9223403,29.551474,44.207317
2014-03-17 07,32.1835,0.9075526,97.05285,24.75086
2014-03-17 08,30.227598,0.9292641,93.49593,40.853657
2014-03-17 09,27.738264,0.8859476,96.544716,24.706047
2014-03-17 10,26.849218,1.7376195,22.973318,37.19512
2014-03-17 11,28.80512,1.3032146,91.97154,38.109756
2014-03-17 12,28.449503,1.3032146,77.743904,24.193293
2014-03-17 13,19.690653,0.88344043,24.899626,33.23171
2014-03-17 14,25.782362,1.3032146,23.001188,24.786335
2014-03-17 15,19.54574,1.520417,74.69512,38.719513
2014-03-17 16,24.359886,0.9054581,95.52846,25.132435
2014-03-17 17,19.4218,0.88908595,94.00407,39.02439
2014-03-17 18,26.31579,2.1720243,110.26423,43.59756
2014-03-17 19,19.512442,1.7376195,183.43495,63.414635
2014-03-17 20,27.204836,0.8472123,185.46748,25.700098
2014-03-17 21,26.13798,0.8967891,181.40244,76.21951
2014-03-17 22,23.29303,1.7376195,166.66667,25.109354
2014-03-17 23,20.729004,1.0107934,44.74915,70.42683
2014-03-18 00,19.381224,1.7376195,22.577269,25.209372
2014-03-18 01,17.78094,1.7376195,107.72358,52.439026
2014-03-18 02,17.78094,1.7376195,102.64227,24.916286
2014-03-18 03,17.24751,0.92046624,102.13415,48.17073
2014-03-18 04,17.78094,0.9324799,31.4383,50.0
2014-03-18 05,19.766457,0.8522088,22.764442,25.524986
2014-03-18 06,22.93741,1.7376195,82.31707,48.780487
2014-03-18 07,31.294455,0.9695522,36.025524,50.30488
2014-03-18 08,29.338549,0.96663386,34.739033,49.390244
2014-03-18 09,19.630497,1.7376195,95.52846,39.02439
2014-03-18 10,19.531775,0.8566056,22.448477,25.677265
2014-03-18 11,19.73729,1.520417,23.027922,31.09756
2014-03-18 12,19.785578,0.90013635,110.772354,37.80488
2014-03-18 13,24.004267,0.9039429,98.57723,24.308825
2014-03-18 14,19.803917,0.8427882,22.635767,25.771845
2014-03-18 15,22.93741,1.7376195,86.38211,39.634148
2014-03-18 16,23.82646,1.7376195,22.554764,25.156345
2014-03-18 17,26.493599,1.7376195,22.870363,41.158535
2014-03-18 18,27.916075,2.1720243,126.01626,42.987804
2014-03-18 19,28.982931,0.860158,24.21505,25.146767
2014-03-18 20,19.357376,1.7376195,23.410084,67.37805
2014-03-18 21,19.4435,0.88965756,172.76422,67.68293
2014-03-18 22,19.979519,1.7376195,22.362871,25.273003
2014-03-18 23,20.14319,0.9674596,36.51379,57.621952
2014-03-19 00,19.559032,1.7376195,137.19513,50.0
2014-03-19 01,18.314367,1.7376195,116.361786,24.912731
2014-03-19 02,20.007978,1.520417,23.120935,24.931091
2014-03-19 03,17.24751,1.7376195,23.048101,44.512196
2014-03-19 04,17.78094,1.7376195,105.69106,45.42683
2014-03-19 05,18.314367,1.7376195,103.65854,24.234169
2014-03-19 06,19.564539,1.7376195,83.333336,45.73171
2014-03-19 07,19.837343,1.7376195,100.10162,44.817074
2014-03-19 08,32.894737,1.7376195,23.294823,24.182606
2014-03-19 09,28.271692,0.8759031,23.240967,24.724228
2014-03-19 10,20.084372,0.8708739,25.471722,33.23171
2014-03-19 11,28.271692,1.520417,99.085365,24.628168
2014-03-19 12,25.960173,0.91856635,104.166664,38.109756
2014-03-19 13,25.248934,0.8841199,99.5935,24.58172
2014-03-19 14,25.071123,1.520417,22.876305,35.365852
2014-03-19 15,19.852497,1.520417,115.85366,24.595518
2014-03-19 16,27.382647,1.7376195,111.28048,32.317074
2014-03-19 17,27.738264,2.1720243,123.47561,25.062786
2014-03-19 18,19.803263,0.8447093,156.50406,26.111895
2014-03-19 19,28.80512,1.7376195,195.63008,65.243904
2014-03-19 20,27.204836,0.83778906,199.69514,26.132763
2014-03-19 21,25.960173,1.7376195,172.2561,25.67841
2014-03-19 22,23.470839,0.8639506,161.58537,25.995543
2014-03-19 23,21.692745,1.7376195,150.91463,59.451218
2014-03-20 00,19.559032,0.89910966,134.14635,53.048782
2014-03-20 01,18.136559,1.7376195,22.733831,47.256096
2014-03-20 02,17.78094,1.7376195,23.341616,44.512196
2014-03-20 03,17.069702,1.7376195,95.02032,24.36857
2014-03-20 04,17.78094,0.9285411,29.404854,46.341465
2014-03-20 05,18.136559,0.8971835,92.98781,43.90244
2014-03-20 06,22.93741,0.9055123,83.84146,24.295824
2014-03-20 07,31.65007,1.7376195,22.992058,36.585365
2014-03-20 08,19.76422,0.8668662,104.166664,25.58526
2014-03-20 09,28.093885,0.91964,28.509645,37.5
2014-03-20 10,19.734709,1.7376195,106.70731,25.378216
2014-03-20 11,26.671408,0.9032671,98.06911,24.994867
2014-03-20 12,26.13798,1.7376195,101.11789,24.08592
2014-03-20 13,25.426743,1.7376195,108.73984,36.585365
2014-03-20 14,24.359886,0.85421145,23.166338,25.394545
2014-03-20 15,19.744337,0.83341396,22.91253,25.371313
2014-03-20 16,22.93741,0.8650668,22.668592,24.947245
2014-03-20 17,25.604551,0.8717078,22.777967,25.050583
2014-03-20 18,27.204836,1.520417,137.70325,43.292683
2014-03-20 19,29.51636,1.7376195,203.76016,66.768295
2014-03-20 20,28.271692,1.9548218,214.93903,26.20772
2014-03-20 21,27.027029,1.7376195,198.17073,25.385885
2014-03-20 22,19.777197,0.8575452,23.055786,25.538677
2014-03-20 23,19.799109,1.7376195,154.47154,56.40244
2014-03-21 00,20.09246,1.7376195,130.58943,49.390244
2014-03-21 01,19.025604,0.91754836,31.43161,48.17073
2014-03-21 02,17.78094,0.88918287,106.70731,24.562181
2014-03-21 03,17.24751,1.7376195,23.459978,44.817074
2014-03-21 04,17.60313,0.8869364,99.5935,25.037676
2014-03-21 05,17.78094,0.88858134,101.626015,24.430613
2014-03-21 06,19.907915,1.7376195,83.84146,24.257895
2014-03-21 07,19.850044,1.7376195,23.409853,42.07317
2014-03-21 08,28.627312,1.7376195,23.096813,24.404953
2014-03-21 09,26.671408,0.9656356,33.49883,49.390244
2014-03-21 10,19.901875,1.3032146,22.725456,24.813208
2014-03-21 11,19.473368,1.3032146,104.6748,52.439026
2014-03-21 12,24.715506,1.3032146,104.166664,23.88498
2014-03-21 13,19.608133,1.7376195,99.085365,46.341465
2014-03-21 14,19.602829,0.87117344,91.46342,24.945206
2014-03-21 15,20.01367,1.7376195,22.785082,25.1415
2014-03-21 16,19.67173,0.90790766,105.69106,54.26829
2014-03-21 17,22.759604,1.520417,106.19919,24.565245
2014-03-21 18,19.501274,2.1720243,143.29268,56.40244
2014-03-21 19,19.78198,1.7376195,187.5,73.47561
2014-03-21 20,19.873344,2.8236315,201.72765,79.57317
2014-03-21 21,24.004267,0.9065195,179.87805,78.65854
2014-03-21 22,19.824823,0.8400309,167.68292,26.054745
2014-03-21 23,20.44808,1.7376195,168.19107,66.768295
2014-03-22 00,19.381224,1.7376195,151.9309,25.501915
2014-03-22 01,17.78094,0.88299996,118.902435,25.447166
2014-03-22 02,17.60313,1.7376195,106.19919,46.646343
2014-03-22 03,17.069702,0.8950817,107.21545,46.036587
2014-03-22 04,20.22363,0.93108565,31.37926,47.560974
2014-03-22 05,19.831003,2.1720243,107.21545,49.085365
2014-03-22 06,19.506332,1.7376195,23.159449,45.121952
2014-03-22 07,21.514936,1.7376195,83.84146,48.17073
2014-03-22 08,19.683712,0.8534275,22.676622,25.591505
2014-03-22 09,29.694168,0.91870195,116.361786,50.609756
2014-03-22 10,19.997997,1.9548218,22.67924,25.284403
2014-03-22 11,19.711012,0.8583869,156.50406,42.378048
2014-03-22 12,28.093885,1.7376195,23.151365,24.997904
2014-03-22 13,27.382647,1.7376195,152.43903,25.407257
2014-03-22 14,27.027029,1.7376195,139.73578,47.560974
2014-03-22 15,25.960173,0.90016747,148.37398,48.17073
2014-03-22 16,24.004267,1.7376195,23.098536,25.182188
2014-03-22 17,19.768341,1.9548218,157.52031,45.73171
2014-03-22 18,24.715506,1.7376195,142.78455,24.931852
2014-03-22 19,27.027029,1.7376195,23.4757,67.68293
2014-03-22 20,19.507244,1.7376195,23.455175,73.47561
2014-03-22 21,19.493954,1.7376195,23.498892,63.719513
2014-03-22 22,22.403982,0.8453607,175.813,25.731865
2014-03-22 23,19.691198,1.7376195,23.185053,75.914635
2014-03-23 00,19.203413,0.9052761,151.42276,62.19512
2014-03-23 01,18.314367,3.475239,119.9187,53.658535
2014-03-23 02,19.525305,1.7376195,114.32927,50.0
2014-03-23 03,19.693714,1.520417,114.32927,44.817074
2014-03-23 04,19.568258,1.520417,23.24981,45.42683
2014-03-23 05,17.42532,0.91780627,104.6748,46.646343
2014-03-23 06,18.669987,0.9013588,77.23577,24.0968
2014-03-23 07,19.633665,0.89520496,78.25203,40.243904
2014-03-23 08,19.741112,0.84082776,22.971336,25.85826
2014-03-23 09,27.382647,1.7376195,98.57723,39.32927
2014-03-23 10,30.405405,1.7376195,23.17444,42.378048
2014-03-23 11,19.908615,1.7376195,160.06097,26.012096
2014-03-23 12,29.160742,1.7376195,22.84012,24.843224
2014-03-23 13,28.627312,1.7376195,23.089565,58.841465
2014-03-23 14,26.671408,0.86147577,23.506985,25.19804
2014-03-23 15,26.31579,0.94052225,32.34469,46.341465
2014-03-23 16,19.754025,1.7376195,109.24797,48.47561
2014-03-23 17,24.715506,0.91331494,114.32927,52.743904
2014-03-23 18,19.651735,1.7376195,125.50813,59.451218
2014-03-23 19,27.916075,1.9548218,184.95935,25.448956
2014-03-23 20,20.008236,0.81609094,211.89023,26.984346
2014-03-23 21,19.872122,0.8475545,22.63265,25.939371
2014-03-23 22,23.64865,1.7376195,23.805237,67.37805
2014-03-23 23,19.582497,0.88267916,154.97968,63.414635
2014-03-24 00,19.203413,1.7376195,129.06505,52.134148
2014-03-24 01,17.958748,1.7376195,23.506447,49.69512
2014-03-24 02,17.60313,0.9315659,31.50808,50.0
2014-03-24 03,19.843243,1.520417,98.06911,46.951218
2014-03-24 04,19.578566,0.90646327,100.10162,45.42683
2014-03-24 05,17.78094,1.7376195,97.560974,52.743904
2014-03-24 06,21.870554,1.7376195,23.117155,47.865852
2014-03-24 07,19.782625,1.7376195,102.13415,52.134148
2014-03-24 08,28.449503,0.9040225,100.10162,24.962862
2014-03-24 09,26.493599,1.7376195,23.330902,55.487804
2014-03-24 10,19.717697,1.7376195,117.37805,66.46342
2014-03-24 11,24.359886,1.0179728,43.409557,67.37805
2014-03-24 12,24.359886,1.3032146,101.626015,60.365852
2014-03-24 13,19.787153,0.8422012,23.004887,25.08737
2014-03-24 14,19.343746,0.92822087,86.38211,60.97561
2014-03-24 15,19.558224,0.8329491,23.089588,25.486546
2014-03-24 16,20.551922,0.9878246,40.593914,64.02439
2014-03-24 17,19.528282,1.7376195,110.772354,63.719513
2014-03-24 18,24.893316,0.8930569,146.34148,73.17073
2014-03-24 19,27.738264,0.84152263,207.31708,25.812191
2014-03-24 20,27.027029,1.7376195,22.836712,24.825163
2014-03-24 21,22.73255,0.8704066,56.15316,86.585365
2014-03-24 22,23.29303,0.9237307,53.179768,82.31707
2014-03-24 23,20.625889,1.7376195,149.89838,25.367373
2014-03-25 00,19.85649,1.7376195,22.720657,25.021143
2014-03-25 01,17.78094,1.7376195,110.26423,24.468527
2014-03-25 02,19.709555,1.7376195,22.706427,25.029947
2014-03-25 03,19.502163,0.89233476,105.69106,60.97561
2014-03-25 04,17.24751,1.7376195,23.718943,57.317074
2014-03-25 05,19.743713,0.83405775,22.932919,25.946398
2014-03-25 06,21.514936,1.7376195,23.401405,51.82927
2014-03-25 07,29.338549,1.7376195,111.28048,53.353657
2014-03-25 08,28.093885,0.8609428,23.887732,25.109947
2014-03-25 09,25.604551,0.94795257,33.836834,49.390244
2014-03-25 10,25.071123,1.520417,114.32927,24.580233
2014-03-25 11,24.715506,0.95367956,35.053234,52.134148
2014-03-25 12,23.82646,0.86949074,22.778128,25.345163
2014-03-25 13,24.715506,0.9888199,37.864082,58.23171
2014-03-25 14,23.64865,0.89789045,101.626015,24.905151
2014-03-25 15,22.048365,1.7376195,112.80488,24.705795
2014-03-25 16,21.337126,0.9227194,102.13415,70.12195
2014-03-25 17,19.66477,0.8912712,112.80488,63.414635
2014-03-25 18,24.893316,2.1720243,150.91463,24.93651
2014-03-25 19,19.80481,1.7376195,22.65651,24.878609
2014-03-25 20,19.66398,1.7376195,22.473537,24.953583
2014-03-25 21,26.13798,1.7376195,22.720387,24.904606
2014-03-25 22,23.29303,1.7376195,22.978971,25.1022
2014-03-25 23,20.981508,0.91380453,161.58537,82.31707
2014-03-26 00,19.025604,1.7376195,140.75203,24.613123
2014-03-26 01,17.24751,1.7376195,23.398827,67.68293
2014-03-26 02,19.279266,0.91292644,112.296745,58.841465
2014-03-26 03,16.714083,0.9169978,108.231705,65.54878
2014-03-26 04,17.24751,1.7376195,22.833797,53.048782
2014-03-26 05,17.24751,1.7376195,22.537874,24.889002
2014-03-26 06,20.803698,0.8450494,23.232079,25.539644
2014-03-26 07,29.871977,0.881006,106.19919,25.122938
2014-03-26 08,27.738264,1.7376195,23.483883,52.439026
2014-03-26 09,26.493599,1.7376195,102.13415,24.130548
2014-03-26 10,19.624376,0.8867464,127.54066,46.646343
2014-03-26 11,19.842278,0.8923001,121.4431,46.951218
2014-03-26 12,24.359886,1.520417,121.951225,24.278368
2014-03-26 13,19.91544,1.7376195,108.73984,24.655714
2014-03-26 14,25.071123,1.520417,102.13415,55.182926
2014-03-26 15,19.7818,0.8761392,92.479675,25.472103
2014-03-26 16,22.581793,0.91486025,106.19919,57.92683
2014-03-26 17,19.731817,2.1720243,117.88618,60.67073
2014-03-26 18,19.390022,0.886564,151.42276,65.243904
2014-03-26 19,20.091276,1.7376195,208.84146,26.27556
2014-03-26 20,27.027029,1.7376195,23.255941,24.858122
2014-03-26 21,19.901217,0.8368477,22.864464,26.041388
2014-03-26 22,21.046448,1.7376195,25.11511,88.414635
2014-03-26 23,20.625889,1.7376195,23.657156,77.13415
2014-03-27 00,19.58166,0.8475387,22.72723,25.178085
2014-03-27 01,20.530611,0.94209224,36.38547,55.487804
2014-03-27 02,19.96145,1.7376195,22.813696,25.55906
2014-03-27 03,16.891891,1.7376195,108.73984,57.621952
2014-03-27 04,19.831356,1.7376195,23.515257,53.048782
2014-03-27 05,17.60313,1.7376195,104.6748,24.432274
2014-03-27 06,20.44808,0.930873,77.743904,56.707317
2014-03-27 07,19.490582,1.7376195,105.69106,56.09756
2014-03-27 08,19.5871,1.7376195,111.28048,54.26829
2014-03-27 09,19.452625,0.89500713,105.18294,51.219513
2014-03-27 10,20.323906,0.9290106,33.8675,51.219513
2014-03-27 11,26.493599,1.7376195,23.803354,56.09756
2014-03-27 12,25.782362,1.7376195,23.104488,57.92683
2014-03-27 13,25.782362,1.7376195,115.85366,54.26829
2014-03-27 14,24.182077,0.8946187,97.560974,24.522856
2014-03-27 15,19.996113,1.520417,99.085365,24.742825
2014-03-27 16,19.92033,1.7376195,113.31301,25.337057
2014-03-27 17,20.542418,0.9879339,42.545647,66.46342
2014-03-27 18,24.004267,0.8705422,137.70325,24.92074
2014-03-27 19,27.382647,0.82702005,229.67479,26.620707
2014-03-27 20,28.80512,1.9548218,231.70732,116.46342
2014-03-27 21,20.549946,1.7376195,196.64635,104.268295
2014-03-27 22,22.403982,1.7376195,24.91174,87.5
2014-03-27 23,20.27027,1.7376195,22.417002,25.166815
2014-03-28 00,19.89298,1.7376195,22.479273,25.330221
2014-03-28 01,17.42532,1.7376195,22.397371,24.664358
2014-03-28 02,16.891891,0.8567851,23.1441,24.987003
2014-03-28 03,16.536274,1.7376195,23.080328,63.719513
2014-03-28 04,17.069702,1.7376195,109.24797,57.621952
2014-03-28 05,19.755487,0.8833416,106.19919,25.19881
2014-03-28 06,19.752914,1.7376195,89.939026,54.878048
2014-03-28 07,19.839968,0.8654176,101.11789,25.243305
2014-03-28 08,20.386185,0.9412323,36.099632,55.182926
2014-03-28 09,26.849218,0.85973537,23.737944,25.415462
2014-03-28 10,24.893316,0.8562967,23.336208,25.54214
2014-03-28 11,25.071123,1.3032146,127.03253,24.692709
2014-03-28 12,25.426743,1.3032146,121.4431,24.325119
2014-03-28 13,25.248934,1.7376195,111.28048,61.280487
2014-03-28 14,19.522774,0.88019776,96.544716,25.557365
2014-03-28 15,22.93741,0.8437813,23.076162,25.201784
2014-03-28 16,22.581793,0.8996536,122.967476,66.768295
2014-03-28 17,24.893316,1.520417,23.1102,24.35506
2014-03-28 18,19.180296,0.89798653,145.32521,76.82927
2014-03-28 19,27.738264,0.78111684,65.79397,100.30488
2014-03-28 20,28.093885,2.8236315,230.18292,104.87805
2014-03-28 21,25.426743,1.7376195,23.013472,24.289093
2014-03-28 22,19.646502,1.7376195,22.76767,25.06442
2014-03-28 23,20.625889,1.7376195,23.6085,81.097565
2014-03-29 00,19.381224,1.7376195,152.43903,80.18293
2014-03-29 01,19.414341,1.7376195,132.62195,68.902435
2014-03-29 02,19.352173,1.7376195,120.42683,60.97561
2014-03-29 03,19.689234,1.7376195,116.86991,62.19512
2014-03-29 04,19.598644,1.7376195,22.96227,54.26829
2014-03-29 05,17.24751,0.8793869,107.21545,24.756907
2014-03-29 06,18.492176,1.7376195,71.64634,24.071293
2014-03-29 07,19.60822,0.89780366,92.479675,52.743904
2014-03-29 08,24.359886,2.1720243,100.60975,24.920155
2014-03-29 09,19.861197,0.860254,112.80488,25.362926
2014-03-29 10,28.627312,1.9548218,144.81708,58.536587
2014-03-29 11,20.162111,0.93402165,32.582066,49.69512
2014-03-29 12,28.982931,0.9019933,156.50406,49.69512
2014-03-29 13,28.271692,0.86444294,138.21138,25.6695
2014-03-29 14,26.671408,0.87722945,119.41057,25.324015
2014-03-29 15,19.521091,1.7376195,23.315466,53.048782
2014-03-29 16,24.537695,0.9341334,33.15268,48.17073
2014-03-29 17,24.537695,1.9548218,145.32521,46.951218
2014-03-29 18,20.029139,1.7376195,22.507715,25.26812
2014-03-29 19,26.31579,1.7376195,221.54471,25.808748
2014-03-29 20,26.13798,1.7376195,229.16667,25.974186
2014-03-29 21,23.590832,0.82087284,60.303577,92.68293
2014-03-29 22,22.759604,1.7376195,24.35973,85.97561
2014-03-29 23,20.981508,1.7376195,173.27235,75.914635
2014-03-30 00,19.480133,1.7376195,154.97968,68.902435
2014-03-30 01,0.0,0.0,0.0,0.0
2014-03-30 02,20.258007,0.0,126.01626,55.792683
2014-03-30 03,17.24751,1.520417,117.88618,58.841465
2014-03-30 04,19.72742,0.8669983,111.78862,25.79727
2014-03-30 05,17.24751,0.9291334,32.362015,51.52439
2014-03-30 06,17.78094,1.7376195,103.150406,24.463327
2014-03-30 07,18.314367,1.7376195,91.97154,24.663422
2014-03-30 08,20.44808,0.9049411,86.89024,24.811798
2014-03-30 09,23.115221,1.7376195,23.205254,55.487804
2014-03-30 10,19.538902,1.7376195,118.39431,49.69512
2014-03-30 11,28.449503,1.7376195,185.97562,25.219172
2014-03-30 12,20.187511,1.7376195,193.08943,25.925207
2014-03-30 13,28.449503,1.7376195,152.43903,64.02439
2014-03-30 14,28.271692,1.7376195,133.63821,58.841465
2014-03-30 15,27.738264,1.520417,23.251217,24.818016
2014-03-30 16,23.64865,1.7376195,123.47561,56.707317
2014-03-30 17,23.64865,0.8954549,130.58943,49.085365
2014-03-30 18,22.93741,1.7376195,23.196747,25.061226
2014-03-30 19,25.604551,1.9548218,23.248426,71.03658
2014-03-30 20,19.502813,0.85401386,204.2683,73.47561
2014-03-30 21,26.493599,0.91359985,55.02033,83.84146
2014-03-30 22,19.70904,0.84469116,22.620518,25.363451
2014-03-30 23,19.853975,0.8342372,171.74797,26.517864
2014-03-31 00,19.559032,0.8957816,154.97968,61.585365
2014-03-31 01,17.78094,1.7376195,22.501656,25.157228
2014-03-31 02,16.891891,0.91001946,112.80488,56.09756
2014-03-31 03,16.536274,0.88259715,107.21545,24.691978
2014-03-31 04,16.714083,1.7376195,109.24797,58.23171
2014-03-31 05,19.475298,0.8957593,109.24797,52.134148
2014-03-31 06,19.736841,1.7376195,111.78862,24.543991
2014-03-31 07,28.271692,0.8799137,108.231705,24.582388
2014-03-31 08,19.778017,1.7376195,112.296745,57.621952
2014-03-31 09,24.359886,0.8924697,101.11789,24.38833
2014-03-31 10,24.537695,1.7376195,107.72358,24.356897
2014-03-31 11,24.537695,0.9294517,100.10162,51.52439
2014-03-31 12,24.182077,0.9908269,40.613125,62.19512
2014-03-31 13,24.359886,1.520417,22.874886,24.669106
2014-03-31 14,23.29303,0.9122621,95.52846,55.792683
2014-03-31 15,21.514936,1.520417,23.368416,62.5
2014-03-31 16,21.514936,0.8776024,105.69106,24.675879
2014-03-31 17,22.403982,1.7376195,23.320635,56.707317
2014-03-31 18,20.325716,0.9750194,41.354244,64.32927
2014-03-31 19,25.782362,1.7376195,23.93052,67.98781
2014-03-31 20,19.499851,0.85177493,219.00406,79.57317
2014-03-31 21,23.320166,0.8366253,58.943184,89.63415
2014-03-31 22,19.834492,1.7376195,182.92683,25.72857
2014-03-31 23,21.514936,1.7376195,23.153072,24.351099
2014-04-01 00,19.436987,0.88916,147.86586,66.15854
2014-04-01 01,17.78094,1.7376195,22.95206,59.756096
2014-04-01 02,19.904215,1.7376195,23.108057,24.79162
2014-04-01 03,19.569834,0.8850468,113.31301,25.586552
2014-04-01 04,19.824018,1.7376195,22.643143,24.916212
2014-04-01 05,17.069702,1.7376195,108.231705,54.26829
2014-04-01 06,20.3284,0.94568086,35.906036,55.182926
2014-04-01 07,19.649874,0.8566538,119.9187,25.187729
2014-04-01 08,19.598385,1.7376195,113.82114,56.707317
2014-04-01 09,20.394175,0.9499908,35.668804,55.182926
2014-04-01 10,19.37877,1.520417,121.4431,56.40244
2014-04-01 11,23.64865,0.89746094,132.11382,56.09756
2014-04-01 12,19.652872,1.3032146,128.55692,25.02004
2014-04-01 13,19.368608,1.7376195,112.80488,56.707317
2014-04-01 14,20.45528,0.9638094,35.962364,56.40244
2014-04-01 15,21.692745,1.7376195,111.78862,24.21962
2014-04-01 16,21.870554,0.8892414,113.31301,25.44613
2014-04-01 17,22.581793,1.7376195,22.387522,24.875275
2014-04-01 18,20.210035,2.1720243,174.79675,26.21562
2014-04-01 19,20.374191,0.82253367,248.98373,27.275026
2014-04-01 20,28.093885,1.7376195,244.9187,26.47432
2014-04-01 21,19.732197,0.8495793,22.798983,25.201464
2014-04-01 22,19.847744,0.83138436,23.026917,25.77602
2014-04-01 23,21.514936,0.9083324,169.20732,80.79269
2014-04-02 00,20.099178,0.84035313,162.60162,25.962435
2014-04-02 01,17.78094,1.7376195,23.745173,70.42683
2014-04-02 02,19.395363,1.520417,116.86991,66.768295
2014-04-02 03,19.377993,1.7376195,114.32927,63.414635
2014-04-02 04,16.714083,1.7376195,112.296745,24.855879
2014-04-02 05,17.42532,1.7376195,111.78862,60.97561
2014-04-02 06,19.736841,1.7376195,22.881348,24.724642
2014-04-02 07,28.80512,1.7376195,104.166664,63.414635
2014-04-02 08,19.612463,1.7376195,22.552755,24.900785
2014-04-02 09,25.248934,1.7376195,110.26423,58.23171
2014-04-02 10,24.715506,1.520417,118.39431,24.11949
2014-04-02 11,19.762098,0.85145986,23.011633,25.785255
2014-04-02 12,19.955988,1.520417,22.55724,25.352022
2014-04-02 13,23.82646,1.7376195,104.166664,45.121952
2014-04-02 14,24.004267,0.9136761,95.02032,53.353657
2014-04-02 15,22.93741,1.520417,98.06911,24.29412
2014-04-02 16,20.21366,0.9194697,31.337162,46.646343
2014-04-02 17,22.403982,2.1720243,22.997913,53.658535
2014-04-02 18,24.893316,0.87474227,131.6057,25.596836
2014-04-02 19,19.322678,1.7376195,23.582857,64.32927
2014-04-02 20,19.858536,1.7376195,23.499136,78.96342
2014-04-02 21,26.31579,1.7376195,200.20325,93.29269
2014-04-02 22,23.470839,1.7376195,22.719387,24.294397
2014-04-02 23,21.514936,1.7376195,170.22357,73.47561
2014-04-03 00,19.933485,1.7376195,143.80081,25.462906
2014-04-03 01,19.434021,1.7376195,23.700336,67.68293
2014-04-03 02,19.877556,1.7376195,112.80488,24.974796
2014-04-03 03,16.536274,1.7376195,22.854378,57.317074
2014-04-03 04,19.87571,0.8764509,108.73984,25.27387
2014-04-03 05,17.069702,1.7376195,111.78862,25.068502
2014-04-03 06,20.159447,0.97816825,37.80593,60.060974
2014-04-03 07,19.716322,1.7376195,104.166664,57.317074
2014-04-03 08,27.027029,1.7376195,22.972029,58.23171
2014-04-03 09,25.071123,1.9548218,105.69106,59.146343
2014-04-03 10,19.411446,0.89229155,117.88618,58.841465
2014-04-03 11,19.814642,0.9041222,122.967476,51.52439
2014-04-03 12,19.45954,1.7376195,23.176022,52.439026
2014-04-03 13,24.537695,1.7376195,106.70731,44.512196
2014-04-03 14,19.824635,1.520417,104.166664,25.258911
2014-04-03 15,19.626549,1.520417,23.039118,50.0
2014-04-03 16,19.75022,1.7376195,109.756096,53.963413
2014-04-03 17,22.403982,1.7376195,102.64227,24.90236
2014-04-03 18,19.877764,1.520417,22.548111,25.399834
2014-04-03 19,19.336712,1.7376195,22.908468,62.19512
2014-04-03 20,27.027029,1.9548218,195.12195,78.65854
2014-04-03 21,19.417933,1.7376195,213.92276,87.5
2014-04-03 22,23.470839,0.87548643,56.943825,87.19512
2014-04-03 23,21.514936,0.86728275,169.20732,25.876143
2014-04-04 00,19.381224,1.7376195,22.819643,24.58449
2014-04-04 01,20.197817,0.9477351,35.112713,54.26829
2014-04-04 02,16.714083,1.7376195,23.42176,45.73171
2014-04-04 03,16.180655,1.7376195,107.72358,24.20864
2014-04-04 04,20.082428,0.9469943,35.13707,54.26829
2014-04-04 05,17.069702,0.8928487,111.28048,51.52439
2014-04-04 06,19.559032,1.7376195,108.231705,56.40244
2014-04-04 07,28.271692,0.8797202,107.21545,24.842405
2014-04-04 08,20.23312,0.95854384,39.26976,60.67073
2014-04-04 09,19.669111,0.9093324,105.69106,59.146343
2014-04-04 10,23.82646,1.3032146,24.255817,57.621952
2014-04-04 11,19.956404,0.87025625,120.93496,25.694517
2014-04-04 12,24.359886,0.87738985,116.86991,25.196842
2014-04-04 13,24.182077,1.7376195,22.614761,24.832321
2014-04-04 14,23.82646,1.7376195,127.54066,58.536587
2014-04-04 15,22.403982,0.89984137,108.73984,24.774603
2014-04-04 16,21.692745,0.9082045,121.4431,67.07317
2014-04-04 17,19.716475,0.8796576,127.54066,25.98889
2014-04-04 18,20.088036,2.1720243,22.777798,25.902311
2014-04-04 19,24.893316,0.82633823,61.617115,93.29269
2014-04-04 20,24.893316,2.8236315,22.802315,25.695976
2014-04-04 21,23.470839,0.80170554,197.6626,108.231705
2014-04-04 22,22.226173,0.7363763,69.25537,103.65854
2014-04-04 23,20.85747,0.8095072,174.79675,102.13415
2014-04-05 00,19.203413,0.8642035,22.46238,24.6239
2014-04-05 01,19.389158,0.9105689,129.06505,82.31707
2014-04-05 02,17.069702,1.7376195,23.542103,77.743904
2014-04-05 03,16.891891,1.7376195,113.31301,24.495798
2014-04-05 04,16.714083,0.9854174,41.934456,68.597565
2014-04-05 05,19.545551,2.1720243,23.275572,59.451218
2014-04-05 06,19.907995,1.7376195,102.13415,24.501543
2014-04-05 07,19.559032,0.9041555,89.4309,45.73171
2014-04-05 08,19.640383,0.90427244,103.65854,44.512196
2014-04-05 09,26.13798,3.040834,139.73578,48.17073
2014-04-05 10,29.51636,1.9548218,164.63414,52.743904
2014-04-05 11,29.51636,0.8978503,166.66667,62.5
2014-04-05 12,19.937168,1.7376195,189.53253,63.414635
2014-04-05 13,29.51636,0.87869036,24.030996,25.602833
2014-04-05 14,28.271692,0.8909906,174.28862,67.07317
2014-04-05 15,19.913671,0.83713067,176.32114,26.47672
2014-04-05 16,24.893316,1.7376195,159.04471,69.81707
2014-04-05 17,19.733768,0.84180516,160.06097,26.381418
2014-04-05 18,19.566395,0.84080833,22.83882,25.899939
2014-04-05 19,26.13798,1.7376195,203.25203,25.811665
2014-04-05 20,19.909044,1.7376195,230.18292,74.39024
2014-04-05 21,24.893316,1.7376195,201.72765,25.642859
2014-04-05 22,22.581793,1.7376195,24.72401,87.19512
2014-04-05 23,23.149862,0.8558298,57.387188,88.10976
2014-04-06 00,20.27027,1.7376195,163.10976,76.21951
2014-04-06 01,18.314367,0.0,59.109413,30.205019
2014-04-06 02,17.24751,0.0,81.726555,57.012196
2014-04-06 03,19.687098,1.520417,128.04878,25.089417
2014-04-06 04,19.696238,1.520417,108.73984,49.69512
2014-04-06 05,17.24751,1.7376195,22.897755,25.025578
2014-04-06 06,19.592655,0.8535042,23.1363,25.40018
2014-04-06 07,18.847795,1.7376195,23.546991,48.780487
2014-04-06 08,19.47643,1.7376195,23.389923,49.085365
2014-04-06 09,25.960173,1.7376195,22.964,47.865852
2014-04-06 10,19.493135,1.7376195,23.611656,54.57317
2014-04-06 11,20.060785,0.8357831,181.40244,26.382204
2014-04-06 12,19.552921,1.7376195,175.813,65.85366
2014-04-06 13,29.871977,0.90983105,157.0122,64.02439
2014-04-06 14,27.916075,0.8793886,146.34148,25.03025
2014-04-06 15,26.849218,0.92591584,31.038446,42.987804
2014-04-06 16,25.248934,1.7376195,23.36619,39.32927
2014-04-06 17,19.60729,0.8798379,119.41057,37.19512
2014-04-06 18,25.248934,1.7376195,22.738197,25.011208
2014-04-06 19,27.204836,1.9548218,22.883078,24.507545
2014-04-06 20,29.160742,0.8608366,185.46748,26.157984
2014-04-06 21,26.849218,0.88290083,192.5813,82.92683
2014-04-06 22,19.922585,0.84983265,188.51627,26.233982
2014-04-06 23,21.692745,0.88997996,165.14227,70.731705
2014-04-07 00,19.718424,0.89890945,139.22765,59.756096
2014-04-07 01,17.78094,0.8398015,22.499992,25.375029
2014-04-07 02,17.069702,0.8970136,110.772354,50.609756
2014-04-07 03,20.400133,0.91870224,33.348225,49.69512
2014-04-07 04,19.696638,1.7376195,104.166664,25.284765
2014-04-07 05,19.597406,0.89200187,112.80488,53.658535
2014-04-07 06,19.025604,0.9013899,96.03658,50.0
2014-04-07 07,27.027029,1.7376195,92.98781,44.512196
2014-04-07 08,28.982931,1.7376195,102.64227,24.790844
2014-04-07 09,19.654512,1.7376195,22.934338,44.512196
2014-04-07 10,27.738264,1.7376195,113.31301,24.39598
2014-04-07 11,27.382647,0.882081,111.78862,25.20859
2014-04-07 12,28.627312,1.3032146,23.126217,24.279015
2014-04-07 13,26.849218,1.520417,107.21545,53.353657
2014-04-07 14,26.31579,0.8538794,23.340399,24.688423
2014-04-07 15,24.004267,1.520417,23.114288,59.146343
2014-04-07 16,19.697632,1.7376195,22.802847,53.353657
2014-04-07 17,19.78452,1.7376195,121.4431,55.792683
2014-04-07 18,19.90207,2.1720243,22.613037,25.427559
2014-04-07 19,26.671408,0.990559,38.75673,58.23171
2014-04-07 20,29.160742,0.8399105,194.61382,26.425264
2014-04-07 21,20.4307,1.7376195,23.640022,84.45122
2014-04-07 22,19.655642,0.83100456,22.57233,25.078487
2014-04-07 23,21.692745,0.90689546,164.12602,78.35366
2014-04-08 00,20.09246,1.7376195,23.134909,65.85366
2014-04-08 01,18.314367,0.9089588,120.93496,56.707317
2014-04-08 02,19.595041,0.87251997,121.4431,25.64703
2014-04-08 03,16.891891,1.7376195,107.72358,55.792683
2014-04-08 04,19.624998,1.7376195,105.69106,54.26829
2014-04-08 05,17.069702,1.7376195,106.19919,54.26829
2014-04-08 06,20.09246,1.7376195,23.026966,52.134148
2014-04-08 07,25.782362,0.9046778,104.166664,52.439026
2014-04-08 08,28.80512,0.9143166,110.26423,47.865852
2014-04-08 09,19.909578,0.8448899,22.445234,25.519545
2014-04-08 10,19.643333,1.520417,116.86991,43.90244
2014-04-08 11,26.493599,1.520417,111.28048,44.512196
2014-04-08 12,19.527758,0.8414413,23.112413,25.16933
2014-04-08 13,19.615427,1.7376195,101.626015,32.621952
2014-04-08 14,19.713943,1.7376195,22.462275,25.114038
2014-04-08 15,23.115221,1.7376195,102.64227,24.753172
2014-04-08 16,22.93741,1.7376195,104.6748,24.508518
2014-04-08 17,23.29303,1.7376195,105.18294,24.540722
2014-04-08 18,25.426743,2.1720243,23.084774,42.682926
2014-04-08 19,29.160742,0.8679378,176.32114,25.332996
2014-04-08 20,19.770021,1.7376195,22.600342,25.475971
2014-04-08 21,27.204836,1.0333644,45.45571,68.902435
2014-04-08 22,19.777842,0.85274166,22.88021,25.2345
2014-04-08 23,21.870554,1.0039314,39.885754,63.719513
2014-04-09 00,19.914652,0.89149725,132.62195,48.780487
2014-04-09 01,17.78094,0.9054782,29.387794,44.817074
2014-04-09 02,20.197195,0.9151539,29.015627,42.682926
2014-04-09 03,16.891891,0.90785253,28.577312,44.207317
2014-04-09 04,17.069702,1.7376195,95.52846,24.545954
2014-04-09 05,19.852585,1.7376195,92.98781,25.23156
2014-04-09 06,19.381224,0.8651143,23.131811,24.881495
2014-04-09 07,26.493599,1.7376195,22.651844,38.719513
2014-04-09 08,27.916075,1.7376195,88.922775,37.80488
2014-04-09 09,27.027029,0.8979883,94.00407,24.448376
2014-04-09 10,19.97507,0.8833991,27.57996,38.109756
2014-04-09 11,19.68059,1.520417,22.60323,34.451218
2014-04-09 12,25.248934,0.889575,120.42683,36.890244
2014-04-09 13,26.671408,1.7376195,111.78862,24.590483
2014-04-09 14,19.962893,1.520417,106.19919,36.280487
2014-04-09 15,19.628162,1.520417,105.18294,38.719513
2014-04-09 16,22.759604,0.89664364,112.296745,25.224396
2014-04-09 17,19.830866,2.1720243,22.959555,25.526237
2014-04-09 18,25.248934,0.9079835,132.62195,46.646343
2014-04-09 19,27.916075,0.87286013,174.79675,54.57317
2014-04-09 20,29.160742,1.7376195,23.049183,24.819952
2014-04-09 21,26.13798,1.7376195,168.69919,25.56097
2014-04-09 22,23.29303,0.86633015,160.06097,25.578989
2014-04-09 23,19.675798,1.7376195,23.771475,62.80488
2014-04-10 00,19.381224,0.86254823,22.360586,24.92515
2014-04-10 01,17.24751,1.7376195,111.78862,24.474777
2014-04-10 02,17.24751,1.7376195,109.756096,24.784985
2014-04-10 03,16.714083,0.88665175,112.296745,25.124445
2014-04-10 04,16.891891,1.7376195,108.73984,24.858055
2014-04-10 05,16.891891,1.7376195,23.308458,43.59756
2014-04-10 06,19.682457,1.7376195,99.5935,24.786283
2014-04-10 07,25.960173,0.9093501,28.123009,37.5
2014-04-10 08,19.874105,0.88751346,102.13415,24.907372
2014-04-10 09,19.564941,0.84753287,22.528547,25.696365
2014-04-10 10,27.738264,0.9196379,107.21545,37.80488
2014-04-10 11,27.382647,0.92257607,29.775715,40.243904
2014-04-10 12,19.75834,0.8330009,23.119917,26.010098
2014-04-10 13,19.913311,1.7376195,109.756096,24.616901
2014-04-10 14,25.248934,0.86819416,22.88086,25.0
2014-04-10 15,23.64865,0.9041112,98.57723,30.182926
2014-04-10 16,19.98912,1.7376195,99.5935,24.80338
2014-04-10 17,19.673935,0.8850022,114.837395,25.344456
2014-04-10 18,25.426743,1.520417,125.0,24.253128
2014-04-10 19,28.80512,1.7376195,22.888538,24.173885
2014-04-10 20,19.930164,1.9548218,168.69919,26.349882
2014-04-10 21,19.540243,1.7376195,23.475735,66.15854
2014-04-10 22,19.494644,1.7376195,174.79675,66.768295
2014-04-10 23,15.647227,0.8640797,159.55284,25.700771
2014-04-11 00,22.93741,1.7376195,23.381372,48.17073
2014-04-11 01,19.720879,1.7376195,23.460913,44.512196
2014-04-11 02,18.847795,1.7376195,107.72358,42.682926
2014-04-11 03,18.492176,0.8925866,27.86781,40.853657
2014-04-11 04,18.669987,1.7376195,101.11789,39.634148
2014-04-11 05,18.847795,1.7376195,100.60975,39.02439
2014-04-11 06,20.803698,1.7376195,22.716568,24.857363
2014-04-11 07,19.804344,1.7376195,22.884527,30.487804
2014-04-11 08,30.405405,1.7376195,92.479675,43.59756
2014-04-11 09,28.271692,0.86880976,29.934702,41.463413
2014-04-11 10,26.671408,0.8826015,109.756096,24.772348
2014-04-11 11,25.960173,0.8643017,23.363224,25.47205
2014-04-11 12,25.782362,1.3032146,86.89024,39.634148
2014-04-11 13,25.604551,1.7376195,22.78509,30.487804
2014-04-11 14,25.960173,1.7376195,98.06911,27.134146
2014-04-11 15,23.64865,1.7376195,22.64028,31.707317
2014-04-11 16,25.248934,0.87511766,118.39431,24.951101
2014-04-11 17,25.782362,0.9011532,105.69106,25.18081
2014-04-11 18,27.027029,2.1720243,122.967476,32.317074
2014-04-11 19,19.651752,0.88475454,154.97968,43.90244
2014-04-11 20,20.021254,2.8236315,163.10976,42.987804
2014-04-11 21,27.916075,1.7376195,170.7317,25.788874
2014-04-11 22,25.604551,1.7376195,159.04471,56.707317
2014-04-11 23,19.734024,1.7376195,157.52031,56.40244
2014-04-12 00,19.822855,1.7376195,23.187727,48.780487
2014-04-12 01,20.153498,0.9009466,28.952517,41.463413
2014-04-12 02,18.847795,0.8954319,110.772354,37.5
2014-04-12 03,19.776772,1.7376195,112.296745,37.5
2014-04-12 04,18.669987,1.7376195,105.69106,33.536587
2014-04-12 05,18.847795,2.1720243,101.11789,34.451218
2014-04-12 06,19.86152,1.7376195,84.85773,30.487804
2014-04-12 07,19.757084,0.8786743,94.51219,23.780487
2014-04-12 08,19.677126,0.8729194,104.6748,25.636837
2014-04-12 09,20.083866,3.040834,22.46038,32.92683
2014-04-12 10,19.625944,1.9548218,22.740713,38.109756
2014-04-12 11,32.53912,1.7376195,150.91463,38.109756
2014-04-12 12,19.756886,0.8671345,131.09756,33.841465
2014-04-12 13,19.621546,1.7376195,23.006968,25.06787
2014-04-12 14,20.063993,1.7376195,125.0,25.414434
2014-04-12 15,26.849218,1.7376195,125.0,34.146343
2014-04-12 16,27.027029,1.7376195,23.165503,32.012196
2014-04-12 17,26.671408,1.9548218,105.69106,28.353659
2014-04-12 18,26.671408,0.89190835,112.296745,27.134146
2014-04-12 19,20.028639,1.7376195,152.43903,37.19512
2014-04-12 20,27.916075,0.8845292,155.48781,49.390244
2014-04-12 21,19.926289,0.8613376,151.9309,25.940289
2014-04-12 22,25.604551,0.91187596,143.29268,57.92683
2014-04-12 23,24.004267,0.9020382,147.86586,57.92683
2014-04-13 00,19.670643,1.7376195,139.73578,54.26829
2014-04-13 01,20.625889,0.0,60.75974,30.265707
2014-04-13 02,19.203413,0.0,99.5935,39.02439
2014-04-13 03,19.682604,1.520417,95.02032,35.97561
2014-04-13 04,18.847795,1.520417,100.60975,24.761238
2014-04-13 05,19.867828,1.7376195,100.10162,35.97561
2014-04-13 06,19.764427,0.89274776,75.71138,30.487804
2014-04-13 07,22.226173,1.7376195,22.53128,24.755283
2014-04-13 08,19.94738,1.7376195,86.89024,28.963415
2014-04-13 09,29.160742,1.7376195,99.085365,42.987804
2014-04-13 10,19.778776,1.7376195,128.55692,54.26829
2014-04-13 11,27.916075,1.7376195,153.96341,24.777603
2014-04-13 12,30.938833,1.0409926,45.51534,67.07317
2014-04-13 13,19.869953,1.7376195,22.803667,35.365852
2014-04-13 14,28.449503,0.8921662,116.86991,31.09756
2014-04-13 15,27.916075,0.88156414,24.934391,28.658537
2014-04-13 16,19.881807,1.7376195,107.72358,24.81859
2014-04-13 17,19.83934,1.7376195,100.10162,22.560976
2014-04-13 18,25.960173,1.7376195,23.068748,22.560976
2014-04-13 19,31.116644,0.89471376,113.82114,24.89924
2014-04-13 20,19.703854,1.7376195,143.29268,34.146343
2014-04-13 21,19.57541,1.7376195,22.922476,55.182926
2014-04-13 22,20.138987,1.7376195,141.7683,25.439247
2014-04-13 23,24.537695,0.8827954,145.83333,52.743904
2014-04-14 00,19.724144,0.83906746,22.77842,25.3694
2014-04-14 01,20.071085,0.8811126,27.072962,36.890244
2014-04-14 02,18.847795,0.88293415,24.983255,34.756096
2014-04-14 03,19.554003,1.520417,91.97154,32.012196
2014-04-14 04,18.669987,0.88506293,24.944519,35.060974
2014-04-14 05,18.669987,1.7376195,23.270761,35.365852
2014-04-14 06,21.514936,1.7376195,22.741562,24.763157
2014-04-14 07,28.449503,0.87727916,23.759565,25.593775
2014-04-14 08,31.294455,1.7376195,22.558641,31.40244
2014-04-14 09,26.493599,1.7376195,77.23577,24.038486
2014-04-14 10,19.934156,1.7376195,22.28852,28.04878
2014-04-14 11,19.913567,1.3032146,95.02032,25.076082
2014-04-14 12,19.782562,0.9079546,28.58384,41.76829
2014-04-14 13,27.560455,0.91217446,87.9065,43.292683
2014-04-14 14,19.570757,1.3032146,23.303978,36.280487
2014-04-14 15,24.715506,1.520417,23.07909,37.80488
2014-04-14 16,25.426743,1.7376195,89.939026,32.012196
2014-04-14 17,25.248934,0.9006258,100.10162,24.598587
2014-04-14 18,28.271692,2.1720243,118.902435,24.462744
2014-04-14 19,30.405405,0.8984132,169.71545,49.085365
2014-04-14 20,32.1835,0.863317,170.7317,25.688185
2014-04-14 21,28.449503,0.8518082,174.28862,25.733343
2014-04-14 22,19.597462,0.8525542,23.069023,26.039715
2014-04-14 23,23.64865,1.7376195,22.522589,24.983408
2014-04-15 00,22.759604,1.7376195,129.57317,24.838417
2014-04-15 01,19.381224,0.87555534,112.296745,25.14918
2014-04-15 02,19.9394,1.7376195,22.749098,25.457197
2014-04-15 03,18.314367,1.7376195,101.11789,24.626371
2014-04-15 04,18.669987,0.9070998,92.98781,36.585365
2014-04-15 05,18.847795,0.87860274,95.52846,24.919392
2014-04-15 06,21.514936,0.9213553,83.333336,32.317074
2014-04-15 07,27.738264,1.7376195,22.62777,25.088755
2014-04-15 08,19.73637,1.7376195,80.28455,36.890244
2014-04-15 09,19.983334,1.7376195,86.89024,24.640894
2014-04-15 10,19.771038,0.8637054,24.842808,31.707317
2014-04-15 11,27.204836,1.520417,96.544716,33.536587
2014-04-15 12,19.679771,1.3032146,110.26423,33.841465
2014-04-15 13,26.671408,0.8968569,25.224182,31.09756
2014-04-15 14,20.04029,1.7376195,22.42059,24.937525
2014-04-15 15,24.182077,1.7376195,89.4309,34.146343
2014-04-15 16,19.629522,1.7376195,22.640507,25.64732
2014-04-15 17,19.930716,1.7376195,22.400284,24.910484
2014-04-15 18,19.712044,0.88115776,116.361786,25.315737
2014-04-15 19,20.032043,1.7376195,151.42276,43.90244
2014-04-15 20,17.42532,1.7376195,22.980844,44.817074
2014-04-15 21,19.300598,1.7376195,23.814947,65.54878
2014-04-15 22,19.869406,1.7376195,159.04471,58.841465
2014-04-15 23,8.89047,0.88162994,135.67073,53.048782
2014-04-16 00,6.223329,1.7376195,131.6057,40.548782
2014-04-16 01,19.82771,0.8635233,118.902435,25.475752
2014-04-16 02,3.0227597,1.520417,106.19919,24.248125
2014-04-16 03,19.939486,0.84714305,22.588451,25.951107
2014-04-16 04,19.883308,0.88639164,99.085365,25.592588
2014-04-16 05,19.646084,1.7376195,101.626015,25.317297
2014-04-16 06,19.994627,0.87088567,24.031616,30.487804
2014-04-16 07,19.816772,0.8544021,22.438162,25.698092
2014-04-16 08,14.224751,1.7376195,77.23577,31.40244
2014-04-16 09,26.493599,1.7376195,23.073858,24.78832
2014-04-16 10,19.661322,0.84674615,22.741488,25.908531
2014-04-16 11,28.271692,1.520417,100.10162,37.19512
2014-04-16 12,26.671408,1.520417,93.49593,33.23171
2014-04-16 13,25.960173,0.8701214,22.811539,24.838589
2014-04-16 14,19.929245,1.520417,81.30081,32.012196
2014-04-16 15,25.071123,1.520417,82.31707,23.772684
2014-04-16 16,24.715506,1.7376195,82.8252,24.498787
2014-04-16 17,25.426743,2.1720243,89.939026,36.585365
2014-04-16 18,25.782362,2.606429,104.6748,43.59756
2014-04-16 19,28.982931,1.7376195,136.17886,49.390244
2014-04-16 20,19.853397,1.7376195,155.48781,25.386013
2014-04-16 21,25.782362,1.7376195,166.66667,63.719513
2014-04-16 22,23.115221,0.8622167,158.02846,25.67794
2014-04-16 23,22.581793,0.8891955,149.39024,54.878048
2014-04-17 00,20.44808,1.7376195,22.48342,25.159475
2014-04-17 01,17.78094,1.7376195,22.350395,24.470032
2014-04-17 02,17.069702,1.7376195,93.49593,24.306536
2014-04-17 03,16.891891,0.86806136,24.406773,33.841465
2014-04-17 04,17.24751,0.89943165,94.51219,24.830145
2014-04-17 05,19.604202,0.86871296,93.49593,25.047062
2014-04-17 06,19.736841,0.8585117,23.00072,25.181068
2014-04-17 07,25.248934,0.85537815,23.160755,24.58093
2014-04-17 08,19.846834,1.7376195,22.432575,25.376259
2014-04-17 09,31.116644,1.9548218,84.349594,27.439024
2014-04-17 10,31.472261,1.7376195,104.166664,40.243904
2014-04-17 11,19.842659,0.8992565,104.166664,39.32927
2014-04-17 12,19.530859,0.8797642,108.231705,37.19512
2014-04-17 13,19.561598,0.8822641,100.60975,25.026619
2014-04-17 14,19.782698,1.520417,22.403866,31.40244
2014-04-17 15,25.604551,1.520417,114.32927,34.756096
2014-04-17 16,19.616562,1.7376195,102.64227,25.06504
2014-04-17 17,27.204836,0.90541494,106.70731,37.80488
2014-04-17 18,29.160742,1.520417,127.03253,24.856928
2014-04-17 19,29.871977,0.8856061,141.26016,25.666542
2014-04-17 20,27.738264,1.9548218,22.851612,45.121952
2014-04-17 21,26.493599,1.7376195,23.271236,62.19512
2014-04-17 22,23.470839,1.7376195,159.04471,24.869839
2014-04-17 23,19.410017,1.7376195,22.941587,57.317074
2014-04-18 00,19.70831,1.7376195,128.04878,48.780487
2014-04-18 01,18.314367,0.84321254,22.680443,24.669102
2014-04-18 02,19.722057,1.7376195,22.946737,25.217356
2014-04-18 03,19.72535,1.7376195,102.13415,24.62639
2014-04-18 04,19.943604,0.87639964,93.49593,25.30575
2014-04-18 05,19.75337,1.7376195,93.49593,33.536587
2014-04-18 06,19.869331,0.8880086,82.8252,25.304878
2014-04-18 07,19.731178,0.886862,78.25203,23.170732
2014-04-18 08,25.248934,1.7376195,92.479675,24.272528
2014-04-18 09,29.338549,0.86880976,110.772354,24.511387
2014-04-18 10,19.986296,0.91047215,29.70958,43.59756
2014-04-18 11,19.951502,0.91006815,29.217516,42.682926
2014-04-18 12,19.93941,1.3032146,123.98374,24.77187
2014-04-18 13,19.897917,0.88486785,115.85366,37.19512
2014-04-18 14,27.027029,1.7376195,22.770494,35.060974
2014-04-18 15,19.714632,1.7376195,22.769127,44.817074
2014-04-18 16,24.359886,1.7376195,123.47561,40.853657
2014-04-18 17,24.715506,1.520417,22.95056,34.451218
2014-04-18 18,25.248934,2.1720243,132.11382,32.317074
2014-04-18 19,27.382647,0.8587443,23.726233,25.054089
2014-04-18 20,20.176363,2.8236315,164.63414,26.807667
2014-04-18 21,24.537695,1.7376195,23.291727,64.32927
2014-04-18 22,22.403982,0.8864107,152.94716,54.26829
2014-04-18 23,19.514797,1.7376195,131.6057,56.707317
2014-04-19 00,20.44808,0.90348864,133.63821,50.914635
2014-04-19 01,19.71576,0.88885677,103.65854,25.25745
2014-04-19 02,19.620586,1.7376195,86.89024,24.678381
2014-04-19 03,16.891891,0.9100796,93.49593,34.451218
2014-04-19 04,17.069702,1.7376195,85.873985,33.536587
2014-04-19 05,19.82686,2.1720243,87.9065,32.92683
2014-04-19 06,19.775297,0.8942857,73.17074,25.914635
2014-04-19 07,19.917854,1.7376195,22.448004,20.731707
2014-04-19 08,24.004267,2.1720243,22.84359,25.304878
2014-04-19 09,19.90025,3.040834,22.608152,33.841465
2014-04-19 10,28.093885,0.9136015,113.31301,38.414635
2014-04-19 11,28.271692,1.7376195,121.951225,38.109756
2014-04-19 12,19.831041,1.7376195,22.768185,25.57733
2014-04-19 13,20.104933,1.7376195,128.04878,25.816824
2014-04-19 14,28.80512,1.7376195,118.39431,42.682926
2014-04-19 15,20.004484,0.8831234,144.30894,34.451218
2014-04-19 16,25.604551,1.7376195,132.11382,31.707317
2014-04-19 17,24.715506,1.9548218,140.2439,28.963415
2014-04-19 18,26.493599,1.7376195,131.09756,30.182926
2014-04-19 19,27.560455,1.7376195,22.918129,24.870316
2014-04-19 20,19.979456,1.7376195,22.784575,25.102343
2014-04-19 21,20.055573,1.7376195,22.49396,25.098173
2014-04-19 22,19.471888,0.89523894,148.37398,56.09756
2014-04-19 23,19.740307,0.8648457,155.48781,55.487804
2014-04-20 00,20.803698,1.7376195,23.271694,56.40244
2014-04-20 01,19.5635,0.0,127.54066,42.987804
2014-04-20 02,22.214943,0.0,71.618004,39.634148
2014-04-20 03,16.714083,1.520417,101.11789,24.870428
2014-04-20 04,17.069702,1.520417,94.00407,24.754686
2014-04-20 05,17.069702,0.8679982,24.440653,33.841465
2014-04-20 06,19.883757,0.898089,74.18699,24.51238
2014-04-20 07,19.879145,0.8793776,79.77642,22.256098
2014-04-20 08,21.514936,1.7376195,107.72358,25.304878
2014-04-20 09,25.071123,0.8882283,113.31301,28.353659
2014-04-20 10,28.80512,0.8789835,122.45935,25.914635
2014-04-20 11,30.227598,1.7376195,119.41057,24.819035
2014-04-20 12,30.583216,1.7376195,114.837395,35.060974
2014-04-20 13,26.13798,0.8979118,90.955284,24.214329
2014-04-20 14,24.004267,1.7376195,76.727646,20.731707
2014-04-20 15,19.95376,1.520417,22.686392,29.268293
2014-04-20 16,22.93741,1.7376195,72.662605,27.134146
2014-04-20 17,22.93741,1.7376195,22.616175,24.547838
2014-04-20 18,19.908924,1.7376195,82.31707,24.851612
2014-04-20 19,25.248934,0.8674759,23.148712,25.0
2014-04-20 20,25.426743,1.7376195,110.772354,24.26656
2014-04-20 21,25.248934,1.7376195,126.52439,48.47561
2014-04-20 22,20.124672,0.9349853,31.599106,48.17073
2014-04-20 23,22.226173,1.7376195,135.1626,24.554953
2014-04-21 00,20.625889,1.7376195,22.66134,25.099602
2014-04-21 01,18.669987,1.7376195,115.85366,24.438421
2014-04-21 02,19.58288,0.9055721,91.97154,35.365852
2014-04-21 03,19.61777,1.520417,23.008125,24.974955
2014-04-21 04,17.42532,0.9061973,86.38211,31.707317
2014-04-21 05,18.314367,1.7376195,96.03658,32.317074
2014-04-21 06,20.981508,1.7376195,67.07317,23.817177
2014-04-21 07,19.858171,0.8413597,23.019447,22.256098
2014-04-21 08,29.338549,1.7376195,73.67886,23.780487
2014-04-21 09,19.756592,0.88751966,108.73984,25.640556
2014-04-21 10,20.104305,1.7376195,129.57317,25.795717
2014-04-21 11,19.895882,0.88272995,128.04878,32.621952
2014-04-21 12,19.528162,0.8556102,22.554256,25.578978
2014-04-21 13,27.738264,0.88608843,109.756096,24.9919
2014-04-21 14,27.560455,1.3032146,107.21545,22.865854
2014-04-21 15,24.893316,0.8512348,22.963213,20.731707
2014-04-21 16,19.900602,1.7376195,22.54346,20.121952
2014-04-21 17,23.64865,1.7376195,119.9187,30.792683
2014-04-21 18,19.925583,2.1720243,22.813911,30.182926
2014-04-21 19,19.936613,0.84298635,22.677559,25.187672
2014-04-21 20,28.449503,0.90138483,137.19513,44.512196
2014-04-21 21,27.204836,1.0073061,44.26147,65.85366
2014-04-21 22,24.004267,1.7376195,141.26016,70.42683
2014-04-21 23,22.048365,1.7376195,146.34148,25.47543
2014-04-22 00,19.914652,1.7376195,130.0813,50.0
2014-04-22 01,19.84627,0.8382684,22.62736,25.30514
2014-04-22 02,19.958054,0.8951104,28.40143,40.243904
2014-04-22 03,16.714083,1.7376195,22.61692,41.158535
2014-04-22 04,17.069702,0.8915992,92.479675,24.911064
2014-04-22 05,17.42532,0.8888788,26.716005,39.32927
2014-04-22 06,19.54848,1.7376195,75.203255,24.835007
2014-04-22 07,29.51636,0.88934857,85.36585,24.15332
2014-04-22 08,28.627312,1.7376195,23.207241,36.280487
2014-04-22 09,25.960173,0.89418316,82.31707,24.688774
2014-04-22 10,19.8346,0.92197144,30.043053,45.121952
2014-04-22 11,19.597076,1.520417,87.9065,35.060974
2014-04-22 12,24.537695,0.91253954,81.808945,24.75826
2014-04-22 13,19.75311,1.7376195,85.36585,37.80488
2014-04-22 14,25.426743,0.92361295,76.21951,36.585365
2014-04-22 15,19.721903,0.8839823,89.939026,36.585365
2014-04-22 16,19.507296,0.91086626,78.760155,35.97561
2014-04-22 17,24.359886,1.7376195,23.152052,25.037355
2014-04-22 18,25.071123,0.8921236,121.4431,42.378048
2014-04-22 19,20.096458,1.7376195,164.12602,25.809187
2014-04-22 20,28.449503,1.7376195,173.27235,63.719513
2014-04-22 21,27.560455,1.7376195,22.66392,24.426353
2014-04-22 22,24.359886,1.7376195,22.971413,24.51862
2014-04-22 23,22.226173,1.7376195,22.521013,24.562664
2014-04-23 00,19.663774,0.85057783,22.752195,25.222692
2014-04-23 01,19.612911,0.89217275,109.24797,53.963413
2014-04-23 02,17.42532,0.8960717,105.18294,51.219513
2014-04-23 03,16.891891,1.7376195,23.054974,25.216646
2014-04-23 04,19.510872,0.8735553,99.5935,25.221926
2014-04-23 05,17.60313,1.7376195,22.753788,24.392515
2014-04-23 06,20.625889,1.7376195,23.376009,41.463413
2014-04-23 07,28.982931,1.7376195,92.479675,42.682926
2014-04-23 08,19.53786,1.7376195,23.193213,41.76829
2014-04-23 09,19.561865,0.89206314,91.97154,37.80488
2014-04-23 10,26.13798,1.520417,104.166664,30.487804
2014-04-23 11,27.560455,0.9191264,90.44715,30.487804
2014-04-23 12,20.017254,1.520417,23.243063,33.841465
2014-04-23 13,27.382647,1.7376195,22.840443,34.451218
2014-04-23 14,19.739315,0.88906866,82.8252,25.029207
2014-04-23 15,25.071123,1.520417,22.69774,24.9189
2014-04-23 16,25.426743,1.7376195,97.05285,30.792683
2014-04-23 17,25.248934,0.88841707,25.146397,31.09756
2014-04-23 18,19.976715,2.606429,121.951225,25.581907
2014-04-23 19,30.405405,0.8968343,158.53659,43.292683
2014-04-23 20,31.294455,1.7376195,158.02846,25.40362
2014-04-23 21,30.049788,0.8840919,177.84555,52.439026
2014-04-23 22,27.204836,0.8743627,153.45529,25.383358
2014-04-23 23,24.715506,0.8861236,143.29268,56.707317
2014-04-24 00,19.62723,0.8756242,135.1626,25.667927
2014-04-24 01,20.625889,1.7376195,23.0105,24.372955
2014-04-24 02,19.559032,0.88801503,109.24797,37.19512
2014-04-24 03,19.874378,0.84813356,23.000587,25.744484
2014-04-24 04,19.736841,1.7376195,95.52846,35.365852
2014-04-24 05,20.27027,0.87577707,25.919043,35.060974
2014-04-24 06,19.638775,0.85974985,22.509924,24.695122
2014-04-24 07,33.783783,0.901239,25.394272,26.829268
2014-04-24 08,19.73421,0.88050133,101.11789,33.841465
2014-04-24 09,28.982931,1.9548218,104.6748,24.77112
2014-04-24 10,19.959671,0.914714,28.135334,41.158535
2014-04-24 11,19.982763,1.7376195,22.791351,36.890244
2014-04-24 12,26.13798,0.8686215,23.138592,25.24708
2014-04-24 13,19.569096,0.8884367,97.560974,41.158535
2014-04-24 14,27.560455,1.520417,89.939026,23.767467
2014-04-24 15,26.31579,1.520417,88.922775,40.853657
2014-04-24 16,19.84715,1.7376195,85.873985,30.792683
2014-04-24 17,26.13798,0.8708788,23.2474,25.546368
2014-04-24 18,27.382647,0.907895,114.32927,42.682926
2014-04-24 19,28.449503,1.7376195,23.578836,43.90244
2014-04-24 20,28.80512,0.9659367,36.67495,52.439026
2014-04-24 21,27.382647,1.7376195,172.76422,25.188265
2014-04-24 22,25.604551,1.7376195,167.17479,24.896
2014-04-24 23,20.007599,1.7376195,153.96341,25.772215
2014-04-25 00,19.659138,1.7376195,23.047039,54.878048
2014-04-25 01,20.981508,0.89962834,117.88618,45.121952
2014-04-25 02,19.914652,0.88012296,105.69106,24.84201
2014-04-25 03,19.949974,1.7376195,22.41593,25.51424
2014-04-25 04,20.112354,0.9020886,29.88942,43.292683
2014-04-25 05,20.09246,1.7376195,96.544716,37.80488
2014-04-25 06,19.790567,1.7376195,75.71138,24.852825
2014-04-25 07,23.29303,1.7376195,78.25203,24.42201
2014-04-25 08,19.819044,1.7376195,88.414635,35.67073
2014-04-25 09,30.583216,0.86880976,23.820517,24.233532
2014-04-25 10,19.891373,0.87010247,138.21138,25.361794
2014-04-25 11,31.472261,1.3032146,22.910622,24.248753
2014-04-25 12,20.011068,1.3032146,22.614319,24.84205
2014-04-25 13,32.00569,1.7376195,22.858711,41.158535
2014-04-25 14,19.851482,1.7376195,124.49187,43.90244
2014-04-25 15,28.271692,0.8712922,139.73578,25.094149
2014-04-25 16,27.738264,1.7376195,146.84958,43.90244
2014-04-25 17,27.738264,1.520417,23.277636,45.42683
2014-04-25 18,19.92882,0.8455309,151.9309,25.882809
2014-04-25 19,29.694168,1.7376195,180.8943,43.90244
2014-04-25 20,31.116644,2.8236315,22.945263,24.677284
2014-04-25 21,28.449503,1.7376195,22.500753,25.005512
2014-04-25 22,19.374426,1.7376195,158.53659,69.81707
2014-04-25 23,19.73625,0.8506382,148.37398,25.753569
2014-04-26 00,20.602146,0.989347,39.83356,63.109756
2014-04-26 01,19.773914,1.7376195,23.31572,52.743904
2014-04-26 02,19.559032,0.92031485,31.049162,47.256096
2014-04-26 03,19.559032,0.91880447,104.166664,46.341465
2014-04-26 04,19.857197,0.874783,105.69106,24.979736
2014-04-26 05,19.604792,2.1720243,105.69106,44.207317
2014-04-26 06,19.898497,1.7376195,76.727646,37.80488
2014-04-26 07,22.759604,1.7376195,23.201101,35.060974
2014-04-26 08,20.099066,0.9055038,29.18961,42.378048
2014-04-26 09,28.982931,3.040834,23.002459,25.011581
2014-04-26 10,31.82788,1.9548218,23.240719,41.158535
2014-04-26 11,19.716526,1.7376195,129.57317,46.036587
2014-04-26 12,30.049788,1.7376195,23.090757,51.219513
2014-04-26 13,31.82788,1.7376195,130.0813,45.73171
2014-04-26 14,19.449669,0.89447975,118.39431,51.219513
2014-04-26 15,27.738264,0.88484174,108.231705,25.26519
2014-04-26 16,26.13798,0.8849635,117.88618,24.984299
2014-04-26 17,26.31579,1.9548218,22.856747,37.80488
2014-04-26 18,27.560455,0.8995302,130.58943,45.73171
2014-04-26 19,27.916075,1.7376195,150.91463,58.841465
2014-04-26 20,28.271692,0.90287995,150.91463,60.97561
2014-04-26 21,20.568312,0.99983764,40.685352,64.939026
2014-04-26 22,24.893316,1.7376195,22.672585,24.388195
2014-04-26 23,23.82646,0.86004734,22.501997,24.81916
2014-04-27 00,19.959663,1.7376195,143.80081,25.206545
2014-04-27 01,22.18074,0.0,84.56515,56.40244
2014-04-27 02,20.068369,0.0,109.756096,58.23171
2014-04-27 03,19.203413,0.9202011,106.70731,55.487804
2014-04-27 04,19.735197,1.520417,105.69106,44.207317
2014-04-27 05,19.917349,0.84077966,23.082975,25.643833
2014-04-27 06,20.44808,0.91023725,75.203255,30.487804
2014-04-27 07,21.870554,1.7376195,86.38211,24.071186
2014-04-27 08,19.737024,1.7376195,22.807198,27.134146
2014-04-27 09,19.874586,0.8812531,100.60975,31.707317
2014-04-27 10,30.938833,1.7376195,22.68762,33.841465
2014-04-27 11,32.1835,1.7376195,163.61789,24.7663
2014-04-27 12,33.250355,0.9508334,31.765404,41.463413
2014-04-27 13,32.1835,0.9113461,120.93496,39.32927
2014-04-27 14,30.405405,1.7376195,111.28048,24.653269
2014-04-27 15,19.714357,1.520417,22.378391,25.231478
2014-04-27 16,19.864183,1.7376195,97.05285,41.158535
2014-04-27 17,28.093885,0.91350025,103.150406,34.451218
2014-04-27 18,19.570765,1.7376195,23.230701,37.19512
2014-04-27 19,30.049788,1.9548218,133.63821,43.59756
2014-04-27 20,30.405405,1.7376195,144.81708,24.782393
2014-04-27 21,19.570372,1.7376195,174.79675,69.81707
2014-04-27 22,19.639515,1.7376195,158.53659,69.20731
2014-04-27 23,24.893316,1.7376195,153.96341,24.78723
2014-04-28 00,22.93741,1.7376195,138.21138,53.963413
2014-04-28 01,20.44808,0.9281012,29.54709,44.817074
2014-04-28 02,19.381224,1.7376195,22.573505,25.191637
2014-04-28 03,19.90311,0.8730608,101.11789,25.452074
2014-04-28 04,19.748144,1.7376195,95.52846,25.233294
2014-04-28 05,19.736841,1.7376195,22.867262,24.742134
2014-04-28 06,19.729027,0.8847269,76.21951,24.551441
2014-04-28 07,19.821085,1.7376195,92.479675,39.634148
2014-04-28 08,19.981949,1.7376195,22.630308,25.112888
2014-04-28 09,30.583216,1.7376195,91.97154,39.939026
2014-04-28 10,19.87573,0.89923984,28.47973,40.853657
2014-04-28 11,29.51636,0.8663771,24.073778,24.97605
2014-04-28 12,29.160742,0.873582,23.800022,25.101017
2014-04-28 13,27.916075,1.520417,98.06911,36.890244
2014-04-28 14,27.382647,1.3032146,23.233065,24.220715
2014-04-28 15,19.757565,1.520417,88.414635,24.201681
2014-04-28 16,19.594553,0.8439884,22.523293,25.97999
2014-04-28 17,28.449503,1.7376195,88.922775,23.794645
2014-04-28 18,29.338549,2.1720243,108.73984,24.363678
2014-04-28 19,19.636848,0.87435836,141.26016,50.914635
2014-04-28 20,19.563753,1.7376195,151.42276,51.82927
2014-04-28 21,30.049788,0.8891023,164.63414,58.536587
2014-04-28 22,27.204836,1.7376195,161.58537,25.322199
2014-04-28 23,19.607664,1.7376195,22.998854,64.02439
2014-04-29 00,20.124018,1.7376195,125.50813,25.225729
2014-04-29 01,19.552685,0.8987397,109.756096,52.439026
2014-04-29 02,19.914652,0.84661806,23.126846,25.275133
2014-04-29 03,19.381224,0.90770924,97.560974,43.292683
2014-04-29 04,19.736841,1.7376195,96.03658,24.324797
2014-04-29 05,20.27027,1.7376195,23.454115,43.292683
2014-04-29 06,19.842253,0.8482291,22.337458,25.271643
2014-04-29 07,34.31721,0.9239334,88.922775,42.07317
2014-04-29 08,32.00569,1.7376195,23.389257,39.634148
2014-04-29 09,31.472261,0.9226109,91.97154,37.80488
2014-04-29 10,30.405405,1.520417,93.49593,35.365852
2014-04-29 11,19.869667,0.8946443,28.166298,39.939026
2014-04-29 12,19.429323,1.3032146,23.450533,45.42683
2014-04-29 13,19.772425,0.8823918,86.89024,25.089088
2014-04-29 14,19.842464,0.8557578,22.916492,25.221327
2014-04-29 15,19.757425,1.7376195,23.020235,25.48575
2014-04-29 16,26.493599,0.897741,27.386414,35.060974
2014-04-29 17,27.738264,1.7376195,106.19919,40.243904
2014-04-29 18,19.891342,2.1720243,129.57317,44.207317
2014-04-29 19,32.00569,0.88035053,24.593668,25.351048
2014-04-29 20,31.116644,1.7376195,23.886095,64.32927
2014-04-29 21,29.694168,1.7376195,23.237919,24.500216
2014-04-29 22,27.738264,1.7376195,23.35898,77.439026
2014-04-29 23,25.248934,1.0039874,42.33439,64.63415
2014-04-30 00,22.403982,1.7376195,131.09756,57.92683
2014-04-30 01,20.44808,1.7376195,109.756096,24.84131
2014-04-30 02,20.27027,1.520417,23.496256,46.951218
2014-04-30 03,19.736841,0.8807075,101.626015,24.945642
2014-04-30 04,19.89618,1.7376195,98.57723,39.939026
2014-04-30 05,19.903736,1.7376195,95.52846,24.67258
2014-04-30 06,23.82646,1.7376195,75.203255,31.707317
2014-04-30 07,35.917496,0.8803986,25.704988,25.134579
2014-04-30 08,19.709448,1.7376195,22.400522,25.218838
2014-04-30 09,19.69769,1.7376195,22.695545,24.820942
2014-04-30 10,29.51636,0.9149202,100.60975,35.365852
2014-04-30 11,30.049788,0.91297495,103.65854,36.280487
2014-04-30 12,29.871977,0.90509635,96.544716,24.83572
2014-04-30 13,29.338549,1.7376195,23.250444,24.332903
2014-04-30 14,28.627312,1.520417,22.852005,36.890244
2014-04-30 15,19.588259,1.520417,88.414635,24.831148
2014-04-30 16,19.665138,1.7376195,96.03658,24.802431
2014-04-30 17,27.560455,0.8727007,23.590607,25.510387
2014-04-30 18,29.871977,2.606429,115.34553,24.922539
2014-04-30 19,31.294455,1.7376195,137.19513,24.945827
2014-04-30 20,30.227598,0.8756418,146.84958,24.99519
2014-04-30 21,29.871977,0.9978678,39.93414,58.23171
2014-04-30 22,26.671408,1.7376195,23.7394,63.719513
2014-04-30 23,19.73587,1.7376195,138.21138,64.02439
2014-05-01 00,19.889637,1.7376195,106.19919,24.572355
2014-05-01 01,20.135078,0.8987799,29.396229,42.07317
2014-05-01 02,19.55741,1.7376195,23.006857,37.5
2014-05-01 03,19.914652,1.7376195,22.820147,24.99257
2014-05-01 04,20.27027,0.89300627,87.9065,24.993938
2014-05-01 05,20.803698,1.7376195,88.414635,36.585365
2014-05-01 06,19.697878,1.7376195,23.003345,22.865854
2014-05-01 07,19.550795,1.7376195,67.5813,24.481674
2014-05-01 08,19.8694,1.7376195,81.808945,24.991098
2014-05-01 09,32.716927,1.9548218,101.626015,24.065956
2014-05-01 10,33.605976,1.7376195,132.11382,23.780487
2014-05-01 11,19.779795,0.86966914,127.54066,29.878048
2014-05-01 12,33.783783,1.7376195,120.93496,24.817291
2014-05-01 13,32.1835,1.7376195,23.00225,30.487804
2014-05-01 14,19.584217,1.520417,22.535412,25.507202
2014-05-01 15,19.612722,1.520417,102.64227,24.7681
2014-05-01 16,27.560455,1.7376195,95.52846,24.546505
2014-05-01 17,19.888958,1.7376195,100.10162,27.439024
2014-05-01 18,31.294455,1.520417,106.19919,26.829268
2014-05-01 19,19.87246,1.7376195,150.40651,35.67073
2014-05-01 20,30.405405,1.9548218,133.13008,35.97561
2014-05-01 21,29.871977,1.7376195,148.37398,54.57317
2014-05-01 22,19.843122,1.7376195,22.836731,25.342533
2014-05-01 23,25.782362,0.8902834,133.63821,59.451218
2014-05-02 00,24.004267,0.90265894,117.88618,42.07317
2014-05-02 01,19.821716,1.7376195,22.734116,40.548782
2014-05-02 02,20.981508,0.887427,94.51219,24.302752
2014-05-02 03,20.44808,1.7376195,22.586573,35.97561
2014-05-02 04,20.44808,1.7376195,22.804039,35.365852
2014-05-02 05,20.013653,0.8839329,25.755947,34.756096
2014-05-02 06,24.715506,1.7376195,69.61382,26.524391
2014-05-02 07,33.605976,0.88895583,25.365875,26.219513
2014-05-02 08,34.139404,1.7376195,85.36585,26.829268
2014-05-02 09,19.732513,0.86572254,100.10162,24.845604
2014-05-02 10,28.093885,1.3032146,23.321346,29.268293
2014-05-02 11,27.916075,1.3032146,91.46342,23.645088
2014-05-02 12,19.978622,1.3032146,22.571283,24.990654
2014-05-02 13,19.96306,1.7376195,86.38211,24.554354
2014-05-02 14,19.782085,1.7376195,87.9065,27.439024
2014-05-02 15,19.682697,1.7376195,22.478113,25.433584
2014-05-02 16,19.64486,0.8908427,88.414635,32.92683
2014-05-02 17,27.204836,1.520417,101.626015,24.301508
2014-05-02 18,28.449503,0.90324205,105.18294,32.012196
2014-05-02 19,30.761024,0.86692256,24.878887,25.71847
2014-05-02 20,30.761024,0.88797253,129.06505,24.6245
2014-05-02 21,27.382647,1.7376195,23.022547,51.52439
2014-05-02 22,24.715506,0.88977987,154.47154,51.52439
2014-05-02 23,23.115221,1.7376195,131.6057,52.439026
2014-05-03 00,19.914694,0.88548696,131.09756,43.59756
2014-05-03 01,18.847795,0.87858516,113.31301,25.262827
2014-05-03 02,19.800545,0.85340387,22.85295,25.559317
2014-05-03 03,20.127878,0.87584573,26.718433,35.97561
2014-05-03 04,19.71339,1.7376195,22.485443,32.317074
2014-05-03 05,17.069702,0.8919329,86.89024,33.536587
2014-05-03 06,19.736841,0.9098128,61.99187,24.623226
2014-05-03 07,19.849861,1.7376195,22.692055,25.46739
2014-05-03 08,19.762941,2.1720243,88.414635,24.787586
2014-05-03 09,19.754187,0.8530749,23.381386,28.04878
2014-05-03 10,30.049788,0.89103836,118.39431,30.792683
2014-05-03 11,29.694168,0.8771955,139.22765,26.829268
2014-05-03 12,30.227598,1.7376195,22.672417,24.820293
2014-05-03 13,29.338549,0.8856366,113.31301,27.439024
2014-05-03 14,28.271692,0.9111,26.450344,33.23171
2014-05-03 15,19.848692,1.7376195,120.93496,25.338472
2014-05-03 16,28.627312,0.8886661,120.42683,38.719513
2014-05-03 17,27.916075,1.9548218,119.9187,35.97561
2014-05-03 18,29.51636,1.7376195,133.63821,24.43271
2014-05-03 19,20.085142,1.7376195,151.9309,39.02439
2014-05-03 20,20.008997,1.7376195,157.52031,25.585115
2014-05-03 21,19.730467,0.8368008,22.698807,25.821863
2014-05-03 22,25.960173,1.7376195,22.905806,24.668283
2014-05-03 23,24.715506,1.7376195,143.29268,56.707317
2014-05-04 00,22.759604,1.7376195,147.35773,24.778147
2014-05-04 01,19.381224,0.0,118.902435,24.021172
2014-05-04 02,21.991377,0.0,70.63599,38.719513
2014-05-04 03,19.92854,1.520417,23.109426,33.536587
2014-05-04 04,19.870886,1.520417,22.829962,33.23171
2014-05-04 05,19.638016,1.7376195,92.479675,24.907095
2014-05-04 06,19.203413,1.7376195,54.36992,21.646341
2014-05-04 07,20.079386,1.7376195,22.55249,23.170732
2014-05-04 08,26.671408,0.9048629,95.52846,25.914635
2014-05-04 09,19.720997,1.7376195,97.560974,24.674885
2014-05-04 10,35.73969,0.91132104,26.66948,28.658537
2014-05-04 11,34.31721,1.7376195,123.47561,32.621952
2014-05-04 12,32.53912,1.7376195,117.37805,29.573172
2014-05-04 13,27.738264,1.7376195,100.10162,24.13338
2014-05-04 14,26.31579,1.7376195,96.544716,20.426828
2014-05-04 15,19.880209,0.8966527,90.955284,27.743902
2014-05-04 16,26.31579,0.91202325,88.414635,25.304878
2014-05-04 17,28.271692,0.8757814,24.51572,27.134146
2014-05-04 18,19.669205,1.7376195,98.06911,25.266531
2014-05-04 19,20.065079,1.9548218,22.420122,25.489277
2014-05-04 20,35.56188,1.7376195,126.52439,36.280487
2014-05-04 21,30.049788,1.7376195,149.39024,24.62647
2014-05-04 22,19.56806,1.7376195,148.88211,56.09756
2014-05-04 23,23.29303,0.8528807,22.842024,24.73133
2014-05-05 00,19.542067,1.7376195,121.4431,43.292683
2014-05-05 01,18.136559,0.8864339,103.65854,36.585365
2014-05-05 02,19.518717,0.88757414,94.51219,32.621952
2014-05-05 03,19.89384,1.520417,22.76148,24.777761
2014-05-05 04,17.24751,1.7376195,84.349594,24.26685
2014-05-05 05,17.42532,0.9113987,91.97154,31.40244
2014-05-05 06,22.581793,1.7376195,70.12195,23.605732
2014-05-05 07,33.428165,1.7376195,87.9065,28.658537
2014-05-05 08,19.589096,0.842094,22.558987,25.183529
2014-05-05 09,19.964914,0.8435254,22.409065,21.646341
2014-05-05 10,27.560455,1.7376195,22.557756,25.609756
2014-05-05 11,28.093885,1.3032146,102.64227,29.573172
2014-05-05 12,19.700052,0.8820158,97.560974,30.487804
2014-05-05 13,27.382647,1.520417,95.52846,26.219513
2014-05-05 14,27.204836,1.3032146,83.333336,28.658537
2014-05-05 15,19.639313,1.520417,22.618553,24.747583
2014-05-05 16,19.70081,1.7376195,22.376694,25.525406
2014-05-05 17,25.426743,0.8564214,23.242907,25.10096
2014-05-05 18,29.160742,2.1720243,22.980095,40.243904
2014-05-05 19,32.36131,0.9099856,146.34148,48.17073
2014-05-05 20,33.961594,1.7376195,153.96341,42.07317
2014-05-05 21,19.878149,1.7376195,159.55284,58.23171
2014-05-05 22,27.027029,1.7376195,143.29268,56.707317
2014-05-05 23,20.066523,1.7376195,132.11382,25.772943
2014-05-06 00,20.27027,1.7376195,120.93496,47.256096
2014-05-06 01,17.958748,1.7376195,108.231705,25.08443
2014-05-06 02,19.933472,1.7376195,22.832933,39.939026
2014-05-06 03,20.054575,0.8882209,28.494904,39.939026
2014-05-06 04,16.891891,1.7376195,90.955284,36.890244
2014-05-06 05,17.78094,1.7376195,22.792282,39.634148
2014-05-06 06,19.577736,1.7376195,71.64634,26.829268
2014-05-06 07,33.605976,0.90261084,92.479675,32.012196
2014-05-06 08,31.294455,0.88836646,24.246597,25.575094
2014-05-06 09,19.653753,0.8993336,79.77642,33.23171
2014-05-06 10,19.743135,1.520417,22.505234,29.573172
2014-05-06 11,26.13798,0.8703877,23.239492,25.15604
2014-05-06 12,25.782362,1.3032146,23.1556,35.67073
2014-05-06 13,25.248934,1.7376195,87.39838,27.134146
2014-05-06 14,27.204836,1.7376195,23.285494,27.743902
2014-05-06 15,24.004267,0.91569954,77.743904,33.536587
2014-05-06 16,19.79341,1.7376195,77.743904,24.581947
2014-05-06 17,24.715506,0.85386604,22.960993,24.697641
2014-05-06 18,28.271692,2.1720243,22.695889,24.565382
2014-05-06 19,19.77351,1.7376195,142.78455,25.630173
2014-05-06 20,19.797277,1.7376195,22.568956,24.760946
2014-05-06 21,28.271692,1.7376195,158.02846,54.26829
2014-05-06 22,25.426743,1.7376195,160.5691,60.060974
2014-05-06 23,19.65287,1.7376195,132.11382,48.17073
2014-05-07 00,20.27027,1.7376195,22.412981,24.757809
2014-05-07 01,19.608322,1.7376195,99.085365,40.853657
2014-05-07 02,17.42532,0.896924,98.06911,24.7047
2014-05-07 03,16.714083,1.7376195,22.776167,35.67073
2014-05-07 04,17.069702,1.7376195,22.843128,32.621952
2014-05-07 05,17.60313,1.7376195,90.44715,32.317074
2014-05-07 06,19.553026,0.88650745,72.15447,23.170732
2014-05-07 07,19.946323,1.7376195,22.694366,27.439024
2014-05-07 08,33.605976,1.7376195,23.066992,24.856445
2014-05-07 09,27.204836,0.89846456,92.98781,26.219513
2014-05-07 10,19.730946,1.520417,99.5935,24.374537
2014-05-07 11,29.51636,1.520417,91.46342,26.829268
2014-05-07 12,19.647697,0.88419795,94.00407,24.751148
2014-05-07 13,27.382647,0.8766628,23.403711,25.501633
2014-05-07 14,27.027029,0.89579344,87.39838,24.861599
2014-05-07 15,25.071123,1.520417,23.36079,35.365852
2014-05-07 16,19.823387,1.7376195,86.89024,24.891424
2014-05-07 17,19.647758,0.8348104,22.56958,25.310522
2014-05-07 18,28.80512,0.8779182,23.520334,25.053503
2014-05-07 19,19.691948,0.85058826,151.42276,25.998413
2014-05-07 20,20.099268,1.7376195,167.17479,39.32927
2014-05-07 21,30.049788,0.8826593,172.2561,49.69512
2014-05-07 22,27.560455,0.8838083,157.0122,64.32927
2014-05-07 23,27.382647,0.90138936,133.13008,60.060974
2014-05-08 00,22.048365,1.7376195,22.80098,40.853657
2014-05-08 01,19.817884,1.7376195,102.64227,43.292683
2014-05-08 02,19.451715,0.8928862,99.5935,37.5
2014-05-08 03,19.554731,0.8919973,96.544716,35.97561
2014-05-08 04,19.820406,0.8986772,97.05285,34.451218
2014-05-08 05,19.890446,0.84659916,22.377554,25.71162
2014-05-08 06,19.972319,0.9055107,73.17074,22.865854
2014-05-08 07,19.98394,0.8893744,26.061121,35.67073
2014-05-08 08,34.31721,0.87725824,25.38929,25.280556
2014-05-08 09,27.738264,0.90646327,88.922775,24.971468
2014-05-08 10,26.493599,0.89230645,98.06911,24.383598
2014-05-08 11,26.31579,0.9244062,97.05285,41.158535
2014-05-08 12,26.31579,1.7376195,102.13415,24.62184
2014-05-08 13,19.459766,0.90816295,83.84146,36.890244
2014-05-08 14,24.182077,0.9009882,98.57723,31.09756
2014-05-08 15,19.812506,0.84179187,22.915173,25.669771
2014-05-08 16,19.689373,1.7376195,90.955284,29.268293
2014-05-08 17,28.093885,0.8549061,23.911055,24.80359
2014-05-08 18,28.982931,1.520417,106.70731,42.987804
2014-05-08 19,29.871977,1.7376195,134.65446,49.085365
2014-05-08 20,30.761024,1.9548218,147.86586,54.26829
2014-05-08 21,27.027029,1.7376195,168.19107,25.215
2014-05-08 22,26.13798,1.7376195,23.285938,61.585365
2014-05-08 23,19.750277,1.7376195,142.27643,25.369062
2014-05-09 00,19.781815,0.9016789,123.47561,53.658535
2014-05-09 01,19.738934,1.7376195,106.70731,47.560974
2014-05-09 02,17.42532,1.7376195,23.16525,46.341465
2014-05-09 03,17.24751,1.7376195,102.13415,41.463413
2014-05-09 04,17.42532,1.7376195,22.70335,42.987804
2014-05-09 05,18.314367,0.9111624,29.562096,45.121952
2014-05-09 06,23.82646,0.8839903,26.742832,34.756096
2014-05-09 07,33.783783,1.7376195,95.02032,38.109756
2014-05-09 08,31.294455,0.910897,95.52846,24.906778
2014-05-09 09,28.449503,0.86880976,23.092144,23.807533
2014-05-09 10,27.738264,0.88824826,26.292768,31.707317
2014-05-09 11,19.628757,1.3032146,108.73984,33.841465
2014-05-09 12,26.849218,0.89100057,100.60975,25.144312
2014-05-09 13,26.31579,1.7376195,99.5935,24.8435
2014-05-09 14,19.647566,1.7376195,84.349594,25.07754
2014-05-09 15,27.382647,0.92110634,87.39838,29.878048
2014-05-09 16,24.004267,1.7376195,22.944208,29.573172
2014-05-09 17,19.87779,1.520417,22.778194,25.326397
2014-05-09 18,29.694168,2.1720243,112.296745,36.585365
2014-05-09 19,20.121128,0.8399145,159.55284,25.744156
2014-05-09 20,20.092728,0.86387694,156.50406,26.517984
2014-05-09 21,19.79351,1.7376195,151.9309,50.914635
2014-05-09 22,26.671408,0.968867,37.954308,55.792683
2014-05-09 23,19.98781,1.7376195,22.402302,25.529455
2014-05-10 00,19.777348,0.88932407,131.6057,42.682926
2014-05-10 01,19.914652,1.7376195,23.030497,24.365646
2014-05-10 02,18.847795,0.8810789,114.837395,24.786364
2014-05-10 03,17.78094,1.7376195,22.729765,32.92683
2014-05-10 04,17.60313,1.7376195,22.36563,25.105494
2014-05-10 05,18.847795,2.1720243,93.49593,36.280487
2014-05-10 06,21.514936,1.7376195,74.69512,22.560976
2014-05-10 07,27.204836,1.7376195,84.85773,23.852236
2014-05-10 08,29.51636,2.1720243,105.18294,26.219513
2014-05-10 09,30.405405,0.89653,114.32927,29.573172
2014-05-10 10,19.912048,0.8744034,26.859667,36.280487
2014-05-10 11,20.149553,1.7376195,130.0813,28.963415
2014-05-10 12,33.605976,1.7376195,122.45935,24.51888
2014-05-10 13,19.72239,1.7376195,105.69106,35.67073
2014-05-10 14,19.725986,1.7376195,23.273441,33.841465
2014-05-10 15,27.027029,1.7376195,111.28048,36.890244
2014-05-10 16,19.803938,0.86750907,23.594593,29.573172
2014-05-10 17,28.80512,1.9548218,116.361786,30.792683
2014-05-10 18,20.036457,1.7376195,126.01626,24.920273
2014-05-10 19,28.093885,1.7376195,22.989973,35.67073
2014-05-10 20,29.160742,0.8825983,150.40651,25.31014
2014-05-10 21,26.31579,1.7376195,134.14635,24.775248
2014-05-10 22,24.715506,0.8949852,143.29268,49.390244
2014-05-10 23,23.64865,0.8916746,142.78455,51.52439
2014-05-11 00,21.514936,1.7376195,137.19513,24.743975
2014-05-11 01,19.559032,0.0,127.54066,39.939026
2014-05-11 02,19.203413,0.0,112.296745,37.19512
2014-05-11 03,16.891891,1.520417,102.13415,38.719513
2014-05-11 04,19.881197,1.520417,23.16436,33.23171
2014-05-11 05,17.958748,0.892038,95.02032,25.024754
2014-05-11 06,20.27027,1.7376195,22.355127,23.475609
2014-05-11 07,19.696262,1.7376195,22.427034,23.475609
2014-05-11 08,26.493599,1.7376195,22.311726,20.121952
2014-05-11 09,30.227598,0.90661305,25.995712,30.792683
2014-05-11 10,32.894737,0.9008766,26.485506,29.573172
2014-05-11 11,20.134737,1.7376195,148.88211,28.963415
2014-05-11 12,20.15854,1.7376195,138.71951,25.82134
2014-05-11 13,30.405405,0.9015847,110.26423,27.134146
2014-05-11 14,19.88744,1.7376195,107.72358,24.906172
2014-05-11 15,26.849218,1.520417,97.560974,27.743902
2014-05-11 16,27.382647,1.7376195,99.085365,34.451218
2014-05-11 17,19.753523,1.7376195,22.991394,25.048454
2014-05-11 18,28.271692,1.7376195,105.69106,33.841465
2014-05-11 19,30.227598,0.9047519,132.62195,35.67073
2014-05-11 20,32.36131,1.7376195,136.687,38.719513
2014-05-11 21,19.631624,1.7376195,22.845469,25.14089
2014-05-11 22,19.704771,0.87013215,153.45529,60.365852
2014-05-11 23,23.82646,0.86360526,137.19513,25.763096
2014-05-12 00,21.337126,0.88670963,125.50813,41.463413
2014-05-12 01,19.740608,1.7376195,22.621092,39.02439
2014-05-12 02,19.660177,1.7376195,22.581362,35.060974
2014-05-12 03,17.24751,0.89368033,101.626015,32.317074
2014-05-12 04,17.24751,1.7376195,96.03658,32.92683
2014-05-12 05,18.492176,1.7376195,88.922775,34.451218
2014-05-12 06,23.29303,1.7376195,68.08943,23.170732
2014-05-12 07,19.670801,1.7376195,22.685795,25.30566
2014-05-12 08,33.072548,0.90541774,85.36585,24.052732
2014-05-12 09,27.916075,0.8570234,22.267698,18.59756
2014-05-12 10,19.630167,1.7376195,99.085365,24.80273
2014-05-12 11,19.590084,1.3032146,94.51219,25.068304
2014-05-12 12,19.708961,0.86812335,95.02032,24.872631
2014-05-12 13,19.938457,0.8770999,91.97154,26.219513
2014-05-12 14,26.493599,1.3032146,22.443832,23.780487
2014-05-12 15,24.537695,0.8964976,26.611435,35.060974
2014-05-12 16,19.947746,0.8942138,27.21099,38.109756
2014-05-12 17,19.8932,1.7376195,22.88001,35.67073
2014-05-12 18,19.555563,0.908938,106.70731,46.036587
2014-05-12 19,19.637213,0.84469914,22.710432,25.967089
2014-05-12 20,34.31721,0.9124959,129.57317,42.07317
2014-05-12 21,29.160742,0.89219004,157.52031,50.609756
2014-05-12 22,19.510551,1.7376195,23.140074,60.365852
2014-05-12 23,23.470839,1.7376195,141.26016,46.341465
2014-05-13 00,19.574133,1.7376195,22.631365,42.987804
2014-05-13 01,19.837013,1.7376195,102.13415,25.416307
2014-05-13 02,19.88751,1.7376195,22.82155,38.414635
2014-05-13 03,17.42532,0.87277144,24.837109,34.756096
2014-05-13 04,19.897709,1.7376195,23.086863,36.890244
2014-05-13 05,19.675217,1.7376195,22.589613,36.280487
2014-05-13 06,24.004267,0.9065996,69.61382,27.134146
2014-05-13 07,35.02845,1.7376195,90.44715,31.09756
2014-05-13 08,31.82788,1.7376195,22.98248,24.875427
2014-05-13 09,27.738264,1.7376195,22.647825,23.170732
2014-05-13 10,27.382647,1.520417,101.626015,27.439024
2014-05-13 11,28.627312,1.520417,23.08688,29.573172
2014-05-13 12,19.945927,1.3032146,88.414635,30.487804
2014-05-13 13,19.795753,0.8484803,22.314716,25.57214
2014-05-13 14,25.782362,1.7376195,76.727646,25.0
2014-05-13 15,24.182077,0.8646288,23.847837,27.743902
2014-05-13 16,24.359886,1.7376195,22.721838,30.182926
2014-05-13 17,26.31579,0.9036785,99.5935,32.012196
2014-05-13 18,29.338549,0.9060646,124.49187,35.97561
2014-05-13 19,32.894737,0.9624029,34.75964,46.951218
2014-05-13 20,35.56188,0.90058887,150.40651,44.512196
2014-05-13 21,19.674326,0.87368226,159.04471,50.0
2014-05-13 22,19.622446,1.7376195,179.87805,63.109756
2014-05-13 23,24.004267,0.9607449,37.20613,56.09756
2014-05-14 00,21.159317,0.8983572,27.914804,39.634148
2014-05-14 01,19.718472,1.7376195,22.942625,24.820389
2014-05-14 02,19.711876,1.520417,22.895655,24.789043
2014-05-14 03,17.42532,1.7376195,23.138586,24.383959
2014-05-14 04,19.631596,1.7376195,96.544716,24.923008
2014-05-14 05,18.492176,0.89018637,89.939026,34.146343
2014-05-14 06,24.182077,1.7376195,69.61382,22.560976
2014-05-14 07,35.384068,1.7376195,95.52846,26.829268
2014-05-14 08,33.605976,1.7376195,22.72971,35.060974
2014-05-14 09,19.953884,1.7376195,23.061258,25.160988
2014-05-14 10,30.405405,1.520417,96.544716,32.621952
2014-05-14 11,19.549452,1.520417,99.5935,36.585365
2014-05-14 12,19.990215,0.8916756,25.488827,34.756096
2014-05-14 13,27.560455,1.7376195,22.675426,32.012196
2014-05-14 14,27.916075,0.8640902,23.609676,24.908812
2014-05-14 15,26.671408,1.520417,87.39838,24.34778
2014-05-14 16,26.31579,1.7376195,92.479675,23.853714
2014-05-14 17,19.941359,2.1720243,23.168087,37.5
2014-05-14 18,32.894737,2.606429,132.11382,42.987804
2014-05-14 19,19.69136,0.8489275,22.985428,25.243624
2014-05-14 20,33.072548,1.7376195,22.64525,24.659235
2014-05-14 21,29.51636,1.7376195,22.938446,24.654678
2014-05-14 22,26.493599,0.87949574,154.97968,25.626963
2014-05-14 23,19.92796,0.8361526,22.784317,25.841782
2014-05-15 00,19.77697,1.7376195,128.04878,25.087942
2014-05-15 01,19.559032,0.8512883,22.852518,25.124779
2014-05-15 02,19.025604,1.7376195,23.051922,41.463413
2014-05-15 03,19.899471,1.7376195,102.13415,36.585365
2014-05-15 04,19.565958,0.88321507,100.10162,35.67073
2014-05-15 05,19.203413,0.9176936,87.9065,38.719513
2014-05-15 06,19.651274,1.7376195,75.71138,24.31737
2014-05-15 07,36.273117,0.9130918,97.05285,24.673769
2014-05-15 08,19.979435,1.7376195,87.9065,32.317074
2014-05-15 09,30.049788,0.9067104,90.955284,24.209526
2014-05-15 10,27.560455,1.7376195,102.13415,24.460768
2014-05-15 11,27.027029,1.7376195,100.60975,24.812017
2014-05-15 12,26.671408,1.7376195,96.03658,24.171741
2014-05-15 13,25.426743,1.7376195,98.57723,30.182926
2014-05-15 14,19.610712,1.520417,88.922775,28.963415
2014-05-15 15,19.736841,0.90192336,105.69106,34.146343
2014-05-15 16,19.681303,1.7376195,100.60975,25.194416
2014-05-15 17,27.738264,1.7376195,22.919992,34.451218
2014-05-15 18,19.859814,1.520417,23.172209,25.473192
2014-05-15 19,20.053213,0.9411021,33.054157,50.914635
2014-05-15 20,37.339973,0.8903637,166.66667,43.59756
2014-05-15 21,19.863031,1.7376195,160.5691,25.545818
2014-05-15 22,19.886688,0.8486022,22.557974,25.246561
2014-05-15 23,26.493599,1.7376195,23.519587,59.146343
2014-05-16 00,22.226173,1.7376195,133.63821,43.59756
2014-05-16 01,19.025604,1.7376195,22.888811,43.292683
2014-05-16 02,20.056236,1.7376195,104.166664,24.868528
2014-05-16 03,17.069702,1.7376195,100.60975,24.33852
2014-05-16 04,19.700493,1.7376195,22.526316,37.19512
2014-05-16 05,19.559032,0.8912149,88.922775,24.372908
2014-05-16 06,25.071123,1.7376195,22.620468,21.95122
2014-05-16 07,35.02845,1.7376195,97.560974,28.658537
2014-05-16 08,34.49502,0.9086403,29.250748,33.841465
2014-05-16 09,19.965906,0.86880976,22.466246,25.609756
2014-05-16 10,28.627312,0.901411,105.18294,27.134146
2014-05-16 11,28.449503,0.9020951,94.51219,24.962496
2014-05-16 12,28.982931,1.3032146,23.249765,24.661657
2014-05-16 13,20.016615,1.7376195,94.51219,30.487804
2014-05-16 14,26.31579,0.8693454,24.068151,27.134146
2014-05-16 15,20.015951,1.7376195,96.03658,24.786144
2014-05-16 16,19.991587,0.9336666,32.129864,49.085365
2014-05-16 17,27.916075,0.9506051,33.51198,47.560974
2014-05-16 18,19.697302,2.1720243,116.361786,25.162235
2014-05-16 19,33.428165,1.7376195,144.81708,25.231512
2014-05-16 20,34.31721,2.8236315,23.276236,48.47561
2014-05-16 21,19.830212,0.8378176,165.6504,26.529469
2014-05-16 22,26.671408,0.86349803,23.520128,25.333574
2014-05-16 23,19.740356,1.7376195,22.63866,24.81032
2014-05-17 00,19.824697,1.7376195,22.93561,24.990797
2014-05-17 01,19.810472,1.7376195,22.809175,44.512196
2014-05-17 02,19.203413,1.7376195,22.763098,38.414635
2014-05-17 03,19.76747,0.89286554,99.5935,36.890244
2014-05-17 04,17.42532,1.7376195,94.51219,24.393959
2014-05-17 05,19.914652,2.1720243,85.873985,38.109756
2014-05-17 06,24.359886,0.8691929,22.983284,24.802885
2014-05-17 07,28.271692,0.9016836,95.52846,28.963415
2014-05-17 08,30.761024,2.1720243,96.544716,24.9175
2014-05-17 09,35.917496,0.91576105,29.08056,32.92683
2014-05-17 10,33.961594,0.89065504,24.692934,25.065773
2014-05-17 11,19.799833,1.7376195,125.0,25.16043
2014-05-17 12,31.82788,0.8936422,128.04878,25.461187
2014-05-17 13,29.338549,0.90000784,114.837395,31.09756
2014-05-17 14,19.887388,1.7376195,129.57317,24.990578
2014-05-17 15,26.671408,1.7376195,127.03253,40.548782
2014-05-17 16,27.204836,1.7376195,129.57317,25.276548
2014-05-17 17,28.80512,0.91714257,30.893555,40.853657
2014-05-17 18,19.847908,0.89683276,27.359993,38.719513
2014-05-17 19,20.088861,1.7376195,153.45529,25.262691
2014-05-17 20,36.628735,1.7376195,22.791346,24.434465
2014-05-17 21,33.250355,1.7376195,159.04471,54.878048
2014-05-17 22,19.97103,1.7376195,135.1626,25.826696
2014-05-17 23,20.283026,0.9654866,35.964928,56.707317
2014-05-18 00,20.017328,0.8577985,144.30894,25.99814
2014-05-18 01,20.27027,0.0,118.902435,42.987804
2014-05-18 02,18.669987,0.0,112.296745,36.280487
2014-05-18 03,19.812014,1.520417,102.13415,32.92683
2014-05-18 04,17.78094,1.520417,92.98781,34.756096
2014-05-18 05,19.99888,1.7376195,84.85773,24.645927
2014-05-18 06,22.93741,0.8600116,22.661562,25.551672
2014-05-18 07,26.671408,0.85205853,23.456753,24.618
2014-05-18 08,20.003483,1.7376195,99.085365,24.390244
2014-05-18 09,30.938833,1.7376195,98.06911,27.134146
2014-05-18 10,33.605976,1.7376195,22.881224,31.707317
2014-05-18 11,19.916384,0.8413482,22.746052,25.367329
2014-05-18 12,19.739393,1.7376195,23.183893,37.19512
2014-05-18 13,32.00569,1.7376195,88.414635,35.365852
2014-05-18 14,28.093885,1.7376195,23.25083,24.770712
2014-05-18 15,19.937204,0.9032087,87.9065,23.170732
2014-05-18 16,28.449503,0.92375743,82.31707,27.439024
2014-05-18 17,19.75136,0.88335073,92.98781,24.830627
2014-05-18 18,28.271692,1.7376195,103.150406,24.041323
2014-05-18 19,32.894737,1.9548218,122.45935,40.243904
2014-05-18 20,19.727812,1.7376195,141.26016,25.466179
2014-05-18 21,32.00569,1.7376195,23.16889,25.028793
2014-05-18 22,19.940334,1.7376195,150.40651,25.929317
2014-05-18 23,26.671408,0.86341906,141.26016,25.18247
2014-05-19 00,19.565998,0.83673334,22.410473,25.34225
2014-05-19 01,22.403982,1.7376195,106.70731,24.419365
2014-05-19 02,19.613056,0.8847595,101.11789,36.585365
2014-05-19 03,16.714083,1.520417,101.626015,33.23171
2014-05-19 04,19.68047,0.84489655,22.45458,25.861818
2014-05-19 05,19.381224,0.9040354,80.79269,33.841465
2014-05-19 06,19.64548,0.8453333,22.28611,22.256098
2014-05-19 07,34.49502,1.7376195,82.8252,32.012196
2014-05-19 08,19.599895,1.7376195,22.960388,25.464933
2014-05-19 09,30.227598,1.7376195,23.262203,24.242218
2014-05-19 10,19.917719,0.84761494,22.646399,25.774479
2014-05-19 11,20.020464,0.88763815,26.059029,35.67073
2014-05-19 12,24.893316,0.8794779,102.13415,25.025827
2014-05-19 13,24.004267,1.520417,100.10162,36.585365
2014-05-19 14,19.503906,0.90867376,88.414635,34.146343
2014-05-19 15,23.64865,1.520417,90.955284,24.296196
2014-05-19 16,23.64865,0.870621,22.52187,25.385376
2014-05-19 17,19.97753,1.7376195,90.955284,24.523392
2014-05-19 18,25.604551,2.1720243,22.985437,46.951218
2014-05-19 19,20.107187,1.7376195,146.34148,25.891537
2014-05-19 20,28.982931,0.8798663,23.722647,25.414589
2014-05-19 21,19.828894,1.7376195,22.377293,25.369343
2014-05-19 22,26.13798,0.8875458,153.45529,54.878048
2014-05-19 23,19.532818,1.7376195,138.21138,51.82927
2014-05-20 00,20.034277,0.89851385,29.2977,42.07317
2014-05-20 01,18.492176,0.90853935,101.626015,41.158535
2014-05-20 02,19.817554,0.864257,25.587564,33.23171
2014-05-20 03,19.747927,0.83266133,23.033886,25.87341
2014-05-20 04,19.942171,1.7376195,22.921064,32.621952
2014-05-20 05,19.203413,1.7376195,80.79269,31.09756
2014-05-20 06,19.82841,1.7376195,22.812506,25.241673
2014-05-20 07,35.02845,1.7376195,23.023726,24.469793
2014-05-20 08,29.338549,0.89973193,93.49593,28.963415
2014-05-20 09,25.782362,1.7376195,78.25203,29.268293
2014-05-20 10,24.182077,0.8963172,26.702637,35.365852
2014-05-20 11,24.004267,0.901099,94.51219,43.90244
2014-05-20 12,19.689898,1.3032146,23.591265,48.780487
2014-05-20 13,24.359886,0.8470678,23.100359,24.8915
2014-05-20 14,23.82646,1.7376195,22.832268,24.414469
2014-05-20 15,19.55825,0.85144055,23.027792,25.314346
2014-05-20 16,23.29303,1.7376195,22.773233,46.341465
2014-05-20 17,23.115221,1.7376195,88.922775,24.207754
2014-05-20 18,23.64865,0.9549569,37.070957,55.792683
2014-05-20 19,20.074114,1.7376195,151.9309,25.787613
2014-05-20 20,26.849218,1.7376195,168.69919,55.792683
2014-05-20 21,26.13798,1.7376195,23.928999,63.719513
2014-05-20 22,24.182077,1.0130155,41.399437,64.63415
2014-05-20 23,23.29303,1.7376195,136.17886,59.451218
2014-05-21 00,21.159317,0.9341212,32.44634,49.390244
2014-05-21 01,20.131308,0.92967045,32.43813,49.085365
2014-05-21 02,17.069702,1.520417,92.479675,42.378048
2014-05-21 03,16.536274,1.7376195,22.726202,24.367783
2014-05-21 04,17.069702,0.89551455,89.939026,40.548782
2014-05-21 05,17.958748,0.91788936,86.38211,40.853657
2014-05-21 06,22.403982,0.8727661,24.10922,29.878048
2014-05-21 07,33.428165,1.7376195,86.89024,24.3907
2014-05-21 08,28.271692,1.7376195,84.85773,33.23171
2014-05-21 09,25.071123,0.905765,94.51219,30.182926
2014-05-21 10,23.115221,1.520417,110.772354,24.010769
2014-05-21 11,19.700413,1.520417,22.667303,41.158535
2014-05-21 12,23.29303,0.9056789,105.69106,56.09756
2014-05-21 13,24.182077,0.91649747,28.691109,40.243904
2014-05-21 14,19.93795,1.520417,22.994455,37.19512
2014-05-21 15,19.58076,1.520417,96.544716,44.817074
2014-05-21 16,22.93741,0.8940679,26.514368,35.67073
2014-05-21 17,20.44808,0.91931975,28.577082,42.682926
2014-05-21 18,23.115221,0.8477416,22.953066,25.296099
2014-05-21 19,27.560455,1.7376195,164.63414,63.109756
2014-05-21 20,27.916075,1.7376195,165.6504,55.792683
2014-05-21 21,19.326351,1.7376195,23.63168,63.414635
2014-05-21 22,25.782362,0.8771509,154.47154,25.302832
2014-05-21 23,24.004267,0.89234,127.54066,25.624565
2014-05-22 00,21.159317,1.7376195,23.584103,55.182926
2014-05-22 01,17.958748,0.90246606,99.5935,25.208344
2014-05-22 02,19.340511,0.9000594,96.03658,48.47561
2014-05-22 03,19.779985,1.7376195,22.658144,46.646343
2014-05-22 04,19.74454,1.7376195,23.069853,25.405878
2014-05-22 05,18.314367,1.7376195,79.77642,24.029991
2014-05-22 06,19.83942,0.9134025,67.5813,31.707317
2014-05-22 07,33.961594,0.94147706,32.41251,41.463413
2014-05-22 08,29.694168,1.7376195,23.342457,36.280487
2014-05-22 09,27.204836,1.9548218,22.627136,29.878048
2014-05-22 10,24.893316,0.8854871,102.64227,27.134146
2014-05-22 11,19.849707,1.7376195,94.00407,24.911806
2014-05-22 12,19.84411,1.7376195,92.98781,24.691319
2014-05-22 13,19.550056,0.89217645,81.30081,39.939026
2014-05-22 14,19.880661,1.520417,79.268295,37.5
2014-05-22 15,19.802275,0.86700463,24.378197,31.09756
2014-05-22 16,19.97909,1.7376195,92.479675,33.841465
2014-05-22 17,19.693768,1.7376195,90.955284,25.038488
2014-05-22 18,24.537695,1.520417,102.13415,45.121952
2014-05-22 19,28.449503,0.89194673,172.76422,45.42683
2014-05-22 20,20.16684,1.9548218,169.20732,26.324429
2014-05-22 21,28.627312,0.90249795,146.84958,59.451218
2014-05-22 22,27.204836,1.0301903,44.179005,67.07317
2014-05-22 23,25.426743,1.7376195,137.70325,57.317074
2014-05-23 00,22.048365,1.7376195,23.223692,51.219513
2014-05-23 01,20.294346,0.93675643,32.572834,49.69512
2014-05-23 02,20.066292,0.9111196,31.994112,47.256096
2014-05-23 03,16.891891,1.7376195,22.876099,24.899681
2014-05-23 04,17.42532,0.9244497,86.38211,45.73171
2014-05-23 05,19.025604,0.9275365,29.817196,46.341465
2014-05-23 06,19.91209,1.7376195,61.99187,23.971699
2014-05-23 07,19.695145,0.9016928,77.23577,39.02439
2014-05-23 08,19.39911,0.90297055,83.333336,40.853657
2014-05-23 09,27.027029,0.86880976,91.46342,35.97561
2014-05-23 10,26.671408,1.3032146,111.78862,23.977049
2014-05-23 11,19.554777,0.8896458,108.231705,25.514366
2014-05-23 12,25.604551,1.3032146,97.560974,24.349087
2014-05-23 13,19.620144,1.7376195,97.05285,25.241976
2014-05-23 14,19.975664,1.7376195,22.837936,24.962679
2014-05-23 15,23.82646,1.7376195,96.03658,24.343351
2014-05-23 16,23.470839,0.89236104,99.085365,37.5
2014-05-23 17,19.933388,1.520417,95.52846,24.522724
2014-05-23 18,25.426743,0.8907945,120.42683,25.28778
2014-05-23 19,20.258453,0.9069043,30.938301,45.121952
2014-05-23 20,27.560455,0.87216204,154.97968,25.97904
2014-05-23 21,20.150482,0.9224803,32.51787,48.780487
2014-05-23 22,23.470839,1.7376195,141.7683,24.986765
2014-05-23 23,25.248934,1.7376195,131.09756,24.609022
2014-05-24 00,22.403982,0.8648525,22.882212,25.335688
2014-05-24 01,19.90927,0.8870652,103.65854,24.952969
2014-05-24 02,18.847795,0.89785784,97.560974,25.255144
2014-05-24 03,17.78094,1.7376195,91.97154,40.243904
2014-05-24 04,19.528767,0.8978141,84.85773,40.548782
2014-05-24 05,19.860054,2.1720243,77.743904,41.463413
2014-05-24 06,22.226173,1.7376195,50.813007,29.878048
2014-05-24 07,27.027029,1.7376195,22.549032,28.353659
2014-05-24 08,27.560455,2.1720243,22.971313,25.060736
2014-05-24 09,20.062914,3.040834,99.5935,25.172565
2014-05-24 10,28.627312,1.9548218,125.50813,35.060974
2014-05-24 11,29.694168,0.86486715,24.415272,25.395329
2014-05-24 12,19.776459,1.7376195,141.26016,31.09756
2014-05-24 13,19.89964,1.7376195,22.668703,39.939026
2014-05-24 14,28.271692,1.7376195,106.70731,39.02439
2014-05-24 15,28.093885,1.7376195,107.21545,35.060974
2014-05-24 16,19.776731,1.7376195,22.302858,26.219513
2014-05-24 17,26.849218,0.8891448,26.58189,32.92683
2014-05-24 18,19.97845,1.7376195,22.91164,34.146343
2014-05-24 19,19.535936,0.8666994,147.86586,45.73171
2014-05-24 20,19.71252,0.8800739,132.11382,42.682926
2014-05-24 21,19.784502,1.7376195,119.41057,53.048782
2014-05-24 22,24.715506,1.7376195,131.09756,24.823473
2014-05-24 23,27.027029,1.7376195,132.11382,63.109756
2014-05-25 00,22.93741,1.7376195,127.54066,60.365852
2014-05-25 01,22.280878,0.0,81.68678,53.048782
2014-05-25 02,18.492176,0.0,76.185196,49.085365
2014-05-25 03,19.419954,0.9051291,90.44715,43.292683
2014-05-25 04,17.60313,0.8584275,23.17736,24.985353
2014-05-25 05,18.314367,1.7376195,72.15447,23.735405
2014-05-25 06,19.609604,0.9104443,49.79675,24.976006
2014-05-25 07,19.588291,0.8627779,22.58617,27.134146
2014-05-25 08,26.31579,0.92581785,77.743904,26.829268
2014-05-25 09,29.694168,1.7376195,82.8252,26.829268
2014-05-25 10,31.472261,1.7376195,22.664507,25.043242
2014-05-25 11,31.82788,1.7376195,23.206152,34.146343
2014-05-25 12,19.830885,1.7376195,144.30894,46.341465
2014-05-25 13,29.338549,1.7376195,121.4431,24.436478
2014-05-25 14,28.449503,1.7376195,110.772354,34.146343
2014-05-25 15,27.027029,0.8865166,25.245476,30.182926
2014-05-25 16,27.560455,1.7376195,92.479675,24.390383
2014-05-25 17,25.782362,1.7376195,22.813108,27.439024
2014-05-25 18,28.627312,1.7376195,102.64227,30.182926
2014-05-25 19,29.51636,1.9548218,113.82114,35.060974
2014-05-25 20,30.761024,1.7376195,22.555513,25.058367
2014-05-25 21,19.802666,1.7376195,139.22765,44.817074
2014-05-25 22,19.896856,1.7376195,137.70325,52.439026
2014-05-25 23,24.537695,1.7376195,22.641542,24.877256
2014-05-26 00,22.759604,1.7376195,127.54066,24.657343
2014-05-26 01,19.025604,1.7376195,103.65854,38.719513
2014-05-26 02,19.523252,1.7376195,91.46342,39.634148
2014-05-26 03,17.958748,1.520417,23.178335,37.19512
2014-05-26 04,18.847795,0.91070694,80.28455,40.853657
2014-05-26 05,19.736841,0.92118907,72.662605,40.548782
2014-05-26 06,19.661665,1.7376195,22.80411,29.878048
2014-05-26 07,19.709566,1.7376195,77.743904,33.23171
2014-05-26 08,31.82788,1.7376195,23.379423,32.621952
2014-05-26 09,27.916075,1.7376195,22.786171,23.780487
2014-05-26 10,27.916075,0.9087628,106.19919,23.780487
2014-05-26 11,28.449503,1.3032146,22.718868,34.451218
2014-05-26 12,19.531591,1.3032146,22.909561,47.256096
2014-05-26 13,19.648752,0.89210045,81.808945,32.317074
2014-05-26 14,19.59928,1.3032146,23.057428,24.839493
2014-05-26 15,26.13798,1.520417,22.821903,41.158535
2014-05-26 16,19.815722,0.8951821,88.414635,24.68973
2014-05-26 17,27.027029,0.94411063,32.846878,46.646343
2014-05-26 18,28.093885,0.8606124,24.1043,25.44401
2014-05-26 19,19.622925,1.7376195,23.43526,51.52439
2014-05-26 20,31.65007,1.7376195,23.221685,53.963413
2014-05-26 21,28.982931,0.98271453,40.005325,57.92683
2014-05-26 22,25.782362,1.7376195,150.40651,25.085253
2014-05-26 23,19.988127,0.8746869,132.62195,25.519676
2014-05-27 00,22.759604,1.7376195,22.881483,24.886374
2014-05-27 01,19.381224,0.86018467,22.716654,25.470758
2014-05-27 02,18.669987,0.86430824,22.702103,24.93066
2014-05-27 03,17.958748,1.7376195,91.97154,37.80488
2014-05-27 04,19.203413,0.8834743,93.49593,24.45637
2014-05-27 05,21.870554,1.7376195,22.987453,24.416908
2014-05-27 06,25.071123,1.7376195,22.977726,28.353659
2014-05-27 07,19.821486,1.7376195,22.29305,24.743723
2014-05-27 08,31.82788,0.9044783,96.03658,24.459332
2014-05-27 09,26.849218,1.7376195,22.667332,27.743902
2014-05-27 10,19.749922,0.87659794,97.560974,24.99054
2014-05-27 11,27.204836,1.520417,22.94821,42.07317
2014-05-27 12,25.960173,1.3032146,109.756096,39.634148
2014-05-27 13,27.916075,1.7376195,95.02032,35.67073
2014-05-27 14,26.13798,1.7376195,22.805984,31.707317
2014-05-27 15,23.82646,0.9072214,93.49593,39.02439
2014-05-27 16,19.671894,0.8698197,91.46342,25.282352
2014-05-27 17,19.840412,0.87326044,98.06911,25.53208
2014-05-27 18,25.782362,2.1720243,116.86991,24.87856
2014-05-27 19,27.738264,1.7376195,177.84555,55.487804
2014-05-27 20,28.093885,0.88403016,178.8618,51.82927
2014-05-27 21,19.706131,0.8692419,149.89838,25.579193
2014-05-27 22,23.82646,1.7376195,22.644758,24.338392
2014-05-27 23,23.29303,0.99377865,40.32593,62.80488
2014-05-28 00,20.625889,1.7376195,127.54066,49.390244
2014-05-28 01,17.78094,0.9131217,101.626015,42.987804
2014-05-28 02,17.069702,0.9134417,95.52846,42.378048
2014-05-28 03,19.856564,0.8364443,23.127594,25.580868
2014-05-28 04,19.748734,1.7376195,92.98781,38.109756
2014-05-28 05,19.819252,1.7376195,80.79269,39.939026
2014-05-28 06,19.564522,1.7376195,68.597565,28.04878
2014-05-28 07,34.672832,1.7376195,22.841343,33.536587
2014-05-28 08,29.160742,1.7376195,98.06911,35.67073
2014-05-28 09,27.738264,1.7376195,23.1343,33.536587
2014-05-28 10,25.960173,1.520417,22.732368,42.07317
2014-05-28 11,19.713972,0.90335417,89.4309,50.609756
2014-05-28 12,24.537695,0.8466457,23.316273,25.149414
2014-05-28 13,24.359886,0.90134877,87.9065,36.280487
2014-05-28 14,24.004267,1.520417,23.298431,38.719513
2014-05-28 15,23.470839,0.89454263,82.31707,24.71934
2014-05-28 16,23.64865,1.7376195,85.873985,24.181944
2014-05-28 17,23.470839,2.1720243,95.02032,45.42683
2014-05-28 18,25.960173,2.606429,22.825066,50.609756
2014-05-28 19,27.738264,0.8920954,152.94716,62.19512
2014-05-28 20,28.80512,1.7376195,23.503593,57.92683
2014-05-28 21,19.645487,1.7376195,22.924145,25.167461
2014-05-28 22,25.960173,1.7376195,161.58537,25.130253
2014-05-28 23,24.359886,1.7376195,23.484964,58.841465
2014-05-29 00,22.93741,0.846184,22.702084,24.715393
2014-05-29 01,18.669987,1.7376195,102.64227,50.30488
2014-05-29 02,19.706808,1.7376195,22.706865,42.07317
2014-05-29 03,19.926237,0.88131577,97.560974,25.079222
2014-05-29 04,18.492176,0.89615285,94.51219,38.109756
2014-05-29 05,19.63407,0.91553956,83.84146,39.32927
2014-05-29 06,24.004267,1.7376195,22.946121,26.219513
2014-05-29 07,19.690395,1.7376195,91.46342,33.841465
2014-05-29 08,29.694168,1.7376195,86.38211,36.280487
2014-05-29 09,26.493599,1.9548218,86.89024,32.317074
2014-05-29 10,19.521078,0.87868345,110.26423,36.280487
2014-05-29 11,19.971178,1.7376195,112.296745,25.038782
2014-05-29 12,24.182077,1.7376195,104.166664,42.987804
2014-05-29 13,24.359886,1.7376195,99.085365,36.585365
2014-05-29 14,19.872238,1.520417,90.955284,24.698793
2014-05-29 15,19.771822,1.520417,23.361225,40.243904
2014-05-29 16,19.89755,0.8866661,88.414635,25.399296
2014-05-29 17,19.61842,1.7376195,98.57723,49.69512
2014-05-29 18,25.960173,1.520417,23.825556,58.23171
2014-05-29 19,19.989063,1.7376195,22.621567,24.916199
2014-05-29 20,19.7756,0.8405871,161.07724,26.204344
2014-05-29 21,20.10036,0.86007345,151.9309,26.263584
2014-05-29 22,24.359886,0.8993778,151.42276,71.95122
2014-05-29 23,24.359886,0.86570597,130.0813,24.885035
2014-05-30 00,19.736841,1.7376195,126.01626,50.30488
2014-05-30 01,20.09246,0.88235986,111.28048,24.746542
2014-05-30 02,17.60313,1.7376195,107.72358,39.939026
2014-05-30 03,17.78094,1.7376195,22.545084,38.719513
2014-05-30 04,18.314367,0.84359646,22.333069,25.088438
2014-05-30 05,19.914652,0.9025681,25.759052,36.890244
2014-05-30 06,19.554071,1.7376195,69.61382,27.439024
2014-05-30 07,19.720083,1.7376195,92.98781,32.317074
2014-05-30 08,20.060553,1.7376195,22.735554,25.147263
2014-05-30 09,28.449503,0.86880976,98.06911,25.609756
2014-05-30 10,27.027029,0.8882356,101.626015,27.134146
2014-05-30 11,27.204836,1.3032146,96.03658,24.455254
2014-05-30 12,28.449503,0.89810574,99.085365,24.813799
2014-05-30 13,28.627312,0.8799282,23.56628,25.318836
2014-05-30 14,27.738264,1.7376195,88.922775,24.348091
2014-05-30 15,26.671408,1.7376195,22.98648,24.542894
2014-05-30 16,26.849218,1.7376195,104.6748,34.756096
2014-05-30 17,28.627312,0.8911625,100.60975,31.707317
2014-05-30 18,19.713484,2.1720243,104.6748,33.23171
2014-05-30 19,20.022814,1.7376195,139.73578,42.07317
2014-05-30 20,29.871977,2.8236315,22.81169,25.100643
2014-05-30 21,19.63234,1.7376195,23.02666,25.34343
2014-05-30 22,25.782362,0.9935364,37.477104,57.317074
2014-05-30 23,24.359886,1.7376195,143.80081,62.19512
2014-05-31 00,19.58253,0.885524,130.58943,46.951218
2014-05-31 01,22.581793,1.7376195,23.033648,24.72171
2014-05-31 02,20.625889,1.7376195,92.479675,24.008535
2014-05-31 03,19.203413,1.7376195,22.503794,34.146343
2014-05-31 04,19.914652,1.7376195,23.032875,24.324745
2014-05-31 05,20.27027,0.8985605,72.15447,24.658447
2014-05-31 06,24.537695,1.7376195,23.14161,23.780487
2014-05-31 07,27.916075,1.7376195,23.029491,24.085365
2014-05-31 08,29.871977,0.91279215,88.922775,26.219513
2014-05-31 09,33.428165,3.040834,22.440262,27.439024
2014-05-31 10,32.1835,1.9548218,23.035175,24.319437
2014-05-31 11,31.65007,1.7376195,126.52439,31.707317
2014-05-31 12,32.716927,1.7376195,22.882374,33.536587
2014-05-31 13,29.338549,0.90513736,109.24797,24.953274
2014-05-31 14,19.661871,1.7376195,118.39431,25.477894
2014-05-31 15,27.560455,1.7376195,105.18294,24.460857
2014-05-31 16,19.756016,1.7376195,112.80488,31.09756
2014-05-31 17,28.093885,1.9548218,23.168188,24.589775
2014-05-31 18,28.627312,0.88178945,126.01626,24.625113
2014-05-31 19,19.894068,0.91065776,30.090096,44.207317
2014-05-31 20,29.160742,0.9536902,33.826767,47.560974
2014-05-31 21,19.815964,1.7376195,22.807957,25.123852
2014-05-31 22,25.960173,0.86684674,22.955671,24.913897
2014-05-31 23,25.426743,0.8671151,150.91463,24.997574
2014-06-01 00,24.004267,1.7376195,22.517174,24.921707
2014-06-01 01,19.881193,0.0,112.296745,42.378048
2014-06-01 02,21.834309,0.0,70.5569,38.414635
2014-06-01 03,17.069702,1.520417,22.964989,25.168661
2014-06-01 04,19.786276,0.87330526,26.077354,34.756096
2014-06-01 05,19.84755,0.8899611,71.138214,32.621952
2014-06-01 06,19.944088,1.7376195,22.381382,25.26306
2014-06-01 07,19.704456,0.90158176,76.727646,25.252777
2014-06-01 08,27.027029,1.7376195,22.574677,24.643627
2014-06-01 09,19.723864,1.7376195,96.03658,19.817074
2014-06-01 10,35.917496,1.7376195,22.593246,24.58888
2014-06-01 11,19.912624,1.7376195,142.78455,25.13979
2014-06-01 12,34.672832,0.8951589,24.88379,25.0
2014-06-01 13,30.405405,0.8789376,23.840376,24.82289
2014-06-01 14,28.271692,1.7376195,87.9065,32.317074
2014-06-01 15,19.856157,0.90081507,88.414635,27.134146
2014-06-01 16,19.7368,1.7376195,95.02032,23.780487
2014-06-01 17,19.965069,1.7376195,85.873985,25.111988
2014-06-01 18,28.982931,1.7376195,23.08929,24.221073
2014-06-01 19,19.983778,1.9548218,123.98374,25.468187
2014-06-01 20,33.783783,0.8892217,137.19513,36.280487
2014-06-01 21,19.727415,0.87939924,132.11382,46.036587
2014-06-01 22,27.204836,1.7376195,144.81708,25.465721
2014-06-01 23,19.80035,0.87790865,137.19513,47.256096
2014-06-02 00,23.470839,1.7376195,114.32927,40.548782
2014-06-02 01,19.025604,0.9049472,96.03658,36.890244
2014-06-02 02,19.6415,0.90284234,92.479675,34.451218
2014-06-02 03,17.60313,0.8886615,91.46342,32.621952
2014-06-02 04,18.669987,1.7376195,22.845537,25.042747
2014-06-02 05,21.337126,0.9086372,74.69512,33.536587
2014-06-02 06,19.772873,1.7376195,65.54878,23.170732
2014-06-02 07,36.806545,0.90947807,82.31707,27.439024
2014-06-02 08,33.428165,1.7376195,95.02032,29.878048
2014-06-02 09,28.982931,1.7376195,86.89024,23.475609
2014-06-02 10,27.916075,0.87146646,23.513086,25.134615
2014-06-02 11,27.027029,1.3032146,102.13415,23.798384
2014-06-02 12,19.7098,1.3032146,95.02032,33.841465
2014-06-02 13,19.729847,1.520417,22.816494,32.012196
2014-06-02 14,19.670502,1.3032146,95.02032,29.573172
2014-06-02 15,19.830536,1.520417,99.5935,30.487804
2014-06-02 16,19.63866,0.8788535,99.085365,25.711664
2014-06-02 17,28.271692,1.7376195,107.21545,24.274147
2014-06-02 18,30.405405,0.89451396,128.04878,50.0
2014-06-02 19,30.227598,1.7376195,162.09349,25.423048
2014-06-02 20,19.995296,1.7376195,22.765688,24.782707
2014-06-02 21,29.160742,0.9808751,40.024284,57.621952
2014-06-02 22,20.399998,0.9980387,40.84743,65.243904
2014-06-02 23,19.758936,1.7376195,152.94716,57.92683
2014-06-03 00,23.470839,1.7376195,23.40651,49.085365
2014-06-03 01,20.186348,0.9115014,28.646786,41.76829
2014-06-03 02,19.203413,1.7376195,22.541471,38.719513
2014-06-03 03,17.78094,0.88419557,25.196608,35.97561
2014-06-03 04,19.63403,1.7376195,94.00407,37.19512
2014-06-03 05,22.048365,1.7376195,80.28455,34.756096
2014-06-03 06,25.604551,1.7376195,22.625713,23.780487
2014-06-03 07,36.806545,1.7376195,85.36585,24.362782
2014-06-03 08,33.250355,1.7376195,22.569963,24.162827
2014-06-03 09,19.51888,0.8781632,88.414635,24.682281
2014-06-03 10,29.338549,0.904787,27.234539,33.536587
2014-06-03 11,27.916075,0.88017744,23.506632,25.596247
2014-06-03 12,28.80512,0.92447484,30.513077,40.548782
2014-06-03 13,20.031868,1.7376195,22.771147,25.37335
2014-06-03 14,27.204836,0.92206633,82.8252,28.04878
2014-06-03 15,19.71517,0.881835,92.479675,25.611818
2014-06-03 16,25.960173,1.7376195,95.52846,31.40244
2014-06-03 17,26.31579,0.90076005,86.38211,24.445875
2014-06-03 18,28.982931,2.1720243,22.494095,24.75663
2014-06-03 19,31.65007,0.8736696,24.713379,25.351519
2014-06-03 20,33.605976,1.7376195,168.19107,25.022223
2014-06-03 21,30.405405,1.7376195,22.698204,24.643972
2014-06-03 22,27.382647,0.89677054,157.0122,57.92683
2014-06-03 23,19.692827,1.7376195,22.969847,51.82927
2014-06-04 00,22.759604,1.7376195,22.645882,42.07317
2014-06-04 01,18.847795,1.7376195,97.560974,40.548782
2014-06-04 02,17.60313,1.520417,23.237654,24.87048
2014-06-04 03,19.736992,0.89858854,89.4309,34.146343
2014-06-04 04,19.875605,0.85603994,22.280169,25.304476
2014-06-04 05,19.736841,1.7376195,80.79269,24.170073
2014-06-04 06,25.426743,0.92725563,67.07317,24.390244
2014-06-04 07,37.339973,1.7376195,84.85773,29.573172
2014-06-04 08,31.65007,0.8778848,24.466295,25.192596
2014-06-04 09,19.824858,1.7376195,104.166664,27.743902
2014-06-04 10,19.713757,1.520417,92.479675,30.182926
2014-06-04 11,26.671408,0.88559824,102.64227,24.282494
2014-06-04 12,26.671408,1.520417,105.69106,33.536587
2014-06-04 13,26.31579,1.7376195,87.9065,24.206121
2014-06-04 14,19.826633,1.520417,81.808945,27.134146
2014-06-04 15,27.027029,1.520417,92.479675,24.38856
2014-06-04 16,24.537695,1.7376195,86.38211,24.260517
2014-06-04 17,19.621796,2.1720243,22.453348,35.97561
2014-06-04 18,27.027029,0.88537055,96.544716,24.74631
2014-06-04 19,28.80512,1.7376195,148.88211,53.048782
2014-06-04 20,19.446934,1.7376195,130.58943,58.23171
2014-06-04 21,31.472261,1.7376195,134.65446,48.780487
2014-06-04 22,19.366266,0.8661323,163.61789,62.19512
2014-06-04 23,19.614883,1.7376195,22.942438,24.75965
2014-06-05 00,23.115221,1.7376195,122.45935,24.654991
2014-06-05 01,19.696117,1.7376195,23.067604,24.951986
2014-06-05 02,20.0358,1.7376195,22.819262,25.648787
2014-06-05 03,17.24751,1.7376195,92.98781,35.67073
2014-06-05 04,19.025604,1.7376195,22.534986,34.756096
2014-06-05 05,19.774504,0.91158473,79.77642,34.756096
2014-06-05 06,25.604551,1.7376195,73.17074,24.695122
2014-06-05 07,36.806545,1.7376195,23.534197,35.67073
2014-06-05 08,31.82788,0.9351778,30.071146,38.719513
2014-06-05 09,27.916075,1.9548218,99.085365,24.292154
2014-06-05 10,19.62915,1.7376195,114.837395,33.841465
2014-06-05 11,27.560455,0.9110826,28.677351,37.5
2014-06-05 12,25.960173,1.7376195,110.26423,24.41182
2014-06-05 13,19.927341,1.7376195,22.296574,25.499105
2014-06-05 14,24.715506,0.8902392,27.49619,35.97561
2014-06-05 15,27.382647,1.520417,88.922775,40.548782
2014-06-05 16,19.858932,0.87899077,79.77642,25.105505
2014-06-05 17,28.982931,1.7376195,110.772354,24.560432
2014-06-05 18,28.982931,1.520417,23.188072,47.560974
2014-06-05 19,30.761024,0.8874776,173.27235,48.780487
2014-06-05 20,31.294455,1.9548218,146.34148,51.52439
2014-06-05 21,29.160742,1.7376195,143.29268,24.531471
2014-06-05 22,27.560455,0.85384744,23.998682,25.166525
2014-06-05 23,24.715506,0.85993314,23.098637,25.266811
2014-06-06 00,23.29303,1.7376195,114.837395,37.80488
2014-06-06 01,19.381224,0.8916993,96.03658,25.067118
2014-06-06 02,18.136559,1.7376195,23.23364,36.280487
2014-06-06 03,17.78094,1.7376195,90.44715,24.77421
2014-06-06 04,18.847795,0.86566705,22.71354,25.28792
2014-06-06 05,20.625889,1.7376195,74.69512,23.852818
2014-06-06 06,26.31579,0.8516089,23.337065,24.390244
2014-06-06 07,19.624111,1.7376195,84.349594,25.122925
2014-06-06 08,29.694168,0.8667421,24.35655,25.390736
2014-06-06 09,26.671408,0.86880976,90.44715,23.561775
2014-06-06 10,26.31579,0.89663154,108.73984,25.245228
2014-06-06 11,25.426743,1.3032146,22.94227,24.634096
2014-06-06 12,24.004267,0.8473595,23.10899,25.104465
2014-06-06 13,24.359886,1.7376195,96.544716,24.432213
2014-06-06 14,23.82646,1.7376195,23.326273,35.97561
2014-06-06 15,23.115221,0.8779877,25.671339,32.92683
2014-06-06 16,19.932722,1.7376195,102.13415,34.756096
2014-06-06 17,19.81859,0.896767,27.658503,39.32927
2014-06-06 18,23.82646,2.1720243,116.86991,44.512196
2014-06-06 19,19.534817,1.7376195,131.09756,51.219513
2014-06-06 20,27.204836,0.8981109,158.53659,49.390244
2014-06-06 21,20.288754,0.95578504,33.75512,52.743904
2014-06-06 22,23.64865,1.7376195,148.37398,63.719513
2014-06-06 23,23.470839,1.7376195,154.97968,61.890244
2014-06-07 00,22.759604,0.88303155,141.26016,49.085365
2014-06-07 01,18.492176,0.88422716,116.86991,24.817844
2014-06-07 02,19.762537,1.7376195,23.321844,42.682926
2014-06-07 03,19.983658,1.7376195,23.261894,39.02439
2014-06-07 04,19.812748,1.7376195,97.560974,36.890244
2014-06-07 05,18.669987,0.9108312,81.30081,34.451218
2014-06-07 06,21.514936,1.7376195,63.00813,24.085365
2014-06-07 07,19.5232,0.87998253,81.30081,25.066685
2014-06-07 08,26.849218,0.8933709,96.03658,34.451218
2014-06-07 09,29.51636,3.040834,105.69106,25.085499
2014-06-07 10,27.560455,1.9548218,125.50813,24.96714
2014-06-07 11,27.916075,0.9129799,119.41057,44.817074
2014-06-07 12,28.271692,0.89653224,126.01626,39.634148
2014-06-07 13,28.093885,0.8737855,117.37805,24.601475
2014-06-07 14,26.31579,1.7376195,22.913252,24.664547
2014-06-07 15,19.65291,1.7376195,121.4431,35.365852
2014-06-07 16,19.952204,0.87992555,108.231705,25.641636
2014-06-07 17,23.82646,1.9548218,22.848837,32.012196
2014-06-07 18,24.182077,1.7376195,115.85366,24.654844
2014-06-07 19,28.271692,1.7376195,125.0,34.451218
2014-06-07 20,19.933098,0.86809844,133.63821,25.779804
2014-06-07 21,26.31579,0.8869259,133.63821,43.292683
2014-06-07 22,23.29303,0.9446674,34.33409,51.52439
2014-06-07 23,19.976429,1.7376195,22.572203,25.50675
2014-06-08 00,22.759604,0.8804264,129.57317,25.509354
2014-06-08 01,18.847795,0.0,59.684906,30.649967
2014-06-08 02,19.64964,0.0,103.65854,24.607735
2014-06-08 03,19.740946,0.8815485,96.03658,35.365852
2014-06-08 04,19.974813,1.520417,22.93771,25.00616
2014-06-08 05,18.847795,0.90651184,82.31707,31.09756
2014-06-08 06,21.514936,1.7376195,54.36992,21.341463
2014-06-08 07,19.810116,1.7376195,22.467012,24.724747
2014-06-08 08,19.992329,1.7376195,22.483805,25.065195
2014-06-08 09,26.849218,0.89490515,108.73984,25.007605
2014-06-08 10,19.999931,0.8572499,125.50813,25.315947
2014-06-08 11,19.828394,1.7376195,144.81708,37.5
2014-06-08 12,19.448975,1.7376195,23.458765,50.30488
2014-06-08 13,28.449503,1.7376195,104.6748,24.043339
2014-06-08 14,26.31579,1.7376195,97.560974,32.92683
2014-06-08 15,26.493599,1.520417,94.00407,24.540886
2014-06-08 16,25.071123,1.7376195,23.075272,27.439024
2014-06-08 17,19.782957,1.7376195,92.479675,24.695122
2014-06-08 18,19.694149,1.7376195,22.680048,25.609756
2014-06-08 19,27.560455,1.9548218,116.86991,32.317074
2014-06-08 20,19.902624,1.7376195,22.368309,25.571918
2014-06-08 21,19.8632,1.7376195,23.10633,24.917194
2014-06-08 22,25.426743,1.7376195,22.393166,24.208092
2014-06-08 23,24.715506,1.7376195,145.32521,51.82927
2014-06-09 00,22.048365,1.7376195,23.37843,45.121952
2014-06-09 01,19.733864,1.7376195,23.21839,39.634148
2014-06-09 02,19.606329,1.7376195,98.06911,39.634148
2014-06-09 03,17.24751,0.8598718,22.795315,24.743643
2014-06-09 04,18.314367,1.7376195,22.56961,24.350824
2014-06-09 05,19.381224,1.7376195,71.138214,24.46454
2014-06-09 06,19.971748,0.8412003,22.62858,22.865854
2014-06-09 07,30.761024,1.7376195,23.318834,26.829268
2014-06-09 08,19.642517,1.7376195,81.808945,24.8439
2014-06-09 09,27.204836,0.870304,22.986807,24.390244
2014-06-09 10,19.734236,0.87950474,109.24797,25.304878
2014-06-09 11,19.921038,1.3032146,22.610594,32.012196
2014-06-09 12,27.382647,0.887755,104.6748,24.934475
2014-06-09 13,24.893316,1.520417,104.166664,29.878048
2014-06-09 14,19.971903,1.3032146,22.923447,30.182926
2014-06-09 15,19.635908,1.520417,91.97154,28.658537
2014-06-09 16,24.359886,1.7376195,22.445066,24.363266
2014-06-09 17,24.537695,1.7376195,98.06911,23.97602
2014-06-09 18,20.059164,2.1720243,102.64227,24.706474
2014-06-09 19,19.716108,0.8547366,149.89838,26.12091
2014-06-09 20,20.028341,1.7376195,146.34148,25.911835
2014-06-09 21,19.559856,0.8552479,22.795254,25.263893
2014-06-09 22,25.960173,0.8885791,143.29268,54.57317
2014-06-09 23,25.071123,1.7376195,22.438902,24.992558
2014-06-10 00,23.115221,0.87830853,115.34553,25.145166
2014-06-10 01,19.559032,1.7376195,22.539341,25.158663
2014-06-10 02,18.669987,0.9127183,93.49593,38.719513
2014-06-10 03,17.60313,0.9096888,94.51219,34.756096
2014-06-10 04,19.920586,0.8406939,22.746672,25.63614
2014-06-10 05,21.337126,1.7376195,23.179848,33.536587
2014-06-10 06,23.29303,1.7376195,22.848154,24.390244
2014-06-10 07,24.715506,1.7376195,75.71138,23.9603
2014-06-10 08,26.31579,0.87270427,22.676659,24.563587
2014-06-10 09,27.560455,0.90256715,97.560974,21.95122
2014-06-10 10,29.694168,1.520417,120.93496,24.377836
2014-06-10 11,31.294455,0.8736921,24.657734,25.455387
2014-06-10 12,19.896906,1.3032146,22.673412,31.09756
2014-06-10 13,19.861988,0.87374127,115.34553,29.268293
2014-06-10 14,28.627312,1.7376195,113.31301,25.0
2014-06-10 15,28.982931,0.8748679,24.175943,25.914635
2014-06-10 16,19.884817,1.7376195,22.976454,24.954325
2014-06-10 17,26.849218,0.904138,110.26423,24.085365
2014-06-10 18,29.51636,0.87598276,24.14581,25.62837
2014-06-10 19,31.294455,1.7376195,123.98374,36.890244
2014-06-10 20,19.594149,1.7376195,22.708275,39.939026
2014-06-10 21,29.338549,1.7376195,22.723173,24.82097
2014-06-10 22,27.027029,1.7376195,157.52031,55.487804
2014-06-10 23,25.071123,0.96070486,36.119152,53.963413
2014-06-11 00,23.64865,1.7376195,120.42683,41.463413
2014-06-11 01,18.847795,1.7376195,106.70731,39.02439
2014-06-11 02,17.78094,0.9139626,99.5935,37.80488
2014-06-11 03,17.42532,1.7376195,95.02032,24.352839
2014-06-11 04,19.837097,1.7376195,86.38211,35.365852
2014-06-11 05,19.635061,1.7376195,22.4564,25.030819
2014-06-11 06,25.426743,0.87383336,23.009556,24.390244
2014-06-11 07,33.605976,1.7376195,88.922775,28.963415
2014-06-11 08,33.605976,1.7376195,95.52846,28.353659
2014-06-11 09,31.472261,1.7376195,96.544716,24.435165
2014-06-11 10,28.627312,0.86796933,23.596218,24.721943
2014-06-11 11,29.160742,0.91104025,92.479675,24.473715
2014-06-11 12,27.916075,1.520417,117.37805,29.878048
2014-06-11 13,27.916075,0.8973845,108.73984,25.17933
2014-06-11 14,19.637884,0.9031604,90.955284,28.353659
2014-06-11 15,24.893316,1.520417,22.470913,23.475609
2014-06-11 16,27.204836,1.7376195,100.60975,24.527628
2014-06-11 17,19.620798,0.8739797,100.10162,25.474224
2014-06-11 18,19.846144,0.88444245,120.93496,25.859894
2014-06-11 19,19.830326,1.7376195,161.58537,41.76829
2014-06-11 20,38.05121,0.970129,31.271124,39.634148
2014-06-11 21,35.02845,0.89609545,160.06097,50.30488
2014-06-11 22,19.860838,1.7376195,170.7317,67.68293
2014-06-11 23,26.31579,1.7376195,22.493164,25.121092
2014-06-12 00,19.883564,1.7376195,129.06505,44.207317
2014-06-12 01,19.674137,1.7376195,109.756096,24.844187
2014-06-12 02,19.85022,1.7376195,105.18294,39.32927
2014-06-12 03,18.136559,0.8775502,94.00407,25.00614
2014-06-12 04,20.073723,0.8897018,26.15573,35.97561
2014-06-12 05,19.706182,1.7376195,22.647362,31.40244
2014-06-12 06,19.728966,1.7376195,69.10569,25.0
2014-06-12 07,19.665703,0.8383424,23.098839,25.322731
2014-06-12 08,33.961594,1.7376195,97.05285,28.963415
2014-06-12 09,32.716927,1.9548218,94.00407,24.08125
2014-06-12 10,19.846418,1.7376195,22.479614,35.365852
2014-06-12 11,19.93762,1.7376195,106.19919,37.5
2014-06-12 12,27.382647,1.7376195,23.072945,43.292683
2014-06-12 13,27.916075,1.7376195,108.73984,32.012196
2014-06-12 14,29.338549,1.520417,22.751593,32.317074
2014-06-12 15,19.849258,1.520417,101.626015,24.83571
2014-06-12 16,28.271692,0.9210616,105.18294,39.939026
2014-06-12 17,27.204836,1.7376195,113.31301,42.07317
2014-06-12 18,30.227598,1.520417,23.54613,46.951218
2014-06-12 19,36.450924,0.8663633,146.84958,24.782427
2014-06-12 20,35.917496,0.95440644,32.658535,41.463413
2014-06-12 21,30.583216,0.9449881,31.836254,42.987804
2014-06-12 22,27.027029,0.86545026,23.401783,25.075228
2014-06-12 23,26.493599,1.7376195,154.47154,50.609756
2014-06-13 00,19.586576,1.7376195,132.62195,42.987804
2014-06-13 01,19.948233,1.7376195,22.826113,37.5
2014-06-13 02,19.025604,1.7376195,110.772354,37.80488
2014-06-13 03,17.78094,0.846422,22.649069,25.299597
2014-06-13 04,19.915663,1.7376195,22.949627,25.403849
2014-06-13 05,22.226173,0.90833664,84.85773,24.303795
2014-06-13 06,19.7081,0.8945158,71.64634,22.865854
2014-06-13 07,27.560455,1.7376195,23.024883,26.219513
2014-06-13 08,29.338549,0.89083433,115.34553,25.37349
2014-06-13 09,30.938833,0.8777521,132.62195,25.241182
2014-06-13 10,32.894737,1.3032146,23.492147,32.012196
2014-06-13 11,32.716927,0.8797037,139.73578,25.623425
2014-06-13 12,30.227598,1.3032146,23.28232,24.56772
2014-06-13 13,28.271692,0.8762774,134.14635,25.044304
2014-06-13 14,19.742348,1.7376195,117.88618,25.169956
2014-06-13 15,28.271692,0.89620006,108.231705,39.634148
2014-06-13 16,19.600065,1.7376195,22.86922,34.756096
2014-06-13 17,29.694168,0.9120954,108.231705,35.365852
2014-06-13 18,33.961594,2.1720243,125.0,25.288357
2014-06-13 19,38.22902,0.8864183,151.9309,43.90244
2014-06-13 20,19.820047,2.8236315,163.61789,39.02439
2014-06-13 21,32.53912,1.7376195,23.046656,38.109756
2014-06-13 22,27.560455,1.7376195,146.34148,25.3993
2014-06-13 23,27.027029,1.7376195,23.455233,48.17073
2014-06-14 00,24.893316,1.7376195,121.951225,48.47561
2014-06-14 01,20.803698,1.7376195,23.348833,44.207317
2014-06-14 02,18.847795,0.8931461,28.635134,42.07317
2014-06-14 03,19.934889,0.85528266,22.991877,25.259983
2014-06-14 04,18.314367,1.7376195,23.374485,37.5
2014-06-14 05,21.514936,2.1720243,78.25203,32.621952
2014-06-14 06,24.359886,0.85872066,22.976292,25.320415
2014-06-14 07,28.093885,1.7376195,23.139118,24.849243
2014-06-14 08,28.80512,0.89933854,89.4309,22.865854
2014-06-14 09,19.974007,0.86065143,24.394266,30.487804
2014-06-14 10,19.918282,1.9548218,123.98374,25.474432
2014-06-14 11,31.82788,1.7376195,128.04878,24.664068
2014-06-14 12,19.756334,0.8636845,152.43903,36.890244
2014-06-14 13,30.049788,1.7376195,141.26016,25.279255
2014-06-14 14,27.738264,0.9073029,27.775183,35.67073
2014-06-14 15,27.560455,0.9019082,115.34553,24.605953
2014-06-14 16,20.20861,0.91314644,28.426395,41.463413
2014-06-14 17,28.982931,1.9548218,124.49187,39.02439
2014-06-14 18,20.082733,0.87920827,26.969456,36.585365
2014-06-14 19,38.05121,1.7376195,139.73578,41.76829
2014-06-14 20,19.783474,0.88483727,148.88211,52.134148
2014-06-14 21,33.961594,0.87939733,25.357683,25.536358
2014-06-14 22,29.694168,1.7376195,23.58266,55.182926
2014-06-14 23,28.80512,0.88143843,155.48781,48.17073
2014-06-15 00,27.916075,0.86320925,23.875454,25.300135
2014-06-15 01,19.87492,0.0,117.37805,52.439026
2014-06-15 02,19.889948,0.0,110.26423,47.256096
2014-06-15 03,19.632124,1.520417,22.721956,50.0
2014-06-15 04,19.914652,1.520417,23.048897,41.76829
2014-06-15 05,20.169582,0.8952142,27.316668,38.414635
2014-06-15 06,25.248934,1.7376195,59.451218,27.134146
2014-06-15 07,19.836206,1.7376195,22.612518,32.92683
2014-06-15 08,28.093885,1.7376195,22.973804,24.773573
2014-06-15 09,31.65007,0.90667653,90.955284,24.569859
2014-06-15 10,33.250355,1.7376195,22.8328,32.92683
2014-06-15 11,32.894737,1.7376195,22.802088,37.5
2014-06-15 12,34.31721,1.7376195,125.50813,47.865852
2014-06-15 13,31.65007,0.9227908,29.419048,36.890244
2014-06-15 14,27.738264,0.9044102,101.626015,39.32927
2014-06-15 15,27.382647,0.9155872,26.684793,34.451218
2014-06-15 16,27.916075,1.7376195,23.259258,34.451218
2014-06-15 17,19.790642,1.7376195,112.296745,25.42912
2014-06-15 18,32.00569,0.9048276,100.10162,39.939026
2014-06-15 19,38.762447,1.9548218,22.998545,49.085365
2014-06-15 20,19.747389,1.7376195,22.942125,43.292683
2014-06-15 21,34.139404,1.7376195,159.04471,50.609756
2014-06-15 22,32.1835,1.7376195,22.959536,24.445057
2014-06-15 23,27.560455,0.8614653,23.805838,25.268957
2014-06-16 00,25.960173,1.7376195,126.01626,60.67073
2014-06-16 01,19.778133,1.7376195,107.72358,50.0
2014-06-16 02,19.731232,1.7376195,104.166664,47.865852
2014-06-16 03,19.637123,1.520417,93.49593,44.817074
2014-06-16 04,18.492176,1.7376195,94.51219,48.47561
2014-06-16 05,20.981508,1.7376195,23.023836,40.853657
2014-06-16 06,19.640905,1.7376195,22.787523,24.987158
2014-06-16 07,34.139404,1.7376195,89.4309,24.388994
2014-06-16 08,19.76557,0.8960408,89.4309,31.09756
2014-06-16 09,31.82788,0.90056926,86.38211,27.743902
2014-06-16 10,19.835999,1.7376195,22.335285,27.134146
2014-06-16 11,19.971844,1.3032146,106.70731,30.792683
2014-06-16 12,19.746817,1.3032146,97.05285,30.487804
2014-06-16 13,26.493599,1.520417,92.98781,31.09756
2014-06-16 14,20.003553,1.3032146,22.581633,25.005138
2014-06-16 15,28.093885,1.520417,94.51219,41.463413
2014-06-16 16,19.634726,0.8454109,22.683264,25.124146
2014-06-16 17,19.67116,1.7376195,113.82114,37.19512
2014-06-16 18,28.093885,2.1720243,136.17886,43.90244
2014-06-16 19,35.02845,1.0373482,39.32044,57.317074
2014-06-16 20,19.854172,0.86478597,132.62195,25.749247
2014-06-16 21,33.250355,1.7376195,23.756485,67.98781
2014-06-16 22,27.560455,0.86655676,163.61789,25.56981
2014-06-16 23,26.493599,1.7376195,141.26016,24.533596
2014-06-17 00,24.182077,1.7376195,123.98374,51.52439
2014-06-17 01,19.89522,0.8677768,108.73984,25.494247
2014-06-17 02,19.025604,0.9014812,100.60975,25.076632
2014-06-17 03,18.314367,1.7376195,95.52846,41.158535
2014-06-17 04,19.736841,0.8505039,23.130198,25.084896
2014-06-17 05,23.82646,1.7376195,23.213377,36.890244
2014-06-17 06,26.849218,1.7376195,64.532524,28.658537
2014-06-17 07,31.82788,1.7376195,84.349594,41.76829
2014-06-17 08,19.583767,1.7376195,78.25203,35.67073
2014-06-17 09,19.899426,1.7376195,99.085365,25.248177
2014-06-17 10,27.382647,1.520417,110.26423,24.776558
2014-06-17 11,19.912067,1.520417,22.432575,25.118889
2014-06-17 12,19.730585,1.3032146,106.19919,24.939045
2014-06-17 13,27.560455,1.7376195,106.70731,32.317074
2014-06-17 14,26.31579,1.7376195,22.85598,41.158535
2014-06-17 15,24.893316,1.7376195,100.60975,49.085365
2014-06-17 16,24.182077,1.7376195,22.818258,46.646343
2014-06-17 17,19.626719,0.896418,98.06911,53.963413
2014-06-17 18,29.338549,0.8914663,129.06505,25.426846
2014-06-17 19,32.894737,1.7376195,183.94308,25.385675
2014-06-17 20,33.783783,1.7376195,23.036974,25.037878
2014-06-17 21,31.116644,1.7376195,22.938396,24.541819
2014-06-17 22,22.509726,1.7376195,28.724422,97.560974
2014-06-17 23,19.843683,0.85096115,22.281332,25.541578
2014-06-18 00,24.182077,0.915641,120.93496,53.048782
2014-06-18 01,20.27027,0.92133045,100.10162,47.256096
2014-06-18 02,17.958748,1.520417,22.879711,47.256096
2014-06-18 03,19.713394,1.7376195,87.39838,24.71819
2014-06-18 04,18.847795,1.7376195,92.479675,46.341465
2014-06-18 05,22.403982,0.9159367,71.64634,24.55334
2014-06-18 06,26.13798,1.7376195,22.645765,24.673386
2014-06-18 07,32.53912,1.7376195,79.77642,23.701014
2014-06-18 08,19.7026,1.7376195,23.201323,33.841465
2014-06-18 09,28.093885,1.7376195,23.088356,24.35007
2014-06-18 10,26.849218,0.870649,23.090427,24.897066
2014-06-18 11,19.858479,1.520417,99.085365,33.23171
2014-06-18 12,28.627312,0.90596354,101.11789,33.536587
2014-06-18 13,20.098099,1.7376195,107.72358,26.829268
2014-06-18 14,19.635523,1.520417,23.051922,32.317074
2014-06-18 15,28.271692,0.9059589,87.9065,44.512196
2014-06-18 16,25.960173,1.7376195,101.626015,46.036587
2014-06-18 17,19.468409,0.89840466,93.49593,39.939026
2014-06-18 18,28.449503,0.87676346,23.36394,24.894974
2014-06-18 19,32.53912,0.88865304,159.04471,53.048782
2014-06-18 20,33.961594,0.88112336,160.06097,25.784834
2014-06-18 21,32.00569,1.7376195,140.75203,42.378048
2014-06-18 22,28.093885,1.7376195,142.78455,66.15854
2014-06-18 23,27.560455,1.7376195,130.58943,25.264948
2014-06-19 00,24.715506,1.7376195,112.296745,42.987804
2014-06-19 01,20.211994,0.90106547,29.825972,42.987804
2014-06-19 02,19.531796,1.7376195,22.747898,40.548782
2014-06-19 03,18.669987,0.9152898,91.97154,37.80488
2014-06-19 04,19.705938,0.9084665,85.36585,42.07317
2014-06-19 05,19.646742,0.8456817,22.973148,25.939857
2014-06-19 06,26.31579,1.7376195,60.46748,21.646341
2014-06-19 07,34.31721,0.8841637,24.962301,24.975513
2014-06-19 08,19.749525,0.8911326,88.922775,24.911434
2014-06-19 09,19.954317,1.9548218,22.416742,25.532576
2014-06-19 10,27.560455,1.7376195,90.955284,41.76829
2014-06-19 11,28.093885,0.8748484,23.465622,25.164297
2014-06-19 12,27.738264,1.7376195,23.104088,39.32927
2014-06-19 13,27.204836,1.7376195,22.881151,35.97561
2014-06-19 14,27.027029,0.89835286,92.479675,39.02439
2014-06-19 15,24.004267,1.520417,92.479675,24.003231
2014-06-19 16,26.13798,1.7376195,85.873985,23.75449
2014-06-19 17,19.556019,0.87310207,86.38211,25.26611
2014-06-19 18,27.916075,1.520417,103.150406,46.341465
2014-06-19 19,32.00569,1.7376195,143.80081,24.68261
2014-06-19 20,36.273117,1.9548218,150.40651,58.23171
2014-06-19 21,20.588514,0.9791131,38.211277,60.365852
2014-06-19 22,27.560455,1.7376195,142.78455,75.0
2014-06-19 23,19.925066,1.7376195,126.01626,25.262407
2014-06-20 00,24.537695,1.7376195,125.0,52.439026
2014-06-20 01,20.803698,1.7376195,22.431036,24.61009
2014-06-20 02,19.638477,1.7376195,23.381664,44.207317
2014-06-20 03,18.847795,1.7376195,22.60579,25.128979
2014-06-20 04,19.736841,0.92095554,84.349594,41.76829
2014-06-20 05,19.86217,0.8791929,26.193193,35.365852
2014-06-20 06,25.960173,1.7376195,23.278004,24.564367
2014-06-20 07,32.716927,0.89406,27.14075,30.182926
2014-06-20 08,32.53912,1.7376195,23.101381,24.724861
2014-06-20 09,28.271692,0.86880976,81.808945,23.519308
2014-06-20 10,27.382647,0.88242805,24.922823,28.963415
2014-06-20 11,19.563839,1.3032146,22.809845,34.146343
2014-06-20 12,19.82199,1.3032146,106.70731,24.731762
2014-06-20 13,19.780476,1.7376195,22.552767,24.75689
2014-06-20 14,27.027029,0.90435207,92.98781,24.536707
2014-06-20 15,26.13798,0.8998854,28.564837,37.5
2014-06-20 16,28.093885,1.7376195,23.039438,38.719513
2014-06-20 17,27.382647,1.520417,102.13415,23.90272
2014-06-20 18,27.204836,0.86497337,23.745533,25.537405
2014-06-20 19,19.957645,1.7376195,142.78455,25.329077
2014-06-20 20,30.938833,0.87755847,150.40651,44.512196
2014-06-20 21,27.382647,1.7376195,140.2439,25.32608
2014-06-20 22,24.893316,0.8904398,157.52031,56.707317
2014-06-20 23,25.248934,0.8665743,139.22765,24.948236
2014-06-21 00,19.695015,1.7376195,134.65446,46.036587
2014-06-21 01,20.44808,0.8827139,115.34553,24.637222
2014-06-21 02,19.704155,0.88327783,95.52846,36.280487
2014-06-21 03,19.923382,1.7376195,22.858505,24.976412
2014-06-21 04,19.672924,0.8758511,84.349594,24.699142
2014-06-21 05,19.763823,2.1720243,22.874685,31.707317
2014-06-21 06,19.720474,1.7376195,55.386177,21.341463
2014-06-21 07,27.027029,0.9049342,75.71138,24.56239
2014-06-21 08,19.851284,0.8847709,98.06911,34.451218
2014-06-21 09,28.627312,3.040834,22.88225,28.353659
2014-06-21 10,19.852665,0.8714625,107.21545,25.715435
2014-06-21 11,20.052004,1.7376195,104.6748,24.778746
2014-06-21 12,28.627312,1.7376195,120.42683,24.378723
2014-06-21 13,27.560455,1.7376195,23.269407,24.602497
2014-06-21 14,28.271692,0.89266855,108.73984,40.853657
2014-06-21 15,27.204836,1.7376195,100.10162,32.317074
2014-06-21 16,19.69681,0.86520064,23.114418,28.353659
2014-06-21 17,19.661278,1.9548218,22.82745,33.23171
2014-06-21 18,19.901628,0.8754823,25.756565,34.146343
2014-06-21 19,30.938833,1.7376195,23.454964,37.5
2014-06-21 20,33.428165,0.90369475,27.32679,30.792683
2014-06-21 21,28.271692,1.7376195,121.4431,40.548782
2014-06-21 22,27.204836,1.7376195,131.09756,52.134148
2014-06-21 23,27.204836,1.7376195,23.35314,54.26829
2014-06-22 00,25.248934,0.8969188,129.06505,46.036587
2014-06-22 01,19.518713,0.0,109.756096,37.19512
2014-06-22 02,21.83016,0.0,62.027565,31.877455
2014-06-22 03,18.492176,1.520417,98.57723,24.606575
2014-06-22 04,19.914652,1.520417,94.51219,24.53595
2014-06-22 05,19.97671,0.83824927,22.631357,25.658842
2014-06-22 06,19.850643,1.7376195,54.878048,24.41596
2014-06-22 07,25.604551,1.7376195,74.69512,23.745565
2014-06-22 08,25.071123,1.7376195,23.07021,24.47398
2014-06-22 09,27.204836,1.7376195,96.544716,20.426828
2014-06-22 10,28.449503,0.90536666,114.32927,29.268293
2014-06-22 11,28.093885,1.7376195,126.52439,30.182926
2014-06-22 12,28.80512,1.7376195,134.14635,25.199839
2014-06-22 13,20.007168,1.7376195,106.70731,25.282335
2014-06-22 14,27.916075,0.8755687,24.15136,26.524391
2014-06-22 15,25.960173,0.8552094,22.573345,23.170732
2014-06-22 16,19.829987,1.7376195,84.85773,24.741472
2014-06-22 17,19.703573,1.7376195,86.38211,27.743902
2014-06-22 18,25.071123,1.7376195,96.544716,31.40244
2014-06-22 19,25.960173,0.8822058,25.95602,31.707317
2014-06-22 20,27.916075,1.7376195,23.167904,34.146343
2014-06-22 21,27.916075,1.7376195,23.52987,40.243904
2014-06-22 22,27.916075,0.90453964,146.34148,46.646343
2014-06-22 23,19.797352,1.7376195,22.909405,48.780487
2014-06-23 00,19.583399,1.7376195,135.1626,46.341465
2014-06-23 01,24.182077,1.7376195,22.780323,24.444567
2014-06-23 02,19.844679,1.7376195,95.52846,38.109756
2014-06-23 03,20.44808,0.865391,22.645084,25.18202
2014-06-23 04,19.942268,1.7376195,89.939026,24.623287
2014-06-23 05,19.605528,0.88767415,73.17074,31.09756
2014-06-23 06,26.13798,0.8775106,23.06869,25.600658
2014-06-23 07,31.65007,0.92359096,79.77642,26.829268
2014-06-23 08,31.472261,1.7376195,84.349594,31.707317
2014-06-23 09,19.827625,0.84249383,22.674217,26.05512
2014-06-23 10,28.982931,1.7376195,101.11789,24.454563
2014-06-23 11,30.227598,0.9092341,95.02032,26.219513
2014-06-23 12,19.814476,0.8946693,94.00407,25.018515
2014-06-23 13,28.982931,1.520417,101.11789,31.40244
2014-06-23 14,27.738264,1.3032146,23.311632,27.134146
2014-06-23 15,19.729216,1.520417,82.8252,34.146343
2014-06-23 16,26.31579,0.8984287,26.690655,34.146343
2014-06-23 17,19.597397,1.7376195,101.626015,35.365852
2014-06-23 18,19.949465,2.1720243,22.617052,42.682926
2014-06-23 19,19.979424,1.7376195,135.67073,25.480349
2014-06-23 20,31.116644,0.8821617,150.40651,47.256096
2014-06-23 21,29.51636,1.7376195,23.254677,24.540428
2014-06-23 22,27.204836,0.87917054,152.94716,25.722925
2014-06-23 23,19.805452,0.8804493,120.93496,25.372763
2014-06-24 00,19.64976,1.7376195,123.47561,44.817074
2014-06-24 01,21.870554,1.7376195,104.166664,24.38892
2014-06-24 02,20.625889,1.7376195,91.46342,24.542152
2014-06-24 03,20.27027,0.91486126,87.9065,36.280487
2014-06-24 04,21.159317,0.8867899,24.843813,33.23171
2014-06-24 05,21.514936,1.7376195,69.61382,32.621952
2014-06-24 06,19.698805,1.7376195,22.547104,25.64168
2014-06-24 07,31.116644,0.8963667,26.574343,30.487804
2014-06-24 08,31.116644,1.7376195,22.909702,24.357176
2014-06-24 09,19.82208,0.8446805,22.682516,25.341381
2014-06-24 10,29.160742,1.520417,105.18294,35.060974
2014-06-24 11,19.728205,1.520417,105.69106,24.559095
2014-06-24 12,28.982931,0.8968789,101.626015,33.841465
2014-06-24 13,19.998035,1.7376195,101.11789,24.89343
2014-06-24 14,27.204836,0.8829755,104.6748,24.354647
2014-06-24 15,20.274681,0.88753426,29.267641,41.158535
2014-06-24 16,27.560455,1.7376195,109.756096,42.987804
2014-06-24 17,26.849218,1.7376195,93.49593,24.221848
2014-06-24 18,27.916075,0.9382938,30.50614,42.07317
2014-06-24 19,31.472261,1.7376195,137.70325,25.239897
2014-06-24 20,19.759346,1.7376195,143.29268,25.363152
2014-06-24 21,20.011435,0.86691487,149.39024,26.088877
2014-06-24 22,27.738264,1.7376195,162.09349,25.683243
2014-06-24 23,28.271692,1.7376195,22.70871,24.972548
2014-06-25 00,19.510323,1.7376195,119.9187,47.560974
2014-06-25 01,19.79796,1.7376195,22.967295,25.340635
2014-06-25 02,19.606766,1.520417,90.44715,41.76829
2014-06-25 03,20.27027,1.7376195,92.479675,24.086088
2014-06-25 04,21.514936,0.86221,22.838625,25.06973
2014-06-25 05,19.762661,0.8984286,80.79269,34.756096
2014-06-25 06,19.908401,1.7376195,62.5,25.304878
2014-06-25 07,32.00569,1.7376195,22.937323,24.758038
2014-06-25 08,32.894737,1.7376195,87.39838,31.09756
2014-06-25 09,29.694168,0.9109007,99.5935,33.841465
2014-06-25 10,19.678112,1.520417,118.39431,35.060974
2014-06-25 11,28.80512,1.520417,106.19919,34.756096
2014-06-25 12,19.96513,1.520417,97.560974,24.432001
2014-06-25 13,27.916075,1.7376195,90.44715,27.743902
2014-06-25 14,28.271692,0.91156894,94.00407,28.04878
2014-06-25 15,19.871063,0.9029381,96.544716,32.92683
2014-06-25 16,27.916075,1.7376195,23.219702,38.109756
2014-06-25 17,28.627312,0.9006948,83.84146,24.242147
2014-06-25 18,29.871977,2.606429,99.5935,49.085365
2014-06-25 19,20.432953,0.94085306,33.62803,51.52439
2014-06-25 20,31.65007,1.7376195,140.2439,25.157858
2014-06-25 21,30.583216,1.7376195,148.88211,49.69512
2014-06-25 22,29.51636,0.8824195,159.04471,58.841465
2014-06-25 23,19.941498,1.7376195,128.04878,25.598814
2014-06-26 00,25.604551,1.7376195,121.951225,46.341465
2014-06-26 01,22.226173,1.7376195,22.85037,43.59756
2014-06-26 02,19.944885,1.7376195,22.361124,25.318474
2014-06-26 03,20.047426,0.87458515,26.790167,35.97561
2014-06-26 04,19.659212,1.7376195,23.03608,35.060974
2014-06-26 05,24.715506,1.7376195,74.69512,33.536587
2014-06-26 06,19.882528,1.7376195,65.04065,25.609756
2014-06-26 07,19.681135,0.8887804,83.84146,31.09756
2014-06-26 08,34.31721,1.7376195,83.333336,31.707317
2014-06-26 09,29.694168,1.9548218,22.502203,24.620827
2014-06-26 10,19.729082,1.7376195,106.70731,33.841465
2014-06-26 11,30.583216,0.8770311,24.269949,25.370878
2014-06-26 12,32.53912,1.7376195,105.69106,24.356796
2014-06-26 13,19.72437,1.7376195,22.633512,24.879734
2014-06-26 14,19.775656,0.8575853,22.367985,25.643534
2014-06-26 15,27.916075,1.520417,23.349506,33.23171
2014-06-26 16,19.969482,1.7376195,105.18294,33.536587
2014-06-26 17,27.204836,1.7376195,23.351864,32.012196
2014-06-26 18,28.80512,1.520417,22.88121,40.853657
2014-06-26 19,33.961594,0.99991083,37.549156,52.743904
2014-06-26 20,19.784456,1.9548218,140.2439,25.918985
2014-06-26 21,31.82788,1.7376195,157.0122,25.614492
2014-06-26 22,30.049788,1.7376195,22.4953,24.558344
2014-06-26 23,28.982931,0.8957368,132.62195,57.317074
2014-06-27 00,24.893316,1.7376195,120.42683,44.817074
2014-06-27 01,19.725374,1.7376195,103.150406,38.414635
2014-06-27 02,19.674997,0.88899213,91.46342,25.183002
2014-06-27 03,19.590857,1.7376195,89.4309,33.536587
2014-06-27 04,21.514936,1.7376195,89.4309,24.282047
2014-06-27 05,20.141085,0.8689354,24.805876,31.707317
2014-06-27 06,19.749193,1.7376195,62.5,24.559593
2014-06-27 07,19.557201,1.7376195,88.414635,32.317074
2014-06-27 08,36.628735,1.7376195,23.046618,37.5
2014-06-27 09,19.820671,0.86880976,27.738365,40.548782
2014-06-27 10,29.51636,1.3032146,22.882635,24.584167
2014-06-27 11,19.784428,1.3032146,107.21545,41.463413
2014-06-27 12,19.662163,1.3032146,107.72358,25.156506
2014-06-27 13,19.719692,0.8973613,106.19919,30.487804
2014-06-27 14,19.498804,0.9020001,87.9065,33.23171
2014-06-27 15,19.82232,1.7376195,95.52846,34.146343
2014-06-27 16,19.852814,1.7376195,22.491577,30.182926
2014-06-27 17,19.531183,1.520417,23.054523,38.109756
2014-06-27 18,31.65007,0.90501124,101.626015,47.256096
2014-06-27 19,34.31721,1.7376195,23.405254,65.243904
2014-06-27 20,35.917496,2.8236315,147.35773,51.219513
2014-06-27 21,32.1835,1.7376195,23.103182,53.658535
2014-06-27 22,29.871977,1.7376195,151.9309,54.26829
2014-06-27 23,19.916111,1.7376195,22.914373,25.274544
2014-06-28 00,19.854725,1.7376195,118.39431,25.098755
2014-06-28 01,23.115221,0.92656964,30.742765,44.817074
2014-06-28 02,22.226173,0.92279434,28.456545,41.463413
2014-06-28 03,19.522736,1.7376195,91.46342,37.5
2014-06-28 04,19.917984,1.7376195,83.84146,24.266537
2014-06-28 05,24.715506,2.1720243,22.57044,36.280487
2014-06-28 06,19.614695,1.7376195,59.451218,25.609756
2014-06-28 07,30.405405,1.7376195,22.938667,24.45339
2014-06-28 08,30.583216,2.1720243,89.4309,29.878048
2014-06-28 09,32.00569,3.040834,100.60975,24.661766
2014-06-28 10,32.53912,0.8902013,135.67073,25.167397
2014-06-28 11,33.605976,0.88654464,118.902435,24.721064
2014-06-28 12,20.064236,1.7376195,112.296745,32.317074
2014-06-28 13,19.616747,1.7376195,23.219591,31.09756
2014-06-28 14,19.700342,0.87104255,123.98374,35.67073
2014-06-28 15,29.160742,0.91379946,27.35272,34.451218
2014-06-28 16,30.583216,1.7376195,107.21545,29.573172
2014-06-28 17,30.583216,0.8820966,23.365032,23.780487
2014-06-28 18,19.73544,0.8519422,22.956293,25.994728
2014-06-28 19,20.110125,1.7376195,137.19513,34.756096
2014-06-28 20,33.072548,0.8948199,135.67073,25.162746
2014-06-28 21,30.761024,1.7376195,120.93496,32.621952
2014-06-28 22,20.101992,1.7376195,124.49187,25.529465
2014-06-28 23,19.699438,1.7376195,124.49187,24.921577
2014-06-29 00,26.31579,0.91056144,121.4431,42.07317
2014-06-29 01,19.64443,0.0,103.150406,37.5
2014-06-29 02,22.581793,0.0,96.03658,37.80488
2014-06-29 03,22.226173,1.520417,90.44715,34.451218
2014-06-29 04,19.6796,1.520417,22.582226,32.92683
2014-06-29 05,19.805035,1.7376195,22.719246,24.857214
2014-06-29 06,25.604551,0.9088834,59.95935,24.047493
2014-06-29 07,19.902868,0.846234,22.492695,20.426828
2014-06-29 08,29.51636,0.9202118,80.28455,20.426828
2014-06-29 09,32.00569,1.7376195,22.783022,25.043152
2014-06-29 10,32.894737,0.8949248,117.88618,25.304878
2014-06-29 11,34.672832,1.7376195,150.40651,33.536587
2014-06-29 12,36.095306,1.7376195,128.04878,36.280487
2014-06-29 13,33.250355,1.7376195,23.136707,24.149948
2014-06-29 14,19.911379,1.7376195,101.626015,24.847883
2014-06-29 15,19.736757,1.520417,23.001856,25.08147
2014-06-29 16,29.160742,0.87915885,23.982265,25.609756
2014-06-29 17,19.953152,0.9004701,90.955284,29.573172
2014-06-29 18,19.753145,1.7376195,22.525211,30.792683
2014-06-29 19,35.02845,0.8989545,113.31301,24.41732
2014-06-29 20,19.70063,0.8786566,122.967476,25.258669
2014-06-29 21,32.53912,0.8990719,130.0813,33.536587
2014-06-29 22,31.472261,1.7376195,22.822136,24.773903
2014-06-29 23,29.871977,1.7376195,136.687,24.42455
2014-06-30 00,19.668928,1.7376195,22.83722,41.158535
2014-06-30 01,19.95762,0.8359376,22.601685,25.482628
2014-06-30 02,20.625889,0.8540766,22.948048,24.802084
2014-06-30 03,19.951239,1.520417,97.05285,35.67073
2014-06-30 04,21.159317,0.88965213,24.136522,32.012196
2014-06-30 05,19.704622,1.7376195,23.107056,32.621952
2014-06-30 06,27.204836,1.7376195,65.04065,20.731707
2014-06-30 07,19.826403,0.84211874,23.05414,26.219513
2014-06-30 08,19.94895,1.7376195,79.77642,26.829268
2014-06-30 09,19.491299,0.8783213,82.8252,25.032341
2014-06-30 10,33.783783,1.7376195,89.4309,24.5609
2014-06-30 11,32.894737,0.9186653,91.46342,32.621952
2014-06-30 12,19.860466,1.3032146,88.922775,24.078804
2014-06-30 13,29.51636,0.85809666,24.251015,24.82599
2014-06-30 14,31.116644,0.89653355,98.06911,28.04878
2014-06-30 15,19.681133,1.520417,22.786688,24.856833
2014-06-30 16,20.037607,1.7376195,23.056341,33.841465
2014-06-30 17,29.338549,1.7376195,93.49593,39.939026
2014-06-30 18,19.424719,0.87858653,113.82114,44.512196
2014-06-30 19,32.53912,1.7376195,155.48781,44.817074
2014-06-30 20,19.683918,1.7376195,157.52031,45.121952
2014-06-30 21,19.816097,0.88459504,147.86586,44.512196
2014-06-30 22,30.227598,0.9861035,40.377876,57.621952
2014-06-30 23,19.86119,0.87017715,125.50813,25.968706
2014-07-01 00,26.671408,0.9209102,29.975096,40.853657
2014-07-01 01,19.783676,1.7376195,102.64227,37.19512
2014-07-01 02,21.159317,0.90570676,91.46342,36.280487
2014-07-01 03,20.981508,0.9037268,87.9065,24.277
2014-07-01 04,19.61858,0.8970956,85.873985,35.67073
2014-07-01 05,25.426743,1.7376195,74.18699,31.09756
2014-07-01 06,19.785046,0.8945848,64.02439,23.780487
2014-07-01 07,19.803171,1.7376195,86.38211,24.267994
2014-07-01 08,19.949572,1.7376195,84.349594,24.550451
2014-07-01 09,29.694168,0.88490015,24.982296,27.743902
2014-07-01 10,29.694168,1.520417,22.993671,24.994665
2014-07-01 11,19.808544,0.847821,23.063244,25.926443
2014-07-01 12,27.916075,0.9046128,100.60975,34.756096
2014-07-01 13,19.683582,1.7376195,99.5935,27.134146
2014-07-01 14,27.382647,0.9196082,94.00407,30.792683
2014-07-01 15,26.31579,0.8919025,86.38211,24.40606
2014-07-01 16,19.699902,1.7376195,95.02032,38.109756
2014-07-01 17,27.916075,0.9022943,87.9065,35.365852
2014-07-01 18,31.116644,0.92653996,30.726799,39.634148
2014-07-01 19,31.294455,0.8798675,24.58808,25.678207
2014-07-01 20,33.072548,1.7376195,148.37398,46.951218
2014-07-01 21,30.583216,0.8918824,135.1626,42.987804
2014-07-01 22,28.982931,1.7376195,162.09349,55.792683
2014-07-01 23,30.227598,0.8967115,129.06505,55.487804
2014-07-02 00,27.204836,0.8910642,116.86991,25.21323
2014-07-02 01,22.93741,0.84954923,22.920795,25.43527
2014-07-02 02,21.337126,1.520417,22.65276,24.427605
2014-07-02 03,19.86268,1.7376195,88.414635,35.365852
2014-07-02 04,19.610365,1.7376195,22.407393,25.159382
2014-07-02 05,19.63144,1.7376195,22.650398,25.13115
2014-07-02 06,28.093885,0.8604438,23.339674,23.780487
2014-07-02 07,19.892471,0.83439106,22.49901,25.096157
2014-07-02 08,33.605976,1.7376195,80.79269,23.699379
2014-07-02 09,19.612104,0.86737835,98.06911,25.44899
2014-07-02 10,28.982931,1.520417,23.153212,24.653
2014-07-02 11,28.80512,0.87630105,23.704912,25.262543
2014-07-02 12,28.449503,0.8674238,23.605568,24.807756
2014-07-02 13,27.916075,1.7376195,22.506649,29.268293
2014-07-02 14,19.71907,1.520417,22.377573,24.625156
2014-07-02 15,27.204836,1.520417,90.955284,42.682926
2014-07-02 16,19.942986,0.88372284,94.51219,25.457409
2014-07-02 17,19.89103,2.1720243,23.226793,42.07317
2014-07-02 18,29.694168,2.606429,23.462858,45.121952
2014-07-02 19,31.116644,0.86623967,24.968317,25.651958
2014-07-02 20,31.65007,0.8894231,24.20792,25.378767
2014-07-02 21,19.939083,0.8712675,146.34148,38.109756
2014-07-02 22,19.722858,0.8486225,22.751383,25.284819
2014-07-02 23,19.958513,1.7376195,145.32521,26.064137
2014-07-03 00,26.13798,1.7376195,128.55692,24.688496
2014-07-03 01,21.870554,1.7376195,102.64227,24.271889
2014-07-03 02,20.44808,1.7376195,22.999788,37.5
2014-07-03 03,19.956285,0.8369065,22.679773,25.680494
2014-07-03 04,19.452827,0.88541406,82.31707,32.92683
2014-07-03 05,24.182077,0.91108614,75.203255,34.756096
2014-07-03 06,27.382647,0.91742045,58.94309,22.560976
2014-07-03 07,32.36131,1.7376195,22.740744,28.658537
2014-07-03 08,19.922297,0.83546066,22.868372,25.957857
2014-07-03 09,19.865133,1.9548218,81.808945,25.0
2014-07-03 10,30.938833,1.7376195,22.615139,23.475609
2014-07-03 11,30.938833,0.8834535,25.644966,28.04878
2014-07-03 12,31.294455,0.8977329,102.13415,31.40244
2014-07-03 13,19.97596,1.7376195,90.44715,24.560137
2014-07-03 14,19.68673,0.8640499,23.675995,29.573172
2014-07-03 15,28.271692,1.520417,23.186138,37.5
2014-07-03 16,20.087017,1.7376195,112.296745,24.665714
2014-07-03 17,19.838488,1.7376195,106.19919,38.414635
2014-07-03 18,19.493658,1.520417,117.88618,44.817074
2014-07-03 19,19.56718,1.7376195,150.91463,55.182926
2014-07-03 20,19.643784,0.8857492,143.29268,46.951218
2014-07-03 21,20.035841,1.7376195,146.84958,25.715288
2014-07-03 22,29.160742,0.86607116,161.07724,25.743643
2014-07-03 23,20.577328,0.9826461,41.035267,64.32927
2014-07-04 00,26.31579,1.7376195,23.361551,52.439026
2014-07-04 01,22.226173,0.9292685,31.972149,47.560974
2014-07-04 02,21.870554,1.7376195,97.05285,44.817074
2014-07-04 03,19.772518,1.7376195,90.955284,24.584244
2014-07-04 04,22.048365,1.7376195,86.89024,24.43179
2014-07-04 05,19.563131,0.9194554,72.15447,40.243904
2014-07-04 06,27.382647,1.7376195,23.069164,24.27989
2014-07-04 07,33.250355,0.91533417,82.31707,38.719513
2014-07-04 08,34.49502,1.7376195,77.23577,38.719513
2014-07-04 09,33.605976,0.86880976,88.414635,24.119278
2014-07-04 10,19.580452,0.87708235,107.72358,32.317074
2014-07-04 11,19.783192,0.8746941,24.77232,32.317074
2014-07-04 12,32.1835,0.91797376,100.10162,34.451218
2014-07-04 13,31.294455,1.7376195,23.354876,32.92683
2014-07-04 14,19.61009,1.7376195,83.84146,32.317074
2014-07-04 15,28.449503,1.7376195,91.46342,24.40497
2014-07-04 16,28.271692,1.7376195,100.60975,36.585365
2014-07-04 17,29.694168,0.8843201,108.231705,25.039282
2014-07-04 18,32.00569,2.1720243,125.0,24.478651
2014-07-04 19,34.85064,1.7376195,142.78455,46.646343
2014-07-04 20,19.913645,2.8236315,139.73578,25.847656
2014-07-04 21,19.630014,0.83762974,22.413643,25.116829
2014-07-04 22,19.659351,1.7376195,153.96341,64.02439
2014-07-04 23,31.116644,1.7376195,23.046188,61.585365
2014-07-05 00,27.738264,1.7376195,23.65627,53.963413
2014-07-05 01,22.93741,1.7376195,118.902435,48.47561
2014-07-05 02,20.282377,0.89768094,29.608158,42.378048
2014-07-05 03,21.692745,1.7376195,91.46342,24.12389
2014-07-05 04,22.581793,1.7376195,23.435776,40.243904
2014-07-05 05,19.617893,2.1720243,81.30081,24.913958
2014-07-05 06,20.016134,1.7376195,22.485018,24.776346
2014-07-05 07,19.881763,0.838833,22.583239,25.651567
2014-07-05 08,30.761024,2.1720243,100.60975,33.23171
2014-07-05 09,20.054544,3.040834,107.21545,25.701956
2014-07-05 10,36.095306,1.9548218,23.329845,46.341465
2014-07-05 11,35.20626,1.7376195,119.41057,24.307154
2014-07-05 12,33.961594,0.909064,119.41057,45.73171
2014-07-05 13,33.072548,0.90336174,115.34553,38.414635
2014-07-05 14,31.82788,1.7376195,22.904003,24.22675
2014-07-05 15,19.771963,0.8758091,123.47561,45.121952
2014-07-05 16,19.992281,0.85704195,123.47561,25.965157
2014-07-05 17,19.420319,1.9548218,23.463673,52.439026
2014-07-05 18,19.760792,0.8760051,128.04878,48.17073
2014-07-05 19,20.109306,0.91504705,31.251198,46.341465
2014-07-05 20,19.611858,0.87767965,121.951225,25.1469
2014-07-05 21,31.65007,0.8718679,24.945082,25.63249
2014-07-05 22,29.694168,1.0265124,43.152916,64.02439
2014-07-05 23,29.694168,1.7376195,23.068092,24.366407
2014-07-06 00,28.627312,1.7376195,135.1626,24.846575
2014-07-06 01,21.974796,0.0,81.30666,52.743904
2014-07-06 02,22.93741,0.0,62.398823,31.121191
2014-07-06 03,19.939062,1.520417,91.46342,24.858551
2014-07-06 04,22.581793,1.520417,92.98781,43.90244
2014-07-06 05,24.715506,1.7376195,80.28455,23.94314
2014-07-06 06,26.671408,1.7376195,22.732641,24.77084
2014-07-06 07,26.671408,1.7376195,73.67886,33.841465
2014-07-06 08,19.940193,1.7376195,22.505661,31.40244
2014-07-06 09,19.7877,1.7376195,92.479675,30.487804
2014-07-06 10,20.095402,1.7376195,132.62195,30.487804
2014-07-06 11,20.12423,0.9100425,29.970613,43.90244
2014-07-06 12,19.58107,0.892117,139.22765,46.341465
2014-07-06 13,30.405405,1.7376195,22.662882,24.296274
2014-07-06 14,19.997625,1.7376195,98.06911,25.914635
2014-07-06 15,19.625927,0.87206435,101.626015,25.304878
2014-07-06 16,19.742735,0.8564846,22.366945,25.177391
2014-07-06 17,27.204836,1.7376195,23.248226,26.219513
2014-07-06 18,28.80512,1.7376195,22.529251,24.621012
2014-07-06 19,30.049788,1.9548218,104.6748,40.548782
2014-07-06 20,19.819096,0.8806232,127.54066,34.451218
2014-07-06 21,19.417337,0.8834824,111.28048,42.987804
2014-07-06 22,20.32965,0.96914834,39.67612,61.890244
2014-07-06 23,19.82555,1.7376195,131.09756,60.365852
2014-07-07 00,19.514215,1.7376195,127.54066,48.780487
2014-07-07 01,22.403982,1.7376195,106.19919,44.817074
2014-07-07 02,19.700932,0.8719864,96.544716,24.950638
2014-07-07 03,21.159317,1.520417,95.02032,23.833868
2014-07-07 04,22.048365,1.7376195,22.90438,39.634148
2014-07-07 05,19.801558,0.8845077,26.963081,37.19512
2014-07-07 06,27.560455,0.9279286,63.00813,28.04878
2014-07-07 07,19.987099,1.7376195,80.28455,24.16585
2014-07-07 08,19.799856,1.7376195,82.8252,33.841465
2014-07-07 09,19.857212,1.7376195,22.594843,25.298306
2014-07-07 10,32.36131,1.7376195,23.314749,32.012196
2014-07-07 11,20.019773,1.3032146,23.152657,29.573172
2014-07-07 12,31.65007,0.9159799,111.28048,30.792683
2014-07-07 13,19.81682,1.520417,23.042044,23.475609
2014-07-07 14,30.405405,0.873307,23.026068,22.560976
2014-07-07 15,20.048904,0.87563205,25.096449,32.92683
2014-07-07 16,19.703054,1.7376195,103.65854,25.277514
2014-07-07 17,19.6234,0.8861453,92.98781,38.414635
2014-07-07 18,31.65007,2.1720243,116.86991,24.527443
2014-07-07 19,32.894737,1.7376195,141.7683,24.805841
2014-07-07 20,36.273117,1.7376195,23.011618,24.835411
2014-07-07 21,32.53912,0.8720758,164.12602,39.32927
2014-07-07 22,30.405405,1.7376195,173.27235,25.506413
2014-07-07 23,30.405405,1.7376195,146.84958,25.290415
2014-07-08 00,27.027029,0.89918536,133.13008,42.682926
2014-07-08 01,22.403982,0.8893512,115.85366,38.109756
2014-07-08 02,20.981508,1.7376195,22.591148,36.585365
2014-07-08 03,21.514936,0.89712524,101.626015,34.146343
2014-07-08 04,19.99106,1.7376195,23.27511,33.841465
2014-07-08 05,19.8694,1.7376195,23.153027,25.377632
2014-07-08 06,28.982931,0.91781485,80.79269,24.49031
2014-07-08 07,33.428165,1.7376195,22.484854,24.568115
2014-07-08 08,34.85064,1.7376195,87.39838,28.963415
2014-07-08 09,31.472261,1.7376195,100.10162,28.658537
2014-07-08 10,32.00569,1.520417,22.878832,25.609756
2014-07-08 11,19.829567,1.520417,120.42683,29.878048
2014-07-08 12,33.428165,1.3032146,112.80488,24.170803
2014-07-08 13,19.83344,1.7376195,99.085365,33.841465
2014-07-08 14,19.952152,1.7376195,101.626015,25.134472
2014-07-08 15,32.716927,0.92963564,30.954681,39.02439
2014-07-08 16,30.761024,1.7376195,98.57723,24.650219
2014-07-08 17,19.709743,1.7376195,100.10162,25.070984
2014-07-08 18,19.808935,2.1720243,121.4431,25.011698
2014-07-08 19,38.584637,1.0875976,38.06034,57.621952
2014-07-08 20,40.54054,1.7376195,157.0122,52.743904
2014-07-08 21,35.20626,1.7376195,157.52031,49.390244
2014-07-08 22,19.969725,0.84409887,158.02846,26.519377
2014-07-08 23,33.783783,1.7376195,23.31728,24.855898
2014-07-09 00,30.761024,1.7376195,22.80285,24.803925
2014-07-09 01,26.493599,0.8921513,105.69106,39.02439
2014-07-09 02,25.604551,1.520417,91.97154,36.280487
2014-07-09 03,24.715506,0.90405214,26.152834,34.451218
2014-07-09 04,26.849218,1.7376195,86.89024,24.41912
2014-07-09 05,19.644026,1.7376195,80.79269,35.67073
2014-07-09 06,32.894737,1.7376195,23.18072,22.256098
2014-07-09 07,39.829304,1.7376195,86.38211,27.743902
2014-07-09 08,41.073967,0.913121,86.38211,24.314396
2014-07-09 09,36.806545,1.7376195,86.89024,27.743902
2014-07-09 10,19.742966,0.8390611,22.63375,25.701328
2014-07-09 11,35.384068,0.8841796,25.84255,25.85095
2014-07-09 12,33.783783,1.520417,96.03658,32.317074
2014-07-09 13,33.428165,0.874255,24.993038,24.944267
2014-07-09 14,19.592667,1.520417,84.349594,26.219513
2014-07-09 15,32.1835,0.8743416,24.486603,24.76554
2014-07-09 16,33.605976,1.7376195,84.85773,36.585365
2014-07-09 17,19.666332,2.1720243,22.338223,25.18093
2014-07-09 18,37.873398,0.93888056,106.19919,50.914635
2014-07-09 19,19.759926,1.7376195,131.09756,25.037693
2014-07-09 20,44.09673,1.7376195,19.688963,70.42683
2014-07-09 21,20.175901,1.7376195,151.9309,25.648708
2014-07-09 22,34.139404,1.7376195,23.605011,71.64634
2014-07-09 23,19.714853,1.7376195,22.729753,25.022875
2014-07-10 00,19.653872,0.84108806,22.850922,25.120892
2014-07-10 01,19.75028,1.7376195,106.19919,47.256096
2014-07-10 02,27.916075,0.9155037,85.36585,24.565647
2014-07-10 03,19.419827,0.8951746,88.922775,40.548782
2014-07-10 04,19.848345,1.7376195,83.84146,41.158535
2014-07-10 05,19.343433,0.8952281,77.743904,42.07317
2014-07-10 06,19.516941,0.89556396,64.02439,29.268293
2014-07-10 07,19.678385,0.8978868,89.4309,25.20035
2014-07-10 08,19.683352,1.7376195,86.89024,48.780487
2014-07-10 09,36.984352,0.8813014,25.97647,25.069649
2014-07-10 10,19.777197,0.8556245,22.882273,25.373152
2014-07-10 11,19.754837,0.89644843,86.38211,24.972633
2014-07-10 12,34.31721,1.7376195,92.98781,24.216799
2014-07-10 13,33.783783,0.9168497,93.49593,34.756096
2014-07-10 14,36.095306,1.520417,23.351082,24.7141
2014-07-10 15,19.635643,1.520417,92.98781,42.987804
2014-07-10 16,33.605976,1.7376195,23.220882,24.678272
2014-07-10 17,19.614025,0.86189896,111.28048,25.329643
2014-07-10 18,37.162163,1.120494,42.868217,66.768295
2014-07-10 19,19.651083,1.7376195,23.304949,67.98781
2014-07-10 20,44.630157,1.9548218,22.886114,24.899841
2014-07-10 21,41.607395,1.7376195,151.42276,24.535698
2014-07-10 22,20.227108,1.7376195,165.6504,25.534248
2014-07-10 23,19.61056,0.90353566,133.63821,63.719513
2014-07-11 00,19.487415,0.88079596,137.70325,63.109756
2014-07-11 01,26.849218,0.88057786,111.78862,24.492708
2014-07-11 02,25.071123,1.7376195,97.05285,23.939066
2014-07-11 03,25.248934,1.7376195,95.52846,24.23757
2014-07-11 04,27.204836,1.7376195,23.00238,45.73171
2014-07-11 05,19.87243,0.9155671,29.660618,43.90244
2014-07-11 06,33.072548,1.7376195,72.662605,28.658537
2014-07-11 07,39.118065,1.7376195,83.333336,24.439528
2014-07-11 08,41.251778,1.1024712,37.337982,56.707317
2014-07-11 09,38.584637,0.91876596,92.98781,43.292683
2014-07-11 10,37.339973,1.3032146,22.678574,24.43438
2014-07-11 11,19.709747,1.3032146,107.21545,50.30488
2014-07-11 12,33.605976,1.3032146,115.34553,49.085365
2014-07-11 13,19.523989,0.87235284,95.52846,24.735754
2014-07-11 14,32.894737,1.7376195,98.57723,52.743904
2014-07-11 15,34.31721,0.98329705,35.85745,49.085365
2014-07-11 16,34.672832,0.9673555,34.543983,45.73171
2014-07-11 17,19.361338,0.8913995,104.6748,52.439026
2014-07-11 18,19.962791,2.1720243,116.361786,25.274746
2014-07-11 19,19.796232,0.83624715,22.847279,25.998474
2014-07-11 20,19.41187,2.8236315,22.868423,67.07317
2014-07-11 21,40.89616,1.7376195,160.06097,58.841465
2014-07-11 22,34.85064,1.7376195,162.60162,77.743904
2014-07-11 23,33.783783,0.9122632,55.485085,88.10976
2014-07-12 00,33.605976,1.0492191,44.650238,65.54878
2014-07-12 01,20.36692,0.94957376,36.642094,56.40244
2014-07-12 02,28.093885,0.90951735,101.11789,50.30488
2014-07-12 03,20.180115,0.9239056,30.73611,46.036587
2014-07-12 04,19.55361,1.7376195,95.02032,46.036587
2014-07-12 05,19.564304,0.8755541,82.31707,25.188372
2014-07-12 06,33.250355,1.7376195,70.12195,34.451218
2014-07-12 07,35.73969,1.7376195,92.479675,42.378048
2014-07-12 08,36.450924,1.0585127,39.257698,58.23171
2014-07-12 09,39.473682,3.040834,23.372885,48.17073
2014-07-12 10,19.797316,1.9548218,22.739016,24.856962
2014-07-12 11,19.929066,0.8824042,122.45935,25.628166
2014-07-12 12,39.651493,0.8907755,121.4431,25.053041
2014-07-12 13,19.749792,1.7376195,22.468224,25.418272
2014-07-12 14,19.714539,1.7376195,22.7864,45.73171
2014-07-12 15,35.384068,1.7376195,22.907455,34.756096
2014-07-12 16,19.855478,0.8761045,120.42683,36.890244
2014-07-12 17,19.807407,0.84553075,22.307213,25.459517
2014-07-12 18,19.608337,1.7376195,23.282515,62.5
2014-07-12 19,19.911413,0.8341064,22.86768,25.36328
2014-07-12 20,41.607395,1.7376195,22.723623,24.921692
2014-07-12 21,19.489695,1.7376195,134.65446,58.841465
2014-07-12 22,32.716927,1.7376195,144.30894,88.10976
2014-07-12 23,34.139404,1.7376195,131.09756,80.48781
2014-07-13 00,19.266495,0.8988232,140.2439,84.14634
2014-07-13 01,28.271692,0.0,65.02181,31.514854
2014-07-13 02,27.382647,0.0,104.6748,67.98781
2014-07-13 03,26.31579,1.520417,22.76202,24.172367
2014-07-13 04,19.240337,0.9154708,104.166664,66.15854
2014-07-13 05,19.597757,1.7376195,23.53878,63.109756
2014-07-13 06,32.716927,1.7376195,63.00813,54.57317
2014-07-13 07,36.095306,1.7376195,78.25203,24.311853
2014-07-13 08,19.333883,1.7376195,95.02032,67.68293
2014-07-13 09,38.05121,1.7376195,103.65854,23.977623
2014-07-13 10,20.214663,0.97598827,37.746445,59.756096
2014-07-13 11,40.00711,1.7376195,127.03253,24.730444
2014-07-13 12,19.686882,0.8677497,121.951225,25.22113
2014-07-13 13,38.05121,0.92061704,103.65854,40.243904
2014-07-13 14,19.824633,0.90341145,97.05285,35.97561
2014-07-13 15,33.072548,1.520417,94.00407,33.23171
2014-07-13 16,19.568777,1.7376195,87.9065,24.450684
2014-07-13 17,33.428165,1.7376195,22.551638,24.299782
2014-07-13 18,37.162163,1.7376195,98.57723,37.80488
2014-07-13 19,40.71835,0.8905854,115.34553,24.39159
2014-07-13 20,40.00711,1.7376195,21.800365,57.012196
2014-07-13 21,20.061504,1.7376195,142.78455,25.644775
2014-07-13 22,33.961594,0.91898686,166.66667,83.84146
2014-07-13 23,19.188766,0.90484345,137.19513,85.060974
2014-07-14 00,19.299797,1.7376195,23.470999,73.78049
2014-07-14 01,26.671408,0.93236744,119.9187,71.34146
2014-07-14 02,25.782362,1.0116731,41.187813,63.414635
2014-07-14 03,19.502329,0.9175361,107.72358,59.756096
2014-07-14 04,27.560455,1.7376195,108.231705,63.414635
2014-07-14 05,20.034945,1.7376195,95.02032,24.50556
2014-07-14 06,33.428165,1.7376195,70.12195,23.762558
2014-07-14 07,19.657526,1.7376195,94.51219,24.458614
2014-07-14 08,19.453918,1.7376195,91.46342,65.54878
2014-07-14 09,19.390593,1.7376195,22.975693,56.09756
2014-07-14 10,38.05121,1.1196886,43.11644,68.597565
2014-07-14 11,37.51778,0.88922584,125.0,25.24544
2014-07-14 12,19.69375,1.3032146,24.089767,58.23171
2014-07-14 13,34.49502,1.520417,22.907644,24.921003
2014-07-14 14,19.46224,1.3032146,119.9187,62.19512
2014-07-14 15,19.446415,1.520417,101.626015,60.060974
2014-07-14 16,19.61552,1.7376195,121.4431,53.048782
2014-07-14 17,33.783783,1.7376195,23.615316,62.80488
2014-07-14 18,19.549276,0.917923,118.902435,72.86585
2014-07-14 19,19.589785,0.8535833,22.862764,25.29635
2014-07-14 20,42.852062,1.7376195,174.28862,89.63415
2014-07-14 21,38.940254,0.89458936,26.30777,25.564287
2014-07-14 22,33.428165,1.7376195,28.00481,92.07317
2014-07-14 23,22.93857,0.8660226,56.54572,88.10976
2014-07-15 00,33.072548,0.9282818,149.89838,78.96342
2014-07-15 01,27.382647,1.7376195,118.39431,24.693636
2014-07-15 02,19.555452,1.7376195,23.454473,67.98781
2014-07-15 03,25.782362,1.7376195,109.756096,24.804636
2014-07-15 04,19.911655,0.84964705,22.349085,25.29992
2014-07-15 05,29.51636,1.0268054,44.573086,65.85366
2014-07-15 06,33.428165,0.9984355,39.691532,55.792683
2014-07-15 07,40.54054,1.7376195,93.49593,60.67073
2014-07-15 08,40.54054,1.7376195,21.144943,71.03658
2014-07-15 09,19.631002,1.7376195,23.718182,62.19512
2014-07-15 10,35.20626,1.520417,22.966406,24.890482
2014-07-15 11,33.961594,1.520417,102.13415,24.585648
2014-07-15 12,19.872742,0.8668551,25.5705,33.23171
2014-07-15 13,33.428165,1.7376195,23.225391,24.62443
2014-07-15 14,19.693579,1.7376195,22.62387,25.17503
2014-07-15 15,31.116644,1.7376195,111.28048,24.472652
2014-07-15 16,30.583216,0.8932149,119.41057,25.398643
2014-07-15 17,32.36131,0.9153795,106.19919,45.73171
2014-07-15 18,20.062725,2.1720243,22.397228,25.480883
2014-07-15 19,41.607395,0.9091315,140.2439,26.198252
2014-07-15 20,42.140823,1.7376195,23.413034,24.520517
2014-07-15 21,38.05121,1.7376195,165.6504,24.778715
2014-07-15 22,34.672832,0.9906145,50.337208,77.743904
2014-07-15 23,32.716927,1.7376195,140.75203,24.76014
2014-07-16 00,32.00569,1.0176775,48.70364,73.47561
2014-07-16 01,26.13798,1.7376195,119.41057,25.05584
2014-07-16 02,19.821415,1.520417,104.6748,24.79947
2014-07-16 03,25.071123,0.8819252,103.150406,24.670712
2014-07-16 04,25.071123,1.7376195,105.69106,24.704676
2014-07-16 05,27.560455,1.7376195,89.939026,44.512196
2014-07-16 06,19.75082,1.7376195,22.574001,44.817074
2014-07-16 07,40.00711,1.7376195,102.13415,56.40244
2014-07-16 08,41.785206,1.7376195,21.52156,60.67073
2014-07-16 09,19.573463,1.7376195,23.704231,59.756096
2014-07-16 10,19.846931,0.8761278,111.28048,25.812069
2014-07-16 11,19.744568,1.520417,108.231705,47.865852
2014-07-16 12,34.31721,1.520417,126.01626,47.256096
2014-07-16 13,33.961594,1.7376195,22.777508,24.725538
2014-07-16 14,33.428165,1.520417,107.72358,47.865852
2014-07-16 15,20.30467,0.944884,32.8028,50.609756
2014-07-16 16,19.818796,0.8838228,117.88618,25.171835
2014-07-16 17,35.02845,0.8738724,25.528492,24.967476
2014-07-16 18,20.612503,0.9901553,43.947163,68.29269
2014-07-16 19,19.26452,0.90801,146.34148,79.268295
2014-07-16 20,19.752403,1.7376195,23.180485,77.13415
2014-07-16 21,40.54054,1.7376195,161.58537,61.280487
2014-07-16 22,36.273117,0.88329107,26.214048,25.930927
2014-07-16 23,33.961594,0.9283024,145.83333,81.402435
2014-07-17 00,19.837727,0.8439175,23.067665,25.595108
2014-07-17 01,26.849218,1.7376195,118.902435,24.665674
2014-07-17 02,24.893316,1.7376195,22.526663,25.043304
2014-07-17 03,19.905266,1.7376195,22.95539,25.643705
2014-07-17 04,19.916046,0.84012145,22.901608,25.210075
2014-07-17 05,19.865372,1.7376195,22.952682,25.235632
2014-07-17 06,32.894737,1.7376195,64.02439,29.878048
2014-07-17 07,19.806847,1.7376195,80.28455,24.688652
2014-07-17 08,40.18492,0.9185729,89.4309,23.971603
2014-07-17 09,35.73969,1.9548218,100.60975,47.865852
2014-07-17 10,33.250355,0.9276724,102.64227,53.658535
2014-07-17 11,19.7745,0.8515497,22.64388,25.186808
2014-07-17 12,19.668238,1.7376195,114.837395,42.378048
2014-07-17 13,19.654598,1.7376195,118.902435,35.365852
2014-07-17 14,19.735514,1.520417,23.08672,40.548782
2014-07-17 15,19.842808,1.520417,22.85062,43.90244
2014-07-17 16,30.761024,1.7376195,112.296745,24.54168
2014-07-17 17,20.285484,0.9435793,34.928158,53.658535
2014-07-17 18,19.308697,0.90299344,108.231705,57.012196
2014-07-17 19,40.71835,1.1087611,43.675426,70.731705
2014-07-17 20,19.720211,1.9548218,23.638231,65.243904
2014-07-17 21,37.873398,1.0587451,38.14331,56.09756
2014-07-17 22,19.511417,1.7376195,166.66667,71.03658
2014-07-17 23,33.605976,0.92189026,151.42276,75.60976
2014-07-18 00,19.83318,1.7376195,23.08855,25.250477
2014-07-18 01,25.782362,0.9028615,110.26423,53.658535
2014-07-18 02,19.733023,0.9149787,94.51219,47.865852
2014-07-18 03,19.48475,0.9077784,92.479675,42.378048
2014-07-18 04,19.545605,1.7376195,22.89528,42.378048
2014-07-18 05,19.515594,1.7376195,94.00407,44.512196
2014-07-18 06,32.36131,1.7376195,70.63008,31.09756
2014-07-18 07,19.521526,0.8353648,23.086206,25.329634
2014-07-18 08,19.331163,0.9146302,87.39838,47.560974
2014-07-18 09,35.384068,0.86880976,91.97154,42.682926
2014-07-18 10,33.605976,1.3032146,114.837395,24.622927
2014-07-18 11,19.86725,1.3032146,112.296745,47.865852
2014-07-18 12,19.666468,1.3032146,125.0,46.951218
2014-07-18 13,19.606148,1.7376195,22.659039,42.378048
2014-07-18 14,19.680708,1.7376195,85.36585,24.430023
2014-07-18 15,19.404093,0.88803864,92.98781,44.207317
2014-07-18 16,20.046385,1.7376195,23.128225,24.899748
2014-07-18 17,35.02845,1.520417,99.5935,23.816198
2014-07-18 18,19.405355,2.1720243,23.402212,55.487804
2014-07-18 19,35.917496,1.7376195,23.850777,63.719513
2014-07-18 20,38.584637,2.8236315,23.233444,60.67073
2014-07-18 21,19.771233,0.84283334,22.534124,25.666986
2014-07-18 22,33.428165,1.7376195,158.02846,64.32927
2014-07-18 23,32.894737,0.98910195,39.451557,54.878048
2014-07-19 00,33.783783,1.7376195,23.099644,24.389696
2014-07-19 01,28.449503,1.7376195,109.24797,47.865852
2014-07-19 02,27.916075,0.9142655,97.560974,44.207317
2014-07-19 03,19.69546,0.88057786,99.085365,25.41594
2014-07-19 04,28.449503,1.7376195,101.11789,42.07317
2014-07-19 05,29.51636,0.87085176,24.183199,25.410395
2014-07-19 06,33.428165,0.8897575,26.10519,27.743902
2014-07-19 07,19.534445,0.90914077,86.89024,31.09756
2014-07-19 08,19.851398,0.846434,22.490946,25.874483
2014-07-19 09,33.961594,3.040834,101.626015,31.40244
2014-07-19 10,34.31721,1.9548218,22.563404,30.792683
2014-07-19 11,33.605976,1.7376195,140.2439,32.317074
2014-07-19 12,35.20626,1.7376195,23.264511,24.258627
2014-07-19 13,34.85064,0.88700086,25.182795,25.20554
2014-07-19 14,33.961594,1.7376195,113.82114,39.939026
2014-07-19 15,19.780771,1.7376195,22.709473,34.756096
2014-07-19 16,33.605976,0.88300514,25.17061,25.607664
2014-07-19 17,34.85064,0.89897287,116.361786,25.10488
2014-07-19 18,19.994373,1.7376195,22.657824,24.773859
2014-07-19 19,37.69559,1.7376195,23.189344,24.257824
2014-07-19 20,38.05121,1.7376195,23.561611,40.243904
2014-07-19 21,19.902702,1.7376195,22.952087,24.917227
2014-07-19 22,33.783783,1.7376195,138.21138,52.743904
2014-07-19 23,20.058525,1.7376195,22.920542,25.598656
2014-07-20 00,19.63883,1.7376195,126.01626,45.73171
2014-07-20 01,27.738264,0.0,103.150406,50.0
2014-07-20 02,26.31579,0.0,97.560974,23.856066
2014-07-20 03,25.960173,0.9035364,29.557428,39.634148
2014-07-20 04,19.52644,0.88774866,91.97154,25.164639
2014-07-20 05,27.560455,1.7376195,79.77642,23.807287
2014-07-20 06,19.569353,1.7376195,51.82927,23.874153
2014-07-20 07,19.526371,0.8987443,66.05691,25.609756
2014-07-20 08,32.894737,1.7376195,72.15447,25.0
2014-07-20 09,34.49502,1.7376195,82.31707,24.390244
2014-07-20 10,35.73969,1.7376195,23.364182,26.524391
2014-07-20 11,36.450924,0.8972158,25.844812,26.001179
2014-07-20 12,19.833183,1.7376195,134.65446,24.957712
2014-07-20 13,34.85064,0.8760461,25.6314,25.32974
2014-07-20 14,19.931152,0.88726556,96.03658,25.0
2014-07-20 15,32.36131,1.520417,85.36585,23.951918
2014-07-20 16,32.716927,1.7376195,22.548628,25.0
2014-07-20 17,33.072548,1.7376195,81.30081,30.487804
2014-07-20 18,19.907566,1.7376195,78.760155,29.268293
2014-07-20 19,41.073967,1.9548218,99.5935,31.707317
2014-07-20 20,19.634272,0.85174245,23.053255,25.412434
2014-07-20 21,19.797096,0.8439194,23.037735,25.836086
2014-07-20 22,33.072548,0.9105891,146.84958,58.23171
2014-07-20 23,33.961594,0.8801347,124.49187,25.110392
2014-07-21 00,19.70357,0.8506726,22.796072,25.123796
2014-07-21 01,19.77107,1.7376195,99.085365,39.02439
2014-07-21 02,24.359886,1.7376195,89.939026,36.280487
2014-07-21 03,20.001692,0.8794099,26.19347,35.365852
2014-07-21 04,24.893316,0.9194983,90.955284,35.67073
2014-07-21 05,19.757187,0.8699962,26.333899,35.060974
2014-07-21 06,19.730658,1.7376195,22.750969,25.176228
2014-07-21 07,19.67443,0.8816847,85.873985,24.822477
2014-07-21 08,38.940254,1.7376195,73.17074,23.860455
2014-07-21 09,19.825706,1.7376195,92.479675,26.524391
2014-07-21 10,35.20626,0.92660403,29.172802,34.451218
2014-07-21 11,19.586212,1.3032146,105.18294,30.487804
2014-07-21 12,33.605976,1.3032146,116.361786,23.957079
2014-07-21 13,19.870325,0.90051866,94.51219,28.658537
2014-07-21 14,19.525251,0.8661447,102.13415,25.353428
2014-07-21 15,32.53912,0.89101595,99.5935,24.92541
2014-07-21 16,19.980814,0.9295747,30.940416,46.951218
2014-07-21 17,33.428165,0.8911833,101.626015,24.752958
2014-07-21 18,20.43315,0.94750524,35.578213,54.878048
2014-07-21 19,40.89616,1.7376195,136.17886,64.63415
2014-07-21 20,40.54054,1.081077,37.069393,55.182926
2014-07-21 21,35.917496,1.7376195,153.96341,24.86746
2014-07-21 22,34.139404,1.7376195,158.53659,69.51219
2014-07-21 23,19.631887,1.7376195,149.89838,65.85366
2014-07-22 00,19.618916,1.7376195,143.29268,52.439026
2014-07-22 01,26.493599,1.7376195,107.21545,46.951218
2014-07-22 02,20.236553,0.92797554,30.350739,45.73171
2014-07-22 03,25.782362,1.7376195,97.05285,44.817074
2014-07-22 04,19.648848,1.7376195,22.968182,43.292683
2014-07-22 05,27.916075,1.7376195,91.97154,23.819048
2014-07-22 06,19.574345,0.9189447,67.07317,35.060974
2014-07-22 07,37.162163,1.7376195,89.4309,24.26262
2014-07-22 08,19.713175,0.85358375,22.65883,25.259167
2014-07-22 09,36.095306,1.7376195,23.539387,36.280487
2014-07-22 10,36.095306,1.520417,120.42683,24.840336
2014-07-22 11,33.250355,1.520417,117.37805,24.476925
2014-07-22 12,34.49502,0.8984782,101.626015,24.656502
2014-07-22 13,19.727137,1.7376195,84.85773,37.5
2014-07-22 14,19.55496,0.867538,105.18294,25.607492
2014-07-22 15,32.1835,0.9010708,110.26423,37.80488
2014-07-22 16,19.864342,1.7376195,105.18294,25.147148
2014-07-22 17,34.672832,0.9321556,94.00407,46.036587
2014-07-22 18,36.628735,0.8951446,121.951225,24.546642
2014-07-22 19,40.89616,1.7376195,144.81708,64.63415
2014-07-22 20,42.318634,0.98515356,142.27643,63.109756
2014-07-22 21,38.22902,1.0855677,39.10628,59.146343
2014-07-22 22,19.720541,1.7376195,22.743967,25.534842
2014-07-22 23,35.73969,1.0877687,41.83409,63.719513
2014-07-23 00,33.250355,1.7376195,23.271736,52.134148
2014-07-23 01,19.511675,1.7376195,114.32927,46.036587
2014-07-23 02,19.815535,1.520417,105.69106,25.190441
2014-07-23 03,25.426743,1.7376195,98.57723,41.463413
2014-07-23 04,19.90821,1.7376195,22.947767,41.158535
2014-07-23 05,28.093885,1.7376195,97.05285,44.207317
2014-07-23 06,32.894737,1.7376195,67.5813,32.621952
2014-07-23 07,37.51778,1.7376195,22.592382,24.888302
2014-07-23 08,41.42959,1.7376195,22.631636,24.80861
2014-07-23 09,19.606998,1.7376195,89.939026,34.146343
2014-07-23 10,34.31721,0.8990373,118.902435,24.48226
2014-07-23 11,19.636251,0.8848694,97.560974,25.080372
2014-07-23 12,20.352287,0.9524535,33.53428,52.134148
2014-07-23 13,20.200539,0.920037,30.884066,46.036587
2014-07-23 14,19.670069,0.8907636,113.31301,42.987804
2014-07-23 15,30.583216,1.520417,23.284271,40.853657
2014-07-23 16,19.646797,0.8369863,23.083273,25.519901
2014-07-23 17,34.85064,0.9775201,35.540657,47.865852
2014-07-23 18,19.906736,2.606429,88.922775,25.447397
2014-07-23 19,37.339973,0.91198057,131.6057,59.146343
2014-07-23 20,40.18492,1.0442383,34.519543,49.085365
2014-07-23 21,19.666834,1.7376195,140.2439,53.353657
2014-07-23 22,19.505432,1.7376195,23.297533,66.768295
2014-07-23 23,33.605976,1.7376195,22.950232,24.393778
2014-07-24 00,32.716927,0.9918304,37.995888,53.353657
2014-07-24 01,19.642815,1.7376195,108.231705,25.353334
2014-07-24 02,19.698751,0.90469265,96.03658,44.207317
2014-07-24 03,26.31579,1.7376195,95.52846,42.378048
2014-07-24 04,25.604551,1.7376195,91.46342,24.078932
2014-07-24 05,28.80512,0.92926085,84.85773,42.987804
2014-07-24 06,19.619099,1.7376195,66.05691,24.36367
2014-07-24 07,36.984352,0.88825595,26.212004,25.824217
2014-07-24 08,19.769049,1.7376195,82.8252,34.756096
2014-07-24 09,34.85064,1.9548218,22.96945,25.10693
2014-07-24 10,33.783783,1.7376195,99.085365,44.817074
2014-07-24 11,19.801052,1.7376195,98.06911,24.511047
2014-07-24 12,33.605976,0.90125036,107.21545,44.512196
2014-07-24 13,33.783783,0.8821366,25.425568,25.895777
2014-07-24 14,32.894737,1.520417,23.492954,34.146343
2014-07-24 15,31.472261,1.520417,22.619324,32.012196
2014-07-24 16,19.79582,1.7376195,23.255972,41.158535
2014-07-24 17,19.794342,0.8795179,101.11789,25.041769
2014-07-24 18,35.56188,0.90397954,122.967476,59.451218
2014-07-24 19,37.162163,0.89344984,25.809528,25.37044
2014-07-24 20,20.026619,0.84256417,165.6504,26.421267
2014-07-24 21,19.709259,0.84756166,149.39024,26.04927
2014-07-24 22,33.250355,0.92285043,148.88211,85.36585
2014-07-24 23,19.389568,1.7376195,124.49187,83.53658
2014-07-25 00,32.1835,1.7376195,144.30894,75.60976
2014-07-25 01,19.707098,0.88518786,112.80488,25.07068
2014-07-25 02,24.715506,1.0100305,45.37484,68.902435
2014-07-25 03,25.604551,0.9338023,97.05285,66.15854
2014-07-25 04,19.402048,1.7376195,95.52846,66.15854
2014-07-25 05,29.160742,0.9348822,87.39838,68.597565
2014-07-25 06,33.605976,1.7376195,63.00813,57.317074
2014-07-25 07,19.44728,1.7376195,87.39838,64.63415
2014-07-25 08,38.584637,1.7376195,100.60975,70.42683
2014-07-25 09,33.783783,1.0513301,46.765274,72.256096
2014-07-25 10,33.072548,1.3032146,109.24797,24.257837
2014-07-25 11,19.33638,0.89722705,111.78862,64.939026
2014-07-25 12,19.661964,1.3032146,116.361786,24.515337
2014-07-25 13,33.605976,1.7376195,103.150406,24.321405
2014-07-25 14,33.605976,1.7376195,109.756096,45.121952
2014-07-25 15,33.072548,1.7376195,101.626015,53.963413
2014-07-25 16,19.858131,0.88942844,93.49593,25.213528
2014-07-25 17,33.961594,1.520417,99.085365,65.85366
2014-07-25 18,20.129112,0.9675003,37.804146,59.451218
2014-07-25 19,19.865488,1.7376195,141.7683,56.707317
2014-07-25 20,19.685234,0.865591,141.26016,26.34232
2014-07-25 21,34.672832,1.7376195,139.73578,51.52439
2014-07-25 22,20.496702,1.0142817,46.034355,73.17073
2014-07-25 23,33.250355,1.7376195,23.987516,78.35366
2014-07-26 00,32.716927,0.8922994,24.40472,25.316835
2014-07-26 01,26.849218,1.7376195,23.131166,51.219513
2014-07-26 02,25.071123,0.86522704,22.869635,25.13108
2014-07-26 03,19.506693,0.9091947,102.13415,44.207317
2014-07-26 04,19.574846,0.8972483,102.64227,41.76829
2014-07-26 05,19.92681,2.1720243,94.51219,25.523182
2014-07-26 06,19.775274,0.91076,59.451218,34.451218
2014-07-26 07,34.139404,1.7376195,23.007736,34.146343
2014-07-26 08,36.806545,2.1720243,91.46342,24.738253
2014-07-26 09,19.709856,3.040834,101.626015,43.59756
2014-07-26 10,19.829582,1.9548218,116.86991,25.089737
2014-07-26 11,19.502039,0.89303654,121.951225,52.134148
2014-07-26 12,37.51778,0.98315763,33.134163,43.59756
2014-07-26 13,19.577139,1.7376195,116.361786,40.548782
2014-07-26 14,33.961594,1.7376195,115.85366,41.158535
2014-07-26 15,34.672832,1.7376195,124.49187,24.35446
2014-07-26 16,35.20626,1.7376195,94.51219,49.390244
2014-07-26 17,35.02845,1.9548218,98.57723,24.202354
2014-07-26 18,36.984352,1.7376195,23.205935,24.515099
2014-07-26 19,41.073967,0.8866824,133.63821,25.07341
2014-07-26 20,41.42959,0.90428734,133.13008,25.418692
2014-07-26 21,36.628735,0.8838979,26.42044,26.09176
2014-07-26 22,32.716927,0.8662031,142.27643,89.63415
2014-07-26 23,32.716927,1.7376195,22.641863,24.91139
2014-07-27 00,19.521454,1.7376195,134.14635,67.98781
2014-07-27 01,20.819681,0.0,113.31301,70.12195
2014-07-27 02,22.014061,0.0,62.143745,31.831972
2014-07-27 03,24.715506,1.520417,100.10162,23.872763
2014-07-27 04,20.179588,0.9835652,38.430267,61.280487
2014-07-27 05,19.480276,1.7376195,84.85773,59.756096
2014-07-27 06,32.1835,1.7376195,68.08943,23.922785
2014-07-27 07,31.116644,0.9187741,69.10569,24.192862
2014-07-27 08,32.894737,1.7376195,85.36585,42.682926
2014-07-27 09,19.451017,1.7376195,89.939026,44.207317
2014-07-27 10,36.806545,1.7376195,22.939339,24.985504
2014-07-27 11,37.69559,1.7376195,23.539934,44.207317
2014-07-27 12,19.792421,1.7376195,22.785835,36.280487
2014-07-27 13,20.001425,1.7376195,22.571875,24.980991
2014-07-27 14,34.139404,0.9349023,31.219267,39.02439
2014-07-27 15,19.776367,0.8840427,24.992151,33.536587
2014-07-27 16,33.605976,1.7376195,23.349852,33.23171
2014-07-27 17,19.728878,0.8869708,80.28455,24.983149
2014-07-27 18,19.880558,1.7376195,83.333336,24.66336
2014-07-27 19,41.251778,1.9548218,115.34553,24.90141
2014-07-27 20,19.487848,1.7376195,117.37805,53.353657
2014-07-27 21,37.339973,1.0946324,41.39588,63.109756
2014-07-27 22,33.428165,1.7376195,150.91463,82.01219
2014-07-27 23,35.02845,0.8712627,144.30894,24.948246
2014-07-28 00,32.36131,1.7376195,137.70325,74.69512
2014-07-28 01,19.72294,0.8875514,103.150406,24.980776
2014-07-28 02,19.858105,0.8377868,22.919992,25.590385
2014-07-28 03,24.715506,0.92737246,91.97154,45.121952
2014-07-28 04,25.071123,0.8858722,98.57723,24.306978
2014-07-28 05,27.738264,1.7376195,89.4309,42.987804
2014-07-28 06,33.072548,0.9175393,29.650667,35.97561
2014-07-28 07,35.73969,1.7376195,22.778309,35.67073
2014-07-28 08,40.18492,1.7376195,23.264246,39.02439
2014-07-28 09,19.774687,0.89901316,80.79269,43.90244
2014-07-28 10,36.273117,0.8799196,117.88618,25.103218
2014-07-28 11,20.496904,0.9645125,36.65731,57.317074
2014-07-28 12,20.158918,0.94270164,36.794224,56.40244
2014-07-28 13,35.384068,0.9221788,113.31301,44.207317
2014-07-28 14,19.718035,0.9004994,102.13415,51.82927
2014-07-28 15,33.250355,1.520417,102.13415,60.060974
2014-07-28 16,19.612204,1.7376195,92.479675,68.29269
2014-07-28 17,19.923374,0.8370403,22.535343,25.441677
2014-07-28 18,35.384068,2.1720243,112.80488,24.211504
2014-07-28 19,40.71835,0.8926604,151.42276,25.8976
2014-07-28 20,41.42959,1.7376195,145.32521,24.462181
2014-07-28 21,36.628735,0.89961207,25.601852,25.66342
2014-07-28 22,19.947535,1.7376195,154.97968,25.52991
2014-07-28 23,19.280096,1.7376195,131.6057,88.71951
2014-07-29 00,32.36131,0.96250015,52.109737,80.79269
2014-07-29 01,19.471563,1.7376195,23.167248,66.768295
2014-07-29 02,19.703672,0.8878592,96.544716,25.544664
2014-07-29 03,20.599522,0.99323046,39.15972,62.5
2014-07-29 04,25.604551,0.8921047,98.57723,24.682741
2014-07-29 05,28.80512,0.9104483,89.939026,24.982344
2014-07-29 06,33.072548,0.9391147,60.975613,51.219513
2014-07-29 07,36.984352,1.015078,36.69652,51.52439
2014-07-29 08,39.118065,0.9762379,86.38211,62.19512
2014-07-29 09,35.384068,1.7376195,22.853205,24.435787
2014-07-29 10,19.571093,1.520417,117.88618,49.085365
2014-07-29 11,34.139404,0.9059839,111.28048,46.036587
2014-07-29 12,19.74207,0.9195322,87.39838,48.47561
2014-07-29 13,33.250355,1.7376195,22.665598,33.841465
2014-07-29 14,32.53912,0.9240258,87.39838,33.536587
2014-07-29 15,33.072548,1.7376195,91.46342,37.5
2014-07-29 16,19.869104,1.7376195,99.085365,24.766798
2014-07-29 17,34.85064,1.7376195,94.00407,54.57317
2014-07-29 18,36.628735,2.1720243,97.05285,24.516237
2014-07-29 19,43.91892,1.7376195,144.81708,61.585365
2014-07-29 20,19.766104,1.7376195,23.789436,76.21951
2014-07-29 21,39.118065,0.90588814,26.157999,25.96428
2014-07-29 22,19.828163,1.7376195,166.66667,25.730854
2014-07-29 23,19.828032,1.7376195,137.19513,25.258139
2014-07-30 00,32.53912,0.86737525,25.361107,25.61712
2014-07-30 01,27.560455,0.9179227,117.88618,51.219513
2014-07-30 02,26.13798,0.94647896,33.6852,48.780487
2014-07-30 03,26.13798,1.7376195,23.036482,45.42683
2014-07-30 04,19.685293,1.7376195,99.085365,49.390244
2014-07-30 05,28.449503,0.9466793,34.799397,48.780487
2014-07-30 06,19.597637,0.913787,72.662605,37.80488
2014-07-30 07,38.406826,1.7376195,82.31707,23.792337
2014-07-30 08,19.538889,0.88810045,100.10162,25.620237
2014-07-30 09,19.372408,0.8977413,93.49593,45.73171
2014-07-30 10,35.02845,0.8955364,113.82114,25.122963
2014-07-30 11,34.139404,1.520417,106.19919,59.756096
2014-07-30 12,19.619888,1.520417,108.73984,24.858093
2014-07-30 13,19.692781,1.7376195,90.44715,50.914635
2014-07-30 14,32.36131,1.028641,43.27911,62.80488
2014-07-30 15,31.472261,1.520417,108.231705,56.707317
2014-07-30 16,32.894737,1.7376195,105.69106,56.40244
2014-07-30 17,36.095306,2.1720243,107.72358,57.012196
2014-07-30 18,35.20626,2.606429,131.09756,72.256096
2014-07-30 19,19.386074,1.7376195,158.53659,74.085365
2014-07-30 20,19.802622,1.7376195,160.5691,25.612011
2014-07-30 21,19.973848,1.7376195,23.54908,78.96342
2014-07-30 22,33.783783,0.88302034,155.48781,24.962156
2014-07-30 23,19.71859,1.7376195,142.78455,94.81707
2014-07-31 00,32.1835,0.82796097,137.19513,92.98781
2014-07-31 01,27.738264,0.9195329,112.80488,73.17073
2014-07-31 02,25.248934,1.7376195,102.64227,24.020033
2014-07-31 03,25.071123,0.8879653,96.03658,24.345068
2014-07-31 04,25.426743,0.9028157,100.10162,24.86019
2014-07-31 05,28.271692,1.7376195,91.97154,65.243904
2014-07-31 06,33.428165,0.91894287,64.532524,24.382809
2014-07-31 07,19.508722,0.9153795,82.8252,65.54878
2014-07-31 08,19.222412,1.7376195,23.18929,67.68293
2014-07-31 09,33.961594,1.9548218,22.561909,24.402172
2014-07-31 10,33.250355,0.96924347,37.966846,51.52439
2014-07-31 11,32.716927,1.7376195,109.24797,24.407043
2014-07-31 12,34.672832,0.97359353,35.71544,47.865852
2014-07-31 13,19.458733,0.89483947,96.544716,37.80488
2014-07-31 14,33.250355,1.520417,22.569769,24.479548
2014-07-31 15,31.116644,1.520417,106.19919,24.30696
2014-07-31 16,19.98723,1.7376195,23.13689,24.93978
2014-07-31 17,19.333405,1.7376195,106.19919,67.68293
2014-07-31 18,34.672832,1.520417,124.49187,75.914635
2014-07-31 19,19.562994,1.7376195,155.99594,82.01219
2014-07-31 20,38.584637,1.9548218,21.195436,86.89024
2014-07-31 21,19.98589,1.7376195,139.73578,25.435524
2014-07-31 22,19.867668,1.7376195,23.250431,76.82927
2014-07-31 23,15.647227,1.7376195,23.1104,25.188057
2014-08-01 00,19.453648,0.9017508,141.7683,82.62195
2014-08-01 01,27.382647,0.89989555,109.756096,24.974228
2014-08-01 02,25.426743,0.9172064,102.13415,67.68293
2014-08-01 03,19.465094,1.7376195,98.06911,67.98781
2014-08-01 04,25.426743,1.7376195,23.292702,67.37805
2014-08-01 05,19.437815,1.7376195,87.9065,65.85366
2014-08-01 06,32.894737,1.7376195,65.54878,53.353657
2014-08-01 07,19.667997,1.7376195,79.268295,24.72392
2014-08-01 08,37.873398,1.7376195,83.84146,46.951218
2014-08-01 09,20.229961,0.92782444,33.764786,50.914635
2014-08-01 10,19.619875,1.3032146,22.62108,24.76842
2014-08-01 11,35.20626,1.3032146,113.31301,42.682926
2014-08-01 12,33.250355,1.3032146,98.57723,46.341465
2014-08-01 13,34.31721,1.7376195,97.05285,24.466434
2014-08-01 14,34.139404,0.87924147,25.627647,25.886051
2014-08-01 15,19.472126,1.7376195,22.792725,47.256096
2014-08-01 16,33.072548,1.7376195,95.52846,38.109756
2014-08-01 17,34.139404,1.520417,106.70731,38.414635
2014-08-01 18,34.49502,2.1720243,22.976797,36.890244
2014-08-01 19,35.20626,1.7376195,144.81708,25.053116
2014-08-01 20,37.69559,2.8236315,22.738037,25.335155
2014-08-01 21,20.261871,0.9456076,33.301178,51.52439
2014-08-01 22,20.401268,0.9784634,39.77376,62.5
2014-08-01 23,33.072548,0.881786,120.93496,24.719662
2014-08-02 00,20.47563,0.95492977,37.71252,58.23171
2014-08-02 01,28.271692,1.7376195,22.773546,47.256096
2014-08-02 02,25.071123,1.7376195,22.863081,44.512196
2014-08-02 03,19.668644,0.9035601,90.955284,42.378048
2014-08-02 04,25.248934,1.7376195,95.02032,24.62783
2014-08-02 05,19.69961,2.1720243,23.131271,42.07317
2014-08-02 06,32.00569,0.9194731,28.12022,34.146343
2014-08-02 07,32.716927,0.8752511,25.169321,25.642796
2014-08-02 08,33.250355,0.9085679,85.873985,24.242424
2014-08-02 09,35.02845,3.040834,22.781393,30.182926
2014-08-02 10,19.732498,1.9548218,129.57317,32.92683
2014-08-02 11,19.848005,1.7376195,129.57317,38.414635
2014-08-02 12,36.095306,1.7376195,124.49187,37.80488
2014-08-02 13,34.85064,1.7376195,115.34553,24.088158
2014-08-02 14,33.250355,1.7376195,120.42683,34.451218
2014-08-02 15,19.692,1.7376195,108.231705,25.335413
2014-08-02 16,32.716927,0.88780344,112.296745,29.878048
2014-08-02 17,19.877724,1.9548218,22.568811,35.67073
2014-08-02 18,33.428165,1.7376195,22.862757,31.09756
2014-08-02 19,35.20626,0.9006133,134.65446,31.40244
2014-08-02 20,19.915369,0.8331308,22.77915,25.367079
2014-08-02 21,31.82788,0.9507678,32.01719,42.682926
2014-08-02 22,19.504316,1.7376195,144.81708,52.439026
2014-08-02 23,32.53912,1.7376195,23.136633,55.487804
2014-08-03 00,19.913816,1.7376195,22.927845,25.209063
2014-08-03 01,22.175453,0.0,76.380974,45.42683
2014-08-03 02,25.426743,0.0,63.338497,30.64571
2014-08-03 03,20.013515,1.520417,99.085365,25.071518
2014-08-03 04,25.426743,0.87303424,22.92458,25.464087
2014-08-03 05,19.72225,1.7376195,22.500326,37.5
2014-08-03 06,31.116644,1.7376195,67.5813,29.573172
2014-08-03 07,30.227598,0.8747991,24.613384,25.914635
2014-08-03 08,31.65007,0.9246252,85.873985,29.268293
2014-08-03 09,34.672832,0.90750754,25.468065,26.829268
2014-08-03 10,19.953096,1.7376195,23.145708,25.575586
2014-08-03 11,35.73969,1.7376195,22.904932,38.719513
2014-08-03 12,36.450924,1.7376195,138.21138,24.978592
2014-08-03 13,34.49502,0.9042653,104.166664,24.553747
2014-08-03 14,32.894737,1.7376195,96.03658,24.49166
2014-08-03 15,19.940168,0.8366872,22.397427,22.865854
2014-08-03 16,19.651228,1.7376195,84.349594,26.524391
2014-08-03 17,19.817612,0.8937688,83.333336,27.743902
2014-08-03 18,35.02845,1.7376195,87.39838,28.04878
2014-08-03 19,19.849386,1.9548218,98.57723,33.536587
2014-08-03 20,41.607395,1.7376195,111.78862,24.542408
2014-08-03 21,34.85064,1.7376195,22.797367,41.463413
2014-08-03 22,19.669567,1.7376195,147.35773,56.40244
2014-08-03 23,33.072548,0.8795748,24.876707,25.224249
2014-08-04 00,19.614658,0.8664866,124.49187,25.359686
2014-08-04 01,19.882105,0.89817226,106.70731,37.5
2014-08-04 02,25.071123,1.7376195,22.684465,37.19512
2014-08-04 03,19.882206,0.89277655,95.52846,24.845318
2014-08-04 04,25.426743,0.8511352,23.120455,24.610317
2014-08-04 05,19.770298,1.7376195,88.414635,34.451218
2014-08-04 06,19.934555,0.8695964,23.997553,30.487804
2014-08-04 07,19.742325,0.89653045,81.808945,28.353659
2014-08-04 08,37.873398,1.7376195,83.333336,24.017471
2014-08-04 09,35.02845,0.88353074,24.669727,23.475609
2014-08-04 10,35.56188,1.7376195,23.056412,24.78538
2014-08-04 11,32.716927,0.90972394,105.69106,25.06585
2014-08-04 12,19.801132,0.89488786,109.24797,34.146343
2014-08-04 13,35.02845,1.520417,109.24797,24.250887
2014-08-04 14,19.9188,0.84756815,22.405611,25.097876
2014-08-04 15,32.36131,1.520417,96.544716,24.012926
2014-08-04 16,32.894737,0.8832871,24.908699,25.574007
2014-08-04 17,32.716927,1.7376195,94.51219,24.349642
2014-08-04 18,19.708008,2.1720243,23.324759,53.048782
2014-08-04 19,40.71835,1.0573865,34.150913,49.085365
2014-08-04 20,20.000114,0.9251864,31.685743,47.865852
2014-08-04 21,34.139404,1.7376195,145.32521,45.121952
2014-08-04 22,32.716927,1.7376195,23.635757,59.451218
2014-08-04 23,20.545254,0.9666436,37.421738,58.536587
2014-08-05 00,19.446453,0.8847499,117.88618,51.82927
2014-08-05 01,27.382647,1.7376195,103.150406,45.121952
2014-08-05 02,19.567518,1.7376195,94.00407,41.76829
2014-08-05 03,19.986055,1.7376195,91.97154,24.657509
2014-08-05 04,25.248934,1.7376195,92.479675,38.414635
2014-08-05 05,19.599653,0.84693563,22.958912,25.595083
2014-08-05 06,19.522629,0.89730185,59.95935,24.671648
2014-08-05 07,19.89585,0.8935378,80.79269,25.121944
2014-08-05 08,19.64979,1.7376195,97.05285,25.334387
2014-08-05 09,34.672832,1.7376195,98.06911,24.216911
2014-08-05 10,19.890463,0.8711213,121.4431,31.09756
2014-08-05 11,34.31721,1.520417,22.615126,31.40244
2014-08-05 12,32.894737,1.3032146,107.72358,33.536587
2014-08-05 13,32.894737,1.7376195,22.541685,30.182926
2014-08-05 14,32.716927,0.9250998,27.619114,33.23171
2014-08-05 15,30.405405,0.90129167,87.9065,24.226648
2014-08-05 16,19.5494,1.7376195,22.85595,37.5
2014-08-05 17,19.647165,1.7376195,90.44715,24.607576
2014-08-05 18,34.672832,0.88434887,108.231705,24.243296
2014-08-05 19,38.05121,0.8808836,125.0,24.45153
2014-08-05 20,40.00711,0.8940044,135.1626,24.669752
2014-08-05 21,34.49502,1.7376195,23.170923,57.92683
2014-08-05 22,33.605976,0.910737,153.45529,67.37805
2014-08-05 23,33.428165,1.7376195,133.63821,60.365852
2014-08-06 00,33.428165,0.92123735,122.45935,54.57317
2014-08-06 01,27.382647,0.9190364,96.544716,48.47561
2014-08-06 02,20.27027,1.520417,92.98781,24.16938
2014-08-06 03,19.622293,0.8515765,22.55042,25.274456
2014-08-06 04,27.738264,0.92681193,30.043648,40.853657
2014-08-06 05,29.160742,1.7376195,22.64893,24.470158
2014-08-06 06,32.894737,0.92812914,74.18699,34.451218
2014-08-06 07,36.806545,1.7376195,85.873985,32.621952
2014-08-06 08,40.54054,1.7376195,97.05285,33.841465
2014-08-06 09,19.605513,1.7376195,22.96796,35.365852
2014-08-06 10,19.921219,1.520417,22.862324,40.548782
2014-08-06 11,19.555756,1.520417,22.887236,40.853657
2014-08-06 12,19.640297,0.89382344,107.72358,45.73171
2014-08-06 13,32.894737,1.7376195,96.03658,35.97561
2014-08-06 14,19.847206,0.87052727,100.10162,25.362423
2014-08-06 15,19.605331,0.9051683,88.922775,41.158535
2014-08-06 16,19.952854,0.8336702,22.952003,25.516556
2014-08-06 17,33.250355,2.1720243,23.221518,24.717125
2014-08-06 18,35.917496,2.606429,22.990519,25.230259
2014-08-06 19,41.607395,1.7376195,146.84958,44.207317
2014-08-06 20,19.760513,1.7376195,22.840572,53.048782
2014-08-06 21,19.495968,1.7376195,163.61789,59.146343
2014-08-06 22,19.80871,1.7376195,22.966188,25.47774
2014-08-06 23,19.9458,0.855379,130.0813,25.672325
2014-08-07 00,19.528,0.8743077,128.04878,50.609756
2014-08-07 01,28.80512,1.7376195,23.213259,43.90244
2014-08-07 02,26.849218,1.7376195,102.13415,40.853657
2014-08-07 03,27.560455,0.9255905,28.464493,38.109756
2014-08-07 04,19.738422,1.7376195,97.560974,38.719513
2014-08-07 05,28.449503,1.7376195,100.10162,38.719513
2014-08-07 06,19.671684,1.7376195,73.67886,31.40244
2014-08-07 07,35.02845,1.7376195,97.05285,34.756096
2014-08-07 08,37.339973,1.7376195,95.02032,24.25606
2014-08-07 09,34.31721,0.9055034,97.560974,34.451218
2014-08-07 10,19.669779,1.7376195,109.756096,25.192743
2014-08-07 11,33.428165,1.7376195,23.44621,35.97561
2014-08-07 12,33.072548,1.7376195,23.299564,24.24425
2014-08-07 13,19.673946,0.8874555,91.97154,32.317074
2014-08-07 14,19.68471,1.520417,98.57723,35.060974
2014-08-07 15,32.00569,1.520417,22.54931,30.182926
2014-08-07 16,19.869347,1.7376195,22.879177,35.060974
2014-08-07 17,19.664001,0.8827381,110.26423,45.121952
2014-08-07 18,35.917496,1.520417,113.31301,50.0
2014-08-07 19,40.89616,1.7376195,129.57317,53.353657
2014-08-07 20,41.073967,0.9368025,133.13008,53.048782
2014-08-07 21,37.873398,0.8908462,26.217245,25.50658
2014-08-07 22,33.250355,0.9099746,141.7683,61.280487
2014-08-07 23,33.250355,1.7376195,125.50813,24.206526
2014-08-08 00,19.494722,1.7376195,127.03253,67.07317
2014-08-08 01,28.449503,0.91358453,103.65854,46.341465
2014-08-08 02,19.655499,1.7376195,23.322283,41.76829
2014-08-08 03,27.027029,1.7376195,22.755032,24.610664
2014-08-08 04,26.849218,1.7376195,95.02032,40.548782
2014-08-08 05,19.62314,1.7376195,89.4309,24.749763
2014-08-08 06,19.534864,0.8911083,74.18699,32.317074
2014-08-08 07,19.853006,1.7376195,88.414635,31.707317
2014-08-08 08,41.42959,1.7376195,89.939026,35.97561
2014-08-08 09,36.095306,0.86880976,30.210802,37.19512
2014-08-08 10,19.82747,1.3032146,105.69106,25.166843
2014-08-08 11,19.640827,1.3032146,88.922775,24.447626
2014-08-08 12,19.55488,0.8901116,97.05285,43.59756
2014-08-08 13,35.384068,1.7376195,94.51219,42.682926
2014-08-08 14,19.460222,0.8889603,102.13415,41.463413
2014-08-08 15,32.53912,1.7376195,106.70731,41.76829
2014-08-08 16,19.634958,0.89117765,99.085365,43.90244
2014-08-08 17,32.894737,0.9221556,101.11789,47.256096
2014-08-08 18,35.02845,2.1720243,120.93496,48.17073
2014-08-08 19,38.940254,1.0229763,33.66096,46.646343
2014-08-08 20,19.69674,2.8236315,22.841654,50.0
2014-08-08 21,35.02845,1.7376195,157.0122,25.2394
2014-08-08 22,33.250355,1.7376195,23.346502,24.470201
2014-08-08 23,19.649519,0.89556414,129.06505,54.878048
2014-08-09 00,19.897388,1.7376195,22.41294,25.321062
2014-08-09 01,26.493599,1.7376195,102.64227,24.888329
2014-08-09 02,26.849218,1.7376195,89.939026,48.47561
2014-08-09 03,25.426743,1.7376195,95.52846,42.682926
2014-08-09 04,19.839298,1.7376195,22.553528,40.853657
2014-08-09 05,27.916075,2.1720243,22.868223,39.32927
2014-08-09 06,19.592825,1.7376195,61.99187,32.621952
2014-08-09 07,33.072548,1.7376195,77.743904,27.743902
2014-08-09 08,34.672832,0.91318715,95.02032,29.268293
2014-08-09 09,34.31721,0.8772845,25.209618,24.991205
2014-08-09 10,37.162163,1.9548218,22.84978,36.890244
2014-08-09 11,36.984352,0.90205294,25.451204,25.365574
2014-08-09 12,19.815134,0.8789508,127.54066,25.773283
2014-08-09 13,19.832499,1.7376195,22.931793,24.884474
2014-08-09 14,33.961594,1.7376195,101.626015,24.180603
2014-08-09 15,19.757132,1.7376195,125.0,37.19512
2014-08-09 16,32.53912,1.7376195,125.0,39.02439
2014-08-09 17,19.647964,1.9548218,22.725521,39.939026
2014-08-09 18,37.51778,1.7376195,133.63821,24.30637
2014-08-09 19,19.837875,1.7376195,132.62195,40.243904
2014-08-09 20,40.89616,0.88112956,130.0813,25.428064
2014-08-09 21,19.65426,1.7376195,23.609732,58.536587
2014-08-09 22,19.869595,0.8445574,145.83333,25.821482
2014-08-09 23,33.605976,0.90187436,130.58943,51.82927
2014-08-10 00,19.590027,1.7376195,22.723238,51.82927
2014-08-10 01,28.093885,0.0,78.33867,43.90244
2014-08-10 02,22.202991,0.0,73.909676,42.378048
2014-08-10 03,19.8211,1.520417,22.965796,39.939026
2014-08-10 04,25.426743,1.520417,23.336752,35.365852
2014-08-10 05,28.80512,1.7376195,23.264685,25.07717
2014-08-10 06,31.65007,1.7376195,22.90021,30.182926
2014-08-10 07,33.250355,1.7376195,22.920895,23.780487
2014-08-10 08,32.894737,1.7376195,97.560974,23.998106
2014-08-10 09,19.707506,0.857096,22.77571,25.304878
2014-08-10 10,19.816486,1.7376195,23.05971,32.92683
2014-08-10 11,37.162163,1.7376195,138.71951,38.109756
2014-08-10 12,37.873398,1.7376195,23.721052,45.42683
2014-08-10 13,35.20626,0.9220194,104.166664,43.90244
2014-08-10 14,33.250355,0.89575803,96.544716,24.84009
2014-08-10 15,19.703062,1.520417,87.39838,24.231153
2014-08-10 16,32.53912,0.90817165,92.479675,35.97561
2014-08-10 17,34.672832,1.7376195,89.939026,35.67073
2014-08-10 18,36.628735,1.7376195,23.277733,37.80488
2014-08-10 19,40.00711,1.9548218,115.34553,37.80488
2014-08-10 20,20.015142,0.85838085,121.4431,25.334127
2014-08-10 21,19.419844,0.87781096,135.1626,53.963413
2014-08-10 22,20.047993,0.8772202,136.17886,26.115774
2014-08-10 23,32.894737,1.7376195,123.47561,51.82927
2014-08-11 00,32.894737,1.7376195,22.921211,48.780487
2014-08-11 01,19.784008,1.7376195,99.085365,38.109756
2014-08-11 02,25.604551,1.7376195,23.246298,39.02439
2014-08-11 03,25.782362,1.520417,89.939026,36.585365
2014-08-11 04,24.715506,1.7376195,23.322412,36.280487
2014-08-11 05,19.849861,0.904538,90.955284,34.756096
2014-08-11 06,31.82788,0.90432084,67.5813,24.043135
2014-08-11 07,34.31721,1.7376195,23.164669,30.182926
2014-08-11 08,35.20626,0.89088225,25.756933,25.914635
2014-08-11 09,33.783783,0.90879947,92.479675,24.042877
2014-08-11 10,19.696602,0.8994473,104.6748,35.365852
2014-08-11 11,32.716927,1.3032146,23.276915,34.451218
2014-08-11 12,33.961594,0.9244796,28.786789,34.451218
2014-08-11 13,19.569841,0.8899529,100.10162,29.268293
2014-08-11 14,32.1835,1.3032146,88.922775,24.399248
2014-08-11 15,30.761024,1.520417,78.760155,24.300432
2014-08-11 16,30.227598,0.90455216,95.02032,24.8831
2014-08-11 17,35.20626,0.9257387,101.11789,42.378048
2014-08-11 18,34.672832,2.1720243,22.878832,25.017706
2014-08-11 19,19.69236,1.7376195,129.06505,25.610804
2014-08-11 20,35.73969,0.9151939,132.62195,44.817074
2014-08-11 21,19.546803,1.7376195,22.920692,55.487804
2014-08-11 22,32.36131,1.7376195,23.378782,59.756096
2014-08-11 23,33.250355,0.8719979,25.229073,25.2979
2014-08-12 00,20.334877,0.93632513,32.239586,49.085365
2014-08-12 01,19.81566,1.7376195,100.60975,25.001633
2014-08-12 02,19.87407,0.89315116,28.582096,40.548782
2014-08-12 03,25.426743,1.7376195,22.492792,24.236475
2014-08-12 04,25.960173,0.8983426,85.873985,24.755482
2014-08-12 05,19.963829,0.8878415,25.62887,34.756096
2014-08-12 06,19.640898,0.8964905,64.02439,32.012196
2014-08-12 07,34.49502,1.7376195,78.25203,30.487804
2014-08-12 08,36.806545,0.9047674,91.97154,30.792683
2014-08-12 09,19.528723,0.8920177,86.89024,32.012196
2014-08-12 10,19.434984,0.8882925,93.49593,40.243904
2014-08-12 11,19.56792,1.520417,104.166664,43.292683
2014-08-12 12,32.36131,0.9256797,106.19919,44.817074
2014-08-12 13,19.620157,1.7376195,105.69106,25.361647
2014-08-12 14,32.716927,1.7376195,86.38211,43.292683
2014-08-12 15,31.82788,1.7376195,94.51219,24.218863
2014-08-12 16,31.65007,1.7376195,23.486134,43.292683
2014-08-12 17,33.961594,0.9031086,97.560974,24.891161
2014-08-12 18,19.885548,2.1720243,22.735926,25.789555
2014-08-12 19,42.67425,0.9560155,139.22765,46.951218
2014-08-12 20,41.607395,1.7376195,136.687,48.780487
2014-08-12 21,19.761824,0.87983316,152.43903,53.658535
2014-08-12 22,32.894737,1.7376195,23.255644,25.060755
2014-08-12 23,20.026924,1.7376195,119.41057,24.882402
2014-08-13 00,19.829805,1.7376195,23.006008,50.0
2014-08-13 01,19.83425,1.7376195,97.560974,39.939026
2014-08-13 02,26.31579,0.8612556,23.308754,25.032335
2014-08-13 03,19.796968,0.90608203,97.560974,38.414635
2014-08-13 04,25.782362,1.7376195,89.939026,39.02439
2014-08-13 05,29.160742,0.909716,91.97154,38.109756
2014-08-13 06,19.69638,1.7376195,71.138214,29.573172
2014-08-13 07,33.961594,1.7376195,77.743904,24.230146
2014-08-13 08,19.917501,0.88000286,82.8252,25.914635
2014-08-13 09,19.906284,0.8542113,22.924213,27.134146
2014-08-13 10,19.702374,1.520417,22.769428,35.060974
2014-08-13 11,19.73134,0.86910236,26.851376,35.97561
2014-08-13 12,32.716927,1.520417,104.166664,38.414635
2014-08-13 13,33.783783,0.9185439,91.46342,31.707317
2014-08-13 14,20.013344,1.520417,23.086498,34.146343
2014-08-13 15,31.472261,1.520417,22.8749,39.32927
2014-08-13 16,19.984167,1.7376195,22.503384,25.434874
2014-08-13 17,19.608112,2.1720243,89.4309,24.971933
2014-08-13 18,19.848658,2.606429,102.13415,35.97561
2014-08-13 19,36.273117,1.7376195,22.741323,40.548782
2014-08-13 20,39.473682,1.7376195,144.81708,48.780487
2014-08-13 21,34.672832,1.7376195,152.43903,47.865852
2014-08-13 22,33.605976,0.900781,146.84958,60.365852
2014-08-13 23,32.716927,1.7376195,23.795454,56.40244
2014-08-14 00,19.813635,1.7376195,22.889666,47.256096
2014-08-14 01,28.627312,1.7376195,100.60975,39.02439
2014-08-14 02,26.13798,1.7376195,23.004795,37.80488
2014-08-14 03,19.760077,0.8878512,91.97154,24.680761
2014-08-14 04,27.916075,1.7376195,22.668156,24.53294
2014-08-14 05,29.871977,1.7376195,85.873985,36.585365
2014-08-14 06,33.072548,1.7376195,67.07317,31.09756
2014-08-14 07,35.917496,0.9078132,76.727646,24.567207
2014-08-14 08,38.940254,1.7376195,22.797413,24.472645
2014-08-14 09,19.89659,0.8615429,23.752907,29.268293
2014-08-14 10,34.139404,1.7376195,107.72358,33.23171
2014-08-14 11,20.088232,0.9000202,27.48555,39.02439
2014-08-14 12,33.250355,0.92076236,107.21545,34.756096
2014-08-14 13,19.68721,0.891837,109.756096,32.621952
2014-08-14 14,32.00569,1.520417,103.65854,34.451218
2014-08-14 15,30.583216,0.8954796,101.11789,30.182926
2014-08-14 16,19.545963,0.87269557,101.626015,25.137321
2014-08-14 17,34.139404,1.7376195,98.57723,23.93764
2014-08-14 18,34.139404,0.93291056,28.886703,35.060974
2014-08-14 19,37.51778,0.9709116,31.353888,39.939026
2014-08-14 20,19.679085,1.9548218,22.669176,49.390244
2014-08-14 21,33.250355,1.7376195,142.78455,24.74973
2014-08-14 22,20.019426,0.84560573,147.35773,25.95774
2014-08-14 23,19.832245,0.85058063,22.865635,25.428251
2014-08-15 00,20.070349,0.9422447,33.201267,51.219513
2014-08-15 01,26.31579,0.9041961,101.626015,24.713991
2014-08-15 02,26.13798,0.918452,92.479675,36.890244
2014-08-15 03,25.604551,1.7376195,22.53446,34.756096
2014-08-15 04,19.96535,0.8494231,22.379858,25.385283
2014-08-15 05,19.919767,0.8796576,27.189224,37.19512
2014-08-15 06,19.722855,1.7376195,70.63008,33.536587
2014-08-15 07,32.36131,0.9262388,66.56504,25.609756
2014-08-15 08,33.250355,1.7376195,23.265451,24.168243
2014-08-15 09,19.724258,0.86880976,103.65854,24.085365
2014-08-15 10,37.162163,0.88213897,116.361786,25.153389
2014-08-15 11,37.162163,1.3032146,124.49187,31.40244
2014-08-15 12,19.858486,0.88000107,129.06505,30.487804
2014-08-15 13,34.85064,1.7376195,90.44715,24.523565
2014-08-15 14,33.250355,0.8898467,24.906528,25.609756
2014-08-15 15,33.250355,0.870974,24.543863,23.475609
2014-08-15 16,19.9164,1.7376195,80.79269,23.780487
2014-08-15 17,33.961594,0.9176968,86.89024,26.524391
2014-08-15 18,35.02845,2.1720243,95.52846,28.04878
2014-08-15 19,38.940254,1.7376195,23.026255,24.202906
2014-08-15 20,20.086157,2.8236315,119.41057,25.585938
2014-08-15 21,33.961594,0.96628654,35.31955,47.256096
2014-08-15 22,19.547573,0.88070804,144.81708,56.40244
2014-08-15 23,33.783783,0.9860796,37.915344,52.439026
2014-08-16 00,32.716927,0.89897937,125.50813,49.69512
2014-08-16 01,27.204836,0.9300921,30.459135,42.07317
2014-08-16 02,20.037024,0.8946427,26.876223,37.5
2014-08-16 03,19.526838,0.8530668,22.48558,25.766005
2014-08-16 04,19.869411,1.7376195,95.52846,34.146343
2014-08-16 05,19.646006,0.8925373,90.44715,24.715603
2014-08-16 06,19.503765,0.91437674,67.07317,29.573172
2014-08-16 07,34.139404,1.7376195,68.597565,24.085365
2014-08-16 08,20.015154,2.1720243,23.060514,25.354223
2014-08-16 09,35.02845,3.040834,85.873985,26.829268
2014-08-16 10,19.666021,1.9548218,22.483664,25.055002
2014-08-16 11,19.612926,0.8638747,22.68508,27.439024
2014-08-16 12,20.03978,1.7376195,113.82114,25.053715
2014-08-16 13,33.961594,1.7376195,90.44715,24.28097
2014-08-16 14,32.716927,1.7376195,22.66817,24.851925
2014-08-16 15,20.003895,1.7376195,22.613304,26.219513
2014-08-16 16,19.761375,0.8534275,23.00587,26.219513
2014-08-16 17,19.533201,0.84570706,22.78544,25.329136
2014-08-16 18,19.925753,1.7376195,107.72358,32.317074
2014-08-16 19,42.496445,0.9956444,28.2036,34.451218
2014-08-16 20,19.759525,1.7376195,143.29268,25.119709
2014-08-16 21,36.984352,0.9033206,135.1626,47.560974
2014-08-16 22,32.894737,1.7376195,136.687,50.0
2014-08-16 23,19.831276,1.7376195,22.984001,47.865852
2014-08-17 00,19.467712,1.7376195,117.88618,50.30488
2014-08-17 01,22.17112,0.0,76.36857,45.42683
2014-08-17 02,27.738264,0.0,103.150406,42.682926
2014-08-17 03,19.86105,0.90354246,101.11789,39.634148
2014-08-17 04,25.960173,0.903961,94.51219,24.614332
2014-08-17 05,28.982931,0.92545444,91.46342,37.19512
2014-08-17 06,32.36131,1.7376195,65.04065,31.40244
2014-08-17 07,32.894737,0.92497075,74.18699,26.829268
2014-08-17 08,34.139404,1.7376195,23.121483,31.40244
2014-08-17 09,34.85064,1.7376195,93.49593,25.914635
2014-08-17 10,36.273117,1.7376195,122.967476,29.878048
2014-08-17 11,20.176226,1.7376195,134.14635,25.914635
2014-08-17 12,19.815422,0.86547095,120.42683,24.085365
2014-08-17 13,35.56188,0.90273607,96.03658,25.914635
2014-08-17 14,32.716927,0.90594375,26.256794,29.573172
2014-08-17 15,20.082258,1.520417,23.031368,23.170732
2014-08-17 16,19.619278,1.7376195,22.546122,25.204279
2014-08-17 17,33.961594,1.7376195,79.77642,24.091917
2014-08-17 18,37.873398,1.7376195,78.25203,23.940413
2014-08-17 19,43.741108,1.9548218,101.626015,33.841465
2014-08-17 20,20.058338,1.7376195,115.34553,25.19482
2014-08-17 21,37.69559,1.7376195,141.7683,24.97582
2014-08-17 22,34.85064,1.0219207,39.558075,56.707317
2014-08-17 23,34.49502,1.7376195,22.99141,24.236052
2014-08-18 00,33.072548,0.87627107,124.49187,24.924433
2014-08-18 01,27.560455,1.7376195,22.684454,38.719513
2014-08-18 02,25.071123,1.7376195,93.49593,35.060974
2014-08-18 03,25.604551,1.520417,93.49593,35.97561
2014-08-18 04,25.248934,0.89727277,87.9065,24.612589
2014-08-18 05,19.79097,0.89742875,87.9065,24.969429
2014-08-18 06,32.1835,0.92673516,79.268295,30.792683
2014-08-18 07,33.961594,1.7376195,23.309368,28.963415
2014-08-18 08,37.339973,0.891455,101.11789,24.571917
2014-08-18 09,19.901098,1.7376195,102.13415,27.439024
2014-08-18 10,35.384068,1.7376195,118.902435,36.890244
2014-08-18 11,19.789354,1.3032146,113.82114,25.27218
2014-08-18 12,19.626974,1.3032146,109.756096,24.64278
2014-08-18 13,34.49502,1.520417,110.26423,30.792683
2014-08-18 14,32.716927,1.3032146,89.939026,23.825638
2014-08-18 15,19.7358,1.520417,23.175558,37.80488
2014-08-18 16,33.428165,1.7376195,105.18294,24.202967
2014-08-18 17,19.705315,1.7376195,98.06911,49.69512
2014-08-18 18,19.786238,2.1720243,103.150406,25.233719
2014-08-18 19,41.785206,1.7376195,23.36015,24.796778
2014-08-18 20,19.8642,1.7376195,137.70325,25.731028
2014-08-18 21,35.56188,1.7376195,23.632757,55.182926
2014-08-18 22,19.976988,1.7376195,22.603487,25.106062
2014-08-18 23,33.428165,1.7376195,133.63821,54.26829
2014-08-19 00,33.428165,0.9744274,35.78434,48.780487
2014-08-19 01,27.560455,1.7376195,102.64227,24.830153
2014-08-19 02,26.493599,0.85161495,23.404507,24.594875
2014-08-19 03,27.204836,1.7376195,101.626015,35.365852
2014-08-19 04,26.493599,1.7376195,95.02032,35.67073
2014-08-19 05,29.51636,1.7376195,89.4309,36.280487
2014-08-19 06,32.894737,1.7376195,76.21951,32.317074
2014-08-19 07,19.957808,1.7376195,22.541115,31.40244
2014-08-19 08,19.666655,0.8949418,81.30081,28.353659
2014-08-19 09,19.623241,1.7376195,22.41174,24.722485
2014-08-19 10,34.31721,1.520417,109.24797,24.480545
2014-08-19 11,32.716927,1.520417,104.166664,42.07317
2014-08-19 12,32.36131,1.3032146,101.626015,35.365852
2014-08-19 13,19.555325,0.84787345,22.622347,25.357044
2014-08-19 14,19.429667,0.8917597,106.70731,40.853657
2014-08-19 15,19.628422,1.7376195,22.829847,24.805885
2014-08-19 16,35.20626,0.93500537,95.02032,50.914635
2014-08-19 17,34.139404,0.8891204,24.836136,25.123829
2014-08-19 18,33.428165,2.1720243,105.18294,56.40244
2014-08-19 19,39.829304,1.7376195,120.42683,24.534689
2014-08-19 20,19.608454,0.8815258,118.902435,25.241043
2014-08-19 21,34.31721,1.0493765,46.875095,70.731705
2014-08-19 22,19.443657,1.7376195,23.43999,71.95122
2014-08-19 23,33.428165,1.7376195,143.29268,66.768295
2014-08-20 00,33.072548,1.7376195,23.319153,63.719513
2014-08-20 01,26.31579,1.7376195,22.960968,43.292683
2014-08-20 02,25.071123,0.89965194,97.05285,24.43243
2014-08-20 03,25.604551,0.8940136,100.60975,35.97561
2014-08-20 04,25.071123,1.7376195,94.00407,36.890244
2014-08-20 05,29.51636,1.7376195,22.761553,38.719513
2014-08-20 06,32.894737,1.7376195,76.21951,32.92683
2014-08-20 07,35.02845,1.7376195,23.118093,26.829268
2014-08-20 08,19.883665,1.7376195,22.792336,25.481316
2014-08-20 09,35.917496,1.7376195,22.822231,38.414635
2014-08-20 10,19.836082,0.88575137,112.296745,25.153107
2014-08-20 11,19.783401,1.520417,105.69106,48.47561
2014-08-20 12,32.894737,0.8966843,90.955284,24.925669
2014-08-20 13,19.896395,1.7376195,92.98781,24.678738
2014-08-20 14,33.250355,1.520417,89.4309,33.841465
2014-08-20 15,30.761024,0.8826328,24.251085,25.54319
2014-08-20 16,19.53409,0.8417128,22.638926,25.817816
2014-08-20 17,33.250355,2.1720243,23.339947,49.69512
2014-08-20 18,19.44505,0.89640194,109.24797,49.085365
2014-08-20 19,43.20768,1.1428704,36.638752,57.621952
2014-08-20 20,40.71835,1.0589557,35.766895,51.82927
2014-08-20 21,19.714897,1.7376195,172.76422,58.841465
2014-08-20 22,33.250355,1.7376195,22.567762,24.968164
2014-08-20 23,21.850363,0.92853004,51.768208,81.402435
2014-08-21 00,33.605976,1.7376195,22.838892,25.00248
2014-08-21 01,25.960173,0.8764126,108.231705,24.814882
2014-08-21 02,25.604551,0.90562445,91.97154,51.52439
2014-08-21 03,25.604551,0.9219204,28.98715,40.243904
2014-08-21 04,24.893316,1.7376195,96.544716,24.816153
2014-08-21 05,28.271692,1.7376195,23.424185,41.158535
2014-08-21 06,19.766806,1.7376195,74.18699,36.280487
2014-08-21 07,19.808413,0.90453064,75.203255,25.049063
2014-08-21 08,37.162163,1.7376195,87.9065,35.365852
2014-08-21 09,19.668257,1.9548218,94.51219,25.01274
2014-08-21 10,35.384068,0.8994529,118.39431,24.839935
2014-08-21 11,19.63534,1.7376195,123.98374,40.853657
2014-08-21 12,32.894737,0.87931526,25.195925,25.8105
2014-08-21 13,19.843147,0.8662837,101.11789,24.799685
2014-08-21 14,19.68961,0.8386849,22.638596,25.840288
2014-08-21 15,31.472261,1.520417,92.98781,24.26226
2014-08-21 16,28.093885,1.7376195,101.11789,37.5
2014-08-21 17,34.139404,0.91294914,94.00407,41.76829
2014-08-21 18,38.762447,1.520417,22.677738,51.52439
2014-08-21 19,43.38549,1.7376195,140.75203,48.47561
2014-08-21 20,43.029873,0.9266549,144.30894,43.59756
2014-08-21 21,36.628735,1.7376195,22.909504,24.98478
2014-08-21 22,34.672832,1.7376195,23.273417,61.585365
2014-08-21 23,34.31721,0.9221995,121.951225,66.15854
2014-08-22 00,20.003046,1.7376195,23.014864,24.914907
2014-08-22 01,29.871977,0.9060645,99.5935,39.634148
2014-08-22 02,28.627312,0.92409176,29.871712,39.634148
2014-08-22 03,26.493599,0.9178244,98.57723,39.02439
2014-08-22 04,25.960173,0.9088429,98.57723,37.80488
2014-08-22 05,19.644857,1.7376195,90.44715,24.47103
2014-08-22 06,34.672832,1.7376195,74.18699,34.756096
2014-08-22 07,19.539368,1.7376195,81.30081,24.844704
2014-08-22 08,19.456114,0.9145409,79.77642,42.682926
2014-08-22 09,19.985847,0.86880976,22.680498,24.578892
2014-08-22 10,34.49502,1.3032146,120.93496,40.548782
2014-08-22 11,34.49502,1.3032146,23.357233,24.767492
2014-08-22 12,32.716927,1.3032146,119.41057,37.80488
2014-08-22 13,19.729656,1.7376195,22.942776,36.890244
2014-08-22 14,19.711521,1.7376195,22.798231,25.3855
2014-08-22 15,19.901222,0.8747411,97.560974,25.632305
2014-08-22 16,30.938833,0.9140906,96.544716,38.109756
2014-08-22 17,19.875544,1.520417,91.97154,24.30648
2014-08-22 18,19.719995,2.1720243,106.70731,25.468815
2014-08-22 19,19.878223,1.7376195,131.09756,53.658535
2014-08-22 20,40.71835,2.8236315,22.966179,46.951218
2014-08-22 21,19.695387,0.84292203,153.45529,26.436007
2014-08-22 22,33.961594,1.7376195,154.47154,51.82927
2014-08-22 23,33.428165,0.9961899,39.12748,54.878048
2014-08-23 00,19.754337,0.8811874,125.50813,25.609661
2014-08-23 01,28.80512,1.7376195,109.756096,24.16493
2014-08-23 02,19.62037,1.7376195,95.52846,41.158535
2014-08-23 03,26.493599,0.8824556,95.52846,24.906292
2014-08-23 04,19.682812,1.7376195,92.479675,34.146343
2014-08-23 05,28.627312,0.8951328,86.89024,24.90753
2014-08-23 06,33.072548,1.7376195,23.088856,30.792683
2014-08-23 07,31.82788,0.8758005,24.502039,25.051224
2014-08-23 08,19.949686,2.1720243,95.52846,25.473106
2014-08-23 09,34.49502,3.040834,22.81178,24.979164
2014-08-23 10,19.853941,1.9548218,22.522299,40.548782
2014-08-23 11,36.984352,1.7376195,23.313097,42.378048
2014-08-23 12,19.906965,0.8332551,22.959278,25.4792
2014-08-23 13,34.49502,1.7376195,102.13415,27.743902
2014-08-23 14,19.74307,1.7376195,23.221325,35.060974
2014-08-23 15,32.1835,0.90420085,108.231705,32.621952
2014-08-23 16,33.783783,0.9368004,30.072224,37.5
2014-08-23 17,35.20626,1.9548218,123.47561,35.97561
2014-08-23 18,19.894178,1.7376195,22.594673,39.02439
2014-08-23 19,39.829304,0.92116886,148.88211,42.987804
2014-08-23 20,39.295876,1.7376195,23.399935,48.780487
2014-08-23 21,19.848673,1.7376195,164.12602,53.048782
2014-08-23 22,32.716927,1.7376195,23.752424,61.890244
2014-08-23 23,33.605976,1.7376195,122.45935,55.487804
2014-08-24 00,19.848152,1.7376195,121.4431,24.817144
2014-08-24 01,27.560455,0.0,64.13401,30.525208
2014-08-24 02,22.083555,0.0,75.148895,43.90244
2014-08-24 03,19.92719,1.520417,100.10162,41.158535
2014-08-24 04,19.913246,1.520417,22.741257,39.939026
2014-08-24 05,28.449503,1.7376195,23.207293,39.32927
2014-08-24 06,19.564167,0.8958069,74.18699,35.97561
2014-08-24 07,19.63824,1.7376195,23.14966,28.353659
2014-08-24 08,33.605976,1.7376195,23.153399,24.650381
2014-08-24 09,35.20626,1.7376195,23.079561,33.841465
2014-08-24 10,36.806545,0.9047384,117.37805,24.877737
2014-08-24 11,38.22902,1.7376195,124.49187,24.366798
2014-08-24 12,19.903215,0.9007172,30.424112,44.207317
2014-08-24 13,35.02845,0.93488085,31.614643,39.02439
2014-08-24 14,19.85435,0.8768863,97.05285,24.390244
2014-08-24 15,19.776424,1.520417,98.06911,26.524391
2014-08-24 16,19.619493,1.7376195,80.28455,25.093544
2014-08-24 17,33.250355,1.7376195,77.23577,24.06124
2014-08-24 18,35.56188,1.7376195,23.081606,42.07317
2014-08-24 19,41.073967,1.9548218,108.73984,24.364872
2014-08-24 20,19.921204,0.9225238,30.475779,45.73171
2014-08-24 21,34.85064,1.7376195,138.71951,60.97561
2014-08-24 22,19.579288,1.7376195,23.80235,65.54878
2014-08-24 23,19.95279,1.7376195,117.37805,24.83253
2014-08-25 00,33.783783,1.7376195,135.1626,52.439026
2014-08-25 01,27.382647,1.7376195,98.57723,46.341465
2014-08-25 02,26.849218,0.9019228,93.49593,44.207317
2014-08-25 03,19.590439,0.890945,95.02032,24.81464
2014-08-25 04,24.893316,1.7376195,23.196379,24.509857
2014-08-25 05,19.843767,1.7376195,22.899187,39.32927
2014-08-25 06,19.68025,0.89632076,80.28455,24.579454
2014-08-25 07,19.613794,1.7376195,69.10569,29.878048
2014-08-25 08,35.73969,1.7376195,23.202417,36.585365
2014-08-25 09,19.68391,1.7376195,95.52846,24.651804
2014-08-25 10,34.85064,0.9134219,101.626015,45.121952
2014-08-25 11,19.553932,0.86101866,111.78862,24.976604
2014-08-25 12,19.67625,0.86166245,120.42683,25.690697
2014-08-25 13,34.139404,0.9194248,28.499172,33.536587
2014-08-25 14,33.605976,1.3032146,22.97553,41.76829
2014-08-25 15,19.710136,0.8910405,94.00407,25.506731
2014-08-25 16,31.82788,0.9159733,99.5935,56.09756
2014-08-25 17,32.894737,0.93429536,113.31301,60.060974
2014-08-25 18,34.49502,2.1720243,128.55692,57.92683
2014-08-25 19,39.829304,1.1055152,38.132572,58.536587
2014-08-25 20,40.18492,0.914593,134.65446,44.817074
2014-08-25 21,19.835274,0.84342945,154.97968,25.895468
2014-08-25 22,33.783783,0.89899266,147.35773,58.536587
2014-08-25 23,32.894737,1.7376195,23.00759,24.725433
2014-08-26 00,19.702667,0.867914,126.01626,25.439062
2014-08-26 01,19.584414,1.7376195,23.114733,45.73171
2014-08-26 02,25.248934,1.7376195,22.541761,24.442623
2014-08-26 03,25.248934,0.9014985,91.46342,24.849644
2014-08-26 04,25.426743,1.7376195,91.97154,24.195
2014-08-26 05,27.916075,1.7376195,88.414635,40.243904
2014-08-26 06,33.250355,1.7376195,79.268295,23.599287
2014-08-26 07,19.849617,0.8494625,23.9979,28.963415
2014-08-26 08,19.755236,1.7376195,23.14049,31.40244
2014-08-26 09,35.384068,1.7376195,108.231705,24.049583
2014-08-26 10,35.02845,0.90616065,111.28048,24.616314
2014-08-26 11,33.783783,1.520417,23.313694,47.865852
2014-08-26 12,19.836243,0.88285565,107.21545,25.077805
2014-08-26 13,19.55584,0.8975321,121.4431,42.378048
2014-08-26 14,19.87108,0.88571006,101.626015,24.926588
2014-08-26 15,19.74963,0.8958787,97.05285,50.30488
2014-08-26 16,31.294455,0.97985387,39.51994,55.487804
2014-08-26 17,32.53912,0.87045157,24.988308,25.171577
2014-08-26 18,35.02845,1.0446305,41.53304,60.67073
2014-08-26 19,38.940254,0.87239987,142.27643,24.733173
2014-08-26 20,40.54054,0.912998,25.988491,26.07666
2014-08-26 21,20.32191,0.97391,39.324493,61.585365
2014-08-26 22,33.072548,0.87450975,135.67073,25.442915
2014-08-26 23,33.428165,1.7376195,22.70056,24.166048
2014-08-27 00,33.072548,1.7376195,23.27528,50.914635
2014-08-27 01,27.738264,0.90414566,106.19919,45.42683
2014-08-27 02,24.537695,0.84522855,23.10143,24.701973
2014-08-27 03,24.359886,0.8559549,22.777012,24.81028
2014-08-27 04,24.537695,0.9058404,96.03658,41.76829
2014-08-27 05,27.204836,1.7376195,23.492413,41.158535
2014-08-27 06,19.567015,1.7376195,83.84146,39.02439
2014-08-27 07,19.82361,0.8971759,81.30081,25.442566
2014-08-27 08,37.162163,0.93761563,75.71138,32.621952
2014-08-27 09,35.56188,1.7376195,83.84146,23.655201
2014-08-27 10,34.85064,1.520417,23.160234,24.2808
2014-08-27 11,32.36131,1.520417,103.150406,33.536587
2014-08-27 12,32.00569,0.9017053,114.837395,38.719513
2014-08-27 13,19.970505,1.7376195,23.148825,25.391315
2014-08-27 14,19.72251,0.8561117,24.794079,31.09756
2014-08-27 15,31.116644,0.91869074,103.65854,40.853657
2014-08-27 16,19.755157,1.7376195,107.72358,25.132675
2014-08-27 17,33.072548,2.1720243,102.13415,24.10316
2014-08-27 18,35.56188,2.606429,119.9187,45.42683
2014-08-27 19,40.54054,0.9269372,25.274145,25.57564
2014-08-27 20,41.963017,1.7376195,150.91463,24.613682
2014-08-27 21,19.751764,0.84776753,162.60162,26.186497
2014-08-27 22,19.700335,1.7376195,23.264723,56.09756
2014-08-27 23,20.066296,0.9460576,33.824673,52.439026
2014-08-28 00,33.605976,0.88006663,24.894377,25.009226
2014-08-28 01,25.960173,1.7376195,104.6748,44.817074
2014-08-28 02,24.537695,1.7376195,91.46342,40.243904
2014-08-28 03,24.537695,1.7376195,22.917597,24.436771
2014-08-28 04,24.893316,0.8578854,23.133362,25.282516
2014-08-28 05,19.486921,0.9102097,82.31707,38.719513
2014-08-28 06,32.36131,0.89754164,77.23577,24.730986
2014-08-28 07,34.31721,1.7376195,22.574749,28.353659
2014-08-28 08,36.806545,1.7376195,89.4309,31.40244
2014-08-28 09,35.20626,1.9548218,23.28823,24.61882
2014-08-28 10,35.56188,0.8994378,25.099815,25.385593
2014-08-28 11,19.881767,0.85355264,130.0813,26.178553
2014-08-28 12,12.980086,1.7376195,23.190601,41.76829
2014-08-28 13,19.589243,0.88466036,91.97154,39.02439
2014-08-28 14,13.157895,1.520417,102.64227,38.109756
2014-08-28 15,19.51311,1.520417,88.922775,39.939026
2014-08-28 16,19.745934,0.89687896,88.414635,40.548782
2014-08-28 17,19.84776,1.7376195,90.955284,24.416836
2014-08-28 18,20.30109,0.9265487,30.891565,46.341465
2014-08-28 19,21.514936,0.88282037,154.47154,40.548782
2014-08-28 20,19.953106,1.9548218,143.80081,25.93002
2014-08-28 21,19.485832,1.7376195,148.37398,57.92683
2014-08-28 22,14.40256,0.89937574,145.83333,54.878048
2014-08-28 23,19.73194,1.7376195,130.0813,55.182926
2014-08-29 00,14.75818,0.85216856,22.670612,25.189705
2014-08-29 01,19.721748,1.7376195,102.64227,25.02586
2014-08-29 02,19.578629,1.7376195,91.46342,39.32927
2014-08-29 03,6.5789475,1.7376195,89.939026,40.243904
2014-08-29 04,6.7567573,1.7376195,87.9065,37.5
2014-08-29 05,19.721214,1.7376195,86.89024,39.02439
2014-08-29 06,19.951326,1.7376195,76.727646,24.855467
2014-08-29 07,19.69621,1.7376195,82.8252,27.134146
2014-08-29 08,18.136559,0.91554856,82.31707,35.060974
2014-08-29 09,19.837784,0.898652,98.06911,31.40244
2014-08-29 10,35.20626,1.3032146,22.612543,24.367027
2014-08-29 11,19.561865,0.8551039,22.40247,26.018372
2014-08-29 12,33.250355,1.3032146,106.70731,24.083487
2014-08-29 13,19.773972,0.83858496,22.401316,24.390244
2014-08-29 14,33.428165,1.7376195,96.03658,39.939026
2014-08-29 15,32.36131,1.7376195,82.31707,23.785246
2014-08-29 16,31.294455,1.7376195,23.116774,24.640862
2014-08-29 17,33.250355,1.520417,23.617731,46.341465
2014-08-29 18,19.841423,2.1720243,123.98374,25.689123
2014-08-29 19,35.917496,1.7376195,123.47561,24.214182
2014-08-29 20,37.69559,2.8236315,147.35773,42.378048
2014-08-29 21,32.894737,1.7376195,23.05673,24.378809
2014-08-29 22,34.672832,1.7376195,22.618093,24.950262
2014-08-29 23,33.783783,1.7376195,143.29268,25.029106
2014-08-30 00,19.853697,1.7376195,136.687,57.92683
2014-08-30 01,27.382647,0.9606074,34.0966,49.390244
2014-08-30 02,19.811634,1.7376195,22.948498,42.07317
2014-08-30 03,25.604551,0.9208866,96.544716,38.109756
2014-08-30 04,25.782362,0.87338406,23.070852,25.564331
2014-08-30 05,19.571362,0.8764679,94.51219,25.262398
2014-08-30 06,19.834507,1.7376195,23.045362,25.304974
2014-08-30 07,32.53912,1.7376195,75.203255,25.304878
2014-08-30 08,34.49502,2.1720243,23.110897,34.756096
2014-08-30 09,36.628735,3.040834,95.52846,41.158535
2014-08-30 10,39.118065,0.91579455,119.41057,43.292683
2014-08-30 11,40.18492,0.9976769,30.198214,39.02439
2014-08-30 12,37.69559,0.9362544,30.256113,35.67073
2014-08-30 13,19.64627,1.7376195,117.88618,35.060974
2014-08-30 14,20.09099,0.8885768,26.21473,35.97561
2014-08-30 15,19.907087,1.7376195,106.19919,24.536469
2014-08-30 16,32.716927,1.7376195,23.346455,39.634148
2014-08-30 17,19.840263,1.9548218,95.52846,38.109756
2014-08-30 18,35.917496,0.959928,33.407257,42.987804
2014-08-30 19,19.873371,1.7376195,22.97156,24.77426
2014-08-30 20,19.442171,0.89679086,131.09756,48.780487
2014-08-30 21,34.49502,1.7376195,125.0,58.841465
2014-08-30 22,33.072548,1.7376195,22.564621,24.392561
2014-08-30 23,33.428165,1.7376195,114.32927,24.83179
2014-08-31 00,33.428165,0.89556134,115.34553,25.271759
2014-08-31 01,28.271692,0.0,99.5935,46.646343
2014-08-31 02,26.849218,0.0,76.967896,43.292683
2014-08-31 03,19.83188,1.520417,84.85773,24.93044
2014-08-31 04,26.31579,0.91108155,83.333336,40.548782
2014-08-31 05,19.478298,0.88071704,85.36585,25.473299
2014-08-31 06,33.250355,0.92193335,72.662605,37.19512
2014-08-31 07,19.974987,1.7376195,67.07317,27.743902
2014-08-31 08,19.759737,0.9055173,89.939026,27.743902
2014-08-31 09,19.776148,1.7376195,22.44072,25.324497
2014-08-31 10,38.406826,0.89933264,121.951225,27.134146
2014-08-31 11,19.905,1.7376195,22.663445,25.522207
2014-08-31 12,38.05121,1.7376195,22.885561,24.361637
2014-08-31 13,35.384068,1.7376195,22.540985,29.878048
2014-08-31 14,32.894737,0.89595443,100.10162,24.390244
2014-08-31 15,32.894737,1.520417,94.00407,26.219513
2014-08-31 16,19.897371,0.88561046,86.38211,25.45143
2014-08-31 17,33.783783,1.7376195,87.39838,35.060974
2014-08-31 18,35.917496,0.9332059,30.461243,36.585365
2014-08-31 19,38.406826,1.9548218,109.756096,24.36469
2014-08-31 20,40.71835,1.7376195,129.06505,24.370796
2014-08-31 21,35.384068,1.7376195,149.39024,61.280487
2014-08-31 22,34.139404,1.7376195,139.73578,64.32927
2014-08-31 23,19.756306,1.7376195,126.52439,25.448599
2014-09-01 00,19.500998,1.7376195,23.062027,46.341465
2014-09-01 01,27.382647,0.90284795,104.6748,42.378048
2014-09-01 02,24.715506,0.89926285,94.51219,24.230381
2014-09-01 03,19.570482,0.8713093,89.4309,24.682913
2014-09-01 04,19.741129,0.83226824,22.844818,25.06393
2014-09-01 05,19.531115,0.84333724,22.59094,25.328127
2014-09-01 06,19.95365,0.88305545,26.458275,35.97561
2014-09-01 07,35.56188,0.8959307,84.349594,24.161036
2014-09-01 08,19.876604,0.8678673,96.544716,25.058344
2014-09-01 09,36.984352,0.90395397,28.32009,30.182926
2014-09-01 10,35.02845,1.7376195,23.311653,33.841465
2014-09-01 11,34.85064,1.3032146,107.72358,35.060974
2014-09-01 12,19.974962,0.88495004,129.57317,38.414635
2014-09-01 13,34.31721,1.520417,106.70731,23.837976
2014-09-01 14,32.716927,1.3032146,23.076796,45.73171
2014-09-01 15,19.784428,1.520417,98.57723,51.82927
2014-09-01 16,31.116644,1.7376195,106.19919,24.443462
2014-09-01 17,19.583048,1.7376195,23.035328,53.353657
2014-09-01 18,35.73969,2.1720243,140.2439,57.317074
2014-09-01 19,20.111374,1.7376195,160.5691,25.907198
2014-09-01 20,44.09673,1.7376195,188.00813,25.246727
2014-09-01 21,19.437265,1.7376195,23.331064,72.560974
2014-09-01 22,33.961594,1.7376195,23.264654,75.60976
2014-09-01 23,33.072548,0.8805589,133.63821,25.34899
2014-09-02 00,34.31721,1.7376195,114.837395,65.243904
2014-09-02 01,20.397026,0.93653476,35.05928,53.353657
2014-09-02 02,25.604551,0.91826695,98.57723,47.865852
2014-09-02 03,19.913519,1.7376195,92.98781,42.987804
2014-09-02 04,24.715506,1.7376195,95.02032,43.292683
2014-09-02 05,28.449503,1.7376195,22.877113,44.512196
2014-09-02 06,33.428165,1.7376195,23.211123,42.682926
2014-09-02 07,20.006502,1.7376195,22.758472,36.280487
2014-09-02 08,38.22902,1.7376195,93.49593,24.134914
2014-09-02 09,35.73969,1.7376195,22.888454,33.841465
2014-09-02 10,19.85297,0.8605762,112.80488,25.243256
2014-09-02 11,34.139404,0.9101107,97.560974,40.548782
2014-09-02 12,19.617943,1.3032146,23.441395,48.47561
2014-09-02 13,35.384068,1.7376195,92.98781,24.078632
2014-09-02 14,33.961594,1.7376195,94.00407,41.463413
2014-09-02 15,19.79598,0.84861577,22.839554,25.853146
2014-09-02 16,19.587204,1.7376195,22.80429,44.817074
2014-09-02 17,33.783783,1.7376195,22.886387,50.914635
2014-09-02 18,19.926657,0.86894953,132.62195,26.154821
2014-09-02 19,39.473682,0.91822255,166.66667,60.060974
2014-09-02 20,41.251778,1.7376195,21.633522,56.09756
2014-09-02 21,19.290516,1.7376195,23.203764,62.80488
2014-09-02 22,33.783783,1.7376195,23.31932,64.63415
2014-09-02 23,19.426159,0.89277315,131.6057,60.67073
2014-09-03 00,19.617462,1.7376195,23.212492,51.82927
2014-09-03 01,27.027029,1.7376195,110.772354,46.646343
2014-09-03 02,25.071123,1.520417,99.085365,24.11037
2014-09-03 03,19.510887,0.9118628,94.51219,43.292683
2014-09-03 04,25.248934,0.87103176,23.071709,24.96298
2014-09-03 05,19.517084,1.7376195,94.51219,44.207317
2014-09-03 06,32.00569,1.7376195,23.297373,42.378048
2014-09-03 07,19.535479,0.89879584,83.333336,33.536587
2014-09-03 08,38.05121,0.91256136,100.10162,24.588064
2014-09-03 09,34.31721,1.7376195,22.924847,29.573172
2014-09-03 10,19.870087,1.520417,22.575024,33.536587
2014-09-03 11,19.724844,1.520417,137.70325,32.012196
2014-09-03 12,32.53912,0.8764787,24.55093,24.800896
2014-09-03 13,20.00366,1.7376195,23.215857,33.841465
2014-09-03 14,33.961594,1.520417,92.479675,24.24608
2014-09-03 15,32.00569,1.520417,23.469162,35.67073
2014-09-03 16,19.532223,0.9093046,95.52846,40.548782
2014-09-03 17,19.57842,0.871779,104.166664,25.473763
2014-09-03 18,36.095306,0.9048987,108.231705,48.47561
2014-09-03 19,38.940254,1.0328132,33.993084,47.865852
2014-09-03 20,20.158579,1.7376195,149.39024,25.650568
2014-09-03 21,34.85064,1.7376195,145.32521,59.451218
2014-09-03 22,20.077253,1.7376195,143.80081,25.77672
2014-09-03 23,19.906136,1.7376195,136.17886,25.849293
2014-09-04 00,19.744778,0.9052887,110.772354,48.780487
2014-09-04 01,19.80791,0.89309543,100.10162,42.378048
2014-09-04 02,19.769815,0.88656896,93.49593,24.78863
2014-09-04 03,5.3342814,1.7376195,93.49593,39.02439
2014-09-04 04,19.756464,0.89601946,86.89024,25.264755
2014-09-04 05,19.763075,1.7376195,87.39838,37.19512
2014-09-04 06,19.631496,1.7376195,77.743904,35.97561
2014-09-04 07,19.713184,0.89104354,83.84146,25.12693
2014-09-04 08,38.762447,0.911234,86.89024,31.40244
2014-09-04 09,35.384068,1.9548218,87.39838,23.819887
2014-09-04 10,35.917496,1.7376195,110.26423,24.14339
2014-09-04 11,35.384068,1.7376195,109.24797,24.473333
2014-09-04 12,33.428165,0.9061017,115.34553,42.987804
2014-09-04 13,33.961594,0.87258506,25.562511,25.48339
2014-09-04 14,33.961594,1.520417,101.626015,34.451218
2014-09-04 15,31.294455,1.520417,94.51219,34.451218
2014-09-04 16,19.513958,0.8789167,86.89024,25.06927
2014-09-04 17,19.85977,0.8938105,97.05285,25.327425
2014-09-04 18,35.20626,1.520417,22.69494,24.617325
2014-09-04 19,40.00711,1.7376195,22.37409,48.780487
2014-09-04 20,40.71835,1.9548218,23.011393,46.341465
2014-09-04 21,35.917496,1.7376195,22.904324,24.31853
2014-09-04 22,33.072548,1.7376195,148.88211,24.564726
2014-09-04 23,20.10984,1.7376195,135.67073,25.089563
2014-09-05 00,33.428165,0.90969455,123.47561,47.560974
2014-09-05 01,25.782362,1.7376195,103.65854,24.431017
2014-09-05 02,24.715506,1.7376195,99.5935,23.937626
2014-09-05 03,24.537695,1.7376195,98.06911,37.19512
2014-09-05 04,19.820393,1.7376195,97.560974,35.97561
2014-09-05 05,28.80512,1.7376195,102.13415,38.719513
2014-09-05 06,33.428165,1.7376195,23.008352,36.890244
2014-09-05 07,35.917496,1.7376195,81.808945,28.04878
2014-09-05 08,38.406826,1.7376195,23.012703,29.878048
2014-09-05 09,19.646015,0.86880976,84.85773,32.012196
2014-09-05 10,34.85064,0.91657484,108.231705,34.146343
2014-09-05 11,33.072548,1.3032146,23.027119,34.756096
2014-09-05 12,33.250355,1.3032146,23.382952,24.22204
2014-09-05 13,32.894737,1.7376195,22.676567,24.72734
2014-09-05 14,32.53912,1.7376195,90.44715,24.586546
2014-09-05 15,30.049788,1.7376195,94.51219,27.134146
2014-09-05 16,34.139404,0.93240565,96.03658,41.76829
2014-09-05 17,33.428165,0.9723826,33.96808,46.036587
2014-09-05 18,35.20626,2.1720243,23.355768,53.353657
2014-09-05 19,37.162163,1.7376195,134.14635,48.780487
2014-09-05 20,38.22902,2.8236315,163.61789,26.170856
2014-09-05 21,20.135984,1.7376195,145.83333,25.296646
2014-09-05 22,20.364004,0.96629125,39.409245,61.280487
2014-09-05 23,19.573519,0.9009482,132.62195,52.439026
2014-09-06 00,33.428165,0.86860996,25.354584,25.224348
2014-09-06 01,28.093885,1.7376195,102.64227,40.853657
2014-09-06 02,19.585516,1.7376195,93.49593,24.37688
2014-09-06 03,26.849218,0.9165708,94.00407,33.841465
2014-09-06 04,26.31579,0.901844,90.955284,35.060974
2014-09-06 05,28.982931,2.1720243,91.46342,35.365852
2014-09-06 06,32.716927,1.7376195,86.89024,34.756096
2014-09-06 07,19.688095,0.8914853,75.203255,24.574297
2014-09-06 08,32.53912,0.91566473,99.085365,28.963415
2014-09-06 09,32.36131,3.040834,92.479675,30.792683
2014-09-06 10,19.666248,0.8831846,116.361786,31.40244
2014-09-06 11,32.36131,0.92246425,28.91511,35.67073
2014-09-06 12,33.072548,0.9294614,30.303207,37.80488
2014-09-06 13,32.36131,0.9078261,28.73276,34.146343
2014-09-06 14,31.82788,1.7376195,23.19479,24.736938
2014-09-06 15,31.472261,0.9107233,111.78862,30.182926
2014-09-06 16,20.050987,1.7376195,97.560974,24.49744
2014-09-06 17,19.903704,1.9548218,108.231705,36.280487
2014-09-06 18,19.871553,0.8869097,24.831505,33.23171
2014-09-06 19,19.72142,1.7376195,126.52439,32.621952
2014-09-06 20,19.818556,1.7376195,22.764172,42.07317
2014-09-06 21,32.36131,0.85789967,159.04471,25.840397
2014-09-06 22,19.917675,0.83544904,22.628641,25.523539
2014-09-06 23,31.65007,1.7376195,23.23862,25.08379
2014-09-07 00,31.116644,0.9610515,32.783314,45.121952
2014-09-07 01,25.960173,0.0,77.32589,44.817074
2014-09-07 02,24.715506,0.0,62.77297,30.402157
2014-09-07 03,19.802805,0.87144816,26.142584,34.756096
2014-09-07 04,24.537695,1.520417,97.560974,35.67073
2014-09-07 05,27.738264,1.7376195,22.90649,24.293736
2014-09-07 06,19.987606,0.8705316,24.821753,32.012196
2014-09-07 07,29.694168,0.9196841,66.05691,24.085365
2014-09-07 08,19.97148,0.8415499,22.262342,23.475609
2014-09-07 09,19.80523,1.7376195,104.6748,25.304878
2014-09-07 10,19.898876,0.87447053,119.9187,34.146343
2014-09-07 11,19.825281,1.7376195,22.704142,25.030535
2014-09-07 12,33.961594,0.9129997,132.11382,45.73171
2014-09-07 13,19.92378,1.7376195,110.772354,33.536587
2014-09-07 14,32.00569,1.7376195,109.24797,26.829268
2014-09-07 15,31.472261,1.520417,94.00407,24.516756
2014-09-07 16,19.760506,1.7376195,22.473295,25.287064
2014-09-07 17,30.405405,0.9011231,90.955284,28.353659
2014-09-07 18,31.472261,0.86637205,24.819338,25.211191
2014-09-07 19,19.705107,1.9548218,124.49187,25.564648
2014-09-07 20,19.687243,0.8604424,153.96341,35.365852
2014-09-07 21,32.894737,1.7376195,149.39024,48.17073
2014-09-07 22,32.1835,1.7376195,139.73578,50.914635
2014-09-07 23,31.65007,1.7376195,136.687,54.57317
2014-09-08 00,32.36131,0.8759841,125.0,24.601118
2014-09-08 01,24.715506,1.7376195,22.862257,24.623808
2014-09-08 02,23.64865,1.7376195,93.49593,24.037428
2014-09-08 03,23.64865,0.9054349,91.97154,35.365852
2014-09-08 04,19.667696,0.9112888,85.36585,37.19512
2014-09-08 05,19.720415,1.7376195,84.349594,34.756096
2014-09-08 06,29.51636,1.7376195,75.203255,23.906614
2014-09-08 07,19.921288,0.85361314,24.4718,30.182926
2014-09-08 08,33.428165,0.87292814,25.514397,25.704344
2014-09-08 09,19.788897,1.7376195,22.535162,25.609756
2014-09-08 10,33.072548,1.7376195,22.654057,32.621952
2014-09-08 11,32.00569,0.8974327,100.60975,24.962917
2014-09-08 12,20.222734,0.89323944,28.348671,39.939026
2014-09-08 13,31.82788,0.8861459,24.082066,24.898026
2014-09-08 14,19.840029,1.3032146,98.57723,24.90376
2014-09-08 15,32.00569,1.520417,85.873985,43.292683
2014-09-08 16,30.227598,1.7376195,93.49593,47.865852
2014-09-08 17,30.049788,1.7376195,94.00407,51.82927
2014-09-08 18,32.1835,2.1720243,22.871555,25.069214
2014-09-08 19,19.44961,1.7376195,129.06505,57.012196
2014-09-08 20,19.697855,0.89295554,160.5691,62.80488
2014-09-08 21,33.250355,1.7376195,157.52031,24.825733
2014-09-08 22,31.65007,0.87867093,147.35773,25.761969
2014-09-08 23,31.472261,1.7376195,23.153236,24.950918
2014-09-09 00,30.938833,0.90062386,122.45935,52.743904
2014-09-09 01,19.693888,1.7376195,23.066242,25.319475
2014-09-09 02,24.004267,1.7376195,96.03658,24.250666
2014-09-09 03,19.899302,1.7376195,93.49593,40.853657
2014-09-09 04,19.926434,1.7376195,91.46342,24.750885
2014-09-09 05,19.93889,1.7376195,23.006935,25.079634
2014-09-09 06,19.63872,1.7376195,87.9065,24.804228
2014-09-09 07,34.672832,1.7376195,87.9065,23.901234
2014-09-09 08,20.170996,0.8919246,27.142061,37.80488
2014-09-09 09,33.250355,0.9179614,28.244392,33.536587
2014-09-09 10,33.428165,0.90586483,96.03658,37.19512
2014-09-09 11,33.961594,1.520417,22.579105,23.983658
2014-09-09 12,19.968077,0.8476696,22.438768,25.307924
2014-09-09 13,19.933672,1.7376195,104.6748,28.963415
2014-09-09 14,20.013775,0.8844077,25.70005,34.756096
2014-09-09 15,29.694168,0.9091185,86.89024,24.015799
2014-09-09 16,29.51636,1.7376195,80.79269,42.07317
2014-09-09 17,30.227598,1.7376195,23.070148,47.560974
2014-09-09 18,32.1835,2.1720243,110.772354,47.256096
2014-09-09 19,34.31721,0.8663487,144.81708,24.785349
2014-09-09 20,34.49502,0.86210054,157.0122,25.122929
2014-09-09 21,32.716927,0.8732877,171.74797,25.624388
2014-09-09 22,32.894737,1.7376195,142.78455,24.587835
2014-09-09 23,20.327051,0.96372443,37.23745,58.23171
2014-09-10 00,19.914501,0.8344634,23.137602,25.978111
2014-09-10 01,25.426743,0.8760592,106.70731,24.4721
2014-09-10 02,24.893316,1.520417,23.129353,24.91257
2014-09-10 03,19.962362,1.7376195,97.05285,37.19512
2014-09-10 04,19.61485,0.8994131,96.03658,34.451218
2014-09-10 05,19.632643,0.88970745,95.52846,39.02439
2014-09-10 06,30.583216,1.7376195,88.922775,39.634148
2014-09-10 07,19.770954,1.7376195,95.52846,25.19361
2014-09-10 08,19.668451,1.7376195,90.44715,30.182926
2014-09-10 09,32.1835,1.7376195,83.333336,29.268293
2014-09-10 10,19.499525,0.88195866,94.51219,25.522198
2014-09-10 11,19.813128,0.893463,105.18294,31.40244
2014-09-10 12,19.940268,1.520417,22.459364,32.621952
2014-09-10 13,19.49227,0.8825864,94.51219,31.40244
2014-09-10 14,19.848269,1.520417,22.77595,36.280487
2014-09-10 15,19.89084,1.520417,84.85773,24.57573
2014-09-10 16,19.507244,0.8751256,84.349594,25.495487
2014-09-10 17,19.984238,2.1720243,95.52846,24.994703
2014-09-10 18,29.871977,2.606429,123.47561,24.946657
2014-09-10 19,33.783783,1.7376195,154.97968,55.487804
2014-09-10 20,19.685862,1.7376195,162.60162,57.317074
2014-09-10 21,19.968796,0.84756476,161.07724,25.74114
2014-09-10 22,30.583216,0.90502083,148.88211,67.68293
2014-09-10 23,30.049788,0.8749217,23.955961,24.981213
2014-09-11 00,29.338549,1.7376195,118.39431,51.82927
2014-09-11 01,24.182077,0.8636808,22.84318,25.445234
2014-09-11 02,23.29303,0.90771896,92.479675,41.158535
2014-09-11 03,23.64865,1.7376195,22.809664,38.414635
2014-09-11 04,23.82646,0.92018497,95.02032,39.32927
2014-09-11 05,26.849218,0.91218746,88.922775,24.49713
2014-09-11 06,19.975277,0.8549965,22.653105,25.467861
2014-09-11 07,19.775106,0.8995671,84.349594,29.878048
2014-09-11 08,19.84891,1.7376195,22.497599,25.423985
2014-09-11 09,19.660313,0.8800182,91.46342,25.2047
2014-09-11 10,30.583216,1.7376195,89.939026,34.756096
2014-09-11 11,19.69547,1.7376195,22.536045,38.719513
2014-09-11 12,19.557613,1.7376195,111.78862,42.07317
2014-09-11 13,19.867012,1.7376195,94.51219,30.487804
2014-09-11 14,29.51636,1.520417,96.03658,36.585365
2014-09-11 15,19.584959,0.9166164,81.30081,40.853657
2014-09-11 16,19.632307,1.7376195,85.36585,24.623192
2014-09-11 17,29.51636,1.7376195,86.89024,24.137655
2014-09-11 18,19.65201,1.520417,112.80488,53.353657
2014-09-11 19,35.20626,1.7376195,23.161913,64.63415
2014-09-11 20,19.439756,0.86474776,169.20732,67.68293
2014-09-11 21,32.36131,1.059649,46.28159,68.597565
2014-09-11 22,30.049788,1.0143183,41.44911,60.97561
2014-09-11 23,28.627312,0.9057428,133.13008,51.82927
2014-09-12 00,19.702917,1.7376195,125.50813,47.560974
2014-09-12 01,24.182077,0.92147774,107.21545,46.951218
2014-09-12 02,23.29303,1.7376195,102.13415,24.525904
2014-09-12 03,23.64865,1.7376195,96.03658,24.51116
2014-09-12 04,23.82646,1.7376195,22.415167,24.966814
2014-09-12 05,25.782362,1.7376195,22.622145,24.891294
2014-09-12 06,28.627312,1.7376195,23.0577,37.19512
2014-09-12 07,36.273117,0.8862884,26.143675,25.974052
2014-09-12 08,35.20626,1.7376195,23.379799,24.801413
2014-09-12 09,19.627281,0.85419685,23.088928,25.192497
2014-09-12 10,19.861162,1.3032146,109.24797,25.242477
2014-09-12 11,19.674862,0.87516725,107.72358,25.550163
2014-09-12 12,19.707352,0.8852763,99.5935,25.464285
2014-09-12 13,30.761024,0.8986193,28.598064,34.451218
2014-09-12 14,31.294455,0.867722,24.724684,25.221169
2014-09-12 15,19.712666,1.7376195,98.57723,24.442951
2014-09-12 16,19.90222,1.7376195,22.893152,42.682926
2014-09-12 17,19.889076,1.520417,101.11789,43.59756
2014-09-12 18,30.227598,0.94261384,31.797297,42.987804
2014-09-12 19,33.605976,0.9663922,35.824226,48.17073
2014-09-12 20,20.281128,2.8236315,172.76422,26.225733
2014-09-12 21,19.905184,1.7376195,165.14227,57.621952
2014-09-12 22,19.813032,1.7376195,161.07724,65.243904
2014-09-12 23,19.730478,1.7376195,139.22765,25.285088
2014-09-13 00,19.526722,0.8761726,134.14635,52.743904
2014-09-13 01,24.893316,1.7376195,106.19919,48.780487
2014-09-13 02,20.012478,1.7376195,98.06911,24.518261
2014-09-13 03,23.64865,0.8948114,28.132837,38.109756
2014-09-13 04,19.899454,0.8529157,22.885124,25.582214
2014-09-13 05,25.782362,0.916632,78.760155,37.80488
2014-09-13 06,26.671408,1.7376195,77.23577,38.414635
2014-09-13 07,28.80512,0.8561222,24.07317,24.78143
2014-09-13 08,32.1835,2.1720243,23.125114,25.256842
2014-09-13 09,35.73969,3.040834,107.21545,24.732447
2014-09-13 10,19.577785,1.9548218,22.492208,39.02439
2014-09-13 11,33.250355,1.7376195,23.182104,24.556644
2014-09-13 12,19.60423,1.7376195,127.54066,39.939026
2014-09-13 13,19.631382,1.7376195,23.24482,37.80488
2014-09-13 14,33.605976,0.8962058,115.85366,34.451218
2014-09-13 15,33.250355,1.7376195,110.772354,37.5
2014-09-13 16,30.583216,0.89957273,102.64227,24.587805
2014-09-13 17,19.65037,1.9548218,103.65854,24.929665
2014-09-13 18,30.227598,1.7376195,111.28048,44.207317
2014-09-13 19,19.898891,1.7376195,22.558187,25.102003
2014-09-13 20,20.01546,1.7376195,23.093058,25.367428
2014-09-13 21,19.719315,1.7376195,144.81708,57.317074
2014-09-13 22,19.707718,0.88096106,128.55692,58.841465
2014-09-13 23,29.160742,1.7376195,23.006706,24.22633
2014-09-14 00,28.093885,1.7376195,119.41057,46.951218
2014-09-14 01,22.217085,0.0,74.71023,44.207317
2014-09-14 02,24.004267,0.0,105.18294,39.939026
2014-09-14 03,19.947035,1.520417,22.603382,37.19512
2014-09-14 04,24.004267,1.520417,86.38211,24.483595
2014-09-14 05,19.985165,1.7376195,22.45157,25.209068
2014-09-14 06,26.671408,0.9185854,80.28455,24.899046
2014-09-14 07,27.560455,1.7376195,22.938784,24.905107
2014-09-14 08,19.960295,1.7376195,82.8252,26.219513
2014-09-14 09,19.784092,1.7376195,98.06911,25.227112
2014-09-14 10,35.56188,1.7376195,22.68967,31.707317
2014-09-14 11,34.85064,1.7376195,147.86586,25.067608
2014-09-14 12,35.02845,1.7376195,125.50813,24.224545
2014-09-14 13,33.605976,1.7376195,123.98374,34.146343
2014-09-14 14,19.964716,0.8857484,103.65854,28.04878
2014-09-14 15,19.666748,1.520417,22.557455,28.963415
2014-09-14 16,19.943739,1.7376195,98.57723,25.047348
2014-09-14 17,29.51636,0.88034594,25.27982,28.04878
2014-09-14 18,31.82788,0.86966383,24.5697,24.815662
2014-09-14 19,20.015446,1.9548218,122.45935,33.23171
2014-09-14 20,33.605976,1.7376195,22.613531,24.799751
2014-09-14 21,31.82788,1.7376195,160.06097,56.707317
2014-09-14 22,30.049788,0.8809248,139.73578,24.926037
2014-09-14 23,29.51636,0.8912225,133.13008,55.182926
2014-09-15 00,28.449503,1.7376195,114.32927,47.256096
2014-09-15 01,24.893316,0.91629434,95.02032,41.158535
2014-09-15 02,23.82646,1.7376195,85.873985,24.504835
2014-09-15 03,23.82646,0.90765357,89.4309,39.634148
2014-09-15 04,19.724052,0.8954334,26.182264,36.585365
2014-09-15 05,25.960173,1.7376195,85.36585,37.19512
2014-09-15 06,30.583216,1.7376195,77.23577,37.5
2014-09-15 07,19.708147,1.7376195,86.38211,25.173512
2014-09-15 08,34.49502,0.8909991,25.190285,25.616253
2014-09-15 09,32.894737,1.7376195,91.97154,24.457317
2014-09-15 10,32.53912,0.9112326,26.546755,30.487804
2014-09-15 11,30.049788,0.9116275,104.6748,30.792683
2014-09-15 12,30.049788,0.9106416,30.171892,38.414635
2014-09-15 13,32.1835,0.9136251,27.128727,32.012196
2014-09-15 14,19.906322,1.3032146,87.9065,24.61853
2014-09-15 15,28.449503,0.8605252,24.184477,25.380756
2014-09-15 16,28.449503,0.9034481,99.5935,39.32927
2014-09-15 17,19.858398,1.7376195,104.6748,24.996801
2014-09-15 18,31.116644,2.1720243,123.47561,24.897442
2014-09-15 19,32.894737,0.8811054,24.840408,25.34431
2014-09-15 20,33.961594,1.7376195,23.26967,24.563005
2014-09-15 21,31.82788,1.7376195,23.956188,65.85366
2014-09-15 22,29.694168,1.7376195,142.27643,66.15854
2014-09-15 23,28.093885,1.7376195,23.25664,55.792683
2014-09-16 00,19.825874,0.83159745,22.70717,25.201218
2014-09-16 01,19.510662,1.7376195,22.837557,42.682926
2014-09-16 02,19.991974,1.7376195,88.414635,25.13323
2014-09-16 03,19.803297,0.89612055,83.84146,37.5
2014-09-16 04,19.939545,1.7376195,85.873985,36.280487
2014-09-16 05,25.782362,1.7376195,84.349594,24.034258
2014-09-16 06,28.627312,0.906452,82.8252,34.756096
2014-09-16 07,19.808897,0.8872716,84.85773,31.40244
2014-09-16 08,33.428165,1.7376195,90.44715,31.707317
2014-09-16 09,32.894737,1.7376195,81.808945,24.138794
2014-09-16 10,19.821863,1.520417,84.85773,33.23171
2014-09-16 11,32.36131,1.520417,94.51219,24.430784
2014-09-16 12,19.754763,1.3032146,22.532974,24.88442
2014-09-16 13,19.536484,0.89439154,87.9065,27.743902
2014-09-16 14,19.870409,0.8380927,22.644089,25.726038
2014-09-16 15,19.609373,1.7376195,82.31707,25.128748
2014-09-16 16,28.093885,1.7376195,85.873985,45.121952
2014-09-16 17,29.160742,0.88955265,86.89024,24.766144
2014-09-16 18,30.938833,2.1720243,115.85366,49.085365
2014-09-16 19,35.20626,0.99568313,35.221302,48.47561
2014-09-16 20,19.326971,1.7376195,23.793772,64.939026
2014-09-16 21,31.82788,1.7376195,168.69919,25.064053
2014-09-16 22,19.67182,1.7376195,162.09349,61.280487
2014-09-16 23,28.271692,1.7376195,22.87561,51.82927
2014-09-17 00,26.671408,0.95792234,32.212143,46.951218
2014-09-17 01,19.89383,1.7376195,22.83153,25.107195
2014-09-17 02,19.70751,1.520417,89.4309,35.97561
2014-09-17 03,23.64865,1.7376195,89.4309,36.890244
2014-09-17 04,19.666822,1.7376195,22.937878,34.146343
2014-09-17 05,19.695421,1.7376195,82.31707,24.533262
2014-09-17 06,29.338549,1.7376195,89.939026,24.136833
2014-09-17 07,37.69559,1.7376195,88.922775,34.146343
2014-09-17 08,34.672832,1.7376195,23.139248,35.060974
2014-09-17 09,32.1835,0.906552,89.4309,30.182926
2014-09-17 10,31.82788,1.520417,90.955284,32.92683
2014-09-17 11,31.116644,1.520417,89.4309,32.012196
2014-09-17 12,19.588392,1.520417,87.39838,40.243904
2014-09-17 13,30.049788,1.7376195,86.38211,23.990114
2014-09-17 14,19.802841,0.8780763,85.873985,24.760063
2014-09-17 15,28.80512,0.90906477,80.79269,24.293013
2014-09-17 16,28.449503,1.7376195,83.333336,46.646343
2014-09-17 17,28.449503,2.1720243,22.766245,44.817074
2014-09-17 18,31.472261,2.606429,22.56219,25.01889
2014-09-17 19,19.827751,1.7376195,23.478308,49.69512
2014-09-17 20,34.31721,0.8920343,165.14227,57.621952
2014-09-17 21,33.605976,1.7376195,165.6504,25.664122
2014-09-17 22,19.850523,0.84538764,148.88211,25.97251
2014-09-17 23,19.473362,0.87553877,130.0813,54.878048
2014-09-18 00,20.235563,0.90712464,30.26864,44.207317
2014-09-18 01,24.182077,0.9033545,85.873985,41.76829
2014-09-18 02,23.29303,1.7376195,23.413298,39.32927
2014-09-18 03,23.82646,1.7376195,88.922775,36.585365
2014-09-18 04,23.64865,1.7376195,22.927982,24.721077
2014-09-18 05,19.62677,1.7376195,84.85773,25.081959
2014-09-18 06,28.982931,1.7376195,86.38211,38.109756
2014-09-18 07,20.002481,0.87406605,26.624208,35.67073
2014-09-18 08,20.026234,1.7376195,23.133629,25.05936
2014-09-18 09,19.806955,1.9548218,84.85773,35.365852
2014-09-18 10,32.36131,1.7376195,22.963305,24.23156
2014-09-18 11,19.913132,0.8967517,110.26423,36.890244
2014-09-18 12,29.338549,0.86171913,24.090302,24.839935
2014-09-18 13,19.63803,1.7376195,22.991774,35.365852
2014-09-18 14,29.51636,1.520417,85.36585,24.40834
2014-09-18 15,19.744287,0.92051566,77.23577,42.378048
2014-09-18 16,19.671457,1.7376195,23.091599,25.029829
2014-09-18 17,28.449503,1.7376195,109.756096,24.045923
2014-09-18 18,19.89419,1.520417,139.22765,25.707314
2014-09-18 19,19.369143,0.8749301,163.10976,63.109756
2014-09-18 20,19.938444,1.9548218,172.2561,58.841465
2014-09-18 21,32.716927,1.7376195,157.52031,65.243904
2014-09-18 22,29.160742,1.7376195,23.770432,62.5
2014-09-18 23,19.402521,1.7376195,127.54066,59.756096
2014-09-19 00,19.99054,0.86291283,118.902435,25.35489
2014-09-19 01,20.213028,0.9246185,31.291935,46.951218
2014-09-19 02,23.29303,1.7376195,83.333336,24.441622
2014-09-19 03,23.82646,1.7376195,88.414635,40.853657
2014-09-19 04,19.64573,0.9029715,80.28455,38.109756
2014-09-19 05,25.426743,1.7376195,85.873985,23.950136
2014-09-19 06,28.271692,1.7376195,23.019802,37.80488
2014-09-19 07,36.984352,0.9231301,84.349594,34.756096
2014-09-19 08,34.31721,0.90918094,93.49593,24.752424
2014-09-19 09,20.067017,0.86880976,26.46983,37.19512
2014-09-19 10,19.938158,0.91897094,30.010082,44.817074
2014-09-19 11,19.671164,1.3032146,96.544716,24.552858
2014-09-19 12,30.938833,1.3032146,113.31301,47.256096
2014-09-19 13,30.938833,1.7376195,108.231705,24.902136
2014-09-19 14,30.938833,0.87461436,24.789682,25.891848
2014-09-19 15,29.160742,0.8774895,23.410835,24.65678
2014-09-19 16,30.405405,1.7376195,23.17289,24.177217
2014-09-19 17,19.87791,0.8683997,95.02032,25.096935
2014-09-19 18,20.267609,0.9158231,31.92761,47.256096
2014-09-19 19,34.672832,1.7376195,147.86586,53.048782
2014-09-19 20,33.428165,0.87043893,176.82927,25.771692
2014-09-19 21,32.36131,1.7376195,164.63414,56.707317
2014-09-19 22,28.982931,1.7376195,153.96341,24.826075
2014-09-19 23,19.722755,1.7376195,22.807816,25.147642
2014-09-20 00,19.872173,1.7376195,22.678078,24.883608
2014-09-20 01,19.762115,0.8851504,98.06911,25.229174
2014-09-20 02,23.29303,1.7376195,85.873985,24.566069
2014-09-20 03,23.29303,1.7376195,22.846106,24.755278
2014-09-20 04,19.783113,1.7376195,80.28455,38.414635
2014-09-20 05,26.13798,2.1720243,22.858643,38.109756
2014-09-20 06,25.604551,0.90483755,74.69512,24.101427
2014-09-20 07,19.529102,0.9018669,70.63008,29.878048
2014-09-20 08,19.861324,2.1720243,22.884686,33.841465
2014-09-20 09,20.028465,3.040834,22.569265,34.756096
2014-09-20 10,33.605976,1.9548218,22.811815,25.071089
2014-09-20 11,19.695997,1.7376195,140.75203,54.26829
2014-09-20 12,19.539839,0.8699723,139.22765,49.390244
2014-09-20 13,19.71513,1.7376195,107.21545,39.939026
2014-09-20 14,19.606422,1.7376195,104.166664,46.341465
2014-09-20 15,33.072548,1.7376195,118.902435,24.134655
2014-09-20 16,19.92351,1.7376195,23.050482,41.463413
2014-09-20 17,30.227598,1.9548218,117.37805,47.865852
2014-09-20 18,30.405405,1.7376195,128.04878,48.17073
2014-09-20 19,34.31721,0.9999448,39.4057,55.182926
2014-09-20 20,34.31721,1.7376195,166.66667,58.841465
2014-09-20 21,31.116644,1.7376195,133.63821,24.741316
2014-09-20 22,28.627312,1.7376195,23.346561,50.30488
2014-09-20 23,27.916075,1.7376195,133.13008,48.17073
2014-09-21 00,26.849218,1.7376195,23.092598,49.085365
2014-09-21 01,24.004267,0.0,101.626015,24.178848
2014-09-21 02,23.115221,0.0,72.70862,40.548782
2014-09-21 03,23.115221,0.92122376,91.46342,37.19512
2014-09-21 04,19.911436,1.520417,83.84146,36.280487
2014-09-21 05,24.893316,0.91222966,26.7063,35.97561
2014-09-21 06,24.537695,1.7376195,82.31707,39.02439
2014-09-21 07,26.31579,0.86988723,24.45892,27.743902
2014-09-21 08,19.636816,0.8932938,75.203255,27.743902
2014-09-21 09,19.705841,1.7376195,96.03658,24.781183
2014-09-21 10,19.731615,0.8935742,127.54066,37.80488
2014-09-21 11,34.139404,0.8818041,160.06097,55.182926
2014-09-21 12,34.139404,1.7376195,153.45529,55.487804
2014-09-21 13,33.783783,1.7376195,22.8047,33.23171
2014-09-21 14,34.672832,0.9111639,97.05285,26.219513
2014-09-21 15,32.00569,0.88718385,24.743645,25.914635
2014-09-21 16,19.697834,1.7376195,23.073198,24.390244
2014-09-21 17,30.227598,0.8656415,24.282362,24.929468
2014-09-21 18,30.938833,1.7376195,102.13415,33.536587
2014-09-21 19,19.63799,1.9548218,22.688543,41.158535
2014-09-21 20,34.139404,1.7376195,23.54654,57.621952
2014-09-21 21,32.36131,0.8697501,148.37398,25.365498
2014-09-21 22,28.982931,0.9025481,129.57317,57.92683
2014-09-21 23,28.271692,0.89697355,124.49187,57.92683
2014-09-22 00,26.13798,0.9597296,34.116432,50.30488
2014-09-22 01,19.699177,0.83793694,22.655157,25.822916
2014-09-22 02,23.115221,1.7376195,22.71466,24.306297
2014-09-22 03,19.53656,1.520417,91.46342,34.451218
2014-09-22 04,23.29303,0.89951164,86.38211,24.88842
2014-09-22 05,25.071123,0.8846106,26.30705,33.23171
2014-09-22 06,27.916075,1.7376195,22.670946,36.585365
2014-09-22 07,36.628735,0.92533916,29.063877,33.23171
2014-09-22 08,33.961594,1.7376195,95.52846,24.456251
2014-09-22 09,33.250355,1.7376195,98.06911,30.182926
2014-09-22 10,19.648506,1.7376195,107.21545,32.012196
2014-09-22 11,32.716927,1.3032146,23.350706,36.890244
2014-09-22 12,31.294455,0.92103696,105.18294,51.82927
2014-09-22 13,31.116644,1.520417,98.06911,37.5
2014-09-22 14,30.405405,1.3032146,22.988958,24.841448
2014-09-22 15,29.160742,1.520417,84.349594,24.10031
2014-09-22 16,29.51636,1.7376195,93.49593,41.76829
2014-09-22 17,29.51636,1.7376195,23.175108,42.378048
2014-09-22 18,19.934458,2.1720243,111.28048,24.980982
2014-09-22 19,35.56188,0.8790721,157.52031,25.226576
2014-09-22 20,34.139404,1.7376195,23.343195,24.298937
2014-09-22 21,19.942812,1.7376195,22.435888,25.504816
2014-09-22 22,19.446785,0.8901501,152.43903,66.15854
2014-09-22 23,19.522827,1.7376195,23.467062,58.841465
2014-09-23 00,20.016973,1.7376195,23.077738,24.768396
2014-09-23 01,19.844534,1.7376195,22.898916,43.90244
2014-09-23 02,19.995989,0.88816273,28.643364,40.243904
2014-09-23 03,23.29303,0.8978378,26.508194,35.67073
2014-09-23 04,23.64865,1.7376195,89.939026,24.145731
2014-09-23 05,19.45138,0.88461137,86.89024,35.97561
2014-09-23 06,27.738264,0.9045169,28.03335,35.97561
2014-09-23 07,36.806545,1.7376195,91.46342,39.32927
2014-09-23 08,34.49502,1.7376195,88.922775,33.841465
2014-09-23 09,19.60709,0.8895325,95.02032,28.658537
2014-09-23 10,19.803213,1.520417,23.04151,31.40244
2014-09-23 11,31.472261,0.9167457,30.539976,38.414635
2014-09-23 12,30.583216,0.88216877,24.257086,25.62038
2014-09-23 13,19.88301,1.7376195,23.085815,24.846102
2014-09-23 14,30.583216,1.7376195,23.072367,24.31206
2014-09-23 15,19.64712,1.7376195,85.36585,30.487804
2014-09-23 16,19.877222,1.7376195,22.856108,38.414635
2014-09-23 17,30.583216,1.7376195,23.304132,36.585365
2014-09-23 18,32.1835,2.1720243,124.49187,51.219513
2014-09-23 19,19.924051,0.83407855,22.993544,25.257607
2014-09-23 20,19.655838,0.87140787,189.53253,60.060974
2014-09-23 21,19.702293,1.7376195,23.093674,60.67073
2014-09-23 22,29.51636,0.8804146,154.47154,25.788857
2014-09-23 23,19.43252,1.7376195,23.500845,50.0
2014-09-24 00,19.635702,1.7376195,22.585594,39.939026
2014-09-24 01,23.64865,0.86382633,22.661192,24.699387
2014-09-24 02,22.93741,1.520417,22.663694,24.411343
2014-09-24 03,23.115221,1.7376195,88.414635,24.316116
2014-09-24 04,23.64865,1.7376195,87.39838,39.02439
2014-09-24 05,19.666708,1.7376195,23.335928,38.719513
2014-09-24 06,28.449503,0.9160827,87.9065,36.890244
2014-09-24 07,37.51778,1.7376195,23.423044,36.280487
2014-09-24 08,19.728537,1.7376195,89.4309,31.707317
2014-09-24 09,20.016962,1.7376195,22.503883,24.998312
2014-09-24 10,19.906145,1.520417,22.849669,25.392641
2014-09-24 11,31.116644,0.8962346,26.008854,29.573172
2014-09-24 12,31.82788,1.520417,91.46342,24.286772
2014-09-24 13,19.851126,1.7376195,22.292685,23.780487
2014-09-24 14,19.718878,0.840852,22.588621,23.780487
2014-09-24 15,29.160742,0.9202111,90.44715,29.573172
2014-09-24 16,27.738264,1.7376195,96.03658,34.451218
2014-09-24 17,19.979856,2.1720243,22.391466,25.082685
2014-09-24 18,27.560455,0.9737657,36.7845,53.963413
2014-09-24 19,19.453703,0.8780068,143.80081,55.792683
2014-09-24 20,19.836147,1.7376195,177.84555,26.148203
2014-09-24 21,28.627312,0.9027681,150.40651,63.109756
2014-09-24 22,25.782362,1.7376195,154.47154,61.280487
2014-09-24 23,23.82646,1.7376195,23.149578,53.658535
2014-09-25 00,22.403982,1.7376195,110.772354,24.927528
2014-09-25 01,19.619541,1.7376195,96.03658,39.02439
2014-09-25 02,19.736841,0.9145267,84.85773,38.719513
2014-09-25 03,19.381224,1.7376195,87.39838,24.07952
2014-09-25 04,19.778719,1.7376195,83.333336,33.536587
2014-09-25 05,22.581793,0.88913804,85.36585,24.082834
2014-09-25 06,19.749182,1.7376195,90.955284,35.97561
2014-09-25 07,33.783783,1.7376195,22.71516,34.451218
2014-09-25 08,31.472261,1.7376195,85.36585,28.04878
2014-09-25 09,19.80824,1.9548218,83.333336,27.134146
2014-09-25 10,28.093885,1.7376195,102.13415,24.240034
2014-09-25 11,19.612474,1.7376195,23.136026,32.92683
2014-09-25 12,19.652672,1.7376195,93.49593,25.078382
2014-09-25 13,27.560455,1.7376195,94.00407,23.98234
2014-09-25 14,19.593908,1.520417,72.662605,34.451218
2014-09-25 15,25.960173,1.520417,22.682741,24.99223
2014-09-25 16,19.882084,1.7376195,81.30081,39.02439
2014-09-25 17,19.790228,1.7376195,87.9065,44.512196
2014-09-25 18,19.586496,0.90485245,108.73984,52.743904
2014-09-25 19,29.694168,0.9040871,168.69919,64.32927
2014-09-25 20,30.761024,1.9548218,23.076077,24.571411
2014-09-25 21,28.627312,0.89774144,165.6504,64.02439
2014-09-25 22,19.293358,1.7376195,23.64661,66.15854
2014-09-25 23,19.423615,1.7376195,117.37805,57.92683
2014-09-26 00,22.048365,1.7376195,109.24797,24.340252
2014-09-26 01,19.559032,1.7376195,22.593908,38.719513
2014-09-26 02,19.735605,1.7376195,22.769508,36.890244
2014-09-26 03,19.203413,1.7376195,88.922775,34.451218
2014-09-26 04,19.784332,0.8947041,88.414635,25.446602
2014-09-26 05,21.514936,0.9074915,87.39838,37.5
2014-09-26 06,23.82646,1.7376195,89.4309,40.853657
2014-09-26 07,33.428165,1.7376195,77.743904,23.552004
2014-09-26 08,30.761024,1.7376195,23.220709,24.461248
2014-09-26 09,19.539862,0.86880976,84.349594,24.247551
2014-09-26 10,20.00157,1.3032146,22.636103,31.09756
2014-09-26 11,29.51636,0.8978555,89.939026,24.931612
2014-09-26 12,29.160742,1.3032146,22.853699,31.707317
2014-09-26 13,26.849218,1.7376195,96.544716,23.170732
2014-09-26 14,16.714083,1.7376195,22.714073,24.806458
2014-09-26 15,26.671408,1.7376195,22.93122,32.012196
2014-09-26 16,19.60577,1.7376195,88.922775,35.060974
2014-09-26 17,26.493599,1.520417,23.147594,33.841465
2014-09-26 18,27.027029,2.1720243,23.286892,42.07317
2014-09-26 19,19.704153,0.85170543,22.661287,25.475636
2014-09-26 20,30.227598,0.8705052,172.76422,25.486265
2014-09-26 21,20.23153,0.9530535,36.626366,56.707317
2014-09-26 22,25.248934,1.7376195,147.35773,57.92683
2014-09-26 23,24.359886,0.8797542,124.49187,25.348148
2014-09-27 00,19.898312,1.7376195,115.34553,25.534431
2014-09-27 01,20.27027,1.7376195,23.147755,38.109756
2014-09-27 02,19.992376,1.7376195,23.054337,36.585365
2014-09-27 03,19.025604,0.9004368,25.236708,36.280487
2014-09-27 04,19.668037,1.7376195,87.39838,25.0836
2014-09-27 05,21.159317,0.87688476,25.884216,34.451218
2014-09-27 06,21.514936,1.7376195,81.808945,35.060974
2014-09-27 07,19.967213,1.7376195,22.31793,26.524391
2014-09-27 08,19.609064,2.1720243,88.922775,25.34916
2014-09-27 09,19.825935,3.040834,108.73984,33.536587
2014-09-27 10,30.938833,1.9548218,124.49187,34.756096
2014-09-27 11,29.338549,1.7376195,22.733263,39.32927
2014-09-27 12,28.80512,0.8914251,127.54066,42.682926
2014-09-27 13,19.777348,1.7376195,111.28048,24.827463
2014-09-27 14,10.135135,1.7376195,109.24797,35.365852
2014-09-27 15,10.490754,0.88357526,119.9187,25.12204
2014-09-27 16,30.227598,1.7376195,22.717474,38.414635
2014-09-27 17,19.580145,1.9548218,133.63821,44.817074
2014-09-27 18,30.049788,0.880767,24.176958,25.682451
2014-09-27 19,30.227598,0.88031274,157.52031,55.487804
2014-09-27 20,19.791878,1.7376195,190.04063,64.63415
2014-09-27 21,19.51144,1.7376195,145.32521,62.5
2014-09-27 22,20.112999,1.7376195,126.52439,25.489069
2014-09-27 23,26.13798,1.7376195,23.335917,57.012196
2014-09-28 00,20.056568,1.7376195,117.88618,25.410507
2014-09-28 01,21.337126,0.0,94.00407,24.080633
2014-09-28 02,20.44808,0.0,70.10863,39.02439
2014-09-28 03,20.44808,1.520417,22.55113,25.063643
2014-09-28 04,20.625889,1.520417,86.38211,34.146343
2014-09-28 05,22.226173,1.7376195,88.922775,23.958065
2014-09-28 06,22.581793,1.7376195,75.203255,34.451218
2014-09-28 07,19.796457,1.7376195,73.67886,27.439024
2014-09-28 08,27.738264,0.8973935,86.89024,28.353659
2014-09-28 09,31.294455,1.7376195,99.085365,31.707317
2014-09-28 10,32.1835,0.8981018,123.98374,31.40244
2014-09-28 11,19.884703,0.83424956,22.772697,25.731104
2014-09-28 12,33.250355,0.87889796,164.12602,46.341465
2014-09-28 13,19.939877,0.83673406,22.853086,25.95993
2014-09-28 14,19.715544,0.88602495,110.26423,32.317074
2014-09-28 15,29.871977,1.520417,22.809776,24.363522
2014-09-28 16,19.921736,1.7376195,22.732843,25.14731
2014-09-28 17,29.51636,0.8976888,27.400492,33.23171
2014-09-28 18,30.049788,0.8678549,24.619957,25.717712
2014-09-28 19,32.00569,0.9128897,30.162945,37.19512
2014-09-28 20,32.00569,1.7376195,187.5,52.743904
2014-09-28 21,19.431162,0.8869402,156.50406,56.09756
2014-09-28 22,19.686357,1.7376195,154.97968,52.743904
2014-09-28 23,26.671408,0.9369446,33.16332,46.951218
2014-09-29 00,24.004267,0.9132588,111.78862,40.243904
2014-09-29 01,20.981508,1.7376195,22.996498,37.5
2014-09-29 02,20.625889,1.7376195,86.38211,24.541534
2014-09-29 03,20.44808,1.520417,22.611012,33.23171
2014-09-29 04,19.768747,0.9002359,74.18699,25.176796
2014-09-29 05,22.581793,0.8811447,25.244156,32.621952
2014-09-29 06,19.799404,0.8720038,26.172289,34.756096
2014-09-29 07,33.961594,1.7376195,22.71029,24.733915
2014-09-29 08,32.53912,1.7376195,96.544716,29.573172
2014-09-29 09,30.761024,1.7376195,22.52518,27.134146
2014-09-29 10,29.51636,1.7376195,23.28875,25.087933
2014-09-29 11,29.694168,0.9043241,95.02032,30.792683
2014-09-29 12,19.637016,1.3032146,98.06911,32.012196
2014-09-29 13,19.637772,1.520417,88.922775,28.658537
2014-09-29 14,27.027029,1.3032146,83.84146,30.182926
2014-09-29 15,25.960173,1.520417,88.414635,24.16886
2014-09-29 16,19.914238,1.7376195,98.57723,25.37617
2014-09-29 17,19.883926,1.7376195,100.10162,25.085049
2014-09-29 18,19.893202,2.1720243,119.41057,45.121952
2014-09-29 19,32.1835,1.7376195,159.55284,25.150156
2014-09-29 20,30.227598,0.87588024,24.196587,25.364145
2014-09-29 21,28.80512,1.7376195,23.408337,57.012196
2014-09-29 22,25.960173,0.85870343,23.07031,24.655634
2014-09-29 23,24.182077,1.7376195,118.39431,24.38629
2014-09-30 00,19.464588,0.90482384,106.19919,39.32927
2014-09-30 01,19.914652,1.7376195,94.51219,24.142324
2014-09-30 02,19.733736,1.7376195,22.40419,33.536587
2014-09-30 03,18.669987,1.7376195,89.939026,33.23171
2014-09-30 04,19.853548,0.90691185,88.414635,34.451218
2014-09-30 05,19.594772,1.7376195,83.84146,32.92683
2014-09-30 06,19.61119,1.7376195,95.02032,35.97561
2014-09-30 07,19.750793,0.896858,84.85773,24.695276
2014-09-30 08,19.524057,0.8897577,85.36585,24.767044
2014-09-30 09,28.80512,1.7376195,23.256804,29.268293
2014-09-30 10,19.832127,0.8455002,23.125114,25.352526
2014-09-30 11,27.560455,1.520417,87.39838,34.451218
2014-09-30 12,19.575317,0.8558867,22.61207,25.181715
2014-09-30 13,27.204836,1.7376195,78.760155,24.377975
2014-09-30 14,26.31579,1.7376195,80.79269,23.95227
2014-09-30 15,25.782362,1.7376195,74.69512,24.106205
2014-09-30 16,26.671408,1.7376195,74.18699,23.721252
2014-09-30 17,26.31579,1.7376195,91.97154,42.987804
2014-09-30 18,28.982931,0.9443969,31.735977,43.90244
2014-09-30 19,19.864193,1.7376195,159.04471,55.182926
2014-09-30 20,29.871977,1.7376195,194.1057,25.45521
2014-09-30 21,19.885105,1.7376195,170.7317,25.893625
2014-09-30 22,26.493599,0.86034846,148.88211,25.779453
2014-09-30 23,24.715506,0.89402187,126.01626,52.743904
2014-10-01 00,23.115221,1.7376195,23.113342,24.868252
2014-10-01 01,19.914652,1.7376195,104.166664,37.80488
2014-10-01 02,19.381224,1.520417,93.49593,36.585365
2014-10-01 03,18.847795,0.8952712,86.89024,34.451218
2014-10-01 04,19.203413,1.7376195,23.310291,36.280487
2014-10-01 05,19.783302,1.7376195,22.667517,33.841465
2014-10-01 06,19.856747,1.7376195,82.8252,36.280487
2014-10-01 07,33.428165,1.7376195,22.717348,39.939026
2014-10-01 08,32.1835,1.7376195,22.973537,33.841465
2014-10-01 09,29.694168,0.89301956,88.922775,24.203482
2014-10-01 10,19.642738,1.520417,22.986635,28.353659
2014-10-01 11,28.982931,1.520417,87.9065,29.573172
2014-10-01 12,19.890741,1.520417,85.873985,24.643597
2014-10-01 13,30.049788,1.7376195,22.581814,24.573368
2014-10-01 14,19.86854,1.520417,82.31707,23.780487
2014-10-01 15,25.960173,1.520417,23.057238,29.878048
2014-10-01 16,26.13798,0.8613237,23.287035,25.098755
2014-10-01 17,27.204836,0.89002883,87.9065,24.857553
2014-10-01 18,19.701366,2.606429,22.948484,25.73743
2014-10-01 19,35.73969,1.7376195,23.429794,49.69512
2014-10-01 20,33.961594,1.7376195,22.767416,24.742214
2014-10-01 21,29.694168,1.7376195,22.563463,24.885487
2014-10-01 22,28.093885,1.7376195,23.553825,59.146343
2014-10-01 23,25.960173,0.90362614,136.17886,57.317074
2014-10-02 00,24.182077,0.8820059,124.49187,24.860435
2014-10-02 01,20.625889,0.8862179,107.21545,24.817211
2014-10-02 02,19.736841,1.7376195,92.479675,37.80488
2014-10-02 03,19.559032,0.89474493,25.304773,35.67073
2014-10-02 04,19.736841,0.88260216,94.00407,24.869776
2014-10-02 05,19.50442,0.8882464,86.38211,25.317371
2014-10-02 06,19.88409,1.7376195,22.295578,25.578112
2014-10-02 07,19.46812,0.89058614,94.51219,39.02439
2014-10-02 08,19.6068,1.7376195,90.44715,24.573307
2014-10-02 09,30.227598,0.9004764,25.603498,29.573172
2014-10-02 10,29.338549,0.87378573,23.664778,24.795698
2014-10-02 11,29.51636,0.91429454,85.36585,41.158535
2014-10-02 12,19.934881,0.89933753,28.883,41.463413
2014-10-02 13,28.627312,1.7376195,22.91824,24.226759
2014-10-02 14,27.738264,0.89355844,89.939026,24.895666
2014-10-02 15,19.568993,0.89494276,79.268295,40.243904
2014-10-02 16,30.761024,1.7376195,90.955284,43.90244
2014-10-02 17,30.227598,0.87005854,24.347729,25.29169
2014-10-02 18,32.1835,1.520417,103.65854,24.172527
2014-10-02 19,35.73969,1.7376195,23.122742,61.890244
2014-10-02 20,33.250355,1.9548218,23.962067,79.87805
2014-10-02 21,29.338549,1.7376195,175.30487,25.328848
2014-10-02 22,28.627312,1.7376195,161.58537,25.428997
2014-10-02 23,26.31579,1.7376195,23.71615,53.048782
2014-10-03 00,19.548414,0.8997481,114.32927,43.90244
2014-10-03 01,19.868244,0.89165974,101.626015,40.548782
2014-10-03 02,19.697344,1.7376195,23.221502,38.109756
2014-10-03 03,19.538383,0.8813375,88.922775,25.130928
2014-10-03 04,20.04769,1.7376195,22.47948,25.260717
2014-10-03 05,19.686188,1.7376195,86.89024,33.536587
2014-10-03 06,20.128212,0.89129066,25.835217,35.365852
2014-10-03 07,35.73969,0.90218353,92.479675,24.697239
2014-10-03 08,34.31721,1.7376195,23.212921,43.90244
2014-10-03 09,31.65007,0.86880976,94.51219,32.621952
2014-10-03 10,19.588316,0.87249845,96.544716,25.247519
2014-10-03 11,30.583216,0.91388613,99.085365,31.40244
2014-10-03 12,27.204836,1.3032146,95.52846,36.280487
2014-10-03 13,19.58752,0.90159196,88.414635,32.012196
2014-10-03 14,29.160742,1.7376195,23.029198,38.414635
2014-10-03 15,19.781609,0.87978876,26.979496,36.890244
2014-10-03 16,19.848888,1.7376195,95.02032,38.109756
2014-10-03 17,31.116644,1.520417,102.64227,43.90244
2014-10-03 18,30.583216,2.1720243,22.624746,25.150143
2014-10-03 19,19.799124,1.7376195,22.920069,25.482267
2014-10-03 20,19.645746,0.8633168,209.85773,64.02439
2014-10-03 21,28.80512,1.7376195,160.06097,57.317074
2014-10-03 22,20.077824,1.7376195,164.63414,25.56402
2014-10-03 23,25.426743,1.7376195,142.78455,25.302725
2014-10-04 00,24.893316,1.7376195,124.49187,24.775503
2014-10-04 01,19.502378,1.7376195,100.60975,45.121952
2014-10-04 02,20.981508,0.9131606,84.349594,38.109756
2014-10-04 03,20.160013,0.8779617,26.168139,35.060974
2014-10-04 04,20.44808,0.91932297,87.39838,34.146343
2014-10-04 05,24.004267,0.8917708,85.873985,24.572065
2014-10-04 06,25.960173,1.7376195,81.30081,24.55697
2014-10-04 07,19.727638,0.8954084,80.79269,36.280487
2014-10-04 08,29.871977,0.89780575,105.18294,39.02439
2014-10-04 09,19.888424,3.040834,99.5935,25.304552
2014-10-04 10,19.74931,1.9548218,23.001347,25.59943
2014-10-04 11,31.472261,1.7376195,114.32927,36.585365
2014-10-04 12,19.699945,0.86885536,122.967476,25.87376
2014-10-04 13,19.85036,1.7376195,113.82114,25.533321
2014-10-04 14,29.871977,0.8923542,113.82114,32.621952
2014-10-04 15,19.922886,0.8772199,107.72358,33.841465
2014-10-04 16,28.627312,0.90102935,27.017506,33.23171
2014-10-04 17,19.598125,0.8809397,106.70731,25.228786
2014-10-04 18,32.1835,0.90687525,103.65854,24.710318
2014-10-04 19,19.651777,1.7376195,22.724693,46.341465
2014-10-04 20,19.898642,1.7376195,22.806295,25.665283
2014-10-04 21,27.560455,0.88191444,137.19513,25.530884
2014-10-04 22,26.13798,1.7376195,22.412495,24.698269
2014-10-04 23,19.712557,1.7376195,23.2772,55.792683
2014-10-05 00,24.537695,1.7376195,116.361786,24.351927
2014-10-05 01,21.692745,0.0,104.6748,41.158535
2014-10-05 02,21.722672,0.0,61.247524,31.081629
2014-10-05 03,19.736841,1.520417,22.769869,35.67073
2014-10-05 04,19.71055,0.88375634,85.873985,24.7054
2014-10-05 05,22.759604,1.7376195,23.107723,34.451218
2014-10-05 06,23.29303,1.7376195,82.8252,36.280487
2014-10-05 07,19.692871,0.89086753,71.138214,24.383926
2014-10-05 08,26.849218,0.90745527,79.77642,28.658537
2014-10-05 09,19.777746,0.8695609,24.024128,30.487804
2014-10-05 10,31.116644,0.8931388,134.65446,34.146343
2014-10-05 11,19.998726,1.7376195,23.276983,37.80488
2014-10-05 12,32.00569,0.8836929,126.01626,24.553488
2014-10-05 13,19.927977,1.7376195,101.626015,24.721676
2014-10-05 14,19.829908,0.8577943,23.71029,28.963415
2014-10-05 15,29.694168,0.91338986,93.49593,25.914635
2014-10-05 16,27.916075,0.9041385,86.38211,24.695122
2014-10-05 17,28.982931,0.8773771,23.994934,25.730978
2014-10-05 18,28.982931,0.919655,87.39838,34.756096
2014-10-05 19,19.64549,0.89250046,121.951225,42.987804
2014-10-05 20,28.982931,0.9826551,36.858273,53.658535
2014-10-05 21,28.627312,1.7376195,23.287445,50.914635
2014-10-05 22,26.31579,0.8648455,23.467016,25.510149
2014-10-05 23,24.893316,0.8823744,117.88618,25.23127
2014-10-06 00,19.681362,0.86628795,110.26423,25.211266
2014-10-06 01,20.981508,0.86174786,23.11218,25.48826
2014-10-06 02,19.599222,0.88504875,90.44715,37.19512
2014-10-06 03,19.559032,1.520417,86.38211,24.282291
2014-10-06 04,19.781826,1.7376195,22.699493,24.767118
2014-10-06 05,23.115221,1.7376195,84.85773,24.681902
2014-10-06 06,27.382647,1.7376195,84.349594,33.536587
2014-10-06 07,37.873398,0.9117057,87.39838,37.80488
2014-10-06 08,32.894737,1.7376195,104.166664,24.151896
2014-10-06 09,19.966747,1.7376195,23.09863,29.573172
2014-10-06 10,28.982931,1.7376195,22.868065,24.467688
2014-10-06 11,28.449503,1.3032146,100.10162,32.92683
2014-10-06 12,28.80512,0.9313746,32.14143,43.59756
2014-10-06 13,19.651812,0.9053786,97.560974,38.414635
2014-10-06 14,28.449503,0.9104762,81.30081,24.687033
2014-10-06 15,19.874037,1.520417,79.77642,24.167812
2014-10-06 16,26.31579,0.9046311,92.479675,45.73171
2014-10-06 17,19.751944,0.8573049,23.08,25.473986
2014-10-06 18,19.738613,2.1720243,22.715757,25.684092
2014-10-06 19,31.472261,0.87859404,24.237926,24.95154
2014-10-06 20,30.049788,1.0243243,45.259274,66.15854
2014-10-06 21,19.611765,0.8789957,157.52031,58.23171
2014-10-06 22,25.960173,1.7376195,141.7683,25.313433
2014-10-06 23,24.359886,1.7376195,22.798647,24.347939
2014-10-07 00,23.470839,0.8925148,109.756096,43.90244
2014-10-07 01,20.09246,1.7376195,22.603846,25.100245
2014-10-07 02,19.736841,1.7376195,85.36585,24.325722
2014-10-07 03,19.53786,0.88687,83.333336,24.932045
2014-10-07 04,19.647215,1.7376195,86.89024,37.5
2014-10-07 05,22.581793,1.7376195,22.504482,33.536587
2014-10-07 06,25.248934,1.7376195,22.655674,35.67073
2014-10-07 07,19.665413,1.7376195,85.36585,37.5
2014-10-07 08,29.160742,1.7376195,94.00407,36.585365
2014-10-07 09,19.874695,1.7376195,22.969383,34.146343
2014-10-07 10,26.31579,0.89376587,26.092236,32.621952
2014-10-07 11,19.650705,1.520417,23.06284,35.365852
2014-10-07 12,19.70344,0.90369916,98.06911,42.07317
2014-10-07 13,27.204836,0.9048811,85.873985,34.146343
2014-10-07 14,26.493599,0.9287919,77.23577,32.012196
2014-10-07 15,19.713303,1.7376195,22.9299,25.255802
2014-10-07 16,25.782362,0.90708345,27.076384,35.67073
2014-10-07 17,25.960173,0.9063998,88.414635,24.299442
2014-10-07 18,19.90391,0.8650775,124.49187,25.538706
2014-10-07 19,20.11361,0.85685855,176.82927,26.44469
2014-10-07 20,30.227598,0.9116018,162.09349,68.902435
2014-10-07 21,19.898743,0.8400137,22.740683,25.347025
2014-10-07 22,19.665741,1.7376195,23.144567,57.012196
2014-10-07 23,23.64865,1.7376195,130.58943,53.963413
2014-10-08 00,19.877958,1.7376195,109.24797,42.682926
2014-10-08 01,20.164833,0.8983656,27.709927,39.32927
2014-10-08 02,19.920109,1.520417,88.414635,24.338614
2014-10-08 03,19.592844,1.7376195,88.414635,24.488718
2014-10-08 04,19.772434,1.7376195,22.486155,33.841465
2014-10-08 05,22.403982,1.7376195,85.873985,32.621952
2014-10-08 06,19.91413,0.83676004,22.833414,25.97317
2014-10-08 07,19.752157,0.8478858,22.962864,25.628662
2014-10-08 08,19.58365,0.8924643,92.479675,32.92683
2014-10-08 09,28.449503,1.7376195,87.9065,29.878048
2014-10-08 10,28.80512,0.91841155,104.166664,34.146343
2014-10-08 11,19.823006,1.520417,22.857918,25.176645
2014-10-08 12,28.093885,1.520417,93.49593,35.67073
2014-10-08 13,19.87393,1.7376195,84.349594,34.451218
2014-10-08 14,27.204836,1.520417,85.873985,37.19512
2014-10-08 15,19.825441,0.8877279,27.600883,38.414635
2014-10-08 16,26.31579,1.7376195,91.46342,44.817074
2014-10-08 17,19.935106,2.1720243,115.34553,46.036587
2014-10-08 18,26.671408,2.606429,23.060116,25.295258
2014-10-08 19,31.82788,1.0267265,44.1934,64.02439
2014-10-08 20,30.405405,0.8662421,24.42514,25.123425
2014-10-08 21,28.627312,1.7376195,144.81708,64.32927
2014-10-08 22,25.960173,1.7376195,23.109852,65.54878
2014-10-08 23,24.004267,1.7376195,23.638786,55.182926
2014-10-09 00,19.642113,0.88555086,103.150406,25.39524
2014-10-09 01,19.914652,1.7376195,90.955284,42.987804
2014-10-09 02,19.381224,0.90887284,87.39838,24.477968
2014-10-09 03,19.876839,1.7376195,87.39838,24.959429
2014-10-09 04,19.203413,1.7376195,81.30081,39.939026
2014-10-09 05,19.849707,1.7376195,87.39838,39.32927
2014-10-09 06,19.78133,1.7376195,81.808945,24.490429
2014-10-09 07,33.250355,0.9278708,89.4309,42.987804
2014-10-09 08,30.227598,0.8888954,96.03658,24.446316
2014-10-09 09,19.501951,0.8964908,88.922775,24.827282
2014-10-09 10,19.520947,0.9031429,91.97154,33.23171
2014-10-09 11,26.671408,0.89518374,70.12195,24.05429
2014-10-09 12,25.960173,1.7376195,92.98781,24.470314
2014-10-09 13,25.782362,1.7376195,87.9065,24.03265
2014-10-09 14,26.13798,1.520417,22.5596,24.880466
2014-10-09 15,19.904663,1.520417,23.053,31.09756
2014-10-09 16,25.248934,0.9124997,74.69512,37.19512
2014-10-09 17,25.426743,0.9030935,98.57723,24.582954
2014-10-09 18,27.738264,1.520417,113.82114,24.66818
2014-10-09 19,30.761024,1.7376195,180.8943,65.243904
2014-10-09 20,31.294455,0.8709461,24.858158,25.636911
2014-10-09 21,28.449503,1.7376195,162.09349,25.72946
2014-10-09 22,19.997627,1.7376195,152.94716,25.55005
2014-10-09 23,23.115221,1.7376195,22.992306,24.905912
2014-10-10 00,19.317728,0.9162852,98.57723,52.439026
2014-10-10 01,19.559032,1.7376195,87.9065,39.32927
2014-10-10 02,19.5924,1.7376195,86.89024,38.719513
2014-10-10 03,19.5573,1.7376195,82.8252,34.756096
2014-10-10 04,18.847795,1.7376195,85.873985,23.86587
2014-10-10 05,21.337126,0.91198987,84.349594,35.060974
2014-10-10 06,23.470839,1.7376195,79.77642,39.32927
2014-10-10 07,19.876373,0.8538598,22.321558,25.357515
2014-10-10 08,19.596083,1.7376195,23.31443,38.109756
2014-10-10 09,29.160742,0.86880976,23.669159,24.67725
2014-10-10 10,19.88561,1.3032146,22.546782,25.358229
2014-10-10 11,19.481228,1.3032146,23.306904,42.378048
2014-10-10 12,27.204836,0.9026018,91.46342,24.81712
2014-10-10 13,19.996136,0.87050575,24.038877,30.487804
2014-10-10 14,27.027029,1.7376195,22.562447,32.92683
2014-10-10 15,25.604551,1.7376195,23.01413,38.719513
2014-10-10 16,19.66246,1.7376195,22.937887,36.280487
2014-10-10 17,26.671408,0.90916884,84.349594,44.207317
2014-10-10 18,26.849218,2.1720243,109.24797,25.007446
2014-10-10 19,28.449503,0.89170027,160.06097,50.914635
2014-10-10 20,30.405405,2.8236315,22.87651,24.865509
2014-10-10 21,19.680588,1.7376195,23.43666,56.40244
2014-10-10 22,24.715506,1.7376195,23.646849,55.487804
2014-10-10 23,19.74989,1.7376195,129.57317,53.658535
2014-10-11 00,22.581793,1.7376195,103.65854,24.621544
2014-10-11 01,19.914652,1.7376195,22.655268,39.634148
2014-10-11 02,19.025604,1.7376195,23.148098,24.435759
2014-10-11 03,20.133493,0.87655985,27.228361,36.890244
2014-10-11 04,18.847795,1.7376195,81.30081,24.427853
2014-10-11 05,19.947521,0.8799085,25.567028,34.146343
2014-10-11 06,20.981508,0.89308417,26.929573,37.5
2014-10-11 07,23.115221,0.9084686,71.138214,33.23171
2014-10-11 08,26.671408,0.89927536,25.370272,31.40244
2014-10-11 09,30.227598,0.9302643,32.207794,42.682926
2014-10-11 10,31.116644,1.9548218,130.58943,24.932642
2014-10-11 11,29.871977,1.7376195,114.32927,24.759655
2014-10-11 12,29.51636,0.91610086,116.86991,44.512196
2014-10-11 13,19.576633,0.85173064,23.009556,25.13033
2014-10-11 14,19.566948,0.8628987,107.21545,25.67065
2014-10-11 15,19.58209,1.7376195,112.296745,45.73171
2014-10-11 16,19.91462,1.7376195,22.963753,44.207317
2014-10-11 17,27.382647,0.8990827,121.951225,47.560974
2014-10-11 18,27.560455,1.7376195,122.45935,24.296185
2014-10-11 19,28.271692,1.7376195,155.48781,25.27323
2014-10-11 20,27.204836,1.7376195,172.76422,70.12195
2014-10-11 21,19.590435,0.839053,22.635765,25.905985
2014-10-11 22,24.537695,1.7376195,23.522287,58.841465
2014-10-11 23,19.465927,1.7376195,133.63821,63.414635
2014-10-12 00,22.226173,1.7376195,120.42683,24.832378
2014-10-12 01,21.977358,0.0,73.74729,42.682926
2014-10-12 02,19.886095,0.0,91.46342,40.243904
2014-10-12 03,19.025604,1.520417,92.479675,35.97561
2014-10-12 04,18.847795,0.8624543,23.16901,25.113947
2014-10-12 05,20.803698,1.7376195,83.333336,32.92683
2014-10-12 06,19.914652,1.7376195,76.21951,34.756096
2014-10-12 07,19.468542,0.89610285,78.760155,39.32927
2014-10-12 08,19.641462,1.7376195,22.663795,30.792683
2014-10-12 09,19.849268,1.7376195,95.52846,27.743902
2014-10-12 10,29.694168,1.7376195,118.902435,24.363152
2014-10-12 11,19.881376,1.7376195,139.73578,25.19681
2014-10-12 12,30.405405,1.7376195,138.71951,52.134148
2014-10-12 13,30.583216,1.7376195,23.122189,24.24458
2014-10-12 14,19.658316,1.7376195,99.085365,25.259525
2014-10-12 15,19.790579,1.520417,102.64227,39.32927
2014-10-12 16,25.604551,1.7376195,89.4309,42.07317
2014-10-12 17,25.071123,1.7376195,22.861599,42.682926
2014-10-12 18,26.493599,1.7376195,94.00407,24.277628
2014-10-12 19,29.338549,0.9107451,158.53659,72.256096
2014-10-12 20,19.291317,0.8890927,167.68292,76.52439
2014-10-12 21,27.738264,0.9848031,50.28094,75.914635
2014-10-12 22,19.342098,1.7376195,23.7104,75.60976
2014-10-12 23,19.410465,0.90801466,111.28048,65.54878
2014-10-13 00,19.652977,0.90859693,100.60975,52.743904
2014-10-13 01,19.703054,0.87466055,85.873985,25.165585
2014-10-13 02,18.847795,1.7376195,23.026981,38.109756
2014-10-13 03,18.669987,0.91128963,79.268295,24.461233
2014-10-13 04,18.847795,1.7376195,82.31707,36.585365
2014-10-13 05,20.803698,1.7376195,75.71138,36.585365
2014-10-13 06,22.93741,1.7376195,81.30081,35.365852
2014-10-13 07,31.65007,1.7376195,89.939026,24.002953
2014-10-13 08,29.338549,0.8945812,92.98781,24.768078
2014-10-13 09,28.271692,1.7376195,23.130882,32.92683
2014-10-13 10,25.782362,0.85463476,23.219852,24.785046
2014-10-13 11,26.493599,1.3032146,83.333336,43.292683
2014-10-13 12,28.271692,0.9097622,99.5935,48.780487
2014-10-13 13,27.916075,1.520417,80.28455,23.909578
2014-10-13 14,19.784946,1.3032146,83.333336,24.64113
2014-10-13 15,19.66598,1.520417,22.98662,25.370214
2014-10-13 16,19.944664,0.8515713,22.613594,25.426863
2014-10-13 17,26.31579,1.7376195,101.11789,67.07317
2014-10-13 18,27.560455,2.1720243,129.06505,24.778147
2014-10-13 19,19.385622,0.88038933,178.8618,85.36585
2014-10-13 20,20.793156,1.7376195,24.2677,86.28049
2014-10-13 21,27.916075,1.7376195,162.09349,77.13415
2014-10-13 22,19.80765,0.8646279,143.29268,26.339136
2014-10-13 23,19.5875,1.7376195,23.138268,68.902435
2014-10-14 00,21.692745,1.7376195,91.46342,52.134148
2014-10-14 01,19.516352,1.7376195,79.77642,49.69512
2014-10-14 02,19.631891,0.8767744,79.77642,24.968332
2014-10-14 03,19.716074,0.8499023,23.101015,25.50791
2014-10-14 04,19.652098,1.7376195,22.76818,39.32927
2014-10-14 05,20.981508,1.7376195,77.743904,24.108246
2014-10-14 06,23.115221,0.91579485,29.396248,42.07317
2014-10-14 07,30.405405,1.7376195,22.946482,49.085365
2014-10-14 08,29.871977,1.7376195,23.153091,24.910854
2014-10-14 09,28.449503,0.8573146,24.434,25.642384
2014-10-14 10,27.204836,1.520417,72.662605,23.953701
2014-10-14 11,19.833033,0.9039196,85.873985,38.719513
2014-10-14 12,19.914726,1.3032146,81.30081,23.9809
2014-10-14 13,19.725428,1.7376195,80.28455,24.707644
2014-10-14 14,26.13798,1.7376195,78.25203,24.304903
2014-10-14 15,25.604551,1.7376195,22.707146,24.260609
2014-10-14 16,25.782362,1.7376195,23.300953,42.07317
2014-10-14 17,19.700802,1.7376195,22.693668,48.780487
2014-10-14 18,19.782772,2.1720243,115.85366,62.19512
2014-10-14 19,30.405405,1.7376195,190.54878,25.220167
2014-10-14 20,29.51636,1.7376195,22.62654,24.154444
2014-10-14 21,27.560455,1.7376195,173.78049,76.82927
2014-10-14 22,19.478981,0.88556,146.84958,66.15854
2014-10-14 23,23.115221,1.7376195,128.55692,25.120989
2014-10-15 00,21.514936,1.7376195,112.296745,47.865852
2014-10-15 01,19.203413,1.7376195,90.955284,24.669703
2014-10-15 02,18.669987,1.520417,91.97154,39.32927
2014-10-15 03,19.773682,1.7376195,82.31707,36.280487
2014-10-15 04,19.809015,1.7376195,22.813053,25.6186
2014-10-15 05,20.44808,1.7376195,82.8252,35.67073
2014-10-15 06,19.950489,1.7376195,87.39838,24.841457
2014-10-15 07,19.597466,1.7376195,90.955284,24.515306
2014-10-15 08,19.762817,1.7376195,110.26423,35.67073
2014-10-15 09,27.560455,1.7376195,22.515785,24.62627
2014-10-15 10,25.782362,0.856354,23.444284,25.266912
2014-10-15 11,26.31579,1.520417,89.4309,24.524107
2014-10-15 12,26.31579,1.520417,102.64227,24.067171
2014-10-15 13,27.027029,0.90940857,90.44715,50.914635
2014-10-15 14,26.849218,1.520417,102.13415,24.37215
2014-10-15 15,19.71583,0.8850435,108.231705,25.441566
2014-10-15 16,19.521042,1.7376195,115.34553,52.743904
2014-10-15 17,19.472906,0.8952635,107.72358,56.09756
2014-10-15 18,19.700237,2.606429,23.253225,65.243904
2014-10-15 19,20.459139,1.7376195,23.532942,82.62195
2014-10-15 20,30.049788,1.7376195,183.94308,25.144043
2014-10-15 21,21.330997,0.9668931,49.12458,76.82927
2014-10-15 22,22.431454,0.9083964,53.31792,83.84146
2014-10-15 23,23.29303,1.7376195,23.958998,69.51219
2014-10-16 00,21.870554,1.7376195,23.261322,46.951218
2014-10-16 01,19.607864,0.9115991,88.414635,45.42683
2014-10-16 02,18.492176,0.8959716,86.38211,24.483912
2014-10-16 03,18.492176,1.7376195,91.46342,39.634148
2014-10-16 04,19.867756,1.7376195,22.539614,38.109756
2014-10-16 05,21.159317,1.7376195,85.36585,36.585365
2014-10-16 06,23.29303,0.84842914,23.051392,25.424582
2014-10-16 07,30.583216,1.7376195,99.5935,24.664087
2014-10-16 08,19.810406,1.7376195,97.05285,25.14137
2014-10-16 09,30.583216,1.9548218,23.137583,24.742317
2014-10-16 10,28.627312,1.7376195,100.10162,39.939026
2014-10-16 11,26.13798,0.9465733,33.765198,48.780487
2014-10-16 12,26.671408,1.7376195,23.438522,53.048782
2014-10-16 13,19.473557,1.7376195,23.109476,53.658535
2014-10-16 14,19.763615,0.85660094,22.906359,25.288366
2014-10-16 15,25.071123,1.520417,23.07722,24.123638
2014-10-16 16,25.071123,0.9411641,34.72337,50.609756
2014-10-16 17,26.31579,1.7376195,110.772354,24.72694
2014-10-16 18,20.282988,0.9755781,41.519444,64.63415
2014-10-16 19,29.51636,0.91203266,55.501217,83.53658
2014-10-16 20,29.160742,1.9548218,22.48679,24.867552
2014-10-16 21,28.80512,1.7376195,169.71545,74.39024
2014-10-16 22,25.071123,1.7376195,159.55284,25.273136
2014-10-16 23,23.470839,0.8927476,137.19513,67.37805
2014-10-17 00,22.048365,1.7376195,23.005354,53.048782
2014-10-17 01,19.559032,1.7376195,92.98781,24.267244
2014-10-17 02,18.669987,0.90204597,27.74948,41.158535
2014-10-17 03,18.492176,0.89200073,26.120464,37.80488
2014-10-17 04,18.669987,1.7376195,23.114815,36.280487
2014-10-17 05,20.625889,1.7376195,90.955284,36.890244
2014-10-17 06,22.403982,0.9081666,83.84146,37.80488
2014-10-17 07,19.768774,0.8946198,98.06911,25.109907
2014-10-17 08,19.410406,0.89615303,109.24797,44.817074
2014-10-17 09,28.80512,0.9285296,28.258904,37.19512
2014-10-17 10,19.632357,1.3032146,23.268274,41.158535
2014-10-17 11,27.382647,1.3032146,99.5935,42.682926
2014-10-17 12,26.671408,1.3032146,23.054014,24.016653
2014-10-17 13,19.6045,1.7376195,90.955284,41.158535
2014-10-17 14,26.31579,1.7376195,23.04298,41.158535
2014-10-17 15,25.248934,1.7376195,79.268295,48.17073
2014-10-17 16,25.782362,1.7376195,109.756096,47.865852
2014-10-17 17,19.983425,1.520417,107.21545,24.710915
2014-10-17 18,19.665901,2.1720243,138.21138,60.060974
2014-10-17 19,28.093885,1.7376195,189.02438,25.458305
2014-10-17 20,19.841444,0.83264,22.765394,25.648977
2014-10-17 21,26.31579,1.7376195,23.014565,62.80488
2014-10-17 22,24.182077,0.9087476,144.81708,63.109756
2014-10-17 23,22.759604,1.7376195,144.30894,60.97561
2014-10-18 00,20.323288,0.93358046,33.776485,51.219513
2014-10-18 01,19.559032,1.7376195,109.756096,45.73171
2014-10-18 02,19.61289,1.7376195,22.868372,41.463413
2014-10-18 03,19.879248,0.88849497,25.859262,35.365852
2014-10-18 04,18.492176,0.91761136,93.49593,36.280487
2014-10-18 05,20.44808,2.1720243,84.85773,24.016481
2014-10-18 06,20.44808,0.91950834,92.98781,35.67073
2014-10-18 07,22.403982,1.7376195,85.36585,33.536587
2014-10-18 08,19.610788,0.8797184,94.00407,30.182926
2014-10-18 09,29.51636,3.040834,120.42683,39.32927
2014-10-18 10,30.583216,0.8787772,24.01712,25.021261
2014-10-18 11,19.927374,0.85242766,149.89838,26.470583
2014-10-18 12,30.405405,1.7376195,23.331224,40.853657
2014-10-18 13,31.294455,0.93325835,30.469109,39.634148
2014-10-18 14,31.294455,1.7376195,141.7683,47.865852
2014-10-18 15,29.338549,0.89169806,138.21138,24.862783
2014-10-18 16,26.671408,1.7376195,133.63821,38.109756
2014-10-18 17,26.13798,1.9548218,118.39431,24.347061
2014-10-18 18,19.978722,0.8645211,151.42276,43.59756
2014-10-18 19,29.694168,1.7376195,200.20325,26.008762
2014-10-18 20,28.271692,1.7376195,23.161669,24.424053
2014-10-18 21,25.782362,1.7376195,23.189833,58.23171
2014-10-18 22,24.893316,1.7376195,152.94716,25.064363
2014-10-18 23,20.36827,0.9670649,36.597294,57.621952
2014-10-19 00,22.93741,0.9470921,34.574947,52.134148
2014-10-19 01,20.27027,0.0,100.60975,23.863035
2014-10-19 02,19.559032,0.0,71.577644,42.07317
2014-10-19 03,19.665436,0.9013586,87.39838,39.32927
2014-10-19 04,19.74774,0.88325185,88.922775,35.97561
2014-10-19 05,20.44808,1.7376195,97.05285,35.365852
2014-10-19 06,20.27027,0.885803,25.849945,35.67073
2014-10-19 07,19.820671,0.89730424,81.808945,33.536587
2014-10-19 08,25.248934,1.7376195,91.46342,24.579376
2014-10-19 09,30.583216,1.7376195,96.544716,31.40244
2014-10-19 10,30.938833,1.7376195,137.19513,35.97561
2014-10-19 11,19.603382,1.7376195,22.301905,25.297728
2014-10-19 12,32.1835,0.8805909,151.9309,39.634148
2014-10-19 13,19.699549,1.7376195,22.882927,25.481
2014-10-19 14,19.796293,0.8741425,98.06911,24.853304
2014-10-19 15,19.666878,1.520417,22.434946,27.439024
2014-10-19 16,27.560455,0.9035844,87.39838,26.829268
2014-10-19 17,26.493599,1.7376195,87.39838,31.09756
2014-10-19 18,20.084406,1.7376195,113.31301,25.346813
2014-10-19 19,31.116644,1.9548218,22.779892,24.343138
2014-10-19 20,30.049788,1.7376195,22.884813,24.630611
2014-10-19 21,19.934528,1.7376195,163.61789,25.671335
2014-10-19 22,19.781258,0.8344449,23.006199,25.101114
2014-10-19 23,19.784607,1.7376195,23.12268,49.390244
2014-10-20 00,22.048365,0.90337545,105.69106,37.5
2014-10-20 01,19.870375,1.7376195,22.464994,25.660404
2014-10-20 02,18.847795,1.7376195,86.89024,24.62621
2014-10-20 03,18.669987,1.520417,87.39838,24.190125
2014-10-20 04,18.847795,1.7376195,22.855803,32.012196
2014-10-20 05,20.44808,1.7376195,22.70271,30.792683
2014-10-20 06,23.470839,0.8623343,22.57248,25.25387
2014-10-20 07,32.00569,1.7376195,89.4309,39.939026
2014-10-20 08,31.472261,0.90378433,99.5935,34.146343
2014-10-20 09,19.847435,0.8880166,90.955284,30.182926
2014-10-20 10,19.955067,0.88798714,26.549023,36.585365
2014-10-20 11,31.65007,0.9265157,87.9065,42.378048
2014-10-20 12,28.80512,1.3032146,103.150406,24.18684
2014-10-20 13,27.738264,1.520417,23.012543,34.451218
2014-10-20 14,27.560455,1.3032146,22.7487,24.172813
2014-10-20 15,26.13798,1.520417,23.397898,40.548782
2014-10-20 16,25.960173,1.7376195,90.44715,40.548782
2014-10-20 17,27.560455,1.7376195,87.39838,24.239647
2014-10-20 18,19.999014,2.1720243,22.63507,25.261547
2014-10-20 19,31.472261,1.7376195,179.3699,82.62195
2014-10-20 20,30.405405,1.7376195,179.87805,69.51219
2014-10-20 21,20.33484,1.0036823,43.330505,68.597565
2014-10-20 22,19.296412,1.7376195,23.769665,70.12195
2014-10-20 23,23.82646,1.7376195,23.758823,61.280487
2014-10-21 00,22.759604,0.90840715,30.489513,43.59756
2014-10-21 01,19.559032,1.7376195,22.960125,25.205263
2014-10-21 02,18.847795,1.7376195,22.668604,35.67073
2014-10-21 03,18.847795,1.7376195,88.922775,23.995401
2014-10-21 04,19.897192,1.7376195,81.30081,24.648054
2014-10-21 05,19.672237,0.88902277,91.97154,24.852133
2014-10-21 06,19.973183,0.88649184,25.650799,34.756096
2014-10-21 07,31.65007,1.7376195,95.52846,24.107868
2014-10-21 08,29.871977,0.9188979,108.231705,36.585365
2014-10-21 09,19.860762,1.7376195,98.57723,28.04878
2014-10-21 10,27.916075,0.8914987,108.73984,29.573172
2014-10-21 11,27.382647,1.520417,23.005926,28.353659
2014-10-21 12,27.560455,1.3032146,98.57723,35.060974
2014-10-21 13,27.916075,1.7376195,89.939026,28.963415
2014-10-21 14,27.738264,0.9197385,94.51219,32.92683
2014-10-21 15,26.13798,0.9169424,80.28455,38.719513
2014-10-21 16,26.493599,1.7376195,93.49593,24.428942
2014-10-21 17,27.027029,1.7376195,92.479675,24.44172
2014-10-21 18,19.467602,2.1720243,121.951225,54.57317
2014-10-21 19,31.472261,0.8690112,191.56505,26.452188
2014-10-21 20,19.63951,1.7376195,23.360775,76.82927
2014-10-21 21,28.80512,0.9998052,49.581623,73.47561
2014-10-21 22,26.493599,1.7376195,151.9309,64.63415
2014-10-21 23,19.331581,1.7376195,23.168455,59.451218
2014-10-22 00,19.885044,0.8836656,115.85366,39.634148
2014-10-22 01,20.09246,1.7376195,97.05285,24.69865
2014-10-22 02,19.381224,1.520417,22.375952,24.212849
2014-10-22 03,19.605227,0.847747,22.835066,25.218746
2014-10-22 04,19.203413,1.7376195,80.79269,24.237297
2014-10-22 05,20.981508,1.7376195,22.671272,24.282349
2014-10-22 06,24.359886,1.7376195,83.84146,35.67073
2014-10-22 07,32.1835,1.7376195,23.066242,44.207317
2014-10-22 08,19.816275,1.7376195,98.06911,29.878048
2014-10-22 09,29.338549,1.7376195,23.223398,27.439024
2014-10-22 10,28.449503,0.8982558,79.268295,24.816452
2014-10-22 11,27.204836,1.520417,22.743317,38.414635
2014-10-22 12,19.58924,1.520417,87.9065,24.50894
2014-10-22 13,28.80512,1.7376195,82.8252,23.872719
2014-10-22 14,19.698479,0.87264353,24.518232,31.707317
2014-10-22 15,28.093885,1.520417,81.30081,43.292683
2014-10-22 16,29.51636,1.7376195,23.273067,51.82927
2014-10-22 17,27.204836,2.1720243,23.3147,57.012196
2014-10-22 18,29.51636,0.8624084,24.371851,25.256533
2014-10-22 19,19.654285,1.7376195,23.568087,70.12195
2014-10-22 20,30.583216,1.0434512,46.376335,68.29269
2014-10-22 21,29.871977,0.8641345,161.07724,25.31186
2014-10-22 22,27.560455,0.8747448,155.99594,25.78664
2014-10-22 23,19.797081,1.7376195,22.44738,24.894506
2014-10-23 00,23.82646,0.89747286,123.47561,42.682926
2014-10-23 01,19.72809,1.7376195,99.085365,38.109756
2014-10-23 02,19.931019,1.7376195,22.984596,24.895742
2014-10-23 03,18.847795,1.7376195,22.697304,31.707317
2014-10-23 04,19.755163,1.7376195,22.897278,32.012196
2014-10-23 05,22.226173,0.9064912,81.30081,24.291265
2014-10-23 06,19.90435,1.7376195,23.122818,25.596573
2014-10-23 07,33.605976,1.7376195,104.6748,44.207317
2014-10-23 08,32.894737,0.9137315,91.97154,36.585365
2014-10-23 09,29.51636,0.9151671,97.560974,27.743902
2014-10-23 10,28.80512,1.7376195,97.560974,25.304878
2014-10-23 11,19.717266,1.7376195,22.498009,29.573172
2014-10-23 12,28.449503,1.7376195,23.092743,25.073418
2014-10-23 13,19.719595,1.7376195,92.479675,27.743902
2014-10-23 14,26.671408,0.90000325,82.31707,33.536587
2014-10-23 15,25.960173,1.520417,22.487307,24.78766
2014-10-23 16,27.027029,0.8910201,81.808945,24.265879
2014-10-23 17,28.271692,1.7376195,90.955284,48.47561
2014-10-23 18,19.572504,0.8855243,113.31301,50.609756
2014-10-23 19,19.935879,1.7376195,22.543322,24.968998
2014-10-23 20,20.01549,1.9548218,193.08943,26.24564
2014-10-23 21,19.623768,1.7376195,22.504892,25.38833
2014-10-23 22,27.382647,1.7376195,22.781408,24.586575
2014-10-23 23,24.715506,0.9141983,125.50813,58.23171
2014-10-24 00,24.537695,0.95008653,31.998163,47.560974
2014-10-24 01,20.44808,0.9091711,96.03658,37.19512
2014-10-24 02,19.025604,1.7376195,90.955284,34.146343
2014-10-24 03,19.025604,0.8937246,84.85773,24.850176
2014-10-24 04,19.203413,1.7376195,81.808945,29.268293
2014-10-24 05,21.159317,0.9189023,81.30081,31.40244
2014-10-24 06,24.715506,1.7376195,91.97154,23.924995
2014-10-24 07,33.605976,1.7376195,23.46928,43.90244
2014-10-24 08,33.783783,1.7376195,98.06911,42.07317
2014-10-24 09,19.928553,0.89013046,92.98781,28.658537
2014-10-24 10,29.871977,0.8716062,23.868145,24.755236
2014-10-24 11,30.227598,1.3032146,95.02032,32.012196
2014-10-24 12,28.627312,1.3032146,23.022322,24.456097
2014-10-24 13,28.093885,1.7376195,88.414635,35.365852
2014-10-24 14,25.782362,0.8988552,28.295729,37.19512
2014-10-24 15,24.893316,1.7376195,23.003244,34.451218
2014-10-24 16,25.248934,1.7376195,94.00407,24.53299
2014-10-24 17,19.780836,1.520417,79.77642,24.928545
2014-10-24 18,19.955223,0.8423684,22.9589,25.849766
2014-10-24 19,19.276468,1.7376195,23.543926,66.768295
2014-10-24 20,27.382647,2.8236315,177.3374,63.109756
2014-10-24 21,26.493599,1.7376195,22.47219,24.956738
2014-10-24 22,20.221159,0.98645306,39.31343,62.5
2014-10-24 23,19.968222,1.7376195,136.687,25.02069
2014-10-25 00,22.581793,1.7376195,131.6057,47.865852
2014-10-25 01,19.203413,1.7376195,105.69106,35.365852
2014-10-25 02,17.42532,0.893366,24.93787,36.280487
2014-10-25 03,17.069702,1.7376195,88.922775,34.451218
2014-10-25 04,16.891891,1.7376195,85.36585,32.317074
2014-10-25 05,19.973944,2.1720243,80.79269,25.093578
2014-10-25 06,21.514936,1.7376195,22.879387,32.92683
2014-10-25 07,23.115221,0.9150584,81.808945,40.243904
2014-10-25 08,19.81794,2.1720243,22.29799,25.146526
2014-10-25 09,19.733343,3.040834,22.969429,33.23171
2014-10-25 10,19.92144,1.9548218,121.951225,34.146343
2014-10-25 11,29.871977,0.88112265,127.03253,24.912294
2014-10-25 12,30.405405,0.87862235,24.28299,25.552845
2014-10-25 13,19.983828,0.9084919,28.741606,41.76829
2014-10-25 14,27.204836,0.90303445,105.69106,24.78604
2014-10-25 15,19.730766,0.85471916,22.872093,25.507973
2014-10-25 16,19.93737,0.8830573,117.88618,25.35194
2014-10-25 17,27.738264,1.9548218,112.296745,43.90244
2014-10-25 18,29.694168,0.9082944,124.49187,51.52439
2014-10-25 19,27.560455,1.7376195,175.30487,64.63415
2014-10-25 20,26.13798,1.018918,47.539192,71.95122
2014-10-25 21,25.782362,1.7376195,142.27643,24.618835
2014-10-25 22,23.64865,1.7376195,23.648567,55.487804
2014-10-25 23,23.29303,1.7376195,22.556986,24.665632
2014-10-26 00,22.403982,0.95967007,36.52357,56.09756
2014-10-26 01,36.628735,0.0,95.651825,78.04878
2014-10-26 02,22.09211,0.0,67.9458,34.756096
2014-10-26 03,19.832352,1.520417,22.636745,32.317074
2014-10-26 04,18.314367,0.8875528,84.349594,24.758944
2014-10-26 05,19.89539,1.7376195,23.04813,25.145763
2014-10-26 06,20.981508,0.92509586,75.203255,35.365852
2014-10-26 07,19.60776,0.894234,80.79269,27.439024
2014-10-26 08,19.779627,0.84554935,23.044495,26.829268
2014-10-26 09,33.250355,1.7376195,136.17886,30.182926
2014-10-26 10,19.981224,1.7376195,146.34148,29.268293
2014-10-26 11,30.761024,0.8714907,24.703344,25.681568
2014-10-26 12,29.871977,1.7376195,22.80205,24.269701
2014-10-26 13,28.093885,1.7376195,96.03658,38.719513
2014-10-26 14,19.770147,0.89408785,97.560974,38.719513
2014-10-26 15,26.13798,0.90429854,96.544716,24.51737
2014-10-26 16,25.960173,1.7376195,23.004467,24.820795
2014-10-26 17,19.650728,0.881885,110.26423,43.292683
2014-10-26 18,19.5351,1.7376195,149.89838,60.365852
2014-10-26 19,27.027029,0.8840046,159.04471,64.939026
2014-10-26 20,26.849218,0.8850641,159.55284,61.585365
2014-10-26 21,26.671408,0.98411494,40.32249,59.756096
2014-10-26 22,23.115221,0.86017483,138.21138,24.990114
2014-10-26 23,23.470839,1.7376195,123.98374,25.015724
2014-10-27 00,20.981508,1.7376195,105.18294,35.365852
2014-10-27 01,19.632711,0.83903074,23.020582,25.600649
2014-10-27 02,19.873333,1.7376195,22.672733,24.979567
2014-10-27 03,17.069702,1.520417,77.743904,24.521473
2014-10-27 04,18.136559,0.9104313,83.333336,32.92683
2014-10-27 05,19.663462,1.7376195,78.760155,32.621952
2014-10-27 06,24.359886,0.86874145,22.910421,24.791487
2014-10-27 07,19.703411,0.8343796,23.057821,25.74232
2014-10-27 08,30.761024,1.7376195,23.139727,24.272614
2014-10-27 09,20.013245,0.8705618,109.24797,27.439024
2014-10-27 10,19.87892,0.8783971,23.755775,30.487804
2014-10-27 11,26.13798,0.86301273,23.052149,24.781525
2014-10-27 12,25.782362,0.91451967,83.333336,24.341787
2014-10-27 13,25.071123,0.88434315,27.154497,34.756096
2014-10-27 14,26.13798,1.3032146,85.873985,37.5
2014-10-27 15,19.654356,1.520417,82.8252,24.400463
2014-10-27 16,19.733997,1.7376195,81.808945,44.512196
2014-10-27 17,19.673315,0.8354603,22.753464,25.626493
2014-10-27 18,19.52308,2.1720243,176.32114,74.39024
2014-10-27 19,19.55297,1.7376195,23.9637,75.914635
2014-10-27 20,19.967134,0.84464455,22.509792,25.805758
2014-10-27 21,27.027029,1.7376195,22.705462,24.452345
2014-10-27 22,23.470839,1.7376195,142.27643,65.243904
2014-10-27 23,22.759604,0.89440554,133.13008,56.09756
2014-10-28 00,19.559032,1.7376195,104.166664,24.41614
2014-10-28 01,17.42532,0.8918842,94.00407,39.634148
2014-10-28 02,16.891891,1.7376195,22.671535,36.585365
2014-10-28 03,16.714083,0.91490465,81.808945,34.146343
2014-10-28 04,19.381224,0.8837175,23.774075,32.012196
2014-10-28 05,20.803698,0.9183929,82.31707,35.060974
2014-10-28 06,19.727894,1.7376195,23.141386,25.554073
2014-10-28 07,19.820759,1.7376195,22.835148,38.109756
2014-10-28 08,30.049788,1.7376195,94.00407,34.451218
2014-10-28 09,19.778976,0.8773307,87.9065,24.845627
2014-10-28 10,19.675571,1.520417,22.445532,27.439024
2014-10-28 11,19.921743,0.83588856,22.46715,25.253454
2014-10-28 12,23.82646,0.8499003,23.255125,25.585247
2014-10-28 13,24.182077,0.8528597,22.840307,24.836637
2014-10-28 14,25.071123,1.7376195,78.760155,32.621952
2014-10-28 15,24.537695,1.7376195,72.662605,23.996187
2014-10-28 16,19.72099,1.7376195,79.268295,40.243904
2014-10-28 17,24.537695,1.7376195,88.922775,45.42683
2014-10-28 18,26.31579,0.8636941,23.126175,24.777557
2014-10-28 19,19.707628,1.7376195,22.372026,25.509811
2014-10-28 20,19.780596,1.7376195,182.92683,69.81707
2014-10-28 21,25.604551,1.7376195,159.55284,25.723022
2014-10-28 22,19.770624,0.86143965,155.48781,25.67143
2014-10-28 23,23.115221,1.7376195,124.49187,24.477873
2014-10-29 00,19.736841,1.7376195,111.78862,39.32927
2014-10-29 01,19.672182,1.7376195,100.60975,25.212524
2014-10-29 02,16.891891,0.89913994,89.4309,35.365852
2014-10-29 03,19.602533,1.7376195,79.77642,24.330076
2014-10-29 04,18.136559,0.9126283,78.25203,30.487804
2014-10-29 05,19.914652,0.85174936,22.431604,25.363832
2014-10-29 06,22.581793,0.88387513,24.792385,32.012196
2014-10-29 07,19.836123,1.7376195,94.51219,24.38948
2014-10-29 08,30.761024,1.7376195,22.857103,24.730783
2014-10-29 09,27.560455,0.8905698,88.922775,24.846176
2014-10-29 10,19.517036,0.87391716,85.873985,24.855597
2014-10-29 11,27.560455,1.520417,22.79682,22.560976
2014-10-29 12,26.493599,1.520417,76.21951,25.304878
2014-10-29 13,19.672697,1.7376195,78.25203,21.341463
2014-10-29 14,24.893316,0.90135133,85.873985,24.473772
2014-10-29 15,24.537695,0.8654798,22.51417,24.77898
2014-10-29 16,20.011993,0.8922003,27.758774,39.02439
2014-10-29 17,25.960173,2.1720243,22.878878,41.158535
2014-10-29 18,29.160742,2.606429,23.5603,75.0
2014-10-29 19,27.560455,0.98681015,50.11036,75.914635
2014-10-29 20,27.916075,1.7376195,178.8618,54.57317
2014-10-29 21,19.469141,0.87965596,171.74797,58.23171
2014-10-29 22,19.729427,1.7376195,140.75203,25.84868
2014-10-29 23,23.82646,0.8861616,122.45935,24.97462
2014-10-30 00,19.88134,1.7376195,115.34553,25.542875
2014-10-30 01,19.839157,0.8480579,22.910053,25.711498
2014-10-30 02,17.24751,1.7376195,22.604834,24.430693
2014-10-30 03,19.811718,1.7376195,23.043756,34.451218
2014-10-30 04,20.44808,0.89423454,75.203255,24.409298
2014-10-30 05,21.692745,0.90075904,82.31707,33.23171
2014-10-30 06,19.855297,1.7376195,74.18699,24.181692
2014-10-30 07,19.977484,1.7376195,96.544716,34.756096
2014-10-30 08,29.871977,1.7376195,103.150406,32.92683
2014-10-30 09,26.671408,1.9548218,22.995182,25.118916
2014-10-30 10,27.204836,1.7376195,22.568592,28.04878
2014-10-30 11,19.687826,0.8594581,22.867016,27.134146
2014-10-30 12,19.79382,0.8758105,103.150406,25.504719
2014-10-30 13,19.817505,0.8410999,23.044922,24.390244
2014-10-30 14,19.812216,1.520417,72.662605,24.085365
2014-10-30 15,23.64865,0.9161274,87.9065,33.23171
2014-10-30 16,24.715506,1.7376195,83.84146,36.280487
2014-10-30 17,19.430466,1.7376195,96.544716,50.609756
2014-10-30 18,19.894827,0.83208126,22.509243,25.127745
2014-10-30 19,19.527704,0.88686913,199.187,84.45122
2014-10-30 20,28.093885,1.9548218,182.4187,25.42304
2014-10-30 21,19.81694,0.8667513,170.7317,60.365852
2014-10-30 22,23.82646,1.7376195,23.490368,54.57317
2014-10-30 23,23.470839,0.87857616,129.57317,25.151415
2014-10-31 00,20.625889,1.7376195,112.296745,39.02439
2014-10-31 01,18.492176,1.7376195,97.05285,24.879936
2014-10-31 02,17.069702,1.7376195,22.627708,35.060974
2014-10-31 03,19.908035,1.7376195,80.28455,24.228216
2014-10-31 04,19.564322,0.8390595,22.94278,25.57959
2014-10-31 05,20.27027,1.7376195,22.825535,24.759327
2014-10-31 06,19.552158,0.89367515,79.268295,24.56657
2014-10-31 07,31.65007,0.89217883,85.873985,24.721592
2014-10-31 08,29.51636,1.7376195,22.956001,32.621952
2014-10-31 09,26.849218,0.86880976,25.444418,32.012196
2014-10-31 10,19.738148,1.3032146,84.349594,32.317074
2014-10-31 11,19.96702,1.3032146,97.560974,24.433046
2014-10-31 12,26.31579,1.3032146,23.24126,22.256098
2014-10-31 13,20.000568,1.7376195,90.44715,24.974133
2014-10-31 14,25.248934,0.91764015,79.77642,30.182926
2014-10-31 15,24.715506,0.8836661,26.565819,33.841465
2014-10-31 16,25.248934,1.7376195,89.4309,38.109756
2014-10-31 17,25.426743,0.91423064,100.10162,40.853657
2014-10-31 18,25.426743,2.1720243,162.09349,62.5
2014-10-31 19,20.17687,0.8488726,191.05692,27.000057
2014-10-31 20,20.25021,2.8236315,172.2561,26.347033
2014-10-31 21,24.182077,1.7376195,156.50406,25.066023
2014-10-31 22,23.115221,1.7376195,22.392605,24.536093
2014-10-31 23,22.93741,1.7376195,124.49187,44.817074
2014-11-01 00,20.44808,1.7376195,116.361786,24.40004
2014-11-01 01,18.669987,1.7376195,109.756096,39.634148
2014-11-01 02,17.60313,1.7376195,22.875204,25.008389
2014-11-01 03,19.676088,1.7376195,85.36585,31.707317
2014-11-01 04,18.669987,0.8937587,77.23577,29.878048
2014-11-01 05,19.914652,2.1720243,75.203255,29.878048
2014-11-01 06,19.914652,1.7376195,67.5813,24.343569
2014-11-01 07,20.019667,1.7376195,23.000092,25.004911
2014-11-01 08,25.248934,0.8943583,83.333336,24.2699
2014-11-01 09,28.982931,3.040834,109.24797,37.80488
2014-11-01 10,19.809969,0.8364684,23.126394,25.76937
2014-11-01 11,27.204836,0.88679427,110.26423,29.878048
2014-11-01 12,19.873205,0.8899937,118.902435,32.92683
2014-11-01 13,26.849218,1.7376195,108.73984,24.925625
2014-11-01 14,27.560455,1.7376195,23.169308,24.391365
2014-11-01 15,27.560455,1.7376195,119.41057,33.536587
2014-11-01 16,19.551714,0.8366382,22.472996,25.43447
2014-11-01 17,24.182077,1.9548218,23.068695,39.02439
2014-11-01 18,19.942362,1.7376195,173.78049,56.40244
2014-11-01 19,25.426743,1.7376195,23.16623,25.121254
2014-11-01 20,26.493599,1.7376195,172.2561,61.280487
2014-11-01 21,19.528921,0.88637924,150.91463,58.23171
2014-11-01 22,22.759604,1.7376195,22.507757,25.0739
2014-11-01 23,22.403982,1.7376195,23.738995,57.621952
2014-11-02 00,20.803698,1.7376195,116.86991,47.560974
2014-11-02 01,18.669987,0.0,96.03658,23.320637
2014-11-02 02,17.24751,0.0,86.89024,23.361687
2014-11-02 03,17.069702,1.520417,80.28455,31.40244
2014-11-02 04,19.717886,0.8873728,81.30081,24.580318
2014-11-02 05,19.203413,1.7376195,23.036087,24.589727
2014-11-02 06,19.918829,1.7376195,22.99715,32.317074
2014-11-02 07,20.981508,0.8555892,22.59207,22.560976
2014-11-02 08,24.359886,0.8935519,82.8252,24.408632
2014-11-02 09,27.916075,0.8687266,23.890182,25.618156
2014-11-02 10,29.694168,1.7376195,116.361786,24.749357
2014-11-02 11,29.51636,1.7376195,145.32521,40.853657
2014-11-02 12,19.854973,1.7376195,152.43903,25.982973
2014-11-02 13,28.093885,0.8747024,23.374817,24.992228
2014-11-02 14,20.204344,0.90150887,29.667465,42.682926
2014-11-02 15,25.782362,1.520417,95.52846,36.585365
2014-11-02 16,24.715506,1.7376195,22.565287,33.23171
2014-11-02 17,25.248934,0.9112682,103.150406,39.02439
2014-11-02 18,27.560455,1.7376195,153.45529,24.766582
2014-11-02 19,28.982931,1.9548218,23.932404,67.98781
2014-11-02 20,28.449503,1.7376195,174.79675,65.85366
2014-11-02 21,19.841366,1.7376195,161.07724,26.310886
2014-11-02 22,19.660875,0.84730035,22.970797,25.140541
2014-11-02 23,19.694706,1.7376195,23.045507,56.707317
2014-11-03 00,19.86273,1.7376195,23.369436,43.292683
2014-11-03 01,18.314367,1.7376195,23.226,38.414635
2014-11-03 02,16.714083,1.7376195,89.939026,35.67073
2014-11-03 03,16.714083,1.520417,23.31966,35.365852
2014-11-03 04,19.933867,1.7376195,22.605381,25.609543
2014-11-03 05,19.025604,1.7376195,22.838339,35.365852
2014-11-03 06,22.048365,1.7376195,74.18699,35.365852
2014-11-03 07,30.049788,0.9091492,30.076342,38.109756
2014-11-03 08,28.093885,1.7376195,95.52846,38.719513
2014-11-03 09,26.849218,1.7376195,103.150406,34.451218
2014-11-03 10,19.72263,1.7376195,105.18294,49.390244
2014-11-03 11,25.960173,1.3032146,23.571314,54.57317
2014-11-03 12,20.018534,1.3032146,23.094517,24.60635
2014-11-03 13,24.359886,0.8576638,22.613737,24.613028
2014-11-03 14,19.567982,1.3032146,22.994843,55.487804
2014-11-03 15,19.553736,1.520417,95.52846,69.20731
2014-11-03 16,19.98695,1.7376195,93.49593,24.35598
2014-11-03 17,22.581793,1.7376195,23.069607,24.513737
2014-11-03 18,25.071123,0.7862351,65.34455,97.560974
2014-11-03 19,19.973307,0.8287096,213.92276,26.897478
2014-11-03 20,21.525795,0.9591827,49.66744,77.439026
2014-11-03 21,19.580952,0.8797167,163.61789,83.231705
2014-11-03 22,22.403982,1.7376195,152.94716,71.95122
2014-11-03 23,20.981508,1.7376195,23.20799,24.82733
2014-11-04 00,19.381224,1.7376195,110.26423,24.339315
2014-11-04 01,17.24751,1.7376195,97.560974,24.20695
2014-11-04 02,19.88623,1.7376195,89.4309,24.832426
2014-11-04 03,16.536274,1.7376195,22.842274,45.73171
2014-11-04 04,17.958748,0.88783646,77.743904,24.56763
2014-11-04 05,18.669987,1.7376195,23.202234,43.90244
2014-11-04 06,21.692745,1.7376195,22.923882,49.390244
2014-11-04 07,29.694168,0.9084398,92.479675,44.207317
2014-11-04 08,28.627312,1.7376195,94.00407,24.499125
2014-11-04 09,26.493599,0.90994745,87.9065,39.32927
2014-11-04 10,26.31579,0.9531234,35.67023,51.82927
2014-11-04 11,19.61075,1.520417,99.5935,25.07889
2014-11-04 12,19.43494,1.3032146,101.626015,54.26829
2014-11-04 13,22.581793,1.7376195,92.479675,24.48919
2014-11-04 14,23.29303,0.9460455,31.121218,46.646343
2014-11-04 15,19.713375,0.8479427,22.739471,25.18965
2014-11-04 16,19.379812,0.89506507,88.414635,50.609756
2014-11-04 17,20.064075,0.9526005,35.407352,55.182926
2014-11-04 18,19.30537,2.1720243,171.23984,88.71951
2014-11-04 19,28.80512,0.8141774,62.96434,96.64634
2014-11-04 20,28.982931,0.9698324,51.63977,76.52439
2014-11-04 21,20.063116,0.84162843,175.30487,26.272015
2014-11-04 22,22.759604,1.7376195,22.764538,24.52161
2014-11-04 23,21.514936,0.8705618,133.13008,25.030827
2014-11-05 00,19.559032,1.7376195,124.49187,24.451332
2014-11-05 01,20.343828,0.9294839,32.674232,49.390244
2014-11-05 02,19.581957,1.520417,23.410004,45.73171
2014-11-05 03,19.471361,0.8940562,82.31707,25.343317
2014-11-05 04,19.813265,1.7376195,77.23577,24.860973
2014-11-05 05,18.492176,1.7376195,23.192562,24.536177
2014-11-05 06,21.337126,0.91411453,73.67886,47.865852
2014-11-05 07,19.890057,1.7376195,92.479675,42.987804
2014-11-05 08,19.776943,1.7376195,91.97154,24.99657
2014-11-05 09,19.607183,0.83641917,23.133247,25.531763
2014-11-05 10,19.753391,1.520417,91.97154,24.472506
2014-11-05 11,25.604551,1.520417,23.637928,52.439026
2014-11-05 12,24.537695,0.8831856,95.52846,24.228943
2014-11-05 13,24.537695,0.9243754,87.39838,46.646343
2014-11-05 14,24.004267,0.9187233,31.14394,44.512196
2014-11-05 15,20.166367,0.9018395,29.642365,42.682926
2014-11-05 16,19.891245,1.7376195,22.648441,25.070694
2014-11-05 17,23.115221,2.1720243,104.6748,63.719513
2014-11-05 18,19.71676,2.606429,22.255262,25.328035
2014-11-05 19,27.916075,1.7376195,22.8523,24.473413
2014-11-05 20,26.493599,1.7376195,24.068302,82.92683
2014-11-05 21,19.70546,1.7376195,204.77643,74.69512
2014-11-05 22,23.29303,0.85341203,159.04471,25.795567
2014-11-05 23,21.159317,0.99998385,47.315468,75.0
2014-11-06 00,19.203413,1.7376195,115.34553,24.60379
2014-11-06 01,19.402613,1.7376195,95.02032,53.658535
2014-11-06 02,19.432858,1.7376195,88.414635,51.52439
2014-11-06 03,16.536274,1.7376195,22.413282,25.211206
2014-11-06 04,19.55519,0.8346442,22.631456,25.326878
2014-11-06 05,18.669987,1.7376195,22.519646,25.237324
2014-11-06 06,19.401567,0.91116357,78.760155,55.792683
2014-11-06 07,19.244425,0.9025493,86.89024,55.792683
2014-11-06 08,19.608335,1.7376195,22.893297,57.621952
2014-11-06 09,26.671408,1.9548218,22.935097,51.52439
2014-11-06 10,19.590971,0.85360175,23.078327,25.910196
2014-11-06 11,23.470839,1.7376195,23.707376,58.23171
2014-11-06 12,25.426743,0.92260396,114.32927,51.219513
2014-11-06 13,20.040882,1.7376195,22.786129,25.29332
2014-11-06 14,24.182077,0.9331861,31.502254,45.73171
2014-11-06 15,20.164394,0.94634193,36.886997,56.707317
2014-11-06 16,19.405127,0.90167654,99.5935,53.963413
2014-11-06 17,22.403982,0.90293795,129.57317,61.280487
2014-11-06 18,24.537695,0.86521536,22.669079,25.039228
2014-11-06 19,27.027029,1.7376195,22.580635,24.923658
2014-11-06 20,27.382647,0.8862389,57.347622,85.36585
2014-11-06 21,25.782362,1.7376195,211.38213,85.060974
2014-11-06 22,19.731045,1.7376195,192.5813,81.70731
2014-11-06 23,19.668121,1.7376195,136.17886,77.13415
2014-11-07 00,19.746395,1.7376195,126.52439,57.317074
2014-11-07 01,17.24751,1.7376195,98.06911,54.26829
2014-11-07 02,16.714083,1.7376195,89.4309,49.085365
2014-11-07 03,16.536274,0.93182904,29.641941,47.865852
2014-11-07 04,17.24751,1.7376195,22.69581,24.519287
2014-11-07 05,19.470932,1.7376195,93.49593,45.73171
2014-11-07 06,20.981508,1.7376195,80.28455,24.45738
2014-11-07 07,19.674173,1.7376195,88.922775,24.83768
2014-11-07 08,27.560455,0.93047315,100.10162,49.69512
2014-11-07 09,26.13798,0.86880976,31.820257,46.646343
2014-11-07 10,19.958385,1.3032146,114.32927,24.698484
2014-11-07 11,24.715506,0.9203036,105.18294,41.158535
2014-11-07 12,25.071123,0.9207785,28.76296,39.939026
2014-11-07 13,25.248934,1.7376195,94.00407,35.365852
2014-11-07 14,25.248934,1.7376195,83.84146,35.67073
2014-11-07 15,23.29303,1.7376195,22.629911,24.558157
2014-11-07 16,19.537004,0.87299466,102.64227,25.597174
2014-11-07 17,19.450214,0.9113204,119.9187,62.5
2014-11-07 18,19.54321,2.1720243,178.8618,92.37805
2014-11-07 19,21.085207,1.7376195,24.584667,87.19512
2014-11-07 20,19.650023,0.8610304,199.69514,80.48781
2014-11-07 21,20.10081,0.8406815,182.4187,26.794096
2014-11-07 22,19.72441,0.8859515,166.66667,71.95122
2014-11-07 23,20.981508,0.9203575,137.19513,73.17073
2014-11-08 00,19.608175,1.7376195,22.949741,25.579464
2014-11-08 01,19.943024,0.8411291,22.987114,25.25674
2014-11-08 02,19.851828,1.7376195,91.97154,47.256096
2014-11-08 03,16.891891,0.879875,85.873985,24.183296
2014-11-08 04,19.729717,1.7376195,22.627708,45.73171
2014-11-08 05,18.136559,0.9043989,79.268295,45.121952
2014-11-08 06,18.136559,1.7376195,22.568453,41.463413
2014-11-08 07,20.231142,0.8784056,27.395819,37.19512
2014-11-08 08,19.820139,2.1720243,22.445763,25.007334
2014-11-08 09,19.534285,0.87855864,121.951225,47.865852
2014-11-08 10,29.338549,0.8676551,24.483982,25.828016
2014-11-08 11,19.72453,1.7376195,146.34148,57.621952
2014-11-08 12,20.078964,1.7376195,133.13008,25.051598
2014-11-08 13,27.916075,0.85953355,24.19224,25.630934
2014-11-08 14,26.31579,0.8722651,135.67073,24.773977
2014-11-08 15,25.604551,1.7376195,22.58513,24.508429
2014-11-08 16,19.751564,0.84305185,176.82927,26.449818
2014-11-08 17,19.470251,1.9548218,165.6504,64.32927
2014-11-08 18,25.604551,1.7376195,214.4309,78.65854
2014-11-08 19,25.426743,0.9027597,55.426044,83.53658
2014-11-08 20,25.071123,1.7376195,192.07317,26.14973
2014-11-08 21,23.64865,1.7376195,189.53253,25.476805
2014-11-08 22,21.692745,1.7376195,154.47154,75.60976
2014-11-08 23,20.151934,1.7376195,150.40651,25.339813
2014-11-09 00,19.626108,1.7376195,142.27643,65.85366
2014-11-09 01,18.314367,0.0,104.6748,24.042944
2014-11-09 02,17.069702,0.0,91.97154,45.73171
2014-11-09 03,17.069702,1.520417,88.922775,23.997879
2014-11-09 04,17.24751,1.520417,82.31707,23.80624
2014-11-09 05,19.708288,1.7376195,84.85773,24.324759
2014-11-09 06,19.56237,1.7376195,23.315546,41.158535
2014-11-09 07,18.847795,1.7376195,72.15447,34.451218
2014-11-09 08,19.67778,1.7376195,22.628006,34.756096
2014-11-09 09,27.382647,0.8751166,111.78862,24.45662
2014-11-09 10,19.4236,0.8900326,141.7683,53.658535
2014-11-09 11,28.982931,1.7376195,23.33748,56.707317
2014-11-09 12,28.80512,1.0153196,46.087387,67.37805
2014-11-09 13,27.916075,1.7376195,132.62195,25.062359
2014-11-09 14,26.493599,1.7376195,22.659967,24.923782
2014-11-09 15,25.426743,1.520417,23.430382,57.621952
2014-11-09 16,23.470839,0.90441245,134.14635,64.02439
2014-11-09 17,23.82646,0.9708044,36.494427,55.792683
2014-11-09 18,25.604551,1.7376195,187.5,76.21951
2014-11-09 19,27.027029,1.9548218,192.07317,75.30488
2014-11-09 20,19.781328,1.7376195,22.28375,25.054672
2014-11-09 21,25.426743,1.0359031,46.33662,71.95122
2014-11-09 22,22.93741,1.7376195,23.369606,73.78049
2014-11-09 23,20.523003,0.987789,40.296947,63.719513
2014-11-10 00,19.025604,0.8939146,118.902435,24.694733
2014-11-10 01,17.78094,0.9381139,32.832535,52.439026
2014-11-10 02,19.531754,1.7376195,85.36585,45.42683
2014-11-10 03,16.714083,1.520417,87.39838,39.939026
2014-11-10 04,17.069702,1.7376195,85.873985,24.200117
2014-11-10 05,19.711678,0.8999667,82.31707,42.987804
2014-11-10 06,19.433628,1.7376195,84.85773,44.817074
2014-11-10 07,29.871977,1.7376195,98.06911,40.243904
2014-11-10 08,27.560455,1.7376195,93.49593,42.378048
2014-11-10 09,26.13798,1.7376195,97.560974,42.378048
2014-11-10 10,24.182077,0.8531283,23.175253,25.455584
2014-11-10 11,19.5226,1.3032146,105.69106,57.317074
2014-11-10 12,19.612413,0.8895913,116.361786,58.841465
2014-11-10 13,20.328974,0.9555932,37.846237,58.536587
2014-11-10 14,19.808813,0.8890471,87.39838,24.86738
2014-11-10 15,22.403982,1.520417,99.085365,71.03658
2014-11-10 16,19.433132,1.7376195,104.6748,74.39024
2014-11-10 17,23.115221,0.9243141,141.7683,77.743904
2014-11-10 18,25.604551,0.87330806,208.84146,92.37805
2014-11-10 19,19.943832,0.8263849,229.67479,27.542221
2014-11-10 20,28.093885,1.7376195,240.34554,86.28049
2014-11-10 21,25.960173,1.7376195,229.16667,25.849442
2014-11-10 22,20.812931,1.7376195,23.676117,84.45122
2014-11-10 23,20.981508,0.8811898,147.35773,25.32934
2014-11-11 00,19.381224,0.9097788,120.42683,53.658535
2014-11-11 01,19.622581,0.8447735,23.042894,25.733635
2014-11-11 02,17.069702,1.7376195,84.85773,53.048782
2014-11-11 03,19.548586,0.8978002,89.4309,46.341465
2014-11-11 04,19.67588,1.7376195,82.8252,25.123749
2014-11-11 05,18.492176,1.7376195,22.87442,46.036587
2014-11-11 06,19.855694,1.7376195,90.955284,25.049044
2014-11-11 07,29.338549,1.7376195,23.787962,55.792683
2014-11-11 08,19.41614,1.7376195,103.150406,59.146343
2014-11-11 09,27.204836,0.97644484,37.397915,55.182926
2014-11-11 10,19.574768,1.520417,104.6748,58.23171
2014-11-11 11,23.64865,1.520417,117.88618,24.922453
2014-11-11 12,24.182077,0.88136035,126.01626,24.925735
2014-11-11 13,19.842659,0.8356305,22.716673,25.41929
2014-11-11 14,19.599483,0.8329609,22.77842,25.811905
2014-11-11 15,23.115221,1.7376195,110.26423,24.430033
2014-11-11 16,22.759604,1.7376195,109.24797,64.32927
2014-11-11 17,23.115221,1.7376195,22.502693,24.848806
2014-11-11 18,25.248934,2.1720243,185.97562,97.256096
2014-11-11 19,28.093885,1.7376195,35.031303,107.31707
2014-11-11 20,27.560455,0.8716672,217.98781,87.80488
2014-11-11 21,20.466682,1.7376195,23.111704,81.70731
2014-11-11 22,23.115221,0.9168471,53.662483,83.84146
2014-11-11 23,19.739416,1.7376195,138.71951,25.510576
2014-11-12 00,18.847795,0.8673581,116.361786,25.32651
2014-11-12 01,17.60313,0.9534372,33.878895,55.182926
2014-11-12 02,19.643208,1.520417,89.4309,49.085365
2014-11-12 03,16.536274,0.90635824,86.89024,47.256096
2014-11-12 04,20.011948,1.7376195,83.84146,24.450157
2014-11-12 05,17.42532,1.7376195,88.922775,46.036587
2014-11-12 06,19.598152,0.90027845,85.873985,52.743904
2014-11-12 07,29.160742,0.91242385,91.97154,53.353657
2014-11-12 08,19.420696,1.7376195,97.560974,57.317074
2014-11-12 09,27.027029,1.7376195,104.6748,46.646343
2014-11-12 10,25.604551,0.8529384,23.64241,25.504747
2014-11-12 11,24.893316,1.520417,97.05285,50.0
2014-11-12 12,24.893316,0.95447415,34.276917,50.914635
2014-11-12 13,24.893316,1.7376195,79.77642,24.409925
2014-11-12 14,24.715506,0.89867604,90.44715,39.02439
2014-11-12 15,23.115221,1.520417,23.063005,24.416765
2014-11-12 16,22.403982,1.7376195,122.45935,65.54878
2014-11-12 17,23.470839,2.1720243,23.4523,72.86585
2014-11-12 18,25.071123,2.606429,199.187,26.291971
2014-11-12 19,20.384756,1.7376195,23.114246,82.01219
2014-11-12 20,28.80512,1.7376195,244.9187,26.329216
2014-11-12 21,19.688448,1.7376195,184.95935,77.439026
2014-11-12 22,19.834356,1.7376195,178.35365,26.367632
2014-11-12 23,21.337126,1.7376195,144.30894,78.04878
2014-11-13 00,19.62979,1.7376195,115.85366,67.07317
2014-11-13 01,17.42532,1.7376195,99.5935,24.856558
2014-11-13 02,16.891891,1.7376195,22.507383,24.389904
2014-11-13 03,16.536274,0.8910517,90.44715,24.975403
2014-11-13 04,17.42532,0.896299,87.9065,24.25733
2014-11-13 05,17.958748,1.7376195,23.340384,43.292683
2014-11-13 06,20.44808,1.7376195,88.414635,50.0
2014-11-13 07,19.877281,0.851811,22.356955,25.570683
2014-11-13 08,27.027029,1.7376195,23.039183,52.134148
2014-11-13 09,19.743633,1.9548218,100.10162,25.412811
2014-11-13 10,19.623993,1.7376195,22.611834,25.409199
2014-11-13 11,25.604551,1.7376195,88.922775,53.963413
2014-11-13 12,26.493599,1.7376195,93.49593,57.92683
2014-11-13 13,25.782362,0.9114745,90.44715,24.910564
2014-11-13 14,23.115221,0.9521854,32.8859,50.0
2014-11-13 15,22.226173,1.520417,22.953308,24.907288
2014-11-13 16,22.581793,0.90582216,100.60975,25.044832
2014-11-13 17,19.250393,0.89315313,135.67073,70.42683
2014-11-13 18,19.845652,0.8470418,187.5,26.39894
2014-11-13 19,27.916075,0.87031084,23.47706,25.004482
2014-11-13 20,28.093885,1.9548218,245.93495,82.01219
2014-11-13 21,25.426743,0.8500288,23.191767,24.668797
2014-11-13 22,20.092243,0.8358221,175.813,26.005354
2014-11-13 23,19.705141,1.7376195,23.076845,25.690872
2014-11-14 00,19.728601,1.7376195,126.01626,24.982214
2014-11-14 01,17.42532,0.8781212,104.166664,25.264458
2014-11-14 02,16.714083,1.7376195,22.720856,46.951218
2014-11-14 03,16.536274,1.7376195,92.479675,48.47561
2014-11-14 04,16.714083,1.7376195,88.922775,43.59756
2014-11-14 05,17.24751,1.7376195,92.98781,47.865852
2014-11-14 06,20.09246,1.7376195,23.366175,47.560974
2014-11-14 07,19.841625,1.7376195,23.520731,47.865852
2014-11-14 08,27.382647,1.7376195,23.719593,55.487804
2014-11-14 09,25.960173,0.86880976,110.26423,49.390244
2014-11-14 10,25.071123,1.3032146,123.47561,50.609756
2014-11-14 11,20.018274,1.3032146,23.059252,24.759005
2014-11-14 12,19.308727,0.8952263,90.955284,56.09756
2014-11-14 13,24.715506,1.7376195,90.44715,24.0626
2014-11-14 14,24.182077,1.7376195,97.560974,24.80773
2014-11-14 15,19.510353,0.8869982,102.13415,25.63353
2014-11-14 16,19.929712,1.7376195,114.32927,25.55789
2014-11-14 17,23.82646,1.520417,140.2439,63.719513
2014-11-14 18,24.537695,0.85376036,23.138332,25.223125
2014-11-14 19,20.722754,1.7376195,24.182798,85.97561
2014-11-14 20,25.248934,0.8948432,203.76016,81.402435
2014-11-14 21,20.16586,1.7376195,187.5,26.46873
2014-11-14 22,22.226173,0.85592353,177.84555,26.143612
2014-11-14 23,20.981508,0.8888932,148.88211,73.78049
2014-11-15 00,19.381224,1.7376195,22.646753,25.193804
2014-11-15 01,17.78094,0.8971481,102.64227,25.14874
2014-11-15 02,17.24751,1.7376195,92.98781,24.329517
2014-11-15 03,16.714083,1.7376195,89.4309,23.97506
2014-11-15 04,17.069702,0.91297764,80.28455,44.512196
2014-11-15 05,17.24751,2.1720243,84.349594,24.509514
2014-11-15 06,19.633186,0.90538466,76.21951,48.780487
2014-11-15 07,21.870554,1.7376195,23.022947,24.275139
2014-11-15 08,25.604551,2.1720243,81.808945,23.915659
2014-11-15 09,28.982931,3.040834,116.86991,25.350298
2014-11-15 10,29.160742,1.9548218,151.42276,56.09756
2014-11-15 11,28.449503,1.7376195,23.086708,52.743904
2014-11-15 12,26.849218,1.7376195,166.15854,58.23171
2014-11-15 13,27.027029,1.7376195,141.26016,24.881802
2014-11-15 14,19.474735,0.90742284,123.98374,56.40244
2014-11-15 15,19.872797,1.7376195,144.30894,25.22505
2014-11-15 16,23.64865,0.90248525,145.83333,70.12195
2014-11-15 17,24.182077,1.0211643,44.957016,69.51219
2014-11-15 18,24.359886,1.7376195,22.998636,24.905165
2014-11-15 19,24.893316,1.7376195,23.247011,71.03658
2014-11-15 20,25.071123,0.8870336,195.12195,73.78049
2014-11-15 21,19.655235,1.7376195,23.127699,25.575583
2014-11-15 22,19.465343,0.87470263,149.89838,66.46342
2014-11-15 23,20.803698,0.8785551,140.2439,25.489767
2014-11-16 00,19.783268,1.7376195,133.63821,62.19512
2014-11-16 01,18.136559,0.0,112.296745,62.5
2014-11-16 02,17.24751,0.0,99.5935,54.26829
2014-11-16 03,16.891891,1.520417,23.112247,45.121952
2014-11-16 04,19.723661,0.89710766,89.4309,45.121952
2014-11-16 05,17.24751,1.7376195,88.414635,44.512196
2014-11-16 06,19.566593,1.7376195,81.808945,46.036587
2014-11-16 07,20.070522,0.9219678,29.443684,43.90244
2014-11-16 08,22.93741,0.91152155,83.84146,24.776321
2014-11-16 09,28.982931,0.867246,24.211746,25.552519
2014-11-16 10,27.738264,1.7376195,23.416204,53.048782
2014-11-16 11,19.640675,0.85550374,198.67886,53.963413
2014-11-16 12,19.87874,1.7376195,208.33333,59.756096
2014-11-16 13,30.405405,1.7376195,136.17886,24.945004
2014-11-16 14,27.738264,1.7376195,127.54066,48.17073
2014-11-16 15,26.849218,0.8567474,23.59469,25.018383
2014-11-16 16,24.359886,0.8671659,138.71951,25.724796
2014-11-16 17,24.004267,1.7376195,23.221256,72.560974
2014-11-16 18,25.071123,0.8574259,190.54878,26.14641
2014-11-16 19,27.560455,1.9548218,200.20325,72.86585
2014-11-16 20,19.905712,1.7376195,225.10162,70.731705
2014-11-16 21,26.31579,1.7376195,194.61382,25.430971
2014-11-16 22,19.66549,1.7376195,163.61789,72.256096
2014-11-16 23,20.981508,1.7376195,145.32521,65.54878
2014-11-17 00,19.738647,1.7376195,120.93496,24.968582
2014-11-17 01,17.958748,1.7376195,23.093864,24.382597
2014-11-17 02,16.891891,0.8782294,94.00407,24.449286
2014-11-17 03,16.714083,0.9209815,29.571915,46.951218
2014-11-17 04,19.889364,1.7376195,86.38211,25.10668
2014-11-17 05,19.434252,0.9136838,83.333336,46.341465
2014-11-17 06,20.625889,1.7376195,23.02379,24.686806
2014-11-17 07,19.90131,1.7376195,85.873985,24.511906
2014-11-17 08,27.560455,1.7376195,96.544716,47.560974
2014-11-17 09,26.671408,1.7376195,105.18294,43.90244
2014-11-17 10,19.91938,0.8765323,118.902435,25.274103
2014-11-17 11,25.782362,1.3032146,109.24797,24.391193
2014-11-17 12,25.604551,1.3032146,23.146072,49.390244
2014-11-17 13,19.621862,1.520417,22.859013,25.163858
2014-11-17 14,19.763735,1.3032146,22.967512,24.864845
2014-11-17 15,23.82646,0.85237026,23.156952,25.165556
2014-11-17 16,24.182077,1.7376195,23.276869,62.80488
2014-11-17 17,24.537695,0.9069082,138.71951,67.98781
2014-11-17 18,25.604551,0.84763163,205.28455,96.03659
2014-11-17 19,28.449503,1.7376195,24.494553,82.62195
2014-11-17 20,19.60366,1.7376195,22.788475,25.369991
2014-11-17 21,19.716734,1.7376195,224.59349,79.57317
2014-11-17 22,19.991354,1.7376195,173.27235,26.348606
2014-11-17 23,21.514936,0.8976721,146.84958,72.560974
2014-11-18 00,19.381224,0.8676154,122.967476,25.212515
2014-11-18 01,19.820684,1.7376195,108.231705,51.52439
2014-11-18 02,17.069702,1.7376195,92.98781,46.951218
2014-11-18 03,19.579914,0.8911737,94.51219,25.548418
2014-11-18 04,17.24751,0.8917469,91.97154,24.273565
2014-11-18 05,17.60313,0.9117061,90.955284,48.17073
2014-11-18 06,20.44808,0.8509343,22.868118,24.994617
2014-11-18 07,19.589918,1.7376195,98.57723,50.0
2014-11-18 08,28.093885,1.7376195,109.756096,52.743904
2014-11-18 09,19.909212,1.7376195,22.69805,24.894909
2014-11-18 10,24.893316,1.520417,93.49593,24.632517
2014-11-18 11,23.64865,1.520417,94.00407,57.92683
2014-11-18 12,24.182077,0.8578666,23.085766,25.546694
2014-11-18 13,19.95136,1.7376195,95.52846,24.630484
2014-11-18 14,19.469797,1.7376195,85.873985,56.40244
2014-11-18 15,19.703165,0.87794954,89.939026,25.33808
2014-11-18 16,22.759604,0.8817656,90.955284,24.358925
2014-11-18 17,19.845535,0.8608037,123.47561,25.992092
2014-11-18 18,25.248934,2.1720243,202.7439,82.62195
2014-11-18 19,28.093885,1.7376195,269.30893,87.80488
2014-11-18 20,19.887915,0.872952,264.73578,79.268295
2014-11-18 21,25.960173,1.7376195,232.72357,79.87805
2014-11-18 22,19.458189,1.7376195,168.69919,72.86585
2014-11-18 23,20.981508,1.7376195,133.13008,62.19512
2014-11-19 00,19.599888,1.7376195,23.004381,54.57317
2014-11-19 01,17.60313,1.7376195,23.098469,24.484934
2014-11-19 02,16.891891,1.520417,23.016222,44.817074
2014-11-19 03,19.747204,1.7376195,23.35738,48.47561
2014-11-19 04,16.891891,1.7376195,22.53223,25.101234
2014-11-19 05,17.60313,1.7376195,100.60975,24.125326
2014-11-19 06,19.935505,0.889439,91.97154,24.92588
2014-11-19 07,29.694168,1.7376195,23.224976,51.219513
2014-11-19 08,28.627312,0.88369834,96.544716,25.044697
2014-11-19 09,27.027029,0.8985542,95.52846,24.778723
2014-11-19 10,19.354433,1.520417,23.77414,63.414635
2014-11-19 11,19.550959,1.520417,23.855368,65.54878
2014-11-19 12,19.780151,1.520417,23.648672,55.487804
2014-11-19 13,24.537695,0.93059057,101.11789,54.26829
2014-11-19 14,23.82646,1.520417,96.03658,23.99285
2014-11-19 15,23.64865,1.520417,97.560974,63.719513
2014-11-19 16,19.87587,1.7376195,108.73984,25.05477
2014-11-19 17,24.537695,2.1720243,139.22765,82.01219
2014-11-19 18,19.569494,0.87181664,175.813,91.768295
2014-11-19 19,19.994715,1.7376195,237.80487,27.01386
2014-11-19 20,27.738264,0.8213651,257.62195,27.328794
2014-11-19 21,26.493599,0.82931536,213.92276,26.463345
2014-11-19 22,20.056114,1.7376195,23.758995,80.79269
2014-11-19 23,21.514936,1.7376195,145.32521,78.35366
2014-11-20 00,19.914652,1.7376195,113.31301,24.34059
2014-11-20 01,17.958748,1.7376195,22.537064,24.665007
2014-11-20 02,17.60313,0.9046445,90.955284,25.020454
2014-11-20 03,17.069702,1.7376195,23.049082,24.465391
2014-11-20 04,17.42532,0.94475585,31.003645,50.30488
2014-11-20 05,19.666191,0.8456226,22.3076,25.196377
2014-11-20 06,21.337126,1.7376195,95.52846,61.585365
2014-11-20 07,29.51636,0.9837111,36.55299,53.048782
2014-11-20 08,27.382647,1.7376195,103.65854,52.743904
2014-11-20 09,19.825949,1.9548218,97.05285,50.914635
2014-11-20 10,26.671408,0.9097149,90.955284,55.182926
2014-11-20 11,19.601614,0.9097481,101.11789,55.182926
2014-11-20 12,19.894217,1.7376195,22.71548,25.482351
2014-11-20 13,19.46069,1.7376195,23.30295,50.914635
2014-11-20 14,20.261744,0.9378262,34.582607,52.743904
2014-11-20 15,19.513372,1.520417,97.560974,56.707317
2014-11-20 16,24.182077,1.7376195,104.6748,24.134624
2014-11-20 17,20.760685,0.9881782,47.65338,74.69512
2014-11-20 18,22.335358,0.9069328,53.39187,84.14634
2014-11-20 19,20.255564,1.7376195,235.26422,27.197117
2014-11-20 20,29.694168,1.9548218,243.90245,26.762606
2014-11-20 21,19.545254,0.8687099,202.23578,73.78049
2014-11-20 22,23.470839,1.7376195,22.824194,25.099731
2014-11-20 23,22.226173,0.87905234,146.34148,25.735619
2014-11-21 00,20.27027,1.7376195,23.275606,60.97561
2014-11-21 01,18.314367,1.7376195,22.813944,25.028505
2014-11-21 02,17.42532,1.7376195,23.152296,50.609756
2014-11-21 03,16.891891,0.90457785,92.98781,24.683853
2014-11-21 04,19.531397,1.7376195,86.89024,48.780487
2014-11-21 05,19.7074,0.904387,84.85773,46.341465
2014-11-21 06,21.337126,1.7376195,101.11789,51.82927
2014-11-21 07,19.448345,1.7376195,23.579012,53.963413
2014-11-21 08,19.793438,0.8762608,118.902435,25.34125
2014-11-21 09,28.449503,0.94935167,34.40519,48.47561
2014-11-21 10,27.560455,1.3032146,91.46342,24.287067
2014-11-21 11,20.33577,0.9335843,33.989727,51.52439
2014-11-21 12,27.738264,1.3032146,87.9065,46.951218
2014-11-21 13,26.671408,1.7376195,104.166664,38.109756
2014-11-21 14,27.382647,1.7376195,23.395985,45.42683
2014-11-21 15,28.271692,1.7376195,23.02997,24.872276
2014-11-21 16,19.81128,1.7376195,110.772354,53.048782
2014-11-21 17,27.382647,1.520417,23.154482,64.939026
2014-11-21 18,27.382647,2.1720243,22.416502,24.48641
2014-11-21 19,19.89285,0.8483645,235.26422,74.69512
2014-11-21 20,20.211205,2.8236315,226.11789,27.158247
2014-11-21 21,19.577776,1.7376195,23.223715,70.42683
2014-11-21 22,22.048365,1.7376195,22.882292,24.86172
2014-11-21 23,19.421919,1.7376195,23.031834,63.414635
2014-11-22 00,19.559032,0.8918414,125.0,25.519201
2014-11-22 01,17.958748,1.7376195,101.11789,24.319199
2014-11-22 02,19.93151,1.7376195,22.560514,25.34849
2014-11-22 03,17.069702,0.9155393,94.00407,44.512196
2014-11-22 04,17.069702,1.7376195,22.340588,24.396534
2014-11-22 05,17.42532,2.1720243,88.414635,44.817074
2014-11-22 06,17.78094,0.92836756,29.715916,46.951218
2014-11-22 07,20.09246,0.90970594,74.18699,43.90244
2014-11-22 08,25.248934,0.86961704,23.162693,25.151926
2014-11-22 09,20.064636,3.040834,110.26423,25.716105
2014-11-22 10,28.271692,0.9481038,35.23394,49.69512
2014-11-22 11,28.627312,0.8689205,136.17886,24.99718
2014-11-22 12,19.734442,1.7376195,146.84958,25.245667
2014-11-22 13,26.671408,0.88764435,163.61789,54.26829
2014-11-22 14,26.671408,1.7376195,146.84958,25.29271
2014-11-22 15,20.289362,0.9518316,37.379387,57.621952
2014-11-22 16,20.137856,1.7376195,151.42276,25.336273
2014-11-22 17,19.83713,1.9548218,174.28862,26.131302
2014-11-22 18,25.426743,1.7376195,197.15446,25.827515
2014-11-22 19,19.610756,0.84539735,221.03659,71.64634
2014-11-22 20,20.022814,1.7376195,22.858744,25.611942
2014-11-22 21,19.8323,1.7376195,190.54878,66.15854
2014-11-22 22,21.870554,0.86755115,171.74797,25.380653
2014-11-22 23,21.36117,0.9671802,49.11488,76.52439
2014-11-23 00,20.09246,1.7376195,23.033758,65.54878
2014-11-23 01,21.741804,0.0,62.14638,31.504118
2014-11-23 02,17.42532,0.0,105.18294,52.743904
2014-11-23 03,20.013678,1.520417,22.448195,25.300089
2014-11-23 04,17.069702,1.520417,22.829802,46.646343
2014-11-23 05,17.42532,1.7376195,87.39838,44.817074
2014-11-23 06,19.665188,0.842924,22.738636,26.013887
2014-11-23 07,19.617239,0.8892564,80.28455,24.55643
2014-11-23 08,22.403982,1.7376195,22.431097,24.723598
2014-11-23 09,19.80546,1.7376195,106.70731,48.17073
2014-11-23 10,29.871977,1.7376195,23.268518,24.378424
2014-11-23 11,30.227598,1.7376195,186.48373,57.012196
2014-11-23 12,29.160742,1.7376195,23.227293,59.756096
2014-11-23 13,27.027029,1.7376195,23.3555,56.40244
2014-11-23 14,26.849218,0.89167625,131.09756,47.560974
2014-11-23 15,24.893316,1.520417,119.9187,24.747766
2014-11-23 16,23.82646,1.7376195,22.87222,49.085365
2014-11-23 17,24.715506,0.85944474,22.654959,24.563091
2014-11-23 18,20.010382,0.84826785,190.54878,27.106062
2014-11-23 19,27.027029,1.9548218,194.1057,66.768295
2014-11-23 20,27.560455,1.7376195,23.076796,60.365852
2014-11-23 21,19.791811,0.82642484,200.20325,26.898573
2014-11-23 22,22.93741,1.7376195,162.09349,74.39024
2014-11-23 23,20.981508,1.7376195,130.58943,61.280487
2014-11-24 00,19.203413,1.7376195,127.03253,48.780487
2014-11-24 01,19.725487,1.7376195,23.037666,25.646755
2014-11-24 02,19.490513,0.91164064,87.9065,42.378048
2014-11-24 03,16.536274,1.520417,85.36585,23.935938
2014-11-24 04,16.891891,1.7376195,22.486513,24.815622
2014-11-24 05,19.712278,1.7376195,22.531462,25.569387
2014-11-24 06,20.44808,1.7376195,22.899849,24.79958
2014-11-24 07,28.80512,1.7376195,91.46342,24.453741
2014-11-24 08,19.624502,1.7376195,105.69106,51.82927
2014-11-24 09,20.06257,1.7376195,22.947823,25.320623
2014-11-24 10,19.934671,1.7376195,22.396782,25.281153
2014-11-24 11,26.671408,0.93393123,30.858774,43.292683
2014-11-24 12,19.715496,1.3032146,98.57723,51.52439
2014-11-24 13,26.13798,0.85849327,23.169144,24.734913
2014-11-24 14,25.604551,1.3032146,23.438118,46.341465
2014-11-24 15,19.54087,1.520417,23.19486,53.963413
2014-11-24 16,25.426743,1.7376195,23.205082,54.26829
2014-11-24 17,19.331388,1.7376195,125.50813,67.37805
2014-11-24 18,27.916075,2.1720243,197.6626,26.347912
2014-11-24 19,23.144688,1.7376195,29.95419,100.30488
2014-11-24 20,19.451746,0.8735253,231.70732,84.45122
2014-11-24 21,27.204836,1.7376195,204.77643,25.463692
2014-11-24 22,23.115221,1.7376195,23.269451,24.802122
2014-11-24 23,20.386066,0.98753256,41.47682,65.243904
2014-11-25 00,19.025604,1.7376195,121.4431,52.743904
2014-11-25 01,19.871574,1.7376195,107.21545,45.42683
2014-11-25 02,16.891891,0.8580361,22.503353,25.575407
2014-11-25 03,16.536274,0.8872853,26.35893,39.02439
2014-11-25 04,19.538404,0.8886053,90.44715,39.02439
2014-11-25 05,17.60313,0.88861084,92.98781,25.121483
2014-11-25 06,20.44808,0.9219469,95.02032,44.207317
2014-11-25 07,19.843182,1.7376195,103.150406,48.47561
2014-11-25 08,27.027029,0.8947622,103.150406,24.84131
2014-11-25 09,25.782362,0.9255078,97.560974,44.817074
2014-11-25 10,19.387764,0.9082531,85.873985,51.82927
2014-11-25 11,19.330307,0.89715314,87.9065,56.707317
2014-11-25 12,23.470839,1.3032146,96.03658,24.519514
2014-11-25 13,19.903656,1.7376195,100.10162,41.76829
2014-11-25 14,24.004267,1.7376195,79.77642,44.817074
2014-11-25 15,23.29303,0.9076389,97.05285,24.529144
2014-11-25 16,23.64865,0.8569915,22.734371,24.572292
2014-11-25 17,24.537695,1.0268897,45.792637,70.42683
2014-11-25 18,19.31,0.8689318,178.8618,80.18293
2014-11-25 19,20.186571,0.8256287,242.37805,27.14119
2014-11-25 20,26.493599,0.86099935,59.08751,86.89024
2014-11-25 21,26.493599,0.8830514,198.17073,76.82927
2014-11-25 22,22.581793,1.7376195,22.632893,24.333826
2014-11-25 23,19.458004,1.7376195,23.544352,70.12195
2014-11-26 00,20.100084,0.97095585,37.37896,59.146343
2014-11-26 01,17.42532,1.7376195,22.844402,25.14736
2014-11-26 02,16.714083,1.520417,92.98781,46.036587
2014-11-26 03,19.74376,1.7376195,23.003086,47.560974
2014-11-26 04,19.724445,1.7376195,22.915785,25.034958
2014-11-26 05,17.24751,0.92975986,31.119589,49.69512
2014-11-26 06,20.09246,0.85124385,22.392101,25.26149
2014-11-26 07,19.57754,1.7376195,105.18294,58.536587
2014-11-26 08,26.671408,1.7376195,103.150406,53.963413
2014-11-26 09,25.248934,0.9012393,95.02032,46.646343
2014-11-26 10,25.248934,0.8875275,99.085365,24.36667
2014-11-26 11,24.004267,1.520417,94.00407,53.658535
2014-11-26 12,23.64865,0.92515665,98.06911,47.560974
2014-11-26 13,19.754583,1.7376195,23.082558,25.625425
2014-11-26 14,19.93757,0.932231,30.494638,46.341465
2014-11-26 15,22.226173,1.520417,91.46342,58.536587
2014-11-26 16,22.048365,0.9025451,99.5935,57.621952
2014-11-26 17,19.754742,2.1720243,115.85366,25.70277
2014-11-26 18,24.359886,0.8698047,57.722164,88.10976
2014-11-26 19,26.13798,1.7376195,248.98373,90.54878
2014-11-26 20,19.759302,0.8384485,23.050058,25.956139
2014-11-26 21,25.248934,1.7376195,211.38213,82.92683
2014-11-26 22,22.93741,1.7376195,172.2561,84.45122
2014-11-26 23,19.728994,1.7376195,147.86586,25.660261
2014-11-27 00,20.00602,1.7376195,113.82114,25.344837
2014-11-27 01,19.39001,0.89924514,116.361786,58.536587
2014-11-27 02,16.714083,0.86200184,22.621185,25.452991
2014-11-27 03,16.714083,0.8472731,23.121815,24.995386
2014-11-27 04,16.891891,1.7376195,85.36585,49.085365
2014-11-27 05,19.558758,1.7376195,90.955284,52.134148
2014-11-27 06,19.50728,0.89784384,91.97154,25.40545
2014-11-27 07,19.583433,1.7376195,93.49593,24.41572
2014-11-27 08,27.560455,1.7376195,97.05285,52.743904
2014-11-27 09,26.849218,1.9548218,23.602457,53.963413
2014-11-27 10,19.442024,1.7376195,91.46342,50.0
2014-11-27 11,26.13798,1.7376195,99.5935,24.119932
2014-11-27 12,19.898024,0.8343266,22.718124,25.110287
2014-11-27 13,19.76881,1.7376195,22.86296,48.780487
2014-11-27 14,23.82646,1.520417,23.059162,24.37646
2014-11-27 15,23.29303,1.520417,23.020884,53.963413
2014-11-27 16,19.614958,1.7376195,22.59153,25.165112
2014-11-27 17,19.179758,0.90958065,118.902435,80.48781
2014-11-27 18,25.071123,1.520417,36.000824,96.64634
2014-11-27 19,22.67306,1.7376195,29.501606,99.085365
2014-11-27 20,19.86574,0.8400189,22.826197,25.882946
2014-11-27 21,19.57374,1.7376195,202.23578,87.19512
2014-11-27 22,22.759604,0.90792847,175.30487,84.14634
2014-11-27 23,19.875093,1.7376195,22.825403,25.205282
2014-11-28 00,20.049286,1.7376195,23.175936,25.667786
2014-11-28 01,17.42532,1.7376195,23.660574,53.963413
2014-11-28 02,20.116648,0.93360096,32.820477,50.0
2014-11-28 03,19.425821,1.7376195,91.46342,49.085365
2014-11-28 04,16.891891,0.93554556,31.371038,50.609756
2014-11-28 05,19.787895,1.7376195,92.479675,54.26829
2014-11-28 06,19.914652,0.85302687,23.205204,25.28275
2014-11-28 07,28.449503,1.7376195,94.51219,59.451218
2014-11-28 08,27.916075,1.7376195,107.72358,59.451218
2014-11-28 09,26.849218,0.98133355,39.491745,58.536587
2014-11-28 10,24.893316,1.3032146,101.626015,23.8412
2014-11-28 11,27.738264,0.91702026,104.166664,57.621952
2014-11-28 12,19.58706,0.8639451,122.45935,26.049387
2014-11-28 13,23.64865,1.7376195,22.789013,25.094404
2014-11-28 14,19.968994,0.9433134,32.5348,50.30488
2014-11-28 15,22.93741,1.7376195,23.1,59.451218
2014-11-28 16,23.29303,1.7376195,23.282887,58.841465
2014-11-28 17,19.25616,1.520417,24.82193,73.47561
2014-11-28 18,24.715506,2.1720243,23.274734,91.768295
2014-11-28 19,25.604551,0.8407519,215.44716,25.953606
2014-11-28 20,21.539862,2.8236315,23.731861,91.46342
2014-11-28 21,24.359886,1.7376195,210.87398,93.29269
2014-11-28 22,22.403982,1.7376195,23.164883,24.36104
2014-11-28 23,21.159317,1.7376195,163.10976,25.757969
2014-11-29 00,21.344866,0.96019936,49.55212,78.04878
2014-11-29 01,20.492987,0.97464323,39.471645,61.890244
2014-11-29 02,17.24751,1.7376195,22.466991,24.632933
2014-11-29 03,16.714083,0.9055187,94.00407,47.865852
2014-11-29 04,17.069702,0.855203,23.176317,25.5245
2014-11-29 05,19.965397,2.1720243,94.00407,25.346483
2014-11-29 06,19.542992,0.91529554,90.955284,51.52439
2014-11-29 07,20.44808,0.87873584,94.51219,25.039465
2014-11-29 08,19.71024,2.1720243,23.040606,59.146343
2014-11-29 09,29.51636,0.91167265,134.14635,60.365852
2014-11-29 10,19.575598,1.9548218,160.06097,54.878048
2014-11-29 11,19.791285,0.8546926,158.53659,26.3307
2014-11-29 12,28.982931,1.7376195,23.343746,47.560974
2014-11-29 13,28.80512,1.7376195,23.366554,47.560974
2014-11-29 14,27.916075,0.9063316,137.19513,53.963413
2014-11-29 15,27.916075,0.8841199,126.01626,24.60527
2014-11-29 16,26.671408,0.8628181,143.29268,24.962885
2014-11-29 17,25.604551,1.9548218,169.20732,71.03658
2014-11-29 18,25.426743,0.87929744,213.92276,78.65854
2014-11-29 19,27.560455,0.87112385,214.93903,87.19512
2014-11-29 20,19.464867,0.88597244,188.00813,88.71951
2014-11-29 21,20.165834,1.7376195,183.94308,25.991436
2014-11-29 22,22.581793,1.7376195,158.02846,77.743904
2014-11-29 23,22.403982,0.8816335,167.68292,75.30488
2014-11-30 00,20.803698,0.8546987,156.50406,25.433065
2014-11-30 01,21.850527,0.0,61.558277,30.781227
2014-11-30 02,18.136559,0.0,59.25469,30.111132
2014-11-30 03,17.60313,0.9029625,97.05285,24.978537
2014-11-30 04,19.60223,1.520417,95.02032,25.211014
2014-11-30 05,18.136559,1.7376195,93.49593,24.605019
2014-11-30 06,18.492176,0.90229374,87.9065,24.729261
2014-11-30 07,20.27027,0.90365267,82.31707,46.646343
2014-11-30 08,19.419113,0.9094585,102.64227,45.42683
2014-11-30 09,19.920647,1.7376195,114.837395,48.17073
2014-11-30 10,19.935232,1.7376195,158.53659,25.87178
2014-11-30 11,29.694168,1.7376195,22.948826,24.231615
2014-11-30 12,30.049788,0.8812726,164.12602,53.353657
2014-11-30 13,29.338549,0.87737507,148.88211,46.036587
2014-11-30 14,27.027029,1.7376195,23.049726,42.682926
2014-11-30 15,25.071123,1.520417,109.24797,41.463413
2014-11-30 16,19.622324,0.8475749,23.081545,25.097027
2014-11-30 17,24.182077,0.8949616,147.35773,58.841465
2014-11-30 18,24.537695,0.8587662,179.3699,26.37739
2014-11-30 19,19.780588,0.83946854,174.28862,26.584612
2014-11-30 20,19.456568,1.7376195,189.53253,78.96342
2014-11-30 21,24.715506,1.7376195,22.891014,24.807714
2014-11-30 22,22.93741,1.7376195,22.844864,24.98691
2014-11-30 23,19.632957,0.89590603,131.6057,67.98781
2014-12-01 00,19.559032,0.8956127,122.967476,57.012196
2014-12-01 01,19.568918,1.7376195,23.230402,45.42683
2014-12-01 02,16.891891,0.90300983,26.94122,41.158535
2014-12-01 03,16.536274,0.91511863,28.510775,44.817074
2014-12-01 04,16.714083,0.906977,99.5935,45.42683
2014-12-01 05,19.837933,0.8765474,94.00407,25.500769
2014-12-01 06,20.44808,0.86021686,22.692434,25.207123
2014-12-01 07,28.982931,1.7376195,106.19919,24.467588
2014-12-01 08,28.093885,0.8706036,23.717793,25.36023
2014-12-01 09,19.872734,1.7376195,22.4719,24.928751
2014-12-01 10,19.774939,1.7376195,100.10162,48.17073
2014-12-01 11,19.457275,1.3032146,108.231705,44.207317
2014-12-01 12,19.677835,1.3032146,117.37805,51.52439
2014-12-01 13,19.834608,1.520417,110.772354,24.527061
2014-12-01 14,24.893316,0.9298172,100.60975,55.182926
2014-12-01 15,22.226173,1.520417,22.75649,24.871094
2014-12-01 16,19.778402,1.7376195,98.06911,24.786228
2014-12-01 17,19.645016,1.7376195,131.6057,69.51219
2014-12-01 18,21.189901,2.1720243,23.753735,86.89024
2014-12-01 19,29.338549,1.7376195,228.65854,26.586876
2014-12-01 20,29.160742,0.8449433,206.30081,26.55278
2014-12-01 21,20.142189,1.7376195,196.64635,26.232143
2014-12-01 22,22.93741,0.88847053,172.76422,85.36585
2014-12-01 23,21.159317,0.8509876,22.712034,24.99809
2014-12-02 00,19.697966,0.89217067,129.06505,58.23171
2014-12-02 01,19.711365,1.7376195,113.82114,55.487804
2014-12-02 02,19.731743,0.8817397,104.6748,25.109919
2014-12-02 03,16.536274,1.7376195,94.51219,49.390244
2014-12-02 04,19.634089,0.893226,89.4309,24.69959
2014-12-02 05,17.60313,1.7376195,99.085365,54.878048
2014-12-02 06,20.469374,0.97704494,38.374992,60.67073
2014-12-02 07,28.80512,1.0085205,42.492466,62.80488
2014-12-02 08,27.738264,1.7376195,23.287321,24.453484
2014-12-02 09,26.849218,1.7376195,22.960627,46.341465
2014-12-02 10,19.712473,1.520417,84.85773,55.487804
2014-12-02 11,19.59441,0.8917679,94.51219,25.121336
2014-12-02 12,19.607525,1.3032146,22.543116,25.010748
2014-12-02 13,24.359886,1.7376195,108.231705,48.780487
2014-12-02 14,23.64865,1.7376195,98.06911,24.510178
2014-12-02 15,19.413229,1.7376195,91.97154,54.57317
2014-12-02 16,19.487679,1.7376195,103.65854,63.719513
2014-12-02 17,23.82646,1.7376195,129.06505,78.65854
2014-12-02 18,20.68758,0.8186541,174.28862,99.39024
2014-12-02 19,23.506927,1.7376195,30.770739,101.82927
2014-12-02 20,28.80512,1.7376195,23.27365,24.720844
2014-12-02 21,22.595388,1.7376195,28.49719,96.95122
2014-12-02 22,23.29303,1.7376195,198.17073,25.698483
2014-12-02 23,20.803698,1.7376195,23.69205,83.84146
2014-12-03 00,19.613235,0.8841192,133.63821,68.29269
2014-12-03 01,17.42532,1.7376195,23.163836,60.67073
2014-12-03 02,16.714083,1.520417,104.166664,58.23171
2014-12-03 03,16.180655,1.7376195,94.00407,24.230803
2014-12-03 04,19.473005,1.7376195,101.626015,54.57317
2014-12-03 05,17.24751,0.9595607,33.294968,54.878048
2014-12-03 06,19.825598,1.7376195,22.900578,53.048782
2014-12-03 07,28.449503,0.92868733,111.78862,56.09756
2014-12-03 08,19.753252,1.7376195,23.53315,52.439026
2014-12-03 09,19.73243,1.7376195,110.26423,24.643433
2014-12-03 10,20.254993,0.9474467,33.281742,51.52439
2014-12-03 11,19.618214,0.89777476,109.24797,49.69512
2014-12-03 12,19.926197,0.8744783,123.47561,25.68584
2014-12-03 13,19.931932,1.7376195,112.296745,41.76829
2014-12-03 14,23.82646,1.520417,87.9065,45.121952
2014-12-03 15,19.703405,1.520417,84.85773,25.065342
2014-12-03 16,23.82646,0.9217493,101.11789,54.878048
2014-12-03 17,23.82646,2.1720243,128.04878,24.904123
2014-12-03 18,25.071123,2.606429,22.34702,25.320906
2014-12-03 19,27.382647,0.94790065,52.74278,79.57317
2014-12-03 20,28.80512,1.7376195,27.274696,89.63415
2014-12-03 21,26.13798,0.8989458,55.947296,83.53658
2014-12-03 22,23.115221,1.7376195,185.97562,88.71951
2014-12-03 23,19.602999,0.8984736,157.0122,80.18293
2014-12-04 00,18.847795,0.8912174,130.0813,61.280487
2014-12-04 01,19.567917,0.84323883,22.968935,25.703424
2014-12-04 02,16.891891,0.8976637,99.085365,49.69512
2014-12-04 03,16.358463,1.7376195,96.03658,50.30488
2014-12-04 04,19.389091,1.7376195,100.60975,52.134148
2014-12-04 05,17.24751,0.8988739,97.560974,25.079876
2014-12-04 06,20.27027,0.86021465,23.036774,25.257471
2014-12-04 07,27.916075,1.7376195,23.729254,56.40244
2014-12-04 08,27.916075,1.7376195,22.69169,24.335428
2014-12-04 09,26.31579,1.9548218,23.504837,47.256096
2014-12-04 10,26.671408,0.8619021,23.66118,25.489626
2014-12-04 11,25.248934,1.7376195,23.428473,45.42683
2014-12-04 12,24.893316,1.7376195,113.31301,44.207317
2014-12-04 13,19.66913,0.88836366,121.951225,36.280487
2014-12-04 14,23.29303,1.520417,23.026316,39.02439
2014-12-04 15,19.624704,0.89209807,108.231705,47.865852
2014-12-04 16,22.226173,0.9039055,109.756096,52.134148
2014-12-04 17,19.602905,1.7376195,23.50083,60.97561
2014-12-04 18,20.219625,1.520417,185.97562,25.823967
2014-12-04 19,28.093885,1.7376195,224.59349,96.34146
2014-12-04 20,29.160742,0.8647188,196.64635,26.051434
2014-12-04 21,25.426743,0.8484965,194.1057,25.93447
2014-12-04 22,22.581793,1.7376195,174.28862,25.678457
2014-12-04 23,20.803698,1.7376195,23.140131,25.00961
2014-12-05 00,19.707165,1.7376195,22.349798,25.158169
2014-12-05 01,19.700594,1.7376195,107.72358,25.344704
2014-12-05 02,16.536274,1.7376195,23.010244,60.060974
2014-12-05 03,16.358463,0.9060995,99.5935,53.658535
2014-12-05 04,19.374842,0.8943258,98.06911,57.621952
2014-12-05 05,17.24751,1.7376195,91.46342,24.236877
2014-12-05 06,19.736841,1.7376195,103.150406,60.365852
2014-12-05 07,28.271692,0.8867061,105.18294,24.610258
2014-12-05 08,27.738264,0.9168078,109.756096,53.048782
2014-12-05 09,20.487984,0.95750463,38.336136,59.146343
2014-12-05 10,19.622355,0.8822736,117.88618,25.998266
2014-12-05 11,26.671408,1.3032146,22.738636,24.557577
2014-12-05 12,19.498125,1.3032146,112.296745,54.878048
2014-12-05 13,25.071123,0.8923126,111.28048,25.22686
2014-12-05 14,24.537695,0.91243315,106.70731,42.987804
2014-12-05 15,19.825005,0.8902919,95.52846,25.277288
2014-12-05 16,19.87635,1.7376195,22.645588,47.560974
2014-12-05 17,23.29303,1.520417,120.42683,71.03658
2014-12-05 18,24.537695,0.86723125,181.91057,93.29269
2014-12-05 19,25.782362,1.7376195,23.185558,24.654865
2014-12-05 20,25.782362,2.8236315,236.28049,89.939026
2014-12-05 21,22.93741,0.8776806,56.586803,86.89024
2014-12-05 22,21.870554,1.7376195,22.76425,24.972843
2014-12-05 23,20.625889,1.7376195,23.584919,82.92683
2014-12-06 00,19.381224,0.906572,138.21138,81.70731
2014-12-06 01,17.958748,0.89340854,112.80488,24.857576
2014-12-06 02,17.069702,1.7376195,106.70731,24.64792
2014-12-06 03,16.536274,1.7376195,23.395222,55.792683
2014-12-06 04,20.05265,1.7376195,22.771673,25.19093
2014-12-06 05,17.60313,0.90843594,90.955284,60.97561
2014-12-06 06,17.78094,1.7376195,96.03658,56.40244
2014-12-06 07,19.40069,1.7376195,91.46342,56.09756
2014-12-06 08,24.537695,2.1720243,22.949156,56.707317
2014-12-06 09,27.560455,1.0085899,40.380314,60.97561
2014-12-06 10,28.449503,1.9548218,23.101545,24.632643
2014-12-06 11,28.627312,0.9074185,151.9309,55.792683
2014-12-06 12,27.738264,0.9943344,38.667873,57.621952
2014-12-06 13,19.90852,0.86889845,147.86586,25.551414
2014-12-06 14,27.738264,0.91398877,131.09756,58.841465
2014-12-06 15,25.960173,1.7376195,22.871313,25.107489
2014-12-06 16,20.036974,0.95566285,34.26139,53.658535
2014-12-06 17,20.160664,1.9548218,172.2561,26.134237
2014-12-06 18,19.444113,1.7376195,209.3496,91.768295
2014-12-06 19,25.248934,1.7376195,240.34554,26.682894
2014-12-06 20,24.359886,1.7376195,210.87398,84.756096
2014-12-06 21,22.824263,0.87580764,55.77947,86.28049
2014-12-06 22,21.159317,1.7376195,179.87805,25.801186
2014-12-06 23,23.303104,1.7376195,30.432724,101.21951
2014-12-07 00,21.108627,1.7376195,24.138382,85.67073
2014-12-07 01,20.738039,0.0,126.52439,71.64634
2014-12-07 02,21.951838,0.0,87.708984,59.756096
2014-12-07 03,19.75881,1.520417,100.60975,56.707317
2014-12-07 04,19.32565,0.9019078,98.06911,57.92683
2014-12-07 05,19.291897,0.91615754,95.02032,57.92683
2014-12-07 06,19.991358,1.7376195,90.955284,25.124027
2014-12-07 07,20.047861,0.9474617,34.410812,53.353657
2014-12-07 08,22.226173,0.84398174,22.717367,24.996878
2014-12-07 09,20.026533,0.928393,31.832981,48.17073
2014-12-07 10,27.916075,0.9705293,35.620415,51.82927
2014-12-07 11,19.780634,0.8565184,188.00813,57.012196
2014-12-07 12,19.494858,0.8612421,170.22357,55.792683
2014-12-07 13,27.204836,0.9609646,33.514988,48.780487
2014-12-07 14,26.13798,1.7376195,115.85366,46.036587
2014-12-07 15,24.893316,1.520417,22.819984,46.951218
2014-12-07 16,22.759604,0.84634846,22.912798,24.74203
2014-12-07 17,19.398256,1.7376195,150.91463,64.02439
2014-12-07 18,23.82646,0.95627195,50.95413,77.439026
2014-12-07 19,20.280617,1.9548218,212.90651,26.978542
2014-12-07 20,19.486597,1.7376195,182.4187,80.18293
2014-12-07 21,22.338526,0.9051229,53.519657,83.53658
2014-12-07 22,21.337126,1.7376195,23.404491,79.87805
2014-12-07 23,19.336529,0.87593883,160.5691,76.82927
2014-12-08 00,20.578745,1.7376195,23.990139,85.36585
2014-12-08 01,19.348557,1.7376195,23.21811,74.69512
2014-12-08 02,19.91936,1.7376195,103.150406,24.800589
2014-12-08 03,19.427216,1.520417,98.57723,63.719513
2014-12-08 04,16.714083,1.7376195,97.560974,66.15854
2014-12-08 05,17.069702,1.7376195,22.431604,25.108593
2014-12-08 06,20.347942,0.95597893,36.999043,57.317074
2014-12-08 07,18.136559,0.91682327,81.30081,58.841465
2014-12-08 08,19.55816,0.8961578,87.39838,48.47561
2014-12-08 09,19.851444,0.88326144,107.21545,25.208029
2014-12-08 10,30.583216,0.8885427,136.687,25.295727
2014-12-08 11,19.872515,1.3032146,22.61829,24.833294
2014-12-08 12,31.294455,1.3032146,200.7114,54.878048
2014-12-08 13,19.853226,1.520417,144.81708,25.247925
2014-12-08 14,27.027029,1.3032146,23.266912,24.65516
2014-12-08 15,20.012741,0.95318174,33.92556,53.048782
2014-12-08 16,19.350325,0.90760803,124.49187,59.756096
2014-12-08 17,23.64865,1.7376195,160.5691,25.562637
2014-12-08 18,25.071123,2.1720243,227.64227,26.872828
2014-12-08 19,19.777855,0.8388857,23.142086,25.239498
2014-12-08 20,28.449503,1.7376195,227.13414,26.15062
2014-12-08 21,24.537695,0.9459751,51.972412,80.18293
2014-12-08 22,22.226173,0.865805,23.238434,25.403582
2014-12-08 23,20.44808,0.9068737,138.71951,80.48781
2014-12-09 00,19.599215,0.9107987,125.50813,64.939026
2014-12-09 01,17.42532,1.7376195,23.30859,64.02439
2014-12-09 02,19.625715,0.86769724,96.544716,25.546946
2014-12-09 03,16.536274,1.7376195,22.372849,24.546387
2014-12-09 04,16.891891,0.9580785,37.016983,60.365852
2014-12-09 05,19.34988,1.7376195,94.00407,59.146343
2014-12-09 06,20.625889,0.9085078,103.65854,59.756096
2014-12-09 07,19.327625,0.91920155,107.21545,66.768295
2014-12-09 08,27.916075,1.7376195,23.049051,56.40244
2014-12-09 09,19.540247,1.7376195,101.626015,46.036587
2014-12-09 10,19.533756,1.520417,86.89024,50.914635
2014-12-09 11,25.604551,0.92783797,87.39838,46.341465
2014-12-09 12,25.071123,1.3032146,103.65854,45.42683
2014-12-09 13,25.071123,1.7376195,22.653847,24.341845
2014-12-09 14,24.893316,0.91525245,98.57723,48.47561
2014-12-09 15,19.383076,1.7376195,104.6748,57.92683
2014-12-09 16,22.581793,0.96320957,37.58408,57.621952
2014-12-09 17,23.470839,1.7376195,137.70325,25.124935
2014-12-09 18,19.812658,0.8340224,22.91748,26.01927
2014-12-09 19,20.309345,1.7376195,229.16667,102.743904
2014-12-09 20,28.449503,0.8366536,235.77235,108.84146
2014-12-09 21,19.791542,1.7376195,22.855799,24.899284
2014-12-09 22,22.759604,1.7376195,193.08943,26.102068
2014-12-09 23,19.776783,1.7376195,22.490181,24.90366
2014-12-10 00,18.847795,1.7376195,22.366339,25.049948
2014-12-10 01,17.42532,1.7376195,22.924828,62.80488
2014-12-10 02,16.714083,1.520417,100.60975,24.351984
2014-12-10 03,16.180655,1.7376195,23.624619,61.890244
2014-12-10 04,19.876778,1.7376195,100.10162,24.612625
2014-12-10 05,19.93428,0.89132285,104.6748,25.49964
2014-12-10 06,20.09246,1.7376195,108.73984,67.07317
2014-12-10 07,28.449503,1.7376195,22.857706,24.87173
2014-12-10 08,29.51636,1.7376195,23.814426,60.97561
2014-12-10 09,26.849218,1.7376195,100.60975,53.963413
2014-12-10 10,19.730654,1.520417,22.876003,25.008818
2014-12-10 11,24.715506,0.88950497,128.55692,51.82927
2014-12-10 12,24.359886,1.520417,112.296745,24.787617
2014-12-10 13,19.980288,1.7376195,117.88618,43.292683
2014-12-10 14,24.359886,1.520417,98.06911,47.256096
2014-12-10 15,19.612467,1.520417,92.479675,61.585365
2014-12-10 16,19.530596,1.7376195,23.346876,70.731705
2014-12-10 17,23.82646,2.1720243,142.78455,86.28049
2014-12-10 18,25.071123,2.606429,23.054914,25.055754
2014-12-10 19,23.935595,0.927876,256.09756,115.85366
2014-12-10 20,29.51636,1.7376195,236.78862,110.060974
2014-12-10 21,25.782362,1.7376195,232.72357,109.45122
2014-12-10 22,23.470839,1.7376195,216.46341,26.14148
2014-12-10 23,19.939413,1.7376195,155.99594,26.189314
2014-12-11 00,19.32134,1.7376195,143.29268,87.5
2014-12-11 01,17.958748,1.7376195,111.78862,73.47561
2014-12-11 02,19.541914,0.88934475,103.65854,25.618425
2014-12-11 03,16.536274,0.92338717,106.70731,67.98781
2014-12-11 04,19.8528,1.7376195,23.017202,24.97641
2014-12-11 05,18.492176,1.7376195,105.69106,24.461937
2014-12-11 06,19.466156,1.7376195,23.039614,66.46342
2014-12-11 07,19.313883,1.7376195,120.93496,71.03658
2014-12-11 08,28.982931,0.9857623,39.735,57.621952
2014-12-11 09,27.560455,1.9548218,22.407843,24.768276
2014-12-11 10,19.447145,0.90704924,98.06911,60.67073
2014-12-11 11,27.382647,1.7376195,23.4496,61.585365
2014-12-11 12,26.13798,1.7376195,23.800346,56.09756
2014-12-11 13,19.936825,1.7376195,113.31301,25.454515
2014-12-11 14,24.359886,1.520417,23.658007,51.52439
2014-12-11 15,23.82646,1.520417,87.39838,23.799736
2014-12-11 16,24.359886,1.7376195,93.49593,58.841465
2014-12-11 17,19.858583,0.86911416,145.83333,25.523104
2014-12-11 18,24.359886,0.86716574,22.782835,24.853989
2014-12-11 19,27.204836,1.7376195,238.313,105.79269
2014-12-11 20,27.916075,1.9548218,239.8374,104.57317
2014-12-11 21,25.960173,1.7376195,240.85365,98.78049
2014-12-11 22,23.250784,1.7376195,30.582829,101.52439
2014-12-11 23,22.226173,1.7376195,23.150349,24.446476
2014-12-12 00,20.041512,1.7376195,133.63821,25.100344
2014-12-12 01,17.60313,0.87051415,113.82114,25.178478
2014-12-12 02,17.069702,1.7376195,112.296745,65.85366
2014-12-12 03,19.949831,0.885509,104.6748,25.213833
2014-12-12 04,20.035183,1.7376195,22.594912,25.349783
2014-12-12 05,19.60609,1.7376195,23.268944,66.46342
2014-12-12 06,19.94692,1.7376195,115.85366,25.521477
2014-12-12 07,19.972895,1.7376195,121.4431,24.943884
2014-12-12 08,27.560455,1.7376195,108.73984,24.125633
2014-12-12 09,19.374273,0.90823823,101.626015,64.939026
2014-12-12 10,19.47985,1.3032146,105.18294,62.5
2014-12-12 11,19.367912,0.8926469,98.06911,58.841465
2014-12-12 12,23.82646,0.99222934,40.25644,62.19512
2014-12-12 13,19.79696,0.8385164,23.145445,25.13627
2014-12-12 14,24.004267,1.7376195,134.65446,24.65672
2014-12-12 15,19.908468,0.8814619,119.9187,26.020641
2014-12-12 16,19.751991,0.8318462,23.054272,25.710339
2014-12-12 17,19.774153,1.520417,22.431835,25.34181
2014-12-12 18,24.004267,2.1720243,23.522635,93.29269
2014-12-12 19,24.182077,0.8520425,23.177755,25.390814
2014-12-12 20,20.408892,2.8236315,224.08537,27.083767
2014-12-12 21,22.94553,1.7376195,29.929863,100.0
2014-12-12 22,23.152176,1.7376195,30.876316,102.439026
2014-12-12 23,19.86591,1.7376195,161.58537,26.283041
2014-12-13 00,19.924116,0.8551219,22.613781,25.090961
2014-12-13 01,17.42532,1.7376195,131.09756,76.21951
2014-12-13 02,16.714083,1.7376195,23.72617,72.256096
2014-12-13 03,16.180655,1.7376195,112.296745,67.68293
2014-12-13 04,16.536274,1.7376195,108.231705,63.109756
2014-12-13 05,17.069702,2.1720243,106.70731,25.04295
2014-12-13 06,19.342623,0.90987074,100.60975,65.54878
2014-12-13 07,18.847795,0.9206427,102.13415,59.756096
2014-12-13 08,19.825377,2.1720243,113.31301,58.536587
2014-12-13 09,26.849218,0.9141055,133.13008,61.280487
2014-12-13 10,28.627312,1.9548218,168.69919,66.15854
2014-12-13 11,29.338549,0.89071727,162.09349,64.02439
2014-12-13 12,28.271692,1.0121757,40.867817,61.280487
2014-12-13 13,28.093885,1.7376195,23.641161,60.060974
2014-12-13 14,19.952007,0.83696073,22.824814,25.95005
2014-12-13 15,24.359886,1.7376195,23.833988,67.68293
2014-12-13 16,23.470839,0.88473374,144.30894,58.23171
2014-12-13 17,22.93741,0.8612631,177.3374,26.14688
2014-12-13 18,23.64865,1.7376195,26.040981,89.939026
2014-12-13 19,24.893316,1.7376195,244.9187,26.86753
2014-12-13 20,22.900385,1.7376195,28.823433,97.560974
2014-12-13 21,22.581793,1.7376195,219.51219,25.919985
2014-12-13 22,20.44808,0.85950553,22.76469,25.178556
2014-12-13 23,19.56977,1.7376195,174.79675,86.585365
2014-12-14 00,19.203413,1.7376195,23.916044,82.31707
2014-12-14 01,17.958748,0.0,146.84958,76.21951
2014-12-14 02,21.910685,0.0,62.31678,31.607391
2014-12-14 03,16.358463,0.90981865,115.34553,64.939026
2014-12-14 04,16.536274,1.520417,113.82114,65.243904
2014-12-14 05,19.540867,1.7376195,103.65854,66.46342
2014-12-14 06,16.891891,1.7376195,22.528616,25.107412
2014-12-14 07,17.78094,1.7376195,110.26423,60.365852
2014-12-14 08,19.90209,0.8374212,22.967754,25.56817
2014-12-14 09,27.560455,0.887532,138.71951,25.427925
2014-12-14 10,28.627312,1.7376195,23.15614,24.740538
2014-12-14 11,29.871977,0.8400156,214.4309,26.741232
2014-12-14 12,30.049788,0.9005515,189.02438,70.12195
2014-12-14 13,20.10185,0.83657855,170.7317,26.056477
2014-12-14 14,26.671408,0.8966172,166.15854,60.67073
2014-12-14 15,25.248934,0.8861167,144.81708,25.786816
2014-12-14 16,19.637506,1.7376195,127.03253,53.048782
2014-12-14 17,23.29303,0.89833975,162.09349,65.54878
2014-12-14 18,24.893316,1.7376195,27.451813,92.68293
2014-12-14 19,22.223236,0.89968336,228.65854,107.31707
2014-12-14 20,20.272411,0.93637633,217.98781,95.42683
2014-12-14 21,23.64865,0.83677834,205.79268,26.578445
2014-12-14 22,22.581793,1.7376195,203.25203,86.89024
2014-12-14 23,20.625889,1.7376195,24.225483,86.89024
2014-12-15 00,18.669987,1.7376195,162.09349,81.70731
2014-12-15 01,19.6767,1.7376195,124.49187,25.110191
2014-12-15 02,16.714083,1.7376195,112.296745,59.451218
2014-12-15 03,19.692215,1.520417,110.772354,57.317074
2014-12-15 04,19.641203,0.87286806,112.80488,25.831215
2014-12-15 05,17.24751,1.7376195,22.607973,24.858454
2014-12-15 06,19.636677,1.7376195,23.242517,58.536587
2014-12-15 07,27.738264,0.9255412,126.52439,68.902435
2014-12-15 08,27.027029,0.8934171,125.0,53.353657
2014-12-15 09,26.493599,1.7376195,23.069696,24.726707
2014-12-15 10,26.31579,1.7376195,121.4431,24.633057
2014-12-15 11,24.715506,1.3032146,23.084717,52.439026
2014-12-15 12,24.537695,0.8777577,115.85366,25.411266
2014-12-15 13,19.614958,1.520417,125.50813,49.69512
2014-12-15 14,24.715506,1.3032146,103.65854,56.40244
2014-12-15 15,19.314203,0.89816314,98.57723,65.85366
2014-12-15 16,22.759604,1.0042096,43.275784,67.37805
2014-12-15 17,19.867512,1.7376195,136.17886,25.756788
2014-12-15 18,22.273739,2.1720243,23.375362,99.39024
2014-12-15 19,26.671408,0.7422365,69.35267,105.48781
2014-12-15 20,28.627312,1.7376195,228.65854,26.132402
2014-12-15 21,25.248934,1.7376195,40.598595,119.20731
2014-12-15 22,19.830202,0.8350717,213.41463,27.194458
2014-12-15 23,20.803698,0.74484915,67.77378,102.13415
2014-12-16 00,19.341948,1.7376195,149.89838,76.52439
2014-12-16 01,17.069702,1.7376195,22.977085,64.32927
2014-12-16 02,19.725027,1.7376195,107.72358,25.481834
2014-12-16 03,19.644068,0.89512116,105.18294,61.890244
2014-12-16 04,16.536274,1.7376195,111.78862,25.027464
2014-12-16 05,19.856558,1.7376195,105.18294,24.897285
2014-12-16 06,19.74652,1.7376195,22.349342,25.473135
2014-12-16 07,19.330828,1.7376195,122.45935,67.07317
2014-12-16 08,19.82088,1.7376195,120.93496,25.363838
2014-12-16 09,24.537695,1.7376195,115.34553,25.058376
2014-12-16 10,19.758924,1.520417,124.49187,24.770254
2014-12-16 11,24.182077,0.98452526,39.627094,60.67073
2014-12-16 12,19.616316,0.88749987,138.71951,67.37805
2014-12-16 13,19.521736,1.7376195,23.403557,57.317074
2014-12-16 14,19.641537,0.8345832,22.534163,25.439413
2014-12-16 15,19.332174,0.89174324,105.69106,62.5
2014-12-16 16,21.337126,1.7376195,117.37805,61.890244
2014-12-16 17,20.01924,1.7376195,152.94716,25.985632
2014-12-16 18,20.17765,0.88193804,199.187,96.64634
2014-12-16 19,25.426743,1.7376195,32.44973,103.35366
2014-12-16 20,26.13798,0.82595396,221.54471,26.28831
2014-12-16 21,20.51289,1.7376195,198.67886,103.04878
2014-12-16 22,19.918009,0.8553188,22.713621,25.232939
2014-12-16 23,20.625889,1.7376195,167.17479,92.68293
2014-12-17 00,18.847795,1.7376195,142.27643,25.44868
2014-12-17 01,17.42532,0.8811076,119.41057,24.918627
2014-12-17 02,19.233194,0.9148567,98.06911,60.060974
2014-12-17 03,19.438179,1.7376195,23.127785,54.26829
2014-12-17 04,16.714083,0.913565,97.560974,58.23171
2014-12-17 05,17.42532,1.7376195,23.43739,63.414635
2014-12-17 06,19.566233,1.7376195,115.34553,60.365852
2014-12-17 07,26.671408,0.9946005,41.862816,62.5
2014-12-17 08,19.972376,0.8366688,22.34471,25.050692
2014-12-17 09,19.584854,1.7376195,23.332842,49.390244
2014-12-17 10,27.027029,1.520417,107.72358,57.012196
2014-12-17 11,19.82834,0.88369584,120.42683,26.044506
2014-12-17 12,19.909473,0.8848391,116.361786,25.321869
2014-12-17 13,24.537695,1.7376195,107.21545,53.353657
2014-12-17 14,19.819572,1.520417,23.066689,25.246954
2014-12-17 15,23.64865,0.8679636,22.65206,25.37418
2014-12-17 16,22.759604,0.878917,102.64227,25.000105
2014-12-17 17,22.93741,2.1720243,134.14635,25.386076
2014-12-17 18,24.004267,2.606429,193.59756,26.26928
2014-12-17 19,20.276043,1.7376195,227.64227,26.47553
2014-12-17 20,19.77409,0.8303942,23.09114,25.118921
2014-12-17 21,24.537695,1.7376195,23.017021,24.788198
2014-12-17 22,19.903194,1.7376195,206.30081,98.78049
2014-12-17 23,20.44808,1.7376195,166.15854,92.07317
2014-12-18 00,19.203413,1.7376195,146.34148,25.508743
2014-12-18 01,17.42532,1.7376195,116.86991,24.284712
2014-12-18 02,19.416359,1.7376195,106.70731,62.80488
2014-12-18 03,20.306581,0.9799974,38.25662,60.67073
2014-12-18 04,19.957026,0.8635801,105.18294,25.01879
2014-12-18 05,17.78094,1.7376195,103.65854,65.85366
2014-12-18 06,19.736841,0.9229704,105.18294,67.07317
2014-12-18 07,25.248934,1.7376195,115.85366,24.70226
2014-12-18 08,29.160742,1.7376195,23.084042,59.451218
2014-12-18 09,26.849218,1.9548218,112.80488,51.219513
2014-12-18 10,19.787548,0.8526299,22.482418,25.321003
2014-12-18 11,25.960173,1.7376195,117.37805,24.887514
2014-12-18 12,19.652903,0.9016396,127.03253,60.060974
2014-12-18 13,25.248934,1.7376195,114.32927,58.23171
2014-12-18 14,24.004267,0.85131294,23.20843,25.180986
2014-12-18 15,22.93741,1.0109104,41.78657,65.85366
2014-12-18 16,19.193539,1.7376195,120.93496,75.60976
2014-12-18 17,22.759604,1.7376195,155.48781,84.14634
2014-12-18 18,19.850353,1.520417,212.90651,96.95122
2014-12-18 19,25.960173,1.7376195,247.96748,103.65854
2014-12-18 20,25.426743,0.7751312,66.32499,99.085365
2014-12-18 21,23.82646,0.8958878,236.28049,89.32927
2014-12-18 22,22.048365,1.7376195,220.52846,103.96342
2014-12-18 23,20.803698,0.8854292,175.30487,93.29269
2014-12-19 00,19.203413,1.7376195,23.830763,85.97561
2014-12-19 01,17.42532,1.7376195,23.873526,71.34146
2014-12-19 02,19.444473,0.91521245,108.231705,60.060974
2014-12-19 03,19.449509,1.7376195,23.561302,64.02439
2014-12-19 04,16.536274,1.7376195,98.06911,63.719513
2014-12-19 05,17.42532,1.7376195,101.11789,67.07317
2014-12-19 06,19.930208,0.8671851,110.26423,25.011707
2014-12-19 07,24.182077,1.7376195,22.817743,24.971989
2014-12-19 08,29.694168,1.7376195,23.170519,68.902435
2014-12-19 09,19.920788,0.8458968,22.426691,25.30032
2014-12-19 10,19.736757,0.8871383,98.06911,25.157593
2014-12-19 11,27.916075,0.86183053,23.900307,25.267258
2014-12-19 12,25.960173,1.3032146,25.013678,58.23171
2014-12-19 13,20.066483,1.7376195,115.34553,25.012566
2014-12-19 14,24.893316,0.9629717,35.28014,53.048782
2014-12-19 15,23.115221,1.7376195,126.52439,24.653074
2014-12-19 16,19.735025,1.7376195,132.62195,64.939026
2014-12-19 17,19.417534,0.89236516,151.42276,89.939026
2014-12-19 18,24.359886,2.1720243,216.46341,26.337826
2014-12-19 19,24.893316,1.7376195,226.62602,107.01219
2014-12-19 20,25.604551,0.7777919,66.0882,97.560974
2014-12-19 21,20.28849,0.8251802,212.90651,26.687695
2014-12-19 22,20.068573,0.8060531,233.73982,27.09145
2014-12-19 23,20.09246,1.7376195,176.32114,25.227364
2014-12-20 00,19.12306,0.90236,156.50406,85.97561
2014-12-20 01,17.78094,1.7376195,22.58374,24.53912
2014-12-20 02,20.477978,1.0050615,41.59372,66.46342
2014-12-20 03,16.358463,0.92058414,111.28048,62.80488
2014-12-20 04,16.536274,1.7376195,23.498686,72.256096
2014-12-20 05,19.273203,2.1720243,103.150406,70.42683
2014-12-20 06,17.42532,1.7376195,102.13415,65.243904
2014-12-20 07,19.025604,1.7376195,106.70731,24.507534
2014-12-20 08,24.004267,2.1720243,109.756096,65.243904
2014-12-20 09,19.82426,0.86481655,139.22765,26.09973
2014-12-20 10,20.245579,0.9503411,35.396076,54.878048
2014-12-20 11,19.7278,1.7376195,22.785965,45.121952
2014-12-20 12,19.775251,0.8487672,161.07724,25.674873
2014-12-20 13,27.738264,0.87798,158.53659,25.821552
2014-12-20 14,19.87919,0.8676126,146.34148,42.682926
2014-12-20 15,20.174877,0.90813035,31.02641,45.42683
2014-12-20 16,20.216673,0.92920625,29.800743,44.817074
2014-12-20 17,19.778185,0.84737384,179.3699,26.184904
2014-12-20 18,25.426743,0.84369975,228.1504,27.078068
2014-12-20 19,20.017479,0.8074491,232.72357,26.919676
2014-12-20 20,24.893316,1.7376195,27.321085,92.37805
2014-12-20 21,22.403982,0.835384,212.39838,26.160473
2014-12-20 22,21.337126,1.7376195,185.97562,25.721085
2014-12-20 23,20.803698,1.7376195,22.42457,25.036001
2014-12-21 00,19.381224,0.84990835,22.525583,25.522493
2014-12-21 01,21.489508,0.0,145.32521,84.14634
2014-12-21 02,17.24751,0.0,131.09756,23.856617
2014-12-21 03,16.536274,1.0131242,44.064613,72.86585
2014-12-21 04,16.891891,0.907502,126.52439,70.12195
2014-12-21 05,17.24751,1.0081491,40.583805,67.98781
2014-12-21 06,17.069702,0.9788691,39.16951,64.32927
2014-12-21 07,18.136559,1.7376195,22.667557,24.938711
2014-12-21 08,22.048365,0.9185496,103.65854,56.40244
2014-12-21 09,27.204836,1.7376195,134.14635,49.085365
2014-12-21 10,20.228886,1.7376195,166.15854,26.119171
2014-12-21 11,27.916075,0.85195553,23.993895,24.880007
2014-12-21 12,29.338549,0.8785248,175.813,68.597565
2014-12-21 13,28.627312,0.886378,130.0813,25.3918
2014-12-21 14,19.847929,0.849412,22.27776,25.415936
2014-12-21 15,19.707687,1.520417,23.152977,24.78671
2014-12-21 16,23.82646,0.95110863,35.816666,53.658535
2014-12-21 17,23.29303,0.8916546,130.0813,24.955215
2014-12-21 18,19.6235,1.7376195,177.84555,83.84146
2014-12-21 19,25.604551,0.82820314,61.612156,90.85366
2014-12-21 20,24.359886,1.7376195,206.80894,26.281975
2014-12-21 21,23.32424,0.8376509,58.862896,90.85366
2014-12-21 22,20.096634,1.7376195,197.15446,26.55443
2014-12-21 23,20.27027,0.88876206,161.07724,84.756096
2014-12-22 00,19.203413,0.8573796,22.44034,25.258383
2014-12-22 01,17.42532,1.7376195,122.967476,71.34146
2014-12-22 02,16.714083,0.87219423,117.88618,24.689503
2014-12-22 03,16.180655,1.520417,22.65462,25.089138
2014-12-22 04,19.281708,1.7376195,100.60975,71.34146
2014-12-22 05,17.069702,1.7376195,114.837395,24.534998
2014-12-22 06,20.284214,0.9744825,38.019257,60.060974
2014-12-22 07,22.759604,1.7376195,131.09756,24.85856
2014-12-22 08,29.160742,1.7376195,113.31301,24.61081
2014-12-22 09,27.382647,1.7376195,127.54066,25.20822
2014-12-22 10,19.368664,0.9285219,107.72358,83.53658
2014-12-22 11,28.627312,1.3032146,122.967476,24.63306
2014-12-22 12,19.561123,1.3032146,138.21138,75.60976
2014-12-22 13,19.656467,0.8350693,22.503115,25.284184
2014-12-22 14,19.64185,0.8683837,120.42683,26.039925
2014-12-22 15,19.553524,0.83243275,22.60689,25.492727
2014-12-22 16,19.420923,1.7376195,129.06505,72.560974
2014-12-22 17,21.765388,1.7376195,25.937037,90.243904
2014-12-22 18,20.106583,2.1720243,203.76016,27.171448
2014-12-22 19,25.960173,1.7376195,259.65448,100.0
2014-12-22 20,26.493599,0.81358,63.01397,94.51219
2014-12-22 21,24.004267,0.86006624,22.727846,25.136354
2014-12-22 22,22.048365,1.7376195,30.746365,102.13415
2014-12-22 23,19.735897,1.7376195,23.08411,25.513905
2014-12-23 00,19.30714,1.7376195,153.96341,81.402435
2014-12-23 01,19.97156,1.7376195,129.57317,25.693396
2014-12-23 02,19.236477,1.7376195,23.374445,70.731705
2014-12-23 03,16.180655,1.7376195,107.72358,71.64634
2014-12-23 04,16.536274,1.7376195,23.14094,25.26563
2014-12-23 05,17.069702,1.7376195,111.78862,25.117195
2014-12-23 06,18.314367,0.8503846,22.344248,25.29981
2014-12-23 07,22.93741,1.7376195,120.93496,71.64634
2014-12-23 08,27.560455,1.7376195,103.150406,24.853476
2014-12-23 09,20.185135,0.9947163,40.21281,64.32927
2014-12-23 10,19.598953,1.520417,23.16012,55.792683
2014-12-23 11,27.382647,0.9185874,127.54066,65.54878
2014-12-23 12,19.819149,1.3032146,127.54066,25.587795
2014-12-23 13,25.426743,0.9013503,133.63821,58.536587
2014-12-23 14,25.426743,1.7376195,125.0,59.451218
2014-12-23 15,23.64865,1.0182296,42.754604,67.07317
2014-12-23 16,22.93741,0.87407005,134.65446,25.345087
2014-12-23 17,20.005682,1.7376195,22.909416,25.501429
2014-12-23 18,22.1314,0.896453,228.65854,107.92683
2014-12-23 19,19.986586,1.7376195,23.07226,25.225124
2014-12-23 20,19.9847,1.7376195,22.89437,25.635035
2014-12-23 21,24.182077,1.7376195,236.28049,101.82927
2014-12-23 22,22.226173,1.7376195,233.23172,98.47561
2014-12-23 23,21.692745,1.7376195,192.5813,103.65854
2014-12-24 00,19.664352,0.87715214,151.42276,90.243904
2014-12-24 01,20.0962,1.7376195,142.78455,25.611553
2014-12-24 02,19.287088,1.520417,23.495272,68.902435
2014-12-24 03,19.896702,0.8796916,109.24797,25.867882
2014-12-24 04,16.714083,1.7376195,23.567081,63.414635
2014-12-24 05,17.069702,1.7376195,23.126394,60.97561
2014-12-24 06,19.547634,1.7376195,112.80488,60.365852
2014-12-24 07,20.09246,1.7376195,103.150406,55.487804
2014-12-24 08,24.893316,1.7376195,112.80488,47.560974
2014-12-24 09,28.093885,1.7376195,126.52439,57.317074
2014-12-24 10,30.227598,1.520417,133.13008,25.046602
2014-12-24 11,28.271692,0.8867054,167.68292,70.731705
2014-12-24 12,19.630032,1.520417,22.620388,25.216383
2014-12-24 13,19.83341,0.86343217,140.75203,25.817057
2014-12-24 14,26.849218,1.520417,139.22765,24.644257
2014-12-24 15,19.844957,1.520417,22.412352,25.386818
2014-12-24 16,27.738264,1.7376195,132.11382,55.792683
2014-12-24 17,28.80512,1.026183,44.231777,65.85366
2014-12-24 18,19.613884,0.860396,206.30081,85.97561
2014-12-24 19,26.493599,0.85073906,201.72765,26.041035
2014-12-24 20,24.004267,1.7376195,180.38618,96.95122
2014-12-24 21,22.048365,1.7376195,27.007534,93.29269
2014-12-24 22,22.048365,0.85052764,169.20732,25.504719
2014-12-24 23,21.984539,1.7376195,26.957153,93.29269
2014-12-25 00,20.106628,0.43440488,151.9309,87.5
2014-12-25 01,20.27027,0.0,161.58537,24.587872
2014-12-25 02,19.025604,0.0,140.75203,90.54878
2014-12-25 03,17.24751,0.0,130.0813,75.0
2014-12-25 04,17.069702,0.0,82.90728,67.07317
2014-12-25 05,22.507751,0.0,88.84522,65.243904
2014-12-25 06,17.24751,0.0,59.244404,30.776848
2014-12-25 07,17.78094,0.0,84.81931,64.939026
2014-12-25 08,20.220793,0.0,68.08943,54.57317
2014-12-25 09,24.182077,0.0,89.939026,54.57317
2014-12-25 10,29.694168,0.0,122.45935,55.182926
2014-12-25 11,32.1835,0.0,138.21138,65.54878
2014-12-25 12,21.492268,0.0,181.91057,64.939026
2014-12-25 13,19.783754,0.0,138.71951,24.441471
2014-12-25 14,25.071123,0.0,107.72358,23.32859
2014-12-25 15,22.93741,0.0,62.35972,31.153683
2014-12-25 16,22.93741,0.0,114.32927,23.67058
2014-12-25 17,22.581793,0.0,61.67843,30.534142
2014-12-25 18,22.581793,0.0,166.15854,76.21951
2014-12-25 19,22.759604,0.0,166.66667,78.04878
2014-12-25 20,23.29303,0.0,95.625946,82.31707
2014-12-25 21,19.703094,0.0,176.82927,25.20729
2014-12-25 22,21.88402,0.0,175.30487,84.14634
2014-12-25 23,20.981508,0.0,60.606537,30.071619
2014-12-26 00,19.5049,1.3032146,145.83333,79.87805
2014-12-26 01,19.80794,0.8524516,22.743492,25.993582
2014-12-26 02,19.858267,0.88159555,109.756096,25.422773
2014-12-26 03,19.83375,0.8335081,22.867926,25.888815
2014-12-26 04,19.268711,0.9016734,101.11789,66.15854
2014-12-26 05,19.995945,1.7376195,104.166664,25.426872
2014-12-26 06,17.42532,1.7376195,107.21545,59.756096
2014-12-26 07,19.381224,0.8899107,105.69106,25.150799
2014-12-26 08,20.075165,0.9206858,32.19894,48.17073
2014-12-26 09,27.204836,0.86880976,119.9187,24.021912
2014-12-26 10,29.694168,1.3032146,125.0,68.29269
2014-12-26 11,19.86859,1.3032146,161.07724,25.732727
2014-12-26 12,29.338549,1.3032146,27.574808,62.19512
2014-12-26 13,27.916075,0.87260926,23.68747,25.499582
2014-12-26 14,26.849218,0.89899087,115.34553,25.188232
2014-12-26 15,26.31579,1.7376195,112.80488,58.536587
2014-12-26 16,23.470839,0.8859606,117.37805,24.856918
2014-12-26 17,19.37963,0.8977256,155.48781,72.256096
2014-12-26 18,20.01678,2.1720243,195.12195,99.69512
2014-12-26 19,24.359886,1.7376195,223.0691,25.918463
2014-12-26 20,21.19576,2.8236315,233.73982,109.45122
2014-12-26 21,22.832834,1.7376195,29.992039,100.30488
2014-12-26 22,19.775246,1.7376195,22.853487,25.379852
2014-12-26 23,20.44808,1.7376195,182.4187,97.560974
2014-12-27 00,19.879807,0.8650287,159.04471,26.572037
2014-12-27 01,17.78094,1.7376195,23.924715,80.79269
2014-12-27 02,19.441814,0.91096264,116.86991,77.13415
2014-12-27 03,19.278194,1.7376195,111.78862,75.0
2014-12-27 04,16.714083,1.7376195,104.166664,24.839586
2014-12-27 05,19.386145,0.912873,104.166664,66.768295
2014-12-27 06,17.42532,1.7376195,23.431814,67.07317
2014-12-27 07,19.972078,1.7376195,97.05285,24.768578
2014-12-27 08,19.60394,0.92091227,97.05285,60.365852
2014-12-27 09,19.829058,3.040834,140.75203,26.156454
2014-12-27 10,28.627312,1.0176594,41.67684,62.5
2014-12-27 11,20.407652,0.9829821,39.47349,62.5
2014-12-27 12,28.449503,1.7376195,23.699028,58.841465
2014-12-27 13,19.776476,1.7376195,173.78049,60.97561
2014-12-27 14,25.960173,0.8682078,157.0122,25.95452
2014-12-27 15,25.071123,0.847776,23.286308,24.898438
2014-12-27 16,20.16437,1.7376195,141.7683,25.69148
2014-12-27 17,23.115221,1.9548218,24.009909,75.60976
2014-12-27 18,23.82646,1.7376195,218.49594,100.60976
2014-12-27 19,24.182077,0.9333101,255.08131,106.70731
2014-12-27 20,19.668377,1.7376195,22.316935,25.562368
2014-12-27 21,22.581793,1.7376195,209.85773,102.743904
2014-12-27 22,20.166355,1.7376195,180.38618,26.526533
2014-12-27 23,20.625889,1.7376195,198.17073,25.836554
2014-12-28 00,19.381224,0.89893425,169.71545,90.243904
2014-12-28 01,17.958748,0.0,136.17886,24.453926
2014-12-28 02,19.846125,0.0,120.93496,24.333838
2014-12-28 03,16.358463,1.520417,113.31301,67.37805
2014-12-28 04,16.714083,1.520417,106.19919,64.32927
2014-12-28 05,20.4201,0.9778092,39.56325,62.19512
2014-12-28 06,17.069702,1.7376195,110.772354,61.585365
2014-12-28 07,17.78094,0.89885944,104.6748,24.540297
2014-12-28 08,20.27027,0.9222267,86.38211,52.439026
2014-12-28 09,24.715506,0.9664248,34.951466,52.743904
2014-12-28 10,28.271692,1.7376195,23.587599,61.890244
2014-12-28 11,29.338549,1.7376195,193.08943,69.20731
2014-12-28 12,29.338549,1.7376195,22.556303,24.194485
2014-12-28 13,19.756384,1.7376195,174.79675,63.109756
2014-12-28 14,20.217932,0.9641802,35.986546,56.707317
2014-12-28 15,20.09565,1.520417,133.13008,25.096706
2014-12-28 16,22.93741,1.7376195,130.58943,25.076752
2014-12-28 17,22.759604,0.89029264,149.39024,63.719513
2014-12-28 18,19.643845,1.7376195,23.035053,25.318253
2014-12-28 19,20.11874,1.9548218,194.61382,26.90525
2014-12-28 20,20.104345,0.8445899,203.76016,26.937784
2014-12-28 21,19.810734,0.8450408,22.638735,25.934893
2014-12-28 22,21.692745,0.84152585,176.82927,26.199297
2014-12-28 23,20.070877,1.7376195,155.99594,25.853863
2014-12-29 00,19.381224,0.8670894,23.188055,25.532845
2014-12-29 01,17.78094,1.7376195,124.49187,73.78049
2014-12-29 02,19.410555,1.7376195,118.902435,73.17073
2014-12-29 03,16.358463,0.85693634,23.03041,24.722803
2014-12-29 04,16.536274,0.90936,108.231705,63.719513
2014-12-29 05,19.85795,1.7376195,109.756096,24.879526
2014-12-29 06,20.689201,1.0046347,41.25892,65.85366
2014-12-29 07,22.226173,1.7376195,114.32927,24.887367
2014-12-29 08,19.756493,1.7376195,23.53194,53.963413
2014-12-29 09,19.897871,0.84620816,22.679419,25.467482
2014-12-29 10,28.449503,1.7376195,129.57317,53.353657
2014-12-29 11,19.966854,1.3032146,23.242348,25.06172
2014-12-29 12,26.671408,1.3032146,135.1626,57.012196
2014-12-29 13,27.738264,0.9644269,36.713978,53.048782
2014-12-29 14,19.764215,0.8637785,114.837395,25.703104
2014-12-29 15,24.359886,1.520417,22.612732,24.327679
2014-12-29 16,19.513836,1.7376195,23.082628,66.768295
2014-12-29 17,19.598345,0.89390767,158.53659,71.95122
2014-12-29 18,23.82646,0.8368073,220.02032,26.05343
2014-12-29 19,25.248934,1.7376195,33.722324,106.402435
2014-12-29 20,27.204836,0.840085,226.11789,104.268295
2014-12-29 21,19.981552,0.8276352,224.08537,26.80296
2014-12-29 22,21.197369,1.7376195,223.0691,110.67073
2014-12-29 23,23.8614,1.7376195,32.956917,107.01219
2014-12-30 00,19.559032,0.92066604,52.24628,84.14634
2014-12-30 01,17.60313,0.9412292,50.118763,80.79269
2014-12-30 02,21.273905,0.9698392,48.923817,76.21951
2014-12-30 03,16.358463,0.91858304,121.951225,78.04878
2014-12-30 04,19.649668,1.7376195,107.21545,71.64634
2014-12-30 05,19.300415,0.88955575,117.37805,67.07317
2014-12-30 06,18.136559,1.7376195,23.076334,24.359568
2014-12-30 07,22.048365,0.99328834,41.698845,65.243904
2014-12-30 08,25.960173,1.7376195,22.58719,24.271996
2014-12-30 09,20.178045,0.9702307,36.654274,57.92683
2014-12-30 10,19.633984,0.85833573,120.42683,25.690464
2014-12-30 11,19.612053,1.520417,23.23809,64.32927
2014-12-30 12,19.968853,0.862773,134.14635,25.963078
2014-12-30 13,27.560455,1.7376195,127.54066,52.439026
2014-12-30 14,27.027029,1.7376195,22.659307,25.05921
2014-12-30 15,23.29303,1.7376195,105.18294,64.63415
2014-12-30 16,22.93741,0.85151875,22.7813,25.018185
2014-12-30 17,19.433794,1.7376195,125.50813,85.36585
2014-12-30 18,24.893316,0.8646928,22.811396,25.088346
2014-12-30 19,24.359886,1.7376195,256.60568,26.279207
2014-12-30 20,26.13798,0.83605456,235.26422,27.009325
2014-12-30 21,24.893316,1.7376195,242.37805,85.060974
2014-12-30 22,19.58364,1.7376195,215.95529,91.768295
2014-12-30 23,21.692745,0.8433423,184.95935,26.031351
2014-12-31 00,19.95793,0.8567506,174.79675,25.916986
2014-12-31 01,18.314367,1.7376195,146.84958,72.86585
2014-12-31 02,19.623554,1.520417,117.37805,71.03658
2014-12-31 03,16.536274,0.85136586,23.012678,25.281313
2014-12-31 04,16.714083,1.7376195,98.06911,67.98781
2014-12-31 05,17.78094,1.7376195,23.6141,71.03658
2014-12-31 06,18.314367,1.7376195,105.18294,24.17267
2014-12-31 07,19.675428,1.7376195,116.361786,67.98781
2014-12-31 08,24.359886,0.9924885,41.45387,63.414635
2014-12-31 09,20.452482,0.9604502,38.59329,59.756096
2014-12-31 10,19.839533,0.8627179,135.67073,25.643442
2014-12-31 11,27.738264,1.520417,145.83333,25.083675
2014-12-31 12,28.093885,1.520417,172.76422,72.256096
2014-12-31 13,19.629677,1.7376195,23.074768,59.451218
2014-12-31 14,26.493599,1.520417,136.687,64.02439
2014-12-31 15,28.627312,1.520417,23.171331,60.97561
2014-12-31 16,28.80512,1.7376195,154.47154,66.46342
2014-12-31 17,28.271692,2.1720243,166.66667,25.971537
2014-12-31 18,28.627312,2.606429,206.80894,26.240257
2014-12-31 19,19.695116,0.8394108,22.613214,25.225296
2014-12-31 20,19.225975,1.7376195,186.48373,92.07317
2014-12-31 21,22.759604,0.8578906,162.09349,25.650358
2014-12-31 22,22.048365,1.7376195,161.07724,86.89024
2014-12-31 23,21.337126,0.89884627,161.58537,83.84146
