user_3,user_4,user_5,user_6
22.93741,2.8236315,105.46898,62.19512
23.64865,1.4882084,130.58943,57.621952
24.004267,2.606429,128.55692,44.370712
22.93741,1.4670364,107.21545,48.47561
22.581793,2.606429,104.57581,50.30488
22.581793,2.606429,105.20954,43.3786
22.403982,2.606429,82.31707,49.085365
22.581793,2.606429,75.203255,42.784374
23.115221,2.606429,73.17073,30.182926
25.071123,3.040834,89.939026,27.439024
29.694168,1.4775747,94.00407,33.23171
32.656006,1.4994409,112.296745,47.256096
38.584637,3.475239,129.57317,46.646343
35.917496,3.6924415,120.42683,41.76829
30.761023,4.3440485,96.544716,35.365852
28.093884,4.3440485,91.46342,37.5
26.671408,4.3440485,89.43089,38.719513
25.782362,3.6924415,98.57723,52.743904
32.402504,3.6924415,131.09756,55.182926
26.493599,4.1268463,156.50406,64.63415
27.382647,4.3440485,108.934235,78.35366
26.671408,4.3440485,174.28862,85.97561
25.071123,4.561251,175.30487,77.439026
24.182077,3.6924415,153.45529,71.95122
23.115221,3.475239,116.86992,43.855755
32.29036,3.475239,107.72358,43.411713
22.581793,3.475239,102.13415,48.780487
22.226173,1.5291121,87.9065,52.43903
22.403982,3.475239,80.28455,43.768894
22.226173,3.475239,72.15447,46.951214
22.93741,3.475239,80.79269,51.219513
25.248934,3.475239,96.544716,49.390244
29.16074,3.2580364,99.085365,43.067535
30.405403,3.475239,101.11789,47.560974
32.181355,3.909644,98.06911,60.97561
32.005688,3.475239,106.554924,56.707317
32.716927,3.475239,101.11789,58.536587
31.472263,4.1268463,106.146866,44.12143
31.472263,4.3440485,89.43089,56.09756
28.271692,4.3440485,102.13415,60.97561
27.204836,1.5154604,109.756096,59.756096
26.849218,4.1268463,105.80915,43.91003
28.627312,1.5157343,185.46748,81.70731
30.405403,1.4534407,233.73984,82.62194
32.894737,1.5245816,106.77701,81.402435
32.413292,1.4568521,244.9187,75.914635
26.13798,4.3440485,198.67886,72.560974
24.715506,3.475239,107.79687,71.34146
23.470839,1.5316397,122.45935,68.29269
22.759602,1.5107284,101.626015,58.841465
22.226173,1.4883388,108.73984,51.219513
21.692745,3.475239,85.36585,53.658535
22.226173,3.475239,81.808945,49.390244
22.581793,1.5317945,82.8252,50.0
23.826458,3.475239,104.28822,53.658535
31.827883,3.475239,99.5935,42.819183
32.894737,1.5017964,97.560974,49.695118
28.80512,4.3440485,111.78862,50.0
32.791885,4.3440485,105.60842,43.94259
28.449503,4.3440485,84.349594,54.878048
32.330612,4.3440485,89.939026,58.23171
28.80512,1.5175991,90.955284,54.878048
28.271692,4.3440485,81.30081,43.873745
26.493599,4.3440485,90.44715,53.048782
32.251328,4.3440485,101.626015,51.82927
25.604551,1.5194242,120.93496,60.97561
32.222263,4.3440485,158.02846,80.48781
30.049788,4.3440485,207.31708,86.28049
32.53912,4.561251,223.0691,83.231705
28.982931,4.3440485,106.94805,44.395218
25.96017,3.909644,197.15446,84.45122
24.004267,3.475239,133.13008,79.87805
22.93741,3.475239,106.86627,75.60976
32.223057,3.475239,105.144005,43.499233
32.389286,1.5322222,85.873985,54.878048
22.226173,3.475239,73.67886,46.951214
32.67919,3.475239,65.04065,44.817074
22.403982,3.475239,72.15447,44.817074
23.29303,3.475239,68.08943,44.207317
32.005688,3.475239,104.166664,43.091164
32.27659,3.909644,99.085365,47.865852
32.831253,4.3440485,104.970245,52.134148
30.761023,4.1268463,86.89024,60.060974
30.227596,1.541737,75.203255,56.707317
28.80512,3.475239,76.21951,43.21034
29.338549,1.4884863,104.604126,53.353657
27.738264,4.3440485,104.40898,46.646343
26.493599,4.3440485,85.873985,42.987804
26.31579,4.3440485,92.98781,41.15854
26.671408,4.3440485,130.0813,61.890244
32.402737,4.561251,192.07317,80.79269
28.80512,4.561251,201.72765,90.85366
30.227596,1.5109565,201.21951,84.45122
28.449503,5.212858,190.04065,71.03659
32.591164,4.3440485,198.67886,71.34146
24.359886,1.4826063,162.60162,65.85366
22.93741,1.4557065,136.17886,43.802643
23.115221,1.4774729,109.756096,56.09756
22.226173,3.475239,90.44715,50.30488
32.287132,3.475239,84.349594,56.09756
22.403982,1.5225308,76.727646,47.865852
32.22423,1.506707,76.727646,42.68989
22.759602,1.5217193,79.268295,56.707317
23.29303,1.5188538,83.333336,52.743904
25.782362,3.909644,96.544716,43.08579
29.338549,4.995656,110.26423,53.353657
34.672832,1.515554,123.98374,43.861305
34.85064,1.50762,105.660515,56.09756
38.406826,1.4975256,117.37805,61.585365
35.73969,4.3440485,122.45935,50.609756
32.24684,4.3440485,115.85366,66.15854
31.29445,4.1268463,108.04972,69.20731
29.51636,4.3440485,122.967476,43.78189
28.093884,4.3440485,129.06505,79.87805
32.27665,4.561251,182.92683,96.95122
28.627312,4.7784534,109.82498,86.89024
29.694168,4.561251,178.86179,45.39543
27.382647,4.3440485,169.20732,80.18293
25.604551,4.3440485,153.96341,73.17073
24.359886,3.475239,146.8496,75.60976
23.470839,3.475239,133.13008,65.243904
23.29303,3.475239,119.9187,56.707317
22.759602,3.475239,99.5935,51.219513
22.403982,3.475239,93.49593,51.52439
22.226173,3.475239,85.873985,54.878048
22.581793,1.4618297,104.6163,52.43903
22.581793,3.475239,79.268295,43.853657
22.93741,3.475239,101.11789,43.327488
24.359886,3.909644,100.10162,45.121952
28.627312,3.909644,106.70731,43.235615
32.498848,4.3440485,124.49187,51.219513
37.339973,4.3440485,107.33371,43.506886
38.762447,4.3440485,147.35773,67.37805
38.05121,4.3440485,103.65854,57.621952
33.25035,4.3440485,101.626015,43.908443
32.40855,4.3440485,105.30537,43.998722
27.382647,4.3440485,108.73984,59.756096
27.382647,4.3440485,125.50814,69.81707
28.093884,1.4851545,152.94716,78.35366
29.871977,4.561251,176.82927,74.39024
30.405403,4.7784534,108.956955,85.060974
28.093884,4.561251,172.2561,79.57317
25.96017,3.6924415,164.63414,45.104744
24.359886,3.475239,106.732605,68.902435
32.74041,3.475239,105.32447,59.756096
23.29303,3.475239,92.98781,52.743904
32.403805,3.475239,82.8252,48.17073
22.048365,3.475239,105.05394,55.487804
22.403982,3.475239,76.727646,48.780487
22.403982,3.475239,104.8452,47.256096
24.004267,3.475239,105.01744,51.52439
32.4332,3.475239,105.99734,55.182926
34.495018,3.475239,91.97154,50.30488
32.289608,1.5185158,76.727646,50.914635
30.049788,2.8236315,84.349594,57.621952
29.694168,3.475239,105.75861,63.414635
32.340824,3.6924415,100.60976,60.365852
29.16074,1.4888736,103.01456,43.417274
28.627312,3.475239,83.333336,53.963413
27.560455,3.6924415,85.36585,43.43349
26.849218,1.5425508,96.03658,61.585365
26.849218,1.5100883,117.88618,63.109756
27.916075,3.6924415,154.47154,44.081524
31.65007,4.1268463,112.236176,102.743904
32.721375,6.2988706,214.4309,102.439026
30.227596,1.4870347,191.05692,93.90243
26.849218,3.6924415,105.72584,43.95322
24.715506,3.475239,149.39024,82.62194
32.54884,3.475239,108.231705,63.719513
32.438137,3.475239,84.349594,53.353657
22.226173,3.475239,81.808945,52.743904
21.692745,3.475239,81.808945,43.553493
22.403982,3.475239,69.61382,42.861145
22.403982,3.475239,105.50296,50.30488
23.64865,3.475239,76.21951,55.487804
32.36131,3.475239,98.57723,42.87079
33.428165,3.475239,93.49593,48.47561
30.405403,3.475239,105.2405,47.560974
32.275578,1.5358723,80.28455,53.048782
30.405403,3.475239,77.743904,43.27058
29.871977,3.909644,90.44715,43.16855
29.694168,4.1268463,83.333336,55.487804
28.627312,4.3440485,69.61382,53.353657
26.13798,3.909644,80.28455,55.487804
25.96017,4.3440485,97.560974,62.5
25.604551,4.3440485,106.88824,62.5
27.560455,4.1268463,177.3374,90.85366
30.583216,1.4688264,216.97154,87.80488
33.428165,4.561251,215.44716,86.89024
30.049788,1.4911546,205.28455,90.54878
26.493599,3.475239,178.86179,80.48781
32.631218,3.475239,135.1626,75.0
23.470839,3.475239,102.13415,63.719513
22.759602,1.5006249,89.939026,43.44142
22.226173,3.475239,82.31707,43.016224
21.870554,1.5097923,80.28455,54.57317
32.33294,3.475239,104.350716,50.609756
22.403982,3.475239,73.67886,51.82927
23.826458,3.475239,75.71138,57.92683
33.605976,3.475239,102.64227,60.67073
33.25035,3.6924415,106.10314,55.182926
29.338549,4.3440485,91.46342,44.207317
28.627312,1.5191587,82.31707,48.17073
32.59535,4.3440485,78.25203,43.8349
32.359886,4.3440485,93.49593,47.865852
28.271692,4.3440485,87.39838,43.292683
32.648514,4.1268463,85.36585,45.121952
32.340797,4.3440485,105.18293,51.219513
25.426743,4.3440485,102.13415,56.707317
26.493599,1.5437282,119.41057,71.95122
28.271692,4.3440485,185.97562,85.36585
30.583216,1.5006837,215.44716,85.67073
32.894737,1.5086304,220.02032,87.5
32.329388,1.4820687,201.72765,80.18293
27.204836,1.512837,177.84554,79.268295
18.847794,3.475239,136.17886,73.78049
5.156472,1.4817017,102.327415,63.719513
4.978663,3.475239,97.560974,55.182926
32.366234,3.475239,87.9065,42.996956
3.3783784,3.475239,85.873985,50.914635
3.5561879,3.475239,102.10112,52.743904
3.733997,3.475239,75.71138,52.743904
5.156472,3.475239,81.30081,43.479904
13.869132,2.8236315,110.772354,43.542416
14.224751,2.606429,102.64227,52.134148
10.135135,2.606429,92.98781,46.341465
32.270226,2.606429,76.21951,48.47561
8.89047,3.6924415,70.12195,42.894703
32.209507,1.4882299,105.07172,43.559723
9.957326,3.475239,78.76016,51.82927
9.779516,1.4735123,70.63008,45.42683
8.71266,3.475239,90.955284,43.753014
7.823613,3.475239,92.479675,52.43903
7.6458044,3.475239,105.691055,59.146343
32.527267,3.475239,107.27651,75.60976
12.268847,1.4991385,178.35365,84.45122
14.046942,5.8644657,203.25203,45.421875
32.42715,4.3440485,186.99187,77.743904
8.357041,4.3440485,103.490486,44.44806
6.2233286,3.475239,152.94716,77.13415
4.623044,3.475239,106.70731,57.621952
32.407646,3.475239,105.69121,45.42683
3.733997,3.475239,89.43089,48.47561
3.200569,1.4870582,86.38211,50.30488
3.3783784,3.475239,70.63008,50.30488
32.329247,1.5262706,69.10569,48.780487
5.3342814,1.4667476,74.18699,49.695118
15.113798,3.475239,92.479675,60.97561
15.825035,3.475239,103.929726,54.57317
12.446657,3.909644,104.998024,50.609756
13.869132,4.1268463,71.138214,46.646343
11.379801,3.475239,103.95162,39.32927
29.16074,4.3440485,97.05285,39.32927
28.627312,1.4990778,91.97154,42.378048
27.382647,1.500788,82.31707,43.292683
32.5658,4.3440485,106.00649,42.987804
27.560455,4.3440485,104.637924,41.15854
27.738264,4.3440485,105.691055,49.085365
28.449503,1.5058585,170.7317,67.98781
28.449503,5.647263,215.44716,72.256096
30.583216,5.212858,212.90651,77.439026
27.916075,5.212858,175.30487,71.95122
32.32271,4.561251,145.32521,74.69512
24.715506,3.475239,127.032524,72.86585
32.262352,3.475239,95.020325,59.451218
32.314148,3.475239,80.79269,53.048782
22.759602,1.5174646,75.203255,50.914635
21.692745,3.475239,104.79455,46.341465
22.048365,1.4859257,103.01229,45.121952
22.581793,3.475239,59.451218,49.085365
22.93741,1.4686431,102.39788,43.678963
32.76218,3.475239,90.44715,41.15854
26.671408,3.475239,105.18293,39.32927
30.405403,4.561251,111.28049,46.646343
35.73969,1.4769801,105.13273,47.256096
34.672832,3.475239,140.2439,44.371307
36.806545,3.475239,152.94716,53.658535
32.815983,3.6924415,147.86586,54.878048
34.139404,1.4924014,105.803246,58.841465
30.405403,3.909644,153.45529,44.624386
28.449503,4.995656,107.592125,57.317074
27.738264,4.3440485,147.35773,64.32927
28.271692,1.5385315,108.61518,86.28049
28.271692,5.430061,110.05125,87.19512
28.271692,4.995656,210.87398,88.10975
26.671408,4.561251,105.84784,44.179817
25.071123,3.909644,143.29268,44.70243
24.537695,1.4870645,142.78455,43.64029
23.470839,3.475239,122.45935,61.585365
23.115221,3.475239,92.479675,58.536587
22.759602,3.475239,105.719635,53.963413
22.048365,1.4993007,103.59722,52.743904
32.67992,3.475239,74.69512,52.43903
22.403982,3.475239,67.5813,50.30488
22.759602,3.475239,70.63008,52.743904
22.93741,3.475239,77.743904,52.743904
24.537695,1.5014175,87.39838,42.748665
27.916075,3.6924415,103.65854,47.865852
32.501564,1.492625,104.12395,58.536587
36.095306,4.3440485,155.99594,63.109756
38.406826,4.3440485,107.385025,53.353657
38.05121,4.3440485,111.28049,59.756096
34.31721,4.3440485,107.72358,43.674133
29.51636,4.3440485,115.85366,50.30488
27.382647,4.3440485,120.42683,43.59756
26.849218,4.3440485,106.35098,48.17073
28.982931,1.4889634,154.97968,70.12195
32.508163,4.3440485,190.54878,76.5244
30.049788,4.3440485,205.28455,79.57317
27.916075,4.3440485,193.59756,70.12195
32.37154,4.1268463,175.813,70.12195
24.359886,3.475239,151.42276,63.414635
32.614784,1.500239,108.73984,60.060974
23.29303,3.475239,84.349594,43.125565
22.403982,1.514732,82.8252,43.599293
21.692745,3.475239,77.743904,43.319546
22.048365,1.5407178,70.12195,42.728477
22.581793,3.475239,104.035034,48.17073
23.64865,3.475239,71.138214,53.963413
33.428165,3.040834,106.34784,53.353657
33.605976,2.8236315,108.231705,50.914635
32.233074,1.4810334,84.85773,42.987804
32.716927,3.909644,83.84146,46.951214
31.65007,3.475239,76.727646,50.0
29.338549,3.6924415,79.268295,56.40244
28.982931,4.3440485,63.00813,51.52439
32.60358,1.5855012,59.451218,51.52439
27.027027,1.530482,73.67886,43.347664
26.493599,4.3440485,74.69512,57.012196
26.493599,4.3440485,86.38211,43.73828
27.916075,4.561251,157.52032,81.70731
30.938831,1.4789804,209.85773,84.756096
32.53912,4.7784534,230.69106,100.0
29.51636,1.4745157,104.30016,44.081665
26.31579,3.6924415,109.36488,85.36585
24.537695,1.4984782,135.67073,71.95122
32.726837,3.475239,108.73984,57.92683
22.759602,3.475239,90.955284,43.58189
22.759602,3.475239,104.60317,45.42683
22.226173,3.475239,70.12195,45.73171
22.581793,3.475239,66.56504,50.609756
22.93741,3.475239,71.64634,45.73171
24.004267,3.475239,67.5813,43.32692
33.78378,1.5069739,105.21586,55.792683
34.31721,1.5061198,86.38211,41.76829
29.338549,3.475239,77.23577,42.77897
32.631012,2.8236315,75.71138,52.743904
32.38891,2.606429,104.1263,43.753124
28.449503,2.606429,105.51879,58.536587
28.449503,1.5320507,75.71138,57.317074
27.738264,3.6924415,106.989716,57.621952
25.782362,4.1268463,106.642586,58.23171
32.796783,4.7784534,104.444176,44.02232
32.491795,1.5169349,115.85366,65.243904
27.738264,4.561251,105.15447,43.786564
30.405403,4.561251,232.72357,89.63415
32.1835,4.561251,228.1504,103.04878
29.694168,4.7784534,110.37495,98.78049
26.31579,4.1268463,175.30487,44.372944
24.182077,3.475239,104.82193,44.298862
22.93741,3.2580364,117.37805,61.280487
22.226173,3.475239,105.80338,60.060974
21.870554,3.475239,106.18162,56.09756
32.57886,1.5171145,78.25203,58.841465
21.514936,3.475239,104.7579,52.43903
22.226173,3.475239,70.12195,54.26829
23.470839,3.6924415,72.15447,58.23171
33.25035,4.3440485,107.96674,58.841465
32.894737,3.475239,98.57723,52.743904
29.338549,1.4986293,94.51219,48.47561
28.271692,4.561251,82.8252,50.0
27.382647,4.561251,106.82064,55.182926
32.248947,4.561251,83.84146,42.90992
27.204836,4.561251,79.268295,50.609756
32.37688,4.3440485,69.10569,49.085365
25.604551,1.5103511,79.77642,53.658535
32.68955,4.561251,84.349594,46.341465
25.782362,4.3440485,100.60976,62.80488
27.560455,4.3440485,108.0686,86.89024
29.694168,1.4519361,223.57724,83.84146
30.049788,4.3440485,108.63304,84.14634
28.449503,4.3440485,192.5813,76.21951
25.604551,4.3440485,182.92683,75.60976
23.826458,4.561251,131.6057,74.69512
22.93741,3.475239,106.59772,71.34146
32.689743,3.040834,96.03658,56.40244
22.226173,3.475239,83.333336,50.609756
21.692745,3.040834,81.30081,53.658535
21.514936,3.2580364,69.10569,46.951214
32.29491,3.2580364,66.05691,42.975372
32.597626,3.2580364,104.86711,43.407425
32.53912,3.2580364,92.479675,56.40244
34.495018,3.909644,92.98781,45.73171
28.627312,1.4871271,81.808945,41.15854
27.916075,1.4813039,103.15455,43.168125
32.547596,4.1268463,76.727646,48.17073
27.027027,1.5264995,80.28455,55.792683
27.916075,2.8236315,91.97154,53.658535
32.65668,3.6924415,106.20412,51.52439
25.426743,4.1268463,105.57355,57.317074
32.63085,3.909644,114.32927,44.25558
25.782362,4.3440485,107.829384,71.34146
28.982931,4.3440485,180.38618,84.756096
29.871977,4.561251,110.62226,93.29269
32.005688,5.647263,110.42202,101.82927
28.982931,5.647263,110.18279,89.02439
25.604551,4.3440485,176.82927,89.02439
24.359886,3.6924415,135.67073,44.516586
22.93741,2.606429,106.33841,64.02439
22.581793,1.5251442,94.51219,50.609756
22.403982,2.606429,99.085365,48.780487
21.692745,2.606429,87.39838,51.82927
32.6376,1.5058328,82.8252,46.036587
22.581793,2.606429,104.61167,47.865852
23.470839,1.5101097,69.61382,53.963413
32.53912,3.475239,96.544716,53.353657
32.684883,1.4918203,105.39404,48.780487
30.583216,1.5055909,82.8252,50.914635
29.694168,4.561251,78.76016,43.756012
28.449503,4.561251,105.45274,48.17073
28.271692,1.5023277,88.414635,47.560974
27.382647,4.3440485,81.30081,45.73171
26.671408,4.3440485,87.9065,42.933685
25.782362,4.3440485,95.52846,59.146343
25.604551,4.3440485,105.917534,60.97561
32.571823,1.5344461,119.41057,65.243904
27.382647,1.5141951,164.63414,80.18293
32.7547,4.561251,202.7439,82.92683
32.60986,1.4611757,215.44716,89.939026
27.382647,5.212858,198.67886,45.36438
24.893314,4.7784534,181.40244,84.756096
24.004267,4.1268463,139.73578,44.81162
23.29303,3.475239,107.44977,78.35366
22.759602,3.475239,105.24303,59.451218
32.531013,3.475239,85.36585,51.219513
22.403982,3.475239,77.743904,43.404003
22.581793,3.475239,71.138214,51.52439
22.93741,3.475239,67.07317,53.963413
32.35091,1.6089221,62.5,57.621952
23.826458,1.4858159,103.161674,44.187954
25.96017,4.1268463,83.84146,47.560974
28.982931,3.475239,106.73086,54.878048
30.938831,1.5188546,125.0,53.658535
33.25035,1.4936601,137.19513,56.40244
27.738264,4.3440485,129.06505,53.963413
18.669987,4.3440485,145.32521,50.0
21.337126,1.4693857,155.48781,58.841465
32.708538,4.3440485,167.68292,73.47561
9.423898,4.3440485,107.34588,83.53658
8.71266,4.3440485,172.2561,81.097565
10.312944,4.3440485,215.95529,92.68293
16.002846,4.3440485,230.18292,93.59756
29.338549,4.7784534,210.87398,95.42683
27.204836,4.3440485,109.04471,82.92683
25.604551,4.3440485,169.20732,76.5244
32.728966,4.3440485,161.58537,74.085365
23.64865,3.475239,136.17886,76.82927
32.18344,3.040834,106.70731,43.546535
22.759602,3.475239,96.03658,57.012196
22.226173,3.2580364,90.955284,55.487804
22.048365,3.475239,78.25203,43.746017
22.403982,3.2580364,77.23577,55.487804
22.759602,3.040834,70.12195,42.781292
22.93741,3.475239,103.92561,44.35844
24.537695,3.475239,81.808945,48.17073
28.627312,1.46781,104.86659,53.658535
35.384068,1.4904792,105.02252,57.92683
38.05121,1.4696008,169.20732,63.414635
32.34426,1.5202749,106.08439,72.86585
38.22902,4.3440485,153.96341,74.39024
32.716927,4.1268463,126.52439,64.32927
28.982931,4.7784534,140.75203,63.109756
32.726254,4.561251,131.09756,67.68293
26.671408,4.3440485,130.58943,61.585365
28.093884,4.1268463,151.9309,74.39024
29.871977,4.7784534,107.76726,76.5244
31.116644,4.561251,172.76422,84.45122
32.50296,1.5111253,173.27235,84.14634
32.699936,4.995656,174.28862,84.756096
24.715506,4.7784534,143.29268,44.60499
23.115221,3.475239,109.756096,65.54878
22.93741,3.475239,91.46342,54.57317
22.759602,3.475239,87.39838,53.658535
22.226173,1.5032833,83.84146,59.451218
22.226173,3.475239,71.64634,54.26829
22.581793,3.475239,71.64634,51.52439
32.037792,1.4969345,74.18699,42.84877
33.78378,1.4728359,105.47608,56.707317
32.716927,1.4815748,105.05377,43.96449
30.227596,4.3440485,106.540985,48.780487
31.116644,4.3440485,75.71138,55.792683
30.049788,4.3440485,76.21951,43.522488
29.338549,4.3440485,89.43089,43.5176
29.51636,4.3440485,82.8252,54.57317
28.80512,1.5222142,76.727646,53.353657
32.590652,4.3440485,106.32126,53.963413
26.671408,1.5123396,85.36585,53.048782
32.749928,4.3440485,95.52846,54.26829
28.982931,4.3440485,153.45529,78.96342
30.583216,4.3440485,111.255066,92.37805
32.362915,4.561251,109.25725,94.20731
29.338549,1.5287379,193.08943,97.86585
25.96017,4.7784534,182.4187,86.28049
24.537695,4.3440485,159.55284,75.914635
22.93741,4.1268463,108.231705,62.19512
22.581793,3.475239,97.560974,58.841465
22.759602,3.475239,104.622314,54.26829
22.403982,3.475239,78.25203,51.82927
22.581793,3.475239,68.597565,57.92683
32.523407,3.475239,69.10569,52.743904
23.826458,4.561251,68.597565,43.810585
32.231003,3.475239,96.544716,60.060974
32.1835,3.475239,107.16059,48.17073
28.271692,1.4986604,84.349594,52.43903
32.27352,3.475239,75.71138,50.914635
32.2507,3.6924415,69.61382,56.09756
27.738264,1.5146531,78.25203,42.974308
28.80512,3.909644,107.0063,54.57317
28.449503,1.5578754,69.10569,58.841465
32.494274,4.3440485,84.349594,71.64634
25.604551,4.3440485,103.150406,70.42683
26.13798,4.3440485,134.14635,71.03659
28.80512,4.3440485,194.1057,44.931107
32.005688,4.3440485,109.11967,88.414635
32.894737,4.7784534,245.93495,96.64634
29.694168,4.561251,106.439804,44.615234
26.31579,4.3440485,223.57724,45.386265
24.537695,4.561251,165.6504,81.097565
23.115221,3.909644,118.39431,43.568645
22.581793,3.475239,98.06911,64.02439
22.403982,3.475239,90.955284,55.487804
21.337126,3.2580364,74.69512,58.841465
21.692745,3.2580364,69.61382,50.914635
32.266636,1.5231483,72.662605,53.048782
23.826458,3.475239,71.64634,42.755634
32.482937,3.475239,97.05285,43.933025
33.605976,1.5067337,88.92277,43.40483
29.871977,4.561251,83.84146,50.30488
30.761023,4.3440485,94.51219,43.872227
30.049788,4.3440485,95.52846,58.536587
29.871977,4.3440485,110.26423,60.060974
32.33332,4.3440485,105.4141,52.43903
27.560455,4.3440485,91.97154,60.060974
25.96017,4.3440485,101.11789,73.47561
25.604551,1.5262476,101.626015,43.604523
25.782362,1.4857497,104.450615,67.07317
28.093884,4.3440485,109.86725,80.48781
30.761023,1.4772074,230.18292,88.414635
30.405403,4.3440485,232.21545,45.804836
28.627312,4.3440485,211.89024,85.060974
25.782362,1.5493094,106.86412,94.20731
24.182077,4.3440485,133.63821,92.68293
23.115221,3.475239,107.12239,78.65854
32.698414,3.2580364,105.949036,60.67073
22.581793,1.4603121,103.726776,54.26829
22.226173,3.040834,73.67886,58.23171
32.36995,3.040834,71.64634,51.52439
22.581793,3.2580364,71.138214,50.914635
23.64865,1.4960454,79.268295,42.668713
32.53912,3.040834,98.57723,59.146343
32.36131,3.040834,99.085365,48.780487
28.627312,3.2580364,94.00407,44.512196
27.204836,3.040834,85.873985,53.658535
27.382647,4.1268463,106.21651,52.134148
32.483994,4.1268463,74.18699,52.134148
28.093884,1.5092839,67.07317,45.42683
27.560455,3.909644,68.597565,45.42683
26.31579,1.503849,84.85773,49.695118
25.782362,1.4907,105.31768,53.963413
25.782362,4.3440485,106.40709,57.012196
27.916075,4.561251,177.3374,75.60976
30.227596,4.561251,110.7101,96.64634
31.65007,6.081668,110.729866,91.46342
29.338549,6.2988706,216.46341,85.060974
25.782362,4.3440485,187.5,88.71951
32.709312,4.3440485,148.88211,83.231705
22.93741,3.6924415,112.80488,67.98781
22.581793,1.4936857,105.3101,56.09756
22.403982,3.475239,91.97154,53.353657
22.403982,3.2580364,81.30081,43.635838
22.403982,3.475239,79.268295,50.914635
22.759602,1.53206,67.5813,53.963413
23.826458,3.475239,71.64634,55.182926
32.35172,3.040834,85.36585,56.40244
32.35741,3.475239,98.06911,46.036587
31.29445,3.475239,92.98781,47.865852
28.982931,3.475239,104.16643,43.366943
27.382647,3.909644,74.69512,42.893703
27.560455,4.1268463,96.544716,55.792683
28.982931,4.3440485,106.123535,47.256096
32.40224,4.3440485,93.49593,43.33891
26.671408,4.1268463,99.085365,51.219513
26.31579,4.3440485,111.28049,45.121952
27.560455,4.3440485,124.49187,49.085365
32.5711,4.1268463,176.32114,78.04878
32.84758,4.3440485,210.36586,77.439026
30.049788,4.995656,108.36792,78.04878
28.449503,4.561251,194.61382,75.60976
25.96017,4.3440485,172.2561,44.49713
24.715506,4.3440485,151.42276,72.86585
23.826458,3.6924415,117.37805,44.22675
32.3528,3.2580364,98.06911,61.890244
22.93741,1.50558,91.97154,43.35609
22.403982,3.475239,82.8252,49.390244
22.581793,3.040834,73.67886,42.94252
22.759602,3.040834,70.12195,43.90244
32.384926,3.475239,72.662605,51.219513
23.826458,3.475239,104.33703,49.085365
27.027027,3.475239,87.9065,43.889313
32.1835,4.7784534,99.5935,52.743904
32.468296,3.475239,127.032524,52.134148
38.406826,3.475239,127.032524,47.560974
39.651493,3.2580364,130.0813,37.80488
40.00711,3.6924415,129.57317,35.97561
38.762447,4.1268463,130.58943,49.695118
32.76507,4.1268463,141.7683,68.902435
30.583216,3.6924415,106.40512,59.146343
29.338549,3.475239,148.88211,43.78216
31.29445,4.995656,203.76016,80.48781
30.938831,5.212858,239.8374,46.06132
30.227596,4.3440485,232.21545,85.97561
32.822403,4.3440485,186.48373,44.990173
25.96017,4.3440485,106.651764,73.17073
24.893314,1.5166166,104.69189,66.46342
24.004267,4.1268463,105.56006,65.85366
23.29303,3.2580364,103.95156,44.4346
23.29303,3.2580364,104.62113,43.4246
22.226173,3.040834,88.92277,43.59756
21.692745,3.909644,73.67886,43.504284
22.581793,4.1268463,63.00813,40.548782
22.581793,3.475239,65.04065,40.548782
32.2636,3.475239,105.65508,43.55213
32.6001,3.2580364,83.333336,43.292683
27.204836,4.3440485,105.910416,40.243904
31.29445,3.2580364,125.50814,59.756096
33.428165,3.2580364,167.17479,71.95122
36.628735,3.475239,107.91625,65.54878
36.095306,4.3440485,135.1626,63.414635
30.938831,1.5056404,119.9187,67.98781
28.271692,4.3440485,133.63821,63.109756
27.738264,4.561251,131.6057,50.914635
26.671408,4.3440485,151.42276,57.012196
28.271692,1.4832805,166.15854,65.54878
29.871977,1.4718661,171.74797,67.37805
30.405403,1.4503995,189.53252,44.350754
28.271692,1.5006647,193.08943,77.439026
25.96017,4.7784534,167.17479,75.30488
24.359886,4.561251,158.02846,44.30126
23.115221,4.3440485,132.62195,44.308838
22.759602,4.1268463,105.15161,44.430912
22.581793,3.2580364,86.89024,41.76829
21.870554,3.475239,81.808945,48.47561
22.048365,3.475239,103.878914,43.369976
22.759602,3.475239,66.56504,44.512196
24.182077,1.4751698,103.16401,43.07789
32.14828,1.5213794,104.166664,43.262993
34.85064,2.8236315,99.5935,52.43903
30.583216,3.2580364,87.9065,46.036587
32.274666,3.909644,69.10569,49.085365
29.871977,3.6924415,106.52529,53.658535
30.938831,3.6924415,83.333336,42.92599
30.761023,1.4987085,80.79269,49.390244
29.694168,1.4698086,103.80096,47.256096
32.295727,3.6924415,89.43089,43.79671
26.849218,3.475239,96.03658,50.914635
32.24639,3.6924415,100.10162,55.182926
29.16074,1.538496,105.50702,75.0
31.65007,3.909644,208.84146,80.18293
32.894737,4.561251,195.63008,83.231705
30.405403,1.4867605,184.95935,81.402435
32.459682,1.4987996,177.84554,68.902435
24.715506,5.212858,140.75203,65.85366
23.115221,3.909644,105.96528,57.317074
32.525604,1.4597633,103.81818,50.30488
32.334827,2.606429,86.89024,43.269768
22.403982,3.040834,85.36585,43.342518
22.403982,3.040834,105.415985,48.17073
22.759602,3.040834,105.13056,40.548782
24.004267,3.040834,104.530785,47.256096
32.36131,1.5310677,95.52846,50.609756
33.605976,1.5053376,94.00407,51.219513
29.694168,2.606429,75.203255,44.512196
29.871977,1.5506029,71.138214,51.52439
28.449503,2.3892267,79.77642,55.487804
28.449503,3.475239,86.38211,50.30488
29.16074,1.4894973,84.85773,45.73171
28.449503,3.475239,76.727646,49.085365
26.849218,3.040834,80.79269,49.695118
32.401318,3.2580364,105.974434,52.43903
32.395966,3.475239,88.414635,53.353657
29.338549,1.5097572,143.29268,77.743904
31.472263,1.4793391,202.23578,92.37805
32.123283,1.4945506,212.90651,92.68293
32.807552,4.3440485,185.46748,80.18293
26.671408,4.3440485,197.15446,77.13415
24.537695,3.6924415,151.42276,66.46342
23.29303,2.8236315,117.88618,58.536587
32.68956,3.040834,105.94354,53.048782
22.759602,1.4631538,103.00577,47.865852
22.048365,3.040834,83.333336,50.30488
32.496384,3.040834,81.808945,45.121952
22.759602,3.2580364,71.64634,46.646343
24.359886,3.040834,78.76016,43.531017
34.139404,2.606429,105.691055,43.59756
34.139404,2.3892267,103.150406,43.20475
31.827883,2.3892267,90.44715,42.495594
32.329807,2.3892267,81.808945,45.73171
32.393402,2.8236315,69.10569,45.42683
29.338549,1.5185735,81.30081,45.42683
29.51636,3.2580364,81.808945,51.52439
28.449503,3.475239,75.71138,51.219513
26.671408,3.2580364,82.8252,54.26829
26.31579,3.2580364,84.349594,53.353657
32.514816,3.475239,98.57723,44.061157
28.449503,3.6924415,160.06097,73.17073
32.1835,5.430061,214.4309,79.57317
31.827883,4.3440485,209.85773,83.231705
32.674755,4.3440485,188.51627,70.731705
26.671408,4.1268463,175.30487,65.85366
24.893314,3.2580364,146.34146,55.792683
23.115221,3.2580364,115.34553,50.609756
22.581793,2.8236315,93.49593,43.755363
22.759602,3.2580364,84.85773,43.170162
22.048365,3.2580364,103.39307,39.634148
32.61815,3.040834,78.25203,38.414635
22.93741,1.5090195,73.17073,42.851643
24.182077,3.475239,104.80698,45.73171
32.506294,2.606429,89.939026,48.47561
36.273117,2.606429,91.97154,49.695118
31.65007,1.4833611,90.955284,44.512196
32.214504,2.606429,85.873985,49.695118
29.51636,2.606429,83.333336,38.109756
29.16074,2.606429,92.479675,38.109756
30.049788,1.5189244,96.544716,43.59756
28.627312,2.8236315,77.743904,40.548782
32.783203,3.040834,105.780106,40.853657
26.493599,2.606429,93.49593,36.280487
32.558582,1.5088588,104.166664,43.292683
28.80512,1.4881673,166.15854,76.82927
31.827883,4.3440485,221.03659,45.600464
33.605976,1.4785026,206.80894,81.70731
29.871977,4.561251,195.12195,71.64634
26.31579,4.3440485,169.20732,76.5244
24.893314,1.4781915,131.09756,43.23746
23.470839,3.040834,101.626015,43.806904
22.581793,3.2580364,84.349594,42.682926
22.581793,3.040834,81.30081,36.585365
22.048365,2.8236315,74.18699,42.70359
22.581793,3.2580364,65.04065,38.719513
22.759602,3.2580364,102.73874,39.02439
32.469925,4.1268463,61.483738,41.463413
33.605976,2.3892267,92.479675,53.353657
34.31721,2.3892267,99.5935,43.21562
30.405403,2.8236315,93.49593,46.951214
32.201267,3.040834,79.77642,52.43903
29.694168,3.040834,82.31707,56.707317
28.982931,3.2580364,97.05285,42.783882
28.627312,3.040834,106.70731,57.92683
27.916075,3.475239,107.097824,59.146343
26.849218,3.2580364,105.18293,61.585365
26.31579,1.5300711,113.31301,62.80488
27.027027,1.4881083,134.14635,66.15854
32.60783,3.475239,107.45398,75.0
28.80512,3.909644,207.31708,75.914635
30.049788,4.561251,228.1504,71.95122
28.093884,4.1268463,188.51627,44.590115
26.13798,4.561251,169.71545,71.34146
24.537695,4.561251,140.2439,43.729168
32.68804,3.909644,104.435234,43.555416
22.93741,3.475239,101.11789,46.951214
22.759602,3.040834,86.38211,42.07317
22.759602,3.040834,81.808945,46.646343
22.581793,1.4634706,103.28696,44.1249
32.456688,1.4961219,65.54878,38.414635
23.115221,3.040834,70.12195,46.951214
32.59714,3.909644,104.89349,45.42683
27.382647,3.040834,86.89024,42.07317
32.36131,1.5271989,111.78862,55.487804
33.605976,2.606429,118.902435,53.658535
33.78378,2.606429,112.80488,49.695118
35.917496,3.2580364,133.13008,50.914635
34.31721,3.475239,118.902435,47.560974
33.961594,1.4888684,126.01626,43.4585
31.827883,3.2580364,141.26016,50.914635
32.324673,3.475239,153.96341,50.30488
29.16074,3.2580364,106.68043,54.57317
32.284336,3.475239,187.5,69.51219
32.545734,5.647263,214.93903,69.51219
28.627312,4.995656,203.76016,74.085365
27.382647,4.3440485,106.63829,69.51219
32.693783,1.4668005,177.84554,70.42683
24.537695,3.6924415,150.40651,63.414635
23.826458,3.2580364,105.60436,58.23171
23.115221,1.5251526,96.03658,50.609756
32.548702,3.475239,77.743904,42.378048
32.305027,3.475239,66.05691,36.890244
22.581793,3.475239,66.56504,42.49935
22.759602,3.2580364,58.43496,39.02439
22.93741,3.475239,58.94309,38.109756
23.470839,3.475239,66.56504,42.843536
25.782362,1.4435397,103.68304,36.280487
32.54952,2.8236315,89.939026,46.646343
36.095306,2.606429,127.032524,54.26829
39.295876,2.8236315,165.14227,50.0
40.362732,3.2580364,151.42276,53.963413
38.762447,1.5075085,118.39431,45.73171
34.495018,1.5082192,109.756096,38.414635
31.65007,3.6924415,107.21545,37.19512
28.093884,3.6924415,108.231705,43.90244
32.547894,4.1268463,110.772354,48.17073
32.540398,4.3440485,107.17175,68.902435
31.472263,4.561251,177.84554,44.195557
32.2287,5.212858,109.382675,80.18293
29.338549,4.561251,180.8943,44.63494
26.13798,4.995656,146.8496,67.07317
24.537695,4.7784534,129.57317,68.597565
23.64865,3.475239,103.65854,57.012196
32.66931,3.475239,105.368774,45.42683
22.403982,3.040834,85.873985,42.875847
21.870554,3.2580364,85.873985,50.0
21.692745,3.2580364,70.63008,41.76829
22.759602,3.2580364,67.07317,43.59756
23.64865,3.2580364,78.25203,49.695118
33.605976,3.040834,91.46342,43.2397
33.78378,2.606429,97.05285,52.43903
32.39717,2.606429,85.36585,42.6092
29.694168,3.040834,84.85773,50.30488
29.871977,3.2580364,104.02198,43.28089
29.16074,3.040834,91.97154,52.743904
30.049788,3.2580364,80.28455,50.30488
29.338549,3.475239,72.15447,43.09898
27.204836,1.5046452,79.77642,43.087616
26.849218,3.475239,104.262505,50.609756
27.204836,3.475239,90.44715,50.30488
28.80512,1.5098817,154.97968,68.902435
31.29445,1.4895409,200.71138,81.70731
33.605976,4.561251,223.0691,78.96342
29.871977,4.561251,208.33333,72.560974
26.849218,4.561251,192.07317,74.39024
24.893314,4.3440485,135.67073,63.414635
23.470839,3.6924415,108.231705,60.365852
22.759602,3.475239,98.06911,47.560974
22.759602,3.2580364,103.389244,39.634148
32.595543,3.040834,90.955284,39.634148
22.581793,1.495683,73.67886,43.43597
23.115221,1.454118,104.07679,39.939026
23.826458,3.6924415,79.268295,42.708027
34.85064,2.606429,92.479675,52.743904
32.246033,3.2580364,103.65854,43.442856
29.871977,2.606429,101.11789,46.341465
29.16074,1.5245507,88.92277,42.521725
32.584805,1.4977858,86.38211,50.30488
28.627312,3.475239,102.13415,51.82927
28.982931,3.475239,80.79269,49.085365
29.51636,3.475239,69.61382,42.663532
32.435158,3.475239,69.61382,45.121952
25.96017,3.475239,85.873985,43.75288
32.15584,1.4993929,89.43089,51.52439
32.41496,3.6924415,131.09756,74.39024
31.827883,3.475239,190.54878,89.63415
33.78378,4.7784534,196.64635,98.78049
32.397434,4.561251,175.30487,92.07317
26.671408,1.48703,175.30487,76.21951
24.715506,3.040834,106.93581,62.5
32.6026,1.5109686,100.10162,56.09756
23.115221,3.040834,88.414635,43.90244
22.759602,3.2580364,77.743904,41.76829
22.759602,1.5276092,71.64634,47.560974
22.759602,3.040834,73.67886,41.463413
32.373276,1.4474615,104.57617,43.59756
24.182077,3.040834,105.297615,50.0
35.56188,2.606429,90.955284,54.26829
36.628735,2.606429,89.43089,51.82927
32.625122,2.606429,94.51219,43.80623
29.16074,2.606429,74.69512,42.68708
29.16074,3.475239,77.743904,50.0
29.694168,3.6924415,83.84146,43.810673
29.16074,3.6924415,106.66061,49.695118
32.607666,1.476364,104.970055,45.121952
26.849218,3.6924415,88.414635,48.780487
26.849218,1.4865079,103.150406,54.26829
27.027027,4.1268463,108.231705,56.707317
32.59831,4.3440485,149.89838,64.939026
32.1835,4.3440485,211.38211,79.268295
34.139404,4.7784534,193.59756,94.51219
32.680485,4.995656,108.21119,75.0
26.493599,4.561251,187.5,45.28232
24.893314,1.512063,104.77305,72.560974
23.470839,3.040834,105.18293,62.80488
22.93741,1.513681,86.38211,48.17073
23.115221,3.040834,105.481026,43.292683
32.365562,1.474021,104.89147,52.43903
32.183178,3.040834,71.64634,46.951214
22.93741,3.040834,69.10569,49.695118
32.493637,3.475239,74.18699,53.658535
35.56188,2.8236315,99.5935,54.57317
32.33228,1.4878844,102.64227,49.390244
31.827883,2.606429,105.85233,41.463413
32.456226,3.040834,84.349594,43.69739
32.49988,1.4969628,104.3007,55.182926
29.16074,3.475239,96.03658,53.353657
32.44727,3.040834,90.955284,49.085365
28.093884,3.2580364,72.15447,47.865852
27.027027,1.5062897,78.76016,47.256096
26.849218,3.040834,87.39838,43.469887
26.671408,3.040834,109.24797,43.704464
28.80512,3.475239,106.11337,69.20731
31.65007,3.2580364,215.95529,44.847908
34.31721,4.3440485,223.57724,89.939026
32.722687,4.3440485,109.073074,73.47561
26.849218,4.3440485,109.4744,80.18293
24.893314,4.3440485,149.39024,68.902435
23.115221,1.5218446,104.166664,56.09756
22.93741,2.8236315,88.414635,43.90244
22.93741,2.8236315,104.20786,42.378048
22.759602,1.4621013,102.5402,49.085365
22.759602,1.954822,73.67886,43.59756
23.115221,1.954822,72.662605,44.817074
24.182077,2.1720243,73.67886,42.81131
35.73969,2.3892267,105.18293,52.743904
36.984352,2.606429,99.085365,53.353657
31.472263,2.1720243,87.39838,42.907677
30.227596,2.606429,80.28455,55.182926
29.51636,2.606429,83.84146,51.52439
29.51636,3.040834,96.03658,52.743904
32.691925,3.040834,94.51219,52.43903
28.093884,2.8236315,85.873985,52.43903
27.382647,3.2580364,106.25392,52.43903
32.47456,3.040834,105.91303,44.08793
24.359886,1.4752715,103.211235,54.57317
22.048365,3.909644,105.91083,72.86585
32.276936,3.909644,108.28684,91.768295
29.871977,3.475239,104.38593,43.19199
28.271692,3.475239,206.80894,44.71817
25.782362,3.6924415,181.40244,76.5244
24.537695,3.475239,106.503624,75.60976
23.470839,2.3892267,125.0,43.540684
22.93741,2.3892267,100.60976,52.743904
22.93741,2.3892267,90.44715,43.292683
22.759602,2.3892267,104.8028,51.219513
32.634705,2.1720243,75.71138,45.121952
23.29303,2.3892267,74.18699,46.036587
23.29303,1.954822,104.437904,43.332615
24.359886,1.5000522,81.30081,49.695118
28.271692,1.954822,85.873985,42.457977
35.20626,1.4835107,106.93779,62.5
37.873398,1.5110809,107.309784,64.939026
39.295876,2.3892267,141.26016,55.792683
40.00711,3.040834,140.2439,59.756096
38.406826,3.2580364,127.54066,53.658535
36.806545,3.6924415,136.687,57.621952
34.495018,3.475239,135.67073,64.32927
32.57092,3.2580364,117.88618,59.146343
32.894737,3.475239,117.37805,69.20731
32.005688,3.475239,175.30487,45.00175
32.1835,3.475239,234.7561,77.743904
30.761023,3.475239,223.57724,88.10975
32.614185,3.475239,207.31708,78.65854
25.604551,3.475239,173.27235,77.439026
24.893314,3.475239,139.73578,77.439026
23.826458,2.606429,114.32927,70.12195
32.310726,2.3892267,97.560974,57.012196
22.93741,2.3892267,95.020325,46.951214
22.403982,2.1720243,89.939026,46.341465
32.49009,2.1720243,79.268295,58.536587
22.759602,2.1720243,72.15447,51.52439
32.418987,2.1720243,66.56504,51.82927
23.470839,2.1720243,74.69512,53.658535
25.071123,2.1720243,105.21023,48.17073
32.36131,1.4887178,103.150406,52.43903
37.339973,1.5415901,131.6057,73.47561
32.4706,2.8236315,105.63745,43.515327
32.46362,2.8236315,168.19106,81.097565
36.273117,2.8236315,108.665436,75.60976
31.827883,2.8236315,126.01626,61.585365
29.16074,1.5281408,125.50814,61.890244
27.027027,3.2580364,104.06395,43.89067
26.31579,1.5164841,134.14635,62.80488
32.752872,5.8644657,164.12602,74.085365
28.80512,5.8644657,190.04065,71.64634
28.627312,1.4387707,206.30081,44.72977
27.382647,5.212858,186.48373,45.1994
25.426743,1.4687463,189.02438,76.5244
24.359886,0.86880976,152.94716,68.597565
23.115221,0.86880976,126.01626,64.02439
22.93741,0.86880976,105.18293,50.914635
22.759602,1.4977047,94.51219,45.73171
32.366493,0.86880976,84.85773,43.23458
32.60656,0.86880976,78.25203,43.90244
32.257496,1.5253055,77.23577,42.378048
23.470839,0.86880976,77.743904,50.914635
26.849218,1.0860121,89.43089,52.134148
30.049788,0.86880976,105.54377,51.52439
31.29445,0.86880976,89.939026,46.646343
33.072548,2.8236315,94.00407,58.23171
32.36131,3.475239,107.72358,63.719513
32.716927,2.8236315,118.902435,72.560974
32.321163,1.4842324,106.123856,58.23171
28.80512,2.606429,126.01626,60.060974
26.31579,2.606429,127.54066,69.51219
25.604551,2.606429,107.732666,68.29269
19.025604,2.8236315,128.04878,66.15854
27.738264,3.909644,182.4187,89.939026
32.441914,3.475239,231.19919,102.743904
30.049788,3.909644,216.46341,91.46342
27.738264,4.1268463,201.21951,45.165237
25.604551,1.4967505,189.53252,82.31708
24.537695,1.5145205,148.37398,73.78049
23.29303,2.606429,128.04878,64.32927
22.759602,1.5091112,101.11789,43.06984
22.759602,2.606429,86.38211,43.170055
22.403982,2.606429,85.36585,52.43903
22.759602,2.606429,105.23304,59.756096
22.581793,2.606429,103.41134,44.21144
22.759602,1.4893612,83.84146,42.716125
32.267944,2.3892267,80.28455,53.963413
25.782362,2.3892267,88.92277,48.17073
32.3065,2.1720243,96.544716,50.0
31.29445,2.8236315,119.41057,59.756096
30.938831,2.3892267,134.65446,57.621952
32.53912,2.1720243,138.71951,57.621952
30.761023,1.4716483,133.63821,54.57317
30.049788,3.2580364,134.65446,48.47561
32.31309,3.475239,120.42683,56.09756
26.13798,3.2580364,123.98374,43.793457
26.31579,3.2580364,139.73578,53.048782
32.623566,3.2580364,187.5,64.02439
32.965435,4.1268463,223.57724,46.037342
29.16074,5.212858,210.87398,74.39024
27.560455,1.4570137,201.21951,74.085365
32.522865,3.909644,109.017235,78.65854
32.430958,3.6924415,147.86586,75.914635
22.759602,1.4865655,113.82114,60.67073
22.759602,3.475239,102.13415,50.0
22.759602,1.4865212,85.873985,43.292683
21.870554,3.475239,87.39838,50.609756
21.870554,3.475239,76.21951,42.07317
22.581793,3.475239,74.18699,42.987804
23.29303,3.6924415,76.727646,50.0
32.572353,3.040834,102.64227,52.43903
31.472263,3.475239,107.25804,50.609756
30.583216,3.6924415,100.60976,49.390244
30.049788,2.8236315,106.82566,58.536587
32.614483,3.475239,106.19919,49.390244
30.227596,1.4983503,97.560974,42.48613
28.982931,3.2580364,95.020325,51.219513
32.64866,1.4858004,81.808945,43.59756
26.849218,3.475239,83.84146,46.341465
26.671408,1.5117004,86.38211,46.036587
26.671408,1.5217497,98.57723,49.085365
27.916075,1.5288318,148.37398,72.560974
26.31579,4.3440485,232.72357,88.10975
32.53912,4.561251,242.88618,79.268295
28.80512,4.995656,206.80894,79.268295
26.13798,4.561251,109.708374,82.62194
24.359886,4.561251,133.13008,76.82927
23.29303,1.5091147,106.19919,62.5
22.759602,3.040834,104.110855,46.646343
22.759602,3.2580364,81.30081,45.73171
21.870554,1.5011886,80.28455,51.219513
21.870554,1.5110799,67.07317,43.90244
22.759602,3.475239,103.56883,48.47561
23.826458,1.5184679,72.15447,53.353657
34.495018,2.8236315,105.80604,58.841465
34.31721,2.606429,104.73857,48.17073
32.52694,1.4862704,91.46342,43.51623
29.694168,2.8236315,77.743904,42.833744
24.893314,2.606429,106.16029,54.26829
32.26639,1.5166556,100.60976,55.792683
11.379801,1.5023812,79.268295,47.865852
22.403982,3.040834,74.18699,39.02439
32.38593,3.2580364,103.55493,35.97561
32.60888,3.475239,80.79269,41.15854
27.382647,3.475239,105.42117,46.951214
28.627312,3.6924415,135.67073,71.34146
32.36131,4.995656,109.60582,85.97561
32.1835,5.430061,221.03659,79.57317
32.722736,4.7784534,182.4187,70.12195
26.31579,1.5184653,158.02846,75.30488
32.6833,4.7784534,107.32758,68.29269
32.71282,4.3440485,110.772354,50.914635
22.759602,3.475239,85.36585,46.951214
32.503372,1.5108399,82.31707,42.902225
22.403982,3.475239,105.28616,43.292683
22.581793,3.475239,73.67886,43.502758
22.759602,3.475239,65.54878,45.121952
23.826458,1.5039457,73.67886,42.851357
34.31721,1.5551475,80.28455,56.09756
35.56188,3.040834,106.89163,50.30488
32.65105,3.040834,99.5935,49.085365
31.472263,3.2580364,92.479675,42.742916
31.116644,3.040834,71.64634,49.390244
30.227596,2.8236315,85.873985,48.17073
29.16074,3.2580364,78.25203,45.121952
29.16074,3.2580364,104.27523,44.817074
27.382647,3.040834,83.333336,41.463413
32.327526,1.4790944,100.10162,39.32927
27.560455,3.2580364,102.64227,41.15854
29.51636,3.475239,144.30894,59.451218
31.116644,4.561251,201.72765,82.31708
31.116644,4.995656,187.5,87.19512
28.80512,4.561251,109.13542,71.64634
32.268826,4.3440485,148.37398,84.14634
24.715506,4.3440485,117.88618,71.34146
23.64865,4.3440485,103.150406,66.15854
23.115221,3.909644,93.49593,53.353657
22.93741,2.606429,84.349594,49.085365
22.581793,2.606429,78.25203,43.538826
32.387306,2.8236315,82.8252,41.15854
32.49913,3.040834,72.662605,43.90244
22.759602,2.8236315,105.22206,43.410774
24.004267,3.040834,84.85773,46.341465
26.849218,3.040834,104.36911,43.24716
32.53912,3.040834,112.296745,47.256096
33.78378,3.2580364,122.967476,43.32291
34.672832,3.475239,116.361786,43.30925
34.139404,3.2580364,125.0,36.890244
32.419956,3.475239,106.401085,46.036587
33.961594,3.475239,114.837395,47.865852
29.51636,3.475239,106.22903,44.16886
27.560455,3.475239,139.73578,56.09756
32.620377,3.475239,139.73578,58.841465
28.627312,3.475239,163.61789,43.883183
32.533825,4.3440485,206.80894,73.47561
30.583216,4.7784534,110.105965,79.268295
27.738264,3.6924415,163.10976,69.51219
26.13798,2.8236315,147.86586,66.768295
25.604551,2.8236315,134.14635,63.109756
32.468037,3.040834,131.6057,58.23171
23.826458,3.2580364,107.21545,53.353657
23.115221,3.040834,95.020325,43.714516
22.93741,2.8236315,86.38211,41.76829
22.93741,2.8236315,81.808945,46.646343
23.115221,2.606429,74.69512,41.463413
23.29303,1.5034003,73.17073,42.378048
24.004267,2.606429,105.145454,46.646343
25.248934,3.2580364,104.65953,45.121952
28.093884,2.606429,107.21545,47.865852
31.65007,2.8236315,117.88618,52.743904
34.85064,3.040834,160.06097,62.80488
32.64252,2.8236315,158.02846,44.73843
35.56188,3.2580364,125.50814,61.585365
32.894737,3.2580364,111.28049,43.424397
28.271692,3.2580364,106.35681,57.621952
32.599773,3.2580364,113.82114,54.57317
26.849218,3.2580364,103.74758,43.37448
28.093884,3.475239,144.30894,44.42969
29.51636,1.4680567,178.86179,73.47561
18.847794,4.3440485,197.6626,45.8315
27.916075,4.7784534,177.84554,74.69512
25.782362,1.4823673,106.4033,71.95122
24.715506,3.040834,107.78802,68.597565
23.470839,1.4859636,105.22252,56.707317
22.759602,2.8236315,85.36585,51.219513
22.759602,2.606429,84.349594,44.817074
22.403982,1.5090774,88.414635,43.641743
22.581793,2.606429,102.88923,40.853657
22.581793,2.8236315,78.25203,42.07317
23.64865,2.3892267,81.808945,45.73171
34.31721,2.3892267,79.77642,48.780487
33.605976,2.1720243,85.36585,48.47561
30.227596,1.4871321,104.090355,47.560974
30.227596,1.7376195,105.366974,44.11098
28.982931,1.954822,68.597565,42.62054
32.62197,2.3892267,77.743904,52.743904
29.694168,1.5198877,77.743904,44.512196
27.916075,2.8236315,104.679276,40.548782
32.57296,2.8236315,71.64634,45.73171
27.027027,3.040834,75.71138,46.951214
26.849218,3.6924415,94.51219,43.798397
32.60094,4.1268463,158.02846,62.80488
32.54269,3.909644,192.5813,80.79269
32.644993,4.3440485,203.25203,81.402435
30.049788,1.4809248,197.6626,74.085365
26.671408,3.909644,175.30487,68.597565
32.68798,3.040834,136.17886,62.5
23.29303,3.2580364,116.86992,57.621952
23.115221,3.040834,92.479675,49.695118
22.93741,1.5162631,79.77642,45.42683
22.403982,2.8236315,78.25203,42.682926
22.581793,2.606429,65.04065,39.02439
22.759602,2.8236315,104.3545,38.109756
23.826458,3.2580364,72.662605,42.629196
33.961594,3.040834,104.40323,40.243904
33.78378,3.2580364,91.97154,41.15854
30.049788,2.1720243,91.46342,41.463413
28.80512,2.1720243,89.43089,52.743904
32.26806,3.040834,78.76016,47.865852
28.982931,2.606429,104.85876,45.73171
28.449503,1.5248035,83.333336,43.26197
27.738264,2.606429,104.46229,43.59756
26.493599,2.3892267,86.38211,52.743904
26.13798,2.606429,100.10162,47.560974
26.31579,2.606429,106.19919,42.987804
28.271692,3.040834,118.902435,57.317074
32.36131,1.4971564,105.56725,70.42683
32.67858,1.4779669,224.08537,81.097565
30.049788,3.475239,177.84554,82.92683
26.849218,1.4979453,146.8496,76.82927
24.715506,2.8236315,106.235,66.15854
23.115221,2.606429,99.085365,53.048782
32.654522,2.606429,81.808945,42.987804
22.759602,2.606429,75.71138,42.987804
22.403982,1.5173918,66.05691,44.512196
22.581793,2.606429,68.08943,39.02439
22.93741,2.606429,64.532524,39.32927
23.826458,2.606429,71.138214,47.865852
34.139404,1.5270362,93.49593,45.73171
36.450924,2.606429,96.03658,43.512573
30.227596,2.8236315,81.808945,43.292683
32.24534,3.040834,70.12195,53.048782
29.338549,2.606429,74.69512,50.609756
28.271692,3.6924415,79.268295,49.390244
32.17539,3.475239,77.23577,42.601776
27.916075,3.909644,90.955284,59.451218
26.493599,1.4927174,97.05285,56.09756
26.13798,3.2580364,92.479675,48.780487
26.31579,3.475239,105.18293,52.743904
27.916075,4.1268463,145.83333,62.80488
30.405403,5.430061,194.61382,73.78049
32.005688,4.1268463,217.98781,80.18293
32.442295,1.4533714,201.72765,68.597565
26.13798,1.473424,173.78049,77.743904
24.182077,2.606429,160.5691,67.37805
23.115221,2.3892267,106.18461,60.97561
22.759602,2.3892267,95.020325,43.713093
22.581793,2.606429,103.5064,47.865852
21.870554,2.1720243,80.79269,49.085365
22.048365,1.5082221,77.743904,42.699413
22.759602,2.3892267,105.01767,46.036587
23.826458,2.8236315,71.138214,43.185257
32.53912,3.040834,79.268295,53.658535
32.36131,2.606429,88.414635,53.963413
28.449503,3.040834,95.020325,47.256096
27.738264,3.2580364,81.30081,49.390244
32.251114,2.8236315,84.349594,42.85628
28.271692,1.5256373,88.414635,49.085365
27.916075,2.606429,80.28455,42.07317
27.382647,1.4796011,81.30081,41.76829
32.27508,2.606429,79.77642,52.743904
25.96017,3.040834,94.00407,48.47561
26.493599,3.2580364,113.31301,48.47561
27.738264,2.8236315,147.86586,72.560974
39.829304,1.4870379,215.44716,76.5244
38.940254,4.561251,107.69435,43.472206
32.849907,4.3440485,200.20325,73.78049
25.96017,4.3440485,157.01219,68.29269
32.27983,3.040834,122.45935,44.286434
23.115221,2.606429,93.49593,47.865852
22.759602,2.8236315,85.36585,43.59756
22.93741,2.606429,80.28455,40.243904
22.403982,2.8236315,71.64634,43.59756
22.226173,2.8236315,72.15447,39.634148
22.93741,2.606429,66.56504,38.109756
24.004267,2.8236315,74.18699,46.646343
32.29408,1.4791331,104.59367,46.646343
34.31721,2.3892267,98.57723,46.951214
28.449503,1.954822,85.873985,43.113033
27.916075,1.954822,86.38211,58.23171
32.63691,2.606429,106.15675,59.756096
28.271692,2.606429,96.03658,55.487804
29.16074,1.5129601,92.479675,43.58449
29.694168,1.5248637,109.756096,50.609756
27.204836,2.606429,104.88332,57.012196
25.96017,2.8236315,101.11789,53.658535
26.493599,2.606429,112.80488,52.43903
32.60937,3.2580364,134.65446,66.15854
28.982931,4.3440485,183.94308,85.36585
22.403982,3.6924415,109.75989,92.98781
9.423898,3.475239,185.97562,80.48781
13.691323,3.475239,176.82927,72.86585
32.19915,2.606429,150.40651,73.78049
32.560135,2.606429,113.82114,63.719513
22.93741,2.1720243,104.122154,58.536587
22.93741,2.3892267,104.588486,43.912964
22.403982,1.7376195,72.662605,48.47561
32.459343,1.7376195,66.05691,45.73171
22.581793,1.5008414,63.516262,46.646343
22.93741,1.5151305,70.63008,43.058228
24.182077,3.040834,75.203255,46.951214
26.849218,3.2580364,83.84146,47.256096
32.1835,2.606429,125.0,44.512196
32.52596,1.4886861,150.91463,53.048782
15.291608,3.475239,104.22693,57.012196
18.669987,3.2580364,129.57317,43.74539
17.78094,3.475239,121.95122,44.005672
15.825035,1.4502449,104.754,56.40244
32.68195,3.475239,120.93496,67.98781
20.09246,3.909644,125.50814,57.621952
28.627312,5.212858,122.967476,58.23171
32.39941,1.4819793,166.15854,66.15854
30.227596,3.909644,191.56505,73.78049
30.405403,3.909644,208.33333,75.30488
32.616123,4.3440485,185.46748,74.69512
26.13798,3.2580364,166.15854,75.0
25.071123,2.606429,152.43903,77.13415
23.826458,1.497716,121.95122,64.63415
32.164425,2.1720243,98.06911,58.841465
23.115221,2.606429,104.62489,44.094296
22.581793,2.1720243,83.333336,42.987804
22.581793,2.606429,79.77642,50.914635
23.115221,2.1720243,84.349594,42.811928
22.93741,2.3892267,83.84146,42.682926
32.584454,1.4936572,87.39838,46.341465
26.493599,1.954822,106.19919,44.512196
32.36131,1.7376195,123.47561,45.73171
38.762447,1.7376195,126.52439,58.841465
40.89616,2.606429,106.40776,43.81633
41.073967,2.606429,185.97562,72.560974
40.18492,2.8236315,145.83333,60.97561
36.806545,3.2580364,119.9187,56.09756
32.36131,3.475239,122.967476,59.756096
29.16074,1.5188031,109.756096,56.09756
28.627312,1.476326,120.42683,43.598907
29.338549,4.1268463,140.2439,57.317074
31.29445,5.212858,198.67886,45.605705
32.36131,5.212858,198.67886,44.780666
32.302555,5.212858,106.162094,44.3233
32.40351,1.4851944,181.40244,75.60976
25.426743,4.7784534,142.78455,66.768295
32.666496,4.3440485,105.73057,59.451218
23.470839,4.1268463,85.873985,54.26829
22.759602,3.475239,83.333336,43.59756
32.530247,3.475239,80.79269,50.0
32.66699,3.475239,72.662605,39.32927
22.93741,3.475239,68.08943,39.939026
24.004267,3.475239,105.5379,53.658535
35.02845,2.8236315,91.97154,49.390244
35.02845,2.3892267,98.57723,50.30488
19.381224,1.4850376,80.28455,50.30488
22.048365,2.8236315,105.6373,50.0
30.227596,3.040834,79.268295,42.73716
30.405403,2.606429,105.18293,56.09756
30.405403,2.1720243,84.85773,52.743904
30.049788,1.954822,106.29159,52.134148
27.382647,1.7376195,105.97893,53.353657
26.493599,1.954822,95.52846,56.707317
27.027027,2.3892267,104.244095,56.09756
28.271692,3.040834,106.08282,44.023434
30.761023,4.7784534,225.10162,45.40232
33.25035,5.212858,229.67479,46.08899
32.289265,1.440888,246.44308,78.35366
32.603653,4.3440485,198.17073,45.41889
24.893314,3.2580364,154.47154,72.256096
23.64865,2.606429,114.32927,43.445675
23.115221,2.606429,96.544716,46.646343
22.93741,2.606429,94.51219,42.07317
22.93741,1.4667293,84.85773,38.719513
32.541,2.606429,78.25203,48.47561
23.115221,2.606429,78.25203,42.682926
24.537695,2.606429,77.743904,48.47561
36.628735,2.3892267,100.60976,46.341465
37.51778,1.5362264,92.479675,46.951214
31.472263,2.3892267,94.51219,45.121952
30.049788,1.4940484,88.92277,48.17073
29.871977,1.7376195,84.349594,53.048782
32.16882,2.3892267,104.85297,43.967182
32.494442,2.606429,92.98781,46.646343
28.271692,2.3892267,81.808945,41.463413
32.7594,2.1720243,104.49659,44.207317
27.027027,1.4533974,104.51107,45.42683
32.344776,2.606429,104.620705,51.219513
28.80512,2.606429,130.58943,55.792683
32.894737,2.606429,106.25842,69.51219
34.31721,3.475239,225.10162,80.79269
30.405403,4.3440485,214.93903,76.82927
27.382647,1.4468607,200.20325,71.64634
25.248934,2.606429,141.7683,62.80488
32.255165,2.606429,115.34553,53.353657
23.115221,2.606429,97.560974,43.67334
23.29303,2.606429,89.43089,43.90244
32.260536,1.4641408,103.193436,41.15854
22.93741,2.606429,74.69512,41.76829
22.93741,2.1720243,102.85732,43.90244
32.36955,2.606429,82.31707,51.52439
35.917496,2.606429,89.43089,48.47561
32.677437,2.606429,105.691055,50.914635
30.938831,3.2580364,87.39838,46.341465
28.80512,2.606429,86.38211,42.807194
28.449503,2.606429,74.18699,56.40244
28.982931,3.475239,82.31707,55.792683
28.982931,1.5439249,88.92277,55.487804
32.442055,1.5334578,85.36585,42.996502
26.31579,3.909644,105.541565,51.52439
26.31579,5.212858,84.349594,56.707317
32.439934,4.561251,93.49593,56.09756
28.80512,4.995656,108.70183,65.243904
31.29445,5.647263,199.187,93.59756
32.005688,5.430061,220.02032,45.35262
29.694168,4.995656,203.25203,85.060974
32.46922,4.7784534,190.54878,80.48781
32.314,3.475239,136.687,67.37805
14.935988,1.5131664,105.691055,57.012196
22.93741,1.491143,89.939026,47.560974
32.411285,3.475239,103.81154,44.207317
22.581793,3.2580364,70.63008,44.207317
23.115221,1.5184975,73.17073,42.682926
23.470839,3.2580364,73.17073,43.90244
24.893314,3.2580364,78.76016,54.878048
32.49192,3.2580364,89.939026,50.609756
36.450924,3.475239,105.58348,43.631664
31.116644,3.475239,89.939026,44.207317
29.871977,4.1268463,96.03658,53.048782
29.694168,2.606429,82.31707,53.048782
28.982931,1.5291508,94.51219,48.47561
29.871977,3.2580364,84.349594,51.52439
28.627312,3.475239,67.07317,48.17073
27.204836,3.475239,76.727646,50.0
26.671408,4.1268463,73.67886,48.47561
26.849218,4.3440485,96.544716,57.621952
28.449503,4.3440485,133.13008,65.243904
31.65007,5.212858,202.7439,78.65854
33.605976,5.8644657,109.693695,90.243904
30.938831,5.647263,199.69513,76.5244
32.46431,5.647263,178.86179,66.46342
25.248934,3.909644,143.29268,66.15854
23.64865,3.909644,125.0,43.706585
23.115221,1.4795215,97.05285,43.34551
23.115221,3.909644,85.873985,43.01391
22.581793,3.909644,77.23577,45.73171
32.24137,3.909644,73.17073,42.378048
23.115221,4.1268463,78.25203,47.256096
24.004267,1.4912037,80.79269,44.817074
36.273117,1.5051931,85.36585,46.341465
37.162163,1.5120295,105.15136,50.30488
32.467655,3.2580364,90.955284,48.780487
30.761023,2.606429,104.76789,43.904507
31.65007,2.1720243,78.76016,51.52439
32.414696,3.040834,76.21951,51.52439
32.49462,1.4948891,84.85773,47.256096
30.405403,3.2580364,79.77642,43.04322
32.423088,1.4897195,82.8252,39.02439
32.26931,3.6924415,85.873985,43.590237
28.271692,1.5107607,90.955284,43.554073
29.51636,3.475239,105.45687,59.146343
30.761023,4.561251,216.46341,45.97039
32.1835,6.081668,226.62602,45.166035
32.231087,1.450513,217.98781,81.70731
27.027027,4.995656,181.91057,81.097565
25.071123,3.2580364,168.19106,72.256096
24.004267,1.5030049,127.032524,43.490227
23.64865,3.2580364,98.06911,49.695118
23.470839,3.2580364,103.75522,43.732647
22.93741,3.2580364,81.30081,47.560974
23.115221,3.2580364,75.203255,42.378048
32.08479,1.5197512,73.17073,43.202
23.64865,3.909644,105.3999,44.319153
32.842907,3.6924415,105.74702,40.548782
29.871977,3.2580364,95.52846,43.90244
35.917496,1.488307,120.42683,49.695118
39.295876,4.3440485,122.45935,50.0
38.05121,3.909644,115.34553,43.517197
39.651493,3.909644,144.81708,53.963413
40.00711,3.909644,123.98374,51.52439
38.05121,3.475239,99.085365,47.865852
33.78378,1.4825467,132.62195,42.378048
31.116644,3.2580364,123.98374,51.219513
31.116644,3.475239,111.28049,63.414635
32.1835,3.909644,138.21138,55.792683
32.85477,4.1268463,211.38211,67.37805
31.29445,4.1268463,203.76016,73.47561
28.271692,1.5187211,106.77318,74.085365
27.204836,3.6924415,105.572685,44.096466
25.782362,2.3892267,154.97968,44.706337
24.537695,2.606429,119.41057,59.451218
24.004267,2.3892267,105.18293,55.182926
23.470839,2.3892267,104.38097,48.17073
23.470839,2.606429,94.51219,44.817074
23.115221,2.606429,84.85773,43.90244
23.64865,2.606429,76.727646,42.987804
23.64865,2.606429,68.597565,42.512787
24.182077,2.8236315,86.38211,36.890244
32.67812,2.3892267,103.44313,41.76829
33.78378,1.5180252,105.18293,57.317074
40.00711,1.5199434,121.44309,56.707317
32.274273,2.606429,160.5691,57.317074
41.251778,1.4823729,159.04471,57.317074
39.829304,3.2580364,107.56457,50.30488
37.51778,3.2580364,113.82114,43.59756
32.894737,3.2580364,104.82887,49.085365
30.583216,3.2580364,112.80488,47.865852
29.338549,3.6924415,104.912094,43.29154
32.27378,3.6924415,107.56032,62.80488
32.894737,4.7784534,180.38618,74.69512
32.53912,4.7784534,175.813,45.214146
29.871977,4.561251,166.66667,44.68193
27.204836,4.7784534,155.99594,63.109756
25.782362,3.6924415,123.98374,63.109756
24.182077,3.475239,96.544716,54.878048
24.004267,3.2580364,80.28455,45.73171
23.470839,3.040834,74.18699,38.719513
23.115221,3.040834,71.138214,41.463413
23.29303,3.2580364,68.597565,41.76829
24.004267,1.4609288,104.43084,42.07317
25.248934,3.475239,68.597565,42.987804
37.69559,3.2580364,105.60294,44.512196
36.095306,3.475239,84.349594,52.134148
32.33287,3.909644,87.39838,48.47561
32.548565,1.4819033,77.23577,42.378048
29.51636,1.4829358,105.01866,43.917164
29.51636,4.3440485,85.36585,46.951214
29.871977,3.909644,77.743904,43.314655
29.338549,1.5316715,81.808945,50.914635
27.560455,3.909644,87.9065,53.353657
27.027027,1.4929689,79.268295,42.390846
32.491657,1.5229144,85.873985,43.105053
32.5948,1.5001504,127.54066,69.51219
32.602966,4.7784534,180.38618,78.96342
34.31721,5.8644657,107.285866,43.647434
32.540424,4.7784534,185.97562,76.5244
27.738264,4.3440485,163.10976,44.042877
25.071123,3.040834,120.93496,59.756096
23.64865,3.2580364,98.06911,55.487804
32.196625,3.040834,75.71138,44.207317
23.29303,3.040834,103.40618,44.464695
23.115221,3.2580364,69.61382,42.378048
23.115221,1.5044743,63.516262,41.15854
23.64865,2.8236315,103.96809,44.512196
24.537695,3.2580364,103.68073,42.07317
36.806545,3.040834,79.77642,43.289886
36.806545,3.6924415,86.89024,48.17073
30.761023,1.5173726,87.9065,41.15854
30.938831,3.040834,71.64634,35.365852
30.405403,3.909644,103.92082,38.414635
29.694168,3.909644,73.67886,38.719513
29.338549,3.909644,105.257095,43.852005
29.338549,1.4409996,103.04347,39.02439
27.382647,4.561251,71.64634,50.0
27.027027,1.5054302,75.203255,49.085365
27.204836,4.3440485,105.717735,43.292683
28.982931,4.7784534,118.902435,49.695118
32.36131,5.212858,177.84554,65.54878
33.25035,5.212858,190.54878,78.35366
30.049788,5.647263,191.56505,75.60976
32.609715,4.995656,161.58537,77.13415
25.426743,3.475239,129.06505,62.19512
23.826458,3.040834,92.479675,50.0
32.79908,3.2580364,105.36636,40.548782
23.29303,3.040834,75.71138,39.02439
22.93741,3.040834,75.71138,43.763035
23.29303,3.040834,72.15447,36.280487
32.336205,3.040834,71.138214,41.15854
25.604551,3.475239,105.572914,43.292683
36.984352,3.040834,77.743904,43.345974
36.628735,3.475239,96.544716,45.121952
34.139404,3.2580364,105.33532,36.585365
31.472263,2.8236315,84.85773,36.280487
31.65007,2.8236315,103.990746,35.365852
32.716927,2.606429,70.12195,38.414635
30.583216,2.606429,72.662605,42.670734
30.049788,3.040834,74.69512,42.987804
26.849218,3.040834,71.138214,41.15854
26.671408,1.492066,73.17073,39.634148
27.738264,3.040834,94.00407,43.292683
29.338549,3.475239,119.9187,57.621952
32.894737,3.909644,167.17479,66.15854
35.20626,5.430061,190.54878,68.29269
33.428165,4.7784534,108.92864,69.81707
32.395077,4.1268463,177.3374,69.20731
25.782362,2.606429,104.95333,56.40244
24.004267,2.606429,99.5935,50.30488
23.470839,2.8236315,103.035866,44.009243
23.470839,2.606429,102.9183,40.548782
23.115221,2.606429,104.52411,44.383648
23.29303,2.8236315,70.63008,39.634148
32.27884,2.606429,69.10569,38.414635
25.071123,1.5403792,73.17073,43.198254
35.384068,2.8236315,81.808945,43.90244
35.02845,2.606429,82.8252,53.048782
29.871977,2.8236315,95.52846,48.17073
29.16074,2.606429,88.414635,50.914635
32.153477,2.606429,89.43089,42.85954
29.694168,1.5106205,101.11789,43.492523
32.211136,1.5230964,83.84146,53.658535
32.367382,3.475239,70.63008,42.487625
27.204836,3.475239,75.203255,51.52439
27.027027,3.475239,85.873985,42.66321
27.560455,3.2580364,94.51219,42.89932
32.434273,3.2580364,116.361786,63.719513
32.716927,3.909644,188.51627,77.439026
33.428165,4.995656,109.56856,77.439026
30.405403,4.995656,109.81029,74.39024
27.204836,3.909644,165.6504,44.386803
25.248934,3.2580364,138.71951,62.80488
24.004267,3.040834,103.65854,52.743904
32.208866,1.452809,103.47757,43.59756
23.29303,3.040834,105.00128,40.243904
22.93741,3.909644,77.743904,43.05615
23.115221,3.2580364,74.18699,37.5
23.64865,1.5109398,70.12195,38.414635
24.715506,3.040834,72.15447,39.02439
32.32162,2.8236315,86.89024,44.817074
37.162163,3.040834,105.71966,49.695118
32.526947,3.2580364,86.89024,45.73171
30.405403,1.5248904,85.36585,52.743904
29.871977,1.534363,77.743904,50.914635
29.694168,1.5214851,72.15447,51.52439
32.2162,2.8236315,86.38211,44.512196
30.583216,2.8236315,86.38211,43.59756
28.093884,2.606429,78.76016,42.614433
28.80512,2.8236315,92.479675,48.17073
27.738264,3.040834,105.063095,52.43903
29.694168,3.040834,111.28049,55.182926
31.65007,1.5025164,147.86586,66.768295
33.78378,5.212858,108.593834,59.146343
29.694168,4.3440485,169.20732,65.54878
27.204836,4.3440485,140.75203,61.585365
25.782362,3.040834,126.52439,56.09756
24.182077,1.4892578,87.9065,51.82927
23.826458,3.2580364,103.05302,41.463413
23.64865,1.4802939,104.25812,43.206432
23.64865,2.8236315,62.5,39.634148
23.64865,3.040834,59.451218,36.890244
24.182077,2.8236315,65.54878,38.414635
24.004267,3.2580364,58.43496,35.365852
25.782362,4.1268463,61.99187,36.890244
29.16074,1.5052152,76.727646,46.646343
32.270554,1.4849914,109.24797,50.609756
32.268356,1.7376195,124.49187,54.26829
40.00711,2.1720243,129.57317,58.23171
41.251778,2.3892267,107.216576,53.353657
32.29372,1.5023435,113.31301,46.951214
39.295876,1.5032387,107.72358,54.26829
32.522606,2.606429,105.63089,53.048782
30.049788,3.040834,119.9187,51.82927
32.387127,3.475239,135.67073,43.727848
30.405403,3.909644,106.18042,56.40244
32.005688,4.995656,208.84146,77.13415
32.36131,3.6924415,198.67886,70.42683
28.982931,3.475239,185.97562,62.80488
32.496456,3.040834,168.19106,58.841465
25.96017,1.4964895,147.86586,53.963413
24.182077,2.1720243,122.45935,44.107765
24.004267,2.8236315,105.18293,42.682926
23.470839,2.606429,92.479675,38.719513
32.490803,2.606429,105.03405,39.634148
23.115221,1.4742213,69.61382,36.585365
23.826458,2.606429,103.65945,33.841465
32.54912,2.3892267,57.92683,33.536587
32.3332,2.8236315,103.33112,32.012196
26.13798,2.8236315,77.23577,43.45264
32.36131,2.1720243,110.26423,40.853657
37.339973,1.492926,123.47561,48.17073
39.118065,1.7376195,158.53659,56.707317
41.251778,1.954822,106.76919,43.560978
32.332977,2.3892267,114.32927,65.243904
36.628735,2.1720243,100.60976,43.01411
32.186066,2.3892267,106.70731,47.560974
29.51636,1.4841068,105.582146,50.30488
29.338549,2.606429,98.57723,57.012196
30.405403,4.1268463,115.34553,65.243904
32.894737,4.561251,108.08499,71.95122
34.139404,4.561251,180.8943,69.81707
30.583216,4.1268463,108.23863,69.20731
27.738264,1.4663687,162.60162,66.768295
32.394413,3.475239,135.1626,61.280487
24.004267,1.4935204,89.43089,45.42683
24.004267,2.606429,80.28455,38.109756
32.36467,2.606429,67.5813,36.585365
22.93741,2.606429,68.597565,38.414635
23.115221,1.5051566,69.10569,35.97561
23.64865,2.606429,69.10569,36.890244
32.35948,2.606429,69.61382,42.957726
36.806545,1.954822,91.46342,45.121952
36.095306,1.5377893,92.98781,50.30488
31.65007,1.4968722,83.84146,42.96255
30.049788,1.7376195,104.509094,57.92683
30.049788,1.502226,80.79269,56.707317
30.583216,1.520417,75.71138,57.621952
30.227596,1.5111294,75.71138,53.048782
30.049788,1.5329149,68.08943,42.766563
20.44808,2.8236315,104.920364,43.757336
27.204836,3.2580364,73.67886,54.26829
32.365517,1.5114318,90.44715,52.43903
28.982931,3.475239,108.73984,58.23171
32.53912,3.6924415,108.694786,77.13415
34.139404,4.7784534,194.61382,67.98781
30.583216,4.3440485,191.56505,45.44344
27.204836,3.909644,152.43903,44.74521
25.604551,1.4992893,114.32927,59.146343
23.826458,2.606429,98.57723,46.036587
23.470839,2.8236315,79.77642,39.634148
23.29303,2.8236315,102.21852,35.67073
32.296867,2.606429,68.08943,43.259586
23.29303,2.8236315,63.516262,32.012196
23.826458,2.606429,65.04065,32.92683
25.426743,2.8236315,61.483738,32.621952
37.51778,3.2580364,76.727646,35.365852
36.984352,1.4957305,79.77642,43.90244
31.472263,1.4868143,86.89024,36.585365
31.472263,2.8236315,104.35636,35.67073
30.227596,3.2580364,105.18812,43.292683
32.5203,3.475239,72.15447,45.121952
30.938831,1.5102146,79.77642,50.0
30.405403,3.475239,70.63008,48.17073
28.627312,3.909644,70.12195,44.512196
27.916075,3.6924415,65.54878,40.243904
28.449503,1.4988178,75.203255,40.853657
30.405403,3.909644,108.73984,48.47561
35.02845,4.7784534,184.95935,75.914635
36.095306,4.995656,215.44716,80.18293
32.4894,5.212858,222.05284,45.987114
28.449503,4.1268463,179.36992,76.21951
26.493599,3.040834,146.34146,64.32927
24.182077,2.8236315,105.18293,44.012012
23.64865,1.5024265,81.808945,45.42683
23.29303,3.040834,70.63008,42.68677
23.115221,3.040834,67.5813,38.414635
23.115221,1.4800754,64.02439,38.719513
23.826458,2.8236315,105.330734,43.705383
25.071123,1.5133935,63.516262,39.634148
37.339973,2.1720243,91.97154,45.121952
37.339973,1.4665163,105.15049,45.42683
31.116644,1.954822,86.38211,54.57317
30.405403,1.7376195,80.28455,52.43903
30.049788,1.5467156,72.15447,51.82927
29.694168,2.8236315,76.727646,53.658535
30.405403,3.040834,73.67886,47.865852
30.761023,2.8236315,70.12195,47.560974
27.916075,3.040834,67.07317,53.658535
27.027027,2.8236315,74.18699,42.752537
32.112812,1.4921011,91.46342,51.219513
28.982931,2.8236315,118.902435,61.585365
32.005688,3.6924415,199.187,80.48781
32.528976,4.1268463,221.54471,45.31749
30.938831,3.475239,192.07317,76.21951
27.738264,1.451088,182.92683,44.330074
32.574852,2.1720243,128.04878,55.792683
23.826458,1.954822,94.00407,43.13328
23.29303,2.1720243,87.9065,47.865852
23.29303,1.954822,80.28455,43.292683
22.93741,2.3892267,75.71138,43.499752
23.29303,1.5294285,76.727646,45.73171
24.004267,1.954822,74.18699,42.987804
32.46409,2.1720243,77.23577,42.378048
38.584637,1.3032146,84.349594,47.256096
38.406826,1.520417,97.05285,46.646343
32.1835,1.530203,93.49593,43.21603
30.049788,1.7376195,92.98781,41.76829
32.53912,1.7376195,83.84146,42.931946
31.65007,1.7376195,76.21951,59.451218
30.405403,2.1720243,77.23577,56.40244
30.227596,2.3892267,64.02439,48.47561
27.027027,1.5139604,68.08943,46.646343
32.31164,3.2580364,74.69512,45.73171
32.58941,1.4934428,82.31707,53.658535
28.271692,4.1268463,103.65854,57.621952
32.36131,4.1268463,195.12195,83.231705
33.082962,6.5160728,221.54471,45.73434
30.405403,5.8644657,109.48969,71.64634
26.849218,1.4573376,201.72765,72.256096
32.552235,3.475239,108.059944,66.46342
23.64865,3.2580364,105.18293,43.431786
22.93741,3.2580364,94.00407,43.63655
22.93741,3.475239,87.9065,42.987804
32.574257,1.4986058,81.30081,43.59756
22.759602,3.2580364,76.21951,46.341465
23.115221,1.4998738,75.71138,49.695118
24.359886,3.475239,76.727646,42.682926
34.85064,3.2580364,105.49121,44.285774
36.095306,2.8236315,104.6748,48.47561
32.507233,1.4719685,101.11789,44.512196
30.227596,2.606429,105.57253,50.30488
32.1835,2.606429,86.89024,54.57317
32.326633,3.2580364,78.25203,51.52439
31.29445,3.475239,94.51219,43.59756
31.65007,1.507436,76.21951,42.731945
28.80512,3.6924415,77.743904,34.756096
26.849218,4.1268463,84.349594,36.280487
27.027027,1.5292892,91.97154,43.106922
32.34628,1.4898998,131.6057,50.30488
28.982931,5.647263,178.35365,60.060974
30.049788,6.081668,195.12195,67.68293
32.546024,5.430061,183.94308,64.32927
25.604551,5.430061,178.35365,68.29269
24.359886,3.909644,146.8496,64.02439
23.64865,3.6924415,119.9187,59.146343
22.93741,3.909644,106.040215,52.743904
23.115221,3.6924415,105.669426,44.01056
22.581793,3.6924415,80.28455,40.243904
22.759602,3.909644,103.713715,44.60541
23.115221,1.4886591,73.67886,40.243904
32.510403,3.475239,67.07317,35.67073
24.715506,4.1268463,74.69512,40.243904
28.093884,3.475239,83.84146,45.73171
33.961594,3.475239,109.24797,47.256096
32.733013,3.2580364,115.85366,51.52439
36.095306,3.475239,117.37805,53.048782
32.81929,4.1268463,106.044235,49.695118
32.43859,1.4371798,150.91463,43.59756
32.1835,4.3440485,137.19513,53.963413
32.450874,4.1268463,150.40651,57.317074
28.80512,4.3440485,159.55284,54.878048
28.093884,4.561251,151.9309,62.5
28.449503,1.4710352,104.77505,58.23171
29.51636,5.8644657,199.69513,63.109756
29.871977,5.212858,187.5,64.02439
28.093884,6.081668,171.74797,60.060974
26.13798,5.212858,175.30487,45.06189
25.071123,1.4728718,155.48781,63.109756
23.826458,3.2580364,121.44309,44.070156
23.29303,2.8236315,102.64227,44.512196
23.115221,3.2580364,96.544716,42.987804
22.759602,2.8236315,102.774864,41.15854
22.759602,3.2580364,82.8252,41.463413
22.93741,3.040834,69.10569,35.97561
23.115221,3.040834,66.05691,34.756096
23.64865,1.4982882,64.532524,36.585365
24.537695,3.909644,90.955284,39.32927
28.627312,3.2580364,110.26423,43.474087
32.716927,3.2580364,126.01626,43.620827
37.69559,1.4731975,105.25764,44.207317
41.073967,4.1268463,139.73578,47.560974
32.709644,3.475239,108.73984,37.5
33.072548,1.4651611,100.10162,29.878048
32.236233,1.4955198,86.38211,27.439024
28.627312,2.8236315,83.84146,26.829268
32.250523,3.040834,105.89158,44.305794
28.271692,2.8236315,108.231705,43.90244
30.049788,4.561251,140.2439,54.26829
31.827883,2.606429,188.00813,67.68293
32.725426,1.4938077,175.30487,64.63415
26.13798,3.2580364,154.47154,60.67073
32.194653,2.1720243,132.11382,43.67815
23.470839,3.475239,104.326195,45.42683
23.115221,3.040834,104.88235,44.512196
23.115221,3.040834,74.18699,40.548782
22.759602,2.8236315,67.5813,35.365852
22.93741,3.040834,64.532524,36.585365
32.231327,1.5145832,66.05691,39.32927
24.004267,3.040834,58.94309,42.70442
31.116644,2.3892267,103.28509,36.280487
35.56188,2.1720243,81.808945,42.37624
32.53912,2.1720243,82.8252,43.323036
32.36131,1.954822,95.020325,42.89928
31.65007,2.1720243,105.50719,53.353657
31.29445,2.606429,81.30081,56.40244
30.583216,3.040834,73.67886,49.085365
32.369926,3.040834,55.386177,46.036587
28.093884,2.8236315,72.662605,48.47561
24.893314,2.8236315,103.28329,43.383068
27.738264,3.040834,71.138214,51.82927
32.301796,1.5174071,91.46342,43.529457
31.116644,1.5291445,160.06097,77.743904
32.894737,1.5055778,192.5813,80.79269
30.049788,4.995656,108.45522,73.78049
26.849218,4.7784534,175.813,71.95122
24.359886,4.1268463,120.42683,70.42683
19.381224,3.909644,105.33,44.131588
19.559032,3.6924415,103.698006,45.73171
22.581793,3.6924415,70.12195,42.378048
27.916075,4.1268463,105.34231,41.15854
23.470839,3.475239,65.54878,40.243904
23.470839,4.1268463,61.99187,43.361877
24.182077,1.4909848,60.46748,36.890244
30.049788,3.6924415,75.71138,42.07317
33.961594,3.909644,107.20792,48.47561
31.472263,1.4759011,104.78218,46.341465
29.871977,3.909644,82.31707,38.414635
29.51636,4.1268463,82.8252,43.22783
32.5121,1.5060552,79.77642,52.743904
28.982931,3.475239,77.23577,49.390244
28.80512,3.909644,56.91057,48.47561
26.849218,3.475239,104.518974,46.341465
26.671408,1.4955832,75.203255,38.414635
26.31579,3.2580364,79.77642,43.027332
32.45284,3.6924415,114.32927,45.42683
31.116644,4.3440485,172.76422,45.027405
32.005688,3.909644,197.15446,71.03659
29.871977,3.909644,172.2561,44.727036
26.849218,1.4834921,153.45529,65.85366
25.426743,3.2580364,118.902435,68.29269
24.359886,2.606429,105.0848,43.60245
23.64865,2.606429,104.44961,49.695118
23.29303,2.606429,65.04065,47.256096
23.115221,2.606429,63.00813,43.90244
23.29303,2.606429,104.05735,44.035904
23.470839,2.606429,61.483738,44.207317
24.359886,2.3892267,57.418697,39.634148
32.36086,1.954822,73.17073,42.378048
36.095306,2.3892267,81.808945,45.42683
32.894737,2.606429,85.873985,46.646343
32.53912,2.3892267,73.17073,45.73171
31.29445,2.606429,77.23577,43.236816
31.65007,1.4866322,87.39838,46.341465
32.59259,2.606429,65.54878,42.488728
30.405403,2.606429,59.451218,39.32927
28.271692,2.8236315,104.191124,41.76829
27.382647,3.040834,64.02439,43.47376
27.560455,2.8236315,104.84648,43.797035
32.31412,3.2580364,112.296745,47.560974
32.1835,1.5002449,175.30487,65.85366
32.53051,1.4398183,195.63008,44.52178
30.583216,3.475239,191.05692,44.23045
32.337746,3.2580364,171.74797,67.37805
25.248934,1.5263577,129.06505,73.17073
24.004267,2.606429,95.020325,43.68167
23.29303,2.606429,79.268295,42.750515
32.287292,1.5003752,68.597565,42.367058
23.115221,2.606429,67.07317,49.390244
32.155144,1.5239588,61.99187,41.15854
32.592228,1.5085263,64.02439,42.987804
24.359886,1.489902,60.46748,36.280487
30.405403,2.8236315,78.25203,43.498283
35.384068,2.606429,79.77642,42.65785
32.53912,2.606429,88.92277,31.707317
31.65007,2.606429,105.06799,43.16534
30.049788,1.4959291,80.28455,34.451218
32.701656,2.606429,78.76016,32.012196
30.227596,1.4737856,78.76016,25.304878
29.694168,1.5056056,62.5,29.573172
27.560455,2.606429,76.21951,32.317074
27.204836,2.606429,104.05728,32.621952
28.093884,2.606429,89.939026,29.878048
27.916075,2.606429,104.166664,46.036587
30.049788,1.4569145,170.7317,43.938286
32.36131,4.1268463,197.15446,65.54878
29.51636,3.909644,106.85297,68.902435
32.43358,3.475239,159.04471,67.68293
24.893314,1.4788039,104.10427,43.611637
32.5947,2.3892267,87.9065,42.794487
23.64865,1.4859606,73.17073,43.59756
23.115221,2.606429,69.10569,36.890244
22.759602,2.606429,68.597565,38.414635
22.93741,1.4900143,65.04065,35.67073
23.115221,2.606429,63.516262,36.585365
24.182077,2.606429,60.46748,27.743902
30.938831,1.7376195,73.67886,27.134146
34.672832,1.954822,82.8252,29.878048
31.29445,1.488059,82.31707,32.621952
32.36131,1.5320442,71.64634,38.719513
32.34542,2.606429,73.67886,47.560974
30.227596,2.606429,90.955284,48.17073
30.049788,2.606429,105.48634,38.719513
29.338549,3.2580364,84.85773,39.634148
27.916075,2.606429,104.80454,43.138588
27.204836,2.606429,69.61382,44.817074
27.560455,1.4607987,102.571045,42.378048
32.35143,1.4909848,115.85366,43.75671
29.51636,3.909644,188.51627,63.109756
31.472263,1.4461892,195.12195,66.15854
28.982931,3.909644,182.92683,55.792683
32.3682,3.6924415,164.12602,55.182926
25.071123,1.4795326,134.65446,55.792683
24.359886,1.532012,101.11789,57.92683
23.29303,2.3892267,83.84146,50.0
23.115221,1.5124856,73.17073,43.10262
22.93741,1.954822,68.08943,38.109756
22.93741,2.1720243,60.46748,34.756096
23.115221,1.5196753,64.02439,37.5
23.29303,1.5001109,51.82927,33.841465
24.893314,2.8236315,63.516262,37.19512
32.230106,2.3892267,81.30081,40.548782
29.16074,2.3892267,102.64227,47.865852
31.65007,2.606429,103.73829,43.292683
33.072548,3.040834,128.55692,52.134148
32.524864,3.2580364,115.34553,46.646343
32.87423,3.909644,104.114914,38.109756
35.20626,3.2580364,113.82114,39.02439
32.894737,3.2580364,126.01626,39.02439
32.58245,3.475239,111.28049,46.036587
29.338549,3.475239,109.756096,40.853657
28.982931,3.475239,140.75203,44.36724
30.405403,4.995656,165.14227,59.146343
30.405403,4.995656,107.47496,70.42683
28.271692,4.995656,153.96341,63.414635
26.13798,4.561251,139.22765,63.109756
25.426743,3.6924415,128.04878,59.451218
24.182077,2.8236315,114.32927,53.963413
23.29303,2.3892267,104.20056,43.61361
22.93741,2.606429,76.21951,39.02439
22.759602,2.1720243,66.56504,37.5
22.759602,2.606429,61.99187,42.514297
22.93741,2.606429,65.54878,38.109756
23.115221,2.606429,103.72358,33.23171
24.359886,2.606429,104.56852,35.67073
32.305687,2.606429,77.743904,42.922684
31.116644,1.7376195,103.88488,44.207317
36.450924,1.4785458,106.06605,43.35837
32.448536,1.954822,105.20838,54.878048
37.69559,2.8236315,105.02617,45.42683
32.730724,2.8236315,87.9065,44.512196
38.584637,2.8236315,81.30081,41.463413
34.139404,2.606429,85.36585,42.987804
28.627312,2.606429,86.38211,40.853657
27.738264,2.606429,88.414635,41.463413
28.449503,3.2580364,105.59282,48.780487
29.338549,1.493042,132.11382,53.658535
32.536964,3.909644,107.28543,59.756096
28.271692,3.909644,154.97968,43.883797
26.671408,3.6924415,143.80081,64.02439
25.248934,1.4915717,111.78862,42.76516
24.004267,2.606429,91.46342,55.182926
23.29303,2.606429,72.15447,43.3655
32.664333,1.484962,103.18698,40.548782
22.759602,1.4644701,103.06269,43.369194
22.93741,2.606429,105.144455,43.73095
22.93741,1.5138737,63.00813,42.37379
23.64865,1.5013682,57.418697,36.280487
28.093884,1.954822,76.21951,42.266342
32.716927,1.5219582,77.743904,42.987804
31.116644,1.7376195,88.92277,42.76504
32.251778,1.954822,105.27915,47.256096
29.694168,2.3892267,92.479675,46.341465
30.583216,2.606429,88.92277,52.134148
31.827883,2.1720243,104.77493,44.207317
30.761023,2.606429,83.333336,49.695118
32.48179,2.606429,78.76016,55.182926
27.382647,2.606429,86.89024,43.623318
27.027027,2.606429,97.05285,42.883575
27.027027,2.8236315,107.2599,62.5
32.409092,2.606429,182.4187,44.527336
31.29445,3.6924415,197.6626,71.64634
32.689724,3.475239,107.90479,66.46342
26.493599,2.8236315,170.7317,43.938015
24.893314,1.954822,122.967476,64.63415
32.602993,1.954822,99.5935,54.26829
23.115221,1.5001576,82.8252,49.085365
23.29303,1.954822,104.09344,46.646343
22.581793,1.7376195,104.87145,43.367455
22.581793,1.7376195,72.662605,35.97561
23.115221,1.464847,103.976685,37.5
23.64865,2.1720243,67.5813,32.621952
28.093884,1.5138309,86.89024,42.84071
31.827883,1.954822,88.414635,42.784363
30.938831,1.954822,97.560974,39.634148
30.405403,2.1720243,88.414635,42.758827
28.80512,2.606429,94.00407,46.036587
32.381313,3.040834,99.5935,43.86489
28.982931,3.475239,85.36585,48.17073
28.982931,3.475239,77.23577,50.609756
32.257633,3.040834,84.85773,53.353657
25.071123,2.606429,97.05285,43.908108
32.09352,1.5225635,98.57723,53.353657
8.357041,3.2580364,138.71951,63.414635
13.157895,4.7784534,201.21951,75.0
13.335704,4.1268463,219.00406,82.31708
32.4601,3.475239,179.36992,81.402435
7.4679947,1.4338701,157.52032,44.49741
32.310097,2.606429,126.01626,65.243904
4.978663,2.1720243,99.085365,56.40244
3.9118066,1.954822,83.333336,43.10141
3.733997,1.7376195,102.06371,42.07317
3.5561879,2.1720243,65.04065,43.22046
3.733997,2.3892267,64.532524,39.939026
4.089616,1.954822,56.91057,41.463413
4.8008533,1.4915234,54.36992,35.67073
8.89047,1.4900945,82.31707,42.66018
16.002846,1.4513013,102.825294,46.036587
24.182077,1.7376195,91.97154,45.73171
12.802276,1.5048774,70.63008,45.42683
11.024181,3.475239,75.203255,52.43903
11.735419,1.4638107,98.06911,43.131596
10.846372,3.2580364,87.9065,55.487804
32.2868,3.2580364,79.77642,43.54959
8.534851,3.2580364,84.349594,43.44616
8.89047,2.8236315,86.89024,54.57317
32.67764,3.040834,96.544716,59.451218
32.544117,3.475239,106.83064,71.95122
32.69142,3.6924415,176.32114,73.47561
29.338549,1.5389034,107.36042,79.268295
32.551506,3.475239,192.5813,69.81707
24.004267,3.2580364,157.52032,60.67073
22.93741,1.4847803,129.06505,57.92683
21.870554,2.1720243,102.13415,47.560974
20.625889,1.954822,104.37045,43.450073
20.625889,1.4337419,102.646126,36.280487
20.09246,1.954822,75.203255,35.97561
32.488895,1.954822,70.63008,34.146343
20.625889,1.954822,101.771,35.67073
21.159317,2.3892267,63.516262,31.09756
24.893314,2.3892267,76.21951,42.78298
30.227596,2.606429,78.76016,43.390907
29.871977,2.1720243,101.626015,36.280487
30.227596,3.2580364,87.9065,44.207317
29.871977,3.6924415,91.46342,46.951214
29.16074,3.475239,95.020325,57.317074
28.627312,1.4600841,103.92621,47.865852
24.182077,3.2580364,91.46342,45.73171
32.57034,1.5167605,82.8252,57.012196
22.581793,4.7784534,84.85773,44.09936
32.513103,4.3440485,96.544716,61.890244
32.548836,4.1268463,150.91463,64.63415
24.004267,4.1268463,195.12195,65.85366
32.844654,4.561251,203.76016,72.86585
22.403982,3.475239,198.67886,65.85366
32.395714,3.040834,176.82927,61.890244
19.559032,1.7376195,102.117226,43.897766
32.618813,1.7376195,100.60976,58.841465
17.78094,1.7376195,104.37768,47.865852
17.42532,1.516876,65.04065,40.853657
17.247509,1.497009,61.483738,36.280487
17.247509,1.7376195,57.418697,36.280487
17.603128,1.7376195,57.418697,37.80488
17.78094,1.494771,51.321136,31.40244
18.314367,1.7376195,65.54878,35.060974
20.09246,1.7376195,103.64466,42.987804
22.581793,2.606429,101.626015,49.085365
25.426743,2.1720243,112.296745,48.47561
28.271692,1.7376195,105.18587,54.878048
28.80512,1.7376195,124.49187,43.198456
32.284157,1.5086732,135.67073,55.792683
32.52085,3.2580364,145.32521,57.012196
23.115221,3.475239,171.23984,44.96448
32.504097,1.4804944,151.42276,67.98781
22.759602,1.4939327,144.81708,44.176754
23.115221,3.2580364,174.28862,62.5
32.573624,3.2580364,220.52846,68.597565
32.65839,3.475239,210.36586,70.12195
21.514936,3.475239,105.26513,67.68293
20.27027,2.8236315,160.5691,65.54878
32.63488,1.7376195,124.49187,64.939026
18.847794,2.1720243,103.55544,60.97561
18.136559,1.4944967,88.414635,58.536587
32.383347,1.4902647,68.597565,42.378048
32.204494,1.7376195,71.64634,43.184143
17.247509,1.7376195,61.99187,33.841465
17.603128,1.7376195,60.97561,42.312004
17.603128,2.3892267,49.288616,29.573172
19.025604,2.1720243,69.61382,42.78321
21.159317,1.954822,104.93684,47.560974
25.604551,1.4608335,105.4147,54.57317
29.338549,2.606429,120.42683,43.470448
32.53912,1.5026344,139.22765,49.695118
33.25035,1.5233525,124.49187,53.353657
32.005688,2.606429,127.032524,49.085365
29.338549,2.8236315,132.62195,46.646343
32.313915,1.4951756,128.55692,57.621952
23.470839,1.4949797,127.54066,59.756096
32.227005,2.606429,122.967476,53.353657
23.826458,3.2580364,105.89284,59.756096
24.537695,1.4912968,106.26205,66.46342
24.537695,3.909644,181.40244,77.439026
22.93741,1.4850833,159.04471,71.03659
20.981508,1.4994953,156.50406,70.12195
19.914652,2.3892267,149.39024,43.84233
18.847794,1.7376195,117.37805,59.146343
23.29303,2.3892267,0.0,0.0
18.136559,1.7376195,96.544716,47.560974
17.603128,1.7376195,81.30081,42.57184
17.247509,1.7376195,103.38451,39.32927
17.247509,1.7376195,101.1906,37.5
17.603128,2.3892267,64.532524,43.28453
32.72084,2.1720243,103.29563,31.09756
18.314367,2.3892267,83.333336,36.890244
20.27027,1.7376195,107.72358,39.634148
32.194225,1.7376195,111.28049,45.121952
29.694168,2.1720243,122.967476,52.134148
32.402523,2.606429,100.60976,51.82927
27.382647,2.8236315,78.25203,44.207317
22.93741,2.8236315,75.203255,43.674335
22.226173,2.606429,68.597565,47.256096
21.337126,2.8236315,68.08943,50.30488
20.803698,2.8236315,71.64634,54.26829
20.981508,3.040834,78.76016,48.47561
32.571606,3.2580364,97.05285,54.57317
23.470839,3.475239,129.57317,43.742126
23.470839,1.4682342,154.47154,65.243904
21.514936,3.040834,147.86586,67.68293
20.09246,3.2580364,124.49187,64.939026
19.203413,1.4944922,100.10162,54.26829
18.314367,3.475239,85.36585,48.47561
17.603128,3.475239,64.532524,42.817272
32.711803,3.475239,60.46748,37.5
17.247509,3.475239,59.95935,34.451218
17.247509,3.475239,103.43604,43.807613
18.492174,3.475239,53.86179,34.146343
21.159317,1.5116036,58.94309,29.573172
32.360905,3.475239,58.43496,34.756096
24.715506,3.475239,91.46342,36.585365
26.31579,3.475239,115.34553,43.15491
27.027027,3.475239,129.57317,50.30488
27.027027,1.4808056,140.75203,59.756096
26.493599,3.475239,121.95122,46.646343
26.13798,3.475239,117.88618,47.256096
23.64865,3.475239,113.31301,41.76829
22.403982,3.475239,108.231705,42.987804
22.226173,3.475239,104.6748,44.817074
23.29303,3.909644,111.28049,46.341465
27.738264,4.561251,143.29268,50.609756
32.607685,3.909644,171.23984,60.060974
27.382647,1.4958363,107.023384,69.20731
22.759602,3.475239,182.4187,73.17073
20.44808,2.606429,118.39431,65.85366
19.381224,2.1720243,92.479675,52.134148
17.603128,2.606429,71.138214,43.59756
17.42532,1.954822,64.532524,42.45059
17.247509,1.954822,58.94309,35.060974
17.247509,1.4865564,59.451218,35.67073
17.247509,1.954822,58.94309,36.890244
18.669987,1.954822,68.08943,35.060974
28.80512,1.954822,76.21951,42.416782
28.627312,1.7376195,79.268295,43.44653
27.382647,1.7376195,85.873985,41.463413
25.96017,1.7376195,103.70295,40.548782
24.359886,1.954822,103.95197,44.207317
24.004267,1.954822,72.15447,43.90244
24.004267,1.499937,102.79753,43.480206
24.004267,1.7376195,59.451218,42.378048
21.870554,1.7376195,68.08943,46.341465
21.159317,2.3892267,75.71138,48.47561
21.514936,2.606429,74.69512,42.987804
32.268974,1.495525,104.85046,43.59959
27.382647,1.4799138,105.756836,54.878048
32.481834,3.475239,160.06097,44.63186
27.560455,3.6924415,173.78049,69.81707
32.490086,1.48609,166.15854,44.272667
20.803698,1.5071551,124.49187,58.841465
19.203413,2.1720243,99.085365,46.951214
17.78094,2.606429,86.89024,37.19512
17.603128,2.1720243,76.727646,31.707317
17.42532,2.1720243,102.97876,31.40244
17.42532,1.4920846,63.516262,31.40244
17.42532,2.1720243,63.00813,32.012196
32.279823,1.5009196,66.05691,30.182926
26.849218,1.954822,103.2898,31.09756
27.204836,1.7376195,81.808945,34.451218
22.048365,1.7376195,88.414635,43.25305
22.226173,1.7376195,78.76016,43.90244
32.472286,2.1720243,84.85773,37.5
23.470839,1.5184379,86.38211,41.15854
23.29303,2.606429,71.64634,39.02439
26.671408,2.606429,68.08943,40.853657
22.226173,2.606429,70.63008,37.5
21.692745,3.040834,76.727646,36.280487
21.870554,1.4919192,75.203255,38.109756
32.31045,2.606429,95.52846,43.26842
27.027027,4.3440485,133.63821,45.73171
30.405403,3.6924415,170.22357,56.707317
26.493599,3.475239,106.274994,65.85366
22.759602,3.6924415,162.09349,67.68293
20.803698,2.8236315,140.75203,43.582775
18.847794,1.954822,94.00407,54.26829
17.603128,1.4933404,102.57968,44.34865
17.603128,2.606429,78.76016,43.15757
17.42532,2.3892267,77.743904,34.451218
17.247509,2.3892267,71.138214,31.707317
17.42532,2.3892267,68.08943,35.67073
19.203413,1.4796971,75.203255,31.40244
28.982931,1.954822,90.955284,31.09756
29.51636,1.7376195,102.13415,34.451218
26.493599,1.7376195,100.10162,35.67073
32.723183,1.954822,104.48611,37.5
32.142967,1.7376195,82.8252,45.121952
23.29303,1.4902618,91.46342,45.73171
24.182077,2.8236315,71.138214,42.848553
23.29303,2.606429,60.46748,42.482975
21.692745,2.8236315,101.71752,29.573172
22.048365,2.606429,68.597565,42.3738
32.501472,2.606429,104.57787,39.634148
32.61415,2.606429,94.51219,45.42683
27.204836,3.040834,115.34553,57.92683
29.51636,3.6924415,158.02846,61.890244
32.499752,4.1268463,104.583694,43.780045
22.759602,3.6924415,161.58537,44.718685
20.27027,1.4857471,104.18385,68.29269
18.669987,2.1720243,92.98781,43.1885
17.603128,2.606429,74.69512,43.659233
17.247509,1.4872903,69.10569,34.756096
32.61512,2.606429,75.203255,30.792683
17.247509,2.606429,67.07317,33.841465
17.78094,2.606429,63.00813,32.92683
32.635784,2.8236315,60.97561,31.40244
32.548122,2.1720243,103.3841,43.124584
30.405403,1.4912783,89.43089,42.339756
32.45841,1.50296,90.44715,34.756096
25.248934,1.7376195,85.36585,40.548782
24.537695,1.954822,70.63008,45.42683
24.715506,2.1720243,81.808945,44.512196
32.67252,2.606429,73.67886,44.817074
24.893314,2.606429,65.04065,43.292683
23.29303,2.606429,59.451218,42.80264
22.226173,2.606429,76.21951,42.682926
22.581793,2.606429,84.85773,40.853657
23.64865,2.606429,106.70731,43.41785
25.071123,2.606429,138.21138,49.085365
28.80512,4.561251,174.28862,58.536587
32.357834,4.1268463,107.917595,66.46342
22.759602,3.475239,170.7317,44.166008
20.27027,2.606429,140.2439,44.256153
19.381224,1.467673,103.33775,63.719513
32.383015,1.5180378,79.77642,49.085365
17.603128,2.606429,70.12195,36.585365
17.603128,2.606429,66.56504,39.32927
17.247509,2.3892267,63.00813,35.365852
17.42532,1.483231,61.99187,36.585365
17.958748,2.8236315,64.02439,37.19512
18.847794,2.606429,64.02439,34.146343
22.759602,1.5336578,72.15447,42.562016
28.449503,1.7376195,105.691055,39.939026
32.36131,1.4874645,120.93496,42.378048
33.428165,1.7376195,114.32927,40.548782
34.85064,1.954822,104.6748,37.5
33.605976,2.606429,104.37437,44.179115
32.53912,2.606429,100.10162,38.414635
28.093884,2.3892267,111.78862,42.86291
25.604551,1.4794195,97.560974,33.23171
24.715506,2.1720243,93.49593,30.487804
25.071123,3.475239,90.955284,33.841465
28.627312,3.475239,115.34553,48.17073
30.938831,1.4961059,169.20732,61.585365
26.493599,1.4755169,183.43495,67.37805
21.514936,4.1268463,106.22129,66.46342
20.44808,3.2580364,134.65446,57.621952
32.16299,1.4953998,111.78862,57.621952
32.39504,3.475239,92.98781,51.52439
17.78094,1.4607294,101.941986,43.90244
17.603128,3.475239,73.17073,39.02439
17.247509,1.5252739,66.05691,43.59756
17.603128,3.475239,63.00813,43.38911
17.78094,3.475239,58.94309,34.451218
18.136559,3.2580364,58.94309,33.841465
19.914652,1.5210862,67.5813,40.548782
25.604551,3.475239,103.53711,42.987804
30.227596,1.5161717,105.691055,44.207317
32.40385,3.475239,132.11382,44.12119
34.85064,3.475239,126.52439,43.85795
32.432125,1.5171735,93.49593,66.15854
32.48973,2.3892267,95.52846,55.182926
32.526615,2.606429,89.43089,42.611107
32.49529,1.5071534,86.38211,61.890244
22.759602,3.909644,105.07258,57.317074
23.826458,4.1268463,113.82114,44.01113
27.027027,4.7784534,118.902435,57.92683
29.51636,1.5001272,154.47154,67.37805
25.426743,4.3440485,181.40244,80.18293
22.226173,3.475239,104.95513,43.681587
20.27027,2.606429,141.26016,78.96342
18.314367,2.1720243,107.21545,43.798866
32.67376,2.1720243,93.49593,48.17073
17.42532,2.606429,84.349594,43.292683
17.247509,2.606429,76.727646,45.73171
17.247509,2.3892267,74.69512,40.548782
17.603128,2.3892267,76.727646,42.816227
19.203413,2.3892267,76.21951,42.682926
30.761023,1.7376195,105.05949,44.817074
29.694168,1.7376195,88.414635,43.292004
24.893314,2.3892267,84.349594,46.951214
24.893314,1.7376195,79.268295,46.951214
32.546253,2.606429,70.12195,46.036587
24.359886,2.606429,95.52846,54.57317
25.071123,2.606429,75.71138,42.5735
24.359886,2.606429,105.60451,47.865852
22.048365,1.510705,70.12195,51.82927
32.47295,2.3892267,75.203255,45.121952
22.226173,2.3892267,78.76016,43.01974
23.826458,2.606429,104.38387,44.18317
27.916075,2.606429,145.83333,44.37476
30.227596,3.2580364,190.04065,79.268295
26.849218,1.4805913,206.80894,66.768295
22.581793,3.2580364,180.8943,69.20731
19.736841,2.606429,132.11382,68.29269
18.669987,2.3892267,90.955284,54.878048
17.42532,1.4682311,103.9697,44.512196
17.247509,1.7376195,76.21951,43.051815
17.42532,1.7376195,67.5813,36.890244
17.247509,2.3892267,66.05691,39.939026
17.603128,1.4897366,61.483738,34.146343
19.203413,1.954822,61.483738,36.890244
29.16074,1.7376195,73.17073,38.109756
29.694168,1.4765476,100.10162,40.548782
25.426743,2.3892267,76.727646,33.23171
24.004267,2.606429,103.016815,38.109756
32.492027,2.606429,77.743904,36.890244
23.29303,2.606429,83.333336,43.434017
32.31411,1.954822,70.63008,37.80488
32.49714,1.7376195,57.418697,40.243904
21.692745,1.7376195,67.5813,42.378048
20.981508,1.7376195,75.203255,43.563656
21.337126,1.7376195,72.15447,42.682926
32.31156,1.7376195,105.25247,43.292683
27.204836,3.6924415,140.75203,57.012196
32.26965,1.4540144,185.46748,43.84725
32.57332,3.475239,192.5813,80.18293
22.93741,3.2580364,105.9071,73.47561
20.09246,2.606429,122.967476,59.451218
18.847794,2.3892267,97.560974,51.52439
17.603128,2.1720243,87.39838,39.634148
17.603128,1.5227485,84.349594,43.642628
32.592598,1.7376195,79.268295,38.414635
32.56406,1.7376195,77.743904,32.012196
17.603128,1.954822,73.17073,32.92683
32.234554,2.3892267,70.63008,36.890244
32.62364,1.7376195,103.62473,33.23171
32.490974,1.7376195,80.28455,37.5
32.388973,1.4782413,72.662605,33.23171
23.826458,1.7376195,75.71138,37.19512
23.115221,1.7376195,102.43977,39.634148
22.93741,1.7376195,85.36585,43.59756
23.470839,1.7376195,87.39838,39.634148
22.759602,1.7376195,81.30081,46.646343
22.93741,2.1720243,79.77642,43.537624
21.159317,2.3892267,83.333336,46.036587
20.981508,2.1720243,79.77642,45.42683
22.93741,2.3892267,120.93496,55.792683
26.13798,2.606429,164.12602,44.38408
32.573856,1.461499,193.08943,63.719513
25.604551,3.040834,194.61382,61.280487
32.32874,3.2580364,176.82927,71.95122
19.914652,2.606429,119.9187,73.47561
18.314367,2.606429,104.166664,62.19512
17.42532,1.4756587,90.955284,52.43903
32.597614,2.606429,104.81038,46.341465
17.247509,2.1720243,67.07317,47.865852
17.069702,1.7376195,65.54878,44.207317
17.42532,1.7376195,103.44967,45.73171
19.203413,2.3892267,63.516262,48.17073
32.182793,1.7376195,76.727646,43.061684
30.583216,1.7376195,85.36585,46.036587
25.248934,1.5040611,86.89024,42.987804
23.470839,1.7376195,104.81005,47.865852
32.642494,1.7376195,99.5935,53.658535
22.581793,2.606429,104.49134,43.34052
22.759602,2.606429,104.20027,44.301952
23.29303,2.606429,105.6716,51.219513
21.692745,2.606429,75.71138,43.16807
22.226173,2.606429,104.66185,43.72046
32.069504,1.5130243,77.743904,42.23591
32.536983,2.606429,102.64227,50.609756
29.338549,2.606429,149.39024,56.707317
30.761023,3.909644,108.76468,69.81707
27.560455,4.3440485,105.65654,43.6048
22.93741,3.475239,175.813,76.82927
20.803698,3.040834,113.31301,67.07317
19.025604,3.040834,84.85773,57.317074
17.603128,2.606429,104.75329,47.560974
17.247509,2.606429,64.02439,43.430904
17.42532,2.606429,104.77893,45.42683
32.54816,2.606429,61.99187,36.890244
17.603128,2.3892267,101.82081,39.939026
19.203413,1.5261097,63.00813,44.207317
29.871977,1.5257818,72.15447,39.02439
32.53912,1.4920266,80.79269,39.02439
32.57134,1.7376195,91.46342,39.634148
26.13798,1.7376195,100.60976,42.378048
25.248934,1.7376195,87.39838,44.512196
32.237686,1.7376195,88.414635,42.69743
32.307396,1.7376195,105.41528,43.71506
24.893314,1.7376195,89.939026,48.17073
23.64865,2.606429,110.772354,42.987804
32.638218,2.606429,104.166664,42.07317
22.93741,2.606429,116.86992,47.256096
23.826458,2.606429,123.98374,54.878048
26.13798,3.6924415,172.2561,58.536587
28.627312,4.3440485,183.94308,45.289604
25.426743,4.561251,183.94308,72.256096
21.514936,3.909644,180.38618,74.085365
20.27027,1.4946468,140.75203,67.68293
19.025604,2.606429,104.166664,65.85366
18.136559,1.7376195,91.97154,48.47561
17.42532,1.7376195,83.333336,41.463413
17.42532,1.5065191,74.69512,44.817074
17.247509,1.7376195,75.203255,36.585365
17.603128,1.7376195,103.15663,35.060974
18.314367,2.3892267,59.451218,42.640125
32.6689,1.4660836,72.662605,26.219515
23.64865,1.7376195,101.32561,29.573172
28.627312,1.7376195,104.166664,33.23171
30.049788,1.7376195,104.924866,39.32927
32.894737,1.7376195,103.821686,43.880833
35.384068,2.606429,132.11382,40.243904
33.25035,2.606429,105.25527,36.890244
31.827883,2.606429,117.37805,39.32927
29.338549,2.606429,131.6057,39.02439
27.560455,2.606429,118.39431,32.317074
25.782362,2.606429,116.361786,44.073776
25.782362,2.606429,116.361786,36.280487
28.093884,1.4828252,117.37805,43.618355
30.405403,2.8236315,168.69919,51.82927
32.248505,1.4909463,166.15854,65.54878
22.581793,2.606429,151.42276,67.98781
20.803698,1.4672035,137.70325,59.756096
19.559032,1.4763128,115.85366,53.048782
18.492174,1.4892075,97.05285,43.02028
17.603128,1.7376195,93.49593,43.29282
17.42532,1.7376195,84.349594,38.414635
17.247509,1.7376195,79.268295,39.32927
17.603128,1.5094798,68.597565,33.841465
32.297157,1.7376195,61.99187,28.658537
18.492174,1.7376195,71.138214,43.18136
22.048365,1.7376195,84.349594,22.256098
30.405403,1.491492,96.544716,26.219515
35.73969,1.7376195,113.31301,34.146343
35.917496,1.7376195,103.412094,35.67073
35.917496,1.7376195,141.26016,39.939026
32.60036,1.7376195,109.24797,35.97561
32.005688,1.7376195,104.283325,32.317074
27.738264,1.7376195,90.44715,43.015644
32.49741,1.954822,77.23577,27.743902
24.182077,2.606429,82.31707,26.524391
24.537695,2.606429,79.77642,42.568466
27.560455,2.606429,96.03658,32.317074
32.894737,2.606429,125.50814,42.987804
32.46045,2.606429,144.81708,61.585365
23.29303,1.5029788,137.19513,55.792683
20.27027,1.7376195,104.09828,54.26829
18.669987,1.4940004,102.36321,44.007183
17.958748,1.7376195,92.479675,42.987804
17.42532,1.7376195,82.8252,39.939026
17.247509,1.7376195,72.15447,38.719513
17.069702,1.3032146,72.662605,33.841465
17.603128,1.520417,67.5813,42.959557
19.559032,1.520417,64.532524,27.439024
31.116644,1.7376195,103.025604,29.878048
32.005688,1.7376195,84.349594,33.23171
25.248934,1.7376195,75.71138,43.208435
24.715506,1.7376195,103.406746,32.92683
32.351532,1.7376195,73.17073,36.890244
24.893314,1.7376195,102.77606,43.18275
32.253838,1.520417,74.69512,38.719513
24.004267,1.3032146,70.63008,37.19512
22.048365,1.7376195,83.333336,38.109756
32.57404,1.7376195,70.12195,35.060974
23.115221,1.7376195,103.65558,38.109756
24.537695,1.7376195,92.98781,42.754196
32.306164,2.606429,103.34852,41.76829
31.29445,1.4964522,139.22765,43.904896
26.849218,2.606429,155.48781,44.418613
22.581793,1.5106502,152.94716,67.68293
20.09246,1.3032146,119.9187,64.02439
18.669987,1.520417,98.57723,43.244133
17.603128,1.4889686,76.21951,42.533447
17.247509,1.7376195,71.64634,38.719513
17.247509,1.7376195,103.527855,37.80488
17.247509,1.4697073,75.203255,31.40244
32.275364,1.7376195,103.4841,43.23913
19.559032,1.7376195,69.10569,42.795403
32.355927,1.7376195,77.23577,28.353659
32.1835,1.5225805,78.76016,33.841465
32.318333,1.0860121,89.939026,38.109756
25.426743,1.7376195,67.5813,30.182926
25.604551,1.7376195,63.00813,42.24337
27.027027,1.7376195,103.431625,34.451218
25.071123,1.5027375,71.138214,34.756096
24.004267,1.7376195,76.21951,41.463413
22.759602,1.51298,76.21951,34.756096
22.226173,1.4710265,72.15447,30.487804
23.29303,1.7376195,73.67886,42.74035
25.96017,1.7376195,87.9065,36.890244
31.472263,1.954822,117.37805,37.19512
35.02845,2.1720243,145.32521,52.743904
29.871977,1.4879485,103.12328,43.696156
32.47489,1.954822,149.39024,53.963413
32.405304,1.7376195,112.296745,51.82927
18.847794,1.7376195,92.479675,42.682926
32.542324,1.7376195,80.28455,33.23171
17.42532,1.7376195,73.67886,30.792683
17.42532,1.7376195,102.57848,28.353659
17.247509,1.3032146,78.25203,42.64448
17.958748,1.7376195,74.69512,43.598408
20.27027,1.520417,65.54878,26.524391
32.894737,1.520417,86.89024,29.573172
32.894737,1.954822,78.76016,33.23171
28.271692,1.954822,84.349594,31.40244
28.982931,1.7376195,81.30081,32.621952
32.333492,1.7376195,96.03658,30.792683
29.871977,1.7376195,87.39838,33.23171
26.849218,1.7376195,80.79269,34.756096
25.96017,1.7376195,71.138214,33.536587
32.65207,1.7376195,83.84146,43.59756
23.826458,1.520417,83.333336,31.707317
23.29303,1.7376195,83.84146,36.280487
25.96017,1.5093261,98.57723,43.61356
32.42177,1.7376195,124.49187,49.695118
32.226685,2.3892267,140.2439,44.349983
32.507866,1.4541584,180.8943,52.134148
23.64865,2.8236315,154.47154,62.80488
20.625889,1.7376195,114.837395,44.064045
19.025604,1.7376195,92.98781,40.853657
17.958748,1.520417,81.30081,43.69717
17.603128,1.5075287,74.18699,42.785183
17.42532,1.520417,103.140236,43.790257
17.247509,1.7376195,72.15447,32.621952
32.35414,1.7376195,71.64634,32.012196
20.44808,1.7376195,61.99187,42.590927
32.36131,1.7376195,76.21951,31.707317
32.63646,1.7376195,86.38211,32.92683
26.849218,1.7376195,79.77642,22.256098
25.071123,1.5197314,73.67886,42.995262
24.537695,1.7376195,102.65946,32.012196
32.229134,1.520417,76.21951,40.548782
25.071123,1.7376195,83.84146,32.012196
24.893314,1.532379,77.23577,43.348366
23.115221,1.520417,74.69512,42.706787
22.403982,1.5059438,80.79269,36.280487
23.470839,1.5080673,88.92277,43.372643
26.493599,1.4887629,110.772354,39.634148
29.871977,1.491525,133.63821,45.121952
33.605976,1.7376195,156.50406,47.560974
27.204836,2.3892267,157.01219,51.219513
32.479023,1.7376195,147.35773,59.451218
20.44808,1.7376195,114.32927,49.695118
18.669987,1.4624287,90.955284,41.463413
17.958748,1.7376195,83.84146,34.451218
17.42532,1.7376195,75.203255,29.878048
17.603128,1.7376195,63.516262,42.27369
17.42532,1.7376195,75.71138,30.182926
18.314367,1.7376195,72.15447,43.109745
20.625889,1.7376195,58.94309,27.134146
32.53912,1.7376195,104.475975,43.55139
32.404568,1.7376195,86.89024,33.536587
19.914652,1.7376195,85.36585,33.23171
31.29445,1.7376195,79.77642,31.40244
29.694168,1.7376195,71.138214,42.90579
30.583216,1.7376195,83.84146,34.451218
30.227596,1.7376195,68.08943,32.621952
30.227596,1.7376195,55.386177,35.060974
29.51636,1.7376195,76.727646,35.365852
28.627312,1.954822,84.349594,43.16243
28.80512,1.4617538,102.97645,33.23171
29.51636,2.3892267,104.15165,37.5
32.005688,3.040834,105.48306,50.30488
33.605976,3.6924415,134.14635,44.39561
28.627312,3.475239,159.04471,58.841465
24.537695,2.8236315,137.70325,64.02439
32.470676,1.954822,108.73984,62.5
20.981508,1.5200793,98.57723,54.57317
20.09246,1.7376195,81.808945,37.80488
19.381224,1.4904933,82.31707,32.621952
19.203413,1.7376195,68.597565,43.046917
32.688812,1.7376195,73.17073,29.878048
19.914652,1.7376195,60.97561,29.878048
32.248295,1.7376195,58.43496,29.573172
32.275364,1.7376195,104.509026,43.706364
27.916075,1.7376195,78.76016,37.19512
35.73969,1.7376195,89.939026,37.19512
37.69559,1.7376195,94.00407,42.378048
38.22902,1.7376195,111.78862,41.463413
38.22902,1.7376195,104.1354,36.280487
36.628735,1.7376195,106.19919,42.93473
32.314312,1.7376195,105.18293,39.634148
32.376072,1.7376195,103.91162,42.987804
30.405403,1.7376195,95.52846,30.792683
29.871977,1.7376195,86.38211,35.97561
35.73969,1.7376195,106.19919,42.956375
32.618263,1.7376195,135.1626,35.67073
38.22902,1.4826937,125.50814,42.682926
32.716927,1.7376195,105.572685,51.52439
32.23137,1.7376195,136.17886,44.09732
23.29303,1.3032146,102.693634,43.220337
21.337126,1.7376195,103.90362,53.048782
20.09246,1.7376195,92.479675,43.54197
19.381224,1.4964677,83.333336,35.365852
19.203413,1.7376195,101.29099,30.792683
19.203413,1.7376195,77.743904,29.878048
20.27027,1.7376195,71.64634,31.40244
20.625889,1.7376195,54.878048,43.011314
21.514936,1.7376195,64.532524,42.600742
26.493599,1.7376195,103.24878,27.134146
34.85064,1.7376195,101.626015,43.03723
37.69559,1.3032146,106.0389,41.463413
38.406826,1.7376195,137.70325,44.014305
32.76085,1.7376195,129.06505,42.682926
32.478344,1.954822,110.772354,37.5
33.072548,2.606429,104.03704,40.243904
30.405403,2.606429,103.18857,35.365852
28.093884,2.606429,78.25203,28.658537
32.463863,2.606429,77.23577,26.829268
32.642075,2.8236315,78.25203,31.707317
32.338993,1.4688582,92.479675,41.76829
35.56188,1.5170189,128.55692,42.771847
29.871977,2.606429,144.30894,44.010094
24.715506,2.606429,132.62195,52.43903
32.28924,2.1720243,118.902435,62.80488
20.625889,1.7376195,106.19919,43.292683
19.914652,1.7376195,101.28957,33.23171
18.847794,1.7376195,80.28455,31.707317
18.847794,1.7376195,73.17073,28.353659
18.847794,1.7376195,101.39928,29.878048
20.09246,1.7376195,67.07317,30.487804
22.226173,1.472626,102.64799,43.897877
34.672832,1.7376195,106.32827,43.37148
36.628735,1.4534333,103.74628,37.19512
31.116644,1.7376195,79.268295,40.853657
29.694168,1.7376195,105.43435,43.085133
31.116644,1.7376195,80.79269,35.365852
30.938831,1.7376195,103.82011,39.634148
29.338549,1.7376195,104.05215,38.719513
28.093884,1.7376195,66.56504,41.463413
25.782362,1.7376195,70.12195,32.92683
28.627312,2.606429,75.71138,30.182926
32.41938,1.4730427,79.77642,35.67073
29.16074,1.4891412,94.51219,39.32927
35.73969,1.4902211,119.9187,44.207317
39.473682,2.3892267,126.01626,52.134148
32.38057,2.3892267,160.5691,43.858868
26.493599,1.7376195,126.01626,43.173206
23.29303,1.7376195,111.28049,56.40244
20.803698,1.7376195,91.46342,41.15854
32.389977,1.7376195,103.798836,43.911697
18.847794,1.7376195,75.203255,42.619667
19.203413,1.7376195,68.08943,29.878048
32.45707,1.7376195,77.23577,29.268293
20.625889,1.520417,66.56504,30.182926
32.55023,1.520417,62.5,25.304878
35.73969,1.7376195,84.85773,31.40244
32.266575,1.4859765,80.28455,33.841465
33.78378,1.7376195,104.59578,43.437595
32.894737,1.4779721,76.21951,31.09756
30.227596,1.954822,105.16986,43.404205
30.761023,2.1720243,87.39838,34.756096
27.738264,1.954822,81.30081,39.02439
27.382647,1.529007,76.727646,42.987804
26.493599,1.7376195,76.21951,36.890244
27.560455,1.7376195,72.15447,37.5
32.73406,1.7376195,86.89024,33.536587
37.51778,1.7376195,97.560974,37.5
39.473682,1.7376195,129.57317,46.646343
40.71835,1.7376195,144.30894,48.17073
36.806545,2.606429,139.22765,57.621952
29.338549,1.954822,141.7683,44.16262
26.13798,1.4752891,104.6748,48.17073
22.048365,1.7376195,82.31707,41.76829
20.625889,1.7376195,102.483574,32.92683
19.914652,1.7376195,81.30081,30.792683
19.381224,1.7376195,76.21951,28.353659
19.381224,1.7376195,81.808945,29.573172
20.625889,1.4588885,80.79269,32.621952
32.808697,1.7376195,103.185165,25.304878
36.628735,1.7376195,83.333336,28.963415
38.22902,1.5358665,84.85773,42.375687
32.538822,1.7376195,87.9065,42.487396
34.495018,1.7376195,77.23577,32.317074
32.204414,1.7376195,66.56504,42.179016
34.31721,1.7376195,93.49593,34.756096
30.049788,1.7376195,85.873985,29.268293
29.871977,1.7376195,85.36585,30.487804
32.619377,1.5024905,82.31707,30.182926
30.227596,1.7376195,104.888115,43.449234
34.672832,1.7376195,103.57049,28.353659
34.672832,1.7376195,95.020325,30.487804
38.406826,2.3892267,113.82114,43.617657
32.326756,1.7376195,127.032524,46.036587
34.85064,1.7376195,134.65446,59.756096
30.761023,1.7376195,133.63821,43.404434
27.382647,1.5156614,116.361786,52.743904
32.3418,1.4708066,103.708954,43.717453
21.870554,1.7376195,90.44715,43.2149
20.803698,1.7376195,104.558846,44.046673
32.45193,1.7376195,83.333336,43.16897
20.803698,1.7376195,103.36272,31.40244
22.226173,1.7376195,72.15447,42.28675
24.182077,1.7376195,61.99187,42.61632
32.420975,1.7376195,70.63008,27.439024
33.428165,1.7376195,83.333336,35.060974
38.406826,1.954822,90.955284,29.573172
38.762447,1.7376195,95.52846,42.956074
38.05121,1.4804299,107.72358,36.280487
37.873398,1.7376195,104.95534,43.78377
35.917496,1.7376195,98.57723,43.14889
32.37498,2.3892267,104.76513,43.936626
27.916075,1.7376195,103.571686,31.707317
27.204836,1.5029718,94.00407,43.021442
27.382647,1.7376195,101.581245,28.353659
33.25035,1.7376195,98.57723,29.573172
36.273117,1.4784074,104.051025,35.060974
35.73969,1.7376195,131.6057,43.21697
29.871977,1.4735548,143.29268,56.09756
32.68134,1.7376195,104.974335,44.06541
23.64865,1.7376195,117.88618,43.046234
32.587456,1.7376195,101.626015,45.42683
19.914652,1.4546447,101.75186,37.5
19.203413,1.7376195,83.84146,29.573172
32.470165,1.7376195,72.15447,29.573172
19.203413,1.7376195,103.13176,29.878048
20.44808,1.7376195,68.08943,29.878048
22.759602,1.7376195,101.71845,25.0
33.605976,1.7376195,104.70808,28.963415
32.349976,1.3032146,104.09333,39.02439
35.02845,1.7376195,85.873985,32.92683
33.428165,1.7376195,94.00407,37.80488
33.78378,1.4830577,88.414635,39.02439
32.55523,1.7376195,100.10162,40.243904
29.16074,1.7376195,97.05285,42.738106
27.738264,1.7376195,82.8252,33.23171
32.334553,1.7376195,82.31707,31.09756
32.454865,1.7376195,95.020325,36.890244
25.96017,1.7376195,97.05285,36.280487
30.938831,1.7376195,107.21545,38.109756
31.29445,1.7376195,127.54066,34.756096
32.480305,2.606429,150.40651,38.414635
32.461517,1.7376195,147.86586,55.182926
24.004267,1.7376195,126.01626,54.57317
22.581793,1.4765233,115.34553,43.45607
32.42057,1.4981896,102.64227,51.219513
20.625889,1.7376195,90.955284,39.32927
19.736841,1.7376195,77.23577,30.487804
19.736841,1.7376195,69.10569,30.487804
19.203413,1.7376195,67.5813,30.182926
32.303246,1.5165131,64.02439,29.878048
22.226173,1.7376195,53.86179,42.41193
32.25108,1.7376195,71.138214,43.159954
27.560455,1.7376195,88.414635,27.439024
32.441723,1.4581558,97.560974,30.487804
36.273117,1.7376195,104.29457,28.658537
35.73969,1.7376195,96.544716,42.40643
36.095306,1.7376195,105.00529,32.621952
35.56188,1.3032146,99.5935,31.09756
34.672832,1.7376195,105.18293,39.939026
31.472263,1.7376195,117.88618,39.634148
27.738264,1.7376195,113.31301,35.67073
27.204836,1.7376195,97.560974,33.23171
32.335052,1.7376195,111.28049,32.317074
32.894737,2.1720243,133.63821,39.02439
32.373688,2.606429,136.17886,44.512196
28.449503,3.040834,158.53659,55.182926
24.004267,2.606429,137.19513,53.353657
23.470839,1.7376195,119.41057,43.842144
21.337126,1.4702078,101.626015,44.207317
20.09246,1.7376195,87.39838,38.414635
19.736841,1.7376195,76.727646,32.317074
32.183723,1.7376195,67.5813,28.963415
19.381224,1.7376195,64.532524,27.743902
20.981508,1.7376195,60.97561,28.963415
21.692745,1.7376195,50.30488,24.390244
21.870554,1.4954017,61.99187,22.560976
25.604551,1.7376195,78.25203,26.829268
32.005688,1.7376195,100.60976,26.524391
32.48684,1.3032146,99.085365,37.5
37.69559,1.0860121,146.34146,40.853657
37.873398,1.7376195,147.86586,46.951214
32.59594,2.606429,104.81035,43.81573
32.1835,2.606429,105.18618,42.378048
29.16074,2.606429,97.560974,42.734047
27.027027,1.4676684,89.939026,28.353659
27.560455,1.4641316,103.33967,43.058384
29.871977,2.606429,82.8252,43.452206
32.005688,3.2580364,110.772354,32.92683
35.02845,3.6924415,119.9187,36.890244
31.472263,3.475239,143.29268,60.060974
25.426743,3.475239,144.30894,44.17337
23.29303,1.954822,126.52439,51.82927
32.49343,1.5212013,94.51219,43.469585
20.09246,1.7376195,87.39838,35.67073
19.381224,1.7376195,82.31707,32.317074
19.203413,1.7376195,75.203255,28.658537
19.203413,1.7376195,67.07317,29.878048
20.981508,1.5059987,61.483738,31.09756
24.004267,1.7376195,53.353657,25.609756
36.628735,1.5144191,78.76016,31.09756
32.52134,1.7376195,103.29874,35.97561
33.961594,1.5231348,80.79269,42.15196
36.095306,1.4985418,79.268295,36.890244
29.694168,1.5337343,77.743904,42.682926
32.3918,1.7376195,82.8252,38.109756
28.982931,1.7376195,80.79269,34.146343
28.271692,1.7376195,66.05691,34.451218
25.426743,1.7376195,78.25203,39.02439
24.715506,1.7376195,103.10348,37.5
32.299362,2.3892267,81.808945,43.49613
30.583216,2.606429,98.57723,43.292683
35.73969,2.8236315,121.95122,43.292683
36.806545,3.475239,137.19513,50.0
32.67308,3.2580364,105.55739,60.67073
24.715506,2.8236315,103.738014,43.427486
23.115221,1.7376195,107.21545,52.743904
20.625889,1.7376195,103.95294,42.07317
19.914652,1.4599252,77.23577,31.707317
19.025604,1.4957671,73.67886,29.573172
19.381224,1.7376195,76.21951,42.737457
19.203413,1.7376195,76.727646,28.658537
20.803698,1.7376195,67.5813,30.792683
23.470839,1.7376195,104.90219,43.48788
35.384068,1.7376195,73.17073,29.573172
37.339973,1.7376195,103.65499,35.365852
29.694168,1.3032146,81.808945,29.573172
32.210503,1.7376195,74.18699,32.317074
32.673676,1.7376195,75.71138,33.841465
27.382647,1.3032146,75.203255,33.841465
26.849218,1.5341624,74.18699,42.46747
31.116644,2.1720243,66.05691,36.890244
26.493599,2.1720243,104.58115,43.96087
26.671408,2.606429,72.15447,40.243904
27.382647,2.8236315,82.8252,35.060974
32.36131,1.4762739,95.020325,38.109756
34.85064,2.3892267,121.44309,46.341465
32.5522,2.8236315,128.04878,42.987804
32.689335,3.040834,155.48781,44.515526
25.426743,3.040834,139.22765,70.731705
32.221073,1.7376195,109.24797,58.23171
21.337126,1.7376195,103.17945,46.951214
32.546764,1.7376195,80.28455,35.060974
19.381224,1.7376195,75.203255,31.40244
19.736841,1.7376195,74.69512,28.353659
19.736841,1.7376195,77.23577,42.482254
32.398865,1.7376195,68.08943,42.48684
22.048365,1.7376195,55.386177,23.170732
22.93741,1.7376195,64.02439,42.437504
26.493599,1.7376195,83.333336,25.914635
34.139404,1.486929,104.6748,27.743902
32.60083,1.7376195,105.691055,32.92683
38.406826,1.3032146,126.01626,44.207317
38.584637,1.520417,105.239975,43.556175
34.31721,1.4641345,104.23515,32.92683
30.583216,1.7376195,116.86992,35.67073
28.271692,1.7376195,114.32927,38.414635
32.661526,1.4912571,94.00407,35.365852
27.738264,2.3892267,92.479675,34.146343
32.5939,2.3892267,103.150406,34.146343
35.73969,3.040834,112.80488,36.280487
32.40643,2.606429,113.82114,43.219128
33.428165,2.606429,143.29268,62.5
27.382647,2.606429,146.34146,63.109756
25.071123,1.7376195,103.060936,44.512196
22.226173,1.7376195,99.5935,39.02439
20.625889,1.7376195,87.39838,34.451218
32.498753,1.7376195,78.76016,42.6069
19.559032,1.7376195,72.662605,29.573172
19.736841,1.520417,73.17073,28.353659
22.048365,1.3032146,103.78276,43.729233
25.426743,1.7376195,59.95935,23.475607
36.806545,1.520417,83.84146,28.658537
38.22902,1.5123659,100.10162,35.67073
35.73969,1.3032146,105.691055,32.621952
36.273117,1.7376195,84.349594,42.980335
36.095306,1.7376195,81.808945,33.841465
30.405403,1.7376195,84.349594,42.923298
29.16074,1.520417,82.8252,31.09756
30.227596,1.3032146,82.31707,36.280487
27.738264,1.4906919,86.89024,38.414635
28.093884,1.7376195,103.854095,43.28547
32.361286,1.4872919,86.38211,28.963415
33.25035,2.606429,97.05285,39.32927
39.118065,2.606429,130.0813,43.08108
38.940254,2.606429,106.91773,43.25472
33.072548,2.606429,144.30894,52.43903
28.982931,3.040834,132.62195,55.182926
26.493599,1.7376195,113.31301,61.890244
23.826458,1.7376195,104.46748,44.27162
21.514936,1.7376195,86.89024,42.92469
20.44808,1.520417,74.69512,30.182926
20.981508,1.7376195,68.08943,29.268293
20.803698,1.520417,102.726364,29.268293
32.241432,1.520417,103.39095,43.675083
32.538406,1.4726012,57.92683,23.475607
37.873398,1.7376195,105.15837,27.134146
39.118065,1.5216979,83.84146,35.365852
36.984352,2.1720243,105.481346,34.451218
36.450924,1.7376195,82.8252,35.97561
32.32904,1.7376195,92.98781,32.92683
32.005688,1.7376195,103.150406,42.07317
32.29704,1.7376195,91.46342,41.76829
28.982931,1.7376195,81.808945,39.02439
30.583216,1.7376195,83.84146,34.146343
31.29445,1.7376195,93.49593,42.66873
32.1835,1.7376195,97.560974,33.23171
37.339973,1.7376195,111.78862,32.92683
39.118065,1.7376195,100.60976,48.780487
39.651493,2.3892267,120.93496,39.32927
35.02845,2.1720243,149.39024,52.43903
27.916075,1.954822,147.86586,55.792683
25.96017,1.7376195,122.45935,51.52439
23.64865,1.486076,102.88505,46.036587
32.556797,1.4676546,82.8252,34.451218
21.159317,1.7376195,82.8252,28.658537
20.625889,1.0860121,75.71138,26.219515
20.803698,1.3032146,70.63008,27.134146
22.403982,1.7376195,65.04065,29.573172
23.826458,2.1720243,61.483738,42.763237
25.782362,1.4689672,74.69512,26.524391
32.667236,1.4986677,83.333336,35.060974
38.584637,1.7376195,106.70731,33.23171
40.18492,1.7376195,122.45935,32.92683
40.71835,1.4598954,127.032524,34.756096
40.71835,0.86880976,107.72358,32.317074
32.379955,1.4549351,104.044426,43.216343
37.162163,1.3032146,117.88618,42.07317
34.139404,1.7376195,114.32927,36.280487
32.005688,1.7376195,104.6748,28.963415
32.005688,1.7376195,105.691055,27.743902
37.339973,1.4793111,132.62195,43.443527
40.54054,1.7376195,105.789246,42.378048
39.651493,2.3892267,143.80081,45.42683
35.02845,1.954822,141.7683,52.43903
28.982931,1.7376195,137.70325,43.62133
28.093884,1.7376195,126.01626,54.26829
24.182077,1.7376195,102.64227,43.870533
22.403982,1.7376195,104.32227,43.882305
32.322006,1.7376195,104.003815,43.71532
21.159317,1.7376195,102.699684,29.268293
21.337126,1.7376195,68.597565,27.439024
22.581793,1.7376195,62.5,28.353659
23.826458,1.4957615,45.73171,21.646341
24.182077,1.7376195,101.61046,25.304878
32.201138,1.494558,90.955284,30.487804
39.295876,1.7376195,107.21545,28.658537
40.00711,1.7376195,102.64227,34.756096
39.829304,1.7376195,105.066376,40.243904
39.651493,1.4562491,106.00751,42.07317
36.806545,1.7376195,86.38211,32.92683
29.871977,1.7376195,77.743904,24.695122
28.271692,1.7376195,88.414635,31.09756
28.271692,1.7376195,100.60976,36.890244
32.348343,1.7376195,79.77642,25.609756
36.273117,1.7376195,87.39838,42.837868
39.829304,1.7376195,100.10162,28.353659
42.140823,1.7376195,114.32927,35.67073
32.55875,1.7376195,103.960594,46.646343
32.23394,1.7376195,128.55692,43.94887
27.738264,1.7376195,105.229744,48.780487
23.29303,1.7376195,110.26423,43.51232
21.870554,1.7376195,90.44715,43.15522
20.44808,1.7376195,101.24098,29.573172
32.617817,1.7376195,64.02439,27.134146
32.54526,1.5168471,59.451218,30.182926
22.759602,1.7376195,56.40244,29.573172
26.671408,1.7376195,101.63614,22.560976
38.762447,1.7376195,70.63008,32.92683
40.71835,1.7376195,84.349594,42.65274
38.406826,1.954822,88.414635,30.182926
37.51778,1.4658039,104.921906,30.792683
32.53912,1.954822,88.92277,32.012196
31.65007,1.7376195,85.873985,40.548782
31.116644,1.7376195,104.99909,34.756096
28.80512,1.5183814,58.94309,33.23171
27.560455,1.7376195,81.808945,34.756096
28.271692,1.7376195,94.51219,43.415173
30.227596,1.7376195,80.28455,41.76829
34.85064,1.7376195,95.020325,43.061363
37.873398,1.5316893,122.967476,66.768295
32.61418,1.4768342,142.27643,53.963413
32.37397,2.606429,155.99594,63.109756
27.738264,1.954822,148.37398,59.451218
26.13798,1.7376195,123.47561,55.487804
23.29303,1.7376195,104.35733,47.560974
21.692745,1.7376195,87.39838,36.585365
20.803698,1.7376195,71.138214,32.92683
20.981508,1.7376195,67.07317,31.40244
21.337126,1.7376195,65.04065,32.621952
22.581793,1.7376195,64.532524,32.92683
26.31579,1.7376195,57.418697,43.141872
32.381756,1.5047152,71.138214,32.317074
39.295876,1.4998773,74.18699,35.97561
35.56188,1.4657812,103.038155,35.365852
32.36131,1.7376195,104.60156,39.02439
31.472263,1.7376195,104.78159,41.463413
28.093884,1.3032146,96.03658,35.97561
26.671408,1.954822,80.79269,43.532864
32.214127,2.1720243,76.727646,35.060974
32.330338,2.1720243,73.17073,42.620216
27.738264,2.606429,69.10569,36.890244
28.449503,2.8236315,92.479675,43.728394
34.85064,2.606429,105.691055,43.20336
39.651493,2.3892267,106.59367,45.73171
40.54054,1.4737135,136.17886,51.52439
37.51778,1.5149674,106.75012,59.756096
28.093884,3.040834,143.29268,59.146343
26.493599,1.7376195,100.60976,47.865852
23.64865,1.7376195,84.349594,40.243904
21.870554,1.7376195,78.76016,36.890244
32.571415,1.7376195,67.5813,42.964275
20.981508,1.7376195,65.54878,30.182926
21.514936,1.7376195,66.05691,32.012196
22.759602,1.4907241,65.04065,32.317074
27.027027,1.7376195,102.59767,25.304878
39.118065,1.7376195,79.77642,29.878048
39.473682,1.7376195,84.349594,35.365852
32.052277,1.7376195,70.12195,42.99826
32.716927,1.7376195,103.667564,43.642456
31.472263,1.7376195,103.38546,39.32927
26.849218,1.7376195,91.97154,43.55164
32.659607,1.7376195,81.808945,39.32927
30.583216,1.7376195,79.268295,36.585365
29.871977,1.7376195,81.808945,42.735947
27.738264,1.7376195,82.31707,38.414635
27.382647,1.7376195,93.49593,40.243904
36.450924,1.7376195,104.166664,50.30488
41.42959,1.7376195,106.630974,47.560974
41.785206,1.7376195,143.80081,45.73171
32.75466,2.1720243,153.45529,56.707317
31.116644,1.4912,106.19553,64.02439
29.694168,1.7376195,120.93496,52.134148
32.361355,1.7376195,90.955284,39.32927
24.004267,1.7376195,82.8252,37.19512
32.676052,1.7376195,70.63008,33.23171
22.93741,1.7376195,103.33078,32.012196
23.64865,1.7376195,69.10569,42.352623
24.715506,1.7376195,101.954666,33.841465
28.982931,1.954822,52.845528,24.695122
32.514194,2.1720243,73.17073,43.282803
40.18492,1.7376195,84.85773,39.02439
36.628735,1.7376195,79.77642,32.317074
37.339973,1.7376195,71.64634,32.621952
36.273117,1.7376195,85.36585,34.146343
33.961594,1.7376195,93.49593,37.19512
30.761023,1.5069896,82.8252,43.0962
32.1846,1.7376195,75.71138,35.67073
32.62629,1.7376195,102.63058,33.536587
30.049788,1.7376195,85.873985,33.841465
32.569637,1.7376195,105.16251,44.043453
36.095306,1.7376195,86.38211,37.19512
32.64231,1.4500197,104.29018,44.512196
42.496445,2.3892267,105.68951,39.939026
38.22902,2.606429,154.97968,50.0
30.049788,1.5031369,150.40651,56.40244
28.80512,1.7376195,135.67073,47.560974
26.13798,1.7376195,116.361786,40.853657
23.29303,1.7376195,89.939026,37.5
22.759602,1.7376195,69.61382,33.23171
23.115221,1.7376195,68.08943,30.182926
23.470839,1.7376195,77.23577,30.487804
32.196297,1.7376195,65.04065,34.756096
30.049788,1.7376195,57.418697,26.524391
32.191525,1.5274012,71.64634,43.023888
32.72338,1.7376195,81.808945,32.012196
40.00711,1.7376195,80.79269,34.451218
39.829304,1.7376195,85.873985,43.07681
32.43464,1.7376195,79.268295,42.437836
38.22902,1.5235698,86.38211,32.92683
31.116644,1.7376195,81.808945,32.621952
32.294453,1.7376195,79.268295,29.268293
29.694168,1.7376195,95.52846,31.707317
32.32481,1.7376195,87.39838,43.205387
31.65007,1.7376195,92.479675,42.931206
38.406826,1.7376195,102.64227,34.146343
32.274506,1.7376195,134.65446,41.463413
32.648693,1.954822,140.75203,37.19512
38.406826,3.2580364,150.91463,46.951214
30.938831,2.1720243,143.80081,49.390244
30.049788,1.7376195,105.53328,47.256096
32.41643,1.7376195,105.691055,43.639038
24.715506,1.7376195,89.43089,34.146343
32.536465,1.7376195,81.30081,29.268293
23.29303,1.4955939,73.67886,43.425316
23.64865,1.7376195,74.18699,30.182926
24.359886,1.7376195,75.71138,42.69898
26.671408,2.1720243,52.845528,20.731707
32.216526,1.954822,70.63008,30.182926
33.605976,1.7376195,75.71138,34.756096
40.362732,1.7376195,81.808945,30.487804
40.89616,1.7376195,105.15856,29.878048
40.89616,1.7376195,126.01626,28.658537
40.89616,1.7376195,129.06505,26.524391
39.829304,1.7376195,130.0813,43.054825
36.806545,1.7376195,104.55109,33.841465
35.73969,1.7376195,109.756096,31.40244
34.31721,1.7376195,103.974915,30.487804
33.605976,1.7376195,98.57723,28.353659
35.20626,1.7376195,104.37111,29.878048
38.584637,1.7376195,117.88618,39.02439
37.162163,1.7376195,126.01626,43.890278
32.1835,1.954822,140.2439,50.30488
32.27168,1.954822,135.1626,43.83584
29.51636,1.7376195,126.01626,48.780487
27.027027,1.5064842,105.18293,44.207317
24.537695,1.7376195,92.479675,34.146343
23.115221,1.7376195,82.8252,30.792683
22.759602,1.7376195,75.71138,43.222794
23.115221,1.7376195,73.67886,27.743902
32.673283,1.7376195,65.54878,29.268293
26.13798,1.4453082,101.102806,18.59756
27.382647,1.7376195,67.07317,43.25401
30.405403,1.4819239,77.23577,25.914635
38.940254,1.7376195,92.98781,28.04878
42.140823,1.7376195,95.52846,42.584408
42.140823,1.7376195,112.80488,36.585365
32.350872,1.7376195,128.55692,39.32927
40.89616,1.7376195,81.30081,31.707317
32.263603,1.7376195,79.268295,32.317074
33.78378,1.7376195,70.12195,28.04878
33.428165,1.7376195,71.138214,29.878048
35.73969,1.4845244,75.71138,28.658537
40.71835,1.7376195,81.808945,26.829268
41.963017,1.7376195,94.00407,31.40244
43.029873,1.7376195,105.98162,38.414635
32.531174,1.7376195,127.032524,52.134148
32.1835,1.7376195,119.41057,54.57317
29.338549,1.4838412,109.756096,42.680252
27.204836,1.7376195,95.52846,37.5
24.004267,1.7376195,88.92277,33.841465
32.237206,1.7376195,84.349594,30.182926
23.115221,1.7376195,74.18699,30.182926
23.64865,1.7376195,73.17073,29.573172
32.213676,1.7376195,68.597565,42.723225
30.049788,1.7376195,56.40244,21.646341
42.318634,1.7376195,69.10569,29.268293
41.963017,1.5074271,88.414635,33.536587
40.362732,1.7376195,77.743904,26.829268
37.69559,1.7376195,70.12195,26.524391
36.450924,1.7376195,77.743904,32.012196
33.25035,1.7376195,86.89024,42.423145
31.827883,1.7376195,103.83948,39.02439
31.116644,1.7376195,103.9363,35.97561
29.871977,1.529681,67.07317,42.02292
30.583216,1.5091385,89.43089,39.939026
32.50709,1.7376195,86.38211,38.109756
32.484024,1.7376195,104.26572,44.207317
42.318634,1.7376195,107.261986,52.743904
43.741108,1.7376195,107.10168,46.951214
41.42959,1.7376195,138.21138,56.707317
32.562428,1.7376195,140.2439,55.792683
29.694168,1.7376195,123.47561,47.560974
26.849218,1.7376195,98.06911,42.07317
23.826458,1.7376195,97.05285,33.841465
22.93741,1.7376195,88.414635,29.573172
23.115221,1.7376195,80.28455,29.268293
23.470839,1.7376195,76.727646,27.743902
25.248934,1.7376195,68.597565,30.182926
29.871977,1.7376195,59.451218,21.036585
32.391266,1.7376195,78.76016,26.524391
32.431263,1.7376195,79.268295,28.04878
38.762447,1.7376195,104.82154,43.181423
32.550182,1.7376195,73.67886,29.878048
32.894737,1.7376195,74.18699,35.97561
32.444057,1.4808434,87.39838,35.365852
30.227596,1.7376195,80.28455,34.451218
28.982931,1.4418826,102.108696,30.792683
28.093884,1.7376195,67.5813,33.536587
28.982931,1.7376195,77.23577,35.365852
32.456577,1.7376195,79.77642,43.26719
33.78378,1.7376195,104.86434,33.536587
39.829304,1.7376195,129.06505,46.646343
41.785206,2.606429,133.63821,44.01873
38.940254,2.1720243,106.48018,66.15854
31.29445,1.954822,129.57317,67.37805
29.338549,1.5260417,114.837395,57.317074
27.204836,1.4883968,98.57723,49.695118
23.64865,1.7376195,103.42467,35.060974
23.115221,1.7376195,81.808945,29.573172
23.115221,1.7376195,79.268295,28.04878
23.29303,1.7376195,86.38211,43.16441
32.52682,1.4663727,75.71138,30.182926
32.243877,1.7376195,57.92683,42.21095
40.54054,1.7376195,77.743904,26.829268
38.406826,1.7376195,81.30081,31.40244
31.827883,1.7376195,82.31707,43.13245
31.116644,1.4851086,72.662605,26.829268
31.472263,1.7376195,72.662605,27.134146
30.405403,1.5351653,80.79269,43.320187
29.51636,1.4932493,81.808945,31.707317
30.227596,1.4699737,74.69512,28.04878
32.61174,1.7376195,85.36585,29.268293
28.449503,1.7376195,83.333336,32.621952
29.51636,1.7376195,102.20572,28.963415
37.162163,1.7376195,91.46342,32.92683
39.829304,1.7376195,123.98374,43.895405
36.984352,1.7376195,128.55692,35.060974
32.894737,1.4960868,141.7683,46.036587
30.938831,1.7376195,105.776276,56.707317
28.80512,1.7376195,103.15275,43.63198
26.849218,1.7376195,94.00407,36.585365
23.64865,1.7376195,83.84146,32.92683
22.403982,1.7376195,81.30081,28.353659
32.334473,1.5047443,77.743904,28.658537
22.93741,1.7376195,75.203255,42.67726
24.359886,1.7376195,66.56504,28.963415
29.694168,1.7376195,103.58339,21.95122
41.073967,1.7376195,74.18699,27.134146
40.71835,1.7376195,103.04903,24.695122
32.414314,1.7376195,103.33146,32.92683
32.36131,1.7376195,76.727646,38.414635
32.36131,1.7376195,70.63008,41.15854
32.894737,1.7376195,80.79269,39.939026
32.507107,2.1720243,81.30081,36.585365
29.51636,1.7376195,74.18699,37.5
32.33797,1.520417,75.71138,41.15854
26.13798,1.7376195,81.30081,37.5
26.493599,1.7376195,94.00407,42.682926
29.871977,1.7376195,95.52846,38.719513
32.29193,1.7376195,131.09756,44.2021
32.688526,1.954822,129.06505,45.42683
32.221786,1.7376195,140.75203,57.92683
32.534058,1.7376195,138.21138,44.02617
28.093884,1.7376195,114.32927,48.47561
25.604551,1.7376195,89.939026,35.365852
22.93741,1.5048543,80.28455,42.326767
22.403982,1.7376195,83.333336,43.486046
22.581793,1.7376195,73.67886,28.353659
22.581793,1.7376195,74.18699,43.351788
23.64865,1.7376195,74.18699,42.84828
27.916075,1.7376195,54.36992,20.121952
39.118065,1.7376195,71.138214,29.573172
32.65727,1.4849184,83.333336,39.02439
31.472263,1.7376195,82.31707,34.756096
29.871977,1.7376195,73.17073,39.939026
29.51636,1.7376195,63.00813,38.414635
29.338549,1.7376195,104.66179,36.585365
32.5491,1.520417,103.150406,37.19512
29.694168,1.7376195,75.71138,43.293934
27.560455,1.5286813,67.07317,37.19512
26.493599,1.7376195,91.97154,43.06901
32.621338,1.7376195,88.92277,40.853657
29.871977,1.7376195,93.49593,39.634148
31.472263,1.7376195,120.93496,43.333965
36.450924,1.7376195,158.02846,44.476017
32.894737,1.954822,152.94716,50.0
28.982931,2.3892267,106.67384,57.92683
27.916075,1.7376195,122.967476,55.487804
26.493599,1.7376195,103.36154,43.326588
23.115221,1.7376195,103.72289,38.109756
22.048365,1.3032146,101.27261,34.451218
22.226173,1.7376195,69.10569,37.19512
22.403982,1.520417,103.14843,37.19512
32.25269,1.7376195,73.67886,36.585365
25.782362,1.7376195,53.353657,42.77577
26.671408,1.5046856,68.08943,38.414635
28.982931,2.3892267,81.808945,35.365852
33.072548,1.7376195,86.38211,42.97692
34.672832,1.7376195,101.626015,38.719513
32.51406,1.4745957,102.13415,35.365852
32.233334,1.7376195,112.296745,38.109756
35.73969,1.7376195,110.26423,42.64552
33.961594,1.4706677,109.24797,40.853657
30.049788,1.520417,105.27629,42.987804
32.74807,1.7376195,115.34553,36.280487
27.382647,1.3032146,100.60976,35.97561
27.916075,1.7376195,104.6748,37.19512
30.938831,1.954822,122.967476,36.585365
32.1835,2.3892267,152.43903,41.76829
29.16074,1.7376195,147.86586,57.012196
27.560455,1.7376195,104.31859,53.963413
26.13798,1.450092,104.64717,47.256096
32.68584,1.7376195,105.691055,44.512196
23.115221,1.7376195,97.05285,48.47561
22.581793,1.7376195,78.25203,42.55077
22.226173,1.3032146,79.268295,32.012196
22.403982,1.7376195,74.69512,37.5
23.115221,1.7376195,69.61382,37.19512
32.53268,1.7376195,46.747967,43.37756
25.071123,1.5374718,52.845528,35.67073
25.426743,2.3892267,103.24318,33.536587
32.62925,1.7376195,103.30617,43.887993
35.73969,1.4663619,103.65854,29.878048
38.22902,1.7376195,123.47561,40.243904
39.473682,1.3032146,123.98374,39.939026
37.339973,1.4789199,104.97027,43.776028
32.36131,1.7376195,104.62352,51.219513
30.761023,1.7376195,93.49593,46.951214
28.093884,1.7376195,94.00407,39.32927
28.80512,1.7376195,86.89024,34.756096
29.871977,1.7376195,89.43089,42.79054
31.472263,1.7376195,103.361885,44.207317
34.139404,1.7376195,131.09756,46.951214
34.139404,1.7376195,165.6504,56.40244
28.80512,1.4833151,144.81708,54.878048
26.493599,1.7376195,123.47561,51.82927
24.893314,1.4655172,104.210266,38.719513
22.93741,1.7376195,75.203255,43.524433
22.226173,1.7376195,101.52056,32.012196
22.581793,1.7376195,72.15447,31.40244
22.759602,1.7376195,78.25203,42.44776
23.115221,1.7376195,72.662605,35.060974
28.271692,1.7376195,52.3374,25.914635
39.829304,1.7376195,105.304146,43.49767
40.54054,1.3032146,81.808945,43.059597
36.984352,1.7376195,74.69512,25.609756
35.73969,1.7376195,78.25203,42.81061
32.1835,1.5021204,87.39838,42.91877
30.583216,1.7376195,100.10162,43.08149
30.405403,1.7376195,85.873985,32.317074
29.338549,1.7376195,59.451218,30.487804
27.560455,1.7376195,69.10569,30.792683
28.627312,2.1720243,103.31197,32.012196
28.627312,1.7376195,71.138214,34.146343
32.61187,1.7376195,99.5935,40.853657
37.51778,1.7376195,107.01147,49.085365
39.829304,2.3892267,106.05498,47.865852
35.917496,1.4865848,104.45583,49.695118
30.405403,1.7376195,106.32014,63.414635
27.027027,1.7376195,125.50814,57.621952
25.071123,1.7376195,98.57723,43.20815
23.470839,1.7376195,102.04622,38.414635
32.4774,1.7376195,72.662605,31.707317
22.581793,1.7376195,68.597565,29.878048
22.759602,1.7376195,74.69512,30.182926
23.470839,1.3032146,68.08943,31.707317
28.80512,1.7376195,50.813007,24.390244
40.362732,1.7376195,69.61382,35.060974
40.362732,1.7376195,82.8252,31.09756
33.78378,1.520417,76.727646,42.971382
31.65007,1.7376195,67.5813,30.792683
31.29445,1.4898008,68.597565,27.134146
31.29445,1.4670091,91.97154,30.487804
32.46535,1.3032146,87.39838,31.09756
30.227596,1.7376195,63.516262,30.487804
32.638428,1.7376195,66.56504,34.756096
28.271692,2.1720243,74.18699,35.67073
31.472263,1.5201217,72.15447,30.487804
32.716927,1.7376195,90.44715,43.29709
38.940254,1.7376195,116.361786,42.07317
41.785206,1.5156745,120.42683,45.73171
37.339973,1.7376195,138.71951,53.963413
32.1835,1.7376195,154.47154,59.451218
28.627312,1.4906789,113.31301,56.40244
25.426743,1.4853411,95.52846,42.840202
23.115221,1.4977483,87.39838,35.060974
22.226173,1.4443766,102.36148,30.792683
22.581793,1.7376195,75.71138,28.658537
23.470839,1.4659834,101.30655,28.963415
24.004267,1.462577,101.72979,28.04878
31.29445,1.7376195,53.86179,21.646341
42.496445,1.7376195,75.203255,32.621952
41.607395,1.496171,83.333336,32.621952
32.13309,2.1720243,73.67886,42.809055
33.428165,1.4427488,103.71857,29.573172
34.495018,1.7376195,77.743904,30.792683
32.716927,1.4933368,95.020325,28.04878
30.405403,1.954822,82.31707,28.04878
30.227596,1.7376195,65.54878,35.97561
29.694168,1.5294037,72.662605,37.5
30.049788,1.7376195,64.532524,34.451218
33.072548,1.7376195,75.203255,42.72776
37.873398,1.7376195,103.80108,34.756096
41.607395,1.7376195,105.70169,34.146343
42.318634,1.4733756,128.55692,34.146343
40.00711,1.7376195,133.63821,43.931297
32.005688,1.7376195,165.6504,52.743904
32.156693,1.7376195,123.98374,43.310936
32.40788,1.7376195,93.49593,39.634148
23.29303,1.7376195,102.37499,32.012196
22.93741,1.7376195,77.23577,28.963415
22.581793,1.7376195,64.02439,27.743902
22.759602,1.7376195,77.743904,30.487804
23.64865,1.7376195,73.67886,28.04878
32.53022,1.7376195,55.386177,21.95122
41.42959,1.7376195,104.49857,32.012196
41.963017,1.7376195,87.9065,43.092255
36.095306,2.1720243,105.6367,43.30119
36.806545,1.954822,82.31707,42.157772
34.85064,1.7376195,88.414635,29.573172
31.29445,1.7376195,96.03658,36.890244
29.338549,1.7376195,97.560974,33.23171
28.627312,1.7376195,80.79269,33.536587
28.271692,1.520417,65.04065,32.012196
27.738264,1.7376195,61.483738,31.707317
32.5522,1.7376195,78.76016,34.146343
36.450924,1.7376195,88.414635,40.243904
32.358025,1.7376195,107.21545,47.560974
32.642616,2.606429,119.41057,51.52439
41.073967,2.1720243,150.91463,52.134148
35.56188,1.7376195,152.43903,60.060974
32.12851,1.4816322,119.41057,53.658535
25.96017,1.497425,94.00407,36.585365
23.826458,1.7376195,104.39274,43.14763
22.403982,1.7376195,101.50255,31.09756
22.759602,1.7376195,70.63008,28.963415
22.93741,1.4335968,101.30368,27.134146
23.64865,1.3032146,68.597565,28.658537
32.024384,1.954822,52.845528,42.178005
32.69121,1.7376195,73.67886,26.219515
41.963017,1.7376195,79.77642,32.012196
39.473682,1.7376195,78.76016,25.304878
36.806545,1.7376195,103.62926,30.182926
34.85064,2.1720243,105.680016,35.97561
32.36131,1.4957439,94.51219,31.09756
29.871977,1.4749198,96.544716,27.743902
32.215733,1.7376195,83.333336,33.23171
29.694168,1.7376195,78.76016,42.471992
31.116644,1.7376195,87.9065,39.939026
33.78378,1.7376195,77.23577,40.853657
36.628735,1.7376195,105.18293,46.036587
39.651493,1.7376195,103.150406,44.207317
41.073967,1.476575,127.032524,37.5
36.628735,1.7376195,149.39024,44.352436
30.049788,1.4656605,143.29268,43.356964
32.661625,1.5007666,121.44309,43.08222
26.849218,1.7376195,100.60976,45.42683
23.64865,1.7376195,84.85773,34.451218
22.403982,1.46703,72.662605,28.353659
32.54958,1.7376195,69.61382,27.743902
22.93741,1.7376195,74.69512,28.963415
23.29303,1.7376195,77.23577,27.134146
32.33577,1.7376195,55.386177,19.817074
32.53912,1.7376195,68.597565,25.0
32.171,1.7376195,87.9065,42.716663
41.073967,1.5008212,87.9065,25.914635
41.251778,1.7376195,105.691055,43.513626
41.251778,1.4838312,100.10162,29.268293
32.68902,1.4763308,102.13415,30.792683
39.829304,1.7376195,123.98374,23.475607
38.22902,1.7376195,113.31301,42.378048
34.672832,1.7376195,106.34333,43.98775
32.005688,1.7376195,103.57113,43.584473
32.39326,1.7376195,100.60976,26.219515
37.69559,1.7376195,109.24797,29.268293
41.251778,1.7376195,121.95122,39.02439
40.54054,1.483988,130.0813,39.02439
33.961594,1.7376195,142.27643,46.646343
32.553085,1.7376195,105.53753,52.134148
29.16074,1.7376195,128.55692,43.18993
26.493599,1.7376195,108.231705,42.76481
24.182077,1.7376195,98.06911,34.756096
22.93741,1.7376195,101.956924,29.878048
22.581793,1.7376195,70.12195,29.268293
32.10275,1.7376195,76.21951,43.17787
23.470839,1.7376195,76.727646,28.353659
26.31579,1.7376195,102.03415,20.731707
32.340443,1.7376195,102.242516,21.95122
32.715763,1.4304813,101.40307,20.121952
38.406826,1.7376195,95.020325,28.04878
32.346848,1.7376195,102.345146,30.182926
32.58546,1.4594945,129.57317,32.012196
41.42959,1.4789853,104.9218,32.92683
41.073967,1.7376195,107.72358,42.90526
37.339973,1.4727815,105.840836,43.681477
33.78378,1.7376195,102.47817,29.878048
32.118847,1.954822,92.479675,43.057285
32.812645,2.606429,87.9065,25.0
34.31721,1.7376195,97.05285,37.5
34.31721,1.954822,105.691055,36.585365
41.073967,2.606429,117.88618,35.67073
38.05121,1.4819793,105.326,43.682663
32.17124,1.954822,105.55645,55.182926
28.093884,1.4961455,124.49187,44.207317
26.849218,1.7376195,100.10162,43.815475
24.004267,1.7376195,78.76016,32.621952
22.403982,1.7376195,65.54878,27.439024
22.581793,1.7376195,61.99187,26.829268
23.115221,1.520417,72.662605,26.829268
32.28792,1.520417,103.60578,25.609756
30.405403,1.603509,50.813007,43.761734
32.282707,1.7376195,104.96272,43.409065
40.18492,1.7376195,94.51219,42.546837
32.409073,1.4780077,86.89024,35.060974
33.428165,1.7376195,80.28455,39.32927
32.716927,1.7376195,87.9065,37.80488
30.583216,1.7376195,104.884995,38.414635
30.405403,1.7376195,91.97154,34.146343
30.583216,1.520417,70.63008,32.92683
20.981508,1.954822,78.76016,31.707317
30.405403,1.7376195,78.25203,35.97561
30.405403,1.7376195,79.77642,34.756096
34.139404,1.7376195,89.939026,41.76829
32.592102,1.7376195,125.50814,52.43903
40.54054,2.3892267,106.083755,46.036587
39.118065,1.954822,106.58309,43.154568
32.452347,1.7376195,146.34146,55.792683
30.227596,1.7376195,104.47016,46.951214
25.96017,1.7376195,101.11789,38.414635
32.546654,1.7376195,89.43089,36.585365
22.581793,1.7376195,74.69512,29.878048
22.93741,1.4796486,68.597565,27.134146
32.22674,1.7376195,104.225746,43.946007
32.675907,1.7376195,71.64634,26.219515
30.405403,1.482783,52.3374,19.207317
40.89616,1.7376195,72.662605,25.609756
39.651493,1.5162952,81.808945,42.057777
31.65007,1.4980599,81.808945,33.536587
32.674732,1.7376195,71.138214,34.146343
30.227596,1.5355775,75.71138,42.359795
29.51636,1.7376195,103.19866,43.90244
29.871977,1.7376195,92.479675,39.02439
29.694168,1.7376195,103.00488,37.80488
28.271692,1.7376195,69.10569,39.02439
30.761023,1.4903255,81.808945,45.121952
29.871977,1.5364664,78.25203,51.82927
32.229527,1.954822,94.00407,47.865852
39.651493,1.5394033,104.166664,50.30488
41.963017,1.5147276,105.48096,52.134148
40.18492,1.954822,105.64288,53.658535
33.25035,1.4893535,105.70373,59.756096
32.502346,1.7376195,114.837395,43.190723
27.027027,1.7376195,90.44715,39.634148
24.537695,1.7376195,86.89024,31.707317
32.644814,1.7376195,70.12195,28.658537
23.115221,1.520417,104.226006,43.316257
23.29303,1.4882895,72.662605,29.573172
24.182077,1.7376195,103.26282,27.134146
32.36131,1.7376195,53.86179,21.646341
32.43833,1.7376195,67.07317,29.268293
41.073967,2.1720243,103.715195,27.743902
36.095306,1.7376195,76.727646,32.317074
35.02845,1.7376195,69.10569,39.02439
36.450924,1.7376195,104.83076,43.774174
33.78378,1.7376195,94.51219,42.42769
31.827883,1.954822,85.873985,39.32927
32.005688,1.7376195,105.779274,42.967228
30.405403,1.7376195,104.82912,43.87159
32.49332,1.4962537,74.18699,51.82927
27.916075,1.7376195,83.333336,44.817074
29.871977,1.7376195,104.6748,48.47561
34.139404,2.3892267,130.0813,50.914635
37.51778,1.954822,105.501854,54.26829
34.495018,1.505928,149.39024,43.49317
28.80512,1.7376195,149.39024,62.19512
32.440697,1.7376195,113.31301,50.914635
32.446846,1.7376195,91.97154,43.654602
23.826458,1.520417,79.77642,38.719513
32.329227,1.7376195,103.01547,37.80488
22.759602,1.7376195,70.12195,34.756096
23.115221,1.7376195,102.22768,36.280487
23.826458,1.7376195,68.597565,35.060974
32.58443,2.1720243,58.43496,32.621952
39.829304,1.7376195,73.17073,34.146343
38.762447,1.5306456,80.28455,39.02439
30.938831,1.7376195,78.25203,40.548782
30.761023,1.7376195,77.743904,42.815475
32.3629,1.5090568,76.21951,51.219513
29.871977,1.7376195,105.90474,50.0
28.449503,1.5042311,80.28455,41.76829
28.093884,1.7376195,104.81264,38.109756
27.738264,1.7376195,104.62,43.28123
32.18967,1.4870725,74.69512,35.365852
32.5318,1.7376195,77.23577,36.280487
32.1835,1.7376195,104.95236,43.292683
38.762447,1.7376195,106.70731,51.219513
40.18492,1.954822,111.78862,43.59756
36.095306,1.954822,124.49187,44.512196
29.51636,1.5019263,140.75203,53.963413
27.382647,1.7376195,113.82114,46.036587
25.782362,1.7376195,104.555084,37.19512
32.211864,1.4670011,85.36585,32.317074
22.581793,1.7376195,72.662605,29.268293
22.759602,1.7376195,68.597565,27.439024
32.24009,1.7376195,72.662605,27.743902
32.2683,1.7376195,71.138214,42.604458
30.049788,1.7376195,53.86179,22.256098
41.073967,1.7376195,74.18699,27.134146
32.37548,1.5001221,79.268295,37.5
37.873398,1.7376195,75.203255,35.365852
35.73969,1.520417,78.25203,31.40244
35.73969,1.7376195,77.743904,32.012196
33.961594,1.7376195,95.020325,42.90813
30.405403,1.7376195,97.05285,30.487804
29.338549,1.7376195,72.15447,34.451218
29.694168,1.7376195,78.76016,39.634148
28.627312,1.7376195,83.333336,31.707317
32.1835,1.5205718,79.77642,37.80488
35.56188,1.7376195,99.5935,41.76829
39.829304,1.4865594,112.80488,35.97561
40.362732,2.1720243,105.7262,29.878048
33.605976,1.7376195,124.49187,43.487587
30.049788,2.1720243,148.37398,48.780487
32.464985,1.4900424,126.52439,43.59756
32.43715,1.7376195,103.150406,43.5067
24.537695,1.5030339,96.544716,42.875355
22.93741,1.7376195,79.268295,28.353659
22.93741,1.4523523,104.03642,44.03459
23.29303,1.7376195,78.76016,28.963415
23.470839,1.7376195,70.63008,26.524391
27.382647,1.7376195,52.845528,43.026142
32.398907,1.7376195,105.3514,43.293575
36.628735,1.7376195,90.955284,28.04878
41.607395,2.1720243,104.10381,26.219515
42.318634,1.4752291,104.06364,34.451218
42.140823,1.5430223,103.65854,42.694305
41.607395,1.3032146,121.44309,30.487804
40.54054,1.7376195,108.231705,27.743902
38.406826,1.4874543,104.6748,49.390244
36.273117,1.5195116,101.626015,44.207317
34.31721,1.49787,104.06228,42.987804
39.118065,1.7376195,105.18293,38.719513
40.54054,1.4885046,104.50875,35.365852
42.318634,2.3892267,119.41057,35.060974
42.318634,1.7376195,126.01626,36.890244
37.873398,1.7376195,131.6057,40.548782
29.16074,1.7376195,152.94716,51.52439
28.271692,1.7376195,104.772064,43.176346
29.16074,1.5141078,105.18293,49.085365
25.782362,1.7376195,88.92277,36.890244
24.004267,1.4959388,77.743904,42.40664
32.693413,1.5021496,77.23577,28.04878
24.004267,1.462889,82.31707,28.353659
24.359886,1.7376195,101.80025,25.914635
28.093884,1.954822,50.30488,21.036585
29.871977,1.7376195,103.5422,22.560976
32.458817,1.7376195,76.727646,21.036585
40.89616,1.7376195,86.38211,27.439024
32.176155,1.4784473,103.150406,41.15854
41.42959,1.7376195,113.31301,42.621204
41.785206,1.7376195,115.34553,37.80488
40.89616,1.4969219,101.11789,42.30312
32.349438,1.7376195,83.84146,30.487804
34.139404,1.7376195,75.71138,34.451218
32.598827,1.7376195,81.30081,37.5
34.495018,1.7376195,78.25203,34.451218
39.829304,1.7376195,84.85773,42.744614
42.67425,2.1720243,105.691055,42.987804
44.274536,1.7376195,106.816,43.59756
41.785206,1.7376195,133.13008,45.121952
32.69412,2.606429,105.79421,53.353657
33.428165,1.5159005,121.95122,50.0
29.694168,1.4829289,104.22796,41.15854
24.715506,1.7376195,94.00407,31.09756
23.29303,1.4771099,74.69512,29.573172
32.629948,1.7376195,73.67886,28.353659
23.29303,1.7376195,72.662605,28.658537
24.004267,1.7376195,67.5813,28.04878
32.339943,1.7376195,53.86179,23.780487
42.318634,1.7376195,76.727646,24.390244
32.456924,1.7376195,78.25203,28.04878
40.54054,1.7376195,77.743904,30.182926
32.189762,1.7376195,73.17073,32.012196
36.273117,1.7376195,82.8252,35.365852
34.85064,1.7376195,91.97154,47.865852
32.894737,1.7376195,92.479675,43.90244
32.44731,1.5068436,80.79269,35.060974
32.573082,1.4989367,80.28455,50.914635
31.472263,1.477462,104.004585,43.18679
33.961594,1.4996413,95.020325,49.390244
40.00711,1.7376195,109.756096,56.09756
43.20768,1.4870149,133.13008,55.487804
46.941677,1.7376195,155.99594,55.487804
42.67425,1.7376195,107.37328,57.621952
34.495018,1.7376195,105.98286,64.32927
31.827883,1.7376195,110.772354,43.506798
28.271692,1.7376195,105.04766,42.99105
24.537695,1.7376195,91.97154,49.085365
32.566124,1.503662,76.727646,43.59756
23.115221,1.7376195,102.1525,41.15854
23.29303,1.7376195,78.76016,38.414635
23.826458,1.7376195,65.04065,33.23171
30.938831,1.7376195,103.98264,24.390244
32.385975,1.7376195,76.21951,27.439024
41.42959,1.5172033,82.31707,32.621952
39.118065,1.7376195,71.64634,42.07175
35.56188,1.7376195,104.665085,36.280487
32.716927,1.48079,80.28455,34.756096
32.577732,1.7376195,105.12917,41.15854
29.16074,1.7376195,72.15447,43.90244
28.80512,1.7376195,74.18699,53.048782
28.093884,1.7376195,78.25203,47.560974
28.449503,1.7376195,91.97154,47.560974
32.005688,1.7376195,103.027405,37.5
36.806545,1.7376195,120.42683,42.07317
42.852062,1.7376195,121.95122,50.609756
46.40825,1.7376195,134.65446,59.756096
41.42959,1.954822,141.7683,44.073025
32.54661,1.954822,149.39024,68.597565
32.4188,2.1720243,111.28049,56.40244
27.738264,1.7376195,97.560974,54.878048
24.004267,1.7376195,91.46342,42.981438
32.402016,1.7376195,103.33509,39.02439
22.759602,1.5137309,76.21951,42.997566
23.470839,1.7376195,74.69512,37.5
32.712746,1.7376195,77.23577,32.92683
31.29445,1.7376195,53.353657,26.219515
43.741108,1.954822,78.25203,27.439024
41.42959,1.7376195,82.8252,29.268293
36.806545,1.7376195,103.471504,31.09756
37.162163,1.7376195,70.63008,31.40244
33.428165,1.7376195,73.17073,42.553738
32.005688,1.7376195,80.28455,39.32927
32.53743,1.7376195,103.11822,33.841465
30.049788,1.7376195,67.07317,42.682926
27.916075,1.4839907,84.85773,33.536587
28.271692,1.954822,76.727646,32.621952
32.53726,1.7376195,72.15447,33.23171
38.05121,1.7376195,107.21545,42.987804
40.71835,1.7376195,106.3492,42.07317
42.496445,1.7376195,126.01626,43.774254
40.00711,1.7376195,150.91463,51.52439
32.005688,1.5018023,151.9309,60.67073
30.227596,1.5082451,120.93496,57.012196
28.627312,1.7376195,103.92166,47.256096
24.715506,1.7376195,103.05267,44.512196
32.49398,1.446664,103.41901,37.80488
23.470839,1.4781355,103.35048,38.414635
23.64865,1.7376195,76.21951,42.632805
24.004267,1.7376195,63.516262,42.665855
30.938831,1.7376195,57.92683,42.49146
41.963017,1.7376195,74.18699,42.341713
40.54054,1.7376195,77.743904,30.792683
32.072388,1.7376195,74.69512,42.795055
33.428165,1.5292345,73.17073,36.890244
32.38175,1.4724857,81.808945,35.060974
32.2601,1.7376195,78.76016,41.15854
33.072548,1.7376195,103.25548,34.451218
32.53912,1.7376195,103.28716,37.19512
32.341408,1.7376195,71.64634,42.330513
32.1835,1.5001593,70.63008,39.32927
31.65007,1.5056916,79.77642,32.92683
36.273117,1.4997654,105.10125,43.52023
38.584637,1.7376195,104.42321,43.38036
32.21625,1.4649084,104.17101,49.695118
39.651493,1.4727492,145.32521,53.658535
35.384068,1.7376195,104.68254,44.002285
29.338549,1.7376195,117.88618,43.069202
27.916075,1.7376195,98.06911,47.256096
24.182077,1.7376195,81.30081,41.15854
22.93741,1.7376195,75.203255,38.719513
22.93741,1.4916631,74.69512,40.243904
23.470839,1.7376195,73.67886,35.67073
23.826458,1.7376195,58.94309,42.083458
31.472263,1.7376195,102.72464,22.865854
40.89616,1.7376195,75.203255,25.609756
39.651493,1.7376195,84.349594,30.182926
34.85064,1.5156382,76.21951,31.09756
32.51359,1.4937754,63.516262,39.939026
31.116644,1.5038483,81.30081,38.109756
31.65007,1.7376195,104.6748,39.02439
29.16074,1.7376195,103.24428,36.280487
28.271692,1.7376195,75.203255,40.548782
27.204836,1.7376195,80.28455,36.280487
26.671408,1.7376195,86.89024,39.939026
27.738264,1.4889604,90.44715,40.853657
28.80512,1.7376195,104.378365,43.245605
30.938831,1.5193669,116.86992,42.853504
32.48022,1.954822,111.78862,33.536587
29.51636,2.606429,133.63821,44.512196
26.849218,2.1720243,139.73578,50.609756
27.738264,1.7376195,114.32927,51.219513
26.671408,1.7376195,101.626015,48.780487
24.004267,1.4868422,85.873985,43.432983
22.93741,1.7376195,79.77642,29.878048
23.115221,1.499034,70.12195,29.268293
32.491917,1.7376195,70.12195,43.320644
23.64865,1.7376195,60.97561,28.04878
27.027027,1.7376195,48.780487,19.207317
32.6876,1.7376195,63.00813,22.560976
29.694168,1.7376195,75.71138,28.04878
33.25035,1.7376195,87.9065,43.11196
35.56188,1.954822,97.560974,46.036587
37.51778,1.7376195,110.26423,48.47561
36.984352,1.7376195,148.88211,52.743904
34.139404,1.7376195,130.58943,44.817074
33.072548,1.7376195,122.45935,55.792683
30.761023,1.7376195,101.11789,42.783466
28.80512,1.7376195,98.06911,43.724762
27.382647,1.7376195,104.166664,41.76829
28.80512,1.4810108,113.82114,43.434994
32.419617,1.4881046,104.218796,51.219513
32.1835,2.8236315,143.29268,42.378048
32.397736,2.1720243,118.39431,45.121952
27.027027,1.7376195,124.49187,53.658535
27.027027,1.4883025,118.902435,51.82927
27.738264,1.7376195,91.46342,40.548782
24.182077,1.7376195,88.414635,39.32927
22.93741,1.7376195,82.8252,42.817783
22.93741,1.7376195,104.521194,43.09274
32.15808,1.7376195,102.96264,43.852962
23.29303,1.7376195,103.16399,30.182926
25.96017,1.7376195,45.73171,21.95122
25.96017,1.7376195,102.35488,24.390244
26.13798,1.7376195,66.56504,43.325905
30.405403,1.7376195,102.60052,35.67073
33.78378,1.7376195,106.19919,43.075253
33.961594,1.520417,125.0,43.75519
38.05121,1.520417,148.88211,50.914635
36.984352,1.7376195,112.80488,42.378048
32.716927,1.7376195,81.30081,44.207317
32.384495,1.7376195,83.84146,33.23171
28.80512,1.7376195,103.517525,32.621952
27.560455,1.7376195,87.39838,37.5
28.271692,1.7376195,102.47765,36.585365
30.405403,1.4680243,110.26423,41.463413
32.005688,1.5006714,99.5935,39.634148
29.694168,1.954822,106.19919,44.207317
32.380184,1.7376195,115.34553,53.048782
26.849218,1.7376195,101.626015,49.390244
32.31002,1.7376195,103.65854,43.7152
25.071123,1.4680358,103.10426,40.243904
23.115221,1.7376195,103.90283,33.536587
32.21692,1.7376195,65.04065,33.23171
32.409157,1.7376195,67.07317,42.813522
23.826458,1.7376195,103.430565,43.141308
26.671408,1.7376195,46.239838,24.695122
26.31579,1.7376195,60.46748,23.780487
32.307716,1.7376195,61.99187,42.45792
32.403713,1.7376195,101.45848,23.475607
37.162163,1.7376195,95.52846,32.92683
38.940254,1.4990537,117.37805,38.414635
39.473682,1.7376195,104.98609,43.292683
36.984352,1.7376195,121.44309,39.32927
35.20626,1.4857919,120.42683,42.987804
34.139404,1.7376195,110.772354,35.67073
33.78378,1.7376195,104.42689,38.719513
32.53912,1.7376195,105.18293,37.80488
32.48992,1.4811391,115.34553,29.573172
38.940254,2.1720243,105.07449,39.02439
39.829304,1.5181692,126.52439,47.256096
32.50181,1.7376195,129.57317,48.780487
32.37535,1.520417,129.57317,54.878048
32.450413,1.7376195,115.85366,42.8526
27.382647,1.7376195,97.560974,40.548782
24.182077,1.7376195,85.36585,40.243904
32.47308,1.7376195,103.505775,34.146343
23.64865,1.7376195,68.08943,30.792683
23.826458,1.5009756,66.05691,31.09756
24.715506,1.4866298,57.418697,28.963415
30.405403,1.7376195,52.845528,21.646341
38.940254,1.4901776,73.17073,27.134146
39.829304,1.5148532,84.85773,36.585365
32.35276,1.7376195,75.203255,33.536587
31.472263,1.7376195,70.12195,39.32927
29.338549,1.5309578,75.71138,43.18326
38.406826,1.7376195,106.389435,45.121952
29.694168,1.7376195,84.349594,40.243904
32.51247,1.7376195,78.76016,49.695118
28.093884,1.7376195,92.479675,42.682926
28.982931,1.7376195,79.77642,37.80488
30.405403,1.7376195,83.333336,34.451218
33.428165,1.7376195,105.89429,44.04161
35.56188,1.5021874,134.14635,50.609756
39.651493,1.954822,133.13008,43.737946
38.05121,1.7376195,131.09756,42.987804
32.750397,1.7376195,146.8496,50.914635
27.027027,1.7376195,116.86992,42.682926
27.382647,1.7376195,102.64227,38.414635
32.46355,1.7376195,91.46342,42.537464
22.93741,1.5085654,81.30081,42.732883
22.581793,1.4671961,74.69512,31.09756
23.115221,1.7376195,71.64634,43.187042
23.29303,1.7376195,67.5813,25.609756
32.522842,1.7376195,53.86179,21.341463
38.05121,1.7376195,75.71138,25.304878
32.466034,1.7376195,78.25203,33.23171
37.339973,1.7376195,77.743904,38.719513
35.02845,1.954822,68.08943,40.853657
32.36131,1.7376195,77.743904,38.414635
33.25035,1.7376195,89.939026,40.548782
31.827883,2.3892267,87.39838,36.890244
31.116644,1.7376195,85.873985,47.865852
31.116644,1.7376195,78.76016,32.92683
32.317554,1.7376195,78.76016,30.792683
32.260662,1.7376195,80.79269,33.23171
41.607395,1.7376195,79.77642,33.23171
43.20768,1.7376195,104.6748,40.548782
43.38549,1.5101057,126.52439,42.765007
41.607395,1.954822,122.45935,43.90244
32.716927,1.7376195,123.98374,54.57317
32.412712,1.7376195,106.19919,46.036587
29.338549,1.7376195,99.5935,42.682926
32.416653,1.7376195,88.92277,34.756096
23.64865,1.7376195,73.67886,30.182926
32.729813,1.7376195,103.481476,28.353659
23.470839,1.7376195,70.12195,43.21615
24.004267,1.7376195,102.00869,27.439024
32.005688,1.7376195,53.353657,19.207317
32.682148,1.7376195,67.07317,20.121952
32.1835,2.1720243,73.67886,42.980686
38.940254,1.7376195,104.99009,25.304878
41.073967,1.4825788,103.150406,32.621952
41.073967,1.7376195,105.023254,26.219515
32.576176,1.7376195,109.24797,33.23171
32.192734,1.4982151,99.085365,43.76324
37.51778,1.7376195,84.349594,42.51343
32.894737,1.7376195,103.4388,24.695122
30.227596,1.7376195,101.11789,23.780487
31.827883,1.4627869,93.49593,26.524391
32.758816,2.606429,102.324615,29.268293
32.495907,1.954822,101.11789,34.451218
32.52652,1.4737495,111.28049,31.707317
40.00711,1.7376195,103.890144,35.67073
31.29445,1.4483488,160.5691,48.47561
30.405403,1.7376195,127.032524,47.256096
29.694168,1.7376195,112.296745,41.15854
25.604551,1.7376195,92.479675,29.878048
23.115221,1.7376195,84.349594,28.04878
23.29303,1.7376195,76.21951,28.963415
23.29303,1.4691391,74.69512,28.658537
23.826458,1.7376195,68.08943,42.210854
34.495018,1.7376195,101.76523,19.512196
38.940254,1.7376195,75.71138,43.114254
40.54054,1.506842,84.349594,30.792683
37.69559,1.7376195,78.76016,29.573172
36.806545,1.7376195,105.4921,37.5
37.339973,1.7376195,90.955284,42.7739
32.262337,1.7376195,109.756096,38.109756
33.428165,1.7376195,89.43089,42.40766
32.53912,1.7376195,84.85773,43.330082
30.049788,1.4376761,102.068504,35.060974
30.049788,1.7376195,101.626015,39.634148
35.02845,1.5203768,96.03658,37.5
39.473682,1.7376195,111.78862,40.853657
41.251778,1.7376195,121.44309,39.634148
41.785206,2.606429,126.52439,43.174744
39.295876,2.1720243,135.1626,38.414635
32.744377,1.954822,134.14635,50.914635
30.761023,1.4798473,104.73695,47.256096
31.29445,1.7376195,98.06911,41.463413
32.44806,1.7376195,95.52846,37.5
32.330006,1.480985,75.203255,29.878048
32.53922,1.7376195,103.208916,43.802635
23.470839,1.7376195,66.05691,42.609425
23.826458,1.503986,70.12195,43.3329
31.827883,1.7376195,58.43496,21.036585
30.049788,1.5503846,70.63008,43.140182
34.85064,1.7376195,102.863464,23.475607
32.547333,1.4638041,101.626015,25.914635
41.251778,1.7376195,110.772354,42.442806
40.71835,1.7376195,103.68884,29.573172
32.239567,1.7376195,118.902435,37.5
40.71835,1.7376195,113.31301,43.059723
37.69559,1.7376195,95.020325,46.341465
36.095306,1.7376195,105.514725,43.03653
32.35072,1.7376195,99.5935,35.67073
33.072548,1.7376195,105.24086,35.365852
39.473682,1.7376195,103.91659,38.414635
32.549942,1.7376195,121.95122,43.915863
41.607395,2.1720243,111.78862,36.280487
39.829304,1.4855164,106.00925,37.80488
32.53912,1.7376195,133.13008,50.609756
30.761023,1.4721744,128.04878,41.463413
32.4826,1.7376195,116.361786,36.890244
27.204836,1.7376195,100.10162,38.719513
23.826458,1.7376195,94.51219,34.756096
23.29303,1.7376195,85.36585,29.878048
23.64865,1.7376195,82.8252,43.164585
24.182077,1.7376195,76.21951,26.829268
32.1835,1.7376195,49.79675,42.596867
28.80512,1.4973055,65.04065,20.731707
31.65007,1.7376195,69.10569,20.426828
38.584637,1.7376195,87.39838,22.560976
41.607395,1.5076052,99.5935,42.30435
42.496445,1.7376195,120.42683,35.67073
42.496445,1.954822,117.37805,40.243904
41.073967,1.7376195,104.6748,42.536568
39.118065,1.7376195,91.97154,45.42683
32.246136,1.7376195,88.414635,40.548782
34.672832,1.7376195,89.939026,39.939026
39.295876,1.5090897,97.560974,36.890244
40.18492,1.7376195,80.28455,46.341465
40.89616,1.7376195,89.939026,39.02439
41.607395,1.7376195,104.6748,42.712223
37.69559,1.7376195,106.501366,45.121952
32.17618,1.4788643,103.51496,43.251545
29.16074,1.7376195,103.984314,43.251495
28.982931,1.7376195,90.955284,43.03618
26.13798,1.7376195,81.30081,32.012196
32.366535,1.7376195,80.28455,32.317074
23.115221,1.7376195,73.17073,30.487804
32.742184,1.7376195,72.15447,26.829268
32.050877,1.7376195,76.21951,42.792973
32.584183,1.7376195,53.86179,18.292683
38.406826,1.7376195,69.61382,21.341463
39.651493,1.5114207,75.71138,42.05128
33.961594,1.7376195,74.69512,27.134146
32.36131,1.7376195,79.268295,30.182926
32.005688,1.7376195,78.76016,35.67073
32.53912,1.7376195,88.92277,42.770798
32.005688,1.7376195,88.92277,37.19512
31.29445,1.7376195,72.15447,43.284924
28.80512,2.1720243,104.87141,50.609756
27.560455,1.7376195,91.46342,42.925087
29.16074,1.7376195,76.727646,43.59756
30.227596,1.7376195,101.11789,45.73171
32.39364,1.4617045,104.533806,53.048782
39.829304,1.5041752,127.54066,53.353657
36.273117,1.5069226,103.898766,43.41382
28.627312,1.5092924,131.09756,63.719513
26.671408,1.7376195,105.04881,50.914635
26.849218,1.7376195,92.98781,43.420006
24.359886,1.7376195,89.939026,33.841465
32.30493,1.7376195,77.743904,43.22148
22.581793,1.7376195,77.743904,42.618153
22.581793,1.7376195,72.662605,31.09756
23.115221,1.7376195,61.483738,27.134146
31.29445,1.7376195,49.288616,42.6842
35.20626,1.507871,105.8391,42.94372
36.273117,1.7376195,78.76016,28.04878
31.29445,1.7376195,79.268295,42.2691
29.871977,1.5063704,71.64634,31.40244
29.16074,1.7376195,104.12869,37.5
29.51636,1.7376195,80.28455,43.200584
32.372486,1.7376195,82.8252,35.97561
28.982931,1.7376195,72.15447,43.292683
32.397064,1.7376195,76.21951,36.890244
32.414154,1.7376195,80.79269,33.536587
26.671408,1.7376195,79.77642,31.707317
28.271692,1.7376195,86.38211,37.80488
33.25035,2.3892267,105.94194,53.353657
36.095306,1.7376195,125.0,47.256096
35.384068,1.7376195,133.13008,46.341465
28.449503,1.7376195,134.65446,52.134148
26.493599,1.7376195,115.85366,43.548687
27.027027,1.7376195,103.39088,43.394444
23.826458,1.4865574,90.44715,43.441475
22.759602,1.7376195,101.99978,30.792683
32.06672,1.7376195,74.69512,43.08677
22.93741,1.4326857,100.86603,27.134146
23.115221,1.7376195,66.05691,26.219515
31.827883,1.5093504,59.95935,20.121952
33.78378,1.7376195,70.12195,23.780487
35.384068,1.7376195,106.37788,43.531788
30.938831,1.4340069,104.27499,30.182926
32.634937,1.7376195,86.89024,26.524391
32.517166,1.4547944,102.964485,43.54436
29.694168,1.7376195,94.51219,35.67073
29.16074,1.4950722,86.38211,32.317074
32.45943,1.5005141,79.77642,35.97561
27.382647,1.7376195,80.79269,37.5
28.271692,1.7376195,79.77642,32.92683
28.80512,1.954822,79.77642,33.23171
32.1835,1.4846708,86.89024,39.32927
34.85064,1.7376195,111.28049,41.463413
32.416412,3.040834,107.21545,34.146343
32.24255,1.4992334,123.47561,44.512196
32.54665,1.4944278,139.22765,44.265144
27.560455,1.7376195,121.95122,46.036587
32.464996,1.7376195,95.020325,39.02439
24.715506,1.520417,81.808945,32.317074
23.115221,1.520417,72.662605,30.182926
32.472507,1.7376195,66.05691,29.268293
23.115221,1.4826607,67.07317,30.487804
23.29303,1.7376195,58.94309,31.09756
32.894737,1.7376195,51.82927,42.364223
32.755123,1.7376195,76.21951,23.780487
40.54054,1.505137,82.31707,25.914635
35.20626,1.954822,86.89024,43.39079
33.072548,1.7376195,104.495766,31.40244
32.716927,1.7376195,95.52846,37.5
31.116644,1.954822,111.28049,34.146343
32.24652,1.7376195,92.98781,43.03224
29.51636,1.520417,88.92277,28.04878
32.742764,1.7376195,103.260124,31.09756
28.627312,1.7376195,82.8252,29.878048
29.338549,1.7376195,104.89319,43.140526
36.806545,1.5149184,86.38211,38.414635
40.71835,2.1720243,107.72358,39.634148
32.50588,2.3892267,103.093376,39.939026
39.473682,1.7376195,126.01626,46.341465
30.049788,1.7376195,149.89838,50.30488
28.449503,1.4566371,122.45935,42.987804
29.16074,1.7376195,97.05285,36.890244
32.413166,1.7376195,85.873985,31.707317
23.29303,1.7376195,73.67886,28.658537
22.759602,1.7376195,66.56504,28.658537
32.632275,1.484675,65.54878,29.268293
23.29303,1.4972715,61.99187,25.609756
33.072548,1.6054491,51.321136,43.804546
37.51778,1.7376195,73.67886,22.865854
40.89616,1.7376195,81.30081,24.085365
39.473682,1.7376195,80.28455,24.085365
35.73969,1.452287,103.331474,35.97561
37.162163,1.5123452,104.166664,43.292683
33.072548,1.7376195,118.39431,42.99823
31.65007,1.7376195,87.39838,37.5
31.29445,1.5065583,84.349594,39.634148
32.717026,1.7376195,102.64227,34.756096
32.285168,1.482605,100.10162,31.09756
32.25589,1.5108339,109.24797,43.383022
34.139404,1.7376195,119.41057,31.40244
38.406826,2.3892267,119.9187,40.548782
40.00711,1.7376195,106.36978,38.719513
32.492004,3.2580364,129.57317,39.634148
29.871977,2.3892267,142.78455,50.0
28.093884,1.7376195,120.42683,49.390244
28.982931,1.7376195,110.772354,44.207317
25.782362,1.7376195,89.43089,39.939026
32.620377,1.7376195,102.52336,32.012196
23.29303,1.7376195,72.15447,29.573172
23.64865,1.7376195,68.597565,28.353659
32.462917,1.4772466,61.483738,30.792683
30.583216,1.4938779,55.89431,22.560976
32.235535,1.7376195,66.56504,42.994835
32.769367,1.7376195,92.479675,23.780487
39.118065,2.1720243,101.626015,27.134146
41.607395,1.4903232,105.19917,30.792683
41.42959,1.520417,108.231705,35.97561
41.251778,1.7376195,121.44309,34.756096
32.57063,1.7376195,104.166664,34.146343
32.48252,1.7376195,89.43089,34.146343
33.25035,1.7376195,103.49412,35.060974
33.605976,1.7376195,107.72358,28.353659
33.78378,1.5204504,98.57723,42.510895
32.273594,1.7376195,108.73984,43.3577
41.42959,1.7376195,106.08041,37.19512
41.785206,1.7376195,130.0813,32.621952
38.05121,1.7376195,105.39628,37.80488
30.227596,1.7376195,140.75203,51.52439
28.80512,1.7376195,103.37757,43.90244
30.049788,1.5112759,104.6748,42.378048
25.782362,1.7376195,90.955284,42.543583
23.29303,1.4848514,85.36585,34.756096
22.93741,1.7376195,79.77642,33.23171
23.29303,1.7376195,73.17073,31.09756
23.64865,1.7376195,64.02439,26.219515
29.871977,1.7376195,49.288616,21.646341
32.641212,1.5052601,62.5,20.426828
28.80512,1.7376195,76.727646,23.780487
37.162163,1.7376195,84.349594,23.780487
32.362175,1.4928722,91.46342,27.439024
32.445427,1.7376195,116.361786,34.451218
42.318634,1.7376195,142.78455,35.365852
40.54054,1.5085663,94.00407,36.280487
36.095306,1.7376195,89.939026,43.292683
33.25035,1.7376195,103.69257,43.398922
32.1835,1.7376195,92.98781,42.85741
32.652084,1.7376195,103.39657,25.609756
39.473682,1.7376195,87.9065,25.0
41.073967,1.954822,104.195045,30.182926
42.318634,1.7376195,99.5935,29.878048
39.473682,1.7376195,103.50103,34.146343
31.827883,1.7376195,126.52439,42.913143
30.761023,1.7376195,114.32927,45.121952
30.405403,1.7376195,110.772354,40.243904
26.13798,1.7376195,102.64227,35.060974
23.29303,1.7376195,90.44715,29.573172
23.470839,1.7376195,81.808945,28.963415
23.64865,1.7376195,70.63008,28.658537
32.48611,1.7376195,102.23939,26.829268
32.483456,1.5046957,54.36992,21.646341
40.18492,1.7376195,71.138214,42.028248
41.251778,1.5117211,104.863075,42.805237
40.71835,1.7376195,104.58807,25.0
22.759602,1.7376195,83.333336,43.33491
32.53912,1.7376195,103.65854,40.548782
33.428165,1.7376195,109.24797,38.109756
37.873398,1.7376195,105.18293,42.474857
32.549576,1.7376195,95.52846,39.02439
32.3234,1.4722875,95.52846,41.76829
31.472263,1.7376195,104.04616,43.41185
32.349686,1.7376195,96.03658,42.860283
23.470839,1.7376195,105.18293,43.59756
26.493599,1.4756681,126.52439,50.30488
34.139404,1.7376195,119.9187,53.048782
30.227596,1.7376195,123.98374,44.817074
17.78094,1.7376195,142.78455,52.134148
17.958748,1.7376195,126.52439,52.43903
14.75818,1.7376195,112.80488,44.207317
8.89047,1.4752523,94.00407,35.060974
4.978663,1.7376195,102.47126,44.18986
32.331394,1.7376195,103.74331,33.23171
32.754463,1.7376195,102.77731,34.451218
6.401138,1.4928242,65.04065,43.41806
17.247509,1.7376195,57.92683,23.780487
23.470839,1.7376195,79.268295,32.012196
26.13798,1.4316227,103.24448,32.621952
41.251778,1.7376195,76.21951,42.547215
38.940254,1.7376195,82.8252,39.634148
32.310913,1.7376195,85.36585,44.207317
35.20626,1.7376195,109.24797,46.951214
33.78378,1.7376195,102.13415,50.609756
30.405403,1.7376195,88.414635,43.277702
32.37906,1.509686,95.020325,52.43903
32.213936,1.7376195,91.97154,52.743904
32.36131,1.7376195,106.56898,52.743904
40.54054,1.505851,100.10162,57.012196
44.807964,1.7376195,119.41057,67.98781
50.320057,1.7376195,132.11382,53.963413
46.58606,1.954822,127.54066,43.70952
38.05121,1.954822,131.09756,64.02439
35.56188,1.7376195,132.62195,64.939026
34.672832,1.4852842,105.24442,50.914635
27.204836,1.7376195,97.560974,42.862988
24.182077,1.7376195,94.51219,42.851128
24.715506,1.7376195,84.85773,32.317074
25.071123,1.7376195,83.84146,35.060974
25.604551,1.7376195,71.64634,32.92683
37.873398,1.7376195,104.9164,25.609756
42.67425,1.4648669,104.66318,29.573172
43.741108,1.7376195,105.55628,30.792683
41.073967,1.7376195,84.85773,35.365852
39.651493,1.954822,106.05411,50.0
32.153843,1.7376195,86.38211,42.949883
32.2084,1.4889657,105.028275,46.646343
36.628735,1.7376195,104.313065,42.839767
32.080784,1.4979055,83.333336,55.792683
31.29445,1.7376195,87.9065,40.548782
32.38098,1.7376195,96.03658,43.679916
37.873398,1.7376195,90.955284,53.048782
41.607395,1.7376195,102.64227,42.440186
32.197945,1.7376195,106.62838,65.85366
49.2532,1.7376195,105.72993,43.40193
32.290375,1.7376195,131.09756,75.30488
38.584637,1.7376195,138.21138,84.45122
35.56188,1.7376195,133.13008,81.097565
32.53912,1.7376195,109.756096,60.97561
32.3158,1.7376195,98.57723,48.47561
23.29303,1.7376195,85.36585,43.62414
24.182077,1.7376195,89.43089,43.59756
24.004267,1.7376195,78.76016,43.90244
32.46713,1.7376195,104.72749,41.15854
36.450924,1.7376195,58.43496,41.463413
40.71835,1.7376195,78.25203,41.463413
42.852062,1.7376195,105.042305,35.67073
41.42959,1.5093231,89.939026,47.256096
40.71835,1.7376195,87.39838,50.0
32.544983,1.7376195,94.00407,40.548782
35.20626,1.7376195,109.24797,48.780487
33.25035,1.52729,98.06911,43.58296
31.65007,1.7376195,88.414635,53.658535
28.80512,1.7376195,84.349594,43.59756
32.524147,1.5063468,89.939026,46.646343
32.259415,1.7376195,104.613754,49.390244
32.678165,1.7376195,104.166664,52.134148
43.91892,1.7376195,108.82119,67.68293
48.186344,1.7376195,138.21138,65.243904
45.697014,1.7376195,107.57297,59.756096
39.295876,1.7376195,144.81708,43.359074
32.296513,1.7376195,126.52439,61.890244
33.605976,1.7376195,102.64227,42.722363
25.96017,1.7376195,105.11353,43.90244
23.470839,1.7376195,103.44484,43.985165
23.29303,1.7376195,102.846565,43.639416
23.64865,1.7376195,104.02729,40.243904
24.893314,1.7376195,69.10569,37.5
36.273117,1.7376195,58.94309,41.88828
40.89616,1.7376195,104.184235,29.878048
41.607395,1.7376195,88.414635,42.765522
41.073967,1.4999268,88.92277,38.109756
40.54054,1.7376195,106.53745,42.682926
32.100155,1.7376195,99.085365,43.48057
36.806545,1.7376195,109.24797,63.109756
32.602203,1.7376195,102.64227,59.756096
31.827883,1.499336,107.10989,64.02439
32.1835,1.7376195,106.76986,53.353657
35.02845,1.7376195,105.967476,48.17073
36.806545,1.5189968,105.27956,55.792683
40.18492,2.1720243,111.28049,60.67073
43.029873,1.954822,129.57317,82.31708
45.697014,1.7376195,138.71951,73.17073
44.09673,1.7376195,132.62195,65.54878
37.162163,1.954822,106.87512,58.23171
36.806545,1.7376195,106.99891,58.841465
35.73969,1.7376195,106.19919,42.542725
26.849218,1.7376195,92.479675,51.52439
23.470839,1.7376195,86.89024,43.391434
23.826458,1.7376195,81.30081,42.574013
32.462486,1.7376195,81.30081,38.414635
24.893314,1.4313588,102.744896,35.97561
32.235386,1.7376195,60.97561,29.268293
35.917496,1.523503,74.69512,33.536587
38.762447,1.4996018,92.98781,40.548782
41.073967,2.1720243,102.64227,45.73171
42.140823,1.7376195,103.150406,48.17073
32.51856,1.7376195,115.85366,43.15785
32.34455,1.7376195,123.98374,57.317074
40.54054,1.954822,113.82114,46.036587
38.762447,1.7376195,102.13415,56.707317
32.297688,1.7376195,113.82114,46.951214
38.406826,1.5360534,114.32927,43.50388
32.632942,1.7376195,97.05285,50.914635
42.67425,1.7376195,112.80488,48.17073
45.341393,1.954822,116.86992,57.92683
52.63158,2.1720243,128.04878,46.341465
44.985775,1.7376195,130.0813,53.048782
40.18492,1.7376195,149.89838,61.585365
32.546043,1.7376195,134.65446,59.146343
39.118065,1.5150003,106.698074,55.487804
32.3729,1.7376195,112.296745,45.42683
24.715506,1.7376195,104.6748,38.414635
32.38891,1.7376195,92.98781,43.650402
24.537695,1.7376195,83.84146,39.634148
25.782362,1.7376195,75.71138,37.80488
32.340084,1.5390667,59.95935,43.179684
32.183224,1.4619527,82.8252,28.963415
38.940254,1.5304056,99.085365,42.86214
42.140823,1.7376195,97.560974,42.504673
42.140823,1.7376195,105.35043,42.987804
42.496445,1.7376195,106.82767,47.256096
42.318634,1.7376195,135.1626,49.695118
41.42959,1.5390176,98.57723,42.917503
32.23394,1.7376195,89.939026,52.743904
37.873398,1.7376195,100.10162,45.42683
35.02845,1.7376195,109.756096,44.817074
36.984352,1.7376195,112.296745,42.378048
41.42959,1.7376195,111.28049,42.937347
44.452347,1.7376195,130.58943,43.17049
32.550373,1.7376195,140.75203,51.219513
47.830727,1.7376195,106.35936,54.878048
41.251778,1.7376195,148.88211,60.67073
38.762447,1.7376195,133.13008,55.487804
32.320663,1.7376195,119.41057,47.560974
32.28837,1.7376195,103.844986,43.961613
23.64865,1.7376195,86.89024,37.5
23.826458,1.4648868,84.349594,34.756096
24.182077,1.7376195,79.268295,43.003258
25.248934,1.4537476,104.18488,37.19512
32.66183,1.7376195,73.67886,26.524391
41.251778,1.7376195,89.43089,29.268293
32.620903,1.7376195,88.92277,43.06615
41.42959,1.7376195,81.808945,38.414635
40.71835,1.7376195,85.36585,38.109756
39.118065,1.7376195,82.8252,40.243904
32.611748,1.5024292,111.28049,39.32927
34.495018,1.7376195,107.21545,34.451218
32.53912,1.7376195,86.89024,42.48735
30.938831,1.954822,97.560974,42.748013
31.29445,1.7376195,90.955284,50.0
32.668243,1.7376195,91.97154,45.121952
40.00711,1.7376195,120.42683,42.378048
32.310253,1.7376195,143.80081,44.305153
42.496445,1.7376195,142.78455,49.390244
32.207993,2.3892267,106.152794,50.609756
36.095306,2.1720243,157.52032,56.707317
31.65007,1.7376195,105.423454,52.43903
32.53912,1.7376195,120.93496,45.42683
25.426743,1.7376195,107.72358,41.15854
23.29303,1.7376195,96.03658,34.146343
32.268238,1.7376195,84.349594,33.23171
24.537695,1.7376195,90.955284,32.92683
25.248934,1.7376195,88.414635,34.451218
32.5292,1.7376195,74.18699,26.829268
40.00711,1.4882182,81.30081,28.963415
43.91892,1.7376195,80.28455,29.573172
40.18492,1.7376195,104.90286,29.573172
32.894737,1.7376195,87.9065,26.219515
36.450924,1.7376195,105.18293,42.569466
35.56188,1.954822,101.626015,26.219515
32.585297,1.7376195,104.08174,43.03693
32.53912,1.7376195,84.349594,42.378048
29.51636,1.7376195,72.662605,46.036587
29.694168,1.7376195,70.63008,46.036587
32.16859,1.7376195,76.21951,38.719513
38.940254,1.7376195,96.544716,34.146343
42.318634,1.7376195,115.34553,46.951214
42.318634,2.1720243,112.80488,62.5
32.58515,1.4878272,121.95122,59.756096
36.273117,1.518022,108.15227,67.98781
32.005688,1.7376195,134.14635,55.487804
32.1835,1.7376195,121.44309,45.121952
25.071123,1.7376195,104.6748,39.634148
32.46904,1.7376195,96.544716,33.536587
23.29303,1.462543,90.955284,32.317074
23.826458,1.4298295,101.34214,31.40244
24.715506,1.7376195,74.69512,31.707317
35.917496,1.7376195,103.52803,31.09756
40.54054,1.5422308,77.23577,39.634148
42.67425,1.7376195,88.414635,42.987804
41.073967,1.954822,104.49228,40.853657
40.71835,1.7376195,88.92277,37.5
38.22902,1.7376195,98.57723,41.76829
32.477093,1.7376195,105.33273,44.817074
34.672832,1.7376195,106.16252,48.780487
32.38274,1.7376195,92.479675,43.251354
32.6131,1.7376195,88.414635,43.319607
31.29445,1.509457,104.216774,57.317074
32.716927,1.7376195,104.0027,43.830906
40.54054,1.5349077,114.837395,43.619343
43.5633,1.7376195,133.13008,54.878048
48.008533,2.1720243,160.06097,68.902435
44.807964,1.4836562,156.50406,58.841465
39.473682,1.954822,145.83333,66.15854
32.716927,1.7376195,141.26016,62.80488
34.139404,1.7376195,134.14635,50.914635
26.31579,1.7376195,117.88618,40.548782
23.64865,1.7376195,104.166664,38.109756
32.556797,1.7376195,96.03658,38.414635
32.14287,1.7376195,99.085365,43.40465
24.537695,1.7376195,85.873985,39.02439
32.333485,1.7376195,70.12195,38.109756
32.343094,1.7376195,76.727646,42.49991
43.029873,1.520417,99.5935,51.52439
41.42959,1.4959803,107.21545,41.463413
32.27531,1.7376195,87.39838,58.23171
32.328182,1.7376195,104.231346,46.951214
32.554714,1.7376195,126.52439,41.15854
36.095306,1.7376195,109.24797,43.90244
33.072548,1.7376195,104.6748,57.012196
32.36131,1.7376195,107.72358,43.203262
32.48136,1.7376195,121.44309,52.134148
37.51778,1.954822,105.67648,43.383553
41.963017,1.7376195,110.26423,65.85366
46.05263,1.7376195,152.94716,43.640823
55.83215,2.3892267,107.42935,59.756096
53.876244,2.3892267,171.74797,64.32927
32.66532,2.1720243,160.06097,70.12195
39.651493,1.5109339,140.75203,57.621952
39.651493,1.7376195,105.880165,54.26829
28.271692,1.7376195,119.41057,45.42683
24.182077,1.7376195,102.597046,40.243904
24.893314,1.7376195,102.60771,39.32927
24.182077,1.7376195,83.84146,39.634148
25.604551,1.5279238,76.21951,43.04761
38.05121,1.7376195,69.10569,35.365852
32.680916,1.7376195,103.4166,46.646343
43.38549,1.7376195,97.560974,51.82927
32.36331,1.7376195,116.86992,49.390244
41.251778,1.5123205,102.64227,52.134148
41.073967,1.5275606,113.31301,43.42888
40.71835,2.1720243,107.113785,43.70069
37.339973,1.7376195,107.110054,50.30488
35.384068,1.7376195,105.691055,58.841465
35.56188,1.7376195,103.150406,43.360867
34.672832,1.5140877,116.361786,53.353657
36.806545,1.7376195,107.72358,59.451218
41.607395,1.7376195,123.47561,43.72061
46.230442,1.7376195,160.5691,72.256096
51.031296,2.606429,158.02846,68.597565
48.186344,1.954822,107.43488,59.451218
41.251778,1.954822,158.53659,67.37805
40.89616,1.7376195,177.84554,73.78049
39.473682,1.7376195,137.70325,63.109756
32.19866,1.5115439,124.49187,54.57317
32.683437,1.7376195,108.231705,50.0
25.248934,1.7376195,104.744156,43.298542
24.182077,1.7376195,91.46342,42.987804
25.426743,1.5152098,84.85773,45.73171
36.450924,1.7376195,81.808945,40.548782
38.762447,1.7376195,104.75578,46.646343
32.498535,1.7376195,112.296745,72.86585
32.21863,1.7376195,112.80488,43.0343
32.473385,1.7376195,121.95122,70.731705
43.38549,1.7376195,109.74118,77.743904
42.496445,1.954822,153.96341,78.04878
41.785206,1.4983172,157.01219,70.42683
41.785206,1.5167246,136.17886,77.439026
40.00711,1.7376195,139.73578,90.243904
39.651493,1.5221274,106.68307,72.256096
32.174877,1.7376195,132.62195,43.834736
42.140823,1.7376195,132.11382,72.86585
49.07539,1.5655785,150.40651,78.65854
56.187767,1.7376195,172.76422,77.439026
49.07539,1.7376195,161.58537,70.731705
42.140823,1.5191298,160.06097,73.47561
41.251778,1.5254402,108.93684,79.87805
42.67425,1.7376195,109.659355,77.439026
37.162163,1.5386553,127.54066,73.17073
25.782362,1.477933,116.361786,43.825478
25.426743,1.7376195,105.89379,64.02439
24.537695,1.7376195,106.50105,65.243904
25.604551,1.4939224,104.01575,43.42371
36.628735,1.4768794,106.60847,54.57317
32.50367,1.7376195,106.8763,63.414635
41.785206,1.7376195,111.78862,68.29269
43.5633,1.5064598,113.31301,56.09756
45.341393,1.7376195,125.0,56.09756
44.807964,1.7376195,107.62523,70.42683
44.09673,1.7376195,109.02355,70.731705
32.63257,1.7376195,104.025085,56.707317
40.54054,1.7376195,113.82114,43.474415
39.651493,1.7376195,117.37805,63.109756
32.551064,1.7376195,103.150406,53.658535
32.44026,1.515544,116.86992,60.365852
32.405552,1.5041556,120.42683,63.719513
46.05263,1.7376195,127.032524,43.113415
52.987198,1.5859513,136.687,76.21951
50.853485,1.7376195,106.85408,76.21951
41.42959,1.5245957,159.04471,92.07317
32.182854,1.7376195,151.9309,84.14634
39.651493,1.7376195,109.14221,70.731705
32.46326,1.7376195,117.37805,50.914635
24.004267,1.7376195,102.92674,43.516354
24.893314,1.7376195,103.062584,46.036587
23.826458,1.7376195,104.6748,45.73171
32.318954,1.7376195,101.626015,42.66919
37.51778,1.7376195,84.349594,43.045513
42.67425,1.7376195,102.64227,43.324505
32.43972,1.7376195,104.89582,58.841465
32.424664,1.7376195,85.36585,42.847694
41.963017,1.954822,94.51219,83.53658
40.71835,1.7376195,111.28049,86.89024
40.71835,1.7376195,121.95122,86.28049
39.651493,1.7376195,105.691055,79.268295
33.961594,1.7376195,106.70731,93.90243
30.583216,1.525071,110.26423,43.685093
31.65007,1.7376195,120.93496,85.060974
33.428165,1.7376195,109.756096,85.060974
42.318634,1.7376195,119.41057,99.085365
44.09673,1.954822,147.35773,106.70731
32.46364,1.7376195,164.63414,97.560974
48.186344,1.954822,110.24855,85.36585
25.248934,1.4910377,180.8943,86.585365
18.847794,1.7376195,107.21504,85.67073
20.625889,1.7376195,104.594215,43.570923
32.415424,1.4920354,113.31301,67.68293
33.428165,1.7376195,109.24797,63.109756
27.916075,1.7376195,104.55495,60.365852
23.470839,1.7376195,105.321434,62.5
19.381224,1.7376195,105.634056,64.32927
32.075233,1.7376195,82.31707,55.792683
32.318317,1.5174036,97.560974,70.42683
45.163586,1.7376195,106.27957,43.544086
42.318634,1.7376195,101.11789,43.342136
41.251778,1.7376195,111.28049,71.03659
40.71835,1.521662,108.78824,78.65854
39.473682,1.7376195,129.06505,63.109756
34.31721,1.7376195,106.56457,70.42683
32.200436,1.7376195,96.544716,79.87805
31.65007,1.954822,106.07143,43.44968
33.072548,1.7376195,111.28049,59.146343
33.428165,1.7376195,104.53354,43.870667
40.89616,1.7376195,116.361786,71.34146
44.452347,1.7376195,158.53659,43.07582
52.987198,1.7376195,154.97968,87.80488
49.78663,1.7376195,166.66667,86.585365
41.42959,2.1720243,179.87805,83.53658
39.295876,1.7376195,153.96341,88.71951
40.89616,1.7376195,145.83333,75.914635
32.005688,1.7376195,119.9187,55.487804
32.26145,1.7376195,114.32927,39.634148
25.782362,1.7376195,103.36504,39.02439
25.248934,1.7376195,97.560974,37.19512
27.027027,1.7376195,85.873985,39.939026
38.406826,1.7376195,80.28455,33.23171
43.38549,1.7376195,85.36585,43.172863
44.09673,1.7376195,96.03658,48.780487
41.963017,1.7376195,93.49593,49.695118
41.785206,1.7376195,105.716446,53.048782
41.073967,1.7376195,104.6748,42.608673
39.829304,1.5279306,112.80488,59.451218
32.154068,1.7376195,103.319664,43.20077
35.917496,1.7376195,105.741234,58.23171
35.02845,1.7376195,88.414635,49.085365
35.20626,1.7376195,100.10162,48.17073
38.406826,1.7376195,104.6748,58.536587
41.963017,1.954822,114.837395,67.07317
47.119488,1.5506604,142.27643,73.78049
32.478306,1.7376195,105.38207,67.37805
45.697014,2.1720243,147.86586,82.62194
40.89616,1.954822,169.71545,84.756096
38.05121,1.5172817,143.80081,76.82927
39.473682,1.7376195,106.97587,64.63415
31.116644,1.7376195,106.19919,45.42683
24.537695,1.7376195,95.020325,41.463413
25.426743,1.7376195,98.06911,39.939026
24.715506,1.7376195,89.43089,39.634148
27.204836,1.7376195,81.30081,40.243904
38.05121,1.7376195,69.61382,32.92683
41.607395,1.7376195,105.104225,36.585365
42.140823,1.7376195,88.92277,41.463413
32.484386,2.1720243,106.19919,50.30488
35.02845,1.7376195,105.31738,43.616764
36.273117,1.7376195,110.26423,56.707317
39.651493,1.7376195,108.30167,61.585365
32.09554,1.5299724,92.479675,60.060974
37.51778,1.5300324,96.03658,42.881824
33.961594,1.7376195,106.93908,53.963413
32.53912,1.7376195,98.57723,58.841465
36.628735,1.7376195,101.626015,52.43903
41.073967,1.7376195,106.84596,66.768295
32.25566,1.7376195,138.21138,77.13415
44.09673,2.1720243,138.71951,73.17073
32.240253,2.606429,139.73578,68.29269
38.762447,2.1720243,106.78314,42.986595
34.31721,1.7376195,142.27643,83.53658
39.651493,1.7376195,108.1463,63.414635
30.583216,1.5001869,113.82114,52.43903
32.697598,1.7376195,104.6748,47.865852
32.6749,1.7376195,93.49593,46.646343
24.537695,1.7376195,87.39838,42.781017
26.671408,1.4613518,104.42335,43.365788
37.51778,1.7376195,105.5625,34.146343
40.00711,1.7376195,96.03658,39.32927
41.073967,1.7376195,101.626015,47.560974
32.189205,1.7376195,103.65854,52.43903
32.154026,1.7376195,86.38211,51.219513
32.355965,1.7376195,107.21545,56.40244
36.628735,1.7376195,110.26423,45.121952
33.78378,1.7376195,103.42299,40.853657
32.716927,1.7376195,83.333336,43.115498
31.116644,1.4920492,97.05285,42.987804
30.583216,1.7376195,105.638084,46.951214
31.29445,1.7376195,94.51219,54.26829
36.273117,1.7376195,121.95122,54.878048
38.940254,1.511359,123.47561,56.40244
32.287884,1.7376195,119.9187,71.34146
38.762447,1.4871713,134.65446,58.23171
33.428165,1.7376195,106.57612,66.15854
32.1835,1.7376195,142.27643,68.29269
36.628735,1.7376195,104.27156,43.662205
29.694168,1.526336,109.24797,60.67073
24.359886,1.500479,100.10162,49.695118
25.604551,1.7376195,100.10162,48.780487
32.50793,1.7376195,87.9065,43.44051
26.13798,1.7376195,80.28455,50.914635
35.20626,1.7376195,105.32799,43.375637
30.583216,1.954822,77.743904,42.682926
31.116644,1.7376195,95.52846,51.82927
35.917496,2.1720243,112.296745,69.51219
32.378265,1.7376195,109.756096,66.46342
38.22902,1.7376195,134.65446,70.12195
40.54054,1.7376195,108.25637,72.86585
41.073967,1.7376195,127.54066,43.850433
39.829304,1.7376195,112.80488,67.07317
36.095306,1.7376195,121.95122,44.512196
33.428165,1.7376195,106.70731,40.853657
34.85064,1.7376195,113.82114,42.987804
32.209816,1.7376195,106.19919,49.695118
40.89616,1.7376195,126.01626,54.878048
32.45127,1.521374,130.58943,66.15854
38.762447,1.5105611,132.62195,58.536587
31.472263,1.7376195,135.1626,43.353886
31.29445,1.5197409,132.11382,63.414635
37.51778,1.7376195,128.04878,66.768295
29.51636,1.5144669,106.19919,63.414635
24.182077,1.7376195,105.63802,58.23171
25.248934,1.4820327,94.51219,43.20576
24.893314,1.7376195,84.349594,54.57317
25.96017,1.7376195,76.21951,42.566353
32.716927,1.954822,55.89431,46.036587
32.689346,1.7376195,104.43777,53.353657
32.210453,2.3892267,91.97154,54.878048
33.78378,1.954822,103.150406,57.621952
38.762447,1.7376195,95.020325,42.74051
41.42959,1.7376195,104.43974,39.32927
40.89616,1.7376195,105.12382,36.280487
39.118065,1.7376195,105.75089,36.585365
32.27419,1.7376195,86.38211,42.07317
32.54034,1.7376195,84.85773,37.19512
31.29445,1.7376195,81.808945,33.536587
30.583216,1.7376195,84.85773,42.47245
38.05121,1.7376195,83.333336,39.32927
40.18492,1.7376195,106.99572,54.57317
40.00711,1.954822,118.902435,60.97561
32.539505,1.954822,135.1626,64.939026
30.938831,1.7376195,146.8496,43.240498
30.761023,1.7376195,140.75203,62.80488
32.357357,1.7376195,105.00396,43.600807
29.16074,1.7376195,103.65854,53.658535
23.826458,1.7376195,103.17992,43.59756
32.266933,1.4710112,101.914856,34.756096
24.359886,1.7376195,82.31707,35.97561
25.426743,1.7376195,73.17073,42.611435
34.31721,1.4903715,59.451218,28.658537
38.584637,1.7376195,83.84146,42.681152
32.516968,1.7376195,84.85773,44.207317
40.362732,1.7376195,84.85773,55.792683
41.073967,1.7376195,85.36585,58.23171
41.42959,1.7376195,101.626015,42.663086
38.584637,1.4899299,111.28049,51.52439
33.961594,1.7376195,101.11789,42.682926
32.716927,1.7376195,81.808945,37.5
31.827883,1.5280383,80.79269,54.26829
31.65007,1.7376195,87.39838,60.97561
32.099792,1.4990995,92.479675,42.963223
41.963017,1.532559,107.21545,42.33974
43.741108,1.7376195,107.90746,65.243904
44.807964,1.7376195,137.19513,76.21951
42.67425,1.7376195,108.69314,79.57317
32.379498,1.7376195,139.73578,88.414635
32.434036,1.7376195,128.55692,43.52153
35.73969,1.7376195,112.296745,72.560974
28.982931,1.7376195,105.01512,62.5
24.004267,1.7376195,89.939026,57.621952
24.715506,1.7376195,105.72802,57.621952
32.508125,1.7376195,82.8252,58.536587
25.604551,1.7376195,76.21951,56.40244
35.73969,1.7376195,60.46748,35.365852
40.00711,1.7376195,105.83963,43.422527
32.55132,1.954822,87.9065,59.146343
40.89616,2.1720243,87.39838,53.658535
41.251778,1.526489,92.479675,42.57368
41.073967,1.7376195,106.46855,43.571815
38.584637,1.954822,112.296745,38.109756
36.273117,1.7376195,84.349594,34.756096
33.78378,1.7376195,76.727646,40.853657
31.827883,1.7376195,90.44715,34.146343
31.827883,1.7376195,86.89024,39.02439
33.072548,1.7376195,97.560974,43.292683
40.89616,1.7376195,106.19919,53.048782
45.697014,1.7376195,107.291725,56.707317
47.119488,1.5035672,107.893654,69.20731
43.741108,2.1720243,140.75203,43.21173
38.05121,1.523085,146.34146,73.47561
34.139404,1.7376195,129.57317,75.60976
32.430054,1.7376195,112.296745,69.81707
28.80512,1.7376195,96.544716,59.146343
32.507786,1.7376195,104.22204,55.487804
24.537695,1.7376195,105.75761,53.048782
24.182077,1.7376195,103.67139,53.658535
25.96017,1.7376195,79.268295,42.378048
36.450924,1.5463833,60.46748,42.263916
40.54054,1.7376195,76.727646,36.585365
41.785206,1.5546607,79.77642,59.756096
40.54054,2.1720243,107.92368,54.26829
32.553265,1.954822,83.84146,48.780487
38.940254,2.1720243,102.64227,43.59756
36.628735,1.7376195,120.42683,46.036587
36.095306,1.4961753,101.11789,33.841465
33.25035,1.7376195,88.414635,43.90244
30.583216,1.7376195,86.89024,42.682926
32.1835,1.5083442,86.38211,50.0
35.02845,1.7376195,95.020325,48.17073
32.128,1.7376195,105.691055,57.317074
44.807964,1.7376195,137.19513,72.560974
46.230442,1.4903861,149.89838,43.847736
43.741108,1.7376195,145.32521,70.731705
38.05121,1.5087445,106.566444,74.69512
35.56188,1.3032146,106.907036,71.95122
38.05121,1.7376195,127.032524,67.68293
29.16074,1.7376195,106.19919,58.23171
19.381224,1.7376195,92.98781,54.57317
32.649376,1.7376195,94.00407,53.658535
32.515827,1.7376195,90.955284,50.30488
25.96017,1.5329211,79.268295,53.353657
36.628735,1.5024916,104.716446,44.207317
39.473682,1.7376195,82.31707,45.121952
41.785206,1.7376195,83.84146,33.841465
38.940254,1.5139983,88.92277,43.59756
39.295876,1.7376195,91.97154,49.695118
38.406826,1.7376195,97.05285,52.134148
34.139404,1.7376195,98.57723,38.414635
33.78378,1.5050933,95.52846,43.301178
31.65007,1.7376195,88.414635,38.719513
32.52644,1.7376195,107.21545,43.178276
32.16276,1.4983488,107.72358,50.609756
32.36131,1.7376195,105.691055,42.987804
39.118065,2.1720243,110.26423,60.060974
32.64295,2.1720243,140.75203,61.585365
43.91892,1.954822,108.25804,63.109756
43.029873,2.606429,136.17886,78.65854
38.762447,2.3892267,140.75203,78.35366
35.56188,1.7376195,130.58943,61.890244
37.873398,1.7376195,123.98374,70.12195
32.188866,1.7376195,101.11789,62.80488
24.359886,1.7376195,85.873985,53.963413
25.248934,1.7376195,88.92277,53.353657
16.002846,1.7376195,103.21383,53.658535
25.782362,1.5261453,77.743904,58.841465
36.095306,1.7376195,58.94309,42.81699
39.829304,1.7376195,80.28455,52.743904
32.14448,1.4924846,88.92277,52.134148
42.496445,1.5146809,95.52846,45.121952
42.318634,1.5289314,95.52846,42.488388
40.89616,1.7376195,97.560974,42.964275
38.940254,1.7376195,105.40457,43.257145
36.628735,1.7376195,102.64227,56.707317
34.672832,1.954822,107.21545,59.756096
35.02845,1.7376195,104.33326,42.682926
32.224823,1.7376195,106.19919,48.47561
34.672832,1.7376195,106.41456,53.963413
40.54054,1.7376195,115.85366,50.914635
43.20768,1.7376195,111.28049,50.914635
32.215458,1.7376195,104.436356,45.73171
42.496445,1.7376195,106.19204,49.695118
35.73969,1.4941481,107.20999,72.560974
34.672832,1.7376195,140.2439,67.68293
36.806545,1.7376195,123.47561,67.37805
28.982931,1.7376195,106.19919,43.78826
24.182077,1.5152801,91.46342,56.09756
32.285645,1.7376195,93.49593,43.04078
32.225143,1.7376195,104.558205,54.878048
25.248934,1.7376195,78.25203,56.707317
32.53912,1.7376195,58.43496,46.646343
35.917496,1.7376195,76.727646,54.878048
38.940254,1.5276074,108.0084,61.585365
41.251778,1.7376195,91.97154,59.756096
41.251778,1.4925904,95.52846,44.817074
41.251778,1.7376195,114.837395,36.280487
41.251778,1.954822,123.47561,36.280487
40.362732,1.7376195,119.9187,35.060974
40.362732,1.7376195,105.03309,43.90244
37.51778,1.7376195,116.86992,42.07317
36.984352,1.444326,105.499626,36.280487
38.406826,1.7376195,97.05285,44.512196
41.607395,1.7376195,104.6748,41.76829
43.91892,1.7376195,118.902435,42.07317
44.807964,1.7376195,123.47561,42.987804
42.140823,1.5011888,136.17886,56.40244
36.450924,1.7376195,137.19513,43.107323
37.69559,1.7376195,138.71951,45.73171
38.940254,1.7376195,121.95122,42.704865
28.982931,1.4932764,102.95466,42.919937
32.567875,1.7376195,89.939026,50.30488
24.715506,1.7376195,84.85773,43.57602
23.826458,1.7376195,82.31707,35.060974
25.248934,1.7376195,76.727646,32.621952
31.116644,1.7376195,56.40244,25.0
32.622807,1.7376195,102.6558,23.780487
31.29445,1.4736311,69.61382,24.390244
38.406826,1.7376195,84.349594,27.134146
41.42959,1.5039768,106.68225,46.036587
41.963017,1.7376195,126.01626,43.043377
41.073967,1.7376195,138.21138,51.82927
32.446304,1.4715241,119.9187,32.92683
36.095306,1.7376195,102.95753,24.390244
33.961594,1.7376195,102.64227,21.036585
32.65763,1.4519479,92.98781,25.304878
36.628735,1.5340196,76.727646,42.496834
32.487373,1.7376195,79.77642,42.626316
44.09673,1.7376195,102.13415,34.451218
44.274536,1.4642539,123.98374,33.23171
42.67425,1.5066401,128.55692,38.414635
38.406826,1.5262868,126.01626,65.85366
37.51778,1.7376195,129.06505,70.12195
37.162163,1.7376195,126.52439,60.365852
28.449503,1.7376195,104.10577,52.743904
23.826458,1.4939888,94.51219,41.463413
25.248934,1.4617051,103.296486,30.792683
24.182077,1.4523913,102.61673,29.878048
25.782362,1.7376195,76.21951,32.621952
34.139404,1.7376195,54.878048,42.58115
32.311146,1.4921961,104.11022,43.72915
42.318634,1.7376195,103.35375,28.963415
41.42959,1.5183313,88.92277,42.95178
40.89616,2.1720243,105.40393,44.207317
39.829304,1.7376195,102.13415,46.341465
38.22902,1.7376195,126.01626,44.207317
34.495018,1.7376195,95.020325,34.756096
32.681744,1.448432,102.116714,34.451218
30.583216,1.7376195,82.31707,42.81886
31.116644,1.4761505,87.9065,38.414635
33.072548,1.5014975,82.8252,42.378048
41.073967,1.5353783,95.020325,42.63866
43.38549,1.7376195,118.902435,50.609756
42.67425,1.7376195,122.967476,43.563118
41.073967,1.7376195,126.52439,52.43903
33.961594,1.7376195,106.21102,43.059155
35.56188,1.5111821,138.21138,72.560974
36.095306,1.4907873,120.42683,43.38592
27.204836,1.7376195,105.29154,53.963413
24.004267,1.5058659,86.89024,43.379482
32.260483,1.7376195,84.85773,42.42039
32.32231,1.7376195,78.76016,50.0
25.782362,1.7376195,78.25203,52.743904
35.20626,1.5331566,56.91057,39.634148
41.073967,1.7376195,104.929306,49.390244
42.852062,1.5615287,79.268295,55.792683
32.605457,1.7376195,97.560974,46.036587
41.251778,1.7376195,77.743904,42.035442
38.584637,1.7376195,105.36315,43.551857
37.162163,1.7376195,112.80488,38.414635
33.072548,1.7376195,92.479675,38.719513
34.31721,1.5041752,86.89024,44.817074
31.65007,1.7376195,87.39838,42.987804
31.827883,1.7376195,97.560974,49.695118
33.605976,1.4735291,106.52598,53.963413
41.073967,1.7376195,106.70731,63.719513
44.452347,1.7376195,109.19193,66.15854
32.267517,1.5118837,106.66355,68.29269
32.431713,1.7376195,105.17919,70.12195
38.762447,1.7376195,137.70325,78.04878
38.05121,1.7376195,123.47561,79.57317
36.628735,1.7376195,127.032524,50.914635
28.093884,1.7376195,105.691055,42.958984
24.182077,1.7376195,92.479675,42.56252
25.426743,1.7376195,85.36585,40.853657
24.893314,1.4680803,102.97659,42.378048
26.13798,1.7376195,104.82817,43.26166
34.85064,1.7376195,60.97561,42.63874
40.89616,1.7376195,77.743904,38.719513
32.220432,1.7376195,89.939026,47.865852
41.073967,1.7376195,106.71505,59.146343
40.00711,2.606429,88.414635,43.4589
39.473682,2.1720243,92.479675,42.462215
37.162163,1.954822,118.902435,43.77275
36.984352,1.5217575,102.13415,46.646343
34.85064,1.7376195,99.5935,50.0
31.472263,1.7376195,105.94811,54.57317
33.605976,1.7376195,102.64227,60.67073
34.139404,1.5215989,102.13415,60.97561
41.607395,1.7376195,104.6748,64.939026
44.09673,1.5331336,134.14635,75.0
44.807964,1.7376195,106.25979,58.23171
43.741108,1.7376195,161.58537,63.414635
32.158905,2.1720243,144.30894,69.51219
36.095306,1.7376195,131.6057,64.939026
35.917496,1.508578,120.93496,60.365852
27.382647,1.7376195,110.26423,51.82927
23.826458,1.7376195,93.49593,43.048424
25.604551,1.7376195,89.43089,42.378048
24.359886,1.7376195,91.46342,41.463413
26.13798,1.7376195,79.268295,43.90244
35.384068,1.7376195,65.54878,42.731857
40.54054,1.5109328,82.31707,41.15854
43.029873,1.7376195,90.955284,46.951214
32.447075,1.490907,103.75901,46.951214
43.029873,1.528649,90.955284,46.341465
44.985775,1.7376195,109.24797,43.59756
37.873398,1.7376195,114.837395,44.512196
33.605976,1.5201734,94.00407,38.414635
32.53912,1.5522627,78.76016,53.963413
32.36131,1.5121992,96.544716,52.134148
31.827883,1.7376195,88.92277,53.353657
40.362732,1.7376195,100.60976,53.658535
41.251778,1.5381045,104.166664,60.060974
43.029873,1.7376195,135.67073,63.719513
44.452347,1.7376195,141.7683,43.804348
43.029873,1.5238968,139.73578,71.03659
40.362732,1.7376195,126.01626,74.69512
38.406826,1.7376195,125.50814,72.256096
37.873398,1.7376195,112.80488,69.51219
32.35814,1.7376195,109.24797,58.536587
24.359886,1.7376195,95.52846,43.03804
25.96017,1.7376195,87.39838,52.134148
32.66854,1.7376195,104.87154,52.43903
25.96017,1.7376195,72.662605,55.792683
34.495018,1.7376195,59.451218,44.207317
40.89616,1.7376195,76.727646,48.780487
43.20768,1.954822,93.49593,42.65836
41.42959,1.7376195,100.60976,48.780487
38.762447,1.7376195,87.9065,42.91912
32.225166,1.7376195,100.60976,43.40343
37.873398,1.7376195,106.45101,63.414635
35.20626,1.4877669,115.85366,43.16306
35.02845,1.7376195,104.92022,53.353657
32.40409,1.7376195,86.38211,53.353657
33.25035,1.4895985,105.20707,60.365852
32.57046,1.7376195,105.54195,58.841465
40.362732,1.7376195,103.150406,42.573044
42.496445,1.5125132,131.6057,53.048782
42.140823,1.7376195,106.480545,45.121952
40.00711,2.3892267,105.88372,43.783615
32.41489,2.1720243,106.64874,59.146343
32.33042,2.3892267,128.04878,53.658535
36.450924,1.954822,121.95122,51.219513
32.266846,1.7376195,109.24797,47.256096
24.359886,1.7376195,94.51219,40.853657
25.071123,1.7376195,86.89024,37.19512
24.182077,1.7376195,87.39838,36.280487
32.07406,1.7376195,78.25203,42.57076
33.428165,1.7376195,53.353657,30.182926
37.162163,1.7376195,103.822876,37.19512
39.651493,1.4861274,96.03658,42.07317
32.40918,1.954822,99.5935,49.085365
41.073967,1.531239,100.60976,42.380188
41.42959,1.5217446,113.82114,43.154987
41.251778,1.4753847,104.315895,35.060974
39.473682,1.7376195,107.72358,28.658537
38.762447,1.4632665,103.48696,36.585365
36.806545,1.7376195,125.0,43.146816
33.961594,1.7376195,110.772354,30.792683
32.721405,1.7376195,99.5935,36.890244
40.89616,1.7376195,110.772354,34.451218
43.38549,1.4511939,104.63974,33.841465
43.20768,1.5104451,131.09756,43.01172
43.029873,2.3892267,133.13008,43.64969
39.118065,1.7376195,106.562454,43.89283
37.339973,1.7376195,127.032524,42.987804
38.22902,1.7376195,104.511734,43.423134
32.281273,1.7376195,104.166664,36.585365
24.893314,1.7376195,95.52846,31.40244
26.671408,1.7376195,95.52846,33.23171
25.071123,1.7376195,85.36585,31.707317
26.13798,1.7376195,72.15447,32.317074
32.716927,1.7376195,105.748634,44.070297
33.961594,1.499438,65.54878,25.609756
33.072548,1.4993516,67.5813,22.560976
40.54054,1.7376195,81.808945,23.780487
41.785206,1.7376195,94.51219,43.272507
41.963017,1.7376195,123.47561,39.32927
42.496445,1.7376195,140.2439,43.292683
32.597595,1.4776851,98.06911,32.621952
32.359856,1.7376195,94.00407,30.792683
35.73969,1.7376195,83.333336,28.963415
32.005688,1.7376195,96.544716,29.268293
33.605976,2.1720243,90.44715,20.426828
32.63147,1.7376195,101.652695,26.524391
42.67425,1.7376195,104.35595,28.963415
43.38549,1.7376195,109.24797,32.621952
32.6012,1.7376195,105.24303,42.07317
32.386566,1.4640317,137.19513,43.85328
32.599613,1.7376195,115.34553,49.085365
38.406826,1.7376195,115.85366,41.15854
29.16074,1.7376195,99.5935,43.004772
24.182077,1.7376195,86.89024,43.319233
26.493599,1.7376195,86.38211,33.536587
25.071123,1.7376195,86.89024,31.40244
32.729744,1.7376195,102.50097,32.92683
34.139404,1.7376195,56.91057,22.256098
40.18492,1.7376195,72.15447,26.829268
32.74245,1.7376195,90.44715,27.439024
42.67425,1.5152702,82.31707,42.579235
47.475105,1.7376195,86.38211,37.19512
42.140823,1.7376195,105.39111,41.76829
40.362732,1.7376195,112.296745,38.414635
39.829304,1.954822,96.03658,34.451218
32.588226,1.7376195,103.506516,33.841465
33.78378,1.5005783,80.28455,34.756096
31.116644,1.7376195,82.8252,42.682926
32.41981,1.7376195,84.349594,46.036587
40.54054,1.7376195,100.60976,50.914635
43.38549,1.7376195,118.39431,42.879692
47.475105,1.7376195,115.34553,50.0
43.38549,1.5104991,129.06505,54.26829
32.41839,1.4868314,139.22765,43.394638
36.273117,1.7376195,121.44309,43.37254
38.22902,1.7376195,117.37805,49.695118
29.51636,1.7376195,91.46342,36.280487
24.537695,1.7376195,87.39838,42.825768
24.893314,1.7376195,90.44715,42.627148
24.893314,1.48424,90.955284,32.012196
26.13798,1.7376195,105.31676,43.548016
35.56188,1.5130857,56.91057,23.475607
40.89616,1.7376195,71.64634,28.658537
41.785206,1.7376195,81.808945,28.963415
39.829304,1.7376195,81.30081,28.353659
41.073967,1.7376195,106.743126,43.304916
40.00711,1.7376195,104.78271,38.414635
39.651493,1.954822,104.68141,40.853657
35.20626,1.5153935,95.52846,37.5
32.503605,1.7376195,103.59328,43.360485
30.938831,1.7376195,96.03658,42.776665
32.68846,1.4780506,100.10162,38.109756
33.961594,1.7376195,107.21545,42.979668
41.785206,1.7376195,114.837395,49.390244
45.341393,1.4831306,107.191925,50.609756
32.407402,1.7376195,139.73578,48.780487
43.91892,1.954822,147.35773,44.512196
39.473682,1.954822,143.29268,43.183773
37.51778,1.7376195,126.52439,53.048782
35.20626,1.7376195,122.45935,43.308273
27.204836,1.7376195,105.691055,43.079548
23.470839,1.4936686,85.36585,35.67073
24.182077,1.7376195,88.414635,31.707317
24.537695,1.7376195,79.77642,31.707317
25.426743,1.7376195,74.18699,42.839767
36.273117,1.7376195,58.94309,25.609756
42.496445,1.7376195,104.71194,28.963415
43.029873,1.7376195,105.08401,28.353659
41.607395,1.7376195,82.31707,28.658537
40.00711,1.4680337,105.43845,33.23171
32.26377,1.7376195,89.939026,43.11045
37.339973,1.954822,102.13415,37.5
32.738228,2.606429,88.414635,38.414635
34.672832,1.954822,105.15208,37.80488
32.427334,1.7376195,77.23577,41.76829
32.36131,1.5177815,83.333336,42.378048
32.262356,1.4930161,94.51219,44.817074
40.18492,1.4999018,91.97154,50.30488
44.274536,1.7376195,133.63821,55.792683
46.58606,1.7376195,114.837395,50.30488
44.452347,1.954822,107.572334,53.658535
32.214386,1.4633538,130.58943,43.541508
38.05121,1.7376195,108.257774,62.5
37.339973,1.7376195,120.93496,55.487804
28.627312,1.5175877,102.64227,43.258434
24.004267,1.7376195,102.43656,38.414635
24.182077,1.5117465,87.39838,39.32927
32.527122,1.7376195,76.727646,37.5
25.782362,1.7376195,73.17073,34.451218
32.664463,1.7376195,58.43496,26.219515
42.140823,1.7376195,73.67886,42.416862
42.140823,1.451782,105.79112,33.23171
40.71835,1.7376195,98.06911,43.48166
39.295876,1.7376195,105.72887,43.397568
40.18492,1.5160996,97.560974,46.341465
39.829304,1.7376195,106.70731,44.512196
35.02845,1.4732597,101.626015,38.109756
34.31721,1.7376195,106.70731,37.19512
32.53912,1.4907328,115.34553,38.414635
32.103077,1.4862962,106.19919,43.33352
32.005688,1.7376195,105.691055,39.939026
32.319374,1.7376195,97.05285,42.81398
42.852062,1.954822,119.41057,42.61001
44.274536,1.527387,130.0813,54.26829
32.35676,1.954822,140.2439,53.658535
32.405212,1.7376195,148.88211,59.146343
38.584637,1.7376195,134.65446,52.43903
32.487537,1.7376195,104.84359,39.939026
27.382647,1.7376195,100.60976,34.451218
32.557945,1.7376195,83.84146,43.589302
25.071123,1.7376195,83.84146,31.707317
24.537695,1.7376195,80.79269,32.621952
32.567398,1.7376195,72.15447,42.35094
34.85064,1.4644947,102.799034,23.780487
32.731686,1.7376195,70.12195,28.353659
42.67425,1.7376195,86.89024,28.963415
32.679512,1.4541334,103.69814,30.182926
40.362732,1.7376195,89.939026,37.80488
38.22902,1.521926,105.691055,42.559727
32.30982,1.7376195,102.64227,45.73171
32.132057,1.954822,88.414635,43.05844
35.02845,1.7376195,86.89024,34.451218
32.34552,1.7376195,87.39838,35.365852
33.072548,1.7376195,102.95052,33.23171
32.53912,1.454104,105.4135,42.682926
32.363754,1.7376195,123.98374,51.219513
41.251778,2.1720243,105.71834,42.987804
42.67425,1.4887558,136.17886,32.317074
40.54054,1.7376195,138.21138,41.463413
34.139404,1.7376195,137.70325,53.353657
33.428165,1.7376195,104.633286,47.865852
34.495018,1.7376195,132.62195,40.548782
27.738264,1.4685931,114.32927,34.756096
23.826458,1.7376195,101.11789,32.317074
24.715506,1.7376195,90.955284,28.963415
32.201527,1.5336214,85.36585,42.833736
32.476177,1.7376195,78.25203,29.878048
33.605976,1.488555,52.845528,25.0
36.273117,1.7376195,66.05691,25.609756
37.69559,1.954822,83.333336,27.134146
38.762447,1.7376195,83.333336,23.475607
41.42959,2.1720243,98.57723,28.658537
40.54054,2.1720243,118.39431,26.829268
40.71835,1.4768779,123.47561,27.743902
32.668083,1.7376195,106.70731,24.390244
35.56188,1.5277953,100.60976,43.492832
35.384068,1.7376195,107.21545,31.09756
31.29445,1.5278523,89.43089,43.220596
33.78378,1.7376195,107.72358,31.707317
37.873398,1.4684085,105.36216,34.756096
42.140823,1.954822,112.296745,38.414635
42.318634,1.7376195,125.0,43.77808
40.54054,1.5083008,137.19513,44.512196
33.428165,1.4936708,125.50814,42.987804
35.384068,1.7376195,133.63821,43.292683
32.240322,1.476289,126.52439,38.719513
29.51636,1.7376195,103.30244,38.109756
24.537695,1.7376195,94.51219,35.67073
32.583523,1.7376195,86.89024,32.317074
23.64865,1.7376195,82.31707,28.963415
24.893314,1.7376195,72.662605,27.743902
32.604275,1.4948255,103.07597,43.299934
31.65007,1.7376195,60.46748,28.658537
32.414207,1.7376195,74.69512,24.695122
32.41493,1.7376195,86.38211,21.95122
40.18492,1.7376195,117.88618,23.780487
41.073967,1.7376195,103.23768,29.573172
41.073967,1.7376195,103.999306,30.792683
36.628735,1.4687096,127.032524,22.560976
33.25035,1.7376195,102.65162,19.512196
32.297966,1.4570065,94.00407,23.170732
29.871977,1.464327,95.52846,21.341463
32.427246,1.7376195,102.82085,24.695122
38.584637,1.7376195,86.89024,26.829268
41.963017,1.7376195,104.28463,35.365852
41.963017,1.7376195,105.691055,31.707317
41.073967,1.954822,150.40651,38.109756
32.283436,1.7376195,143.29268,47.560974
32.11819,1.4870543,121.44309,57.621952
35.56188,1.7376195,122.967476,53.963413
27.027027,1.4769257,104.6748,49.390244
23.29303,1.4832423,92.98781,42.378048
25.426743,1.7376195,88.414635,42.55805
24.182077,1.7376195,75.203255,42.682926
32.15217,1.7376195,72.15447,44.207317
32.716927,1.5789831,59.451218,42.962986
38.406826,1.4966495,103.82249,39.02439
40.89616,1.4993788,83.84146,39.02439
32.180626,1.4992136,81.808945,43.466736
39.295876,1.7376195,88.92277,39.02439
35.56188,1.7376195,104.23069,47.865852
33.428165,2.1720243,100.60976,47.560974
32.655186,1.7376195,93.49593,35.365852
32.208145,2.3892267,82.31707,42.07317
30.938831,1.7376195,88.92277,48.17073
30.761023,1.483816,105.31512,46.951214
31.472263,1.5048575,100.10162,42.724834
35.56188,1.7376195,99.5935,42.852913
39.295876,1.7376195,126.01626,43.917473
39.295876,1.4991597,120.93496,42.92817
39.118065,1.7376195,139.73578,46.951214
35.02845,1.7376195,142.27643,44.19226
34.85064,1.4926254,135.1626,66.46342
35.02845,1.7376195,109.756096,59.146343
26.671408,1.7376195,103.14323,43.6553
23.470839,1.7376195,85.36585,47.256096
24.893314,1.7376195,86.89024,47.865852
24.004267,1.7376195,79.77642,43.410583
24.893314,1.7376195,76.21951,48.47561
33.072548,1.7376195,58.94309,41.463413
36.628735,1.7376195,70.63008,32.317074
38.940254,1.7376195,86.89024,30.792683
37.69559,1.4955008,90.955284,31.40244
36.628735,1.7376195,86.38211,39.32927
32.191982,1.5121266,104.166664,43.59756
32.36131,2.1720243,111.28049,41.15854
30.405403,1.7376195,87.9065,37.5
30.938831,1.7376195,78.76016,44.207317
28.80512,1.5125995,91.97154,52.134148
29.694168,1.7376195,83.84146,37.80488
31.29445,1.7376195,93.49593,49.695118
39.473682,1.7376195,104.67912,42.737682
41.607395,1.7376195,130.58943,61.585365
41.785206,1.7376195,132.11382,56.40244
32.205235,1.7376195,139.22765,59.756096
33.605976,1.7376195,150.91463,66.768295
31.65007,1.5380653,129.06505,68.902435
34.495018,1.7376195,131.09756,44.0264
32.197544,1.523561,100.60976,60.97561
24.182077,1.5272382,96.544716,54.57317
32.563393,1.7376195,105.233185,48.47561
32.33653,1.7376195,80.79269,47.256096
24.893314,1.7376195,103.14193,44.058025
32.27948,1.7376195,63.00813,42.550835
38.940254,1.7376195,72.15447,42.29489
41.607395,1.7376195,85.873985,51.219513
38.762447,1.954822,91.97154,48.17073
36.450924,1.7376195,104.96744,48.47561
39.651493,1.7376195,107.04105,58.536587
38.05121,2.1720243,109.756096,53.048782
32.71502,2.1720243,103.32995,44.512196
33.25035,1.7376195,88.414635,39.939026
31.472263,1.7376195,89.43089,43.216892
30.761023,1.521879,91.97154,42.682926
32.55051,1.7376195,102.22561,34.756096
39.829304,1.7376195,91.97154,45.42683
41.963017,1.7376195,122.45935,43.310505
42.140823,1.7376195,120.93496,42.59797
32.29959,2.1720243,105.31762,43.90244
36.095306,1.4873852,137.70325,50.609756
32.716927,1.4766111,115.85366,50.30488
35.384068,1.7376195,108.73984,36.280487
29.16074,1.7376195,103.9666,43.238426
24.715506,1.7376195,89.939026,29.878048
25.782362,1.7376195,74.69512,29.268293
25.071123,1.7376195,102.26608,30.487804
24.893314,1.7376195,69.61382,29.573172
33.961594,1.7376195,53.353657,23.170732
32.540264,1.7376195,74.18699,29.573172
32.636482,1.7376195,81.808945,33.841465
32.470737,1.7376195,78.76016,27.439024
40.362732,1.7376195,78.76016,34.146343
36.984352,1.7376195,103.96799,35.365852
32.59124,1.5049919,106.70731,47.865852
31.65007,1.954822,92.98781,33.536587
33.605976,1.7376195,96.03658,42.689327
32.1835,1.7376195,106.19919,41.76829
32.686337,1.7376195,105.183,44.216988
32.005688,1.7376195,94.51219,54.57317
32.418232,1.7376195,104.77,59.146343
42.852062,1.7376195,134.65446,57.92683
43.5633,1.954822,107.614555,56.09756
42.318634,2.1720243,145.32521,57.317074
35.56188,1.7376195,140.75203,56.40244
32.894737,1.7376195,110.26423,68.29269
36.095306,1.7376195,113.31301,64.63415
32.172714,1.4899521,104.6748,61.890244
24.359886,1.7376195,105.18656,56.40244
25.782362,1.7376195,86.38211,55.182926
25.071123,1.4898374,82.8252,42.887665
24.893314,1.4755942,105.325676,55.487804
32.590317,2.1720243,61.483738,50.609756
39.651493,1.7376195,82.8252,42.249683
32.60036,1.7376195,99.085365,45.42683
41.963017,1.475683,105.93884,44.512196
41.607395,1.7376195,96.03658,45.73171
40.89616,1.954822,100.60976,43.536083
40.71835,1.7376195,121.95122,42.651936
37.69559,1.5321913,109.24797,42.811657
34.85064,1.5196631,101.11789,43.11482
32.894737,1.7376195,97.560974,49.085365
34.85064,1.7376195,90.955284,42.95167
35.20626,1.7376195,107.81352,64.02439
40.362732,1.7376195,111.78862,65.54878
43.38549,1.4892249,141.7683,52.134148
46.941677,1.7376195,140.2439,54.57317
32.70646,2.3892267,157.01219,63.719513
39.295876,1.7376195,162.09349,75.30488
34.495018,1.7376195,140.75203,73.47561
38.940254,1.7376195,124.49187,71.95122
30.761023,1.7376195,110.26423,43.882187
32.237663,1.7376195,101.626015,39.634148
26.13798,1.7376195,97.05285,40.243904
25.604551,1.7376195,90.44715,40.853657
24.893314,1.7376195,84.349594,43.456192
33.605976,2.1720243,72.662605,35.365852
37.69559,1.7376195,104.27347,39.634148
41.073967,1.7376195,94.51219,48.47561
32.567947,1.7376195,110.26423,61.280487
42.140823,1.5087225,110.772354,58.23171
40.89616,1.7376195,106.19919,52.743904
41.073967,1.7376195,115.34553,49.085365
32.305325,1.7376195,108.73984,43.023792
32.645638,1.7376195,107.21545,43.786243
33.78378,1.7376195,109.24797,43.094795
32.53912,1.7376195,106.5775,54.878048
34.495018,1.7376195,100.60976,56.707317
40.89616,1.7376195,107.45638,59.146343
44.09673,1.7376195,119.9187,49.695118
45.87482,1.7376195,141.26016,63.109756
43.20768,1.7376195,160.5691,43.235336
37.69559,1.7376195,108.63514,74.69512
32.668903,1.7376195,105.4462,43.468346
32.222927,1.7376195,104.95134,64.63415
30.227596,1.7376195,123.98374,42.92366
24.715506,1.7376195,111.28049,49.085365
25.426743,1.7376195,103.150406,39.02439
24.715506,1.7376195,91.97154,38.109756
32.637016,1.4777815,104.146324,43.385155
30.938831,1.7376195,102.576035,34.756096
32.64324,1.7376195,102.79673,35.97561
32.259964,1.7376195,98.57723,42.744957
41.607395,1.7376195,92.98781,43.292683
41.963017,1.7376195,102.64227,44.512196
32.73615,1.7376195,125.0,47.560974
41.251778,1.4663988,136.687,44.207317
37.51778,1.4646113,116.361786,26.829268
36.273117,1.4517225,118.39431,29.573172
32.63114,1.954822,111.28049,29.268293
32.250145,1.7376195,99.085365,43.315098
31.827883,1.7376195,94.00407,28.963415
38.22902,1.7376195,102.968925,30.487804
32.67417,1.954822,105.18293,38.719513
47.475105,1.954822,128.55692,42.682926
43.91892,1.7376195,107.12904,54.57317
37.51778,1.7376195,167.17479,82.92683
35.56188,1.7376195,140.2439,43.06817
40.54054,1.7376195,108.55717,68.29269
30.583216,1.7376195,105.11065,58.841465
24.715506,1.7376195,100.10162,43.062088
32.63461,1.7376195,100.10162,55.487804
25.426743,1.7376195,92.479675,43.323452
32.204002,1.7376195,91.97154,42.9158
33.961594,1.7376195,69.61382,42.77834
39.651493,1.7376195,78.25203,51.219513
41.785206,1.7376195,92.98781,62.19512
40.71835,1.5597543,92.479675,61.585365
39.295876,1.7376195,90.44715,67.37805
33.78378,1.7376195,105.408066,43.650818
28.449503,1.4756206,116.86992,53.048782
14.224751,1.5102522,102.13415,42.91603
13.513514,1.7376195,88.414635,43.142635
32.42465,1.7376195,90.44715,59.756096
32.323574,1.7376195,96.03658,61.585365
31.827883,1.7376195,106.51008,68.902435
38.584637,1.7376195,98.57723,68.597565
42.852062,1.7376195,139.73578,71.34146
43.38549,1.5196013,131.09756,59.146343
32.191875,1.4743762,146.34146,61.585365
36.628735,2.1720243,146.34146,67.37805
32.53912,1.7376195,115.85366,64.939026
37.51778,1.7376195,118.39431,64.02439
29.16074,1.5133141,106.91669,65.85366
32.355885,1.7376195,95.52846,55.792683
25.426743,1.7376195,88.414635,42.610073
32.190998,1.4981645,82.31707,43.138905
24.537695,1.7376195,78.76016,42.40543
33.428165,1.7376195,104.45262,36.890244
38.584637,1.7376195,72.662605,37.80488
41.073967,1.7376195,87.9065,49.390244
40.54054,1.7376195,82.31707,46.341465
38.762447,1.7376195,106.9203,51.82927
35.917496,1.7376195,102.13415,46.341465
32.666527,1.7376195,114.32927,39.634148
33.605976,1.7376195,108.73984,36.280487
32.894737,1.4970587,91.46342,48.17073
32.53912,1.7376195,103.65854,44.512196
30.938831,1.5444819,101.626015,64.32927
32.894737,1.7376195,93.49593,67.37805
38.05121,1.7376195,97.05285,70.42683
40.71835,1.5075679,108.496254,68.902435
42.318634,1.7376195,138.21138,63.414635
32.582813,2.1720243,140.2439,65.243904
35.20626,1.7376195,152.43903,87.19512
33.78378,1.7376195,147.35773,44.15594
35.73969,1.7376195,108.86645,89.63415
29.338549,1.4844433,116.86992,43.139343
28.093884,1.7376195,98.06911,77.13415
28.80512,1.7376195,100.10162,68.29269
28.627312,1.7376195,95.020325,62.80488
28.449503,1.7376195,91.46342,42.861618
32.452915,1.7376195,72.15447,42.80447
41.963017,1.7376195,85.873985,46.951214
39.295876,1.7376195,89.939026,50.609756
36.984352,1.7376195,106.63907,54.57317
36.273117,1.7376195,92.98781,47.560974
35.384068,1.7376195,106.45826,46.036587
35.02845,1.5181999,110.772354,52.743904
33.78378,1.4899037,112.296745,52.743904
33.072548,1.7376195,96.544716,43.130173
31.116644,1.5110217,96.03658,59.756096
31.65007,1.7376195,117.88618,58.23171
32.36131,1.7376195,112.80488,62.5
34.85064,1.7376195,114.837395,42.758217
32.214287,1.7376195,137.19513,68.902435
43.029873,1.4998043,154.97968,43.26069
38.762447,1.5497195,144.81708,77.439026
32.455364,1.7376195,161.58537,84.14634
32.22549,1.5031073,153.45529,86.89024
34.495018,1.7376195,132.11382,79.57317
28.093884,1.7376195,126.01626,60.67073
23.826458,1.7376195,106.19919,43.348427
25.248934,1.4804679,108.73984,43.311337
25.071123,1.7376195,94.51219,45.42683
24.715506,1.7376195,95.020325,48.780487
32.1574,1.7376195,77.23577,43.02744
35.56188,1.7376195,104.621544,42.937332
38.406826,1.7376195,95.020325,42.40723
32.229347,1.7376195,104.84764,45.42683
40.18492,1.7376195,102.13415,43.44318
38.584637,1.7376195,122.967476,48.780487
40.54054,1.4794269,139.22765,47.256096
39.651493,1.7376195,105.357735,40.548782
32.39505,1.7376195,92.479675,43.373417
32.131744,1.7376195,96.544716,43.421513
32.005688,1.4556454,106.19919,31.09756
32.716927,1.7376195,100.60976,32.92683
32.365047,1.7376195,103.96436,37.19512
39.473682,1.954822,99.5935,50.0
42.852062,1.954822,116.86992,59.146343
38.22902,2.3892267,152.43903,58.536587
32.46174,1.4559193,140.2439,52.43903
32.62034,1.4932396,137.19513,55.792683
33.428165,1.4726139,137.70325,53.353657
32.511143,1.7376195,106.70731,43.59756
24.182077,1.7376195,92.479675,38.414635
26.13798,1.7376195,91.46342,38.414635
25.248934,1.7376195,81.30081,39.02439
24.893314,1.7376195,88.414635,42.87986
32.894737,1.550652,74.18699,42.458485
36.628735,1.7376195,82.8252,41.463413
36.095306,1.7376195,104.166664,44.207317
33.78378,1.7376195,96.03658,43.244873
34.139404,1.7376195,106.19919,58.536587
32.894737,1.5073636,108.231705,43.505596
33.25035,1.5159506,121.44309,57.621952
33.78378,1.7376195,113.31301,51.52439
33.961594,1.7376195,106.67261,52.43903
30.405403,1.7376195,100.10162,43.111763
32.42113,1.7376195,102.64227,43.321133
32.716927,1.5233417,86.38211,50.609756
32.894737,1.954822,105.786385,55.792683
37.339973,1.7376195,132.62195,43.53792
37.873398,1.954822,132.11382,43.08544
34.139404,1.7376195,151.42276,60.97561
31.116644,1.7376195,137.70325,43.7818
30.583216,1.7376195,106.92685,78.96342
34.139404,1.4801466,118.39431,42.845566
29.16074,1.7376195,104.602715,58.841465
25.248934,1.4636072,104.622345,44.09824
27.204836,1.7376195,99.5935,43.198242
27.204836,1.7376195,87.9065,54.57317
26.31579,1.7376195,86.89024,49.390244
31.116644,1.5316132,68.597565,36.585365
32.36131,1.7376195,77.23577,42.50404
32.894737,1.7376195,106.106346,43.98429
33.78378,1.7376195,87.9065,46.951214
35.56188,1.7376195,92.479675,51.52439
33.25035,1.7376195,107.72358,42.932438
34.139404,1.7376195,107.21545,37.19512
33.428165,1.7376195,109.756096,28.353659
33.605976,1.4580151,105.20195,41.463413
32.53912,1.7376195,115.34553,35.365852
32.307827,1.7376195,118.39431,46.036587
32.894737,1.7376195,102.13415,40.548782
35.384068,1.4786557,109.756096,43.59756
38.05121,1.7376195,111.78862,45.121952
39.829304,2.1720243,127.032524,59.451218
35.73969,1.954822,108.30875,70.731705
31.29445,1.7376195,133.13008,55.792683
31.65007,1.7376195,104.55498,54.878048
33.78378,1.7376195,131.6057,58.841465
29.871977,1.7376195,104.166664,53.658535
24.893314,1.7376195,104.36055,47.865852
26.31579,1.7376195,84.349594,38.109756
25.248934,1.7376195,88.414635,37.19512
25.96017,1.7376195,84.349594,43.571304
30.938831,1.4945846,66.56504,36.280487
30.938831,1.7376195,70.63008,32.012196
32.36131,1.7376195,80.28455,33.841465
33.428165,1.7376195,104.26607,43.433823
35.56188,1.7376195,91.46342,42.378048
34.672832,2.1720243,132.11382,44.207317
32.264515,1.7376195,146.34146,46.341465
34.31721,1.4844563,118.902435,43.212376
32.53912,1.954822,104.6748,32.92683
32.73233,1.7376195,98.06911,34.756096
29.16074,1.4474932,102.06664,28.353659
31.827883,1.7376195,102.63834,29.268293
32.470856,1.501372,101.11789,34.146343
38.940254,1.7376195,126.52439,46.646343
42.496445,1.7376195,106.58232,43.18985
37.339973,1.7376195,141.26016,53.048782
31.65007,1.7376195,137.70325,59.451218
32.59125,1.7376195,103.29431,43.85312
33.605976,1.7376195,104.831924,49.390244
29.51636,1.7376195,108.231705,40.243904
24.537695,1.524768,96.544716,42.595455
32.44918,1.7376195,93.49593,38.109756
25.248934,1.454089,102.375534,37.19512
32.54704,1.7376195,105.075264,40.243904
31.29445,1.488597,71.138214,34.146343
33.428165,1.7376195,80.28455,33.841465
35.02845,1.7376195,80.79269,43.90244
34.85064,1.4683508,105.79259,43.292683
36.273117,1.4943291,104.68227,50.914635
33.428165,1.7376195,98.06911,53.048782
33.072548,1.7376195,105.95115,46.646343
33.072548,1.954822,93.49593,44.207317
32.628063,1.7376195,86.38211,38.109756
31.29445,1.5084096,106.20161,54.57317
32.256737,1.7376195,104.52188,56.707317
32.005688,1.7376195,104.290215,43.94328
35.20626,1.5371114,99.085365,66.46342
39.295876,1.7376195,112.296745,67.37805
42.496445,1.7376195,124.49187,64.63415
38.05121,1.7376195,149.89838,44.323723
32.64978,1.954822,105.82543,64.939026
32.482304,1.7376195,140.2439,75.30488
32.142185,1.7376195,130.58943,68.597565
32.549583,1.7376195,103.65854,55.487804
32.486816,1.7376195,93.49593,39.02439
26.671408,1.7376195,97.05285,37.80488
25.96017,1.7376195,95.020325,42.76645
25.604551,1.7376195,87.9065,42.559143
32.569534,1.4710814,74.69512,35.060974
34.85064,1.7376195,83.333336,34.756096
38.22902,1.7376195,84.349594,42.148403
37.339973,1.7376195,95.52846,46.951214
34.85064,1.7376195,107.72358,44.207317
32.894737,1.7376195,109.756096,57.92683
34.85064,1.7376195,116.86992,57.317074
32.53912,1.5077235,101.626015,58.536587
32.595367,1.7376195,93.49593,53.353657
29.871977,1.7376195,99.085365,59.756096
29.16074,1.954822,104.6748,62.19512
32.325203,1.7376195,93.49593,72.256096
32.6085,1.954822,102.64227,42.848225
39.829304,1.5085117,116.361786,43.263035
47.2973,1.7376195,145.83333,72.86585
42.318634,1.5229657,152.94716,74.69512
35.20626,1.5346189,151.42276,73.78049
33.961594,1.7376195,120.93496,69.81707
33.78378,1.7376195,115.85366,43.76577
29.871977,1.5270433,92.98781,43.406635
25.248934,1.5221587,86.38211,50.609756
27.382647,1.7376195,96.544716,50.914635
27.027027,1.4953249,94.00407,52.134148
26.13798,1.7376195,91.97154,53.353657
32.261738,1.4924483,80.28455,38.414635
32.441875,1.7376195,81.30081,30.487804
36.806545,1.7376195,85.873985,42.305782
32.2654,1.7376195,88.414635,43.036125
35.384068,1.7376195,87.9065,42.378048
32.68918,1.7376195,97.560974,44.207317
32.21824,1.7376195,102.13415,42.07317
33.428165,1.4850818,104.74019,43.962635
31.472263,1.7376195,88.92277,38.414635
31.116644,1.7376195,91.46342,35.97561
31.472263,1.7376195,96.544716,40.243904
32.1835,1.5126703,93.49593,43.529972
33.78378,1.5259712,92.479675,43.155594
32.381874,1.7376195,114.837395,56.707317
43.5633,1.5009714,105.68632,52.43903
39.473682,1.7376195,145.32521,53.048782
32.53912,1.5124787,135.67073,60.365852
30.583216,1.7376195,129.57317,73.47561
33.072548,1.5040451,127.54066,67.37805
29.871977,1.7376195,96.544716,64.02439
25.426743,1.5471668,83.333336,58.23171
27.560455,1.7376195,82.31707,53.353657
32.32771,1.7376195,74.69512,51.52439
26.671408,1.5457151,76.21951,43.197956
32.716927,1.7376195,73.67886,32.012196
34.85064,1.5050725,73.17073,31.09756
37.339973,1.7376195,82.8252,40.243904
35.73969,1.7376195,83.84146,43.90244
35.384068,1.7376195,92.98781,42.978813
32.710293,1.4852086,113.82114,41.76829
32.238636,1.7376195,125.0,42.987804
33.072548,1.7376195,113.31301,34.451218
32.716927,1.5350248,98.06911,43.031414
30.049788,1.4976888,121.44309,43.727283
32.27139,1.7376195,114.32927,43.90244
32.005688,1.7376195,99.085365,43.59756
34.139404,1.500092,113.82114,43.506702
39.295876,1.7376195,139.22765,43.61236
40.54054,1.7376195,128.04878,46.036587
36.628735,1.7376195,153.96341,43.237476
32.005688,1.7376195,147.86586,43.301785
30.761023,1.7376195,141.26016,44.258083
33.605976,1.7376195,106.72147,66.46342
29.338549,1.7376195,111.28049,59.146343
24.359886,1.7376195,100.60976,62.80488
26.493599,1.7376195,95.020325,62.19512
32.51303,1.7376195,94.00407,42.525402
26.31579,1.7376195,86.89024,65.85366
32.36131,1.7376195,72.662605,60.97561
34.31721,1.7376195,106.44517,56.09756
34.672832,1.7376195,84.85773,57.621952
34.495018,1.7376195,85.36585,49.390244
35.20626,1.7376195,89.43089,43.23189
33.428165,1.7376195,114.32927,42.81557
32.716927,1.7376195,123.47561,50.30488
33.072548,1.7376195,116.361786,50.609756
31.827883,1.5072714,117.37805,40.548782
30.405403,2.1720243,104.166664,38.719513
30.938831,1.7376195,100.10162,41.76829
33.605976,1.7376195,103.84563,45.73171
33.78378,1.7376195,104.6748,43.59336
35.73969,1.7376195,134.65446,42.07317
36.806545,2.1720243,119.9187,49.085365
32.444878,1.7376195,150.91463,57.317074
31.65007,1.7376195,140.75203,59.146343
30.938831,1.4957354,148.88211,43.860775
32.716927,1.7376195,135.1626,63.414635
30.761023,1.7376195,115.85366,56.40244
32.19892,1.7376195,104.166664,53.963413
27.204836,1.7376195,95.52846,50.609756
27.027027,1.4985404,95.52846,42.64777
26.31579,1.4629109,103.65795,43.209743
31.65007,1.7376195,103.0316,34.756096
31.116644,1.7376195,71.138214,29.573172
32.716927,1.7376195,90.955284,42.07317
34.31721,1.5324879,88.92277,45.42683
35.917496,1.7376195,103.65854,43.59756
34.85064,1.7376195,133.63821,43.440315
35.384068,1.7376195,144.81708,41.76829
33.25035,1.4903635,103.65854,35.060974
33.25035,1.7376195,100.60976,41.463413
31.116644,1.7376195,125.0,42.682926
32.36131,1.7376195,109.756096,44.512196
32.716927,1.7376195,104.166664,42.64366
33.25035,1.7376195,111.28049,40.243904
35.56188,1.7376195,116.361786,43.585682
32.483387,1.7376195,136.17886,43.797935
35.02845,1.5037735,143.29268,47.256096
32.36131,1.7376195,106.2033,56.707317
30.938831,1.7376195,105.2179,61.280487
34.139404,1.7376195,116.361786,43.052917
32.005688,1.7376195,106.84691,55.487804
27.204836,1.4829493,103.150406,42.952156
28.093884,1.7376195,98.06911,33.536587
27.204836,1.7376195,90.44715,32.317074
27.027027,1.7376195,90.44715,34.146343
31.65007,1.7376195,70.12195,29.878048
31.827883,1.5491387,61.483738,42.042904
33.072548,1.7376195,82.31707,30.792683
35.56188,1.7376195,90.44715,37.5
39.295876,1.954822,102.13415,42.38961
40.00711,1.7376195,113.31301,41.76829
39.651493,1.4888517,129.57317,43.90244
35.917496,1.7376195,108.231705,42.982952
33.78378,1.7376195,97.05285,36.890244
32.005688,1.7376195,99.5935,38.719513
30.583216,1.7376195,109.756096,34.451218
32.46618,1.7376195,111.28049,42.97332
37.69559,1.7376195,106.19919,42.51239
41.073967,1.7376195,105.29644,43.292683
40.18492,1.7376195,135.1626,36.585365
35.20626,1.7376195,106.4943,47.865852
32.43457,1.7376195,137.70325,48.17073
30.583216,1.7376195,104.583534,48.780487
33.428165,1.954822,118.39431,44.207317
30.227596,1.50088,100.60976,41.15854
24.715506,1.4639926,103.72738,36.585365
26.849218,1.7376195,103.521286,43.152107
26.493599,1.7376195,79.77642,36.890244
26.31579,1.7376195,76.21951,37.19512
32.716927,1.7376195,70.12195,30.792683
34.495018,1.7376195,103.28123,27.743902
35.384068,1.7376195,79.77642,46.951214
34.139404,1.7376195,80.28455,43.095062
35.384068,1.7376195,108.231705,35.060974
32.333355,1.7376195,108.73984,33.536587
33.78378,2.3892267,124.49187,43.39063
33.78378,2.3892267,105.77291,43.618404
32.53912,1.7376195,103.73597,36.585365
30.938831,1.7376195,105.33622,40.243904
29.338549,1.7376195,119.9187,42.987804
31.116644,1.7376195,99.5935,43.148453
34.31721,1.7376195,114.837395,51.82927
39.295876,1.7376195,123.47561,56.09756
41.785206,1.7376195,106.40463,58.536587
32.287197,1.7376195,159.55284,50.0
32.36131,1.5054034,146.8496,53.963413
30.761023,1.7376195,116.361786,65.85366
32.672638,1.7376195,116.361786,58.23171
29.338549,1.7376195,111.28049,56.40244
24.537695,1.5021536,98.57723,35.97561
32.60198,1.4337766,104.1546,33.841465
26.493599,1.7376195,89.939026,34.756096
26.13798,1.7376195,102.28189,35.060974
32.17414,1.5451473,71.138214,43.178482
34.139404,1.7376195,102.572174,28.963415
36.450924,1.4936326,82.8252,43.292683
33.78378,1.7376195,96.544716,33.23171
32.632195,1.7376195,115.34553,39.939026
33.605976,1.7376195,129.06505,44.512196
33.961594,1.7376195,132.11382,48.47561
32.716927,1.7376195,114.837395,43.902725
31.827883,1.7376195,100.10162,48.17073
28.982931,1.7376195,104.6748,50.30488
28.271692,1.5223095,103.150406,53.963413
32.50968,1.7376195,101.11789,54.57317
32.50143,1.7376195,108.73984,54.57317
37.873398,1.7376195,109.24797,72.86585
41.073967,2.3892267,146.34146,58.536587
36.273117,1.7376195,148.88211,54.57317
32.1835,1.7376195,142.27643,64.63415
30.761023,1.7376195,141.26016,90.54878
33.25035,1.7376195,128.04878,75.0
29.694168,1.4983153,103.09291,43.254868
32.372448,1.4940138,93.49593,51.219513
26.493599,1.7376195,92.98781,43.546486
26.493599,1.7376195,87.9065,38.414635
26.13798,1.7376195,82.8252,37.5
31.827883,1.7376195,75.203255,35.060974
33.25035,1.7376195,103.02271,36.585365
35.56188,1.7376195,89.43089,42.987804
32.291885,1.7376195,90.44715,43.90244
32.59985,1.5014311,93.49593,46.646343
34.31721,1.7376195,114.32927,34.451218
33.78378,1.7376195,105.691055,33.23171
33.25035,1.5047548,105.18293,34.451218
32.21045,1.7376195,94.00407,40.243904
31.65007,1.4873936,105.21556,49.390244
31.116644,1.5203884,99.085365,49.085365
32.520504,1.7376195,94.51219,52.134148
34.31721,1.7376195,108.73984,55.487804
40.89616,1.7376195,115.85366,67.37805
40.89616,1.7376195,144.81708,64.32927
37.51778,1.7376195,106.0732,43.188282
33.072548,1.954822,160.06097,74.69512
32.566082,1.7376195,136.17886,84.756096
33.78378,1.7376195,127.54066,43.65171
30.049788,1.5316676,123.47561,63.719513
32.62747,1.7376195,110.26423,43.55998
27.027027,1.4808387,99.5935,48.17073
26.31579,1.7376195,89.939026,42.746635
26.31579,1.7376195,102.660866,40.243904
32.005688,1.7376195,77.743904,34.451218
34.495018,1.7376195,82.8252,42.932552
36.095306,1.7376195,95.52846,42.397873
32.394024,1.4689331,95.020325,41.76829
34.31721,1.7376195,100.10162,39.02439
33.072548,1.7376195,105.07822,42.987804
33.25035,1.7376195,109.756096,50.0
32.53912,1.7376195,122.967476,43.140694
32.312843,1.7376195,108.73984,53.353657
30.049788,1.7376195,111.28049,53.048782
30.049788,1.7376195,95.52846,53.353657
33.428165,1.7376195,102.64227,52.743904
35.384068,1.7376195,126.01626,43.321804
32.371143,1.954822,132.11382,65.243904
32.46297,1.954822,145.32521,66.15854
38.05121,1.7376195,155.48781,65.243904
32.53912,1.7376195,105.7787,63.109756
31.116644,1.7376195,137.70325,75.30488
33.961594,1.7376195,118.39431,63.109756
29.338549,1.7376195,105.18293,56.40244
32.334106,1.7376195,97.560974,55.792683
27.204836,1.7376195,91.97154,43.143368
26.671408,1.5342315,85.873985,43.38248
26.671408,1.7376195,80.79269,42.378048
32.716927,1.7376195,77.743904,38.719513
33.428165,1.7376195,77.743904,36.280487
38.22902,1.7376195,92.98781,44.207317
38.05121,1.7376195,91.46342,43.418324
37.51778,1.7376195,105.48172,43.581833
36.273117,1.7376195,104.6748,42.761456
33.25035,1.7376195,111.78862,33.841465
33.428165,1.4910591,98.57723,32.621952
32.53912,1.7376195,99.5935,34.756096
31.827883,1.7376195,105.63369,46.341465
32.36131,1.7376195,111.28049,53.963413
32.57651,1.7376195,122.45935,43.8861
32.329475,1.4804056,117.88618,50.914635
41.073967,1.7376195,129.57317,43.18183
41.073967,1.5122619,107.08312,63.109756
37.873398,1.5048765,148.88211,63.109756
33.072548,1.7376195,147.86586,63.414635
32.211723,1.7376195,129.57317,57.621952
32.68512,1.7376195,120.42683,52.43903
32.42091,1.7376195,104.59613,39.939026
32.435078,1.7376195,101.11789,34.146343
27.560455,1.5038353,96.03658,42.91714
27.204836,1.4993205,87.9065,42.590782
27.204836,1.7376195,81.808945,32.317074
31.29445,1.4729685,101.949,27.439024
32.664036,1.7376195,75.203255,24.390244
35.73969,2.1720243,96.544716,38.414635
36.095306,1.5061339,104.166664,42.802307
32.635506,1.954822,113.82114,36.280487
32.350494,1.7376195,103.24531,32.621952
36.628735,1.7376195,116.361786,29.878048
34.31721,1.7376195,119.9187,26.219515
33.25035,1.7376195,119.9187,30.792683
33.78378,1.7376195,113.82114,31.707317
33.072548,1.7376195,105.18293,42.876472
32.53912,1.506735,101.626015,35.060974
36.628735,1.7376195,109.24797,37.5
32.777935,1.954822,130.0813,43.59756
39.118065,2.606429,106.6112,53.048782
34.139404,2.606429,144.81708,64.02439
32.1835,2.1720243,136.687,57.92683
32.005688,1.954822,106.918076,55.487804
33.605976,1.4928381,119.41057,43.751602
29.694168,1.7376195,120.42683,43.292683
32.327415,1.7376195,102.64227,43.42962
25.426743,1.7376195,95.52846,37.5
25.248934,1.497697,90.44715,42.474335
25.604551,1.7376195,78.76016,37.80488
30.405403,1.7376195,102.523735,32.621952
30.761023,1.7376195,70.63008,29.268293
32.1835,1.51358,83.333336,42.91799
36.450924,1.4639006,103.7882,24.695122
32.46642,1.7376195,97.560974,28.353659
37.873398,1.7376195,112.296745,32.012196
32.468376,1.7376195,146.34146,30.792683
33.605976,1.4708171,111.78862,26.829268
32.27574,1.7376195,96.544716,23.475607
30.227596,1.4846834,96.03658,27.134146
29.871977,1.7376195,95.020325,33.23171
33.072548,1.7376195,89.939026,37.19512
35.384068,1.5341291,110.26423,43.282978
41.251778,1.7376195,116.86992,45.42683
41.785206,1.4723451,106.088455,50.609756
38.05121,1.954822,156.50406,64.939026
32.716927,1.7376195,126.01626,66.46342
33.25035,1.7376195,115.85366,71.03659
32.37453,1.7376195,121.95122,73.17073
28.80512,1.7376195,114.837395,44.207317
32.640423,1.7376195,110.26423,40.853657
24.893314,1.7376195,102.64227,39.634148
26.31579,1.7376195,102.55599,40.548782
26.849218,1.7376195,90.44715,41.76829
31.65007,1.7376195,80.79269,36.585365
35.02845,1.7376195,84.349594,30.487804
39.295876,1.7376195,81.30081,43.102253
35.56188,1.4957122,91.97154,39.32927
34.672832,1.5291897,91.46342,42.50896
32.894737,1.7376195,106.19919,48.47561
32.341373,1.5124252,130.0813,57.621952
33.072548,1.7376195,116.86992,43.918434
32.1835,1.4948689,104.783264,47.560974
31.827883,1.7376195,97.05285,52.43903
32.005688,1.7376195,105.525375,53.658535
32.53912,1.5197921,108.231705,71.95122
33.961594,1.7376195,131.6057,79.57317
39.295876,1.7376195,136.17886,64.63415
32.15408,1.954822,142.27643,68.597565
39.118065,1.5437722,109.34744,80.18293
33.25035,2.1720243,138.71951,77.13415
32.1835,1.7376195,144.81708,72.256096
33.78378,1.7376195,134.14635,70.12195
32.43499,1.7376195,104.86646,64.63415
24.537695,1.7376195,99.085365,43.487617
26.31579,1.7376195,103.82881,52.743904
26.671408,1.7376195,103.48833,49.390244
32.402634,1.7376195,83.84146,43.059868
32.47509,1.7376195,79.268295,46.951214
34.85064,1.7376195,85.36585,42.64541
40.18492,1.7376195,92.98781,42.267235
38.22902,1.7376195,101.11789,44.207317
35.56188,1.5053295,104.6748,46.951214
32.659832,1.7376195,124.49187,50.0
32.1835,1.7376195,103.47658,42.988647
32.1835,1.7376195,103.150406,43.404133
32.36131,1.7376195,84.349594,46.341465
30.405403,1.7376195,97.560974,46.036587
30.405403,1.954822,102.13415,58.23171
30.938831,1.7376195,102.13415,71.03659
35.73969,1.7376195,107.414925,66.15854
41.251778,1.954822,107.80153,62.80488
32.641922,1.7376195,151.9309,66.768295
36.628735,2.1720243,163.10976,72.256096
32.53912,2.1720243,106.04947,70.12195
32.29193,1.4739847,106.2993,64.939026
32.53912,1.5139852,134.14635,60.97561
28.449503,1.7376195,105.691055,56.09756
23.826458,1.4858897,104.166664,47.865852
25.071123,1.7376195,92.98781,46.646343
32.27028,1.7376195,88.92277,38.719513
25.782362,1.7376195,82.8252,43.49443
31.116644,1.4732262,102.75693,34.146343
35.02845,1.7376195,85.873985,43.098755
40.362732,1.7376195,100.60976,45.73171
32.380955,1.7376195,94.00407,41.15854
35.02845,1.7376195,97.05285,49.695118
32.13368,1.7376195,107.72358,54.57317
31.827883,1.7376195,126.52439,53.353657
32.1835,1.7376195,96.03658,52.134148
31.29445,1.502645,105.18293,47.865852
30.227596,1.7376195,97.05285,58.23171
32.09232,1.7376195,95.52846,61.585365
32.894737,1.7376195,104.91089,53.963413
32.321102,2.3892267,110.26423,56.09756
40.89616,1.7376195,136.687,54.878048
41.42959,1.7376195,136.17886,59.146343
35.384068,1.954822,154.97968,71.64634
31.827883,1.7376195,144.30894,62.80488
32.38628,1.954822,125.0,59.756096
32.005688,1.5133234,106.19919,57.92683
28.80512,1.4898335,94.51219,45.42683
24.004267,1.5060189,92.479675,36.890244
32.539883,1.7376195,85.36585,35.365852
24.893314,1.7376195,78.25203,35.060974
25.604551,1.7376195,67.07317,36.280487
32.24351,1.7376195,66.05691,32.317074
32.434902,1.4974312,70.63008,30.487804
38.05121,1.7376195,74.69512,28.04878
34.495018,1.7376195,103.69851,32.012196
32.07669,1.7376195,90.955284,43.61746
33.78378,1.7376195,94.51219,43.2771
33.072548,1.954822,122.45935,47.560974
31.116644,1.4975502,98.57723,49.390244
29.694168,1.4792683,99.5935,45.121952
29.16074,1.7376195,97.560974,45.73171
29.694168,1.7376195,98.57723,43.59756
32.1835,1.7376195,88.414635,42.91156
34.31721,1.7376195,107.72358,42.653286
35.56188,1.7376195,107.303604,65.85366
38.05121,2.3892267,136.17886,65.243904
34.672832,2.1720243,156.50406,57.92683
30.938831,1.954822,136.687,53.963413
30.049788,1.7376195,120.93496,60.060974
32.894737,1.4845674,119.41057,57.92683
28.627312,1.7376195,101.626015,52.134148
23.64865,1.7376195,96.544716,47.560974
24.359886,1.7376195,95.020325,47.865852
32.175438,1.7376195,82.31707,42.682926
26.13798,1.7376195,80.28455,37.19512
32.53912,1.7376195,77.23577,32.621952
35.20626,1.7376195,76.727646,31.09756
37.51778,1.7376195,79.268295,42.18035
34.31721,1.7376195,78.25203,40.243904
34.139404,1.7376195,73.67886,51.82927
32.53912,1.7376195,101.11789,53.963413
31.65007,1.7376195,111.78862,43.715744
32.53912,1.7376195,102.9539,34.756096
32.582134,1.7376195,84.85773,42.682926
32.1835,1.7376195,97.05285,51.52439
32.622128,1.7376195,103.150406,43.214916
32.482563,1.4990461,105.691055,42.91372
34.495018,1.954822,104.166664,53.658535
32.317135,2.1720243,110.26423,58.536587
38.584637,1.7376195,132.62195,54.878048
35.384068,1.954822,150.40651,53.048782
32.66653,1.4510908,144.81708,49.390244
31.29445,2.1720243,135.67073,44.186638
32.494118,1.954822,128.55692,43.116566
29.338549,1.4853804,103.41598,43.48029
24.893314,1.7376195,89.43089,42.582165
25.96017,1.7376195,91.46342,37.19512
26.31579,1.4948522,87.39838,36.585365
25.96017,1.7376195,76.21951,42.481293
32.437176,1.7376195,103.74073,28.963415
31.827883,2.1720243,71.64634,25.609756
34.495018,1.7376195,88.92277,32.92683
38.22902,1.4809862,102.13415,43.59756
37.339973,2.1720243,99.085365,42.378048
36.984352,1.7376195,126.52439,51.82927
36.095306,1.4737002,122.45935,44.817074
35.02845,1.7376195,105.18293,37.19512
34.85064,1.7376195,107.21545,42.63334
32.36131,1.7376195,89.43089,38.109756
31.29445,1.7376195,105.098274,37.80488
32.53912,1.7376195,105.022316,37.19512
32.28882,1.7376195,101.626015,42.90967
36.095306,1.7376195,117.88618,43.635704
37.51778,2.3892267,105.90637,46.341465
33.78378,2.3892267,143.29268,49.085365
32.344284,1.7376195,103.65181,45.121952
31.29445,1.7376195,130.58943,48.47561
33.605976,1.7376195,123.47561,41.76829
28.627312,1.7376195,107.72358,43.674435
24.004267,1.4603482,103.167534,35.97561
32.32302,1.7376195,91.97154,43.663834
32.308247,1.7376195,86.89024,32.012196
32.659267,1.7376195,74.18699,32.317074
30.227596,1.7376195,71.138214,31.40244
29.694168,1.7376195,61.99187,26.829268
32.36131,1.7376195,79.268295,27.439024
33.428165,1.4594486,103.999306,38.414635
37.69559,2.1720243,101.626015,39.634148
32.330746,1.7376195,105.033295,42.07317
36.095306,1.7376195,143.29268,43.28478
34.85064,1.7376195,103.36504,32.012196
32.1835,1.7376195,83.84146,42.484818
31.472263,1.7376195,96.03658,25.304878
31.827883,1.7376195,80.28455,27.439024
32.53912,1.954822,79.77642,24.085365
33.605976,1.7376195,77.743904,27.439024
36.984352,1.7376195,91.97154,32.621952
38.22902,1.4940372,133.63821,39.634148
34.139404,1.7376195,149.39024,42.682926
31.827883,1.7376195,134.65446,43.528076
31.827883,1.7376195,120.42683,42.79997
32.34709,1.7376195,126.52439,43.341278
28.093884,1.7376195,100.60976,33.536587
24.182077,1.7376195,91.46342,33.841465
24.537695,1.7376195,86.89024,40.548782
32.592392,1.7376195,85.36585,39.634148
25.96017,1.7376195,77.743904,42.372192
31.65007,1.7376195,71.64634,42.841507
32.491703,1.7376195,81.808945,37.19512
38.05121,1.7376195,105.00336,29.573172
32.420097,1.7376195,102.14639,25.914635
33.428165,1.7376195,88.92277,43.29095
32.53912,1.4746419,102.21029,31.40244
33.78378,1.7376195,118.39431,39.32927
32.36131,2.1720243,100.10162,29.878048
32.310677,1.4709748,78.25203,33.23171
30.049788,1.7376195,80.79269,41.463413
29.694168,1.7376195,86.38211,46.951214
31.65007,1.7376195,104.04367,47.256096
34.139404,1.7376195,103.150406,54.878048
35.917496,1.7376195,110.772354,67.68293
37.873398,1.7376195,107.91253,65.243904
32.18949,1.7376195,141.7683,43.27475
31.472263,1.7376195,106.09284,57.92683
32.659714,1.7376195,131.6057,59.756096
32.53912,1.4760028,126.52439,54.878048
32.23296,1.4885504,99.5935,47.560974
32.183853,1.7376195,90.44715,41.76829
24.537695,1.4734696,83.84146,32.92683
25.604551,1.7376195,80.28455,43.130665
26.13798,1.7376195,77.23577,32.317074
32.894737,1.7376195,70.12195,32.92683
37.873398,1.7376195,106.09314,43.79878
39.829304,1.520417,87.39838,41.15854
34.31721,1.7376195,84.349594,41.463413
32.716927,1.7376195,84.85773,45.121952
32.1835,1.4878455,108.73984,44.512196
32.434547,1.7376195,102.13415,44.817074
32.36131,1.7376195,96.03658,42.651398
31.29445,1.7376195,86.38211,39.634148
28.982931,1.7376195,82.8252,52.134148
28.80512,1.5351461,87.39838,51.52439
31.65007,1.5083139,90.44715,51.82927
32.20482,1.7376195,103.150406,68.29269
37.339973,1.954822,106.83828,74.085365
38.406826,2.3892267,159.04471,75.60976
32.211613,1.7376195,106.10297,69.51219
31.116644,1.954822,139.22765,64.939026
30.227596,2.606429,129.57317,63.109756
32.2496,1.7376195,121.95122,55.182926
27.738264,1.7376195,103.150406,54.57317
23.826458,1.4945073,91.46342,51.82927
24.715506,1.7376195,92.479675,49.390244
25.782362,1.7376195,88.414635,43.23046
32.18084,1.7376195,88.92277,43.222992
31.472263,1.7376195,75.71138,42.845074
36.450924,1.7376195,76.21951,38.109756
38.22902,1.7376195,84.349594,40.243904
33.961594,1.7376195,82.31707,42.61461
33.78378,1.7376195,75.203255,42.790504
32.33997,1.7376195,88.92277,41.76829
32.53912,1.7376195,104.48314,42.378048
32.359974,1.7376195,104.27232,43.998856
33.072548,1.7376195,77.23577,42.152893
31.29445,1.7376195,91.46342,36.280487
31.29445,1.7376195,105.26587,54.26829
32.27089,1.7376195,106.010124,58.23171
36.095306,1.4996058,103.150406,54.57317
40.00711,2.1720243,128.55692,54.878048
32.49289,1.7376195,168.19106,71.03659
35.20626,1.7376195,106.76345,66.46342
31.65007,1.7376195,147.86586,55.182926
32.1835,1.7376195,139.22765,55.487804
32.716927,1.7376195,129.06505,52.43903
28.271692,1.7376195,107.21545,43.90244
24.004267,1.4795635,98.57723,45.121952
24.715506,1.7376195,95.52846,44.207317
32.436344,1.7376195,91.46342,44.207317
25.604551,1.520417,81.30081,44.512196
32.48836,1.4795396,86.38211,36.280487
39.473682,1.7376195,87.39838,33.23171
32.10154,1.7376195,100.10162,43.130516
32.38498,1.5009054,96.03658,42.682926
34.85064,2.3892267,85.873985,46.951214
32.35244,1.5014457,104.6748,47.865852
32.716927,1.7376195,121.95122,43.840794
31.827883,1.7376195,104.6748,27.134146
31.827883,1.7376195,95.52846,34.451218
32.716927,1.7376195,103.98724,43.98621
32.20575,1.4902855,102.942474,43.259754
35.384068,1.7376195,99.085365,42.994324
32.44934,1.7376195,105.099335,67.37805
41.607395,1.954822,117.37805,66.768295
41.42959,1.7376195,141.26016,43.53636
37.69559,2.1720243,161.07724,44.0065
33.605976,2.1720243,133.13008,56.707317
33.78378,1.7376195,106.14339,50.0
32.581364,1.7376195,113.82114,52.134148
29.694168,1.7376195,105.27785,43.292683
32.521275,1.7376195,90.44715,33.841465
26.13798,1.7376195,84.349594,34.146343
26.13798,1.7376195,87.39838,33.23171
27.560455,1.7376195,105.39388,43.97344
33.961594,1.4875102,81.808945,37.19512
32.52499,1.7376195,78.76016,33.536587
32.724342,1.7376195,103.626175,40.548782
32.1555,1.7376195,97.560974,42.900696
37.339973,1.7376195,105.41287,43.721718
33.072548,1.7376195,108.231705,47.560974
32.894737,1.5017891,115.85366,51.82927
31.116644,1.5059247,101.11789,44.207317
31.65007,1.7376195,87.9065,44.207317
31.65007,1.7376195,104.166664,57.621952
32.36131,1.7376195,103.65854,54.26829
33.78378,1.5360416,99.085365,63.414635
32.192387,1.7376195,104.490845,43.239693
40.71835,1.7376195,107.054665,58.536587
40.18492,1.7376195,155.48781,43.54532
35.917496,1.7376195,154.97968,64.63415
32.1835,1.7376195,147.35773,50.30488
32.43489,1.7376195,119.41057,47.865852
33.961594,1.7376195,109.24797,46.036587
30.761023,1.7376195,106.19919,38.719513
25.426743,1.4641652,100.10162,35.67073
25.96017,1.7376195,90.955284,34.451218
25.426743,1.4742901,83.84146,34.756096
26.493599,1.7376195,76.21951,38.109756
32.716927,1.954822,73.17073,39.32927
32.716927,1.954822,73.17073,28.963415
35.56188,1.7376195,88.414635,35.060974
39.473682,1.954822,106.13985,38.414635
38.406826,1.954822,99.5935,30.182926
37.162163,1.7376195,103.65854,37.80488
36.984352,1.7376195,118.39431,39.939026
36.095306,1.7376195,102.64227,42.60169
35.02845,1.5015681,100.10162,32.317074
33.25035,1.7376195,103.202415,38.109756
33.428165,1.4763714,108.231705,38.109756
35.384068,1.486788,102.64227,42.07317
35.917496,1.4914039,105.87373,46.341465
38.406826,1.7376195,107.17506,55.487804
32.416416,1.7376195,148.37398,56.09756
35.56188,1.7376195,146.8496,60.97561
32.1835,1.7376195,131.6057,65.243904
33.605976,1.7376195,127.54066,42.98263
35.384068,1.4808942,114.32927,51.219513
32.005688,1.7376195,102.64227,43.488064
26.13798,1.5081184,102.13415,38.719513
26.13798,1.7376195,94.51219,36.890244
32.526604,1.7376195,83.84146,37.5
26.849218,1.7376195,87.9065,39.32927
32.62963,1.4894074,79.268295,37.80488
31.827883,1.7376195,69.10569,42.594395
32.203194,1.7376195,83.333336,34.146343
35.73969,1.7376195,106.2135,43.75549
36.984352,1.476263,113.31301,37.5
32.6722,1.954822,121.95122,39.939026
40.89616,1.7376195,128.04878,38.719513
36.806545,1.7376195,121.95122,43.130604
35.02845,2.1720243,104.69554,43.429356
33.072548,1.7376195,98.57723,32.317074
32.1835,1.7376195,87.39838,31.40244
34.672832,1.7376195,104.57242,28.963415
35.20626,1.7376195,83.333336,33.841465
40.54054,1.7376195,104.6748,40.243904
40.54054,1.7376195,140.2439,55.792683
32.266445,1.7376195,136.687,69.20731
32.36131,1.5142332,134.65446,43.942387
32.36131,1.7376195,121.95122,43.48734
33.961594,1.7376195,105.92507,45.42683
29.694168,1.7376195,104.98846,40.853657
24.537695,1.5058534,89.939026,35.365852
25.426743,1.7376195,90.44715,35.67073
25.96017,1.7376195,83.84146,39.634148
26.671408,1.7376195,79.77642,41.15854
32.309887,1.4409285,104.108635,36.890244
42.140823,1.7376195,78.76016,33.841465
37.51778,1.7376195,96.03658,33.23171
34.672832,1.4643265,84.85773,25.914635
33.25035,1.7376195,104.688965,28.04878
32.68461,1.7376195,83.84146,29.268293
31.827883,1.7376195,94.51219,43.223804
32.36131,1.7376195,84.85773,32.012196
32.53417,1.7376195,80.79269,38.414635
32.36131,1.500556,79.268295,46.036587
32.548435,1.954822,93.49593,46.036587
33.605976,1.5179282,98.06911,46.036587
33.78378,1.7376195,99.085365,55.792683
35.02845,1.7376195,134.14635,61.890244
32.12963,1.7376195,105.01442,66.46342
35.384068,1.7376195,104.528015,42.891613
31.472263,1.7376195,142.78455,67.37805
31.472263,1.7376195,106.1967,60.060974
33.072548,1.7376195,100.60976,52.43903
28.80512,1.7376195,101.626015,48.47561
24.004267,1.7376195,103.48184,43.672447
24.359886,1.7376195,102.02215,38.109756
24.182077,1.5010936,79.268295,42.739754
32.571323,1.7376195,84.349594,42.761845
33.25035,1.7376195,79.268295,33.536587
40.362732,1.5163145,81.808945,30.182926
35.917496,1.4914188,80.28455,29.268293
33.428165,1.520417,77.23577,42.711185
32.53912,1.480641,74.18699,29.268293
33.428165,1.7376195,70.12195,35.97561
30.938831,1.7376195,94.00407,32.621952
31.472263,1.7376195,87.9065,25.609756
32.894737,1.7376195,99.5935,39.634148
32.55579,1.7376195,92.479675,37.5
33.072548,1.7376195,104.58178,40.548782
32.36131,1.4831847,102.80706,37.19512
34.672832,1.7376195,110.772354,48.17073
32.644814,1.954822,131.6057,59.146343
38.584637,2.1720243,150.40651,56.40244
32.345634,2.3892267,139.73578,44.35812
31.827883,1.954822,139.73578,57.317074
30.761023,1.7376195,123.98374,57.621952
33.25035,1.7376195,107.72358,51.82927
29.694168,1.7376195,98.57723,43.286198
32.46887,1.7376195,92.98781,46.036587
32.281532,1.7376195,90.44715,42.471478
25.604551,1.7376195,84.349594,42.07317
26.493599,1.7376195,85.36585,34.756096
32.72973,1.7376195,82.31707,31.09756
41.251778,1.7376195,105.45018,32.621952
38.05121,1.7376195,98.57723,31.40244
35.384068,1.954822,86.89024,29.878048
32.445755,1.4712275,103.78645,35.060974
32.005688,1.7376195,85.873985,42.60347
32.53912,1.7376195,102.13415,39.32927
32.737324,1.7376195,95.020325,31.707317
34.495018,1.7376195,97.560974,33.841465
32.23811,1.7376195,86.89024,39.634148
32.005688,1.7376195,103.93049,46.646343
32.894737,1.7376195,104.20069,51.52439
36.273117,1.7376195,92.98781,51.219513
38.584637,1.518909,130.0813,57.012196
38.406826,1.7376195,157.01219,59.146343
35.384068,1.4810094,140.2439,61.890244
32.2589,1.7376195,135.67073,44.24288
33.25035,1.7376195,123.47561,43.278706
33.605976,1.4940256,105.18293,51.219513
32.579124,1.4966223,98.57723,45.73171
24.715506,1.7376195,84.85773,42.378048
32.513317,1.7376195,88.92277,36.890244
25.248934,1.7376195,85.36585,34.451218
26.13798,1.7376195,102.425575,35.97561
33.605976,1.7376195,83.333336,34.451218
41.607395,1.7376195,78.25203,42.00564
37.69559,1.7376195,87.9065,32.317074
35.20626,1.3032146,91.97154,35.365852
33.605976,1.7376195,79.77642,42.5124
32.005688,1.7376195,85.873985,35.97561
31.65007,1.7376195,105.78426,43.9316
31.827883,1.7376195,88.92277,34.451218
33.428165,1.7376195,76.727646,36.890244
30.761023,1.7376195,89.939026,41.15854
32.36131,1.4936618,104.17186,43.84389
32.51398,1.7376195,92.479675,42.987804
35.917496,1.7376195,109.24797,43.487415
42.140823,1.7376195,106.92141,45.121952
39.651493,1.7376195,165.14227,44.21548
35.56188,1.7376195,105.83731,51.52439
33.072548,1.7376195,145.83333,54.57317
32.345013,1.7376195,122.45935,57.621952
33.428165,1.7376195,110.772354,48.780487
29.338549,1.7376195,108.73984,42.807304
32.29606,1.7376195,102.49758,35.97561
32.54545,1.7376195,89.939026,31.40244
25.248934,1.7376195,81.808945,31.09756
26.493599,1.484982,77.743904,35.97561
33.78378,1.7376195,86.38211,31.40244
42.140823,1.7376195,78.25203,31.40244
32.684235,1.4641742,90.955284,32.621952
32.640427,1.7376195,83.84146,36.585365
34.85064,1.4632547,103.04819,36.280487
32.36131,1.510852,84.349594,35.060974
32.005688,1.4870893,90.44715,31.09756
31.827883,1.7376195,101.11789,43.28239
32.103237,1.7376195,102.64227,43.15669
32.53912,1.7376195,95.52846,37.80488
34.139404,1.7376195,102.13415,44.512196
33.25035,1.7376195,100.60976,49.390244
32.436565,1.5158011,115.85366,55.792683
32.5428,1.954822,104.09732,53.048782
36.806545,2.3892267,148.88211,57.92683
35.20626,2.3892267,155.99594,44.140003
32.619686,1.7376195,153.96341,54.57317
32.894737,1.5124366,138.71951,43.601593
33.605976,1.4833721,106.156044,48.47561
32.683533,1.7376195,115.85366,43.90244
24.715506,1.7376195,99.085365,37.19512
25.248934,1.7376195,90.44715,43.210526
25.96017,1.7376195,101.956345,35.365852
26.493599,1.7376195,103.83989,37.80488
32.005688,1.7376195,77.23577,33.536587
32.781605,1.4296496,102.87555,30.792683
35.73969,1.5138557,76.21951,32.317074
40.54054,1.7376195,86.89024,42.841908
40.362732,1.5108572,114.837395,42.528347
37.69559,1.7376195,127.032524,32.92683
36.273117,1.7376195,117.37805,38.414635
34.85064,1.7376195,100.10162,29.878048
34.31721,1.7376195,103.150406,33.841465
32.36131,1.4723845,103.967896,35.060974
31.827883,1.7376195,114.32927,35.97561
33.428165,1.7376195,104.698814,34.146343
37.51778,1.4911071,113.31301,44.512196
32.46786,1.954822,119.9187,50.30488
40.00711,1.7376195,108.03728,59.756096
32.35753,1.7376195,104.06323,56.09756
33.072548,1.5078342,106.3409,50.609756
32.005688,1.7376195,120.42683,51.82927
35.02845,1.7376195,117.37805,43.236523
31.65007,1.4946125,111.28049,42.378048
26.13798,1.7376195,98.57723,42.906727
25.96017,1.7376195,100.10162,33.23171
26.13798,1.7376195,84.349594,35.060974
27.738264,1.7376195,103.76661,38.719513
33.78378,1.5094734,74.18699,33.536587
33.072548,1.7376195,71.138214,27.134146
33.78378,1.5130349,83.333336,28.04878
32.46776,1.7376195,95.020325,31.09756
41.607395,1.7376195,105.18293,43.2406
38.762447,1.4844807,131.09756,37.19512
35.917496,1.7376195,141.26016,35.97561
34.495018,1.7376195,106.19919,32.621952
32.894737,1.4728066,97.560974,34.146343
33.605976,1.7376195,104.98987,44.00707
32.36131,1.5159513,102.13415,42.49281
32.69154,1.7376195,103.608864,28.04878
36.984352,1.7376195,89.43089,33.23171
42.496445,1.7376195,99.5935,39.939026
41.251778,1.954822,155.99594,55.182926
37.339973,1.7376195,151.42276,52.743904
33.25035,1.7376195,141.7683,43.539185
32.53912,1.7376195,126.01626,49.695118
32.53912,1.7376195,121.44309,45.121952
29.16074,1.7376195,104.69403,34.146343
23.64865,1.7376195,89.43089,32.92683
24.004267,1.7376195,88.414635,32.92683
32.44783,1.7376195,79.268295,43.36677
25.604551,1.7376195,79.268295,43.498764
33.072548,1.7376195,104.04437,29.573172
40.71835,1.7376195,104.09436,34.146343
36.806545,1.7376195,105.17673,33.536587
35.02845,1.7376195,86.38211,25.914635
34.672832,1.7376195,91.97154,27.134146
34.139404,1.7376195,89.43089,30.792683
31.472263,1.7376195,120.42683,36.280487
32.397118,1.7376195,100.10162,25.304878
32.53912,1.4787148,78.25203,28.353659
32.562855,1.5039378,98.57723,43.317093
31.116644,1.7376195,102.13415,43.74632
32.716927,1.7376195,104.82765,46.341465
32.716927,1.7376195,105.18293,48.17073
32.23354,1.4784771,134.65446,53.048782
35.20626,1.7376195,154.47154,63.719513
35.384068,1.7376195,106.420135,58.841465
31.65007,1.7376195,136.17886,58.536587
32.1835,1.7376195,110.26423,55.487804
33.072548,1.7376195,112.296745,43.217964
29.16074,1.7376195,96.03658,31.707317
24.715506,1.7376195,91.46342,32.92683
24.715506,1.7376195,88.92277,31.707317
25.248934,1.7376195,82.8252,34.146343
26.671408,1.7376195,80.79269,35.67073
33.25035,1.7376195,85.36585,32.012196
39.651493,1.7376195,87.39838,32.317074
35.20626,1.7376195,91.46342,33.23171
33.428165,1.4977728,83.333336,32.317074
31.472263,1.7376195,103.82887,43.116367
31.472263,1.7376195,89.939026,31.09756
30.405403,1.5252153,85.873985,43.44441
30.049788,1.7376195,102.947075,32.621952
31.472263,1.7376195,79.268295,31.09756
29.16074,1.5206923,86.38211,43.124672
32.699913,1.7376195,82.8252,39.32927
33.78378,1.7376195,87.39838,42.791924
32.64476,1.7376195,100.60976,45.121952
32.650944,2.1720243,103.284645,43.405907
35.384068,1.4963921,157.52032,55.487804
34.139404,1.954822,162.60162,53.658535
31.65007,1.7376195,139.22765,59.146343
30.583216,1.7376195,127.54066,44.007595
34.139404,1.5266377,112.80488,42.840153
28.627312,1.7376195,94.00407,36.585365
8.89047,1.7376195,82.31707,34.756096
4.978663,1.7376195,76.727646,32.92683
5.8677096,1.7376195,76.727646,32.92683
6.756757,1.7376195,72.15447,33.23171
13.869132,1.3032146,77.743904,32.621952
21.159317,1.7376195,79.268295,43.43094
32.329296,1.7376195,82.31707,28.963415
32.105915,1.7376195,79.268295,43.003197
10.668563,1.4477799,76.21951,32.012196
32.442898,1.7376195,87.39838,39.02439
28.982931,1.7376195,108.231705,39.939026
28.271692,1.7376195,105.14997,43.467495
29.338549,1.4880451,74.69512,29.878048
24.182077,1.4640535,79.268295,32.317074
32.263416,1.7376195,86.89024,33.841465
28.627312,1.7376195,88.92277,41.463413
30.938831,1.4714789,111.28049,45.73171
33.072548,1.4632733,105.04665,48.47561
32.894737,1.7376195,162.60162,49.085365
32.716927,1.7376195,154.97968,56.09756
29.338549,1.4870359,139.22765,53.048782
28.982931,1.7376195,125.0,52.43903
31.65007,1.4856497,115.34553,41.15854
27.382647,1.7376195,100.10162,43.04275
23.115221,1.7376195,95.020325,32.92683
23.470839,1.7376195,86.89024,29.268293
23.826458,1.7376195,104.64843,43.39614
24.004267,1.7376195,76.21951,32.92683
31.65007,1.7376195,85.873985,42.306934
37.873398,1.5082177,88.414635,42.359726
33.605976,1.7376195,94.00407,27.134146
30.761023,1.7376195,103.02248,28.353659
32.477253,1.7376195,86.38211,43.332405
31.827883,1.520417,87.9065,33.536587
32.23123,1.7376195,104.99471,43.76791
28.449503,1.7376195,85.873985,42.99108
28.982931,1.7376195,101.542435,24.390244
28.80512,1.7376195,102.738396,26.524391
27.738264,1.7376195,103.8221,32.317074
29.871977,1.5108079,85.873985,34.451218
32.369637,1.7376195,103.939766,43.898808
32.005688,1.7376195,105.58,45.121952
32.36131,1.954822,148.88211,52.134148
32.716927,1.7376195,155.48781,51.219513
28.982931,1.954822,142.27643,46.341465
28.271692,1.7376195,127.032524,43.566998
31.116644,1.7376195,112.296745,38.414635
32.74516,1.7376195,104.00622,32.012196
23.470839,1.7376195,84.349594,32.012196
23.64865,1.7376195,83.333336,28.963415
23.826458,1.7376195,103.68912,29.268293
32.4378,2.3892267,74.69512,43.006336
32.608753,1.4830124,66.56504,29.573172
35.917496,1.507904,72.662605,28.353659
32.894737,1.7376195,81.808945,27.134146
30.227596,1.7376195,86.89024,30.487804
29.51636,1.4885888,92.98781,42.560734
29.694168,1.7376195,103.92207,35.365852
29.338549,1.5125184,111.28049,49.085365
32.6047,1.7376195,84.349594,37.19512
29.51636,1.7376195,84.349594,43.47241
32.64536,1.7376195,90.44715,42.682926
28.093884,1.4749144,105.81667,52.43903
32.391266,1.5241884,106.19919,43.074387
29.871977,1.4612002,125.50814,40.548782
32.005688,2.1720243,140.75203,40.243904
33.072548,2.3892267,160.06097,51.52439
30.938831,1.4655312,154.47154,57.012196
27.027027,1.7376195,130.0813,50.30488
27.560455,1.7376195,103.791756,43.90244
29.338549,1.7376195,118.902435,43.592964
25.782362,1.7376195,98.57723,33.23171
22.759602,1.7376195,97.05285,31.40244
22.759602,1.7376195,102.95333,29.878048
22.93741,1.7376195,101.91757,28.658537
22.759602,1.7376195,68.08943,29.268293
26.671408,1.7376195,65.54878,27.743902
26.493599,1.7376195,68.08943,42.774307
29.694168,2.1720243,82.31707,42.879898
32.53912,1.7376195,85.873985,25.609756
33.072548,1.4827876,103.46884,33.536587
32.36131,1.4735518,103.64184,36.890244
33.605976,1.4889407,138.71951,42.682926
32.005688,1.7376195,108.73984,33.23171
32.540096,1.7376195,104.93932,43.753067
31.29445,1.7376195,104.17472,34.451218
31.29445,1.5212075,111.78862,43.177227
31.472263,1.7376195,105.691055,39.02439
30.761023,1.4849459,110.26423,34.146343
31.472263,1.7376195,118.39431,42.07317
32.005688,1.494927,165.14227,59.146343
30.405403,1.7376195,105.4016,63.719513
26.849218,1.7376195,135.1626,53.658535
32.62937,1.4580798,132.62195,49.695118
29.51636,1.7376195,134.14635,46.646343
26.13798,1.7376195,105.691055,36.280487
23.29303,1.7376195,92.98781,32.92683
22.93741,1.7376195,90.44715,29.878048
22.93741,1.7376195,82.31707,29.268293
23.115221,1.7376195,72.15447,43.378933
26.31579,1.7376195,105.40297,44.21825
25.604551,1.7376195,65.54878,42.76307
27.560455,1.954822,72.662605,21.341463
32.36131,1.7376195,85.36585,28.658537
33.78378,1.7376195,105.51937,39.02439
33.428165,1.520417,117.37805,55.792683
32.005688,2.1720243,149.89838,43.47093
32.005688,1.448039,102.822975,38.414635
32.36131,1.7376195,103.62224,37.19512
28.627312,1.7376195,104.166664,43.59756
26.849218,1.7376195,92.479675,39.939026
32.620487,1.7376195,109.24797,38.719513
28.80512,2.606429,94.51219,43.21629
32.541904,2.8236315,105.18293,42.378048
32.725418,1.7376195,148.37398,55.182926
31.29445,1.4816186,150.91463,60.365852
27.738264,1.5057411,131.09756,53.353657
26.13798,1.7376195,120.42683,47.256096
32.705276,1.7376195,112.296745,38.414635
25.782362,1.7376195,94.00407,34.146343
32.46724,1.7376195,102.27656,32.621952
22.93741,1.7376195,80.28455,30.487804
23.29303,1.7376195,79.268295,43.3085
32.22423,1.7376195,86.38211,30.182926
28.982931,1.7376195,86.89024,42.43845
36.450924,1.7376195,83.333336,30.487804
32.716927,1.7376195,85.873985,30.182926
29.871977,1.462587,85.873985,23.475607
29.51636,1.7376195,78.25203,28.658537
28.80512,1.4884267,90.955284,29.573172
29.871977,1.7376195,112.80488,43.13948
29.51636,1.4687566,102.15334,29.878048
32.344124,1.7376195,80.79269,32.012196
32.67418,2.3892267,89.43089,39.02439
32.58889,1.7376195,104.166664,44.207317
27.916075,1.7376195,105.691055,41.15854
29.694168,1.7376195,116.86992,49.390244
32.1835,1.4898713,149.89838,44.380657
32.53912,1.7376195,172.2561,62.5
32.47822,1.7376195,105.18012,62.5
32.19673,1.7376195,139.73578,53.658535
32.342525,1.7376195,128.55692,53.048782
25.426743,1.7376195,108.231705,43.59756
23.826458,1.7376195,89.43089,34.451218
22.226173,1.4772582,103.847496,44.153553
22.581793,1.7376195,80.79269,33.536587
22.581793,1.7376195,102.831085,31.707317
22.93741,1.4863853,81.30081,30.182926
27.204836,1.5022252,82.8252,31.707317
35.56188,2.1720243,80.28455,35.67073
32.1835,1.5101835,84.85773,43.292683
31.29445,3.475239,89.43089,40.548782
31.29445,2.3892267,84.85773,37.19512
30.938831,2.8236315,83.84146,41.463413
27.916075,1.7376195,103.93305,41.463413
28.271692,1.7376195,88.92277,35.97561
28.449503,1.4545698,103.33066,29.573172
32.550884,2.1720243,83.333336,34.756096
26.671408,1.4934573,104.12357,43.878094
26.493599,1.7376195,80.79269,38.414635
32.51327,1.7376195,104.40786,41.15854
32.894737,1.7376195,125.0,53.658535
32.21763,1.7376195,159.04471,60.67073
32.005688,1.7376195,105.81361,61.585365
32.4393,1.7376195,136.17886,54.878048
27.027027,1.7376195,127.032524,53.658535
26.849218,1.7376195,106.19919,42.987804
24.359886,1.7376195,100.60976,37.19512
22.759602,1.7376195,87.39838,41.15854
22.581793,1.7376195,84.349594,40.243904
32.69143,1.7376195,78.76016,36.585365
22.581793,1.7376195,73.67886,36.585365
27.204836,1.7376195,104.42702,44.040806
35.20626,1.4716839,102.93494,34.451218
32.894737,1.954822,91.97154,35.67073
32.220837,1.4792787,91.46342,35.67073
31.116644,1.4962299,77.23577,40.548782
29.51636,1.7376195,80.79269,49.390244
29.51636,1.4880042,97.560974,40.853657
28.627312,1.7376195,74.69512,43.36811
28.449503,1.7376195,74.18699,38.414635
26.849218,1.520417,85.873985,38.109756
26.493599,1.7376195,88.92277,45.73171
26.671408,1.4909973,99.085365,39.634148
29.338549,1.7376195,117.88618,43.646744
32.36131,1.7376195,153.45529,43.33927
34.672832,1.4703324,153.45529,44.284386
32.005688,1.4841647,104.91762,43.358067
32.340782,1.7376195,140.75203,53.963413
28.093884,1.7376195,98.57723,44.817074
25.782362,1.4935799,102.13415,41.463413
32.231846,1.520417,100.60976,36.585365
21.870554,1.7376195,81.808945,34.756096
32.210487,1.5111748,81.808945,42.622124
22.048365,1.7376195,80.28455,32.012196
22.403982,1.5071787,75.71138,30.792683
26.671408,1.7376195,71.64634,29.573172
35.20626,1.7376195,89.939026,42.79338
32.894737,1.4377925,104.53511,32.92683
30.938831,1.7376195,104.115616,28.353659
29.694168,1.7376195,103.96382,33.841465
29.694168,2.1720243,104.181145,34.451218
28.627312,1.4907414,102.64227,42.877872
29.16074,1.7376195,86.89024,34.756096
32.44033,1.7376195,69.61382,42.378048
27.738264,1.7376195,76.727646,42.325275
27.560455,1.4729013,85.873985,37.5
28.449503,1.7376195,91.97154,42.773495
29.871977,1.7376195,110.772354,56.40244
32.894737,1.7376195,155.48781,43.952766
32.36131,1.7376195,107.36377,63.719513
32.36131,1.7376195,162.60162,63.414635
27.738264,1.7376195,145.32521,56.09756
26.493599,1.7376195,103.81881,50.30488
32.57293,1.501125,103.65854,39.634148
32.53403,1.7376195,89.939026,35.97561
22.581793,1.4698349,91.97154,34.451218
22.581793,1.4934303,91.97154,33.536587
22.93741,1.7376195,102.64752,33.23171
32.267178,1.7376195,102.82386,34.146343
26.493599,1.7376195,77.23577,32.012196
34.85064,2.1720243,84.349594,37.19512
33.428165,1.954822,84.85773,39.02439
32.005688,1.7376195,79.77642,33.841465
32.56511,1.7376195,84.85773,33.841465
31.116644,1.4690869,95.52846,32.317074
32.36131,1.7376195,105.691055,37.80488
30.049788,1.4823394,90.955284,34.451218
32.218143,1.7376195,77.743904,28.658537
28.271692,1.7376195,102.78551,33.536587
32.428997,1.7376195,84.85773,31.707317
29.16074,1.7376195,81.808945,42.59684
29.51636,2.1720243,99.5935,39.02439
32.36131,1.954822,135.67073,44.244152
33.072548,1.7376195,159.04471,51.82927
32.681236,1.7376195,149.89838,49.390244
27.382647,1.4811432,137.70325,47.865852
27.204836,1.4712391,125.0,50.914635
32.238853,1.7376195,100.60976,38.719513
24.359886,1.7376195,102.455055,34.146343
22.403982,1.7376195,103.38772,30.182926
22.226173,1.7376195,86.38211,28.353659
22.759602,1.7376195,80.79269,27.134146
23.115221,1.7376195,70.63008,28.658537
24.182077,1.477263,70.63008,27.743902
26.31579,1.481933,104.07519,43.703556
30.227596,1.7376195,83.333336,26.829268
34.31721,1.4659476,103.150406,27.134146
32.51882,1.4597447,105.691055,25.0
32.385185,1.4709023,113.82114,27.134146
33.072548,1.520417,111.28049,29.268293
32.601353,1.3032146,106.19919,23.780487
31.827883,1.520417,104.6748,28.963415
32.548748,1.7376195,101.99174,32.317074
32.38148,1.4994324,103.71764,42.986954
31.116644,1.7376195,104.6748,22.560976
31.827883,1.7376195,104.6748,30.182926
32.894737,1.7376195,131.6057,33.841465
32.810055,1.7376195,163.61789,46.951214
30.583216,1.954822,144.81708,43.999622
32.630165,1.7376195,125.0,54.26829
28.093884,1.7376195,127.54066,43.578438
27.382647,1.7376195,108.73984,41.15854
24.715506,1.7376195,98.57723,42.843594
22.93741,1.7376195,89.43089,43.67527
22.93741,1.7376195,89.939026,32.317074
23.115221,1.5052534,81.808945,31.40244
32.307007,1.7376195,74.69512,42.51247
25.071123,1.7376195,69.61382,28.04878
32.45596,1.7376195,104.4748,43.021027
32.503567,1.7376195,78.25203,20.731707
33.961594,1.7376195,87.39838,24.390244
32.7729,1.7376195,120.42683,31.707317
33.605976,1.520417,138.21138,39.02439
35.56188,1.4599355,104.10695,31.707317
33.961594,1.4821069,105.691055,25.609756
32.53912,1.7376195,106.19919,27.134146
30.938831,1.7376195,105.4364,43.62048
30.405403,1.7376195,82.31707,42.978783
30.583216,1.4794649,79.77642,25.0
32.005688,1.4719576,103.15632,29.878048
33.78378,1.520417,110.772354,42.987804
32.36131,1.4625871,151.9309,51.82927
31.827883,1.7376195,143.80081,54.57317
28.271692,1.7376195,139.73578,44.512196
28.271692,1.7376195,120.42683,41.76829
27.738264,1.7376195,113.31301,34.451218
25.071123,1.7376195,96.544716,30.792683
23.115221,1.7376195,83.84146,42.756832
22.93741,1.7376195,83.333336,42.95641
32.368214,1.7376195,72.15447,28.658537
23.826458,1.7376195,71.138214,29.573172
27.738264,1.7376195,70.63008,28.658537
34.85064,1.7376195,104.92,30.487804
35.73969,1.7376195,78.25203,29.268293
32.005688,1.3032146,79.268295,24.085365
32.1835,1.7376195,104.91497,43.776707
31.827883,1.7376195,79.268295,25.0
32.005688,1.7376195,85.873985,35.365852
31.29445,1.4875721,86.38211,31.707317
31.65007,1.7376195,88.414635,42.887947
29.694168,1.7376195,78.76016,43.443714
30.049788,1.954822,77.743904,35.060974
30.583216,1.5002735,83.84146,36.280487
33.25035,1.7376195,105.4539,44.512196
32.294693,1.4689252,141.26016,61.280487
34.139404,1.7376195,177.3374,66.768295
32.1835,1.7376195,157.52032,63.109756
30.405403,1.7376195,139.22765,62.19512
28.627312,1.7376195,116.86992,53.048782
28.093884,1.7376195,110.772354,37.19512
25.426743,1.4861629,93.49593,33.841465
23.115221,1.7376195,85.36585,30.182926
23.115221,1.7376195,101.95043,30.182926
23.29303,1.7376195,78.25203,43.50207
24.182077,1.7376195,73.67886,29.268293
28.982931,1.7376195,80.79269,29.573172
32.126583,1.5178759,85.36585,42.983353
32.343468,1.7376195,102.107864,32.621952
32.005688,1.3032146,77.23577,42.410023
31.29445,1.0860121,76.727646,42.473885
30.938831,1.3032146,88.414635,29.268293
32.239418,1.4886987,94.51219,32.317074
32.34382,1.7376195,82.31707,33.841465
29.16074,1.7376195,73.17073,29.573172
27.560455,1.7376195,79.268295,33.536587
28.982931,1.4727548,81.30081,36.585365
29.338549,1.954822,102.65213,35.365852
32.005688,1.7376195,94.00407,40.548782
34.672832,1.7376195,104.15284,43.44674
35.20626,2.3892267,160.5691,62.80488
32.53912,1.7376195,153.96341,58.536587
30.227596,1.7376195,104.78509,58.536587
32.444664,1.7376195,115.85366,52.43903
32.447655,1.7376195,103.150406,37.19512
24.359886,1.7376195,89.939026,31.09756
32.63544,1.7376195,90.44715,29.268293
32.49662,1.7376195,81.808945,27.439024
22.93741,1.5249726,84.85773,42.656197
23.826458,1.7376195,84.85773,42.50672
29.338549,1.7376195,81.30081,29.268293
36.450924,1.7376195,90.955284,32.92683
35.384068,1.7376195,85.873985,34.451218
33.072548,1.3032146,75.71138,26.524391
32.68711,1.0860121,102.61939,37.5
31.472263,1.4690332,104.108116,42.983585
32.463734,1.5079906,91.46342,38.719513
30.227596,1.520417,80.28455,34.451218
29.16074,1.5003537,74.69512,31.09756
28.982931,1.7376195,75.203255,35.365852
32.514355,1.954822,76.727646,35.060974
32.53912,1.7376195,79.77642,39.634148
32.279766,1.7376195,107.21545,50.30488
36.984352,1.4747399,162.60162,55.487804
35.384068,1.7376195,155.99594,59.756096
33.25035,1.7376195,145.83333,43.43079
32.17474,1.7376195,138.21138,43.524208
28.271692,1.7376195,122.45935,43.95371
27.204836,1.7376195,104.2848,39.32927
32.410248,1.7376195,91.46342,31.707317
23.29303,1.7376195,87.39838,28.963415
23.470839,1.7376195,101.58664,28.04878
23.826458,1.7376195,78.76016,28.353659
32.15239,1.7376195,83.333336,43.554977
31.29445,1.7376195,103.076546,28.658537
38.22902,1.7376195,105.35705,42.803173
37.162163,1.520417,85.873985,30.792683
32.59768,1.7376195,103.716415,25.304878
32.005688,1.3032146,81.808945,28.658537
30.227596,1.4950242,87.9065,32.621952
29.694168,1.7376195,104.6748,36.280487
29.51636,1.7376195,85.36585,27.134146
32.35379,1.520417,102.83021,27.439024
28.449503,1.520417,72.662605,42.208923
28.271692,1.7376195,79.77642,34.146343
32.54462,1.520417,85.36585,38.719513
32.673347,1.7376195,104.60007,43.59756
32.200485,1.7376195,140.2439,44.300724
34.672832,1.7376195,169.71545,43.463432
31.472263,1.7376195,107.10644,64.63415
29.16074,1.7376195,142.78455,58.841465
28.271692,1.7376195,115.34553,43.830357
27.738264,1.7376195,109.756096,36.585365
32.280033,1.7376195,86.38211,30.487804
22.93741,1.7376195,85.36585,31.40244
23.115221,1.7376195,77.743904,43.27627
23.115221,1.4624751,77.743904,29.573172
24.359886,1.7376195,77.743904,31.707317
29.51636,1.7376195,76.727646,43.33649
37.339973,1.7376195,105.72138,39.02439
38.22902,1.954822,77.23577,32.621952
32.474068,2.3892267,74.69512,27.439024
33.78378,1.7376195,78.76016,29.573172
31.65007,1.954822,105.4626,38.414635
31.827883,1.7376195,97.05285,32.621952
30.583216,1.7376195,89.43089,28.658537
30.761023,1.7376195,79.77642,31.09756
29.16074,1.7376195,86.38211,31.707317
32.240273,1.7376195,92.98781,37.5
30.583216,1.7376195,99.5935,37.80488
31.827883,1.954822,114.32927,46.951214
32.894737,1.954822,144.81708,55.182926
32.1835,2.3892267,167.68292,44.605408
31.116644,1.4719493,155.99594,59.146343
28.449503,1.7376195,140.2439,44.274124
28.449503,1.7376195,115.85366,53.658535
28.449503,1.7376195,103.65854,39.939026
32.448586,1.7376195,90.955284,33.536587
23.470839,1.7376195,80.28455,31.09756
23.29303,1.7376195,86.89024,29.878048
23.64865,1.7376195,79.268295,31.09756
24.893314,1.7376195,73.67886,31.707317
32.415203,1.7376195,68.597565,31.09756
27.560455,1.7376195,74.69512,32.317074
30.227596,1.954822,85.873985,26.219515
33.072548,1.954822,103.150406,29.878048
33.072548,2.1720243,104.166664,28.658537
32.53912,1.7376195,108.231705,32.621952
32.730206,1.4832187,103.6283,39.02439
31.472263,1.4632332,107.72358,39.32927
32.43485,1.3032146,110.26423,42.962517
32.385784,1.520417,111.78862,46.951214
30.405403,1.954822,100.60976,37.19512
28.982931,1.4835397,104.38117,38.719513
30.049788,1.7376195,108.231705,47.560974
33.428165,1.7376195,161.07724,43.553585
32.305386,1.5207443,104.82665,65.243904
32.484013,1.474813,143.29268,54.57317
28.093884,1.7376195,140.75203,54.878048
28.449503,1.7376195,124.49187,62.5
28.982931,1.7376195,103.571144,42.978115
25.426743,1.7376195,105.0652,44.0812
23.115221,1.4961346,86.89024,35.365852
22.581793,1.7376195,103.78744,34.451218
22.581793,1.7376195,101.48253,31.09756
24.359886,1.540687,73.67886,42.42519
32.62589,1.7376195,102.31917,32.012196
32.318436,1.7376195,74.18699,35.060974
28.449503,1.508313,66.56504,28.353659
32.10088,1.7376195,88.92277,43.22415
35.73969,1.520417,98.57723,40.853657
35.384068,1.0860121,133.13008,50.609756
36.095306,1.5208844,140.2439,64.02439
32.382404,1.520417,103.91819,43.408745
32.894737,1.7376195,106.19919,51.52439
33.072548,1.7376195,94.51219,42.874523
29.51636,1.7376195,91.46342,40.548782
30.405403,1.7376195,94.51219,41.463413
32.894737,1.4838898,111.28049,52.134148
35.02845,1.7376195,147.35773,66.768295
32.53912,1.7376195,163.10976,43.661507
32.36131,1.4805399,157.52032,67.07317
28.982931,1.7376195,127.032524,62.80488
27.560455,1.7376195,120.42683,42.987926
29.51636,1.5120722,111.28049,50.0
24.715506,1.7376195,96.03658,40.243904
32.671326,1.7376195,86.38211,35.060974
22.93741,1.7376195,88.414635,35.060974
23.29303,1.7376195,72.662605,34.146343
24.715506,1.7376195,73.67886,31.40244
32.249763,1.7376195,74.18699,32.012196
36.273117,1.4900507,90.44715,35.67073
33.428165,1.463791,104.27165,42.682926
32.53912,1.7376195,92.479675,38.719513
30.761023,1.7376195,90.44715,34.451218
30.761023,1.7376195,109.24797,42.956905
31.116644,1.5039524,116.86992,50.30488
29.694168,1.7376195,104.83195,41.76829
32.350964,1.7376195,75.71138,41.15854
28.449503,1.520417,105.19745,43.50251
28.449503,1.7376195,86.89024,40.853657
32.163334,1.7376195,98.57723,43.282864
30.583216,1.4823525,114.32927,49.695118
32.36131,1.7376195,164.63414,70.42683
32.1835,1.7376195,165.14227,69.51219
32.62448,1.7376195,155.99594,64.63415
28.093884,1.4735994,129.06505,57.012196
27.560455,1.7376195,118.39431,52.134148
27.560455,1.7376195,110.772354,42.07317
24.004267,1.7376195,92.479675,34.146343
22.048365,1.7376195,80.79269,34.756096
22.226173,1.7376195,81.808945,32.012196
22.403982,1.7376195,102.66038,32.92683
24.359886,1.7376195,75.71138,43.41224
30.049788,1.7376195,73.17073,34.451218
32.45937,1.7376195,89.43089,39.32927
32.188503,1.7376195,90.44715,36.890244
30.938831,1.7376195,81.30081,36.890244
32.005688,1.4826803,102.76382,37.80488
30.583216,1.4850714,113.31301,42.733032
29.51636,1.7376195,109.756096,44.512196
29.51636,1.7376195,95.020325,42.07317
28.627312,1.7376195,84.349594,42.987804
27.916075,1.954822,105.88695,48.47561
27.560455,1.7376195,98.57723,45.121952
28.80512,1.7376195,103.65854,53.048782
30.049788,1.5191078,113.82114,56.707317
33.428165,1.7376195,154.47154,72.86585
32.716927,1.4426856,179.87805,43.72645
32.005688,1.7376195,161.07724,43.44499
28.449503,1.7376195,129.06505,43.852345
32.163563,1.7376195,125.50814,55.182926
32.35133,1.7376195,101.11789,43.174385
24.004267,1.7376195,91.46342,39.32927
21.692745,1.7376195,103.492134,37.80488
32.54057,1.7376195,104.23907,35.060974
22.048365,1.4936599,75.203255,42.87554
23.470839,1.7376195,71.64634,42.399418
30.938831,1.7376195,71.64634,33.841465
32.385227,1.4970078,87.9065,36.585365
33.072548,1.7376195,104.19185,38.719513
31.65007,1.7376195,87.9065,37.80488
32.17268,1.7376195,87.39838,43.637276
29.338549,1.5078957,109.24797,42.636715
29.338549,1.7376195,104.57954,43.066685
32.176502,1.7376195,91.46342,42.987804
28.80512,1.7376195,80.79269,48.780487
28.982931,1.4768271,104.15136,46.036587
32.190475,1.5126662,98.06911,45.73171
32.652866,1.7376195,106.19919,51.219513
32.53912,1.7376195,128.04878,61.890244
32.500725,1.7376195,107.41225,68.902435
32.593227,1.7376195,105.12764,44.13266
31.116644,1.7376195,105.90834,59.756096
28.982931,1.7376195,105.59413,56.707317
28.449503,1.7376195,130.58943,43.61499
32.37789,1.7376195,98.57723,44.817074
25.426743,1.4991481,81.30081,41.15854
22.403982,1.7376195,76.727646,36.585365
22.93741,1.5183634,74.18699,43.189896
22.93741,1.7376195,104.31908,43.474304
25.248934,1.7376195,71.138214,32.621952
30.938831,1.7376195,77.743904,32.92683
36.984352,1.7376195,89.43089,43.32102
32.126415,1.7376195,99.5935,42.935604
32.36131,1.7376195,96.03658,35.365852
31.827883,1.7376195,87.9065,38.414635
30.583216,1.7376195,102.74063,33.536587
30.049788,1.7376195,101.11789,42.89488
32.653297,1.7376195,87.9065,34.146343
28.80512,1.7376195,72.662605,32.92683
28.271692,1.7376195,91.97154,28.658537
28.093884,1.7376195,90.44715,38.109756
29.338549,1.7376195,85.36585,36.585365
32.005688,1.7376195,115.85366,54.26829
33.25035,1.5048006,104.49269,43.570362
32.67288,1.7376195,166.66667,61.890244
31.827883,1.4854121,105.97754,59.756096
32.525196,1.7376195,145.83333,53.048782
32.541546,1.7376195,120.42683,45.121952
28.093884,1.5094435,104.6748,43.395134
24.359886,1.4981395,92.479675,33.23171
32.264706,1.4960413,81.808945,42.724873
22.403982,1.7376195,90.44715,32.012196
22.048365,1.7376195,81.808945,31.707317
24.182077,1.7376195,69.10569,33.841465
30.761023,1.7376195,75.203255,42.76756
32.648907,1.7376195,92.98781,32.012196
33.961594,2.1720243,88.92277,34.146343
32.894737,1.5020183,91.97154,33.841465
32.51508,1.7376195,85.36585,42.07317
30.583216,1.7376195,97.05285,49.390244
28.982931,1.7376195,99.5935,51.52439
28.982931,1.954822,91.97154,45.42683
28.627312,1.7376195,87.9065,46.341465
27.204836,1.7376195,93.49593,43.35954
27.204836,1.954822,104.890976,52.134148
27.560455,1.7376195,116.86992,53.963413
32.46544,1.7376195,129.06505,59.756096
32.246593,1.7376195,169.20732,64.32927
32.894737,1.7376195,178.86179,44.60362
29.51636,1.7376195,157.52032,67.37805
26.849218,1.7376195,134.65446,65.243904
26.493599,1.7376195,129.57317,56.40244
26.493599,1.7376195,111.28049,49.085365
32.455532,1.7376195,99.085365,48.17073
21.870554,1.5116278,82.8252,41.463413
21.692745,1.7376195,82.31707,33.536587
32.401733,1.7376195,79.77642,30.792683
24.004267,1.7376195,70.63008,30.792683
25.782362,1.5134919,65.04065,32.621952
25.248934,1.7376195,75.71138,36.890244
29.16074,2.3892267,68.08943,34.146343
32.549854,2.3892267,98.57723,35.97561
14.935988,1.520417,109.756096,43.881783
24.537695,1.7376195,120.42683,43.99916
32.1835,1.4466693,142.27643,38.109756
32.432457,1.7376195,115.85366,37.5
31.29445,1.4706717,103.169136,40.243904
31.116644,2.1720243,131.6057,42.682926
29.16074,1.4760748,126.01626,35.060974
32.256668,1.4888446,119.41057,40.243904
28.982931,2.1720243,117.37805,43.292683
32.716927,1.7376195,106.10772,43.887794
32.1835,1.7376195,169.71545,63.719513
32.403145,1.7376195,142.78455,56.09756
27.204836,1.7376195,120.93496,52.743904
27.382647,1.4999044,123.47561,55.182926
27.204836,1.4882504,109.756096,47.560974
24.359886,1.7376195,103.3935,38.719513
22.226173,1.4885335,86.89024,32.012196
22.048365,1.7376195,101.54123,29.878048
21.514936,1.5007515,81.30081,30.487804
23.826458,1.7376195,73.67886,27.134146
25.604551,1.7376195,69.61382,27.743902
24.359886,1.7376195,67.07317,27.439024
32.137917,1.5384983,65.04065,42.307922
31.472263,1.4296845,102.7973,24.085365
33.428165,1.3032146,102.64227,35.060974
33.072548,1.3032146,105.686966,43.37268
32.894737,1.3032146,104.37964,51.219513
32.72867,1.7376195,143.29268,53.658535
32.53912,1.7376195,109.24797,41.76829
30.761023,1.7376195,106.19919,41.15854
28.449503,1.954822,103.76159,43.5894
29.51636,2.3892267,103.036194,38.414635
29.871977,1.7376195,99.085365,42.378048
31.827883,1.7376195,132.62195,53.963413
32.005688,1.7376195,157.01219,52.743904
29.694168,1.7376195,158.02846,49.085365
32.35168,1.7376195,139.22765,50.0
26.671408,1.4713347,128.55692,49.695118
27.027027,1.7376195,109.24797,44.207317
24.004267,1.7376195,102.90381,43.067337
22.048365,1.7376195,80.28455,42.70826
22.048365,1.7376195,76.21951,31.09756
22.048365,1.7376195,75.203255,32.012196
24.182077,1.7376195,74.69512,31.707317
32.48521,1.7376195,75.203255,43.299366
34.672832,1.4997411,95.52846,41.15854
32.716927,1.7376195,105.93733,43.76205
31.116644,1.3032146,83.84146,34.451218
30.227596,1.520417,80.28455,43.59756
28.80512,1.3032146,101.626015,50.0
28.271692,1.3032146,101.11789,42.824078
28.982931,1.520417,77.743904,43.39551
28.627312,1.3032146,68.08943,47.865852
26.849218,1.520417,103.48459,52.743904
27.027027,1.7376195,104.71866,53.963413
27.382647,1.4999394,106.395645,59.451218
29.16074,2.1720243,130.58943,60.67073
33.25035,1.7376195,104.03882,43.919262
32.424877,1.7376195,157.52032,75.60976
31.29445,1.7376195,153.96341,77.439026
32.606556,1.7376195,132.62195,75.30488
27.560455,1.7376195,121.44309,69.20731
26.13798,1.7376195,104.740555,57.012196
23.29303,1.7376195,99.5935,42.691643
21.692745,1.4681724,102.760826,48.17073
21.692745,1.4687252,102.52988,41.76829
21.514936,1.7376195,84.85773,38.414635
23.470839,1.7376195,77.23577,39.634148
32.549854,1.7376195,76.21951,42.294556
33.605976,1.7376195,104.283325,42.986084
32.39703,1.7376195,86.89024,41.463413
29.51636,1.4864138,86.89024,42.378048
28.982931,1.520417,88.414635,44.512196
28.271692,1.4825258,96.03658,41.76829
28.093884,1.3032146,99.085365,46.951214
28.80512,1.5053169,103.87178,43.35414
27.916075,1.7376195,72.15447,36.890244
26.849218,1.7376195,84.85773,50.30488
26.31579,1.4942673,86.38211,48.47561
27.027027,1.7376195,91.97154,43.084965
29.338549,2.1720243,105.111725,58.23171
31.65007,1.7376195,183.94308,77.743904
31.65007,1.7376195,108.815956,84.756096
30.761023,1.5096743,159.55284,72.256096
28.093884,1.7376195,106.07498,70.12195
26.31579,1.7376195,125.0,57.012196
25.782362,1.7376195,108.73984,44.512196
23.115221,1.7376195,102.98184,43.160175
32.492134,1.520417,86.89024,34.756096
32.20514,1.4774636,80.28455,32.92683
21.337126,1.7376195,77.23577,31.707317
22.93741,1.7376195,75.203255,33.23171
27.204836,1.7376195,71.64634,35.97561
34.85064,1.7376195,83.333336,38.414635
32.36131,1.7376195,86.38211,35.97561
30.405403,1.7376195,72.15447,42.7192
28.271692,1.520417,80.79269,48.47561
32.21332,1.520417,94.51219,42.5678
28.449503,1.520417,109.756096,47.256096
28.093884,1.7376195,79.268295,41.463413
27.560455,1.520417,67.5813,44.207317
25.248934,1.5082763,81.808945,42.07317
25.426743,1.7376195,75.203255,44.817074
26.13798,2.1720243,104.50039,50.609756
28.627312,2.606429,128.55692,60.97561
31.65007,1.4548584,189.53252,69.20731
32.005688,1.7376195,182.4187,77.743904
32.3177,1.7376195,165.6504,43.727745
32.57639,1.7376195,149.39024,62.5
25.604551,1.7376195,126.01626,57.317074
25.604551,1.7376195,112.296745,42.07317
32.17201,1.7376195,94.51219,41.76829
21.692745,1.7376195,85.873985,43.455868
21.692745,1.7376195,81.808945,36.280487
21.514936,1.4983803,72.15447,33.841465
32.74465,1.7376195,102.28611,32.012196
27.204836,1.7376195,104.79054,43.30638
33.961594,1.7376195,85.36585,37.5
31.472263,1.7376195,85.36585,35.365852
29.16074,1.954822,82.31707,40.243904
32.672493,1.7376195,104.893166,43.292683
27.027027,1.7376195,99.085365,44.512196
27.204836,1.7376195,115.34553,49.085365
28.449503,1.7376195,86.38211,42.07317
32.60238,1.520417,86.38211,41.76829
32.204723,1.520417,94.51219,48.17073
25.604551,1.7376195,97.05285,42.378048
26.31579,1.7376195,95.020325,35.97561
29.51636,1.5026966,123.98374,51.82927
32.53912,1.7376195,183.43495,63.414635
32.716927,1.954822,192.07317,70.42683
29.694168,1.7376195,163.61789,65.85366
27.382647,1.7376195,148.88211,61.280487
32.179626,1.7376195,130.58943,57.621952
24.537695,1.7376195,118.39431,47.560974
32.290245,1.4688147,103.148834,42.07317
32.620636,1.7376195,83.333336,36.585365
21.337126,1.7376195,79.77642,33.23171
21.159317,1.7376195,102.8684,32.317074
22.759602,1.7376195,102.97718,34.146343
25.426743,1.5131414,69.10569,32.92683
33.428165,1.7376195,104.89678,44.02352
32.36131,1.7376195,104.72828,40.548782
31.116644,1.493311,89.939026,36.890244
30.583216,1.3032146,79.77642,47.256096
30.049788,1.3032146,103.55421,43.041145
29.871977,1.3032146,98.57723,38.109756
29.16074,1.7376195,103.83842,43.003597
28.982931,1.5086641,82.31707,37.19512
28.093884,1.4681624,95.020325,34.146343
28.627312,1.7376195,94.00407,42.07317
32.566612,1.520417,98.06911,38.719513
29.16074,2.1720243,110.772354,42.378048
30.938831,1.4927105,175.813,58.841465
31.65007,2.8236315,175.30487,64.02439
29.16074,1.7376195,169.71545,56.40244
26.671408,1.7376195,145.83333,58.23171
25.96017,1.7376195,139.73578,50.0
25.071123,1.4935647,115.34553,48.17073
23.470839,1.7376195,103.77741,44.236313
21.692745,1.7376195,103.96476,36.585365
32.216267,1.7376195,89.43089,33.23171
21.514936,1.7376195,82.31707,42.468925
22.93741,2.1720243,75.71138,30.487804
23.29303,1.7376195,69.10569,42.47443
32.361362,1.7376195,81.30081,30.182926
30.405403,2.1720243,105.21668,43.28141
34.672832,3.040834,97.560974,32.621952
33.072548,1.954822,104.247505,42.987804
32.894737,1.7376195,125.0,46.036587
32.349255,1.7376195,103.22125,45.42683
32.183426,1.7376195,101.626015,44.207317
31.65007,1.7376195,122.45935,46.951214
30.583216,1.7376195,122.967476,44.207317
29.871977,1.5091984,116.86992,43.282234
32.36111,1.954822,109.24797,44.817074
32.40019,1.7376195,113.31301,47.865852
32.1835,1.7376195,177.3374,43.684097
31.827883,1.7376195,177.84554,63.109756
28.80512,1.7376195,105.8828,58.23171
26.671408,1.501536,134.65446,54.57317
26.849218,1.7376195,136.17886,53.658535
25.426743,1.7376195,105.59401,53.353657
46.40825,3.475239,174.79675,83.231705
21.870554,1.7376195,75.71138,35.67073
21.337126,1.520417,74.69512,34.756096
22.759602,1.520417,69.61382,42.23589
22.581793,1.7376195,71.138214,32.621952
22.93741,1.7376195,64.532524,31.40244
25.248934,1.7376195,70.63008,32.317074
30.405403,1.7376195,104.560005,31.09756
33.961594,1.7376195,97.05285,37.19512
33.25035,1.7376195,105.34074,37.5
32.559647,1.7376195,151.9309,47.865852
33.072548,1.7376195,104.91009,48.17073
32.516777,1.7376195,120.42683,46.341465
31.29445,1.7376195,100.60976,43.692413
29.16074,1.520417,96.03658,47.865852
28.271692,1.7376195,104.166664,42.771133
32.61723,1.7376195,89.939026,47.560974
30.761023,1.7376195,143.80081,59.451218
33.072548,1.954822,155.99594,60.97561
33.072548,1.7376195,167.68292,66.46342
29.338549,1.7376195,105.337036,43.476322
26.671408,1.4830649,134.14635,61.280487
26.13798,1.7376195,122.967476,43.973194
24.359886,1.7376195,95.52846,42.635777
22.226173,1.4718927,78.76016,37.19512
21.692745,1.7376195,74.69512,32.92683
21.514936,1.520417,70.12195,33.536587
22.759602,1.7376195,65.04065,42.16865
22.403982,1.7376195,102.64591,43.23932
32.396656,1.7376195,63.00813,42.670315
34.31721,1.7376195,104.103645,43.02239
32.005688,1.7376195,104.42582,37.19512
33.428165,1.7376195,77.743904,37.5
32.49774,1.7376195,79.77642,39.634148
28.80512,1.5015001,98.57723,43.305405
32.098194,1.3032146,90.955284,43.39714
28.627312,1.5238425,81.30081,48.17073
27.916075,1.3032146,78.76016,49.695118
26.13798,1.520417,83.84146,43.049805
32.315487,1.7376195,104.63282,46.951214
27.027027,1.7376195,104.091644,50.914635
32.631676,2.1720243,135.67073,73.47561
31.472263,1.7376195,108.03732,81.402435
31.116644,1.7376195,166.66667,44.009552
29.16074,1.7376195,152.94716,73.47561
27.560455,1.7376195,128.55692,57.92683
26.31579,1.7376195,122.45935,58.23171
23.826458,1.7376195,112.296745,41.15854
32.449875,1.7376195,90.955284,36.890244
22.048365,1.7376195,83.84146,33.536587
21.337126,1.7376195,85.36585,36.890244
22.93741,1.7376195,79.77642,32.621952
22.226173,1.7376195,104.05114,37.19512
25.426743,1.7376195,69.61382,37.19512
34.495018,1.7376195,80.79269,40.243904
32.36131,1.7376195,83.333336,42.32254
30.583216,1.7376195,103.830414,42.682926
28.80512,1.520417,77.743904,44.512196
29.16074,1.520417,89.939026,50.0
29.338549,1.3032146,93.49593,46.951214
32.613655,1.7376195,72.15447,37.80488
28.982931,1.7376195,79.268295,42.07317
32.281097,1.7376195,73.67886,46.341465
26.849218,1.7376195,92.479675,42.907227
27.738264,1.5028474,96.03658,62.19512
32.311718,2.1720243,135.1626,43.760273
31.827883,1.7376195,195.63008,96.95122
32.26593,1.7376195,170.7317,86.89024
30.583216,1.7376195,162.60162,82.01219
27.382647,1.7376195,140.2439,77.439026
26.849218,1.5361234,118.902435,67.98781
24.182077,1.7376195,105.18293,50.0
22.226173,1.4911972,94.51219,42.817574
21.870554,1.4904442,84.85773,39.939026
32.570404,1.4972721,104.7994,43.06099
22.759602,1.7376195,66.56504,38.414635
23.115221,1.5020577,67.07317,43.90244
26.671408,1.5111533,65.04065,41.76829
36.273117,1.4992672,78.25203,43.90244
33.605976,1.7376195,105.32457,49.695118
31.472263,1.7376195,79.77642,35.060974
31.29445,1.520417,71.138214,36.280487
32.439835,1.520417,80.28455,44.817074
32.68457,1.520417,102.13415,40.853657
29.16074,1.5158218,83.84146,33.841465
32.33229,1.520417,72.662605,36.585365
27.916075,1.4696398,103.10112,45.73171
32.237267,1.7376195,83.333336,40.243904
32.160587,2.1720243,90.44715,51.219513
30.405403,2.606429,140.75203,44.00626
32.568497,1.7376195,104.32667,43.279373
32.17855,1.7376195,106.494156,84.45122
30.405403,1.7376195,170.7317,77.13415
27.916075,1.7376195,139.22765,43.760334
26.671408,1.5286187,115.34553,70.12195
24.359886,1.4720808,104.59557,58.23171
22.048365,1.7376195,95.020325,50.609756
21.870554,1.7376195,103.12734,44.512196
21.870554,1.7376195,77.23577,47.560974
32.12563,1.7376195,71.64634,45.42683
23.29303,1.7376195,103.33967,46.341465
32.474983,1.7376195,105.261734,43.583843
34.85064,1.7376195,106.02495,43.292328
33.428165,1.4978662,105.77161,43.59756
29.694168,1.954822,84.349594,42.380474
32.36607,1.7376195,89.43089,37.80488
29.16074,1.7376195,86.89024,38.414635
28.627312,1.5083581,89.939026,42.682926
32.59186,1.5145742,85.873985,44.512196
28.093884,1.520417,75.203255,44.512196
27.027027,1.520417,104.960266,46.341465
27.027027,1.7376195,83.333336,46.341465
27.382647,1.481591,102.71975,43.880352
30.049788,1.5099401,168.19106,83.231705
32.894737,1.7376195,181.91057,44.741863
31.472263,1.4790657,169.71545,78.96342
29.16074,1.7376195,107.16996,80.79269
27.560455,1.7376195,106.71098,73.78049
26.493599,1.7376195,110.26423,64.02439
23.826458,1.7376195,103.150406,54.57317
22.048365,1.7376195,88.414635,42.682926
21.692745,1.7376195,103.61493,43.881226
21.514936,1.7376195,86.89024,41.15854
22.403982,1.4843758,85.36585,37.80488
22.403982,1.7376195,102.741455,35.97561
25.248934,1.7376195,78.25203,39.02439
35.384068,1.7376195,95.52846,43.45114
32.515354,1.7376195,104.94948,43.115852
31.472263,1.5191653,82.31707,42.28276
29.51636,1.4975156,82.31707,50.609756
32.60358,1.3032146,95.52846,53.048782
28.627312,1.3032146,114.837395,53.353657
28.271692,1.4943565,101.11789,51.52439
28.093884,1.5221355,89.939026,52.43903
32.59834,1.7376195,102.64227,53.963413
27.027027,1.7376195,105.691055,60.365852
27.204836,1.484293,122.45935,63.109756
28.982931,2.1720243,109.053185,81.097565
30.405403,1.7376195,109.36842,93.59756
30.938831,2.8236315,188.51627,44.66607
32.235508,1.473883,104.76941,43.45102
27.738264,1.4936969,157.01219,79.57317
26.493599,1.7376195,144.30894,76.82927
24.004267,1.7376195,119.9187,62.80488
22.048365,1.7376195,104.166664,58.536587
21.692745,1.7376195,85.873985,47.865852
32.74887,1.7376195,104.93977,43.292683
22.403982,1.7376195,104.483734,44.299976
22.226173,2.1720243,72.15447,39.939026
22.93741,1.4974905,68.597565,39.32927
25.248934,1.7376195,102.67264,37.5
28.627312,2.1720243,102.617134,34.756096
33.25035,3.040834,105.06043,45.42683
32.53953,1.4913005,121.44309,50.0
32.185604,1.7376195,103.46362,43.72711
33.428165,1.7376195,147.86586,46.036587
32.716927,1.7376195,141.26016,43.540546
31.827883,1.7376195,119.9187,51.219513
30.049788,1.4656193,142.78455,46.646343
28.271692,1.7376195,135.67073,46.341465
28.449503,1.954822,151.9309,50.609756
30.227596,1.4682624,193.08943,68.902435
32.618275,1.7376195,182.92683,44.085785
29.338549,1.7376195,188.51627,43.974106
28.271692,1.7376195,162.60162,69.20731
27.204836,1.7376195,146.8496,69.51219
25.96017,1.7376195,149.39024,70.12195
24.359886,1.7376195,105.30838,55.792683
22.403982,1.4885246,111.78862,49.390244
21.692745,1.4662427,98.06911,42.682926
20.981508,1.520417,93.49593,43.320618
32.52832,1.520417,104.08927,43.792
32.409843,1.473004,104.17074,37.80488
22.403982,1.7376195,67.5813,43.0949
32.697033,1.4435282,103.44753,32.621952
27.204836,1.7376195,84.85773,33.841465
31.29445,1.7376195,112.296745,36.890244
32.36131,1.4715443,141.7683,43.614483
34.139404,1.7376195,152.94716,43.26646
32.382027,1.7376195,163.10976,44.792793
32.382313,1.7376195,121.95122,55.487804
32.254883,1.7376195,108.231705,43.412624
29.338549,1.520417,103.86251,39.02439
28.627312,1.7376195,89.939026,34.756096
28.627312,1.7376195,104.6748,43.029358
30.583216,1.7376195,105.88999,56.40244
32.53912,1.954822,164.12602,70.42683
32.894737,1.4709201,182.4187,64.02439
32.69949,1.465315,177.84554,64.02439
27.560455,1.7376195,143.80081,62.5
32.21621,1.7376195,103.83446,54.57317
24.004267,1.4825625,108.73984,46.646343
22.226173,1.7376195,87.9065,42.07317
22.226173,1.5337778,83.333336,43.547062
32.383102,1.520417,73.17073,43.4003
22.403982,1.7376195,70.12195,39.32927
22.581793,1.5056874,77.23577,39.02439
26.13798,1.7376195,72.15447,44.207317
34.139404,1.7376195,81.30081,41.463413
32.53912,1.7376195,98.06911,47.256096
30.405403,1.7376195,87.9065,38.109756
30.049788,1.7376195,89.939026,42.869804
28.982931,1.3032146,105.691055,42.98683
28.80512,1.3032146,105.99029,53.048782
28.80512,1.520417,104.98101,48.17073
32.685524,1.3032146,103.89203,39.634148
27.560455,1.520417,103.88958,51.219513
27.560455,1.7376195,111.78862,47.560974
27.560455,1.7376195,104.45612,50.609756
32.21714,2.1720243,154.47154,74.69512
32.36131,1.7376195,108.21366,90.243904
32.716927,1.7376195,107.88845,76.82927
32.493153,1.7376195,161.58537,44.45471
27.382647,1.7376195,107.74449,76.82927
26.13798,1.4840934,124.49187,43.113064
32.393818,1.7376195,112.80488,49.390244
22.226173,1.7376195,104.2647,44.27877
32.597157,1.4820781,95.020325,37.19512
21.692745,1.7376195,104.253105,43.43538
32.614113,1.7376195,74.18699,37.80488
22.226173,1.7376195,101.67763,35.060974
25.426743,1.5234433,67.07317,43.292683
32.697464,1.4772309,89.43089,33.23171
33.072548,1.7376195,93.49593,35.060974
30.761023,1.7376195,82.8252,37.19512
28.449503,1.520417,82.31707,37.19512
28.80512,1.520417,103.11147,36.585365
29.16074,1.3032146,103.97735,45.121952
28.982931,1.7376195,98.57723,35.060974
27.560455,1.7376195,91.97154,41.15854
26.849218,1.5063863,94.51219,39.32927
27.027027,1.7376195,99.085365,43.292683
29.871977,1.7376195,104.166664,59.451218
32.894737,2.1720243,165.6504,89.63415
31.827883,1.5107687,219.00406,107.92683
33.072548,1.7376195,176.32114,44.200054
32.191383,1.7376195,105.24223,71.34146
27.382647,1.7376195,135.1626,43.500793
25.604551,1.7376195,129.57317,56.707317
23.64865,1.7376195,102.51648,44.207317
21.870554,1.4928694,98.57723,36.280487
32.252743,1.520417,83.84146,35.97561
21.337126,1.7376195,83.84146,39.32927
22.226173,1.7376195,82.8252,35.365852
22.226173,1.7376195,72.662605,43.178333
25.96017,1.7376195,73.17073,39.02439
34.495018,1.7376195,82.8252,33.841465
32.1835,1.7376195,88.92277,40.548782
32.379593,1.7376195,79.268295,33.841465
28.80512,1.520417,102.25479,34.756096
28.449503,1.5066123,95.020325,43.615868
28.627312,1.520417,114.32927,42.07317
28.80512,1.7376195,94.51219,37.5
28.271692,1.5049236,73.17073,42.378048
26.849218,1.520417,93.49593,43.90244
27.204836,1.7376195,91.46342,50.0
27.027027,1.4860381,109.24797,50.30488
32.429337,2.606429,152.94716,72.256096
32.894737,1.7376195,184.95935,44.469795
32.716927,1.7376195,106.75582,74.69512
32.228783,1.4814717,106.030045,62.5
26.849218,1.4896728,140.2439,65.243904
25.604551,1.7376195,103.075455,43.474876
23.470839,1.7376195,110.26423,52.743904
21.692745,1.7376195,93.49593,44.817074
21.692745,1.7376195,101.89841,40.548782
21.337126,1.7376195,86.89024,41.463413
32.16532,1.7376195,83.333336,36.890244
22.226173,1.7376195,102.30153,36.890244
25.782362,1.5114663,79.268295,42.987804
33.072548,1.7376195,87.39838,38.414635
32.894737,1.7376195,90.955284,42.814026
30.761023,1.954822,81.808945,44.207317
29.694168,1.7376195,76.727646,41.463413
28.982931,1.7376195,95.52846,39.939026
29.16074,1.7376195,117.37805,38.414635
32.498917,1.7376195,86.89024,42.50013
28.627312,1.520417,77.23577,42.582165
26.493599,1.520417,103.42733,43.233936
26.671408,1.7376195,96.03658,43.66231
26.849218,1.5133812,114.837395,43.875267
29.694168,1.520417,107.11145,78.65854
31.29445,1.7376195,110.17789,93.59756
32.1835,1.954822,105.038,43.553043
28.982931,1.7376195,145.83333,68.597565
26.493599,1.7376195,127.032524,67.98781
25.426743,1.472983,123.98374,43.478115
32.302937,1.7376195,109.24797,43.59756
21.692745,1.7376195,91.46342,41.463413
32.600292,1.7376195,88.92277,38.109756
32.409176,1.487133,83.84146,36.585365
21.514936,1.7376195,103.22569,35.97561
21.870554,1.7376195,82.8252,39.02439
24.893314,1.7376195,81.808945,50.914635
32.53912,1.51314,83.84146,42.07317
31.116644,1.4973633,82.31707,43.04022
30.938831,0.86880976,86.89024,43.90244
30.938831,1.3032146,91.97154,42.378048
30.583216,1.3032146,103.65854,50.30488
30.049788,1.3032146,104.3254,46.951214
30.938831,1.7376195,97.05285,35.97561
29.338549,1.7376195,84.349594,44.207317
27.738264,1.7376195,96.03658,48.47561
27.916075,1.7376195,100.10162,42.712666
32.417004,1.520417,117.37805,50.914635
28.982931,1.4598643,166.15854,64.939026
32.585808,1.7376195,177.3374,73.47561
30.761023,2.8236315,108.260796,76.21951
28.449503,1.7376195,106.42036,72.560974
26.13798,1.7376195,104.990425,65.85366
25.604551,1.4755865,130.0813,58.841465
23.470839,1.4696829,104.83545,47.256096
22.403982,1.7376195,102.64227,42.88392
21.692745,1.7376195,95.020325,40.243904
21.337126,1.7376195,89.939026,35.97561
21.692745,1.7376195,82.8252,38.414635
21.692745,1.490839,82.8252,36.585365
22.581793,1.7376195,74.69512,40.243904
25.248934,1.7376195,69.61382,33.23171
30.405403,2.1720243,84.85773,36.585365
32.642704,3.040834,110.772354,43.4436
32.1835,1.954822,104.127106,48.17073
32.36131,1.7376195,105.017815,51.52439
33.428165,1.7376195,103.72165,44.512196
33.605976,1.7376195,178.86179,41.15854
32.36131,1.4555343,155.48781,52.743904
32.47289,1.7376195,150.40651,58.536587
28.80512,1.7376195,135.67073,54.878048
28.093884,1.954822,147.35773,44.288765
29.51636,1.4897679,191.05692,67.98781
29.338549,1.4845229,106.54704,68.29269
28.982931,1.7376195,202.23578,44.66806
27.027027,1.7376195,176.82927,66.768295
26.31579,1.7376195,155.99594,67.68293
25.426743,1.4528934,148.37398,43.32237
23.826458,1.494501,140.75203,43.242966
22.403982,3.475239,121.44309,47.256096
32.269115,1.7376195,92.98781,46.341465
21.159317,1.4894543,83.333336,41.463413
21.692745,1.520417,75.203255,43.434845
21.514936,1.7376195,73.17073,36.890244
22.226173,1.7376195,66.05691,42.259125
23.29303,1.4888917,61.99187,33.536587
27.204836,1.7376195,82.31707,35.365852
32.53912,1.7376195,102.64227,39.02439
32.36131,1.7376195,130.58943,47.256096
32.716927,1.7376195,162.09349,44.42999
33.25035,1.7376195,157.52032,42.987804
32.716927,1.7376195,132.62195,43.658367
32.607758,1.7376195,97.05285,42.6217
29.51636,1.5214794,96.544716,42.47057
28.271692,1.7376195,86.38211,46.646343
27.738264,1.7376195,107.21545,43.861565
32.57371,1.459807,103.01718,43.360886
32.413673,1.954822,159.04471,44.193806
30.938831,1.7376195,164.12602,64.939026
28.271692,1.7376195,148.88211,68.902435
25.604551,1.7376195,133.13008,61.280487
25.248934,1.4693533,124.49187,43.70311
32.33862,1.5016974,120.42683,48.780487
22.226173,1.7376195,101.11789,42.07317
21.692745,1.7376195,99.5935,38.414635
21.159317,1.520417,81.30081,42.763344
21.870554,1.4808688,75.203255,40.853657
21.870554,1.7376195,73.67886,38.719513
25.248934,1.7376195,69.10569,42.52271
33.25035,1.7376195,82.31707,35.97561
32.512627,1.7376195,93.49593,42.07317
30.227596,1.7376195,88.414635,43.49619
30.405403,1.7376195,76.727646,35.365852
29.51636,1.5083562,96.544716,45.42683
32.38684,1.5081218,111.78862,43.80604
28.627312,1.520417,107.21545,41.76829
29.16074,1.3032146,104.78244,40.243904
27.560455,1.520417,80.79269,40.853657
27.916075,1.7376195,91.97154,41.76829
27.382647,1.7376195,98.06911,48.17073
28.80512,2.1720243,163.61789,75.60976
30.938831,1.7376195,109.433525,85.060974
32.894737,1.7376195,190.54878,73.78049
30.405403,1.7376195,105.99034,63.719513
26.493599,1.7376195,105.30624,61.890244
32.25733,1.5159103,122.45935,63.719513
23.115221,1.7376195,102.13415,46.646343
32.319004,1.7376195,89.939026,39.939026
21.692745,1.7376195,102.08062,38.109756
21.159317,1.7376195,73.17073,43.0207
32.465565,1.7376195,73.67886,45.121952
21.870554,1.7376195,104.12312,39.634148
25.071123,1.7376195,74.69512,42.803024
33.78378,1.7376195,77.743904,42.936802
32.005688,1.7376195,99.5935,42.987804
31.827883,1.7376195,93.49593,38.109756
30.405403,1.520417,104.48166,44.512196
32.005688,1.520417,100.60976,46.036587
32.53912,1.3032146,111.78862,50.30488
33.072548,1.7376195,105.845375,44.512196
28.627312,1.7376195,103.47846,46.951214
32.555992,1.7376195,88.92277,47.256096
27.738264,1.7376195,105.78919,50.609756
28.982931,1.7376195,103.150406,61.890244
30.405403,2.1720243,158.02846,43.84237
33.428165,1.7376195,108.76761,100.30488
33.961594,1.5080682,177.84554,91.46342
30.938831,1.7376195,173.27235,92.37805
26.671408,1.7376195,153.96341,93.29269
25.604551,1.7376195,136.687,43.521084
32.27899,1.7376195,111.78862,63.414635
32.163933,1.7376195,94.00407,54.878048
32.391415,1.520417,88.92277,43.488148
21.159317,1.7376195,78.76016,47.865852
21.514936,1.7376195,76.727646,46.646343
21.870554,1.7376195,71.138214,42.328106
25.426743,1.7376195,72.662605,50.609756
34.31721,1.7376195,91.46342,51.52439
32.3128,1.7376195,95.52846,56.09756
30.583216,1.523996,89.939026,45.42683
29.871977,1.5143664,79.77642,42.795624
30.405403,1.4842207,102.32922,36.890244
32.57056,1.4497726,103.02509,40.548782
29.51636,1.7376195,90.44715,38.109756
29.338549,1.5234399,80.79269,38.719513
27.738264,1.520417,79.77642,46.341465
28.093884,1.541888,73.67886,51.219513
28.80512,2.1720243,98.06911,43.562862
29.694168,2.606429,154.47154,85.97561
32.716927,1.7376195,195.12195,86.89024
32.716927,1.7376195,188.51627,78.96342
29.694168,1.527331,165.6504,80.79269
27.738264,1.7376195,106.85127,77.439026
32.591103,1.7376195,118.39431,61.585365
23.29303,1.7376195,112.80488,52.743904
32.536747,1.7376195,102.13415,42.95662
22.048365,1.7376195,85.873985,49.390244
32.563442,1.5164031,86.38211,42.93594
22.048365,1.7376195,78.76016,42.987804
22.048365,1.7376195,104.22365,41.463413
32.402397,1.7376195,77.23577,49.390244
34.139404,1.5233092,90.44715,50.0
32.716927,1.7376195,93.49593,43.453194
30.761023,1.954822,85.873985,42.583176
31.472263,1.7376195,85.36585,43.292683
28.80512,1.7376195,88.414635,44.512196
28.449503,1.7376195,114.837395,50.0
28.80512,1.7376195,97.05285,43.226788
28.093884,1.520417,79.268295,35.365852
32.33038,1.4647521,97.560974,39.634148
27.560455,1.7376195,88.414635,45.42683
30.227596,1.7376195,114.837395,64.939026
30.761023,1.520417,169.71545,93.90243
32.894737,1.7376195,205.28455,106.70731
32.269848,1.4712703,194.1057,85.36585
30.405403,1.7376195,173.27235,79.87805
26.849218,1.4577184,151.9309,43.942223
25.426743,1.7376195,124.49187,43.879124
32.14726,1.7376195,104.44633,44.16397
32.702118,1.7376195,105.956955,51.219513
21.870554,1.7376195,89.939026,42.876095
21.692745,1.7376195,94.51219,49.695118
21.870554,1.7376195,88.92277,45.121952
32.136967,1.7376195,81.30081,48.780487
32.45361,1.7376195,103.860916,53.963413
33.961594,1.7376195,90.44715,46.646343
32.894737,1.7376195,97.05285,49.390244
31.472263,0.86880976,104.90725,43.063828
30.583216,1.3032146,103.80784,43.297203
31.472263,1.3032146,101.11789,53.048782
30.227596,1.3032146,128.55692,57.317074
29.51636,1.7376195,114.837395,57.012196
32.60994,1.7376195,108.231705,46.646343
28.449503,1.4921002,103.608665,44.512196
28.80512,1.7376195,119.9187,51.82927
28.093884,1.520417,126.01626,43.898098
29.51636,2.1720243,106.8259,80.18293
32.29838,1.7376195,208.33333,95.731705
29.51636,2.8236315,195.63008,94.20731
32.424915,1.7376195,185.97562,95.42683
32.013798,1.7376195,106.53803,85.67073
25.071123,1.7376195,150.40651,78.65854
32.498657,1.7376195,131.09756,69.20731
22.403982,1.7376195,105.691055,43.585842
22.048365,1.7376195,90.955284,47.256096
21.692745,1.7376195,84.85773,43.249516
32.277805,1.7376195,103.34945,45.42683
22.048365,1.4641854,103.97977,46.646343
23.115221,1.7376195,70.12195,50.0
24.715506,1.7376195,78.76016,42.766323
32.68036,2.1720243,91.46342,44.207317
34.495018,3.040834,105.91357,42.987804
36.273117,1.954822,120.93496,42.378048
35.20626,1.7376195,103.07369,34.146343
34.139404,1.7376195,150.91463,42.682926
32.700714,1.4638232,132.11382,39.634148
31.472263,1.7376195,105.623245,51.82927
30.049788,1.7376195,129.57317,55.792683
29.338549,1.4766357,129.57317,43.53832
29.51636,1.954822,135.67073,57.317074
32.526703,1.5174928,175.30487,79.57317
30.583216,1.7376195,191.05692,76.82927
29.338549,1.4940549,177.3374,75.60976
32.533993,1.7376195,172.2561,82.01219
26.13798,1.7376195,154.47154,77.13415
25.071123,1.7376195,161.07724,77.743904
23.470839,1.7376195,146.8496,61.280487
22.226173,3.475239,120.42683,54.26829
21.692745,1.7376195,99.5935,53.658535
21.337126,1.520417,99.085365,46.036587
21.692745,1.520417,85.36585,45.73171
21.692745,1.7376195,86.89024,47.560974
22.403982,1.7376195,85.873985,43.41572
32.406586,1.7376195,83.84146,40.853657
27.027027,1.7376195,90.955284,39.634148
32.894737,1.7376195,107.72358,43.58124
33.25035,1.7376195,140.75203,51.82927
34.31721,1.7376195,106.335754,43.93909
34.85064,1.7376195,170.7317,44.40435
33.605976,1.7376195,134.65446,48.47561
31.29445,1.4630158,128.04878,47.256096
30.938831,1.520417,117.37805,42.80194
28.80512,1.4987956,113.31301,43.69622
32.174038,1.7376195,104.638565,55.487804
29.694168,1.7376195,159.04471,77.13415
32.34217,1.4325334,178.35365,44.156723
31.472263,1.7376195,221.54471,78.96342
30.049788,1.7376195,193.59756,45.11642
32.236332,1.7376195,158.53659,70.42683
25.248934,1.7376195,103.101265,43.07642
23.470839,1.7376195,134.14635,44.041542
32.287155,1.4992898,109.756096,48.47561
21.870554,1.7376195,99.085365,42.934967
21.514936,1.4948102,100.10162,53.658535
21.692745,1.7376195,82.31707,51.219513
22.048365,1.7376195,103.56134,43.109993
25.782362,1.7376195,83.333336,56.707317
32.558,1.7376195,107.72358,50.30488
32.005688,1.7376195,107.21545,51.82927
32.20474,1.7376195,95.020325,45.121952
31.29445,1.7376195,88.92277,50.30488
32.005688,1.3032146,108.231705,52.743904
30.405403,1.3032146,118.902435,53.963413
28.449503,1.520417,95.020325,49.695118
28.449503,1.3032146,96.03658,48.17073
27.204836,1.520417,106.70731,53.963413
27.382647,1.5142404,105.18293,62.5
27.738264,1.7376195,107.021614,68.29269
32.531673,2.1720243,181.40244,96.03658
31.65007,1.7376195,233.2317,108.53658
32.1835,1.7376195,107.967606,87.80488
30.583216,1.7376195,107.94556,91.768295
26.849218,1.7376195,157.01219,83.53658
25.071123,1.7376195,129.57317,70.12195
23.29303,1.7376195,102.81285,43.334255
21.692745,1.7376195,103.63748,43.233253
22.048365,1.7376195,102.97324,50.30488
21.514936,1.7376195,104.55225,55.487804
22.048365,1.7376195,90.44715,48.17073
21.870554,1.7376195,103.51148,50.30488
25.604551,1.7376195,83.333336,54.57317
33.072548,1.7376195,94.00407,51.52439
32.1835,1.7376195,94.51219,51.52439
32.38276,1.7376195,89.939026,42.657925
32.382496,1.5152668,83.84146,46.341465
28.982931,1.520417,99.5935,47.865852
29.871977,1.3032146,107.21545,44.817074
32.37308,1.7376195,94.00407,39.02439
28.627312,1.7376195,84.85773,48.47561
32.57531,1.7376195,79.77642,57.92683
27.560455,1.7376195,87.9065,60.97561
28.627312,1.7376195,121.44309,69.51219
31.472263,2.1720243,191.56505,95.731705
32.53912,1.7376195,232.21545,102.13415
30.405403,1.7376195,215.44716,95.731705
29.16074,1.7376195,183.43495,86.585365
32.092525,1.7376195,108.187675,87.19512
25.604551,1.7376195,106.794685,71.34146
32.42944,1.7376195,106.86008,60.67073
22.048365,1.7376195,114.32927,59.146343
22.581793,1.520417,91.46342,53.048782
21.870554,1.7376195,89.43089,55.487804
22.226173,1.4848703,102.47558,50.0
22.226173,1.7376195,104.2998,43.15915
32.265816,1.5316558,78.76016,56.09756
34.139404,1.7376195,96.544716,55.182926
33.961594,1.7376195,102.13415,42.596947
32.665943,1.7376195,103.150406,46.341465
32.157272,1.520417,90.955284,39.02439
32.635014,1.520417,89.939026,38.414635
28.982931,1.5087025,94.51219,42.41375
29.694168,1.7376195,85.873985,33.841465
28.982931,1.520417,105.08308,43.78515
28.271692,1.520417,102.9299,41.76829
28.627312,1.7376195,88.92277,47.256096
28.449503,2.1720243,116.86992,70.12195
29.338549,2.606429,179.87805,88.414635
33.25035,1.7376195,206.30081,92.98781
32.53912,1.7376195,184.95935,93.59756
31.827883,1.7376195,110.26728,99.390236
26.493599,1.5276822,168.69919,89.63415
32.264122,1.7376195,144.81708,75.914635
32.51205,1.7376195,135.1626,61.890244
21.870554,1.7376195,104.68434,54.878048
32.404026,1.7376195,103.870605,54.878048
21.870554,1.7376195,87.9065,59.756096
22.048365,1.5145825,85.36585,57.621952
22.226173,1.7376195,79.268295,43.242294
25.782362,1.7376195,79.268295,56.707317
33.428165,1.4977301,95.52846,56.09756
32.1835,1.5075414,99.5935,49.695118
31.65007,1.954822,102.64227,50.609756
28.627312,1.7376195,104.961945,54.878048
29.871977,1.7376195,92.98781,53.963413
28.627312,1.7376195,110.26423,45.73171
28.80512,1.7376195,94.00407,47.256096
27.916075,1.520417,104.67775,42.987804
26.31579,1.5015209,86.38211,47.560974
32.40483,1.7376195,100.10162,56.40244
27.560455,1.7376195,115.85366,66.768295
28.627312,1.5585243,108.06517,89.939026
32.1835,1.7376195,224.59349,44.52394
30.938831,1.954822,215.95529,96.03658
29.871977,1.7376195,192.07317,85.060974
26.13798,1.5232357,159.04471,82.62194
24.893314,1.7376195,135.67073,69.51219
23.115221,1.7376195,103.39297,55.487804
21.692745,1.7376195,109.756096,49.695118
22.048365,1.7376195,104.02002,46.951214
32.20182,1.7376195,90.955284,42.87363
21.692745,1.7376195,103.48477,43.55865
21.870554,1.5168506,75.71138,57.621952
24.893314,1.7376195,79.77642,65.243904
32.1835,1.4683043,104.10725,43.5198
32.36131,1.5095038,104.6748,53.048782
30.227596,0.86880976,109.756096,48.47561
32.297226,1.3032146,91.46342,45.42683
30.049788,1.4937602,108.231705,40.853657
27.560455,1.3032146,113.82114,38.719513
28.627312,1.7376195,102.45734,35.365852
27.738264,1.7376195,85.36585,30.487804
26.671408,1.7376195,112.296745,36.585365
26.13798,1.7376195,125.50814,43.760323
28.627312,1.520417,138.21138,63.719513
32.45332,2.1720243,193.08943,82.01219
30.938831,1.7376195,233.2317,85.97561
29.51636,2.8236315,221.54471,89.63415
32.62142,1.7376195,207.82521,97.256096
25.782362,1.4759078,180.38618,44.949432
24.537695,1.7376195,146.8496,77.13415
23.470839,1.7376195,140.2439,67.37805
22.403982,1.7376195,109.756096,60.060974
32.211285,1.7376195,96.03658,53.353657
21.514936,1.4848688,88.414635,42.875362
22.048365,1.7376195,83.84146,45.73171
32.571156,2.1720243,75.71138,49.390244
22.581793,1.7376195,70.12195,42.82498
24.359886,1.5241348,70.63008,42.681587
27.916075,2.1720243,92.479675,43.60848
32.630108,3.040834,117.88618,47.256096
31.827883,1.954822,130.58943,48.17073
32.005688,1.7376195,136.17886,54.26829
31.65007,1.7376195,130.0813,61.585365
32.4371,1.7376195,106.03794,64.02439
31.29445,1.7376195,106.49011,68.597565
29.694168,1.7376195,133.63821,63.109756
28.271692,1.7376195,146.34146,60.67073
32.296585,1.5017508,153.45529,66.15854
28.449503,1.7376195,205.79268,81.70731
29.16074,1.7376195,236.28049,45.610012
32.425186,1.7376195,217.98781,100.30488
27.916075,1.5489618,179.36992,101.21951
26.13798,1.7376195,171.23984,96.64634
25.248934,1.7376195,167.68292,90.54878
24.004267,1.7376195,158.02846,75.30488
22.403982,3.475239,132.62195,60.67073
32.521988,1.7376195,100.10162,56.09756
32.389744,1.520417,87.39838,53.353657
22.048365,1.520417,77.743904,53.963413
21.692745,1.7376195,74.18699,57.317074
32.136475,1.7376195,73.67886,63.414635
22.759602,1.5030491,78.25203,56.40244
26.493599,1.7376195,104.23449,55.182926
32.336544,1.7376195,113.31301,57.012196
32.238476,1.7376195,121.95122,53.963413
37.69559,1.7376195,186.48373,43.648823
38.762447,1.4771918,194.61382,67.98781
35.917496,1.7376195,133.63821,64.939026
32.894737,1.7376195,103.150406,51.219513
30.761023,1.4812071,119.9187,42.85594
32.536526,1.5153357,94.51219,55.792683
28.80512,1.7376195,111.78862,64.63415
29.51636,1.4659178,165.6504,43.77926
30.405403,1.4786755,167.17479,44.63119
30.761023,1.4604424,194.1057,75.60976
28.449503,1.7376195,107.141945,88.10975
26.31579,1.7376195,107.419365,76.5244
32.25733,1.7376195,155.48781,69.20731
23.470839,1.4958816,135.67073,43.466255
32.438625,1.7376195,110.772354,44.817074
22.403982,1.7376195,99.085365,43.59756
21.692745,1.5068771,99.5935,49.085365
22.048365,1.4845661,88.414635,47.865852
32.57792,1.7376195,89.43089,53.048782
25.426743,1.7376195,85.36585,56.707317
32.894737,1.7376195,99.5935,59.146343
32.005688,1.7376195,104.42498,53.353657
32.203693,1.7376195,102.64227,47.865852
28.982931,1.525415,90.955284,53.048782
29.871977,1.3032146,107.72358,54.57317
32.239494,1.3032146,110.772354,56.40244
28.982931,1.520417,86.89024,43.010223
29.51636,1.3032146,70.12195,51.52439
27.738264,1.520417,104.98016,57.012196
32.52823,1.491564,87.39838,42.85432
27.738264,1.7376195,113.82114,72.560974
29.338549,1.4860853,193.59756,89.02439
31.472263,1.5173182,226.11789,120.12195
31.472263,1.5246602,221.03659,106.70731
29.51636,1.7376195,198.17073,44.548748
26.671408,1.7376195,109.71806,95.42683
24.893314,1.7376195,136.687,78.65854
22.93741,1.7376195,105.46027,73.78049
21.692745,1.7376195,106.308556,63.719513
22.048365,1.4970335,89.939026,42.530655
21.692745,1.5284966,85.36585,43.636417
22.226173,1.7376195,83.333336,57.621952
21.514936,1.7376195,82.31707,56.707317
24.715506,1.7376195,90.44715,60.060974
32.36131,1.7376195,106.70731,64.32927
31.116644,1.7376195,103.150406,59.451218
32.36131,1.7376195,98.57723,53.353657
32.894737,1.520417,105.838425,57.92683
33.072548,1.5187721,108.231705,55.792683
32.005688,1.3032146,105.691055,56.09756
31.65007,1.5140818,86.89024,52.134148
32.36131,1.7376195,106.91871,55.182926
28.627312,1.7376195,101.11789,43.136086
28.093884,1.7376195,98.57723,43.263813
28.093884,1.7376195,106.866554,82.31708
30.583216,1.5081507,196.13821,103.04878
32.005688,1.6357253,242.37805,114.939026
31.472263,1.7376195,207.31708,44.423748
30.227596,1.4642477,194.1057,115.54878
28.093884,1.7376195,171.23984,98.47561
26.31579,1.7376195,159.04471,92.98781
32.25028,1.7376195,139.22765,78.65854
22.403982,1.7376195,103.8265,43.352127
22.581793,1.520417,102.64227,43.647694
22.048365,1.7376195,105.55025,66.46342
22.759602,1.7376195,88.92277,64.939026
23.115221,1.7376195,80.28455,72.560974
25.426743,1.7376195,89.43089,67.37805
33.25035,1.7376195,103.65854,67.98781
32.19787,1.7376195,109.24797,58.841465
30.938831,1.7376195,91.46342,55.792683
29.871977,1.520417,103.33519,45.42683
29.871977,1.520417,108.231705,56.40244
29.338549,1.520417,128.04878,43.03618
29.338549,1.7376195,95.020325,53.048782
28.627312,1.520417,105.8989,57.621952
27.382647,1.512913,99.5935,57.621952
27.382647,1.5195621,102.13415,56.707317
27.738264,2.1720243,107.32051,68.29269
28.982931,2.606429,194.1057,44.118683
31.116644,1.7376195,238.313,45.62423
32.36131,1.7376195,210.36586,107.92683
32.533096,1.7376195,208.33333,101.52439
28.449503,1.7376195,171.74797,100.914635
26.31579,1.7376195,149.39024,44.21651
23.29303,1.7376195,140.75203,44.00967
32.57553,1.7376195,104.6748,70.42683
32.264107,1.7376195,92.479675,60.97561
22.048365,1.7376195,98.06911,71.03659
22.93741,1.7376195,85.36585,42.873734
22.759602,1.7376195,83.84146,61.280487
25.96017,1.7376195,105.161766,65.85366
33.78378,1.7376195,105.52804,43.182148
32.36131,1.5274432,106.19919,65.85366
32.1835,1.5267705,92.479675,57.621952
30.049788,1.7376195,106.77893,59.451218
29.51636,1.7376195,108.231705,60.67073
31.29445,1.7376195,116.86992,53.963413
32.375713,1.7376195,95.52846,42.754787
28.80512,1.520417,90.44715,62.5
27.027027,1.5296851,87.39838,63.109756
32.192844,1.7376195,95.020325,58.841465
28.271692,1.7376195,133.13008,72.560974
31.996246,1.5166568,188.51627,107.01219
31.827883,1.7376195,222.56097,121.64634
32.005688,1.954822,224.08537,44.817215
29.338549,1.7376195,210.87398,99.69512
27.560455,1.7376195,204.77643,93.90243
26.31579,1.7376195,164.12602,89.02439
23.29303,1.7376195,127.54066,67.68293
32.220432,1.4818221,111.78862,59.451218
22.403982,1.7376195,96.544716,58.23171
32.344307,1.7376195,95.52846,64.32927
22.581793,1.5093812,95.020325,58.23171
22.759602,1.7376195,86.89024,60.365852
24.715506,1.7376195,88.92277,64.02439
33.072548,1.7376195,103.150406,66.46342
31.472263,1.7376195,102.64227,42.621426
31.29445,0.86880976,106.19919,50.0
30.583216,1.3032146,104.54707,51.52439
32.894737,1.5085537,107.72358,43.606033
31.472263,1.3032146,106.21091,51.52439
30.761023,1.7376195,111.28049,51.52439
29.16074,1.4761227,105.18293,45.42683
28.449503,1.7376195,97.05285,50.914635
28.093884,1.7376195,103.05796,43.392426
28.449503,1.520417,124.49187,64.32927
28.093884,2.1720243,184.95935,83.231705
29.16074,1.4703165,206.80894,87.80488
30.049788,2.8236315,107.332146,85.060974
28.80512,1.7376195,189.02438,84.756096
32.314537,1.7376195,181.91057,78.96342
32.426624,1.7376195,163.61789,78.04878
24.537695,1.7376195,139.22765,66.768295
23.115221,1.7376195,120.93496,52.43903
22.759602,1.5085723,104.166664,49.085365
22.048365,1.7376195,100.10162,55.792683
22.93741,1.7376195,92.98781,46.036587
23.29303,2.1720243,105.0598,46.036587
23.826458,1.7376195,83.84146,53.963413
32.253307,1.4905608,93.49593,51.52439
28.271692,2.1720243,107.21545,43.884502
32.716927,3.040834,106.89546,49.695118
33.961594,1.954822,137.70325,55.792683
34.31721,1.7376195,152.43903,43.36998
33.605976,1.7376195,105.45308,43.109478
32.716927,1.7376195,106.18501,54.57317
33.78378,1.7376195,151.42276,49.085365
32.716927,1.7376195,139.22765,57.012196
29.871977,1.7376195,133.63821,55.792683
29.694168,1.954822,159.04471,43.672474
28.982931,1.458406,104.65274,43.121864
32.32467,1.7376195,217.98781,98.17073
29.338549,1.7376195,108.20945,91.15854
27.916075,1.485713,223.57724,91.15854
27.204836,1.7376195,214.93903,93.90243
26.31579,1.7376195,183.94308,86.28049
24.893314,1.7376195,146.8496,78.35366
22.581793,3.475239,131.6057,43.729298
32.246365,1.7376195,116.361786,67.68293
21.692745,1.520417,106.70731,43.941574
22.226173,1.5028174,100.60976,42.889736
22.759602,1.7376195,90.44715,52.134148
22.226173,1.7376195,104.236465,55.487804
32.315285,1.7376195,86.89024,52.743904
26.671408,1.7376195,99.085365,46.341465
31.827883,1.7376195,130.58943,49.085365
33.25035,1.7376195,144.30894,46.341465
34.139404,1.7376195,154.47154,43.840893
35.20626,1.7376195,173.78049,44.50085
32.894737,1.4949943,105.259315,48.17073
30.938831,1.7376195,105.09453,43.654633
32.573082,1.5065202,104.6748,49.695118
28.449503,1.7376195,115.34553,44.512196
28.80512,1.7376195,143.29268,54.26829
29.16074,1.7376195,170.22357,80.18293
30.938831,1.954822,194.1057,89.02439
32.005688,1.7376195,107.344376,84.756096
28.449503,1.4969983,186.99187,89.939026
27.560455,1.7376195,187.5,88.414635
26.849218,1.7376195,107.30138,79.57317
32.33112,1.7376195,119.9187,66.46342
22.759602,1.7376195,114.32927,60.365852
22.403982,1.7376195,107.21545,57.621952
22.048365,1.520417,98.06911,64.63415
32.454998,1.7376195,86.38211,43.253616
23.826458,1.7376195,89.43089,55.182926
25.604551,1.5293944,85.873985,59.756096
33.605976,1.7376195,105.48192,43.31092
32.30864,1.7376195,104.65267,56.40244
32.1835,1.7376195,101.626015,55.182926
32.1835,1.4962802,96.03658,53.353657
32.894737,1.3032146,100.60976,50.0
31.29445,1.3032146,105.70817,43.990536
31.65007,1.520417,96.03658,57.92683
30.405403,1.3032146,89.43089,59.146343
32.57106,1.520417,92.98781,43.421856
27.916075,1.7376195,94.51219,61.280487
28.093884,1.7376195,115.34553,69.81707
29.338549,2.1720243,184.45122,95.42683
32.36131,1.5450572,229.67479,117.68293
32.894737,1.7376195,235.26422,96.95122
31.116644,1.5114076,220.02032,98.78049
28.449503,1.7376195,182.4187,93.29269
27.738264,1.7376195,146.34146,86.585365
24.359886,1.7376195,117.88618,43.90315
22.403982,1.7376195,108.231705,64.63415
22.759602,1.7376195,110.26423,56.40244
21.514936,1.7376195,106.44094,64.02439
32.507153,1.5167719,89.939026,58.23171
23.29303,1.7376195,104.4727,43.706337
26.31579,1.7376195,90.955284,63.719513
35.20626,1.7376195,110.26423,71.95122
32.894737,1.5364982,107.21545,60.365852
31.472263,1.7376195,123.98374,50.609756
29.871977,1.520417,107.21545,52.743904
29.871977,1.520417,110.772354,67.37805
29.871977,1.3032146,106.68853,61.890244
32.1221,1.7376195,103.150406,42.968575
28.982931,1.7376195,87.9065,60.365852
27.738264,1.7376195,104.33744,54.878048
28.449503,1.7376195,103.65854,60.97561
28.80512,1.4985843,138.21138,69.51219
30.405403,2.1720243,200.71138,96.03658
32.716927,1.7376195,247.45935,45.827347
32.53912,1.7376195,118.93758,118.29269
31.116644,1.7376195,236.78862,44.732845
27.738264,1.7376195,197.15446,97.256096
32.398624,1.7376195,107.80231,86.89024
32.20496,1.4889479,139.73578,44.37301
21.870554,1.7376195,109.24797,64.32927
32.549786,1.520417,99.5935,43.147144
21.692745,1.7376195,106.5911,66.15854
32.09384,1.7376195,97.05285,59.146343
23.29303,1.7376195,90.955284,65.85366
24.715506,1.7376195,97.05285,68.29269
32.894737,1.7376195,117.37805,70.12195
32.535717,1.7376195,114.32927,59.146343
31.65007,1.7376195,106.19919,59.451218
32.24166,1.520417,106.24965,56.09756
31.65007,1.520417,106.474335,52.43903
30.227596,1.520417,105.500435,50.914635
28.982931,1.4591515,103.37755,50.30488
29.694168,1.520417,104.62382,51.219513
28.627312,1.520417,104.360115,58.536587
29.16074,1.7376195,104.07877,43.053516
28.80512,2.1720243,140.2439,71.03659
29.16074,2.606429,214.4309,105.48781
32.1835,1.5700284,250.50813,131.70732
34.31721,1.7376195,235.26422,45.21843
31.116644,1.5191967,192.5813,98.17073
32.35056,1.7376195,195.63008,102.439026
26.849218,1.7376195,163.61789,84.756096
24.715506,1.7376195,129.57317,66.46342
22.403982,1.7376195,108.73984,69.20731
21.870554,1.7376195,96.544716,64.02439
32.539845,1.5341253,91.46342,67.07317
32.070065,1.7376195,97.05285,62.19512
22.403982,1.7376195,104.75232,60.060974
32.56306,1.7376195,95.020325,42.677303
33.072548,1.7376195,110.772354,71.64634
34.495018,1.7376195,107.08759,62.80488
32.894737,1.954822,111.28049,43.206078
31.65007,1.7376195,106.63268,59.756096
31.29445,1.7376195,107.21545,60.97561
30.405403,1.7376195,104.67836,43.54059
29.338549,1.464397,104.76062,51.219513
28.627312,1.4544153,105.548225,48.17073
27.560455,1.520417,97.560974,43.281948
27.738264,1.5100348,106.70731,60.060974
32.4743,1.5008864,138.71951,43.139343
32.142727,1.5619053,116.13114,101.52439
32.716927,1.7376195,229.67479,116.768295
32.53912,1.954822,234.24797,111.585365
31.65007,1.7376195,217.98781,102.743904
32.54478,1.7376195,194.61382,45.029026
28.271692,1.7376195,155.99594,72.86585
25.782362,1.5013103,131.09756,44.01673
23.29303,1.5304114,117.37805,64.63415
21.870554,1.7376195,105.18293,43.700455
21.692745,1.7376195,98.57723,66.46342
22.048365,1.7376195,104.691536,60.97561
32.2683,1.7376195,91.46342,57.621952
25.96017,1.7376195,90.44715,67.07317
32.331547,1.5417856,111.28049,68.902435
33.072548,1.7376195,105.691055,60.67073
30.761023,0.86880976,105.784134,53.048782
32.005688,1.3032146,102.64227,60.97561
31.827883,1.3032146,105.691055,56.707317
30.405403,1.3032146,104.3649,43.834423
29.16074,1.7376195,101.626015,43.54469
28.982931,1.7376195,96.544716,47.560974
32.279808,1.7376195,109.24797,43.202595
30.405403,1.7376195,117.37805,52.134148
32.716927,1.520417,144.30894,60.97561
32.005688,2.1720243,192.07317,96.64634
32.36131,1.7376195,230.18292,112.5
32.816616,2.8236315,111.209335,109.756096
32.336864,1.5811192,110.5884,96.95122
27.382647,1.7376195,184.45122,85.67073
32.62545,1.7376195,163.10976,43.66679
25.071123,1.4824307,143.29268,74.69512
22.581793,1.4775151,123.98374,43.757683
22.403982,1.7376195,109.24797,63.719513
21.692745,1.7376195,108.231705,65.243904
32.499763,1.7376195,100.60976,59.451218
21.870554,2.1720243,105.433685,64.939026
32.186455,1.5249783,98.06911,67.68293
25.248934,1.7376195,106.19919,58.841465
29.694168,2.1720243,104.166664,56.40244
33.605976,3.040834,132.11382,54.878048
33.072548,1.5308208,127.54066,61.280487
34.139404,1.7376195,145.83333,43.50817
35.56188,1.7376195,163.61789,44.41495
34.139404,1.7376195,151.42276,62.19512
32.218723,1.7376195,140.75203,69.51219
33.25035,1.7376195,148.37398,67.07317
31.116644,1.7376195,136.17886,69.20731
32.315254,1.954822,173.78049,74.085365
30.405403,1.7376195,214.4309,91.46342
32.476013,1.4288342,223.0691,45.403725
29.871977,1.7376195,231.70732,95.731705
28.093884,1.7376195,202.23578,92.98781
26.671408,1.5564045,108.91337,90.54878
25.604551,1.7376195,167.17479,83.53658
25.071123,1.7376195,103.12667,43.14617
22.581793,1.4743358,140.75203,44.403603
22.048365,1.7376195,119.41057,75.60976
32.101383,1.5024394,107.72358,43.78439
21.870554,1.520417,94.00407,43.28752
22.048365,1.7376195,92.479675,43.0084
22.403982,1.7376195,82.8252,65.243904
24.182077,1.7376195,86.89024,43.51916
32.6657,1.7376195,112.296745,53.353657
34.139404,1.7376195,102.13415,58.23171
35.56188,1.7376195,105.35552,43.204754
36.450924,1.7376195,155.48781,43.959957
35.20626,1.7376195,192.5813,66.768295
33.25035,1.4855745,136.687,55.792683
31.827883,1.7376195,116.86992,55.487804
32.005688,1.520417,111.28049,52.134148
28.80512,1.7376195,106.70731,51.82927
29.338549,1.7376195,108.261696,74.69512
29.694168,1.7376195,193.59756,105.79269
30.405403,1.954822,223.0691,100.60976
30.938831,1.7376195,217.47968,85.36585
29.871977,1.7376195,179.36992,86.28049
27.027027,1.7376195,166.66667,105.48781
25.782362,1.7376195,143.29268,43.287273
24.359886,1.7376195,142.27643,43.850803
22.759602,1.7376195,118.39431,66.768295
21.870554,1.7376195,109.24797,57.92683
21.514936,1.4986047,105.18293,67.37805
22.93741,1.7376195,96.03658,61.890244
23.29303,1.7376195,89.939026,43.66134
25.96017,1.5088615,90.44715,43.311367
32.468147,1.7376195,122.45935,68.29269
32.36131,1.7376195,120.93496,64.32927
31.472263,1.7376195,113.31301,60.060974
32.11609,1.7376195,97.05285,63.414635
32.55666,1.3032146,112.296745,43.874935
31.29445,1.3032146,118.39431,64.32927
29.51636,1.520417,100.10162,56.40244
29.338549,1.4961455,82.31707,42.97005
28.449503,1.5109609,92.479675,63.414635
28.271692,1.7376195,106.19919,68.597565
28.093884,1.7376195,138.21138,86.89024
28.982931,2.1720243,207.31708,110.97561
31.827883,1.3693938,217.47968,136.28049
35.866085,1.3700094,211.89024,131.70732
33.822697,1.7376195,206.30081,122.86585
27.027027,1.5208849,206.80894,98.78049
32.485504,1.7376195,153.45529,89.939026
24.182077,1.7376195,142.27643,43.31133
22.759602,1.4881064,116.361786,43.381767
22.226173,1.7376195,97.05285,69.20731
32.552013,1.534743,95.52846,70.42683
21.692745,1.7376195,104.633736,60.67073
32.344063,1.510337,97.05285,58.23171
25.248934,1.5211253,97.560974,69.20731
33.605976,1.7376195,114.32927,43.71193
31.65007,1.7376195,104.166664,42.63288
31.29445,1.7376195,99.085365,57.012196
29.51636,1.4922242,105.81844,66.15854
30.049788,1.520417,103.150406,63.719513
30.227596,1.3032146,123.47561,68.902435
31.472263,1.7376195,109.756096,58.841465
30.583216,1.7376195,106.07836,53.963413
32.33091,1.7376195,96.544716,68.29269
27.027027,1.5336912,102.64227,66.768295
27.738264,1.7376195,133.63821,43.35676
28.80512,2.1720243,204.77643,105.79269
35.558598,1.7376195,123.64051,123.17073
32.1835,1.7376195,114.56947,113.414635
31.116644,1.7376195,221.03659,44.52512
32.480736,1.7376195,202.7439,103.65854
26.493599,1.7376195,161.07724,90.243904
32.090103,1.7376195,106.51507,75.30488
32.161892,1.5182507,127.032524,67.98781
21.692745,1.5322598,108.73984,63.414635
32.401623,1.7376195,103.65854,69.51219
22.226173,1.7376195,100.10162,63.719513
22.226173,1.5201361,86.38211,68.29269
25.426743,1.7376195,87.39838,64.02439
33.605976,1.7376195,112.80488,74.39024
32.207836,1.7376195,116.86992,43.784214
31.116644,1.5040224,106.70731,65.85366
32.233986,1.520417,97.560974,57.621952
31.65007,1.520417,111.28049,54.878048
29.338549,1.482299,105.0123,61.280487
32.629288,1.4968915,106.70731,53.353657
28.627312,1.520417,104.472115,53.963413
27.204836,1.5162419,94.51219,43.454704
32.568405,1.7376195,111.28049,61.585365
27.204836,1.5165799,132.62195,78.96342
28.80512,2.606429,191.05692,105.18293
31.116644,1.529854,226.11789,118.902435
32.1835,1.7376195,214.93903,101.21951
30.049788,1.7376195,104.774155,43.370842
27.027027,1.7376195,190.54878,105.79269
25.604551,1.7376195,144.81708,81.097565
23.826458,1.7376195,149.89838,69.81707
21.692745,1.7376195,104.8288,65.85366
21.692745,1.7376195,104.6748,43.039955
21.159317,1.498332,100.10162,66.46342
21.870554,1.7376195,99.5935,61.585365
21.870554,1.7376195,97.05285,59.146343
32.237934,1.7376195,96.544716,67.37805
33.072548,1.7376195,113.82114,74.39024
31.827883,1.7376195,108.231705,61.890244
30.583216,1.954822,108.231705,52.43903
28.80512,1.7376195,104.6748,52.743904
28.271692,1.7376195,108.231705,64.02439
28.982931,1.5059208,104.35145,57.621952
28.80512,1.5311546,101.626015,53.353657
28.627312,1.520417,89.43089,54.57317
27.382647,1.520417,92.98781,58.23171
26.493599,1.7376195,114.837395,43.434357
27.204836,1.7376195,140.75203,74.69512
29.338549,1.520417,109.169136,90.85366
32.36131,1.5146606,207.31708,110.97561
31.65007,1.954822,213.92276,116.768295
30.227596,1.7376195,218.49594,107.01219
32.372192,1.7376195,184.45122,98.47561
26.671408,1.7376195,157.01219,91.15854
24.004267,1.7376195,133.63821,44.33856
32.63454,1.4721649,117.37805,43.336033
21.692745,1.7376195,103.52191,43.605556
21.159317,1.7376195,100.60976,42.790726
32.332573,1.7376195,90.44715,58.536587
22.226173,1.7376195,103.68517,59.451218
24.537695,1.7376195,92.98781,64.63415
33.605976,1.7376195,111.28049,43.236107
33.072548,1.5019759,108.73984,59.451218
32.36131,0.86880976,112.80488,43.40477
31.472263,1.3032146,94.00407,48.780487
32.099785,1.3032146,108.231705,59.146343
29.338549,1.3032146,124.49187,51.82927
32.291214,1.7376195,103.51967,47.560974
28.449503,1.7376195,100.60976,47.256096
27.382647,1.5054674,108.231705,55.487804
26.31579,1.7376195,107.21545,58.23171
32.675262,1.520417,142.27643,65.54878
28.093884,2.1720243,182.92683,81.097565
28.982931,1.7376195,201.21951,102.439026
30.049788,2.8236315,213.41463,90.54878
32.441795,1.7376195,197.15446,44.559612
26.31579,1.7376195,176.32114,84.756096
32.58364,1.4825588,154.47154,43.43374
32.214733,1.7376195,106.545074,82.62194
32.011562,1.5364892,105.18293,72.560974
32.372147,1.7376195,94.00407,61.280487
21.514936,1.7376195,82.31707,43.247627
32.445927,1.5441186,78.25203,55.182926
21.337126,2.1720243,105.71403,59.756096
32.064293,1.529967,82.8252,42.905277
32.504692,1.7376195,78.25203,61.280487
28.627312,2.1720243,86.38211,56.40244
33.428165,3.040834,132.11382,44.1894
33.072548,1.954822,141.7683,43.887985
32.199467,1.4670976,158.02846,57.317074
33.428165,1.7376195,170.7317,56.707317
32.716927,1.7376195,128.55692,43.05642
31.65007,1.7376195,123.98374,49.695118
32.618015,1.7376195,135.1626,55.182926
30.761023,1.7376195,128.55692,53.658535
29.694168,1.954822,153.96341,64.63415
30.583216,1.7376195,207.31708,44.128353
31.827883,1.4767864,210.36586,84.756096
29.51636,1.7376195,207.31708,90.243904
32.06567,1.5194936,174.28862,92.98781
27.027027,1.7376195,161.58537,93.29269
25.96017,1.7376195,107.36867,78.04878
32.28304,1.5241001,142.78455,75.60976
22.93741,3.475239,106.80894,71.03659
22.048365,1.7376195,109.24797,64.939026
32.320602,1.520417,98.57723,42.610622
21.870554,1.5428836,82.31707,62.5
21.514936,1.7376195,81.808945,57.92683
22.581793,1.7376195,78.25203,70.731705
32.416874,1.7376195,86.38211,42.59537
27.738264,1.5318257,94.51219,52.134148
32.894737,1.7376195,113.31301,54.878048
33.428165,1.7376195,142.78455,58.536587
34.495018,1.7376195,158.53659,61.280487
34.672832,1.7376195,159.55284,44.317314
32.223587,1.7376195,125.0,59.451218
31.65007,1.7376195,105.691055,65.54878
32.26902,1.4920809,98.57723,55.182926
27.916075,1.7376195,92.479675,56.707317
29.16074,1.7376195,131.09756,61.280487
28.982931,1.4371133,179.87805,43.84213
30.761023,1.954822,195.12195,100.30488
30.761023,1.7376195,204.77643,92.37805
28.982931,1.7376195,198.17073,99.085365
25.96017,1.7376195,171.74797,78.04878
25.071123,1.7376195,138.21138,80.48781
23.470839,1.7376195,126.52439,67.68293
21.870554,1.7376195,101.11789,59.451218
21.337126,1.7376195,92.479675,55.182926
20.981508,1.520417,85.873985,59.451218
21.337126,1.7376195,85.873985,57.621952
21.514936,1.7376195,78.25203,56.40244
32.12448,1.5304863,85.873985,52.134148
32.005688,1.7376195,106.19919,63.719513
33.78378,1.7376195,106.21803,51.52439
32.41726,1.7376195,88.92277,50.30488
31.116644,1.5025259,75.71138,48.17073
30.227596,1.5215535,85.36585,57.621952
29.51636,1.3032146,105.24467,64.02439
32.151337,1.520417,90.955284,56.09756
28.80512,1.3032146,79.77642,60.67073
32.228794,1.5049622,91.97154,63.719513
27.382647,1.7376195,106.69312,69.20731
32.67068,1.7376195,118.39431,43.415306
28.449503,2.1720243,176.32114,92.68293
30.583216,1.7376195,206.80894,107.62195
31.29445,1.7376195,109.48777,88.414635
28.80512,1.7376195,206.80894,95.42683
26.849218,1.7376195,180.38618,78.96342
32.349556,1.7376195,165.6504,74.69512
23.470839,1.509854,132.62195,71.34146
21.692745,1.7376195,106.86408,70.42683
32.09687,1.7376195,93.49593,61.585365
21.159317,1.5485106,90.44715,66.15854
21.692745,1.7376195,96.03658,60.97561
21.692745,1.7376195,85.873985,58.841465
25.248934,1.7376195,82.31707,43.05157
32.1835,1.7376195,107.924644,72.256096
32.005688,1.7376195,105.04157,59.146343
31.472263,1.7376195,88.414635,57.621952
30.405403,1.520417,96.03658,50.914635
28.449503,1.5144577,110.772354,60.060974
28.271692,1.3032146,123.47561,42.961224
28.271692,1.7376195,114.837395,53.963413
28.449503,1.7376195,101.11789,54.878048
32.34658,1.7376195,110.772354,59.451218
26.13798,1.7376195,104.6748,60.67073
26.849218,1.7376195,123.98374,43.260128
27.916075,1.5163957,178.86179,93.90243
33.81812,1.7376195,114.70504,113.10976
34.541046,1.7376195,229.16667,123.78049
29.16074,1.7376195,197.15446,94.81707
26.849218,1.7376195,176.32114,92.07317
25.782362,1.7376195,148.88211,91.15854
23.826458,1.7376195,128.04878,77.439026
22.048365,1.5053493,113.31301,44.029144
21.514936,1.520417,91.97154,55.487804
21.337126,1.7376195,84.85773,43.463596
21.514936,1.7376195,81.30081,43.131454
32.11605,1.4954994,105.31062,64.939026
24.359886,1.7376195,105.58429,63.414635
29.694168,1.7376195,105.94881,66.15854
32.503468,1.5161175,102.64227,61.585365
32.894737,1.7376195,98.06911,65.243904
30.761023,1.520417,90.44715,51.219513
29.871977,1.520417,109.756096,43.580914
29.871977,1.520417,106.80954,67.98781
29.694168,1.53098,115.34553,59.451218
29.338549,1.5105637,98.57723,58.841465
28.449503,1.520417,113.82114,43.2068
27.560455,1.4945879,121.95122,68.902435
32.4619,2.1720243,152.94716,81.70731
28.80512,2.606429,218.49594,45.70985
34.056293,1.7376195,250.50813,117.68293
30.227596,1.7376195,241.36179,111.89024
28.449503,1.7376195,202.23578,86.28049
26.31579,1.7376195,189.02438,80.48781
25.426743,1.7376195,157.52032,78.65854
32.235462,1.7376195,129.57317,71.95122
22.226173,1.4998636,115.34553,43.903038
21.692745,1.7376195,102.64227,58.841465
21.337126,1.7376195,97.05285,67.07317
21.692745,1.7376195,94.51219,62.19512
32.542316,1.7376195,104.33379,58.841465
32.28729,1.7376195,84.85773,65.243904
29.338549,1.5102118,106.91811,64.32927
32.894737,1.7376195,100.10162,56.09756
30.227596,1.954822,104.468124,53.658535
29.871977,1.7376195,94.51219,52.743904
29.694168,1.7376195,103.65854,56.09756
32.14622,1.7376195,138.21138,69.51219
28.449503,1.7376195,116.86992,55.487804
27.560455,1.520417,104.341545,53.353657
26.849218,1.520417,123.47561,61.890244
26.493599,1.7376195,116.86992,70.731705
27.382647,1.7376195,150.91463,43.98439
28.093884,1.520417,191.56505,98.17073
29.694168,1.7376195,230.69106,107.62195
29.871977,1.954822,223.0691,103.96342
28.093884,1.7376195,216.97154,94.51219
26.493599,1.7376195,186.99187,92.37805
25.248934,1.5206455,107.421036,95.731705
24.004267,1.7376195,124.49187,84.45122
22.048365,1.5381609,107.72358,68.29269
21.337126,1.4929746,99.5935,43.16774
20.803698,1.7376195,86.89024,70.12195
21.159317,1.7376195,90.955284,66.46342
21.514936,1.7376195,88.92277,64.63415
23.826458,1.5266545,92.479675,67.98781
29.338549,1.7376195,114.32927,67.37805
34.672832,1.5351126,97.560974,60.97561
33.961594,0.86880976,93.49593,55.487804
33.072548,1.3032146,95.020325,57.92683
31.116644,1.3032146,102.64227,54.26829
31.29445,1.3032146,122.45935,43.994556
30.049788,1.7376195,102.64227,43.292683
28.982931,1.4911448,102.13415,37.19512
28.093884,1.4952091,104.6748,42.07317
32.630344,1.7376195,112.80488,52.134148
28.093884,1.4802077,153.96341,64.63415
28.449503,2.1720243,208.84146,80.18293
28.982931,1.4751195,233.73984,102.439026
29.51636,2.8236315,231.19919,94.51219
27.738264,1.7376195,104.93588,43.766586
25.96017,1.7376195,209.3496,89.02439
25.071123,1.7376195,103.65895,43.45389
24.004267,1.7376195,173.78049,74.39024
22.226173,1.7376195,139.22765,66.15854
21.692745,1.7376195,120.93496,60.67073
21.159317,1.4920961,103.99524,65.54878
21.692745,1.4879738,106.19919,61.280487
21.337126,2.1720243,96.03658,53.353657
22.048365,1.7376195,89.43089,56.09756
23.826458,1.7376195,96.544716,57.012196
32.461983,2.1720243,112.296745,55.487804
32.36131,1.5042398,119.9187,60.060974
32.53912,1.954822,135.67073,61.280487
32.71031,1.7376195,149.89838,59.451218
33.25035,1.7376195,171.23984,44.334232
31.472263,1.7376195,154.47154,54.26829
31.29445,1.4934416,150.91463,56.707317
31.116644,1.7376195,151.9309,58.536587
28.80512,1.7376195,105.906166,53.658535
28.627312,1.4486076,178.86179,44.387417
29.16074,1.7376195,213.41463,84.14634
32.486683,1.7376195,109.12791,98.17073
28.093884,1.7376195,241.36179,94.81707
27.560455,1.4785752,240.34554,91.15854
26.13798,1.7376195,107.02206,81.402435
25.426743,1.7376195,204.2683,74.39024
24.359886,1.478813,166.66667,66.15854
22.226173,3.475239,139.73578,43.797516
21.692745,1.7376195,116.361786,67.37805
20.981508,1.520417,110.26423,56.09756
21.514936,1.5287883,101.626015,58.841465
21.514936,1.7376195,102.98391,52.743904
22.226173,1.5096976,91.97154,54.878048
22.93741,1.7376195,99.085365,58.536587
26.671408,1.7376195,104.94146,52.43903
33.072548,1.7376195,121.44309,49.390244
33.428165,1.7376195,152.94716,51.52439
33.25035,1.7376195,174.79675,56.707317
34.31721,1.7376195,215.44716,69.51219
33.072548,1.7376195,173.78049,70.42683
31.116644,1.7376195,153.96341,55.487804
29.871977,1.520417,125.0,55.792683
32.21742,1.7376195,120.42683,42.99565
28.093884,1.7376195,137.19513,56.09756
32.172577,1.7376195,104.82896,43.45473
32.427742,1.954822,197.6626,99.085365
29.694168,1.480624,223.0691,84.756096
31.99938,1.7376195,109.087685,91.15854
26.13798,1.7376195,190.54878,87.19512
25.426743,1.7376195,108.49101,90.243904
24.004267,1.7376195,103.01151,43.062603
22.581793,1.7376195,103.54599,44.0086
22.048365,1.7376195,115.34553,53.048782
21.514936,1.520417,105.18293,42.93963
21.692745,1.5187796,99.085365,43.352734
21.870554,1.7376195,91.46342,54.57317
23.470839,1.7376195,89.43089,43.010254
27.027027,1.7376195,123.47561,56.09756
32.005688,1.7376195,111.28049,53.963413
32.1835,1.7376195,117.37805,62.5
32.405106,1.7376195,106.26621,58.841465
32.15711,1.3032146,155.99594,69.81707
32.229187,1.3032146,175.30487,79.57317
28.80512,1.520417,130.58943,70.42683
29.16074,1.3032146,129.06505,69.20731
27.204836,1.520417,129.57317,76.5244
32.69447,1.7376195,129.57317,43.508762
26.671408,1.7376195,157.01219,74.69512
28.093884,2.1720243,192.07317,82.92683
28.627312,1.7376195,240.34554,90.85366
28.449503,1.7376195,109.721115,98.17073
32.549026,1.4704453,227.13414,92.98781
26.31579,1.7376195,203.76016,94.20731
25.426743,1.4897994,176.32114,89.63415
32.45008,1.4886543,166.15854,84.756096
22.759602,1.7376195,142.27643,76.5244
32.255966,1.7376195,128.04878,67.37805
20.981508,1.4939556,111.28049,71.95122
21.514936,1.4870019,103.65854,61.585365
21.159317,1.7376195,105.708435,64.32927
22.048365,1.5033937,100.10162,64.939026
24.182077,1.473533,105.60704,59.451218
27.560455,1.7376195,101.11789,56.09756
32.388603,1.7376195,119.9187,59.451218
32.53912,1.520417,158.02846,73.47561
32.19992,1.520417,180.38618,75.60976
31.472263,1.3032146,206.80894,77.439026
31.116644,1.4876864,106.57602,70.42683
30.405403,1.7376195,104.87193,43.874966
32.005688,1.7376195,184.45122,43.908726
32.242825,1.7376195,164.63414,70.731705
32.716927,1.7376195,176.82927,71.34146
32.53912,2.1720243,199.69513,90.243904
32.005688,1.7376195,192.07317,104.268295
28.271692,1.7376195,110.00488,100.0
26.671408,1.5050539,107.04225,86.28049
32.188095,1.7376195,107.38878,93.90243
25.96017,1.553182,108.69145,93.29269
25.071123,0.43440488,153.96341,82.92683
24.537695,1.4795346,145.83333,73.78049
23.64865,0.0,142.27643,72.256096
21.692745,1.5417929,112.80488,72.86585
21.870554,1.5130835,99.085365,64.02439
21.692745,0.0,85.873985,66.768295
32.899002,0.0,118.51282,44.99739
22.048365,0.0,74.18699,58.536587
23.826458,0.0,62.5,46.27781
27.027027,0.0,79.77642,54.57317
33.00083,0.0,111.28049,57.92683
32.361675,1.521929,105.57823,73.17073
38.05121,0.0,174.28862,67.98781
33.605976,0.0,143.80081,43.619972
29.338549,0.0,123.98374,54.878048
28.982931,0.0,109.24797,55.792683
27.738264,1.5132693,114.837395,60.060974
26.671408,0.0,144.81708,59.756096
26.671408,1.514561,148.37398,83.53658
27.382647,0.0,139.53632,83.53658
27.382647,0.0,187.5,79.268295
27.204836,0.0,198.67886,85.67073
26.493599,0.0,190.04065,96.03658
25.96017,1.4567244,103.763054,43.49841
24.537695,1.3032146,154.47154,43.862415
32.524097,1.7376195,129.06505,70.731705
21.692745,1.7376195,114.837395,64.32927
21.159317,1.4885911,105.902084,66.46342
21.514936,1.7376195,113.82114,42.986706
21.159317,1.7376195,103.150406,55.182926
22.403982,1.7376195,101.626015,60.97561
25.248934,1.7376195,105.315346,63.109756
28.093884,1.7376195,110.26423,57.92683
32.005688,1.5025741,112.296745,59.756096
32.212593,1.7376195,131.6057,65.243904
31.472263,1.7376195,106.26811,62.80488
32.1835,1.4865863,188.51627,66.46342
32.622673,1.7376195,155.48781,62.80488
31.827883,1.4643247,138.21138,43.951927
29.51636,1.520417,105.379105,43.60073
32.15632,1.7376195,148.37398,73.78049
27.738264,1.5402997,106.83881,80.18293
28.449503,1.4953519,190.04065,100.0
28.982931,1.7376195,110.33612,110.060974
29.871977,1.954822,104.391495,43.412193
32.291954,1.7376195,110.17923,100.914635
26.671408,1.7376195,208.33333,87.19512
32.416245,1.7376195,181.40244,44.303524
24.182077,1.7376195,165.6504,79.57317
22.226173,1.7376195,106.090355,66.15854
21.692745,1.7376195,118.39431,60.060974
20.803698,1.7376195,106.70731,62.80488
21.337126,1.7376195,105.691055,55.487804
21.337126,1.5086856,101.11789,54.878048
22.226173,1.7376195,102.64227,61.280487
26.13798,1.7376195,114.837395,43.338093
30.405403,1.7376195,107.72358,55.487804
30.938831,0.86880976,110.772354,60.97561
31.472263,1.5082208,114.837395,67.37805
31.827883,1.3032146,150.40651,56.40244
31.116644,1.3032146,155.99594,63.719513
30.761023,1.7376195,152.43903,43.454514
30.405403,1.7376195,150.91463,53.353657
27.916075,1.7376195,141.26016,62.19512
27.382647,1.7376195,105.967865,76.5244
27.382647,1.520417,170.7317,87.5
32.333214,1.4369823,228.65854,45.609764
28.80512,1.7376195,110.038734,110.36585
29.16074,1.4784566,241.36179,101.52439
32.590862,1.4869919,226.62602,98.78049
32.07337,1.7376195,108.08043,102.743904
24.893314,1.7376195,193.08943,90.54878
24.182077,1.5281807,161.58537,86.585365
22.403982,1.7376195,135.1626,44.23103
21.870554,1.7376195,111.78862,68.597565
20.981508,1.7376195,104.6748,67.07317
21.692745,1.7376195,104.6748,56.40244
32.569027,2.1720243,93.49593,53.963413
22.048365,1.7376195,91.97154,62.80488
32.5403,1.7376195,94.51219,55.792683
26.31579,2.1720243,93.49593,42.717346
30.583216,3.040834,103.65854,51.219513
31.827883,1.954822,106.027374,58.841465
32.77074,1.4479373,191.56505,61.585365
33.072548,1.7376195,184.45122,60.67073
32.005688,1.5009782,104.02592,43.47644
31.472263,1.7376195,150.40651,63.719513
32.333122,1.4552572,172.76422,66.46342
28.449503,1.7376195,162.09349,62.5
32.20405,1.954822,193.08943,72.86585
28.627312,1.7376195,227.64227,79.87805
28.627312,1.7376195,109.921165,95.42683
29.16074,1.7376195,212.90651,92.98781
32.43272,1.7376195,207.31708,89.02439
32.486362,1.7376195,175.813,82.62194
25.426743,1.7376195,103.584335,43.735794
24.182077,1.7376195,106.14312,79.87805
22.048365,3.475239,155.48781,66.768295
21.692745,1.7376195,125.0,77.743904
20.981508,1.520417,119.41057,43.32048
32.13064,1.520417,105.691055,58.536587
21.159317,1.7376195,104.11077,43.396404
22.048365,1.7376195,95.52846,58.841465
22.581793,1.4747359,104.14149,43.73853
24.893314,1.7376195,95.020325,48.17073
30.227596,1.7376195,109.24797,56.09756
32.46135,1.7376195,134.14635,50.914635
32.894737,1.7376195,192.07317,60.97561
32.651375,1.7376195,217.98781,45.58998
33.072548,1.4594446,168.19106,62.80488
31.827883,1.7376195,131.09756,62.19512
30.049788,1.520417,104.425186,58.841465
27.916075,1.7376195,117.37805,52.743904
27.738264,1.7376195,150.91463,64.02439
28.627312,1.7376195,173.78049,89.32927
28.627312,1.954822,186.48373,100.60976
29.338549,1.7376195,108.97922,93.90243
27.916075,1.7376195,193.08943,44.45265
25.96017,1.5071179,194.1057,91.15854
25.071123,1.7376195,106.598694,87.19512
24.537695,1.7376195,147.35773,73.17073
22.226173,1.7376195,102.54004,44.116608
21.870554,1.7376195,105.691055,57.012196
21.159317,1.4883201,101.11789,61.890244
21.337126,1.7376195,102.41099,44.28619
21.337126,1.7376195,106.05137,60.97561
22.759602,1.7376195,89.43089,65.54878
26.13798,1.7376195,103.150406,67.37805
30.227596,1.7376195,104.166664,57.92683
31.29445,1.488914,105.18293,43.05586
32.18068,1.7376195,103.65854,61.890244
31.65007,1.3032146,139.22765,72.560974
31.472263,1.3032146,158.53659,70.731705
30.761023,1.520417,158.02846,56.707317
29.51636,1.3032146,145.83333,62.5
28.271692,1.520417,153.45529,55.182926
26.493599,1.7376195,156.50406,61.585365
26.31579,1.7376195,179.36992,69.20731
27.027027,2.1720243,211.89024,90.243904
28.982931,1.7376195,109.40008,100.60976
29.338549,1.7376195,217.47968,100.0
28.271692,1.7376195,245.93495,102.13415
32.195965,1.7376195,228.1504,99.390236
25.426743,1.7376195,197.6626,91.15854
32.31288,1.7376195,160.5691,74.39024
22.403982,1.7376195,133.63821,43.585613
22.048365,1.7376195,118.39431,64.939026
21.337126,1.7376195,110.772354,68.902435
21.337126,1.4966092,103.71255,61.585365
21.159317,1.7376195,104.01434,61.280487
22.226173,1.7376195,104.11109,43.882088
24.893314,1.7376195,105.691055,69.20731
27.560455,1.7376195,101.626015,53.353657
28.80512,1.5121617,104.74132,58.841465
32.284714,1.520417,113.82114,66.768295
32.53912,1.5380672,143.29268,72.86585
32.1835,1.3032146,162.60162,67.37805
32.35897,1.7376195,146.8496,56.09756
32.005688,1.7376195,164.12602,59.146343
30.227596,1.4955026,104.71262,64.32927
29.51636,1.7376195,165.14227,67.07317
32.005688,1.7376195,157.52032,76.21951
32.53912,2.1720243,190.54878,44.083786
32.1835,1.7376195,175.30487,100.914635
29.338549,1.4810152,105.379265,44.01109
27.027027,1.7376195,142.27643,43.794033
25.604551,1.7376195,108.53728,85.36585
25.426743,1.7376195,143.29268,80.18293
