2013-01-01 00,22.9374110953058,2.823631624674195,138.21138211382126,62.19512195121955
2013-01-01 01,23.648648648648624,2.60642919200695,130.58943089430875,57.62195121951223
2013-01-01 02,24.00426742532005,2.60642919200695,128.5569105691055,52.7439024390244
2013-01-01 03,22.9374110953058,2.60642919200695,107.21544715447176,48.47560975609755
2013-01-01 04,22.5817923186344,2.60642919200695,100.6097560975612,50.30487804878047
2013-01-01 05,22.5817923186344,2.60642919200695,81.30081300813008,44.20731707317072
2013-01-01 06,22.4039829302987,2.60642919200695,82.3170731707317,49.08536585365855
2013-01-01 07,22.5817923186344,2.60642919200695,75.20325203252035,40.85365853658535
2013-01-01 08,23.1152204836415,2.60642919200695,73.17073170731707,30.1829268292683
2013-01-01 09,25.07112375533428,3.0408340573414425,89.93902439024387,27.4390243902439
2013-01-01 10,29.6941678520626,3.47523892267593,94.0040650406504,33.23170731707317
2013-01-01 11,34.85064011379802,3.47523892267593,112.29674796747987,47.2560975609756
2013-01-01 12,38.5846372688478,3.47523892267593,129.57317073170748,46.6463414634146
2013-01-01 13,35.91749644381225,3.6924413553431776,120.42682926829264,41.7682926829268
2013-01-01 14,30.761024182076824,4.34404865334492,96.54471544715445,35.36585365853655
2013-01-01 15,28.09388335704125,4.34404865334492,91.46341463414636,37.49999999999998
2013-01-01 16,26.6714082503556,4.34404865334492,89.43089430894307,38.71951219512195
2013-01-01 17,25.7823613086771,3.6924413553431776,98.57723577235764,52.7439024390244
2013-01-01 18,26.4935988620199,3.6924413553431776,131.0975609756095,55.182926829268325
2013-01-01 19,26.4935988620199,4.12684622067767,156.5040650406505,64.63414634146342
2013-01-01 20,27.382645803698423,4.34404865334492,191.5650406504065,78.35365853658536
2013-01-01 21,26.6714082503556,4.34404865334492,174.28861788617877,85.97560975609755
2013-01-01 22,25.0711237553343,4.561251086012165,175.30487804878075,77.4390243902439
2013-01-01 23,24.182076813655776,3.6924413553431776,153.4552845528455,71.95121951219512
2013-01-02 00,23.1152204836415,3.47523892267593,116.869918699187,60.0609756097561
2013-01-02 01,22.5817923186344,3.47523892267593,107.72357723577224,50.91463414634148
2013-01-02 02,22.5817923186344,3.47523892267593,102.13414634146342,48.78048780487802
2013-01-02 03,22.226173541963,3.47523892267593,87.90650406504065,52.43902439024393
2013-01-02 04,22.4039829302987,3.47523892267593,80.28455284552845,46.34146341463415
2013-01-02 05,22.226173541963,3.47523892267593,72.15447154471548,46.95121951219512
2013-01-02 06,22.9374110953058,3.47523892267593,80.79268292682927,51.21951219512198
2013-01-02 07,25.24893314367,3.47523892267593,96.54471544715445,49.39024390243903
2013-01-02 08,29.16073968705545,3.258036490008685,99.08536585365864,42.98780487804878
2013-01-02 09,30.405405405405403,3.47523892267593,101.11788617886164,47.56097560975607
2013-01-02 10,32.005689900426724,3.9096437880104222,98.0691056910568,60.975609756097576
2013-01-02 11,32.00568990042675,3.47523892267593,98.57723577235772,56.70731707317075
2013-01-02 12,32.71692745376957,3.47523892267593,101.11788617886188,58.53658536585365
2013-01-02 13,31.4722617354196,4.126846220677672,98.57723577235792,54.26829268292683
2013-01-02 14,31.472261735419625,4.34404865334492,89.43089430894307,56.097560975609774
2013-01-02 15,28.27169274537697,4.34404865334492,102.13414634146343,60.975609756097576
2013-01-02 16,27.2048364153627,3.909643788010425,109.7560975609756,59.75609756097563
2013-01-02 17,26.8492176386913,4.126846220677672,125.00000000000024,68.59756097560978
2013-01-02 18,28.627311522048352,4.34404865334492,185.467479674797,81.7073170731707
2013-01-02 19,30.4054054054054,4.34404865334492,233.7398373983737,82.6219512195122
2013-01-02 20,32.89473684210525,5.864465682015637,221.54471544715423,81.40243902439025
2013-01-02 21,28.9829302987198,4.34404865334492,244.918699186992,75.91463414634146
2013-01-02 22,26.137980085348502,4.34404865334492,198.67886178861772,72.5609756097561
2013-01-02 23,24.715504978662874,3.47523892267593,159.0447154471545,71.34146341463415
2013-01-03 00,23.470839260312925,3.47523892267593,122.45934959349574,68.29268292682927
2013-01-03 01,22.7596017069701,3.47523892267593,101.62601626016264,58.84146341463415
2013-01-03 02,22.226173541963,3.47523892267593,108.73983739837377,51.21951219512195
2013-01-03 03,21.692745376955894,3.47523892267593,85.36585365853658,53.65853658536585
2013-01-03 04,22.226173541963,3.47523892267593,81.8089430894309,49.39024390243903
2013-01-03 05,22.5817923186344,3.47523892267593,82.82520325203252,50.0
2013-01-03 06,23.82645803698435,3.47523892267593,85.36585365853671,53.65853658536588
2013-01-03 07,31.82788051209105,3.47523892267593,99.5934959349593,58.2317073170732
2013-01-03 08,32.894736842105274,4.344048653344918,97.56097560975608,49.69512195121953
2013-01-03 09,28.805120910384097,4.34404865334492,111.788617886179,49.99999999999997
2013-01-03 10,28.805120910384097,4.34404865334492,102.6422764227643,54.57317073170735
2013-01-03 11,28.44950213371265,4.34404865334492,84.34959349593495,54.87804878048785
2013-01-03 12,28.449502133712677,4.34404865334492,89.9390243902439,58.2317073170732
2013-01-03 13,28.80512091038408,4.34404865334492,90.9552845528455,54.87804878048785
2013-01-03 14,28.27169274537697,4.34404865334492,81.30081300813008,49.39024390243903
2013-01-03 15,26.4935988620199,4.34404865334492,90.4471544715447,53.048780487804905
2013-01-03 16,25.9601706970128,4.34404865334492,101.6260162601626,51.829268292682926
2013-01-03 17,25.6045519203414,4.7784535186794095,120.9349593495935,60.975609756097576
2013-01-03 18,27.2048364153627,4.34404865334492,158.02845528455276,80.48780487804878
2013-01-03 19,30.049786628734,4.34404865334492,207.3170731707315,86.28048780487805
2013-01-03 20,32.53911806543385,4.561251086012165,223.06910569105676,83.23170731707316
2013-01-03 21,28.982930298719776,4.34404865334492,191.56504065040625,93.90243902439022
2013-01-03 22,25.9601706970128,3.909643788010425,197.1544715447155,84.45121951219511
2013-01-03 23,24.00426742532008,3.47523892267593,133.130081300813,79.8780487804878
2013-01-04 00,22.9374110953058,3.47523892267593,101.6260162601626,75.60975609756098
2013-01-04 01,22.9374110953058,3.47523892267593,88.41463414634146,64.63414634146342
2013-01-04 02,22.9374110953058,3.47523892267593,85.87398373983737,54.87804878048783
2013-01-04 03,22.226173541963,3.47523892267593,73.6788617886179,46.951219512195095
2013-01-04 04,22.226173541963,3.47523892267593,65.04065040650404,44.81707317073168
2013-01-04 05,22.4039829302987,3.47523892267593,72.15447154471545,44.81707317073168
2013-01-04 06,23.293029871977225,3.47523892267593,68.08943089430895,44.2073170731707
2013-01-04 07,32.005689900426724,3.47523892267593,104.16666666666671,53.65853658536585
2013-01-04 08,34.49502133712657,3.909643788010425,99.08536585365847,47.86585365853657
2013-01-04 09,30.5832147937411,4.34404865334492,95.52845528455288,52.13414634146343
2013-01-04 10,30.7610241820768,4.12684622067767,86.890243902439,60.06097560975613
2013-01-04 11,30.2275960170697,3.47523892267593,75.2032520325203,56.70731707317078
2013-01-04 12,28.80512091038408,3.47523892267593,76.21951219512195,57.317073170731724
2013-01-04 13,29.3385490753912,4.126846220677672,90.44715447154476,53.3536585365854
2013-01-04 14,27.738264580369822,4.34404865334492,78.76016260162602,46.6463414634146
2013-01-04 15,26.4935988620199,4.34404865334492,85.87398373983737,42.98780487804875
2013-01-04 16,26.3157894736842,4.34404865334492,92.98780487804878,41.15853658536585
2013-01-04 17,26.6714082503556,4.34404865334492,130.081300813008,61.89024390243905
2013-01-04 18,27.73826458036985,4.561251086012165,192.07317073170725,80.79268292682929
2013-01-04 19,28.805120910384097,4.561251086012165,201.7276422764225,90.85365853658536
2013-01-04 20,30.2275960170697,5.430060816681145,201.21951219512172,84.45121951219511
2013-01-04 21,28.449502133712677,5.2128583840139,190.040650406504,71.03658536585368
2013-01-04 22,25.7823613086771,4.344048653344915,198.67886178861772,71.34146341463415
2013-01-04 23,24.359886201991475,3.47523892267593,162.60162601626024,65.85365853658537
2013-01-05 00,22.9374110953058,3.47523892267593,136.178861788618,60.975609756097576
2013-01-05 01,23.1152204836415,3.47523892267593,109.75609756097548,56.097560975609774
2013-01-05 02,22.226173541963,3.47523892267593,90.4471544715447,50.3048780487805
2013-01-05 03,22.0483641536273,3.47523892267593,84.34959349593495,56.09756097560978
2013-01-05 04,22.4039829302987,3.47523892267593,76.72764227642276,47.86585365853655
2013-01-05 05,22.5817923186344,3.47523892267593,76.72764227642276,46.036585365853625
2013-01-05 06,22.7596017069701,3.47523892267593,79.26829268292683,56.70731707317075
2013-01-05 07,23.293029871977225,3.6924413553431776,83.33333333333331,52.74390243902442
2013-01-05 08,25.7823613086771,3.9096437880104222,96.54471544715436,51.52439024390248
2013-01-05 09,29.33854907539117,4.995655951346655,110.26422764227624,53.35365853658538
2013-01-05 10,34.6728307254623,4.34404865334492,123.98373983739825,54.57317073170735
2013-01-05 11,34.850640113798,4.34404865334492,123.98373983739825,56.097560975609774
2013-01-05 12,38.40682788051208,4.34404865334492,117.378048780488,61.58536585365855
2013-01-05 13,35.73968705547652,4.34404865334492,122.45934959349574,50.60975609756101
2013-01-05 14,35.028449502133725,4.34404865334492,115.85365853658531,66.15853658536585
2013-01-05 15,31.29445234708393,4.126846220677672,127.0325203252035,69.20731707317071
2013-01-05 16,29.516358463726903,4.34404865334492,122.96747967479676,67.37804878048783
2013-01-05 17,28.09388335704125,4.34404865334492,129.0650406504065,79.8780487804878
2013-01-05 18,28.6273115220484,4.561251086012165,182.9268292682925,96.95121951219512
2013-01-05 19,28.627311522048373,4.7784535186794095,189.02439024390225,86.89024390243901
2013-01-05 20,29.6941678520626,4.561251086012165,178.861788617886,82.01219512195121
2013-01-05 21,27.382645803698427,4.34404865334492,169.20731707317074,80.18292682926827
2013-01-05 22,25.6045519203414,4.34404865334492,153.9634146341465,73.1707317073171
2013-01-05 23,24.359886201991475,3.47523892267593,146.84959349593498,75.60975609756098
2013-01-06 00,23.470839260312925,3.47523892267593,133.13008130081326,65.2439024390244
2013-01-06 01,23.2930298719772,3.47523892267593,119.918699186992,56.70731707317075
2013-01-06 02,22.7596017069701,3.47523892267593,99.59349593495956,51.21951219512195
2013-01-06 03,22.4039829302987,3.47523892267593,93.49593495934955,51.52439024390245
2013-01-06 04,22.226173541963,3.47523892267593,85.8739837398374,54.87804878048783
2013-01-06 05,22.5817923186344,3.47523892267593,82.3170731707317,52.43902439024395
2013-01-06 06,22.5817923186344,3.47523892267593,79.26829268292686,49.39024390243905
2013-01-06 07,22.9374110953058,3.47523892267593,101.1178861788619,59.45121951219515
2013-01-06 08,24.359886201991475,3.9096437880104222,100.1016260162602,45.12195121951218
2013-01-06 09,28.627311522048373,3.909643788010425,106.70731707317084,44.2073170731707
2013-01-06 10,34.672830725462305,4.34404865334492,124.491869918699,51.21951219512198
2013-01-06 11,37.3399715504979,4.34404865334492,163.109756097561,61.58536585365855
2013-01-06 12,38.7624466571835,4.34404865334492,147.3577235772355,67.37804878048783
2013-01-06 13,38.05120910384068,4.34404865334492,103.658536585366,57.62195121951223
2013-01-06 14,33.25035561877668,4.34404865334492,101.62601626016264,50.3048780487805
2013-01-06 15,29.8719772403983,4.34404865334492,90.4471544715447,61.28048780487808
2013-01-06 16,27.3826458036984,4.34404865334492,108.739837398374,59.756097560975626
2013-01-06 17,27.3826458036984,4.34404865334492,125.50813008130076,69.81707317073173
2013-01-06 18,28.09388335704125,4.34404865334492,152.94715447154476,78.35365853658536
2013-01-06 19,29.8719772403983,4.561251086012165,176.82926829268274,74.39024390243902
2013-01-06 20,30.4054054054054,4.7784535186794095,181.40243902439025,85.06097560975607
2013-01-06 21,28.09388335704125,4.561251086012165,172.25609756097526,79.57317073170734
2013-01-06 22,25.9601706970128,3.6924413553431776,164.6341463414635,72.25609756097563
2013-01-06 23,24.359886201991475,3.47523892267593,131.09756097560975,68.90243902439025
2013-01-07 00,23.293029871977225,3.47523892267593,113.31300813008124,59.756097560975626
2013-01-07 01,23.2930298719772,3.47523892267593,92.98780487804882,52.7439024390244
2013-01-07 02,22.4039829302987,3.47523892267593,82.82520325203254,48.170731707317046
2013-01-07 03,22.0483641536273,3.47523892267593,83.84146341463415,55.48780487804883
2013-01-07 04,22.4039829302987,3.47523892267593,76.72764227642276,48.78048780487802
2013-01-07 05,22.4039829302987,3.47523892267593,75.71138211382114,47.2560975609756
2013-01-07 06,24.00426742532005,3.47523892267593,76.72764227642277,51.52439024390242
2013-01-07 07,34.672830725462326,3.47523892267593,96.54471544715446,55.182926829268325
2013-01-07 08,34.49502133712657,3.4752389226759326,91.97154471544718,50.3048780487805
2013-01-07 09,29.5163584637269,2.60642919200695,76.72764227642278,50.91463414634145
2013-01-07 10,30.049786628734,2.823631624674195,84.34959349593495,57.6219512195122
2013-01-07 11,29.6941678520626,3.47523892267593,81.30081300813008,63.41463414634148
2013-01-07 12,28.9829302987198,3.6924413553431776,100.6097560975612,60.3658536585366
2013-01-07 13,29.1607396870555,3.6924413553431776,94.5121951219513,54.57317073170732
2013-01-07 14,28.6273115220484,3.47523892267593,83.33333333333333,53.96341463414635
2013-01-07 15,27.560455192034127,3.6924413553431776,85.3658536585366,60.0609756097561
2013-01-07 16,26.8492176386913,3.6924413553431776,96.03658536585368,61.58536585365855
2013-01-07 17,26.8492176386913,4.126846220677673,117.8861788617887,63.109756097560975
2013-01-07 18,27.916073968705525,3.6924413553431776,154.47154471544724,82.6219512195122
2013-01-07 19,31.650071123755357,4.126846220677672,200.7113821138213,102.74390243902457
2013-01-07 20,33.78378378378375,6.298870547350127,214.430894308943,102.439024390244
2013-01-07 21,30.2275960170697,5.64726324934839,191.0569105691055,93.90243902439023
2013-01-07 22,26.8492176386913,3.6924413553431776,187.5,87.5
2013-01-07 23,24.715504978662874,3.47523892267593,149.390243902439,82.62195121951217
2013-01-08 00,23.293029871977225,3.47523892267593,108.23170731707302,63.71951219512197
2013-01-08 01,22.9374110953058,3.47523892267593,84.34959349593497,53.35365853658535
2013-01-08 02,22.226173541963,3.47523892267593,81.8089430894309,52.74390243902442
2013-01-08 03,21.692745376955894,3.47523892267593,81.8089430894309,57.9268292682927
2013-01-08 04,22.4039829302987,3.47523892267593,69.61382113821136,50.3048780487805
2013-01-08 05,22.4039829302987,3.47523892267593,72.15447154471545,50.30487804878047
2013-01-08 06,23.648648648648624,3.47523892267593,76.21951219512195,55.48780487804878
2013-01-08 07,32.36130867709812,3.47523892267593,98.57723577235782,56.70731707317076
2013-01-08 08,33.42816500711235,3.47523892267593,93.49593495934955,48.475609756097576
2013-01-08 09,30.4054054054054,3.47523892267593,85.36585365853658,47.56097560975607
2013-01-08 10,31.1166429587482,3.47523892267593,80.28455284552845,53.0487804878049
2013-01-08 11,30.4054054054054,3.47523892267593,77.74390243902437,47.5609756097561
2013-01-08 12,29.8719772403983,3.909643788010425,90.44715447154472,57.62195121951223
2013-01-08 13,29.6941678520626,4.126846220677672,83.33333333333334,55.487804878048806
2013-01-08 14,28.627311522048373,4.34404865334492,69.6138211382114,53.3536585365854
2013-01-08 15,26.137980085348502,3.909643788010425,80.28455284552845,55.48780487804878
2013-01-08 16,25.9601706970128,4.34404865334492,97.56097560975618,62.50000000000002
2013-01-08 17,25.6045519203414,4.34404865334492,112.80487804878044,62.5
2013-01-08 18,27.560455192034127,4.126846220677672,177.33739837398377,90.85365853658536
2013-01-08 19,30.5832147937411,4.77845351867941,216.97154471544675,87.80487804878047
2013-01-08 20,33.428165007112376,4.561251086012165,215.4471544715448,86.890243902439
2013-01-08 21,30.049786628734,4.34404865334492,205.28455284552825,90.54878048780488
2013-01-08 22,26.4935988620199,3.47523892267593,178.861788617886,80.48780487804878
2013-01-08 23,24.715504978662874,3.47523892267593,135.16260162601623,75.0
2013-01-09 00,23.470839260312925,3.47523892267593,102.13414634146336,63.71951219512198
2013-01-09 01,22.7596017069701,3.47523892267593,89.9390243902439,54.87804878048783
2013-01-09 02,22.226173541963,3.47523892267593,82.3170731707317,52.7439024390244
2013-01-09 03,21.8705547652916,3.47523892267593,80.28455284552845,54.57317073170733
2013-01-09 04,22.5817923186344,3.47523892267593,77.74390243902437,50.60975609756101
2013-01-09 05,22.4039829302987,3.47523892267593,73.67886178861787,51.82926829268296
2013-01-09 06,23.82645803698435,3.47523892267593,75.71138211382112,57.92682926829268
2013-01-09 07,33.60597439544807,3.47523892267593,102.64227642276428,60.670731707317074
2013-01-09 08,33.25035561877668,3.6924413553431776,106.70731707317084,55.1829268292683
2013-01-09 09,29.3385490753912,4.34404865334492,91.46341463414636,44.20731707317073
2013-01-09 10,28.6273115220484,4.34404865334492,82.3170731707317,48.170731707317046
2013-01-09 11,28.093883357041225,4.34404865334492,78.2520325203252,50.0
2013-01-09 12,28.4495021337127,4.34404865334492,93.49593495934955,47.86585365853657
2013-01-09 13,28.27169274537697,4.34404865334492,87.39837398373982,43.29268292682922
2013-01-09 14,27.738264580369822,4.126846220677673,85.36585365853655,45.12195121951215
2013-01-09 15,26.3157894736842,4.34404865334492,105.18292682926833,51.21951219512195
2013-01-09 16,25.4267425320057,4.34404865334492,102.13414634146352,56.70731707317075
2013-01-09 17,26.4935988620199,4.34404865334492,119.41056910569124,71.95121951219512
2013-01-09 18,28.27169274537695,4.34404865334492,185.9756097560975,85.36585365853658
2013-01-09 19,30.5832147937411,4.77845351867941,215.44715447154476,85.67073170731707
2013-01-09 20,32.894736842105274,4.7784535186794095,220.02032520325176,87.49999999999997
2013-01-09 21,29.6941678520626,4.34404865334492,201.7276422764228,80.18292682926827
2013-01-09 22,27.2048364153627,3.909643788010425,177.8455284552845,79.26829268292686
2013-01-09 23,18.84779516358463,3.47523892267593,136.178861788618,73.78048780487805
2013-01-10 00,5.15647226173542,3.47523892267593,114.32926829268324,63.71951219512195
2013-01-10 01,4.978662873399717,3.47523892267593,97.56097560975611,55.182926829268325
2013-01-10 02,3.9118065433854894,3.47523892267593,87.90650406504062,52.4390243902439
2013-01-10 03,3.3783783783783776,3.47523892267593,85.87398373983737,50.91463414634148
2013-01-10 04,3.556187766714083,3.47523892267593,76.72764227642276,52.7439024390244
2013-01-10 05,3.733997155049785,3.47523892267593,75.71138211382112,52.74390243902442
2013-01-10 06,5.15647226173542,3.47523892267593,81.30081300813005,60.9756097560976
2013-01-10 07,13.869132290184922,2.823631624674195,110.77235772357729,60.975609756097576
2013-01-10 08,14.224751066856324,2.60642919200695,102.64227642276416,52.13414634146343
2013-01-10 09,10.135135135135142,2.60642919200695,92.98780487804882,46.34146341463415
2013-01-10 10,9.068278805120908,2.60642919200695,76.21951219512195,48.47560975609755
2013-01-10 11,8.890469416785205,3.6924413553431776,70.1219512195122,50.3048780487805
2013-01-10 12,9.779516358463724,3.47523892267593,86.89024390243902,52.7439024390244
2013-01-10 13,9.957325746799418,3.47523892267593,78.76016260162604,51.829268292682926
2013-01-10 14,9.779516358463717,3.47523892267593,70.630081300813,45.42682926829267
2013-01-10 15,8.712660028449502,3.47523892267593,90.95528455284544,49.39024390243903
2013-01-10 16,7.823613086770982,3.47523892267593,92.47967479674796,52.4390243902439
2013-01-10 17,7.64580369843528,3.47523892267593,105.6910569105691,59.14634146341462
2013-01-10 18,9.779516358463717,3.47523892267593,159.04471544715474,75.60975609756095
2013-01-10 19,12.268847795163577,3.909643788010425,178.3536585365855,84.45121951219512
2013-01-10 20,14.0469416785206,5.864465682015634,203.2520325203253,84.75609756097563
2013-01-10 21,11.557610241820775,4.34404865334492,186.991869918699,77.74390243902437
2013-01-10 22,8.357041251778092,4.344048653344918,179.36991869918674,74.08536585365852
2013-01-10 23,6.223328591749647,3.47523892267593,152.94715447154476,77.13414634146343
2013-01-11 00,4.62304409672831,3.47523892267593,106.7073170731705,57.62195121951223
2013-01-11 01,4.089615931721196,3.47523892267593,103.15040650406507,45.42682926829267
2013-01-11 02,3.733997155049788,3.47523892267593,89.43089430894307,48.475609756097526
2013-01-11 03,3.200568990042675,3.47523892267593,86.3821138211382,50.30487804878047
2013-01-11 04,3.3783783783783776,3.47523892267593,70.630081300813,50.30487804878047
2013-01-11 05,3.9118065433854894,3.47523892267593,69.10569105691057,48.78048780487805
2013-01-11 06,5.334281650071125,3.47523892267593,74.18699186991867,49.69512195121953
2013-01-11 07,15.113798008534824,3.47523892267593,92.47967479674796,60.97560975609757
2013-01-11 08,15.825035561877677,3.47523892267593,92.47967479674804,54.57317073170735
2013-01-11 09,12.4466571834993,3.9096437880104222,91.97154471544712,50.609756097560975
2013-01-11 10,13.8691322901849,4.126846220677673,71.13821138211382,46.64634146341463
2013-01-11 11,11.379800853485053,3.47523892267593,84.349593495935,39.3292682926829
2013-01-11 12,29.1607396870555,4.344048653344918,97.05284552845518,39.3292682926829
2013-01-11 13,28.627311522048373,4.34404865334492,91.97154471544712,42.3780487804878
2013-01-11 14,27.382645803698423,4.34404865334492,82.31707317073167,43.29268292682925
2013-01-11 15,26.3157894736842,4.34404865334492,77.23577235772358,42.98780487804878
2013-01-11 16,27.560455192034127,4.34404865334492,89.43089430894307,41.15853658536585
2013-01-11 17,27.738264580369822,4.34404865334492,105.6910569105694,49.085365853658544
2013-01-11 18,28.449502133712677,4.34404865334492,170.73170731707324,67.98780487804878
2013-01-11 19,28.44950213371265,5.647263249348392,215.4471544715445,72.2560975609756
2013-01-11 20,30.5832147937411,5.2128583840139,212.9065040650405,77.4390243902439
2013-01-11 21,27.91607396870555,5.2128583840139004,175.3048780487805,71.95121951219512
2013-01-11 22,26.137980085348502,4.561251086012165,145.32520325203274,74.69512195121953
2013-01-11 23,24.7155049786629,3.47523892267593,127.0325203252035,72.86585365853657
2013-01-12 00,7.290184921763863,3.47523892267593,95.02032520325196,59.45121951219512
2013-01-12 01,15.825035561877655,3.47523892267593,80.79268292682927,53.0487804878049
2013-01-12 02,22.7596017069701,3.47523892267593,75.2032520325203,50.91463414634148
2013-01-12 03,21.692745376955894,3.47523892267593,72.15447154471545,46.34146341463412
2013-01-12 04,22.0483641536273,3.47523892267593,58.943089430894325,45.12195121951217
2013-01-12 05,22.5817923186344,3.47523892267593,59.45121951219512,49.08536585365852
2013-01-12 06,22.9374110953058,3.47523892267593,61.483739837398375,48.47560975609755
2013-01-12 07,23.648648648648624,3.47523892267593,90.44715447154476,41.15853658536585
2013-01-12 08,26.6714082503556,3.47523892267593,105.18292682926824,39.3292682926829
2013-01-12 09,30.405405405405425,4.56125108601216,111.28048780487823,46.64634146341465
2013-01-12 10,35.73968705547652,3.9096437880104222,135.670731707317,47.2560975609756
2013-01-12 11,34.672830725462305,3.47523892267593,140.24390243902474,48.47560975609755
2013-01-12 12,36.80654338549075,3.47523892267593,152.94715447154476,53.65853658536585
2013-01-12 13,35.73968705547652,3.6924413553431776,147.86585365853625,54.8780487804878
2013-01-12 14,34.1394025604552,3.6924413553431776,143.29268292682923,58.84146341463415
2013-01-12 15,30.4054054054054,3.9096437880104222,153.4552845528455,63.41463414634147
2013-01-12 16,28.449502133712677,4.995655951346655,163.61788617886174,57.317073170731724
2013-01-12 17,27.738264580369822,4.34404865334492,147.35772357723576,64.32926829268293
2013-01-12 18,28.27169274537695,4.34404865334492,201.219512195122,86.28048780487802
2013-01-12 19,28.27169274537695,5.430060816681148,231.7073170731708,87.1951219512195
2013-01-12 20,28.27169274537695,4.995655951346658,210.87398373983748,88.10975609756098
2013-01-12 21,26.6714082503556,4.561251086012165,159.0447154471545,77.74390243902437
2013-01-12 22,25.0711237553343,3.909643788010425,143.2926829268295,74.99999999999997
2013-01-12 23,24.53769559032717,3.47523892267593,142.78455284552825,74.39024390243902
2013-01-13 00,23.470839260312925,3.47523892267593,122.45934959349574,61.58536585365855
2013-01-13 01,23.1152204836415,3.47523892267593,92.47967479674804,58.53658536585368
2013-01-13 02,22.7596017069701,3.47523892267593,90.44715447154468,53.963414634146375
2013-01-13 03,22.0483641536273,3.47523892267593,79.77642276422762,52.74390243902442
2013-01-13 04,22.0483641536273,3.47523892267593,74.6951219512195,52.43902439024395
2013-01-13 05,22.4039829302987,3.47523892267593,67.58130081300811,50.30487804878047
2013-01-13 06,22.7596017069701,3.47523892267593,70.630081300813,52.74390243902437
2013-01-13 07,22.9374110953058,3.47523892267593,77.7439024390244,52.74390243902442
2013-01-13 08,24.53769559032717,3.47523892267593,87.39837398373982,50.60975609756101
2013-01-13 09,27.91607396870555,3.6924413553431776,103.65853658536577,47.86585365853657
2013-01-13 10,33.60597439544807,4.34404865334492,132.11382113821125,58.53658536585368
2013-01-13 11,36.09530583214792,4.34404865334492,155.99593495934974,63.109756097560975
2013-01-13 12,38.4068278805121,4.34404865334492,142.276422764228,53.35365853658538
2013-01-13 13,38.0512091038407,4.34404865334492,111.28048780487802,59.756097560975626
2013-01-13 14,34.3172119487909,4.34404865334492,107.72357723577258,54.87804878048783
2013-01-13 15,29.5163584637269,4.34404865334492,115.85365853658526,50.3048780487805
2013-01-13 16,27.3826458036984,4.34404865334492,120.42682926829276,43.59756097560973
2013-01-13 17,26.8492176386913,4.34404865334492,106.70731707317076,48.170731707317046
2013-01-13 18,28.9829302987198,4.34404865334492,154.97967479674776,70.1219512195122
2013-01-13 19,30.049786628734,4.34404865334492,190.548780487805,76.52439024390242
2013-01-13 20,30.049786628734,4.34404865334492,205.28455284552825,79.57317073170734
2013-01-13 21,27.91607396870555,4.34404865334492,193.59756097560972,70.1219512195122
2013-01-13 22,25.6045519203414,4.126846220677673,175.81300813008124,70.1219512195122
2013-01-13 23,24.359886201991475,3.47523892267593,151.42276422764226,63.41463414634147
2013-01-14 00,23.293029871977225,3.47523892267593,108.73983739837384,60.06097560975613
2013-01-14 01,23.293029871977225,3.47523892267593,84.34959349593495,53.65853658536588
2013-01-14 02,22.4039829302987,3.47523892267593,82.82520325203252,47.86585365853657
2013-01-14 03,21.692745376955894,3.47523892267593,77.7439024390244,50.60975609756101
2013-01-14 04,22.0483641536273,3.47523892267593,70.1219512195122,46.34146341463415
2013-01-14 05,22.5817923186344,3.47523892267593,60.97560975609757,48.170731707317046
2013-01-14 06,23.648648648648624,3.47523892267593,71.13821138211382,53.963414634146375
2013-01-14 07,33.428165007112376,3.04083405734144,100.1016260162602,53.35365853658538
2013-01-14 08,33.60597439544807,2.823631624674195,108.23170731707324,50.91463414634148
2013-01-14 09,30.4054054054054,3.6924413553431776,84.85772357723575,42.98780487804875
2013-01-14 10,32.71692745376955,3.909643788010425,83.84146341463412,46.951219512195074
2013-01-14 11,31.65007112375535,3.47523892267593,76.72764227642278,49.99999999999997
2013-01-14 12,29.3385490753912,3.6924413553431776,79.26829268292683,56.402439024390254
2013-01-14 13,28.9829302987198,4.344048653344918,63.00813008130083,51.52439024390245
2013-01-14 14,28.27169274537695,4.34404865334492,59.45121951219512,51.52439024390242
2013-01-14 15,27.027027027027,4.34404865334492,73.6788617886179,55.79268292682927
2013-01-14 16,26.4935988620199,4.34404865334492,74.6951219512195,57.01219512195125
2013-01-14 17,26.4935988620199,4.34404865334492,86.38211382113825,63.10975609756101
2013-01-14 18,27.91607396870555,4.561251086012165,157.52032520325173,81.70731707317073
2013-01-14 19,30.938833570412505,4.7784535186794095,209.85772357723576,84.7560975609756
2013-01-14 20,32.539118065433854,4.7784535186794095,230.691056910569,100.00000000000009
2013-01-14 21,29.516358463726878,5.2128583840139,208.3333333333333,91.7682926829268
2013-01-14 22,26.3157894736842,3.6924413553431776,178.3536585365855,85.36585365853657
2013-01-14 23,24.5376955903272,3.47523892267593,135.670731707317,71.95121951219512
2013-01-15 00,23.1152204836415,3.47523892267593,108.73983739837378,57.92682926829268
2013-01-15 01,22.7596017069701,3.47523892267593,90.95528455284555,46.64634146341462
2013-01-15 02,22.7596017069701,3.47523892267593,76.21951219512195,45.42682926829265
2013-01-15 03,22.226173541963,3.47523892267593,70.1219512195122,45.73170731707312
2013-01-15 04,22.5817923186344,3.47523892267593,66.56504065040653,50.60975609756101
2013-01-15 05,22.9374110953058,3.47523892267593,71.64634146341463,45.731707317073145
2013-01-15 06,24.00426742532005,3.47523892267593,67.58130081300811,56.097560975609774
2013-01-15 07,33.783783783783775,3.47523892267593,91.46341463414632,55.7926829268293
2013-01-15 08,34.31721194879088,3.258036490008685,86.38211382113818,41.7682926829268
2013-01-15 09,29.3385490753912,3.47523892267593,77.23577235772358,51.829268292682926
2013-01-15 10,29.3385490753912,2.823631624674195,75.71138211382114,52.7439024390244
2013-01-15 11,28.805120910384097,2.60642919200695,67.58130081300814,53.65853658536585
2013-01-15 12,28.44950213371265,2.60642919200695,79.26829268292683,58.53658536585365
2013-01-15 13,28.449502133712677,3.909643788010425,75.71138211382112,57.317073170731724
2013-01-15 14,27.738264580369822,3.6924413553431776,65.54878048780486,57.62195121951223
2013-01-15 15,25.7823613086771,4.126846220677672,85.87398373983737,58.23170731707317
2013-01-15 16,25.4267425320057,4.7784535186794095,98.5772357723576,65.85365853658537
2013-01-15 17,25.4267425320057,4.34404865334492,115.8536585365855,65.2439024390244
2013-01-15 18,27.73826458036985,4.561251086012165,163.61788617886174,85.97560975609755
2013-01-15 19,30.4054054054054,4.561251086012165,232.7235772357725,89.6341463414634
2013-01-15 20,32.18349928876243,4.561251086012165,228.15040650406524,103.04878048780505
2013-01-15 21,29.6941678520626,4.7784535186794095,188.5162601626015,98.78048780487812
2013-01-15 22,26.3157894736842,4.12684622067767,175.30487804878075,83.53658536585365
2013-01-15 23,24.182076813655776,3.47523892267593,156.50406504065026,75.91463414634148
2013-01-16 00,22.9374110953058,3.258036490008685,117.37804878048776,61.28048780487805
2013-01-16 01,22.226173541963,3.47523892267593,98.5772357723578,60.0609756097561
2013-01-16 02,21.8705547652916,3.47523892267593,89.43089430894305,56.09756097560978
2013-01-16 03,21.1593172119488,3.258036490008685,78.2520325203252,58.84146341463418
2013-01-16 04,21.5149359886202,3.47523892267593,72.15447154471545,52.43902439024395
2013-01-16 05,22.226173541963,3.47523892267593,70.1219512195122,54.26829268292683
2013-01-16 06,23.470839260312925,3.69244135534318,72.15447154471542,58.2317073170732
2013-01-16 07,33.25035561877665,4.34404865334492,97.05284552845536,58.84146341463415
2013-01-16 08,32.894736842105274,3.47523892267593,98.57723577235774,52.7439024390244
2013-01-16 09,29.3385490753912,3.909643788010425,94.51219512195118,48.475609756097526
2013-01-16 10,28.27169274537695,4.561251086012165,82.8252032520325,50.0
2013-01-16 11,27.382645803698423,4.561251086012165,75.71138211382112,55.182926829268304
2013-01-16 12,27.3826458036984,4.561251086012163,83.84146341463412,53.35365853658538
2013-01-16 13,27.2048364153627,4.561251086012165,79.26829268292683,50.609756097560975
2013-01-16 14,27.2048364153627,4.34404865334492,69.1056910569106,49.08536585365852
2013-01-16 15,25.6045519203414,4.34404865334492,79.77642276422765,53.65853658536588
2013-01-16 16,25.0711237553343,4.561251086012165,84.34959349593495,46.34146341463412
2013-01-16 17,25.7823613086771,4.34404865334492,100.60975609756098,62.8048780487805
2013-01-16 18,27.560455192034148,4.34404865334492,162.09349593495926,86.89024390243902
2013-01-16 19,29.6941678520626,4.995655951346655,223.57723577235748,83.84146341463412
2013-01-16 20,30.049786628734,4.34404865334492,229.1666666666665,84.14634146341463
2013-01-16 21,28.449502133712677,4.34404865334492,192.581300813008,76.21951219512192
2013-01-16 22,25.6045519203414,4.34404865334492,182.92682926829275,75.60975609756098
2013-01-16 23,23.82645803698435,4.561251086012165,131.60569105691076,74.69512195121953
2013-01-17 00,22.9374110953058,3.47523892267593,105.18292682926835,71.34146341463418
2013-01-17 01,22.226173541963,3.04083405734144,96.03658536585375,56.402439024390254
2013-01-17 02,22.226173541963,3.47523892267593,83.33333333333334,50.609756097560975
2013-01-17 03,21.692745376955894,3.04083405734144,81.30081300813008,53.65853658536587
2013-01-17 04,21.5149359886202,3.258036490008685,69.1056910569106,46.951219512195074
2013-01-17 05,22.4039829302987,3.258036490008685,66.0569105691057,49.39024390243903
2013-01-17 06,23.648648648648624,3.258036490008685,68.08943089430895,56.40243902439028
2013-01-17 07,32.539118065433826,3.258036490008685,92.479674796748,56.40243902439025
2013-01-17 08,34.4950213371266,3.909643788010425,92.98780487804883,45.731707317073145
2013-01-17 09,28.627311522048373,4.34404865334492,81.80894308943087,41.15853658536585
2013-01-17 10,27.916073968705525,4.561251086012165,80.79268292682926,43.59756097560973
2013-01-17 11,27.5604551920341,4.126846220677673,76.72764227642278,48.170731707317074
2013-01-17 12,27.027027027027,3.909643788010425,80.28455284552848,55.7926829268293
2013-01-17 13,27.916073968705525,2.823631624674195,91.97154471544712,53.65853658536587
2013-01-17 14,26.8492176386913,3.6924413553431776,95.02032520325211,51.52439024390242
2013-01-17 15,25.4267425320057,4.126846220677672,99.08536585365876,57.317073170731724
2013-01-17 16,25.4267425320057,3.909643788010425,114.32926829268324,57.31707317073173
2013-01-17 17,25.7823613086771,4.34404865334492,128.55691056910575,71.34146341463415
2013-01-17 18,28.9829302987198,4.34404865334492,180.3861788617885,84.75609756097563
2013-01-17 19,29.8719772403983,4.561251086012165,206.8089430894308,93.2926829268293
2013-01-17 20,32.005689900426724,5.64726324934839,217.98780487804876,101.829268292683
2013-01-17 21,28.982930298719776,5.64726324934839,205.7926829268293,89.02439024390242
2013-01-17 22,25.6045519203414,4.34404865334492,176.82926829268274,89.0243902439024
2013-01-17 23,24.359886201991475,3.69244135534318,135.670731707317,77.4390243902439
2013-01-18 00,22.9374110953058,2.60642919200695,110.26422764227624,64.02439024390245
2013-01-18 01,22.5817923186344,2.60642919200695,94.5121951219512,50.609756097560975
2013-01-18 02,22.4039829302987,2.60642919200695,99.0853658536586,48.78048780487805
2013-01-18 03,21.692745376955894,2.60642919200695,87.39837398373982,51.82926829268296
2013-01-18 04,21.5149359886202,2.60642919200695,82.8252032520325,46.036585365853625
2013-01-18 05,22.5817923186344,2.60642919200695,78.25203252032517,47.86585365853657
2013-01-18 06,23.470839260312925,3.04083405734144,69.61382113821136,53.96341463414635
2013-01-18 07,32.539118065433826,3.47523892267593,96.54471544715454,53.35365853658537
2013-01-18 08,32.71692745376955,3.258036490008685,99.0853658536586,48.780487804878
2013-01-18 09,30.5832147937411,3.909643788010425,82.8252032520325,50.9146341463415
2013-01-18 10,29.694167852062577,4.561251086012165,78.760162601626,46.64634146341465
2013-01-18 11,28.4495021337127,4.561251086012165,77.74390243902437,48.170731707317046
2013-01-18 12,28.27169274537695,4.34404865334492,88.41463414634146,47.56097560975607
2013-01-18 13,27.3826458036984,4.34404865334492,81.30081300813006,45.731707317073145
2013-01-18 14,26.6714082503556,4.34404865334492,87.90650406504062,49.39024390243903
2013-01-18 15,25.7823613086771,4.34404865334492,95.52845528455292,59.14634146341462
2013-01-18 16,25.6045519203414,4.34404865334492,91.97154471544724,60.97560975609757
2013-01-18 17,26.4935988620199,4.34404865334492,119.410569105691,65.2439024390244
2013-01-18 18,27.3826458036984,4.561251086012165,164.63414634146324,80.1829268292683
2013-01-18 19,27.916073968705525,4.561251086012165,202.74390243902425,82.92682926829269
2013-01-18 20,28.627311522048373,5.64726324934839,215.4471544715445,89.93902439024387
2013-01-18 21,27.382645803698423,5.2128583840139,198.67886178861772,86.58536585365852
2013-01-18 22,24.8933143669986,4.7784535186794095,181.40243902439,84.7560975609756
2013-01-18 23,24.00426742532005,4.126846220677673,139.7357723577235,77.4390243902439
2013-01-19 00,23.293029871977225,3.47523892267593,120.4268292682925,78.35365853658536
2013-01-19 01,22.7596017069701,3.47523892267593,88.41463414634147,59.45121951219515
2013-01-19 02,22.7596017069701,3.47523892267593,85.36585365853657,51.21951219512195
2013-01-19 03,22.4039829302987,3.47523892267593,77.74390243902437,53.963414634146346
2013-01-19 04,22.5817923186344,3.47523892267593,71.1382113821138,51.52439024390245
2013-01-19 05,22.9374110953058,3.47523892267593,67.07317073170732,53.96341463414635
2013-01-19 06,23.1152204836415,3.47523892267593,62.5,57.62195121951223
2013-01-19 07,23.82645803698435,3.47523892267593,88.41463414634147,52.43902439024392
2013-01-19 08,25.9601706970128,4.1268462206776695,83.84146341463415,47.5609756097561
2013-01-19 09,28.982930298719776,3.47523892267593,98.57723577235778,54.8780487804878
2013-01-19 10,30.9388335704125,4.344048653344918,125.0,53.65853658536588
2013-01-19 11,33.25035561877668,4.34404865334492,137.1951219512195,56.40243902439028
2013-01-19 12,27.73826458036985,4.34404865334492,129.06504065040625,53.96341463414635
2013-01-19 13,18.66998577524895,4.34404865334492,145.3252032520325,50.000000000000014
2013-01-19 14,21.337126600284478,4.34404865334492,155.48780487804876,58.84146341463415
2013-01-19 15,11.7354196301565,4.34404865334492,167.68292682926824,73.47560975609755
2013-01-19 16,9.423897581792318,4.34404865334492,153.4552845528455,83.53658536585365
2013-01-19 17,8.712660028449502,4.34404865334492,172.25609756097526,81.09756097560975
2013-01-19 18,10.312944523470836,4.34404865334492,215.9552845528455,92.68292682926828
2013-01-19 19,16.002844950213365,4.34404865334492,230.18292682926824,93.59756097560972
2013-01-19 20,29.3385490753912,4.77845351867941,210.8739837398375,95.42682926829278
2013-01-19 21,27.204836415362728,4.34404865334492,162.60162601626,82.92682926829268
2013-01-19 22,25.6045519203414,4.34404865334492,169.20731707317074,76.52439024390245
2013-01-19 23,24.5376955903272,4.34404865334492,161.58536585365852,74.08536585365852
2013-01-20 00,23.64864864864865,3.47523892267593,136.178861788618,76.82926829268293
2013-01-20 01,22.9374110953058,3.04083405734144,106.70731707317056,64.63414634146342
2013-01-20 02,22.7596017069701,3.47523892267593,96.03658536585375,57.01219512195125
2013-01-20 03,22.226173541963,3.258036490008685,90.95528455284553,55.487804878048806
2013-01-20 04,22.0483641536273,3.47523892267593,78.2520325203252,58.23170731707318
2013-01-20 05,22.4039829302987,3.258036490008685,77.23577235772358,55.4878048780488
2013-01-20 06,22.7596017069701,3.04083405734144,70.12195121951217,54.87804878048783
2013-01-20 07,22.9374110953058,3.47523892267593,90.44715447154468,55.79268292682928
2013-01-20 08,24.5376955903272,3.47523892267593,81.80894308943087,48.170731707317074
2013-01-20 09,28.627311522048373,3.47523892267593,94.5121951219513,53.65853658536585
2013-01-20 10,35.384068278805124,3.909643788010425,119.918699186992,57.9268292682927
2013-01-20 11,38.0512091038407,4.126846220677672,169.2073170731705,63.41463414634148
2013-01-20 12,40.36273115220482,4.126846220677672,197.662601626016,72.86585365853658
2013-01-20 13,38.22901849217637,4.34404865334492,153.9634146341465,74.39024390243902
2013-01-20 14,32.71692745376957,4.126846220677672,126.52439024390225,64.32926829268294
2013-01-20 15,28.982930298719776,4.77845351867941,140.75203252032526,63.109756097560975
2013-01-20 16,26.8492176386913,4.561251086012165,131.09756097560975,67.6829268292683
2013-01-20 17,26.6714082503556,4.34404865334492,130.589430894309,61.58536585365855
2013-01-20 18,28.09388335704125,4.126846220677672,151.930894308943,74.39024390243905
2013-01-20 19,29.8719772403983,4.77845351867941,183.4349593495935,76.52439024390242
2013-01-20 20,31.1166429587482,4.561251086012165,172.7642276422765,84.45121951219511
2013-01-20 21,29.160739687055475,4.34404865334492,173.272357723577,84.14634146341463
2013-01-20 22,25.6045519203414,4.995655951346655,174.28861788617874,84.7560975609756
2013-01-20 23,24.7155049786629,4.7784535186794095,143.2926829268295,75.60975609756098
2013-01-21 00,23.1152204836415,3.47523892267593,109.7560975609757,65.5487804878049
2013-01-21 01,22.9374110953058,3.47523892267593,91.46341463414632,54.57317073170735
2013-01-21 02,22.7596017069701,3.47523892267593,87.39837398373982,53.65853658536585
2013-01-21 03,22.226173541963,3.47523892267593,83.84146341463412,59.45121951219515
2013-01-21 04,22.226173541963,3.47523892267593,71.64634146341461,54.268292682926855
2013-01-21 05,22.5817923186344,3.47523892267593,71.64634146341461,51.52439024390245
2013-01-21 06,23.64864864864865,3.6924413553431776,74.18699186991867,59.14634146341465
2013-01-21 07,33.783783783783775,3.47523892267593,105.18292682926844,56.70731707317075
2013-01-21 08,32.71692745376957,3.909643788010425,103.15040650406505,54.268292682926855
2013-01-21 09,30.2275960170697,4.34404865334492,80.79268292682924,48.78048780487805
2013-01-21 10,31.1166429587482,4.34404865334492,75.71138211382112,55.79268292682928
2013-01-21 11,30.049786628734,4.34404865334492,76.21951219512195,53.96341463414635
2013-01-21 12,29.3385490753912,4.34404865334492,89.43089430894307,56.09756097560978
2013-01-21 13,29.516358463726903,4.34404865334492,82.82520325203252,54.57317073170733
2013-01-21 14,28.80512091038408,4.34404865334492,76.72764227642276,53.35365853658538
2013-01-21 15,27.204836415362724,4.34404865334492,91.46341463414632,53.96341463414635
2013-01-21 16,26.6714082503556,4.34404865334492,85.36585365853658,53.04878048780488
2013-01-21 17,26.4935988620199,4.34404865334492,95.52845528455288,54.268292682926855
2013-01-21 18,28.982930298719776,4.34404865334492,153.4552845528455,78.96341463414632
2013-01-21 19,30.5832147937411,4.34404865334492,198.678861788618,92.3780487804878
2013-01-21 20,31.65007112375535,4.561251086012165,226.6260162601625,94.20731707317076
2013-01-21 21,29.33854907539117,4.995655951346655,193.089430894309,97.8658536585366
2013-01-21 22,25.9601706970128,4.7784535186794095,182.41869918699172,86.28048780487802
2013-01-21 23,24.5376955903272,4.34404865334492,159.55284552845524,75.91463414634148
2013-01-22 00,22.9374110953058,4.126846220677673,108.2317073170732,62.19512195121953
2013-01-22 01,22.5817923186344,3.47523892267593,97.5609756097562,58.84146341463415
2013-01-22 02,22.7596017069701,3.47523892267593,90.4471544715447,54.26829268292683
2013-01-22 03,22.4039829302987,3.47523892267593,78.2520325203252,51.829268292682926
2013-01-22 04,22.5817923186344,3.47523892267593,68.59756097560978,57.92682926829271
2013-01-22 05,22.7596017069701,3.47523892267593,69.10569105691057,52.7439024390244
2013-01-22 06,23.826458036984324,4.561251086012162,68.59756097560975,57.317073170731724
2013-01-22 07,33.25035561877665,3.47523892267593,96.54471544715454,60.060975609756106
2013-01-22 08,32.18349928876245,3.47523892267593,96.03658536585364,48.170731707317074
2013-01-22 09,28.27169274537697,3.47523892267593,84.34959349593495,52.4390243902439
2013-01-22 10,28.09388335704125,3.47523892267593,75.71138211382114,50.91463414634148
2013-01-22 11,27.2048364153627,3.6924413553431776,69.6138211382114,56.097560975609774
2013-01-22 12,27.738264580369822,4.34404865334492,78.25203252032517,58.53658536585368
2013-01-22 13,28.805120910384097,3.909643788010425,82.82520325203262,54.57317073170733
2013-01-22 14,28.449502133712627,4.34404865334492,69.10569105691054,58.84146341463415
2013-01-22 15,25.4267425320057,4.344048653344918,84.34959349593495,71.64634146341464
2013-01-22 16,25.6045519203414,4.34404865334492,103.15040650406502,70.42682926829266
2013-01-22 17,26.137980085348502,4.34404865334492,134.14634146341473,71.03658536585365
2013-01-22 18,28.80512091038408,4.34404865334492,194.10569105691025,87.1951219512195
2013-01-22 19,32.00568990042677,4.34404865334492,217.479674796748,88.41463414634143
2013-01-22 20,32.894736842105274,4.7784535186794095,245.9349593495935,96.64634146341464
2013-01-22 21,29.6941678520626,4.561251086012165,239.329268292683,85.0609756097561
2013-01-22 22,26.3157894736842,4.34404865334492,223.57723577235748,85.97560975609753
2013-01-22 23,24.53769559032717,4.561251086012165,165.65040650406473,81.09756097560972
2013-01-23 00,23.1152204836415,3.9096437880104222,118.3943089430895,67.07317073170732
2013-01-23 01,22.5817923186344,3.47523892267593,98.06910569105683,64.02439024390245
2013-01-23 02,22.4039829302987,3.47523892267593,90.9552845528455,55.487804878048806
2013-01-23 03,21.3371266002845,3.258036490008685,74.6951219512195,58.84146341463415
2013-01-23 04,21.692745376955894,3.258036490008685,69.61382113821136,50.91463414634148
2013-01-23 05,22.226173541963,3.258036490008685,72.66260162601628,53.048780487804926
2013-01-23 06,23.82645803698435,3.47523892267593,71.64634146341463,57.01219512195125
2013-01-23 07,32.71692745376955,3.47523892267593,97.05284552845518,58.53658536585368
2013-01-23 08,33.60597439544807,3.6924413553431776,88.92276422764228,52.43902439024392
2013-01-23 09,29.8719772403983,4.561251086012165,83.84146341463412,50.3048780487805
2013-01-23 10,30.7610241820768,4.34404865334492,94.5121951219512,54.26829268292683
2013-01-23 11,30.049786628734,4.34404865334492,95.52845528455282,58.53658536585368
2013-01-23 12,29.8719772403983,4.34404865334492,110.26422764227632,60.06097560975613
2013-01-23 13,28.449502133712677,4.34404865334492,110.77235772357724,52.43902439024392
2013-01-23 14,27.560455192034127,4.34404865334492,91.97154471544717,60.0609756097561
2013-01-23 15,25.9601706970128,4.34404865334492,101.1178861788618,73.47560975609758
2013-01-23 16,25.6045519203414,4.34404865334492,101.62601626016264,63.4146341463415
2013-01-23 17,25.7823613086771,4.34404865334492,102.64227642276424,67.07317073170732
2013-01-23 18,28.09388335704125,4.34404865334492,180.8943089430895,80.4878048780488
2013-01-23 19,30.7610241820768,4.34404865334492,230.18292682926824,88.41463414634146
2013-01-23 20,30.4054054054054,4.34404865334492,232.2154471544715,92.3780487804878
2013-01-23 21,28.627311522048373,4.34404865334492,211.890243902439,85.06097560975607
2013-01-23 22,25.7823613086771,4.34404865334492,175.81300813008124,94.2073170731707
2013-01-23 23,24.182076813655748,4.34404865334492,133.63821138211375,92.68292682926828
2013-01-24 00,23.1152204836415,3.4752389226759326,126.5243902439025,78.65853658536585
2013-01-24 01,22.7596017069701,3.258036490008685,101.11788617886177,60.670731707317074
2013-01-24 02,22.5817923186344,3.04083405734144,85.36585365853657,54.268292682926855
2013-01-24 03,22.226173541963,3.04083405734144,73.6788617886179,58.2317073170732
2013-01-24 04,21.8705547652916,3.04083405734144,71.64634146341461,51.52439024390245
2013-01-24 05,22.5817923186344,3.258036490008685,71.13821138211385,50.91463414634148
2013-01-24 06,23.64864864864865,3.04083405734144,79.26829268292686,57.6219512195122
2013-01-24 07,32.539118065433854,3.04083405734144,98.5772357723576,59.14634146341466
2013-01-24 08,32.36130867709815,3.04083405734144,99.0853658536586,48.78048780487805
2013-01-24 09,28.627311522048373,3.258036490008685,94.00406504065036,44.51219512195122
2013-01-24 10,27.2048364153627,3.04083405734144,85.8739837398374,53.6585365853659
2013-01-24 11,27.382645803698423,4.126846220677673,69.1056910569106,52.13414634146343
2013-01-24 12,28.27169274537695,4.126846220677672,74.1869918699187,52.13414634146343
2013-01-24 13,28.09388335704125,3.909643788010425,67.07317073170732,45.42682926829267
2013-01-24 14,27.560455192034127,3.909643788010425,68.59756097560978,45.42682926829268
2013-01-24 15,26.3157894736842,4.126846220677672,84.85772357723576,49.69512195121953
2013-01-24 16,25.7823613086771,4.995655951346655,82.3170731707317,53.96341463414635
2013-01-24 17,25.7823613086771,4.34404865334492,104.67479674796746,57.01219512195122
2013-01-24 18,27.91607396870555,4.561251086012165,177.3373983739835,75.60975609756098
2013-01-24 19,30.2275960170697,4.561251086012165,232.21544715447152,96.64634146341464
2013-01-24 20,31.650071123755325,6.081668114682882,228.6585365853657,91.4634146341464
2013-01-24 21,29.33854907539117,6.29887054735013,216.46341463414623,85.0609756097561
2013-01-24 22,25.7823613086771,4.34404865334492,187.5,88.71951219512195
2013-01-24 23,24.182076813655776,4.34404865334492,148.88211382113798,83.23170731707316
2013-01-25 00,22.9374110953058,3.6924413553431776,112.8048780487805,67.98780487804879
2013-01-25 01,22.5817923186344,3.47523892267593,99.59349593495963,56.09756097560975
2013-01-25 02,22.4039829302987,3.47523892267593,91.97154471544717,53.3536585365854
2013-01-25 03,22.4039829302987,3.258036490008685,81.3008130081301,58.53658536585368
2013-01-25 04,22.4039829302987,3.47523892267593,79.26829268292684,50.91463414634148
2013-01-25 05,22.7596017069701,3.04083405734144,67.58130081300814,53.963414634146375
2013-01-25 06,23.82645803698435,3.47523892267593,71.64634146341464,55.182926829268325
2013-01-25 07,32.894736842105246,3.04083405734144,85.36585365853658,56.402439024390254
2013-01-25 08,32.539118065433854,3.47523892267593,98.06910569105698,46.03658536585365
2013-01-25 09,31.2944523470839,3.47523892267593,92.98780487804878,47.86585365853658
2013-01-25 10,28.982930298719776,3.47523892267593,94.00406504065045,51.21951219512198
2013-01-25 11,27.3826458036984,3.9096437880104222,74.69512195121953,53.35365853658538
2013-01-25 12,27.560455192034127,4.126846220677672,96.54471544715445,55.7926829268293
2013-01-25 13,28.982930298719776,4.34404865334492,96.03658536585384,47.2560975609756
2013-01-25 14,28.27169274537695,4.34404865334492,93.4959349593495,42.378048780487774
2013-01-25 15,26.6714082503556,4.126846220677673,99.08536585365864,51.21951219512195
2013-01-25 16,26.3157894736842,4.34404865334492,111.28048780487808,45.12195121951217
2013-01-25 17,27.560455192034127,4.34404865334492,124.491869918699,49.08536585365852
2013-01-25 18,27.73826458036985,4.126846220677672,176.321138211382,78.04878048780488
2013-01-25 19,29.5163584637269,4.34404865334492,210.3658536585365,77.4390243902439
2013-01-25 20,30.049786628734,4.995655951346655,215.4471544715448,78.0487804878049
2013-01-25 21,28.44950213371265,4.561251086012165,194.6138211382115,75.60975609756098
2013-01-25 22,25.9601706970128,4.34404865334492,172.2560975609755,75.30487804878047
2013-01-25 23,24.715504978662874,4.34404865334492,151.42276422764252,72.8658536585366
2013-01-26 00,23.82645803698435,3.6924413553431776,117.37804878048776,64.63414634146343
2013-01-26 01,23.1152204836415,3.258036490008685,98.06910569105688,61.89024390243905
2013-01-26 02,22.9374110953058,3.258036490008685,91.97154471544717,50.60975609756101
2013-01-26 03,22.4039829302987,3.47523892267593,82.82520325203251,49.39024390243905
2013-01-26 04,22.5817923186344,3.04083405734144,73.6788617886179,42.98780487804878
2013-01-26 05,22.7596017069701,3.04083405734144,70.12195121951217,43.90243902439025
2013-01-26 06,23.1152204836415,3.47523892267593,72.66260162601625,51.21951219512195
2013-01-26 07,23.826458036984324,3.47523892267593,86.38211382113818,49.08536585365852
2013-01-26 08,27.027027027027025,3.47523892267593,87.90650406504062,45.731707317073145
2013-01-26 09,32.18349928876245,4.778453518679407,99.59349593495922,52.7439024390244
2013-01-26 10,36.628733997155024,3.47523892267593,127.03252032520324,52.1341463414634
2013-01-26 11,38.4068278805121,3.47523892267593,127.03252032520324,47.5609756097561
2013-01-26 12,39.651493598862,3.258036490008685,130.08130081300826,37.80487804878047
2013-01-26 13,40.0071123755334,3.6924413553431776,129.57317073170725,35.975609756097555
2013-01-26 14,38.7624466571835,4.126846220677672,130.589430894309,49.6951219512195
2013-01-26 15,33.783783783783804,4.126846220677672,141.76829268292676,68.90243902439022
2013-01-26 16,30.5832147937411,3.6924413553431776,153.4552845528455,59.14634146341465
2013-01-26 17,29.3385490753912,3.47523892267593,148.88211382113826,67.3780487804878
2013-01-26 18,31.29445234708393,4.995655951346652,203.760162601626,80.48780487804879
2013-01-26 19,30.9388335704125,5.2128583840139,239.8373983739835,82.31707317073173
2013-01-26 20,30.2275960170697,4.34404865334492,232.2154471544713,85.97560975609755
2013-01-26 21,27.73826458036985,4.34404865334492,186.48373983739825,81.40243902439022
2013-01-26 22,25.9601706970128,4.34404865334492,155.4878048780487,73.17073170731705
2013-01-26 23,24.89331436699857,4.34404865334492,163.617886178862,66.46341463414632
2013-01-27 00,24.00426742532008,4.126846220677673,143.2926829268295,65.85365853658537
2013-01-27 01,23.293029871977225,3.258036490008685,104.16666666666674,58.23170731707317
2013-01-27 02,23.293029871977225,3.258036490008685,92.47967479674796,46.03658536585365
2013-01-27 03,22.226173541963,3.04083405734144,88.92276422764228,43.59756097560973
2013-01-27 04,21.692745376955894,3.909643788010425,73.67886178861787,48.78048780487802
2013-01-27 05,22.5817923186344,4.126846220677673,63.00813008130082,40.54878048780488
2013-01-27 06,22.5817923186344,3.47523892267593,65.04065040650407,40.54878048780485
2013-01-27 07,22.9374110953058,3.47523892267593,79.77642276422765,50.0
2013-01-27 08,24.53769559032717,3.258036490008685,83.33333333333333,43.29268292682922
2013-01-27 09,27.204836415362728,4.344048653344915,82.3170731707317,40.24390243902437
2013-01-27 10,31.29445234708393,3.258036490008685,125.50813008130052,59.756097560975626
2013-01-27 11,33.42816500711235,3.258036490008685,167.17479674796726,71.9512195121951
2013-01-27 12,36.62873399715505,3.4752389226759326,182.9268292682925,65.54878048780488
2013-01-27 13,36.09530583214795,4.34404865334492,135.1626016260165,63.41463414634148
2013-01-27 14,30.9388335704125,4.126846220677672,119.918699186992,67.98780487804879
2013-01-27 15,28.27169274537695,4.344048653344918,133.638211382114,63.109756097560975
2013-01-27 16,27.73826458036985,4.561251086012165,131.60569105691076,50.9146341463415
2013-01-27 17,26.6714082503556,4.34404865334492,151.422764227642,57.01219512195125
2013-01-27 18,28.27169274537697,4.34404865334492,166.15853658536577,65.54878048780488
2013-01-27 19,29.8719772403983,4.34404865334492,171.74796747967474,67.37804878048783
2013-01-27 20,30.4054054054054,4.7784535186794095,189.53252032520325,88.71951219512192
2013-01-27 21,28.27169274537697,4.34404865334492,193.08943089430875,77.4390243902439
2013-01-27 22,25.9601706970128,4.7784535186794095,167.17479674796775,75.30487804878047
2013-01-27 23,24.359886201991475,4.561251086012165,158.02845528455276,61.89024390243903
2013-01-28 00,23.11522048364152,4.34404865334492,132.62195121951223,58.84146341463415
2013-01-28 01,22.7596017069701,4.126846220677673,109.24796747967476,50.91463414634148
2013-01-28 02,22.5817923186344,3.258036490008685,86.890243902439,41.7682926829268
2013-01-28 03,21.8705547652916,3.47523892267593,81.80894308943087,48.475609756097526
2013-01-28 04,22.0483641536273,3.47523892267593,75.20325203252035,45.73170731707317
2013-01-28 05,22.7596017069701,3.47523892267593,66.5650406504065,44.5121951219512
2013-01-28 06,24.182076813655776,3.47523892267593,75.20325203252033,50.0
2013-01-28 07,33.783783783783825,3.258036490008685,104.16666666666669,55.1829268292683
2013-01-28 08,34.85064011379799,2.823631624674195,99.59349593495942,52.43902439024393
2013-01-28 09,30.5832147937411,3.258036490008688,87.90650406504062,46.03658536585365
2013-01-28 10,30.7610241820768,3.909643788010425,69.10569105691057,49.08536585365852
2013-01-28 11,29.8719772403983,3.6924413553431776,70.63008130081303,53.65853658536588
2013-01-28 12,30.938833570412505,3.6924413553431776,83.33333333333333,55.182926829268304
2013-01-28 13,30.7610241820768,3.6924413553431776,80.79268292682927,49.390243902439
2013-01-28 14,29.6941678520626,3.47523892267593,69.61382113821136,47.2560975609756
2013-01-28 15,27.027027027027,3.6924413553431776,89.43089430894307,52.7439024390244
2013-01-28 16,26.8492176386913,3.47523892267593,96.03658536585374,50.91463414634145
2013-01-28 17,26.6714082503556,3.6924413553431776,100.10162601626028,55.182926829268304
2013-01-28 18,29.160739687055475,3.6924413553431776,158.5365853658535,75.0
2013-01-28 19,31.650071123755325,3.909643788010425,208.841463414634,80.1829268292683
2013-01-28 20,32.894736842105274,4.561251086012165,195.630081300813,83.23170731707316
2013-01-28 21,30.4054054054054,6.298870547350127,184.95934959349572,81.40243902439025
2013-01-28 22,26.6714082503556,5.2128583840139,177.8455284552845,68.90243902439025
2013-01-28 23,24.7155049786629,5.2128583840139,140.75203252032526,65.85365853658534
2013-01-29 00,23.1152204836415,3.909643788010425,119.91869918699174,57.31707317073175
2013-01-29 01,22.9374110953058,4.126846220677673,104.16666666666649,50.3048780487805
2013-01-29 02,22.7596017069701,2.60642919200695,86.890243902439,42.68292682926828
2013-01-29 03,22.4039829302987,3.04083405734144,85.36585365853657,41.7682926829268
2013-01-29 04,22.4039829302987,3.04083405734144,73.17073170731707,48.170731707317046
2013-01-29 05,22.7596017069701,3.04083405734144,68.08943089430895,40.54878048780488
2013-01-29 06,24.00426742532005,3.04083405734144,67.0731707317073,47.256097560975576
2013-01-29 07,32.36130867709812,2.823631624674195,95.52845528455292,50.609756097560975
2013-01-29 08,33.60597439544807,2.3892267593397047,94.0040650406504,51.21951219512198
2013-01-29 09,29.6941678520626,2.60642919200695,75.2032520325203,44.5121951219512
2013-01-29 10,29.8719772403983,2.3892267593397047,71.13821138211382,51.52439024390242
2013-01-29 11,28.44950213371265,2.3892267593397047,79.77642276422762,55.4878048780488
2013-01-29 12,28.449502133712677,3.47523892267593,86.3821138211382,50.3048780487805
2013-01-29 13,29.1607396870555,3.258036490008685,84.85772357723577,45.73170731707317
2013-01-29 14,28.44950213371265,3.47523892267593,76.72764227642276,49.08536585365852
2013-01-29 15,26.8492176386913,3.04083405734144,80.79268292682926,49.6951219512195
2013-01-29 16,26.137980085348502,3.258036490008685,83.84146341463412,52.43902439024393
2013-01-29 17,27.2048364153627,3.47523892267593,88.41463414634146,53.35365853658537
2013-01-29 18,29.3385490753912,3.47523892267593,143.29268292682926,77.7439024390244
2013-01-29 19,31.472261735419625,3.47523892267593,202.23577235772376,92.37804878048776
2013-01-29 20,32.539118065433875,4.995655951346655,212.90650406504076,92.68292682926835
2013-01-29 21,30.049786628734,4.34404865334492,185.46747967479675,80.18292682926827
2013-01-29 22,26.6714082503556,4.34404865334492,197.1544715447155,77.13414634146343
2013-01-29 23,24.5376955903272,3.69244135534318,151.42276422764223,66.46341463414635
2013-01-30 00,23.2930298719772,2.823631624674195,117.8861788617885,58.53658536585368
2013-01-30 01,22.7596017069701,3.04083405734144,98.57723577235797,53.048780487804905
2013-01-30 02,22.7596017069701,3.475238922675932,85.8739837398374,47.86585365853657
2013-01-30 03,22.048364153627297,3.04083405734144,83.33333333333333,50.30487804878047
2013-01-30 04,22.0483641536273,3.04083405734144,81.80894308943087,45.12195121951217
2013-01-30 05,22.7596017069701,3.258036490008685,71.64634146341464,46.6463414634146
2013-01-30 06,24.35988620199145,3.04083405734144,78.76016260162602,52.1341463414634
2013-01-30 07,34.1394025604552,2.60642919200695,105.69105691056902,43.59756097560973
2013-01-30 08,34.139402560455174,2.3892267593397047,103.15040650406516,45.73170731707315
2013-01-30 09,31.827880512091028,2.3892267593397047,90.4471544715447,39.329268292682926
2013-01-30 10,30.2275960170697,2.3892267593397047,81.8089430894309,45.731707317073145
2013-01-30 11,28.805120910384097,2.823631624674195,69.10569105691057,45.42682926829265
2013-01-30 12,29.3385490753912,3.47523892267593,81.30081300813008,45.42682926829267
2013-01-30 13,29.5163584637269,3.258036490008685,81.8089430894309,51.52439024390242
2013-01-30 14,28.449502133712677,3.47523892267593,75.71138211382112,51.21951219512195
2013-01-30 15,26.6714082503556,3.258036490008685,82.8252032520325,54.26829268292685
2013-01-30 16,26.3157894736842,3.258036490008685,84.34959349593498,53.35365853658535
2013-01-30 17,26.8492176386913,3.47523892267593,98.5772357723576,50.60975609756095
2013-01-30 18,28.44950213371265,3.6924413553431776,160.060975609756,73.17073170731707
2013-01-30 19,32.18349928876248,5.430060816681145,214.43089430894295,79.57317073170734
2013-01-30 20,31.827880512091028,4.34404865334492,209.8577235772355,83.23170731707317
2013-01-30 21,29.87197724039828,4.34404865334492,188.51626016260172,70.73170731707317
2013-01-30 22,26.6714082503556,4.126846220677673,175.30487804878024,65.85365853658537
2013-01-30 23,24.8933143669986,3.258036490008685,146.34146341463423,55.7926829268293
2013-01-31 00,23.1152204836415,3.258036490008685,115.34552845528458,50.60975609756095
2013-01-31 01,22.5817923186344,2.823631624674195,93.49593495934964,44.51219512195122
2013-01-31 02,22.7596017069701,3.258036490008685,84.85772357723575,38.71951219512195
2013-01-31 03,22.0483641536273,3.258036490008685,82.3170731707317,39.6341463414634
2013-01-31 04,22.226173541963,3.04083405734144,78.25203252032517,38.414634146341456
2013-01-31 05,22.9374110953058,3.04083405734144,73.17073170731707,38.41463414634143
2013-01-31 06,24.182076813655748,3.47523892267593,77.23577235772358,45.731707317073145
2013-01-31 07,34.850640113798,2.60642919200695,89.9390243902439,48.475609756097576
2013-01-31 08,36.273115220483625,2.60642919200695,91.97154471544712,49.69512195121953
2013-01-31 09,31.650071123755303,3.04083405734144,90.95528455284564,44.5121951219512
2013-01-31 10,30.2275960170697,2.60642919200695,85.8739837398374,49.69512195121955
2013-01-31 11,29.5163584637269,2.60642919200695,83.3333333333333,38.109756097560975
2013-01-31 12,29.1607396870555,2.60642919200695,92.479674796748,38.109756097560975
2013-01-31 13,30.049786628734,2.823631624674195,96.54471544715445,43.59756097560975
2013-01-31 14,28.627311522048373,2.823631624674195,77.7439024390244,40.54878048780485
2013-01-31 15,26.6714082503556,3.04083405734144,78.76016260162602,40.85365853658537
2013-01-31 16,26.4935988620199,2.60642919200695,93.49593495934964,36.28048780487805
2013-01-31 17,26.4935988620199,3.47523892267593,104.16666666666676,43.29268292682925
2013-01-31 18,28.80512091038405,4.34404865334492,166.15853658536548,76.82926829268293
2013-01-31 19,31.82788051209105,4.344048653344918,221.0365853658535,89.02439024390242
2013-01-31 20,33.60597439544807,4.561251086012165,206.8089430894308,81.70731707317073
2013-01-31 21,29.8719772403983,4.561251086012165,195.121951219512,71.64634146341464
2013-01-31 22,26.3157894736842,4.34404865334492,169.20731707317077,76.52439024390245
2013-01-31 23,24.89331436699857,4.34404865334492,131.09756097560975,61.89024390243903
2013-02-01 00,23.470839260312925,3.04083405734144,101.62601626016252,55.48780487804878
2013-02-01 01,22.5817923186344,3.258036490008685,84.34959349593495,42.68292682926828
2013-02-01 02,22.5817923186344,3.04083405734144,81.30081300813005,36.58536585365853
2013-02-01 03,22.0483641536273,2.823631624674195,74.1869918699187,38.41463414634145
2013-02-01 04,22.5817923186344,3.258036490008685,65.0406504065041,38.71951219512192
2013-02-01 05,22.7596017069701,3.258036490008685,56.91056910569105,39.02439024390243
2013-02-01 06,24.00426742532005,4.12684622067767,61.4837398373984,41.463414634146304
2013-02-01 07,33.6059743954481,2.3892267593397047,92.47967479674809,53.35365853658538
2013-02-01 08,34.31721194879093,2.3892267593397047,99.5934959349593,47.5609756097561
2013-02-01 09,30.4054054054054,2.823631624674195,93.49593495934968,46.95121951219512
2013-02-01 10,28.9829302987198,3.04083405734144,79.77642276422762,52.43902439024395
2013-02-01 11,29.6941678520626,3.04083405734144,82.3170731707317,56.70731707317075
2013-02-01 12,28.9829302987198,3.258036490008685,97.0528455284553,54.8780487804878
2013-02-01 13,28.6273115220484,3.04083405734144,106.70731707317056,57.9268292682927
2013-02-01 14,27.91607396870555,3.47523892267593,112.29674796747976,59.14634146341465
2013-02-01 15,26.8492176386913,3.258036490008685,105.18292682926828,61.58536585365855
2013-02-01 16,26.3157894736842,3.47523892267593,113.31300813008124,62.8048780487805
2013-02-01 17,27.027027027027003,3.47523892267593,134.14634146341476,66.15853658536588
2013-02-01 18,28.093883357041225,3.47523892267593,181.91056910569125,75.0
2013-02-01 19,28.805120910384097,3.9096437880104222,207.31707317073176,75.91463414634148
2013-02-01 20,30.049786628734,4.561251086012162,228.150406504065,71.9512195121951
2013-02-01 21,28.09388335704125,4.126846220677672,188.5162601626015,77.13414634146343
2013-02-01 22,26.137980085348502,4.561251086012165,169.7154471544715,71.34146341463415
2013-02-01 23,24.53769559032717,4.561251086012165,140.2439024390245,62.19512195121953
2013-02-02 00,23.470839260312925,3.9096437880104222,108.73983739837402,56.0975609756098
2013-02-02 01,22.9374110953058,3.475238922675935,101.1178861788618,46.951219512195095
2013-02-02 02,22.7596017069701,3.04083405734144,86.3821138211382,42.0731707317073
2013-02-02 03,22.7596017069701,3.04083405734144,81.8089430894309,46.64634146341462
2013-02-02 04,22.5817923186344,3.04083405734144,69.61382113821136,40.24390243902437
2013-02-02 05,23.1152204836415,3.692441355343177,65.54878048780489,38.41463414634145
2013-02-02 06,23.1152204836415,3.04083405734144,70.1219512195122,46.951219512195095
2013-02-02 07,23.82645803698435,3.909643788010425,75.71138211382112,45.42682926829267
2013-02-02 08,27.382645803698427,3.04083405734144,86.890243902439,42.0731707317073
2013-02-02 09,32.36130867709815,3.04083405734144,111.78861788617884,55.487804878048806
2013-02-02 10,33.6059743954481,2.60642919200695,118.90243902439023,53.65853658536588
2013-02-02 11,33.783783783783775,2.60642919200695,112.8048780487805,49.69512195121953
2013-02-02 12,35.9174964438122,3.258036490008685,133.130081300813,50.91463414634148
2013-02-02 13,34.3172119487909,3.47523892267593,118.90243902439023,47.5609756097561
2013-02-02 14,33.96159317211948,3.258036490008685,126.01626016260175,46.95121951219512
2013-02-02 15,31.827880512091028,3.258036490008685,141.260162601626,50.91463414634148
2013-02-02 16,30.049786628734,3.47523892267593,153.9634146341465,50.3048780487805
2013-02-02 17,29.1607396870555,3.258036490008685,154.471544715447,54.57317073170735
2013-02-02 18,28.093883357041275,3.47523892267593,187.5,69.5121951219512
2013-02-02 19,28.80512091038408,5.647263249348392,214.93902439024376,69.51219512195125
2013-02-02 20,28.6273115220484,4.995655951346655,203.760162601626,74.08536585365854
2013-02-02 21,27.382645803698423,4.34404865334492,194.1056910569105,69.51219512195122
2013-02-02 22,25.24893314367,4.34404865334492,177.8455284552845,70.42682926829268
2013-02-02 23,24.53769559032717,3.69244135534318,150.4065040650405,63.41463414634147
2013-02-03 00,23.82645803698435,3.258036490008685,123.9837398373985,58.23170731707317
2013-02-03 01,23.1152204836415,3.258036490008685,96.03658536585368,50.609756097560975
2013-02-03 02,22.7596017069701,3.47523892267593,77.7439024390244,42.378048780487774
2013-02-03 03,22.9374110953058,3.47523892267593,66.0569105691057,36.890243902439
2013-02-03 04,22.5817923186344,3.47523892267593,66.5650406504065,42.0731707317073
2013-02-03 05,22.7596017069701,3.258036490008685,58.4349593495935,39.02439024390243
2013-02-03 06,22.9374110953058,3.47523892267593,58.943089430894325,38.109756097560975
2013-02-03 07,23.470839260312925,3.47523892267593,66.56504065040653,45.42682926829265
2013-02-03 08,25.782361308677125,3.6924413553431776,74.1869918699187,36.28048780487805
2013-02-03 09,31.29445234708393,2.823631624674195,89.93902439024387,46.64634146341462
2013-02-03 10,36.09530583214792,2.60642919200695,127.03252032520324,54.26829268292683
2013-02-03 11,39.2958748221906,2.823631624674195,165.1422764227645,50.00000000000003
2013-02-03 12,40.36273115220482,3.258036490008685,151.42276422764223,53.963414634146375
2013-02-03 13,38.7624466571835,3.47523892267593,118.3943089430895,45.73170731707317
2013-02-03 14,34.4950213371266,3.47523892267593,109.75609756097558,38.41463414634145
2013-02-03 15,31.650071123755325,3.6924413553431776,107.2154471544714,37.19512195121948
2013-02-03 16,28.09388335704125,3.6924413553431776,108.23170731707329,43.90243902439023
2013-02-03 17,28.27169274537697,4.126846220677672,110.7723577235775,48.170731707317074
2013-02-03 18,28.44950213371265,4.34404865334492,137.1951219512195,68.90243902439025
2013-02-03 19,31.4722617354196,4.561251086012165,177.8455284552845,71.95121951219512
2013-02-03 20,32.36130867709815,5.2128583840139004,188.51626016260124,80.1829268292683
2013-02-03 21,29.3385490753912,4.561251086012165,180.89430894308924,69.51219512195122
2013-02-03 22,26.137980085348502,4.995655951346655,146.84959349593498,67.07317073170732
2013-02-03 23,24.53769559032717,4.7784535186794095,129.57317073170725,68.59756097560975
2013-02-04 00,23.648648648648624,3.4752389226759326,103.65853658536602,57.01219512195122
2013-02-04 01,22.9374110953058,3.47523892267593,94.00406504065036,45.42682926829265
2013-02-04 02,22.4039829302987,3.04083405734144,85.8739837398374,44.20731707317072
2013-02-04 03,21.8705547652916,3.258036490008685,85.87398373983737,50.0
2013-02-04 04,21.692745376955894,3.258036490008685,70.63008130081303,41.76829268292683
2013-02-04 05,22.7596017069701,3.258036490008685,67.07317073170732,43.59756097560975
2013-02-04 06,23.648648648648624,3.258036490008685,78.25203252032523,49.69512195121953
2013-02-04 07,33.6059743954481,3.04083405734144,91.4634146341463,53.35365853658538
2013-02-04 08,33.783783783783775,2.60642919200695,97.05284552845524,52.4390243902439
2013-02-04 09,29.5163584637269,2.60642919200695,85.36585365853658,46.95121951219512
2013-02-04 10,29.6941678520626,3.0408340573414425,84.85772357723575,50.30487804878047
2013-02-04 11,29.8719772403983,3.258036490008685,81.30081300813008,48.170731707317046
2013-02-04 12,29.1607396870555,3.04083405734144,91.97154471544718,52.7439024390244
2013-02-04 13,30.049786628734,3.258036490008685,80.28455284552842,50.30487804878047
2013-02-04 14,29.3385490753912,3.47523892267593,72.15447154471545,45.12195121951217
2013-02-04 15,27.204836415362724,3.258036490008685,79.77642276422762,49.08536585365855
2013-02-04 16,26.8492176386913,3.47523892267593,84.85772357723577,50.609756097560975
2013-02-04 17,27.2048364153627,3.47523892267593,90.4471544715448,50.30487804878047
2013-02-04 18,28.80512091038408,3.6924413553431776,154.97967479674824,68.90243902439025
2013-02-04 19,31.29445234708393,4.126846220677667,200.71138211382075,81.70731707317073
2013-02-04 20,33.60597439544807,4.561251086012165,223.0691056910565,78.96341463414635
2013-02-04 21,29.8719772403983,4.561251086012165,208.3333333333333,72.5609756097561
2013-02-04 22,26.8492176386913,4.561251086012165,192.07317073170725,74.39024390243905
2013-02-04 23,24.8933143669986,4.34404865334492,135.670731707317,63.4146341463415
2013-02-05 00,23.470839260312925,3.692441355343177,108.23170731707329,60.3658536585366
2013-02-05 01,22.7596017069701,3.47523892267593,98.06910569105702,47.56097560975607
2013-02-05 02,22.7596017069701,3.258036490008685,96.03658536585375,39.6341463414634
2013-02-05 03,22.7596017069701,3.04083405734144,90.9552845528455,39.6341463414634
2013-02-05 04,22.5817923186344,3.47523892267593,73.6788617886179,46.036585365853625
2013-02-05 05,23.1152204836415,3.258036490008685,76.72764227642278,39.9390243902439
2013-02-05 06,23.82645803698435,3.692441355343177,79.26829268292683,47.56097560975607
2013-02-05 07,34.850640113798,2.60642919200695,92.47967479674791,52.7439024390244
2013-02-05 08,34.4950213371266,3.258036490008688,103.65853658536582,50.91463414634148
2013-02-05 09,29.8719772403983,2.60642919200695,101.1178861788616,46.34146341463415
2013-02-05 10,29.1607396870555,3.6924413553431776,88.92276422764228,45.731707317073145
2013-02-05 11,28.449502133712677,3.47523892267593,86.3821138211382,50.30487804878047
2013-02-05 12,28.6273115220484,3.47523892267593,102.1341463414636,51.82926829268296
2013-02-05 13,28.9829302987198,3.47523892267593,80.79268292682926,49.08536585365852
2013-02-05 14,29.516358463726903,3.47523892267593,69.61382113821139,49.0853658536585
2013-02-05 15,27.73826458036985,3.47523892267593,69.61382113821138,45.12195121951217
2013-02-05 16,25.9601706970128,3.47523892267593,85.87398373983737,46.03658536585365
2013-02-05 17,26.6714082503556,3.47523892267593,89.43089430894307,51.52439024390242
2013-02-05 18,28.627311522048373,3.6924413553431776,131.09756097560984,74.39024390243902
2013-02-05 19,31.82788051209105,3.47523892267593,190.548780487805,89.6341463414634
2013-02-05 20,33.7837837837838,4.7784535186794095,196.6463414634148,98.78048780487808
2013-02-05 21,30.049786628733976,4.561251086012165,175.3048780487805,92.07317073170732
2013-02-05 22,26.6714082503556,4.12684622067767,175.3048780487805,76.21951219512195
2013-02-05 23,24.715504978662874,3.04083405734144,127.54065040650426,62.5
2013-02-06 00,23.2930298719772,3.04083405734144,100.1016260162604,56.097560975609774
2013-02-06 01,23.1152204836415,3.04083405734144,88.41463414634146,43.9024390243902
2013-02-06 02,22.7596017069701,3.258036490008685,77.74390243902437,41.7682926829268
2013-02-06 03,22.7596017069701,3.04083405734144,71.64634146341464,47.56097560975605
2013-02-06 04,22.7596017069701,3.04083405734144,73.6788617886179,41.463414634146346
2013-02-06 05,23.1152204836415,3.04083405734144,66.0569105691057,43.59756097560975
2013-02-06 06,24.18207681365575,3.04083405734144,72.15447154471545,50.0
2013-02-06 07,35.56187766714083,2.60642919200695,90.95528455284553,54.26829268292683
2013-02-06 08,36.628733997155024,2.60642919200695,89.43089430894305,51.829268292682926
2013-02-06 09,30.5832147937411,2.60642919200695,94.5121951219512,44.20731707317072
2013-02-06 10,29.160739687055475,2.60642919200695,74.6951219512195,50.91463414634148
2013-02-06 11,29.1607396870555,3.47523892267593,77.74390243902437,50.0
2013-02-06 12,29.6941678520626,3.6924413553431776,83.84146341463412,45.42682926829267
2013-02-06 13,29.1607396870555,3.6924413553431776,80.79268292682927,49.6951219512195
2013-02-06 14,28.627311522048373,3.6924413553431776,79.77642276422765,45.12195121951217
2013-02-06 15,26.8492176386913,3.6924413553431776,88.41463414634146,48.78048780487805
2013-02-06 16,26.8492176386913,3.6924413553431776,103.15040650406512,54.26829268292685
2013-02-06 17,27.027027027027,4.126846220677672,108.23170731707332,56.70731707317075
2013-02-06 18,29.160739687055475,4.34404865334492,149.89837398373976,64.93902439024393
2013-02-06 19,32.18349928876245,4.34404865334492,211.382113821138,79.2682926829268
2013-02-06 20,34.139402560455174,4.7784535186794095,193.59756097560972,94.5121951219512
2013-02-06 21,30.2275960170697,4.995655951346655,190.04065040650372,75.0
2013-02-06 22,26.4935988620199,4.561251086012165,187.5,69.81707317073173
2013-02-06 23,24.8933143669986,3.6924413553431776,148.88211382113826,72.56097560975607
2013-02-07 00,23.470839260312925,3.04083405734144,105.18292682926828,62.80487804878048
2013-02-07 01,22.9374110953058,3.258036490008685,86.3821138211382,48.170731707317074
2013-02-07 02,23.1152204836415,3.04083405734144,84.85772357723577,43.29268292682925
2013-02-07 03,22.4039829302987,3.04083405734144,83.84146341463412,52.43902439024393
2013-02-07 04,22.5817923186344,3.04083405734144,71.64634146341464,46.951219512195095
2013-02-07 05,22.9374110953058,3.04083405734144,69.10569105691057,49.6951219512195
2013-02-07 06,24.182076813655748,3.47523892267593,74.1869918699187,53.65853658536588
2013-02-07 07,35.56187766714083,2.823631624674195,99.59349593495956,54.57317073170733
2013-02-07 08,36.09530583214793,2.60642919200695,102.6422764227644,49.39024390243903
2013-02-07 09,31.82788051209105,2.60642919200695,94.5121951219513,41.463414634146325
2013-02-07 10,30.7610241820768,3.04083405734144,84.34959349593495,51.21951219512195
2013-02-07 11,29.8719772403983,3.47523892267593,81.30081300813005,55.182926829268304
2013-02-07 12,29.1607396870555,3.47523892267593,96.03658536585374,53.35365853658538
2013-02-07 13,28.627311522048373,3.04083405734144,90.9552845528456,49.08536585365855
2013-02-07 14,28.09388335704125,3.258036490008685,72.15447154471545,47.86585365853657
2013-02-07 15,27.027027027027,2.823631624674195,78.760162601626,47.256097560975576
2013-02-07 16,26.8492176386913,3.04083405734144,87.39837398373982,47.56097560975607
2013-02-07 17,26.6714082503556,3.04083405734144,109.24796747967484,51.21951219512195
2013-02-07 18,28.80512091038408,3.47523892267593,146.849593495935,69.20731707317073
2013-02-07 19,31.650071123755325,3.258036490008685,215.9552845528455,89.32926829268293
2013-02-07 20,34.31721194879088,4.34404865334492,223.5772357723575,89.939024390244
2013-02-07 21,29.3385490753912,4.34404865334492,201.727642276423,73.47560975609758
2013-02-07 22,26.849217638691325,4.34404865334492,180.3861788617885,80.18292682926827
2013-02-07 23,24.8933143669986,4.34404865334492,149.390243902439,68.90243902439025
2013-02-08 00,23.1152204836415,3.909643788010425,104.1666666666666,56.09756097560975
2013-02-08 01,22.9374110953058,2.823631624674195,88.41463414634146,43.90243902439023
2013-02-08 02,22.9374110953058,2.823631624674195,85.8739837398374,42.378048780487774
2013-02-08 03,22.7596017069701,2.17202432667246,80.28455284552842,49.08536585365855
2013-02-08 04,22.7596017069701,1.954821894005215,73.67886178861787,43.59756097560973
2013-02-08 05,23.1152204836415,1.954821894005215,72.66260162601625,44.81707317073168
2013-02-08 06,24.182076813655776,2.17202432667246,73.6788617886179,51.52439024390242
2013-02-08 07,35.73968705547652,2.3892267593397047,105.18292682926833,52.7439024390244
2013-02-08 08,36.98435277382647,2.6064291920069524,99.08536585365854,53.35365853658537
2013-02-08 09,31.4722617354196,2.17202432667246,87.39837398373984,52.4390243902439
2013-02-08 10,30.2275960170697,2.60642919200695,80.28455284552842,55.1829268292683
2013-02-08 11,29.516358463726903,2.60642919200695,83.84146341463412,51.52439024390245
2013-02-08 12,29.5163584637269,3.04083405734144,96.03658536585355,52.7439024390244
2013-02-08 13,28.805120910384097,3.04083405734144,94.51219512195118,52.43902439024393
2013-02-08 14,28.09388335704125,2.823631624674195,85.8739837398374,52.43902439024393
2013-02-08 15,27.3826458036984,3.258036490008685,95.02032520325211,52.43902439024393
2013-02-08 16,27.91607396870555,3.04083405734144,111.28048780487823,56.70731707317076
2013-02-08 17,24.35988620199145,3.258036490008685,118.3943089430895,54.57317073170735
2013-02-08 18,22.0483641536273,3.909643788010425,152.94715447154476,72.8658536585366
2013-02-08 19,28.80512091038408,3.909643788010425,207.82520325203225,91.76829268292684
2013-02-08 20,29.8719772403983,3.47523892267593,217.9878048780485,81.40243902439022
2013-02-08 21,28.27169274537697,3.47523892267593,206.8089430894308,83.23170731707317
2013-02-08 22,25.7823613086771,3.6924413553431776,181.40243902439,76.52439024390245
2013-02-08 23,24.5376955903272,3.47523892267593,147.8658536585365,75.60975609756098
2013-02-09 00,23.470839260312925,2.3892267593397047,124.99999999999974,62.50000000000003
2013-02-09 01,22.9374110953058,2.3892267593397047,100.6097560975609,52.7439024390244
2013-02-09 02,22.9374110953058,2.3892267593397047,90.4471544715447,43.29268292682925
2013-02-09 03,22.7596017069701,2.3892267593397047,82.82520325203251,51.21951219512198
2013-02-09 04,22.9374110953058,2.17202432667246,75.71138211382112,45.12195121951217
2013-02-09 05,23.2930298719772,2.3892267593397047,74.1869918699187,46.036585365853625
2013-02-09 06,23.2930298719772,1.954821894005215,72.66260162601625,53.963414634146375
2013-02-09 07,24.359886201991475,2.17202432667246,81.30081300813008,49.69512195121953
2013-02-09 08,28.27169274537695,1.954821894005215,85.87398373983737,57.6219512195122
2013-02-09 09,35.2062588904694,3.04083405734144,120.93495934959375,62.50000000000003
2013-02-09 10,37.873399715505,2.17202432667246,132.11382113821125,64.9390243902439
2013-02-09 11,39.2958748221906,2.3892267593397047,141.260162601626,55.7926829268293
2013-02-09 12,40.007112375533424,3.04083405734144,140.2439024390245,59.756097560975626
2013-02-09 13,38.4068278805121,3.258036490008685,127.540650406504,53.65853658536588
2013-02-09 14,36.80654338549075,3.6924413553431776,136.68699186991876,57.62195121951223
2013-02-09 15,34.4950213371266,3.47523892267593,135.670731707317,64.32926829268293
2013-02-09 16,32.18349928876243,3.258036490008685,117.88617886178876,59.14634146341465
2013-02-09 17,32.894736842105274,3.47523892267593,117.37804878048776,69.20731707317071
2013-02-09 18,32.005689900426745,3.47523892267593,175.30487804878024,80.79268292682929
2013-02-09 19,32.18349928876245,3.47523892267593,234.7560975609755,77.7439024390244
2013-02-09 20,30.7610241820768,3.47523892267593,223.5772357723575,88.10975609756095
2013-02-09 21,27.738264580369822,3.47523892267593,207.31707317073176,78.65853658536588
2013-02-09 22,25.6045519203414,3.47523892267593,173.27235772357724,77.43902439024387
2013-02-09 23,24.8933143669986,3.47523892267593,139.7357723577235,77.43902439024393
2013-02-10 00,23.82645803698435,2.60642919200695,114.329268292683,70.1219512195122
2013-02-10 01,23.2930298719772,2.3892267593397047,97.56097560975606,57.01219512195123
2013-02-10 02,22.9374110953058,2.3892267593397047,95.020325203252,46.951219512195095
2013-02-10 03,22.4039829302987,2.17202432667246,89.9390243902439,46.34146341463412
2013-02-10 04,22.4039829302987,2.17202432667246,79.26829268292683,58.53658536585368
2013-02-10 05,22.7596017069701,2.17202432667246,72.15447154471542,51.52439024390245
2013-02-10 06,22.5817923186344,2.17202432667246,66.5650406504065,51.82926829268296
2013-02-10 07,23.4708392603129,2.17202432667246,74.6951219512195,53.65853658536582
2013-02-10 08,25.0711237553343,2.17202432667246,81.80894308943087,48.170731707317046
2013-02-10 09,32.36130867709815,1.73761946133797,103.1504065040651,52.43902439024387
2013-02-10 10,37.33997155049787,3.0408340573414425,131.60569105691025,73.47560975609758
2013-02-10 11,35.56187766714083,2.823631624674195,171.23983739837374,81.40243902439022
2013-02-10 12,37.6955903271693,2.823631624674195,168.19105691056924,81.09756097560975
2013-02-10 13,36.273115220483646,2.823631624674195,140.2439024390245,75.60975609756095
2013-02-10 14,31.827880512091028,2.823631624674195,126.0162601626015,61.585365853658544
2013-02-10 15,29.160739687055475,3.258036490008685,125.50813008130076,61.89024390243903
2013-02-10 16,27.027027027027,3.258036490008685,135.16260162601623,63.71951219512195
2013-02-10 17,26.3157894736842,4.344048653344915,134.1463414634145,62.8048780487805
2013-02-10 18,27.027027027027,5.864465682015634,164.12601626016274,74.08536585365852
2013-02-10 19,28.80512091038408,5.864465682015634,190.04065040650372,71.64634146341464
2013-02-10 20,28.627311522048373,5.2128583840139,206.30081300813,81.70731707317074
2013-02-10 21,27.3826458036984,5.2128583840139,186.48373983739825,79.57317073170734
2013-02-10 22,25.4267425320057,1.7376194613379674,189.02439024390225,76.52439024390245
2013-02-10 23,24.3598862019915,0.868809730668983,152.9471544715445,68.59756097560975
2013-02-11 00,23.1152204836415,0.868809730668983,126.0162601626015,64.02439024390245
2013-02-11 01,22.9374110953058,0.868809730668983,105.18292682926828,50.91463414634148
2013-02-11 02,22.7596017069701,0.868809730668983,94.51219512195132,45.731707317073145
2013-02-11 03,22.5817923186344,0.868809730668983,84.85772357723577,50.60975609756101
2013-02-11 04,22.5817923186344,0.868809730668983,78.2520325203252,43.90243902439023
2013-02-11 05,22.5817923186344,0.868809730668983,77.23577235772355,42.378048780487774
2013-02-11 06,23.470839260312925,0.868809730668983,77.7439024390244,50.91463414634145
2013-02-11 07,26.849217638691325,1.08601216333623,89.43089430894305,52.13414634146345
2013-02-11 08,30.049786628734,0.868809730668983,88.41463414634146,51.52439024390245
2013-02-11 09,31.2944523470839,0.868809730668983,89.9390243902439,46.64634146341463
2013-02-11 10,33.07254623044095,2.823631624674196,94.00406504065036,58.23170731707317
2013-02-11 11,32.36130867709813,3.4752389226759326,107.72357723577224,63.71951219512198
2013-02-11 12,32.71692745376955,2.823631624674195,118.90243902439023,72.5609756097561
2013-02-11 13,30.938833570412505,2.823631624674195,132.11382113821125,58.23170731707317
2013-02-11 14,28.80512091038408,2.60642919200695,126.0162601626015,60.0609756097561
2013-02-11 15,26.3157894736842,2.60642919200695,127.540650406504,69.51219512195122
2013-02-11 16,25.6045519203414,2.60642919200695,125.0,68.29268292682927
2013-02-11 17,19.02560455192032,2.823631624674195,128.04878048780475,66.15853658536585
2013-02-11 18,27.73826458036985,3.909643788010425,182.418699186992,89.93902439024387
2013-02-11 19,29.1607396870555,3.47523892267593,231.19918699187,102.74390243902452
2013-02-11 20,30.049786628734,3.909643788010425,216.46341463414623,91.46341463414632
2013-02-11 21,27.73826458036985,4.126846220677673,201.21951219512172,83.53658536585365
2013-02-11 22,25.6045519203414,4.34404865334492,189.532520325203,82.3170731707317
2013-02-11 23,24.5376955903272,2.823631624674195,148.3739837398375,73.78048780487805
2013-02-12 00,23.2930298719772,2.60642919200695,128.04878048780475,64.32926829268293
2013-02-12 01,22.7596017069701,2.60642919200695,101.11788617886172,60.6707317073171
2013-02-12 02,22.7596017069701,2.60642919200695,86.3821138211382,53.65853658536588
2013-02-12 03,22.4039829302987,2.60642919200695,85.36585365853658,52.43902439024393
2013-02-12 04,22.7596017069701,2.60642919200695,86.3821138211382,59.756097560975626
2013-02-12 05,22.5817923186344,2.60642919200695,82.82520325203251,54.8780487804878
2013-02-12 06,22.7596017069701,2.60642919200695,83.84146341463415,60.3658536585366
2013-02-12 07,24.182076813655776,2.3892267593397047,80.28455284552845,53.96341463414635
2013-02-12 08,25.7823613086771,2.3892267593397047,88.92276422764228,48.170731707317074
2013-02-12 09,28.27169274537695,2.17202432667246,96.5447154471545,50.0
2013-02-12 10,31.294452347083904,2.823631624674195,119.410569105691,59.756097560975626
2013-02-12 11,30.9388335704125,2.3892267593397047,134.65447154471525,57.6219512195122
2013-02-12 12,32.539118065433875,2.17202432667246,138.719512195122,57.6219512195122
2013-02-12 13,30.7610241820768,3.47523892267593,133.63821138211375,54.57317073170735
2013-02-12 14,30.049786628734,3.258036490008685,134.6544715447155,48.475609756097576
2013-02-12 15,27.027027027027,3.47523892267593,120.4268292682925,56.097560975609774
2013-02-12 16,26.137980085348502,3.258036490008685,123.9837398373985,53.35365853658538
2013-02-12 17,26.3157894736842,3.258036490008685,139.7357723577235,53.04878048780488
2013-02-12 18,26.8492176386913,3.258036490008685,187.5,64.02439024390245
2013-02-12 19,28.982930298719776,4.126846220677672,223.5772357723577,67.6829268292683
2013-02-12 20,29.1607396870555,5.2128583840139004,210.87398373983723,74.39024390243902
2013-02-12 21,27.560455192034127,4.7784535186794095,201.21951219512172,74.08536585365852
2013-02-12 22,25.4267425320057,3.909643788010425,188.51626016260172,78.65853658536585
2013-02-12 23,24.1820768136558,3.6924413553431776,147.86585365853676,75.91463414634148
2013-02-13 00,22.7596017069701,3.47523892267593,113.821138211382,60.67073170731708
2013-02-13 01,22.7596017069701,3.47523892267593,102.13414634146348,50.00000000000003
2013-02-13 02,22.7596017069701,3.47523892267593,85.87398373983737,43.29268292682925
2013-02-13 03,21.8705547652916,3.47523892267593,87.39837398373982,50.609756097560975
2013-02-13 04,21.8705547652916,3.47523892267593,76.21951219512195,42.07317073170727
2013-02-13 05,22.5817923186344,3.47523892267593,74.1869918699187,42.98780487804875
2013-02-13 06,23.2930298719772,3.6924413553431776,76.72764227642276,50.00000000000003
2013-02-13 07,27.38264580369845,3.04083405734144,102.64227642276414,52.43902439024393
2013-02-13 08,31.4722617354196,3.4752389226759326,91.46341463414632,50.609756097560975
2013-02-13 09,30.5832147937411,3.692441355343177,100.60975609756105,49.39024390243903
2013-02-13 10,30.049786628734,2.823631624674195,95.02032520325211,58.53658536585368
2013-02-13 11,28.982930298719776,3.47523892267593,106.19918699187,49.39024390243903
2013-02-13 12,30.2275960170697,3.04083405734144,97.56097560975608,48.475609756097576
2013-02-13 13,28.982930298719776,3.258036490008685,95.02032520325204,51.21951219512195
2013-02-13 14,28.09388335704125,3.04083405734144,81.80894308943087,43.59756097560975
2013-02-13 15,26.8492176386913,3.47523892267593,83.84146341463412,46.34146341463415
2013-02-13 16,26.6714082503556,3.04083405734144,86.38211382113822,46.03658536585365
2013-02-13 17,26.6714082503556,3.04083405734144,98.5772357723576,49.08536585365852
2013-02-13 18,27.91607396870555,3.258036490008685,148.3739837398375,72.5609756097561
2013-02-13 19,26.315789473684227,4.344048653344915,232.7235772357725,88.10975609756096
2013-02-13 20,32.539118065433875,4.561251086012165,242.88617886178875,79.26829268292683
2013-02-13 21,28.80512091038408,4.995655951346655,206.808943089431,79.26829268292683
2013-02-13 22,26.137980085348502,4.561251086012165,168.69918699187025,82.6219512195122
2013-02-13 23,24.359886201991475,4.561251086012165,133.130081300813,76.82926829268293
2013-02-14 00,23.2930298719772,4.34404865334492,106.19918699186964,62.50000000000003
2013-02-14 01,22.7596017069701,3.04083405734144,84.85772357723576,46.64634146341462
2013-02-14 02,22.7596017069701,3.258036490008685,81.30081300813008,45.731707317073145
2013-02-14 03,21.8705547652916,3.04083405734144,80.28455284552845,51.21951219512195
2013-02-14 04,21.8705547652916,3.258036490008685,67.07317073170732,43.90243902439022
2013-02-14 05,22.7596017069701,3.47523892267593,76.21951219512192,48.47560975609755
2013-02-14 06,23.82645803698435,3.04083405734144,72.15447154471542,53.3536585365854
2013-02-14 07,34.4950213371266,2.823631624674195,89.9390243902439,58.84146341463415
2013-02-14 08,34.3172119487909,2.60642919200695,92.98780487804876,48.170731707317046
2013-02-14 09,30.7610241820768,2.823631624674195,91.4634146341463,42.37804878048782
2013-02-14 10,29.6941678520626,2.823631624674195,77.74390243902437,59.14634146341465
2013-02-14 11,24.8933143669986,2.60642919200695,79.77642276422765,54.26829268292688
2013-02-14 12,11.3798008534851,3.475238922675932,100.60975609756083,55.79268292682927
2013-02-14 13,11.379800853485076,3.47523892267593,79.26829268292683,47.86585365853657
2013-02-14 14,22.403982930298724,3.04083405734144,74.1869918699187,39.02439024390242
2013-02-14 15,20.44807965860597,3.258036490008685,76.21951219512195,35.975609756097555
2013-02-14 16,22.048364153627304,3.47523892267593,80.79268292682927,41.15853658536585
2013-02-14 17,27.382645803698423,3.47523892267593,90.9552845528455,46.95121951219512
2013-02-14 18,28.627311522048373,3.6924413553431776,135.670731707317,71.34146341463415
2013-02-14 19,32.36130867709815,4.995655951346655,206.30081300813,85.97560975609755
2013-02-14 20,32.18349928876243,5.430060816681145,221.0365853658537,79.57317073170734
2013-02-14 21,29.160739687055475,4.7784535186794095,182.41869918699172,70.1219512195122
2013-02-14 22,26.3157894736842,5.2128583840139,158.0284552845525,75.30487804878047
2013-02-14 23,24.53769559032717,4.7784535186794095,126.01626016260175,68.29268292682927
2013-02-15 00,23.11522048364152,4.344048653344918,110.77235772357724,50.91463414634145
2013-02-15 01,22.7596017069701,3.47523892267593,85.36585365853658,46.95121951219512
2013-02-15 02,22.7596017069701,3.47523892267593,82.31707317073173,43.90243902439022
2013-02-15 03,22.4039829302987,3.47523892267593,77.2357723577236,43.29268292682922
2013-02-15 04,22.5817923186344,3.47523892267593,73.67886178861788,42.6829268292683
2013-02-15 05,22.7596017069701,3.47523892267593,65.54878048780486,45.12195121951217
2013-02-15 06,23.82645803698435,3.47523892267593,73.67886178861787,51.82926829268296
2013-02-15 07,34.31721194879088,2.823631624674195,80.28455284552845,56.09756097560978
2013-02-15 08,35.56187766714082,3.0408340573414425,84.85772357723577,50.30487804878047
2013-02-15 09,31.650071123755303,3.0408340573414425,99.59349593495917,49.08536585365852
2013-02-15 10,31.4722617354196,3.258036490008685,92.47967479674791,47.256097560975576
2013-02-15 11,31.1166429587482,3.04083405734144,71.64634146341464,49.39024390243903
2013-02-15 12,30.2275960170697,2.823631624674195,85.87398373983737,48.170731707317046
2013-02-15 13,29.1607396870555,3.258036490008685,78.2520325203252,45.1219512195122
2013-02-15 14,29.1607396870555,3.258036490008685,84.34959349593495,44.8170731707317
2013-02-15 15,27.382645803698423,3.04083405734144,83.33333333333331,41.463414634146325
2013-02-15 16,26.6714082503556,3.04083405734144,100.10162601626024,39.329268292682926
2013-02-15 17,27.5604551920341,3.258036490008685,102.6422764227643,41.15853658536585
2013-02-15 18,29.5163584637269,3.47523892267593,144.30894308943076,59.45121951219512
2013-02-15 19,31.116642958748223,4.561251086012162,201.7276422764225,82.3170731707317
2013-02-15 20,31.116642958748223,4.995655951346655,187.5,87.1951219512195
2013-02-15 21,28.80512091038405,4.561251086012165,167.6829268292685,71.64634146341461
2013-02-15 22,25.9601706970128,4.34404865334492,148.37398373983726,84.14634146341463
2013-02-15 23,24.7155049786629,4.34404865334492,117.8861788617885,71.34146341463415
2013-02-16 00,23.648648648648624,4.34404865334492,103.15040650406532,66.15853658536588
2013-02-16 01,23.1152204836415,3.909643788010425,93.49593495934955,53.35365853658538
2013-02-16 02,22.9374110953058,2.60642919200695,84.34959349593495,49.08536585365852
2013-02-16 03,22.5817923186344,2.60642919200695,78.25203252032523,52.13414634146342
2013-02-16 04,22.5817923186344,2.823631624674195,82.82520325203251,41.15853658536582
2013-02-16 05,22.5817923186344,3.04083405734144,72.66260162601625,43.90243902439025
2013-02-16 06,22.7596017069701,2.823631624674195,76.21951219512192,51.21951219512195
2013-02-16 07,24.004267425320048,3.04083405734144,84.85772357723575,46.34146341463415
2013-02-16 08,26.849217638691325,3.04083405734144,89.9390243902439,47.86585365853657
2013-02-16 09,32.539118065433854,3.0408340573414425,112.29674796747958,47.2560975609756
2013-02-16 10,33.783783783783804,3.258036490008685,122.96747967479676,50.30487804878047
2013-02-16 11,34.6728307254623,3.47523892267593,116.36178861788623,46.03658536585365
2013-02-16 12,34.1394025604552,3.258036490008685,125.00000000000026,36.890243902439
2013-02-16 13,34.4950213371266,3.47523892267593,111.280487804878,46.03658536585365
2013-02-16 14,33.9615931721195,3.47523892267593,114.83739837398376,47.8658536585366
2013-02-16 15,29.5163584637269,3.47523892267593,130.589430894309,47.5609756097561
2013-02-16 16,27.560455192034127,3.47523892267593,139.7357723577235,56.09756097560975
2013-02-16 17,27.560455192034127,3.47523892267593,139.7357723577235,58.84146341463415
2013-02-16 18,28.627311522048373,3.47523892267593,163.6178861788615,64.93902439024393
2013-02-16 19,29.8719772403983,4.344048653344915,206.8089430894308,73.47560975609755
2013-02-16 20,30.5832147937411,4.77845351867941,199.1869918699185,79.26829268292683
2013-02-16 21,27.738264580369822,3.6924413553431776,163.109756097561,69.51219512195122
2013-02-16 22,26.137980085348502,2.823631624674195,147.86585365853676,66.76829268292684
2013-02-16 23,25.6045519203414,2.823631624674195,134.14634146341476,63.109756097560975
2013-02-17 00,24.182076813655776,3.04083405734144,131.6056910569105,58.2317073170732
2013-02-17 01,23.82645803698435,3.258036490008685,107.2154471544716,53.35365853658538
2013-02-17 02,23.1152204836415,3.04083405734144,95.020325203252,43.29268292682925
2013-02-17 03,22.9374110953058,2.823631624674195,86.3821138211382,41.7682926829268
2013-02-17 04,22.9374110953058,2.823631624674195,81.8089430894309,46.64634146341462
2013-02-17 05,23.1152204836415,2.60642919200695,74.69512195121953,41.463414634146325
2013-02-17 06,23.2930298719772,2.17202432667246,73.17073170731707,42.378048780487774
2013-02-17 07,24.00426742532008,2.60642919200695,81.30081300813008,46.6463414634146
2013-02-17 08,25.24893314367,3.258036490008688,79.77642276422762,45.12195121951218
2013-02-17 09,28.09388335704125,2.60642919200695,107.21544715447176,47.86585365853657
2013-02-17 10,31.650071123755325,2.823631624674195,117.8861788617885,52.7439024390244
2013-02-17 11,34.850640113798,3.04083405734144,160.060975609756,62.80487804878052
2013-02-17 12,36.80654338549078,2.823631624674195,158.02845528455276,73.47560975609755
2013-02-17 13,35.56187766714085,3.258036490008685,125.50813008130076,61.58536585365857
2013-02-17 14,32.894736842105274,3.258036490008685,111.28048780487823,53.35365853658535
2013-02-17 15,28.27169274537697,3.258036490008685,126.0162601626015,57.62195121951223
2013-02-17 16,26.8492176386913,3.258036490008685,113.821138211382,54.57317073170735
2013-02-17 17,26.8492176386913,3.258036490008685,122.96747967479676,54.26829268292683
2013-02-17 18,28.09388335704125,3.47523892267593,144.30894308943076,60.06097560975613
2013-02-17 19,29.516358463726903,4.34404865334492,178.861788617886,73.47560975609758
2013-02-17 20,18.847795163584625,4.344048653344918,197.66260162601623,81.09756097560975
2013-02-17 21,27.91607396870557,4.778453518679407,177.8455284552845,74.69512195121953
2013-02-17 22,25.7823613086771,3.258036490008688,166.66666666666674,71.95121951219512
2013-02-17 23,24.7155049786629,3.04083405734144,139.227642276423,68.59756097560975
2013-02-18 00,23.4708392603129,2.60642919200695,107.7235772357722,56.70731707317073
2013-02-18 01,22.7596017069701,2.823631624674195,85.36585365853657,51.21951219512195
2013-02-18 02,22.7596017069701,2.60642919200695,84.34959349593495,44.81707317073168
2013-02-18 03,22.4039829302987,2.60642919200695,88.41463414634146,45.12195121951218
2013-02-18 04,22.5817923186344,2.60642919200695,83.3333333333333,40.85365853658535
2013-02-18 05,22.5817923186344,2.823631624674195,78.2520325203252,42.0731707317073
2013-02-18 06,23.64864864864865,2.3892267593397047,81.8089430894309,45.73170731707317
2013-02-18 07,34.3172119487909,2.3892267593397047,79.77642276422762,48.78048780487805
2013-02-18 08,33.60597439544807,2.17202432667246,85.36585365853658,48.475609756097576
2013-02-18 09,30.2275960170697,1.73761946133797,78.2520325203252,47.56097560975607
2013-02-18 10,30.2275960170697,1.73761946133797,77.23577235772358,46.03658536585365
2013-02-18 11,28.982930298719776,1.954821894005215,68.59756097560978,47.8658536585366
2013-02-18 12,29.1607396870555,2.3892267593397047,77.7439024390244,52.7439024390244
2013-02-18 13,29.6941678520626,3.258036490008688,77.7439024390244,44.51219512195117
2013-02-18 14,27.91607396870555,2.823631624674195,70.1219512195122,40.54878048780488
2013-02-18 15,27.2048364153627,2.823631624674195,71.64634146341464,45.73170731707315
2013-02-18 16,27.027027027027,3.04083405734144,75.71138211382112,46.951219512195095
2013-02-18 17,26.8492176386913,3.6924413553431776,94.5121951219513,49.39024390243903
2013-02-18 18,28.449502133712677,4.126846220677672,158.028455284553,62.804878048780495
2013-02-18 19,30.7610241820768,3.909643788010425,192.581300813008,80.79268292682929
2013-02-18 20,33.2503556187767,4.34404865334492,203.2520325203253,81.40243902439022
2013-02-18 21,30.049786628734,4.7784535186794095,197.662601626016,74.08536585365854
2013-02-18 22,26.671408250355626,3.909643788010425,175.3048780487805,68.59756097560978
2013-02-18 23,24.7155049786629,3.04083405734144,136.17886178861775,62.50000000000003
2013-02-19 00,23.2930298719772,3.258036490008685,116.86991869918674,57.621951219512205
2013-02-19 01,23.1152204836415,3.04083405734144,92.47967479674796,49.6951219512195
2013-02-19 02,22.9374110953058,2.823631624674195,79.77642276422765,45.42682926829267
2013-02-19 03,22.4039829302987,2.823631624674195,78.2520325203252,42.68292682926828
2013-02-19 04,22.5817923186344,2.60642919200695,65.04065040650407,39.02439024390242
2013-02-19 05,22.7596017069701,2.823631624674195,65.04065040650407,38.10975609756096
2013-02-19 06,23.82645803698435,3.258036490008685,72.66260162601625,43.90243902439023
2013-02-19 07,33.96159317211948,3.04083405734144,83.84146341463415,40.24390243902437
2013-02-19 08,33.783783783783775,3.258036490008685,91.97154471544717,41.15853658536585
2013-02-19 09,30.049786628734,2.17202432667246,91.46341463414632,41.463414634146325
2013-02-19 10,28.80512091038408,2.17202432667246,89.43089430894308,52.7439024390244
2013-02-19 11,28.27169274537695,3.04083405734144,78.760162601626,47.86585365853657
2013-02-19 12,28.9829302987198,2.60642919200695,97.05284552845536,45.73170731707315
2013-02-19 13,28.449502133712677,2.3892267593397047,83.33333333333334,40.54878048780488
2013-02-19 14,27.738264580369822,2.60642919200695,72.15447154471545,43.59756097560973
2013-02-19 15,26.4935988620199,2.3892267593397047,86.38211382113825,52.7439024390244
2013-02-19 16,26.137980085348502,2.60642919200695,100.1016260162602,47.5609756097561
2013-02-19 17,26.3157894736842,2.60642919200695,106.19918699187008,42.98780487804875
2013-02-19 18,28.27169274537697,3.04083405734144,118.90243902439002,57.31707317073168
2013-02-19 19,32.36130867709818,3.6924413553431776,198.6788617886175,70.42682926829266
2013-02-19 20,34.1394025604552,4.126846220677673,224.0853658536585,81.09756097560975
2013-02-19 21,30.049786628734,3.47523892267593,177.8455284552845,82.92682926829268
2013-02-19 22,26.8492176386913,3.6924413553431776,146.84959349593476,76.82926829268293
2013-02-19 23,24.7155049786629,2.823631624674195,138.211382113821,66.15853658536585
2013-02-20 00,23.1152204836415,2.60642919200695,99.0853658536585,53.04878048780488
2013-02-20 01,22.5817923186344,2.60642919200695,81.8089430894309,42.98780487804878
2013-02-20 02,22.7596017069701,2.60642919200695,75.71138211382114,42.98780487804875
2013-02-20 03,22.4039829302987,2.60642919200695,66.0569105691057,44.51219512195117
2013-02-20 04,22.5817923186344,2.60642919200695,68.08943089430895,39.02439024390243
2013-02-20 05,22.9374110953058,2.60642919200695,64.53252032520328,39.329268292682926
2013-02-20 06,23.82645803698435,2.60642919200695,71.13821138211385,47.86585365853657
2013-02-20 07,34.1394025604552,2.60642919200695,93.4959349593496,45.73170731707317
2013-02-20 08,36.45092460881935,2.60642919200695,96.03658536585374,45.12195121951217
2013-02-20 09,30.2275960170697,2.823631624674195,81.8089430894309,43.29268292682925
2013-02-20 10,29.516358463726903,3.04083405734144,70.1219512195122,53.048780487804905
2013-02-20 11,29.3385490753912,2.60642919200695,74.6951219512195,50.60975609756095
2013-02-20 12,28.27169274537697,3.6924413553431776,79.26829268292683,49.39024390243903
2013-02-20 13,28.6273115220484,3.47523892267593,77.23577235772358,49.08536585365852
2013-02-20 14,27.916073968705525,3.909643788010425,90.9552845528455,59.45121951219515
2013-02-20 15,26.4935988620199,3.47523892267593,97.05284552845524,56.09756097560978
2013-02-20 16,26.137980085348502,3.258036490008685,92.47967479674794,48.780487804878
2013-02-20 17,26.3157894736842,3.47523892267593,105.18292682926828,52.7439024390244
2013-02-20 18,27.91607396870555,4.126846220677672,145.83333333333348,62.804878048780495
2013-02-20 19,30.4054054054054,5.430060816681145,194.61382113821125,73.78048780487802
2013-02-20 20,32.00568990042675,4.126846220677672,217.9878048780485,80.18292682926827
2013-02-20 21,28.982930298719776,3.909643788010425,201.727642276423,68.59756097560975
2013-02-20 22,26.137980085348502,3.475238922675932,173.780487804878,77.74390243902437
2013-02-20 23,24.182076813655776,2.60642919200695,160.569105691057,67.37804878048783
2013-02-21 00,23.11522048364153,2.3892267593397047,113.821138211382,60.975609756097576
2013-02-21 01,22.7596017069701,2.3892267593397047,95.02032520325211,51.52439024390248
2013-02-21 02,22.5817923186344,2.60642919200695,80.28455284552842,47.86585365853657
2013-02-21 03,21.8705547652916,2.17202432667246,80.79268292682926,49.08536585365855
2013-02-21 04,22.0483641536273,2.60642919200695,77.74390243902437,45.12195121951217
2013-02-21 05,22.7596017069701,2.3892267593397047,68.59756097560975,46.036585365853625
2013-02-21 06,23.82645803698435,2.823631624674195,71.13821138211382,53.35365853658538
2013-02-21 07,32.539118065433826,3.04083405734144,79.26829268292683,53.65853658536582
2013-02-21 08,32.36130867709817,2.60642919200695,88.41463414634146,53.963414634146375
2013-02-21 09,28.449502133712677,3.0408340573414425,95.0203252032521,47.2560975609756
2013-02-21 10,27.738264580369822,3.258036490008688,81.30081300813008,49.390243902439
2013-02-21 11,28.27169274537695,2.823631624674195,84.34959349593498,48.47560975609755
2013-02-21 12,28.27169274537697,2.60642919200695,88.41463414634146,49.08536585365852
2013-02-21 13,27.916073968705525,2.60642919200695,80.28455284552845,42.0731707317073
2013-02-21 14,27.3826458036984,3.04083405734144,81.30081300813008,41.76829268292683
2013-02-21 15,26.3157894736842,2.60642919200695,79.77642276422762,52.7439024390244
2013-02-21 16,25.9601706970128,3.04083405734144,94.0040650406503,48.47560975609755
2013-02-21 17,26.4935988620199,3.258036490008685,113.31300813008124,48.47560975609755
2013-02-21 18,27.73826458036985,2.823631624674195,147.8658536585365,72.5609756097561
2013-02-21 19,39.82930298719772,3.04083405734144,215.4471544715445,76.52439024390242
2013-02-21 20,38.9402560455192,4.561251086012165,221.54471544715423,75.60975609756098
2013-02-21 21,28.271692745376956,4.34404865334492,200.20325203252025,73.78048780487805
2013-02-21 22,25.9601706970128,4.34404865334492,157.01219512195124,68.29268292682924
2013-02-21 23,24.7155049786629,3.04083405734144,122.459349593496,60.3658536585366
2013-02-22 00,23.1152204836415,2.60642919200695,93.49593495934968,47.8658536585366
2013-02-22 01,22.7596017069701,2.823631624674195,85.36585365853658,43.59756097560973
2013-02-22 02,22.9374110953058,2.60642919200695,80.28455284552845,40.24390243902437
2013-02-22 03,22.4039829302987,2.823631624674195,71.64634146341464,43.597560975609774
2013-02-22 04,22.226173541963,2.823631624674195,72.15447154471545,39.6341463414634
2013-02-22 05,22.9374110953058,2.60642919200695,66.5650406504065,38.109756097560975
2013-02-22 06,24.00426742532005,2.823631624674195,74.1869918699187,46.64634146341462
2013-02-22 07,33.60597439544807,2.60642919200695,86.3821138211382,46.64634146341465
2013-02-22 08,34.31721194879093,2.3892267593397047,98.57723577235772,46.95121951219512
2013-02-22 09,28.44950213371265,1.954821894005215,85.87398373983737,52.1341463414634
2013-02-22 10,27.916073968705525,1.954821894005215,86.3821138211382,58.23170731707317
2013-02-22 11,27.738264580369822,2.60642919200695,80.28455284552845,59.756097560975626
2013-02-22 12,28.27169274537697,2.60642919200695,96.03658536585375,55.4878048780488
2013-02-22 13,29.16073968705545,1.954821894005215,92.47967479674791,46.34146341463412
2013-02-22 14,29.6941678520626,2.60642919200695,109.75609756097576,50.609756097560975
2013-02-22 15,27.204836415362728,2.60642919200695,101.62601626016264,57.01219512195125
2013-02-22 16,25.9601706970128,2.823631624674195,101.11788617886184,53.65853658536587
2013-02-22 17,26.4935988620199,2.60642919200695,112.80487804878076,52.43902439024393
2013-02-22 18,27.73826458036985,3.258036490008687,134.6544715447155,66.15853658536588
2013-02-22 19,28.9829302987198,4.344048653344918,183.94308943089425,85.36585365853658
2013-02-22 20,22.40398293029873,3.6924413553431776,206.30081300812972,92.98780487804876
2013-02-22 21,9.423897581792318,3.47523892267593,185.9756097560975,80.48780487804878
2013-02-22 22,13.69132290184922,3.47523892267593,176.829268292683,72.86585365853657
2013-02-22 23,7.645803698435269,2.60642919200695,150.4065040650405,73.78048780487808
2013-02-23 00,14.04694167852061,2.60642919200695,113.82113821138223,63.71951219512197
2013-02-23 01,22.9374110953058,2.17202432667246,106.70731707317076,58.53658536585368
2013-02-23 02,22.9374110953058,2.3892267593397047,83.84146341463415,50.60975609756101
2013-02-23 03,22.4039829302987,1.73761946133797,72.66260162601628,48.475609756097526
2013-02-23 04,22.226173541963,1.73761946133797,66.05691056910572,45.731707317073145
2013-02-23 05,22.5817923186344,1.73761946133797,63.51626016260165,46.64634146341462
2013-02-23 06,22.9374110953058,2.3892267593397047,70.63008130081303,49.39024390243905
2013-02-23 07,24.18207681365575,3.04083405734144,75.20325203252033,46.951219512195095
2013-02-23 08,26.8492176386913,3.258036490008688,83.84146341463415,47.2560975609756
2013-02-23 09,32.18349928876245,2.60642919200695,125.0,44.5121951219512
2013-02-23 10,27.027027027027028,3.04083405734144,150.91463414634126,53.048780487804905
2013-02-23 11,15.29160739687055,3.47523892267593,147.35772357723576,57.01219512195122
2013-02-23 12,18.6699857752489,3.258036490008685,129.57317073170725,49.69512195121953
2013-02-23 13,17.7809388335704,3.47523892267593,121.951219512195,51.52439024390245
2013-02-23 14,15.82503556187765,3.6924413553431776,130.589430894309,56.40243902439025
2013-02-23 15,12.8022759601707,3.47523892267593,120.93495934959375,67.98780487804879
2013-02-23 16,20.09246088193455,3.909643788010425,125.50813008130076,57.6219512195122
2013-02-23 17,28.6273115220484,5.2128583840139,122.967479674797,58.23170731707317
2013-02-23 18,28.4495021337127,4.34404865334492,166.15853658536577,66.15853658536588
2013-02-23 19,30.2275960170697,3.909643788010425,191.5650406504065,73.78048780487805
2013-02-23 20,30.4054054054054,3.909643788010425,208.3333333333333,75.3048780487805
2013-02-23 21,28.09388335704125,4.34404865334492,185.46747967479675,74.6951219512195
2013-02-23 22,26.137980085348502,3.2580364900086902,166.15853658536574,75.0
2013-02-23 23,25.0711237553343,2.60642919200695,152.439024390244,77.13414634146343
2013-02-24 00,23.82645803698435,2.17202432667246,121.95121951219474,64.63414634146342
2013-02-24 01,23.2930298719772,2.17202432667246,98.06910569105692,58.84146341463415
2013-02-24 02,23.1152204836415,2.60642919200695,84.34959349593495,52.13414634146343
2013-02-24 03,22.5817923186344,2.17202432667246,83.3333333333333,42.98780487804877
2013-02-24 04,22.5817923186344,2.60642919200695,79.77642276422765,50.91463414634148
2013-02-24 05,23.1152204836415,2.17202432667246,84.34959349593495,43.59756097560973
2013-02-24 06,22.9374110953058,2.3892267593397047,83.84146341463415,42.68292682926828
2013-02-24 07,23.82645803698435,2.60642919200695,87.39837398373987,46.34146341463412
2013-02-24 08,26.49359886201993,1.954821894005215,106.19918699187002,44.51219512195122
2013-02-24 09,32.36130867709815,1.73761946133797,123.4756097560975,45.73170731707315
2013-02-24 10,38.7624466571835,1.73761946133797,126.52439024390225,58.84146341463415
2013-02-24 11,40.89615931721195,2.60642919200695,169.20731707317074,57.01219512195125
2013-02-24 12,41.07396870554768,2.60642919200695,185.97560975609773,72.5609756097561
2013-02-24 13,40.1849217638691,2.823631624674195,145.83333333333326,60.975609756097576
2013-02-24 14,36.80654338549075,3.258036490008685,119.918699186992,56.097560975609774
2013-02-24 15,32.36130867709815,3.47523892267593,122.96747967479676,59.756097560975626
2013-02-24 16,29.1607396870555,3.47523892267593,109.75609756097548,56.09756097560978
2013-02-24 17,28.627311522048373,3.47523892267593,120.42682926829276,54.26829268292683
2013-02-24 18,29.33854907539117,4.126846220677667,140.2439024390245,57.3170731707317
2013-02-24 19,31.2944523470839,5.2128583840139,198.67886178861772,69.20731707317074
2013-02-24 20,32.36130867709815,5.2128583840139,198.67886178861772,79.26829268292686
2013-02-24 21,29.5163584637269,5.2128583840139,203.25203252032549,74.39024390243902
2013-02-24 22,27.204836415362724,4.995655951346655,181.40243902439025,75.60975609756095
2013-02-24 23,25.426742532005697,4.7784535186794095,142.78455284552825,66.76829268292683
2013-02-25 00,23.82645803698435,4.34404865334492,97.56097560975604,59.45121951219512
2013-02-25 01,23.470839260312925,4.126846220677672,85.87398373983737,54.26829268292685
2013-02-25 02,22.7596017069701,3.47523892267593,83.3333333333333,43.59756097560973
2013-02-25 03,22.4039829302987,3.47523892267593,80.79268292682926,49.99999999999997
2013-02-25 04,22.5817923186344,3.47523892267593,72.66260162601625,39.3292682926829
2013-02-25 05,22.9374110953058,3.47523892267593,68.08943089430892,39.93902439024387
2013-02-25 06,24.00426742532005,3.47523892267593,71.64634146341464,53.65853658536588
2013-02-25 07,35.028449502133725,2.823631624674195,91.97154471544712,49.39024390243905
2013-02-25 08,35.0284495021337,2.3892267593397047,98.57723577235764,50.30487804878052
2013-02-25 09,19.38122332859175,2.17202432667246,80.28455284552842,50.3048780487805
2013-02-25 10,22.048364153627325,2.823631624674195,87.90650406504062,49.99999999999997
2013-02-25 11,30.2275960170697,3.04083405734144,79.26829268292683,50.3048780487805
2013-02-25 12,30.4054054054054,2.60642919200695,105.18292682926828,56.097560975609774
2013-02-25 13,30.4054054054054,2.17202432667246,84.85772357723577,52.7439024390244
2013-02-25 14,30.049786628734,1.954821894005215,78.2520325203252,52.13414634146345
2013-02-25 15,27.382645803698423,1.73761946133797,95.5284552845528,53.3536585365854
2013-02-25 16,26.4935988620199,1.954821894005215,95.5284552845528,56.70731707317076
2013-02-25 17,27.027027027027,2.3892267593397047,108.73983739837402,56.097560975609774
2013-02-25 18,28.27169274537697,3.0408340573414425,135.670731707317,61.89024390243903
2013-02-25 19,30.7610241820768,4.778453518679408,225.10162601626,85.67073170731707
2013-02-25 20,33.25035561877667,5.212858384013902,229.67479674796772,89.3292682926829
2013-02-25 21,30.583214793741124,4.561251086012165,246.44308943089425,78.35365853658537
2013-02-25 22,26.3157894736842,4.34404865334492,198.17073170731675,80.18292682926827
2013-02-25 23,24.8933143669986,3.258036490008685,154.471544715447,72.2560975609756
2013-02-26 00,23.648648648648624,2.60642919200695,114.32926829268274,55.48780487804883
2013-02-26 01,23.1152204836415,2.60642919200695,96.54471544715454,46.64634146341462
2013-02-26 02,22.9374110953058,2.60642919200695,94.5121951219512,42.0731707317073
2013-02-26 03,22.9374110953058,2.60642919200695,84.85772357723575,38.71951219512193
2013-02-26 04,22.9374110953058,2.60642919200695,78.25203252032517,48.475609756097526
2013-02-26 05,23.1152204836415,2.60642919200695,78.2520325203252,42.68292682926828
2013-02-26 06,24.53769559032717,2.60642919200695,77.7439024390244,48.47560975609755
2013-02-26 07,36.628733997155024,2.3892267593397047,100.60975609756107,46.34146341463413
2013-02-26 08,37.517780938833575,1.73761946133797,92.47967479674796,46.95121951219512
2013-02-26 09,31.472261735419625,2.3892267593397047,94.51219512195118,45.12195121951217
2013-02-26 10,30.049786628734,1.954821894005215,88.92276422764228,48.170731707317074
2013-02-26 11,29.8719772403983,1.73761946133797,84.34959349593495,53.04878048780488
2013-02-26 12,29.3385490753912,2.3892267593397047,95.52845528455292,48.78048780487802
2013-02-26 13,29.8719772403983,2.60642919200695,92.98780487804882,46.64634146341462
2013-02-26 14,28.27169274537695,2.3892267593397047,81.8089430894309,41.463414634146325
2013-02-26 15,27.382645803698423,2.17202432667246,84.85772357723576,44.2073170731707
2013-02-26 16,27.027027027027,2.60642919200695,87.39837398373982,45.42682926829265
2013-02-26 17,27.3826458036984,2.60642919200695,89.43089430894307,51.21951219512195
2013-02-26 18,28.805120910384097,2.60642919200695,130.589430894309,55.79268292682925
2013-02-26 19,32.894736842105274,2.60642919200695,228.6585365853657,69.51219512195122
2013-02-26 20,34.3172119487909,3.4752389226759326,225.10162601626024,80.79268292682924
2013-02-26 21,30.4054054054054,4.34404865334492,214.93902439024376,76.82926829268293
2013-02-26 22,27.382645803698423,3.909643788010425,200.20325203252025,71.64634146341466
2013-02-26 23,25.24893314367,2.60642919200695,141.76829268292676,62.804878048780495
2013-02-27 00,23.648648648648624,2.60642919200695,115.34552845528476,53.35365853658538
2013-02-27 01,23.1152204836415,2.60642919200695,97.56097560975611,45.731707317073145
2013-02-27 02,23.293029871977225,2.60642919200695,89.4308943089431,43.90243902439022
2013-02-27 03,22.7596017069701,2.60642919200695,87.90650406504065,41.15853658536585
2013-02-27 04,22.9374110953058,2.60642919200695,74.69512195121953,41.7682926829268
2013-02-27 05,22.9374110953058,2.17202432667246,73.6788617886179,43.90243902439025
2013-02-27 06,24.53769559032715,2.60642919200695,82.31707317073173,51.52439024390245
2013-02-27 07,35.917496443812226,2.60642919200695,89.43089430894312,48.475609756097576
2013-02-27 08,36.45092460881932,2.60642919200695,105.69105691056924,50.91463414634145
2013-02-27 09,30.938833570412505,3.258036490008688,87.39837398373982,46.34146341463412
2013-02-27 10,28.80512091038408,2.60642919200695,86.38211382113818,53.35365853658537
2013-02-27 11,28.449502133712677,2.60642919200695,74.1869918699187,56.40243902439025
2013-02-27 12,28.9829302987198,3.47523892267593,82.3170731707317,55.7926829268293
2013-02-27 13,28.9829302987198,3.04083405734144,88.92276422764225,55.4878048780488
2013-02-27 14,27.916073968705525,3.6924413553431776,85.36585365853658,58.53658536585368
2013-02-27 15,26.3157894736842,3.9096437880104222,88.41463414634146,51.52439024390245
2013-02-27 16,26.3157894736842,5.2128583840139,84.34959349593495,56.70731707317078
2013-02-27 17,26.6714082503556,4.561251086012162,93.4959349593495,56.09756097560978
2013-02-27 18,28.805120910384097,4.995655951346655,129.0650406504065,65.2439024390244
2013-02-27 19,31.2944523470839,5.647263249348392,199.1869918699185,93.59756097560978
2013-02-27 20,32.00568990042673,5.430060816681145,220.020325203252,103.35365853658551
2013-02-27 21,29.694167852062577,4.995655951346655,203.252032520325,85.06097560975607
2013-02-27 22,26.4935988620199,4.7784535186794095,190.54878048780475,80.48780487804878
2013-02-27 23,12.44665718349929,3.47523892267593,136.68699186991876,67.3780487804878
2013-02-28 00,14.935988620199126,3.258036490008685,105.6910569105691,57.01219512195125
2013-02-28 01,22.9374110953058,3.47523892267593,89.93902439024387,47.5609756097561
2013-02-28 02,23.1152204836415,3.47523892267593,76.72764227642278,44.2073170731707
2013-02-28 03,22.5817923186344,3.258036490008685,70.63008130081303,44.2073170731707
2013-02-28 04,23.11522048364152,3.258036490008685,73.17073170731707,42.68292682926825
2013-02-28 05,23.4708392603129,3.258036490008685,73.17073170731705,43.9024390243902
2013-02-28 06,24.89331436699857,3.258036490008685,78.760162601626,54.87804878048782
2013-02-28 07,37.33997155049788,3.258036490008685,89.93902439024393,50.60975609756095
2013-02-28 08,36.45092460881935,3.4752389226759326,98.06910569105698,49.6951219512195
2013-02-28 09,31.1166429587482,3.47523892267593,89.93902439024387,44.2073170731707
2013-02-28 10,29.8719772403983,4.126846220677673,96.03658536585354,53.048780487804905
2013-02-28 11,29.6941678520626,2.60642919200695,82.3170731707317,53.048780487804905
2013-02-28 12,28.9829302987198,3.04083405734144,94.5121951219513,48.475609756097576
2013-02-28 13,29.8719772403983,3.258036490008685,84.34959349593493,51.52439024390245
2013-02-28 14,28.627311522048373,3.47523892267593,67.07317073170732,48.170731707317046
2013-02-28 15,27.2048364153627,3.47523892267593,76.72764227642278,50.0
2013-02-28 16,26.6714082503556,4.126846220677672,73.6788617886179,48.47560975609755
2013-02-28 17,26.8492176386913,4.34404865334492,96.5447154471546,57.62195121951223
2013-02-28 18,28.449502133712677,4.34404865334492,133.130081300813,65.2439024390244
2013-02-28 19,31.65007112375535,5.2128583840139,202.7439024390245,78.65853658536585
2013-02-28 20,33.6059743954481,5.864465682015634,219.00406504065023,90.24390243902435
2013-02-28 21,30.938833570412505,5.64726324934839,199.6951219512195,76.52439024390242
2013-02-28 22,27.027027027027025,5.64726324934839,178.86178861788625,66.46341463414635
2013-02-28 23,25.24893314367,3.909643788010425,143.2926829268295,66.15853658536585
2013-03-01 00,23.648648648648624,3.909643788010425,125.0,54.8780487804878
2013-03-01 01,23.1152204836415,3.6924413553431776,97.05284552845538,47.56097560975607
2013-03-01 02,23.1152204836415,3.909643788010425,85.87398373983737,42.07317073170729
2013-03-01 03,22.5817923186344,3.909643788010425,77.23577235772355,45.731707317073145
2013-03-01 04,22.9374110953058,3.909643788010425,73.17073170731705,42.378048780487774
2013-03-01 05,23.1152204836415,4.126846220677672,78.25203252032523,47.2560975609756
2013-03-01 06,24.00426742532005,4.561251086012162,80.79268292682927,44.81707317073168
2013-03-01 07,36.273115220483646,3.47523892267593,85.36585365853657,46.34146341463413
2013-03-01 08,37.162162162162176,2.60642919200695,98.06910569105698,50.3048780487805
2013-03-01 09,31.650071123755303,3.258036490008688,90.95528455284553,48.78048780487805
2013-03-01 10,30.7610241820768,2.60642919200695,89.93902439024393,50.91463414634148
2013-03-01 11,31.650071123755303,2.17202432667246,78.760162601626,51.52439024390242
2013-03-01 12,31.650071123755303,3.04083405734144,76.21951219512195,51.52439024390245
2013-03-01 13,30.5832147937411,3.4752389226759326,84.85772357723575,47.2560975609756
2013-03-01 14,30.4054054054054,3.258036490008685,79.77642276422765,41.76829268292683
2013-03-01 15,28.271692745376924,3.258036490008685,82.8252032520325,39.02439024390242
2013-03-01 16,28.27169274537695,3.6924413553431776,85.87398373983737,44.2073170731707
2013-03-01 17,28.27169274537695,3.47523892267593,90.95528455284553,49.6951219512195
2013-03-01 18,29.516358463726903,3.47523892267593,132.11382113821125,59.14634146341465
2013-03-01 19,30.7610241820768,4.561251086012165,216.46341463414623,75.0
2013-03-01 20,32.18349928876245,6.081668114682882,226.62601626016223,72.5609756097561
2013-03-01 21,29.6941678520626,5.2128583840139,217.9878048780485,81.70731707317076
2013-03-01 22,27.027027027027025,4.995655951346655,181.91056910569077,81.09756097560972
2013-03-01 23,25.0711237553343,3.258036490008685,168.19105691056924,72.2560975609756
2013-03-02 00,24.00426742532005,3.04083405734144,127.03252032520324,55.487804878048806
2013-03-02 01,23.648648648648624,3.258036490008685,98.06910569105683,49.69512195121953
2013-03-02 02,23.470839260312925,3.258036490008685,90.95528455284553,47.2560975609756
2013-03-02 03,22.9374110953058,3.258036490008685,81.30081300813008,47.56097560975607
2013-03-02 04,23.1152204836415,3.258036490008685,75.20325203252035,42.378048780487774
2013-03-02 05,23.648648648648624,3.258036490008685,73.17073170731707,42.68292682926827
2013-03-02 06,23.648648648648624,3.9096437880104222,77.2357723577236,44.5121951219512
2013-03-02 07,25.4267425320057,3.6924413553431776,85.8739837398374,40.54878048780488
2013-03-02 08,29.871977240398294,3.258036490008685,95.5284552845528,43.9024390243902
2013-03-02 09,35.917496443812254,4.344048653344918,120.42682926829278,49.6951219512195
2013-03-02 10,39.2958748221906,4.344048653344915,122.459349593496,49.99999999999997
2013-03-02 11,38.0512091038407,3.909643788010425,115.3455284552845,49.39024390243903
2013-03-02 12,39.651493598862,3.909643788010425,144.81707317073176,53.96341463414635
2013-03-02 13,40.007112375533424,3.909643788010425,123.9837398373985,51.52439024390242
2013-03-02 14,38.05120910384068,3.47523892267593,99.0853658536586,47.86585365853657
2013-03-02 15,33.783783783783804,3.47523892267593,132.6219512195125,42.378048780487774
2013-03-02 16,31.1166429587482,3.258036490008685,123.98373983739825,51.21951219512192
2013-03-02 17,31.1166429587482,3.47523892267593,111.280487804878,63.41463414634148
2013-03-02 18,32.18349928876245,3.909643788010425,138.211382113821,55.7926829268293
2013-03-02 19,33.60597439544807,4.126846220677672,211.38211382113823,67.37804878048783
2013-03-02 20,31.2944523470839,4.126846220677673,203.760162601626,73.47560975609758
2013-03-02 21,28.27169274537695,4.126846220677673,193.089430894309,74.08536585365854
2013-03-02 22,27.204836415362728,3.69244135534318,170.22357723577227,72.2560975609756
2013-03-02 23,25.782361308677103,2.3892267593397047,154.979674796748,66.46341463414635
2013-03-03 00,24.5376955903272,2.60642919200695,119.410569105691,59.45121951219512
2013-03-03 01,24.00426742532008,2.3892267593397047,105.18292682926833,55.182926829268304
2013-03-03 02,23.470839260312925,2.3892267593397047,95.52845528455282,48.170731707317046
2013-03-03 03,23.470839260312925,2.60642919200695,94.5121951219512,44.817073170731696
2013-03-03 04,23.1152204836415,2.60642919200695,84.85772357723576,43.9024390243902
2013-03-03 05,23.648648648648624,2.60642919200695,76.72764227642276,42.98780487804877
2013-03-03 06,23.648648648648624,2.60642919200695,68.59756097560978,42.0731707317073
2013-03-03 07,24.182076813655776,2.823631624674195,86.3821138211382,36.890243902439
2013-03-03 08,26.3157894736842,2.3892267593397047,87.39837398373983,41.7682926829268
2013-03-03 09,33.783783783783804,2.823631624674195,105.1829268292684,57.3170731707317
2013-03-03 10,40.00711237553345,2.823631624674197,121.44308943089425,56.70731707317075
2013-03-03 11,39.651493598862,2.60642919200695,160.56910569105673,57.317073170731724
2013-03-03 12,41.2517780938834,3.47523892267593,159.0447154471545,57.3170731707317
2013-03-03 13,39.82930298719772,3.258036490008685,117.378048780488,50.30487804878047
2013-03-03 14,37.517780938833575,3.258036490008685,113.82113821138223,43.59756097560975
2013-03-03 15,32.89473684210525,3.258036490008685,111.28048780487823,49.08536585365855
2013-03-03 16,30.5832147937411,3.258036490008685,112.80487804878076,47.86585365853657
2013-03-03 17,29.3385490753912,3.6924413553431776,124.49186991869924,53.04878048780488
2013-03-03 18,30.7610241820768,3.6924413553431776,134.6544715447155,62.80487804878047
2013-03-03 19,32.894736842105274,4.778453518679408,180.3861788617885,74.69512195121953
2013-03-03 20,32.539118065433854,4.7784535186794095,175.81300813008102,72.2560975609756
2013-03-03 21,29.8719772403983,4.561251086012165,166.66666666666652,73.17073170731707
2013-03-03 22,27.2048364153627,4.7784535186794095,155.99593495934974,63.109756097561
2013-03-03 23,25.7823613086771,3.6924413553431776,123.9837398373985,63.10975609756101
2013-03-04 00,24.182076813655776,3.47523892267593,96.5447154471546,54.87804878048783
2013-03-04 01,24.00426742532008,3.258036490008685,80.28455284552845,45.731707317073145
2013-03-04 02,23.4708392603129,3.04083405734144,74.1869918699187,38.71951219512192
2013-03-04 03,23.1152204836415,3.04083405734144,71.13821138211385,41.463414634146325
2013-03-04 04,23.293029871977225,3.258036490008685,68.59756097560978,41.7682926829268
2013-03-04 05,24.00426742532008,3.47523892267593,67.07317073170735,42.07317073170729
2013-03-04 06,25.24893314367,3.47523892267593,68.59756097560975,42.98780487804878
2013-03-04 07,37.69559032716928,3.258036490008685,78.2520325203252,44.51219512195122
2013-03-04 08,36.0953058321479,3.47523892267593,84.34959349593495,52.13414634146343
2013-03-04 09,30.049786628734,3.9096437880104222,87.39837398373982,48.47560975609755
2013-03-04 10,29.8719772403983,4.34404865334492,77.2357723577236,42.378048780487774
2013-03-04 11,29.5163584637269,4.34404865334492,74.6951219512195,44.2073170731707
2013-03-04 12,29.516358463726903,4.34404865334492,85.36585365853657,46.951219512195095
2013-03-04 13,29.8719772403983,3.909643788010425,77.74390243902437,49.6951219512195
2013-03-04 14,29.33854907539117,4.126846220677672,81.80894308943087,50.91463414634148
2013-03-04 15,27.560455192034127,3.909643788010425,87.90650406504062,53.3536585365854
2013-03-04 16,27.027027027027,4.126846220677672,79.26829268292683,57.01219512195122
2013-03-04 17,27.916073968705525,4.126846220677672,85.8739837398374,56.70731707317073
2013-03-04 18,29.6941678520626,4.561251086012165,127.540650406504,69.5121951219512
2013-03-04 19,32.71692745376955,4.77845351867941,180.3861788617885,78.96341463414632
2013-03-04 20,34.31721194879088,5.864465682015638,197.66260162601623,82.92682926829268
2013-03-04 21,31.472261735419625,4.7784535186794095,185.97560975609724,76.52439024390245
2013-03-04 22,27.738264580369822,4.344048653344918,163.109756097561,72.8658536585366
2013-03-04 23,25.0711237553343,3.04083405734144,120.93495934959326,59.756097560975626
2013-03-05 00,23.648648648648624,3.258036490008685,98.0691056910568,55.487804878048806
2013-03-05 01,23.4708392603129,3.04083405734144,75.71138211382112,44.20731707317073
2013-03-05 02,23.2930298719772,3.04083405734144,70.1219512195122,40.85365853658535
2013-03-05 03,23.1152204836415,3.258036490008685,69.61382113821136,42.378048780487774
2013-03-05 04,23.11522048364152,2.823631624674195,63.516260162601625,41.15853658536585
2013-03-05 05,23.648648648648624,2.823631624674195,63.51626016260165,44.5121951219512
2013-03-05 06,24.53769559032717,3.258036490008685,71.13821138211382,42.07317073170727
2013-03-05 07,36.80654338549075,3.04083405734144,79.77642276422762,46.95121951219512
2013-03-05 08,36.80654338549075,3.692441355343177,86.890243902439,48.170731707317074
2013-03-05 09,30.7610241820768,3.4752389226759326,87.90650406504062,41.15853658536585
2013-03-05 10,30.9388335704125,3.04083405734144,71.64634146341464,35.3658536585366
2013-03-05 11,30.4054054054054,3.909643788010425,73.67886178861788,38.41463414634148
2013-03-05 12,29.6941678520626,3.909643788010425,73.67886178861787,38.71951219512192
2013-03-05 13,29.3385490753912,3.909643788010425,74.69512195121953,40.54878048780485
2013-03-05 14,29.3385490753912,4.126846220677672,70.630081300813,39.02439024390242
2013-03-05 15,27.382645803698423,4.561251086012165,71.64634146341464,50.0
2013-03-05 16,27.027027027027,4.34404865334492,75.20325203252033,49.08536585365855
2013-03-05 17,27.2048364153627,4.34404865334492,85.87398373983737,43.29268292682927
2013-03-05 18,28.9829302987198,4.7784535186794095,118.90243902439002,49.69512195121953
2013-03-05 19,32.36130867709815,5.2128583840139,177.8455284552845,65.5487804878049
2013-03-05 20,33.25035561877667,5.2128583840139,190.54878048780475,78.35365853658536
2013-03-05 21,30.049786628734,5.64726324934839,191.56504065040625,75.60975609756098
2013-03-05 22,27.560455192034127,4.995655951346655,161.58536585365826,77.1341463414634
2013-03-05 23,25.4267425320057,3.47523892267593,129.0650406504065,62.1951219512195
2013-03-06 00,23.826458036984324,3.04083405734144,92.47967479674804,50.0
2013-03-06 01,23.1152204836415,3.258036490008685,79.77642276422765,40.54878048780485
2013-03-06 02,23.2930298719772,3.04083405734144,75.71138211382114,39.02439024390245
2013-03-06 03,22.9374110953058,3.04083405734144,75.71138211382114,36.890243902439
2013-03-06 04,23.293029871977225,3.04083405734144,72.15447154471548,36.28048780487803
2013-03-06 05,23.82645803698435,3.04083405734144,71.13821138211382,41.15853658536585
2013-03-06 06,25.6045519203414,3.47523892267593,72.66260162601628,43.29268292682927
2013-03-06 07,36.98435277382645,3.04083405734144,77.7439024390244,43.90243902439023
2013-03-06 08,36.628733997155024,3.47523892267593,96.54471544715454,45.12195121951215
2013-03-06 09,34.1394025604552,3.258036490008688,82.8252032520325,36.58536585365853
2013-03-06 10,31.472261735419625,2.823631624674195,84.85772357723577,36.28048780487805
2013-03-06 11,31.65007112375535,2.823631624674195,73.67886178861787,35.36585365853658
2013-03-06 12,32.71692745376957,2.60642919200695,70.12195121951223,38.41463414634145
2013-03-06 13,30.583214793741128,2.60642919200695,72.66260162601628,35.36585365853658
2013-03-06 14,30.049786628734,3.0408340573414425,74.69512195121953,42.98780487804875
2013-03-06 15,26.8492176386913,3.04083405734144,71.13821138211382,41.15853658536585
2013-03-06 16,26.6714082503556,3.258036490008685,73.17073170731705,39.6341463414634
2013-03-06 17,27.738264580369822,3.04083405734144,94.0040650406505,43.29268292682925
2013-03-06 18,29.33854907539117,3.47523892267593,119.918699186992,57.6219512195122
2013-03-06 19,32.894736842105274,3.9096437880104222,167.17479674796775,66.15853658536585
2013-03-06 20,35.2062588904694,5.430060816681145,190.548780487805,68.29268292682924
2013-03-06 21,33.428165007112376,4.77845351867941,192.07317073170725,69.81707317073173
2013-03-06 22,28.09388335704125,4.126846220677672,177.3373983739835,69.20731707317073
2013-03-06 23,25.7823613086771,2.60642919200695,127.540650406504,56.402439024390254
2013-03-07 00,24.00426742532005,2.60642919200695,99.5934959349594,50.3048780487805
2013-03-07 01,23.4708392603129,2.823631624674195,85.36585365853655,44.817073170731696
2013-03-07 02,23.470839260312925,2.60642919200695,81.8089430894309,40.54878048780485
2013-03-07 03,23.1152204836415,2.60642919200695,76.72764227642276,39.329268292682926
2013-03-07 04,23.293029871977225,2.823631624674195,70.63008130081303,39.63414634146338
2013-03-07 05,23.82645803698435,2.60642919200695,69.10569105691057,38.414634146341456
2013-03-07 06,25.071123755334305,3.258036490008685,73.17073170731707,37.80487804878045
2013-03-07 07,35.384068278805124,2.823631624674195,81.80894308943087,43.90243902439023
2013-03-07 08,35.028449502133725,2.60642919200695,82.8252032520325,53.048780487804905
2013-03-07 09,29.8719772403983,2.823631624674195,95.52845528455288,48.170731707317074
2013-03-07 10,29.1607396870555,2.60642919200695,88.41463414634147,50.91463414634148
2013-03-07 11,29.5163584637269,2.60642919200695,89.43089430894307,50.91463414634143
2013-03-07 12,29.6941678520626,2.60642919200695,101.11788617886164,53.96341463414635
2013-03-07 13,29.1607396870555,3.475238922675932,83.84146341463415,53.65853658536588
2013-03-07 14,29.3385490753912,3.47523892267593,70.630081300813,50.609756097560975
2013-03-07 15,27.2048364153627,3.47523892267593,75.2032520325203,51.52439024390245
2013-03-07 16,27.027027027027,3.47523892267593,85.87398373983737,51.21951219512198
2013-03-07 17,27.560455192034127,3.258036490008685,94.51219512195122,53.048780487804905
2013-03-07 18,28.80512091038408,3.258036490008685,116.36178861788608,63.71951219512198
2013-03-07 19,32.71692745376957,3.909643788010425,188.5162601626015,77.43902439024393
2013-03-07 20,33.428165007112376,4.995655951346655,201.7276422764225,77.43902439024387
2013-03-07 21,30.405405405405403,4.995655951346655,200.20325203252025,74.39024390243902
2013-03-07 22,27.204836415362728,3.909643788010425,165.650406504065,63.71951219512197
2013-03-07 23,25.24893314367,3.258036490008685,138.719512195122,62.80487804878052
2013-03-08 00,24.00426742532005,3.04083405734144,103.65853658536602,52.74390243902437
2013-03-08 01,23.4708392603129,3.04083405734144,83.33333333333333,43.59756097560975
2013-03-08 02,23.2930298719772,3.04083405734144,76.21951219512195,40.2439024390244
2013-03-08 03,22.9374110953058,3.909643788010425,77.7439024390244,38.10975609756096
2013-03-08 04,23.1152204836415,3.258036490008685,74.1869918699187,37.49999999999998
2013-03-08 05,23.648648648648624,3.04083405734144,70.1219512195122,38.41463414634145
2013-03-08 06,24.715504978662874,3.04083405734144,72.15447154471545,39.02439024390242
2013-03-08 07,37.5177809388336,2.823631624674195,86.89024390243902,44.8170731707317
2013-03-08 08,37.162162162162176,3.04083405734144,93.49593495934968,49.69512195121953
2013-03-08 09,32.53911806543385,3.258036490008688,86.89024390243902,45.731707317073145
2013-03-08 10,30.405405405405403,3.04083405734144,85.3658536585366,52.7439024390244
2013-03-08 11,29.8719772403983,3.04083405734144,77.74390243902437,50.91463414634148
2013-03-08 12,29.6941678520626,2.823631624674195,72.15447154471545,51.52439024390242
2013-03-08 13,29.6941678520626,2.823631624674195,86.3821138211382,44.5121951219512
2013-03-08 14,30.5832147937411,2.823631624674195,86.38211382113818,43.59756097560973
2013-03-08 15,28.093883357041225,2.60642919200695,78.76016260162602,44.5121951219512
2013-03-08 16,28.805120910384097,2.823631624674195,92.479674796748,48.170731707317046
2013-03-08 17,27.738264580369822,3.04083405734144,110.2642276422765,52.43902439024395
2013-03-08 18,29.6941678520626,3.04083405734144,111.28048780487823,55.1829268292683
2013-03-08 19,31.650071123755325,4.561251086012162,147.86585365853676,66.76829268292684
2013-03-08 20,33.783783783783775,5.212858384013902,156.50406504065023,59.14634146341465
2013-03-08 21,29.6941678520626,4.34404865334492,169.20731707317051,65.54878048780488
2013-03-08 22,27.204836415362724,4.34404865334492,140.75203252032526,61.58536585365857
2013-03-08 23,25.7823613086771,3.04083405734144,126.52439024390225,56.097560975609774
2013-03-09 00,24.182076813655776,3.258036490008685,87.90650406504065,51.829268292682926
2013-03-09 01,23.82645803698435,3.258036490008685,78.2520325203252,41.463414634146325
2013-03-09 02,23.64864864864865,2.823631624674195,67.07317073170732,41.7682926829268
2013-03-09 03,23.648648648648624,2.823631624674195,62.50000000000003,39.6341463414634
2013-03-09 04,23.648648648648624,3.04083405734144,59.45121951219512,36.890243902439
2013-03-09 05,24.182076813655776,2.823631624674195,65.54878048780489,38.414634146341456
2013-03-09 06,24.00426742532008,3.258036490008685,58.4349593495935,35.36585365853658
2013-03-09 07,25.7823613086771,4.1268462206776695,61.9918699186992,36.890243902439
2013-03-09 08,29.160739687055475,3.69244135534318,76.72764227642276,46.6463414634146
2013-03-09 09,35.384068278805124,1.954821894005215,109.2479674796749,50.609756097560975
2013-03-09 10,39.651493598862,1.73761946133797,124.49186991869924,54.268292682926855
2013-03-09 11,40.0071123755334,2.17202432667246,129.57317073170725,58.23170731707317
2013-03-09 12,41.251778093883374,2.3892267593397047,137.70325203252,53.35365853658535
2013-03-09 13,40.71834992887625,1.73761946133797,113.31300813008124,46.951219512195095
2013-03-09 14,39.2958748221906,1.73761946133797,107.7235772357725,54.268292682926855
2013-03-09 15,33.428165007112376,2.60642919200695,115.3455284552845,53.04878048780488
2013-03-09 16,30.049786628734,3.04083405734144,119.91869918699174,51.829268292682926
2013-03-09 17,29.516358463726903,3.47523892267593,135.67073170731726,60.3658536585366
2013-03-09 18,30.4054054054054,3.909643788010425,155.4878048780487,56.40243902439025
2013-03-09 19,32.005689900426724,4.995655951346652,208.84146341463372,77.13414634146342
2013-03-09 20,32.36130867709813,3.6924413553431776,198.67886178861772,70.42682926829269
2013-03-09 21,28.982930298719776,3.47523892267593,185.97560975609724,62.8048780487805
2013-03-09 22,26.6714082503556,3.04083405734144,168.191056910569,58.84146341463415
2013-03-09 23,25.9601706970128,2.3892267593397047,147.86585365853674,53.963414634146375
2013-03-10 00,24.1820768136558,2.17202432667246,122.45934959349574,49.08536585365855
2013-03-10 01,24.00426742532008,2.823631624674195,105.18292682926833,42.68292682926828
2013-03-10 02,23.470839260312925,2.60642919200695,92.47967479674796,38.71951219512195
2013-03-10 03,23.1152204836415,2.60642919200695,82.3170731707317,39.6341463414634
2013-03-10 04,23.1152204836415,2.60642919200695,69.61382113821138,36.58536585365853
2013-03-10 05,23.82645803698435,2.60642919200695,67.58130081300813,33.84146341463413
2013-03-10 06,23.648648648648624,2.3892267593397047,57.9268292682927,33.536585365853654
2013-03-10 07,24.5376955903272,2.823631624674195,69.6138211382114,32.0121951219512
2013-03-10 08,26.137980085348502,2.823631624674195,77.23577235772358,39.02439024390243
2013-03-10 09,32.36130867709815,2.17202432667246,110.26422764227652,40.85365853658533
2013-03-10 10,37.33997155049788,2.60642919200695,123.4756097560975,48.170731707317074
2013-03-10 11,39.1180654338549,1.73761946133797,158.5365853658535,56.70731707317075
2013-03-10 12,41.251778093883374,1.954821894005215,155.99593495934948,66.76829268292684
2013-03-10 13,40.0071123755334,2.3892267593397047,114.329268292683,65.2439024390244
2013-03-10 14,36.628733997155024,2.17202432667246,100.60975609756116,48.1707317073171
2013-03-10 15,32.894736842105246,2.3892267593397047,106.70731707317074,47.5609756097561
2013-03-10 16,29.516358463726903,2.3892267593397047,102.6422764227643,50.30487804878052
2013-03-10 17,29.3385490753912,2.60642919200695,98.5772357723578,57.01219512195122
2013-03-10 18,30.4054054054054,4.1268462206776695,115.3455284552845,65.2439024390244
2013-03-10 19,32.894736842105274,4.561251086012162,162.09349593495924,71.95121951219512
2013-03-10 20,34.1394025604552,4.561251086012165,180.89430894308924,69.81707317073173
2013-03-10 21,30.5832147937411,4.12684622067767,177.8455284552845,69.20731707317074
2013-03-10 22,27.73826458036985,4.12684622067767,162.60162601626024,66.76829268292684
2013-03-10 23,25.9601706970128,3.4752389226759326,135.16260162601623,61.28048780487808
2013-03-11 00,24.00426742532008,2.60642919200695,89.43089430894305,45.42682926829268
2013-03-11 01,24.00426742532005,2.60642919200695,80.28455284552842,38.10975609756096
2013-03-11 02,23.82645803698435,2.60642919200695,67.58130081300811,36.58536585365853
2013-03-11 03,22.9374110953058,2.60642919200695,68.59756097560978,38.41463414634148
2013-03-11 04,23.1152204836415,2.60642919200695,69.10569105691057,35.975609756097555
2013-03-11 05,23.648648648648624,2.60642919200695,69.10569105691054,36.890243902439
2013-03-11 06,25.071123755334305,2.60642919200695,69.61382113821136,37.19512195121951
2013-03-11 07,36.80654338549075,1.954821894005215,91.46341463414636,45.1219512195122
2013-03-11 08,36.09530583214792,1.73761946133797,92.98780487804878,50.30487804878047
2013-03-11 09,31.650071123755325,1.73761946133797,83.84146341463412,47.8658536585366
2013-03-11 10,30.049786628734,1.73761946133797,80.79268292682926,57.92682926829268
2013-03-11 11,30.049786628734,1.73761946133797,80.79268292682926,56.70731707317075
2013-03-11 12,30.5832147937411,1.5204170286707233,75.71138211382114,57.62195121951223
2013-03-11 13,30.2275960170697,1.73761946133797,75.71138211382112,53.04878048780488
2013-03-11 14,30.049786628734,1.954821894005215,68.08943089430895,52.43902439024393
2013-03-11 15,20.448079658605977,2.823631624674195,70.1219512195122,56.70731707317075
2013-03-11 16,27.2048364153627,3.258036490008688,73.67886178861787,54.268292682926855
2013-03-11 17,27.2048364153627,3.258036490008685,90.4471544715447,52.4390243902439
2013-03-11 18,28.982930298719776,3.47523892267593,108.73983739837408,58.23170731707318
2013-03-11 19,32.539118065433875,3.6924413553431776,180.3861788617885,77.13414634146342
2013-03-11 20,34.1394025604552,4.77845351867941,194.61382113821125,67.98780487804878
2013-03-11 21,30.583214793741124,4.34404865334492,191.5650406504065,73.78048780487805
2013-03-11 22,27.204836415362728,3.909643788010425,152.43902439024376,70.1219512195122
2013-03-11 23,25.6045519203414,3.04083405734144,114.329268292683,59.14634146341465
2013-03-12 00,23.82645803698435,2.60642919200695,98.57723577235778,46.036585365853625
2013-03-12 01,23.4708392603129,2.823631624674195,79.77642276422765,39.63414634146343
2013-03-12 02,23.293029871977225,2.823631624674195,67.58130081300813,35.670731707317074
2013-03-12 03,22.9374110953058,2.60642919200695,68.08943089430895,34.451219512195124
2013-03-12 04,23.293029871977225,2.823631624674195,63.516260162601625,32.0121951219512
2013-03-12 05,23.82645803698435,2.60642919200695,65.04065040650407,32.92682926829268
2013-03-12 06,25.4267425320057,2.823631624674195,61.4837398373984,32.6219512195122
2013-03-12 07,37.517780938833575,3.258036490008685,76.72764227642276,35.36585365853658
2013-03-12 08,36.98435277382645,2.823631624674195,79.77642276422762,43.90243902439022
2013-03-12 09,31.472261735419625,2.60642919200695,86.89024390243902,36.58536585365853
2013-03-12 10,31.4722617354196,2.823631624674195,84.85772357723577,35.67073170731705
2013-03-12 11,30.2275960170697,3.258036490008685,85.87398373983737,43.29268292682925
2013-03-12 12,30.7610241820768,3.47523892267593,72.15447154471545,45.12195121951218
2013-03-12 13,30.9388335704125,3.6924413553431776,79.77642276422765,50.0
2013-03-12 14,30.4054054054054,3.47523892267593,70.63008130081303,48.170731707317074
2013-03-12 15,28.627311522048373,3.9096437880104222,70.1219512195122,44.5121951219512
2013-03-12 16,27.916073968705525,3.6924413553431776,65.54878048780489,40.24390243902437
2013-03-12 17,28.449502133712677,3.909643788010425,75.20325203252033,40.85365853658535
2013-03-12 18,30.4054054054054,3.909643788010425,108.7398373983742,48.475609756097576
2013-03-12 19,35.028449502133725,4.778453518679408,184.959349593496,75.91463414634147
2013-03-12 20,36.09530583214792,4.995655951346655,215.44715447154476,80.18292682926827
2013-03-12 21,32.18349928876245,5.2128583840139,222.05284552845524,78.65853658536585
2013-03-12 22,28.44950213371265,4.126846220677672,179.36991869918725,76.21951219512195
2013-03-12 23,26.4935988620199,3.04083405734144,146.34146341463423,64.32926829268295
2013-03-13 00,24.182076813655776,2.823631624674195,105.18292682926848,48.78048780487802
2013-03-13 01,23.648648648648624,2.823631624674195,81.8089430894309,45.42682926829267
2013-03-13 02,23.2930298719772,3.04083405734144,70.630081300813,38.41463414634145
2013-03-13 03,23.1152204836415,3.04083405734144,67.58130081300816,38.414634146341456
2013-03-13 04,23.1152204836415,2.823631624674195,64.02439024390245,38.71951219512195
2013-03-13 05,23.82645803698435,2.823631624674195,67.07317073170732,40.54878048780485
2013-03-13 06,25.071123755334305,2.823631624674195,63.516260162601625,39.6341463414634
2013-03-13 07,37.33997155049788,2.17202432667246,91.97154471544712,45.12195121951218
2013-03-13 08,37.33997155049785,2.17202432667246,95.020325203252,45.42682926829265
2013-03-13 09,31.1166429587482,1.954821894005215,86.38211382113818,54.57317073170732
2013-03-13 10,30.4054054054054,1.73761946133797,80.28455284552845,52.4390243902439
2013-03-13 11,30.049786628734,1.954821894005215,72.15447154471545,51.82926829268296
2013-03-13 12,29.6941678520626,2.823631624674195,76.72764227642276,53.65853658536588
2013-03-13 13,30.4054054054054,3.04083405734144,73.6788617886179,47.86585365853657
2013-03-13 14,30.761024182076824,2.823631624674195,70.12195121951217,47.5609756097561
2013-03-13 15,27.916073968705525,3.04083405734144,67.07317073170732,53.65853658536588
2013-03-13 16,27.027027027027,2.823631624674195,74.1869918699187,48.78048780487802
2013-03-13 17,27.5604551920341,2.823631624674195,91.4634146341463,51.21951219512195
2013-03-13 18,28.9829302987198,2.823631624674195,118.9024390243905,61.58536585365853
2013-03-13 19,32.00568990042673,3.6924413553431776,199.1869918699185,80.48780487804875
2013-03-13 20,35.3840682788051,4.126846220677673,221.5447154471545,94.20731707317074
2013-03-13 21,30.938833570412505,3.47523892267593,192.073170731707,76.21951219512195
2013-03-13 22,27.738264580369822,3.258036490008685,182.92682926829275,71.03658536585365
2013-03-13 23,25.7823613086771,2.17202432667246,128.048780487805,55.79268292682928
2013-03-14 00,23.82645803698435,1.954821894005215,94.00406504065036,53.65853658536588
2013-03-14 01,23.2930298719772,2.17202432667246,87.90650406504065,47.86585365853657
2013-03-14 02,23.2930298719772,1.954821894005215,80.28455284552845,43.29268292682927
2013-03-14 03,22.9374110953058,2.3892267593397047,75.71138211382112,44.5121951219512
2013-03-14 04,23.2930298719772,1.954821894005215,76.72764227642276,45.731707317073145
2013-03-14 05,24.00426742532008,1.954821894005215,74.18699186991873,42.98780487804878
2013-03-14 06,25.24893314367,2.17202432667246,77.23577235772355,42.378048780487774
2013-03-14 07,38.5846372688478,1.3032145960034764,84.34959349593498,47.2560975609756
2013-03-14 08,38.40682788051208,1.5204170286707233,97.0528455284552,46.64634146341462
2013-03-14 09,32.18349928876243,1.73761946133797,93.49593495934955,47.5609756097561
2013-03-14 10,30.049786628734,1.73761946133797,92.98780487804882,41.7682926829268
2013-03-14 11,32.539118065433854,1.73761946133797,83.84146341463415,48.78048780487808
2013-03-14 12,31.650071123755325,1.73761946133797,76.21951219512192,59.45121951219513
2013-03-14 13,30.405405405405425,2.17202432667246,77.23577235772355,56.40243902439025
2013-03-14 14,30.2275960170697,2.3892267593397047,64.02439024390247,48.47560975609755
2013-03-14 15,27.027027027027,3.258036490008688,68.08943089430895,46.6463414634146
2013-03-14 16,26.3157894736842,3.258036490008685,74.6951219512195,45.73170731707317
2013-03-14 17,26.3157894736842,3.6924413553431776,82.3170731707317,53.65853658536588
2013-03-14 18,28.27169274537695,4.126846220677672,103.65853658536578,57.62195121951223
2013-03-14 19,32.36130867709815,4.126846220677672,195.12195121951223,83.23170731707314
2013-03-14 20,33.25035561877667,6.516072980017375,221.54471544715423,76.52439024390242
2013-03-14 21,30.4054054054054,5.864465682015634,225.609756097561,71.64634146341461
2013-03-14 22,26.8492176386913,4.995655951346655,201.7276422764228,72.25609756097563
2013-03-14 23,24.8933143669986,3.475238922675932,142.7845528455285,66.46341463414637
2013-03-15 00,23.64864864864865,3.258036490008685,105.18292682926833,54.87804878048783
2013-03-15 01,22.9374110953058,3.258036490008685,94.0040650406504,48.170731707317074
2013-03-15 02,22.9374110953058,3.47523892267593,87.90650406504065,42.98780487804877
2013-03-15 03,22.4039829302987,3.47523892267593,81.30081300813008,43.59756097560975
2013-03-15 04,22.7596017069701,3.258036490008685,76.21951219512195,46.34146341463412
2013-03-15 05,23.1152204836415,3.47523892267593,75.71138211382114,49.6951219512195
2013-03-15 06,24.35988620199145,3.47523892267593,76.72764227642278,42.68292682926828
2013-03-15 07,34.85064011379802,3.258036490008688,90.4471544715447,45.42682926829268
2013-03-15 08,36.09530583214792,2.823631624674195,104.6747967479676,48.475609756097526
2013-03-15 09,30.2275960170697,2.60642919200695,101.11788617886177,44.51219512195117
2013-03-15 10,30.2275960170697,2.60642919200695,91.4634146341463,50.3048780487805
2013-03-15 11,32.18349928876245,2.60642919200695,86.89024390243902,54.57317073170733
2013-03-15 12,31.472261735419625,3.258036490008685,78.2520325203252,51.52439024390245
2013-03-15 13,31.29445234708393,3.47523892267593,94.5121951219512,43.59756097560973
2013-03-15 14,31.65007112375535,3.47523892267593,76.21951219512195,39.02439024390242
2013-03-15 15,28.80512091038408,3.6924413553431776,77.7439024390244,34.756097560975604
2013-03-15 16,26.8492176386913,4.126846220677672,84.34959349593493,36.28048780487805
2013-03-15 17,27.027027027027,4.126846220677673,91.97154471544722,42.3780487804878
2013-03-15 18,28.093883357041275,3.909643788010425,131.6056910569105,50.30487804878047
2013-03-15 19,28.9829302987198,5.647263249348392,178.35365853658524,60.0609756097561
2013-03-15 20,30.049786628734,6.081668114682882,195.121951219512,67.68292682926827
2013-03-15 21,27.560455192034127,5.430060816681145,183.94308943089425,64.32926829268295
2013-03-15 22,25.6045519203414,5.430060816681145,178.3536585365855,68.29268292682927
2013-03-15 23,24.3598862019915,3.909643788010425,146.84959349593498,64.02439024390245
2013-03-16 00,23.648648648648624,3.6924413553431776,119.91869918699174,59.14634146341467
2013-03-16 01,22.9374110953058,3.909643788010425,100.10162601626004,52.74390243902442
2013-03-16 02,23.1152204836415,3.6924413553431776,90.4471544715447,46.036585365853625
2013-03-16 03,22.5817923186344,3.6924413553431776,80.28455284552845,40.24390243902437
2013-03-16 04,22.7596017069701,3.909643788010425,71.64634146341461,40.54878048780485
2013-03-16 05,23.1152204836415,3.6924413553431776,73.6788617886179,40.24390243902437
2013-03-16 06,23.1152204836415,3.47523892267593,67.07317073170732,35.67073170731705
2013-03-16 07,24.7155049786629,4.126846220677672,74.69512195121952,40.24390243902437
2013-03-16 08,28.09388335704125,3.47523892267593,83.84146341463412,45.73170731707312
2013-03-16 09,33.9615931721195,3.47523892267593,109.247967479675,47.2560975609756
2013-03-16 10,35.73968705547652,3.258036490008685,115.8536585365855,51.52439024390245
2013-03-16 11,36.09530583214792,3.47523892267593,117.378048780488,53.048780487804905
2013-03-16 12,33.07254623044098,4.126846220677672,148.88211382113826,49.69512195121953
2013-03-16 13,32.539118065433875,4.34404865334492,150.91463414634148,43.59756097560973
2013-03-16 14,32.18349928876248,4.34404865334492,137.19512195121925,53.963414634146346
2013-03-16 15,29.8719772403983,4.126846220677673,150.40650406504074,57.317073170731724
2013-03-16 16,28.805120910384097,4.34404865334492,159.55284552845526,54.8780487804878
2013-03-16 17,28.09388335704125,4.561251086012165,151.93089430894324,62.50000000000002
2013-03-16 18,28.449502133712677,4.7784535186794095,165.14227642276427,58.23170731707317
2013-03-16 19,29.516358463726878,5.864465682015637,199.6951219512195,63.109756097561
2013-03-16 20,29.8719772403983,5.2128583840139,187.49999999999972,64.02439024390245
2013-03-16 21,28.093883357041225,6.081668114682884,171.747967479675,60.06097560975613
2013-03-16 22,26.137980085348502,5.212858384013897,175.30487804878024,64.63414634146342
2013-03-16 23,25.0711237553343,3.258036490008685,155.48780487804876,63.109756097560975
2013-03-17 00,23.82645803698435,3.258036490008685,121.4430894308945,51.52439024390248
2013-03-17 01,23.2930298719772,2.823631624674195,102.64227642276435,44.5121951219512
2013-03-17 02,23.1152204836415,3.258036490008685,96.54471544715454,42.98780487804875
2013-03-17 03,22.7596017069701,2.823631624674195,91.97154471544724,41.15853658536585
2013-03-17 04,22.7596017069701,3.258036490008685,82.8252032520325,41.46341463414635
2013-03-17 05,22.9374110953058,3.04083405734144,69.10569105691057,35.975609756097555
2013-03-17 06,23.1152204836415,3.04083405734144,66.05691056910572,34.756097560975604
2013-03-17 07,23.648648648648624,3.47523892267593,64.53252032520325,36.58536585365853
2013-03-17 08,24.53769559032717,3.909643788010425,90.95528455284553,39.3292682926829
2013-03-17 09,28.627311522048352,3.258036490008685,110.26422764227632,37.80487804878047
2013-03-17 10,32.71692745376955,3.258036490008685,126.0162601626015,44.2073170731707
2013-03-17 11,37.69559032716925,2.60642919200695,144.30894308943076,44.20731707317073
2013-03-17 12,41.07396870554768,4.126846220677672,139.7357723577235,47.5609756097561
2013-03-17 13,36.80654338549075,3.4752389226759326,108.73983739837408,37.5
2013-03-17 14,33.07254623044095,3.04083405734144,100.10162601626024,29.8780487804878
2013-03-17 15,30.5832147937411,2.823631624674195,86.3821138211382,27.4390243902439
2013-03-17 16,28.6273115220484,2.823631624674195,83.84146341463415,26.82926829268293
2013-03-17 17,27.5604551920341,3.04083405734144,95.0203252032521,29.5731707317073
2013-03-17 18,28.27169274537695,2.823631624674195,108.23170731707324,43.90243902439025
2013-03-17 19,30.049786628734,4.56125108601216,140.2439024390245,54.268292682926855
2013-03-17 20,31.827880512091028,2.60642919200695,188.00813008130075,67.68292682926827
2013-03-17 21,28.627311522048373,3.47523892267593,175.3048780487805,64.63414634146343
2013-03-17 22,26.137980085348502,3.258036490008685,154.47154471544724,60.6707317073171
2013-03-17 23,25.0711237553343,2.17202432667246,132.11382113821125,55.7926829268293
2013-03-18 00,23.4708392603129,3.47523892267593,104.67479674796752,45.42682926829265
2013-03-18 01,23.1152204836415,3.04083405734144,86.3821138211382,44.5121951219512
2013-03-18 02,23.1152204836415,3.04083405734144,74.1869918699187,40.54878048780485
2013-03-18 03,22.7596017069701,2.823631624674195,67.58130081300813,35.36585365853658
2013-03-18 04,22.9374110953058,3.04083405734144,64.53252032520328,36.5853658536585
2013-03-18 05,22.9374110953058,2.60642919200695,66.0569105691057,39.329268292682926
2013-03-18 06,24.00426742532005,3.04083405734144,58.943089430894325,32.62195121951218
2013-03-18 07,31.116642958748223,2.3892267593397047,74.69512195121953,36.28048780487805
2013-03-18 08,35.56187766714082,2.17202432667246,81.8089430894309,38.41463414634148
2013-03-18 09,32.539118065433875,2.17202432667246,82.8252032520325,40.24390243902435
2013-03-18 10,32.36130867709815,1.954821894005215,95.02032520325204,47.56097560975613
2013-03-18 11,31.650071123755325,2.17202432667246,89.43089430894307,53.35365853658538
2013-03-18 12,31.29445234708393,2.60642919200695,81.30081300813008,56.40243902439028
2013-03-18 13,30.5832147937411,3.04083405734144,73.6788617886179,49.08536585365852
2013-03-18 14,30.049786628734,3.04083405734144,55.38617886178862,46.03658536585365
2013-03-18 15,28.093883357041225,2.823631624674195,72.66260162601625,48.47560975609755
2013-03-18 16,24.893314366998556,2.823631624674195,69.10569105691057,46.64634146341462
2013-03-18 17,27.7382645803698,3.04083405734144,71.13821138211382,51.82926829268296
2013-03-18 18,28.6273115220484,3.258036490008685,91.46341463414625,57.62195121951223
2013-03-18 19,31.116642958748223,3.6924413553431776,160.060975609756,77.7439024390244
2013-03-18 20,32.89473684210525,5.2128583840139,192.58130081300823,80.79268292682926
2013-03-18 21,30.049786628734,4.995655951346655,190.54878048780475,73.78048780487805
2013-03-18 22,26.849217638691325,4.7784535186794095,175.81300813008124,71.9512195121951
2013-03-18 23,24.359886201991475,4.126846220677672,120.42682926829258,70.4268292682927
2013-03-19 00,19.381223328591723,3.909643788010425,84.85772357723576,60.3658536585366
2013-03-19 01,19.559032716927447,3.6924413553431776,72.15447154471548,45.731707317073145
2013-03-19 02,22.5817923186344,3.6924413553431776,70.1219512195122,42.378048780487774
2013-03-19 03,27.916073968705525,4.126846220677672,64.53252032520325,41.15853658536585
2013-03-19 04,23.470839260312925,3.47523892267593,65.54878048780489,40.24390243902437
2013-03-19 05,23.4708392603129,4.126846220677672,61.9918699186992,41.7682926829268
2013-03-19 06,24.182076813655776,3.909643788010425,60.46747967479678,36.89024390243903
2013-03-19 07,30.049786628734,3.6924413553431776,75.71138211382112,42.0731707317073
2013-03-19 08,33.9615931721195,3.909643788010425,77.23577235772358,48.47560975609755
2013-03-19 09,31.47226173541963,3.47523892267593,90.44715447154468,46.34146341463412
2013-03-19 10,29.8719772403983,3.909643788010425,82.3170731707317,38.41463414634143
2013-03-19 11,29.5163584637269,4.126846220677672,82.82520325203252,44.8170731707317
2013-03-19 12,28.9829302987198,3.47523892267593,79.77642276422762,52.74390243902442
2013-03-19 13,28.9829302987198,3.47523892267593,77.23577235772358,49.39024390243903
2013-03-19 14,28.80512091038408,3.909643788010425,56.910569105691046,48.475609756097576
2013-03-19 15,26.8492176386913,3.47523892267593,63.516260162601625,46.3414634146341
2013-03-19 16,26.6714082503556,3.258036490008685,75.20325203252033,38.41463414634145
2013-03-19 17,26.3157894736842,3.258036490008685,79.77642276422765,40.85365853658535
2013-03-19 18,28.27169274537695,3.6924413553431776,114.3292682926829,45.42682926829267
2013-03-19 19,31.1166429587482,4.34404865334492,172.7642276422765,74.6951219512195
2013-03-19 20,32.00568990042675,3.909643788010425,197.154471544715,71.03658536585368
2013-03-19 21,29.8719772403983,3.909643788010425,172.2560975609755,62.5
2013-03-19 22,26.8492176386913,3.909643788010425,153.45528455284574,65.85365853658536
2013-03-19 23,25.4267425320057,3.258036490008685,118.90243902439,68.2926829268293
2013-03-20 00,24.359886201991475,2.60642919200695,95.52845528455282,57.01219512195122
2013-03-20 01,23.648648648648624,2.60642919200695,78.76016260162599,49.6951219512195
2013-03-20 02,23.2930298719772,2.60642919200695,65.04065040650407,47.256097560975576
2013-03-20 03,23.1152204836415,2.60642919200695,63.00813008130082,43.90243902439022
2013-03-20 04,23.2930298719772,2.60642919200695,60.46747967479675,43.59756097560973
2013-03-20 05,23.470839260312925,2.60642919200695,61.483739837398375,44.20731707317072
2013-03-20 06,24.35988620199145,2.3892267593397047,57.41869918699187,39.6341463414634
2013-03-20 07,30.7610241820768,1.954821894005215,73.17073170731705,42.378048780487774
2013-03-20 08,36.09530583214792,2.3892267593397047,81.8089430894309,45.42682926829265
2013-03-20 09,32.894736842105274,2.60642919200695,85.87398373983737,46.64634146341462
2013-03-20 10,32.539118065433854,2.3892267593397047,73.17073170731707,45.73170731707317
2013-03-20 11,31.2944523470839,2.60642919200695,77.23577235772358,48.47560975609755
2013-03-20 12,31.650071123755325,2.823631624674195,87.3983739837398,46.34146341463415
2013-03-20 13,30.9388335704125,2.60642919200695,65.54878048780488,41.15853658536585
2013-03-20 14,30.4054054054054,2.60642919200695,59.45121951219512,39.329268292682926
2013-03-20 15,28.27169274537695,2.823631624674195,63.00813008130082,41.76829268292683
2013-03-20 16,27.3826458036984,3.04083405734144,64.02439024390245,39.3292682926829
2013-03-20 17,27.5604551920341,2.823631624674195,78.2520325203252,44.2073170731707
2013-03-20 18,28.627311522048373,3.258036490008685,112.2967479674797,47.56097560975613
2013-03-20 19,32.18349928876245,3.692441355343177,175.30487804878027,65.85365853658537
2013-03-20 20,33.6059743954481,3.47523892267593,195.630081300813,77.1341463414634
2013-03-20 21,30.5832147937411,3.47523892267593,191.05691056910572,75.0
2013-03-20 22,27.204836415362728,3.258036490008685,171.747967479675,67.3780487804878
2013-03-20 23,25.24893314367,2.3892267593397047,129.0650406504065,73.17073170731707
2013-03-21 00,24.00426742532005,2.60642919200695,95.0203252032521,67.37804878048783
2013-03-21 01,23.2930298719772,2.60642919200695,79.26829268292683,51.21951219512198
2013-03-21 02,22.9374110953058,2.60642919200695,68.59756097560975,46.951219512195074
2013-03-21 03,23.1152204836415,2.60642919200695,67.07317073170732,49.390243902439
2013-03-21 04,22.7596017069701,2.60642919200695,61.99186991869922,41.15853658536585
2013-03-21 05,23.470839260312925,2.60642919200695,64.02439024390245,42.98780487804878
2013-03-21 06,24.35988620199145,2.823631624674195,60.46747967479675,36.28048780487805
2013-03-21 07,30.4054054054054,2.823631624674195,78.2520325203252,35.06097560975608
2013-03-21 08,35.3840682788051,2.60642919200695,79.77642276422762,31.70731707317075
2013-03-21 09,32.539118065433854,2.60642919200695,88.92276422764228,31.70731707317075
2013-03-21 10,31.650071123755325,2.60642919200695,81.8089430894309,31.402439024390247
2013-03-21 11,30.049786628734,2.823631624674195,80.28455284552845,34.451219512195124
2013-03-21 12,30.4054054054054,2.60642919200695,78.76016260162602,32.0121951219512
2013-03-21 13,30.2275960170697,2.60642919200695,78.760162601626,25.304878048780477
2013-03-21 14,29.6941678520626,2.60642919200695,62.5,29.5731707317073
2013-03-21 15,27.560455192034127,2.60642919200695,76.21951219512195,32.3170731707317
2013-03-21 16,27.2048364153627,2.60642919200695,78.25203252032523,32.6219512195122
2013-03-21 17,28.09388335704125,2.60642919200695,89.9390243902439,29.8780487804878
2013-03-21 18,27.916073968705525,2.60642919200695,104.16666666666652,46.036585365853625
2013-03-21 19,30.049786628734,3.04083405734144,170.73170731707324,65.24390243902442
2013-03-21 20,32.36130867709815,4.12684622067767,197.15447154471525,65.54878048780488
2013-03-21 21,29.516358463726903,3.909643788010425,194.61382113821125,68.90243902439025
2013-03-21 22,26.49359886201993,3.47523892267593,159.0447154471545,67.6829268292683
2013-03-21 23,24.8933143669986,2.3892267593397047,111.280487804878,55.182926829268304
2013-03-22 00,24.00426742532005,2.3892267593397047,87.90650406504062,48.47560975609755
2013-03-22 01,23.648648648648624,2.60642919200695,73.17073170731707,43.59756097560975
2013-03-22 02,23.1152204836415,2.60642919200695,69.10569105691057,36.890243902439
2013-03-22 03,22.7596017069701,2.60642919200695,68.59756097560978,38.414634146341456
2013-03-22 04,22.9374110953058,2.60642919200695,65.04065040650407,35.67073170731705
2013-03-22 05,23.11522048364152,2.60642919200695,63.51626016260165,36.58536585365853
2013-03-22 06,24.182076813655748,2.60642919200695,60.46747967479675,27.7439024390244
2013-03-22 07,30.938833570412527,1.73761946133797,73.67886178861787,27.1341463414634
2013-03-22 08,34.6728307254623,1.954821894005215,82.82520325203252,29.8780487804878
2013-03-22 09,31.29445234708393,3.6924413553431776,82.3170731707317,32.6219512195122
2013-03-22 10,32.36130867709815,2.823631624674195,71.64634146341461,38.71951219512195
2013-03-22 11,31.1166429587482,2.60642919200695,73.6788617886179,47.5609756097561
2013-03-22 12,30.2275960170697,2.60642919200695,90.95528455284553,48.170731707317074
2013-03-22 13,30.049786628734,2.60642919200695,84.85772357723576,38.71951219512195
2013-03-22 14,29.3385490753912,3.258036490008685,84.85772357723577,39.6341463414634
2013-03-22 15,27.916073968705525,2.60642919200695,79.77642276422762,41.76829268292683
2013-03-22 16,27.2048364153627,2.60642919200695,69.61382113821138,44.817073170731696
2013-03-22 17,27.560455192034127,2.60642919200695,75.71138211382112,42.3780487804878
2013-03-22 18,28.093883357041275,2.823631624674195,115.85365853658551,50.30487804878052
2013-03-22 19,29.5163584637269,3.9096437880104222,188.5162601626015,63.10975609756101
2013-03-22 20,31.472261735419625,4.344048653344918,195.121951219512,66.15853658536585
2013-03-22 21,28.9829302987198,3.909643788010425,182.9268292682925,55.7926829268293
2013-03-22 22,26.3157894736842,3.69244135534318,164.12601626016274,55.182926829268304
2013-03-22 23,25.0711237553343,2.3892267593397047,134.65447154471525,55.7926829268293
2013-03-23 00,24.359886201991475,2.17202432667246,101.11788617886177,57.9268292682927
2013-03-23 01,23.2930298719772,2.3892267593397047,83.84146341463415,49.99999999999997
2013-03-23 02,23.1152204836415,2.3892267593397047,73.17073170731707,42.98780487804878
2013-03-23 03,22.9374110953058,1.954821894005215,68.08943089430895,38.10975609756096
2013-03-23 04,22.9374110953058,2.17202432667246,60.46747967479675,34.756097560975604
2013-03-23 05,23.1152204836415,2.17202432667246,64.02439024390245,37.49999999999998
2013-03-23 06,23.2930298719772,2.17202432667246,51.829268292682926,33.84146341463413
2013-03-23 07,24.8933143669986,2.823631624674197,63.516260162601625,37.19512195121951
2013-03-23 08,27.204836415362728,2.3892267593397047,81.30081300813008,40.54878048780488
2013-03-23 09,29.160739687055475,2.3892267593397047,102.64227642276433,47.8658536585366
2013-03-23 10,31.650071123755325,2.60642919200695,99.59349593495948,43.29268292682927
2013-03-23 11,33.072546230441,3.04083405734144,128.5569105691055,52.13414634146345
2013-03-23 12,34.6728307254623,3.258036490008685,115.34552845528476,46.64634146341463
2013-03-23 13,35.3840682788051,3.909643788010425,120.9349593495935,38.10975609756095
2013-03-23 14,35.2062588904694,3.258036490008685,113.821138211382,39.0243902439024
2013-03-23 15,32.894736842105225,3.258036490008685,126.01626016260175,39.02439024390242
2013-03-23 16,29.3385490753912,3.47523892267593,111.280487804878,46.03658536585365
2013-03-23 17,29.3385490753912,3.47523892267593,109.7560975609757,40.85365853658533
2013-03-23 18,28.982930298719776,3.47523892267593,140.75203252032526,50.91463414634148
2013-03-23 19,30.4054054054054,4.995655951346655,165.14227642276424,59.14634146341465
2013-03-23 20,30.4054054054054,4.995655951346655,165.650406504065,70.42682926829266
2013-03-23 21,28.27169274537695,4.995655951346655,153.96341463414626,63.41463414634147
2013-03-23 22,26.137980085348502,4.561251086012162,139.22764227642276,63.109756097560975
2013-03-23 23,25.4267425320057,3.69244135534318,128.048780487805,59.45121951219515
2013-03-24 00,24.182076813655776,2.823631624674195,114.329268292683,53.963414634146375
2013-03-24 01,23.2930298719772,2.3892267593397047,102.1341463414635,42.98780487804878
2013-03-24 02,22.9374110953058,2.60642919200695,76.21951219512198,39.02439024390242
2013-03-24 03,22.7596017069701,2.17202432667246,66.56504065040653,37.49999999999997
2013-03-24 04,22.7596017069701,2.60642919200695,61.9918699186992,37.5
2013-03-24 05,22.9374110953058,2.60642919200695,65.54878048780488,38.109756097560975
2013-03-24 06,23.1152204836415,2.60642919200695,50.30487804878047,33.23170731707315
2013-03-24 07,24.359886201991475,2.60642919200695,68.59756097560975,35.67073170731705
2013-03-24 08,26.137980085348502,2.60642919200695,77.7439024390244,39.63414634146338
2013-03-24 09,31.116642958748223,1.73761946133797,87.39837398373993,44.20731707317072
2013-03-24 10,36.45092460881935,1.954821894005215,128.04878048780475,51.52439024390245
2013-03-24 11,37.517780938833575,1.954821894005215,148.88211382113826,54.87804878048783
2013-03-24 12,37.69559032716925,2.823631624674195,120.9349593495935,45.42682926829268
2013-03-24 13,40.36273115220482,2.823631624674195,87.90650406504072,44.51219512195122
2013-03-24 14,38.58463726884777,2.823631624674195,81.30081300813008,41.463414634146325
2013-03-24 15,34.1394025604552,2.60642919200695,85.36585365853658,42.98780487804878
2013-03-24 16,28.6273115220484,2.60642919200695,86.38211382113822,40.85365853658535
2013-03-24 17,27.738264580369822,2.60642919200695,88.41463414634146,41.463414634146325
2013-03-24 18,28.449502133712677,3.258036490008688,101.11788617886184,48.78048780487808
2013-03-24 19,29.33854907539117,4.344048653344915,132.1138211382115,53.65853658536585
2013-03-24 20,30.761024182076827,3.909643788010425,150.4065040650405,59.75609756097565
2013-03-24 21,28.27169274537697,3.909643788010425,154.979674796748,64.02439024390245
2013-03-24 22,26.6714082503556,3.69244135534318,143.80081300812998,64.02439024390245
2013-03-24 23,25.24893314367,2.823631624674195,111.788617886179,63.4146341463415
2013-03-25 00,24.00426742532005,2.60642919200695,91.46341463414645,55.1829268292683
2013-03-25 01,23.2930298719772,2.60642919200695,72.15447154471545,43.59756097560973
2013-03-25 02,22.9374110953058,2.60642919200695,65.54878048780488,40.54878048780485
2013-03-25 03,22.7596017069701,2.60642919200695,67.07317073170732,39.02439024390243
2013-03-25 04,22.9374110953058,2.60642919200695,63.0081300813008,38.71951219512195
2013-03-25 05,22.9374110953058,2.60642919200695,63.00813008130083,40.54878048780485
2013-03-25 06,23.64864864864865,2.60642919200695,57.41869918699187,36.28048780487802
2013-03-25 07,28.09388335704125,1.954821894005215,76.21951219512195,40.85365853658535
2013-03-25 08,32.71692745376957,1.73761946133797,77.7439024390244,42.98780487804875
2013-03-25 09,31.1166429587482,1.73761946133797,88.92276422764228,43.29268292682925
2013-03-25 10,30.7610241820768,1.954821894005215,97.5609756097561,47.256097560975626
2013-03-25 11,29.6941678520626,2.3892267593397047,92.47967479674796,46.34146341463415
2013-03-25 12,30.583214793741103,2.60642919200695,88.92276422764228,52.13414634146343
2013-03-25 13,31.827880512091003,2.17202432667246,96.03658536585368,44.20731707317072
2013-03-25 14,30.7610241820768,2.60642919200695,83.33333333333333,49.69512195121953
2013-03-25 15,29.3385490753912,2.60642919200695,78.76016260162604,55.182926829268325
2013-03-25 16,27.382645803698423,2.60642919200695,86.890243902439,51.82926829268296
2013-03-25 17,27.027027027027,2.60642919200695,97.05284552845536,52.43902439024393
2013-03-25 18,27.027027027027,2.823631624674195,120.42682926829276,62.5
2013-03-25 19,29.160739687055475,2.60642919200695,182.418699186992,73.17073170731707
2013-03-25 20,31.29445234708393,3.6924413553431776,197.66260162601623,71.64634146341461
2013-03-25 21,28.982930298719776,3.47523892267593,185.9756097560975,66.46341463414633
2013-03-25 22,26.4935988620199,2.823631624674195,170.73170731707324,64.32926829268295
2013-03-25 23,24.8933143669986,1.954821894005215,122.967479674797,64.63414634146342
2013-03-26 00,24.00426742532005,1.954821894005215,99.59349593495936,54.268292682926855
2013-03-26 01,23.1152204836415,1.73761946133797,82.8252032520325,49.08536585365855
2013-03-26 02,23.2930298719772,1.954821894005215,77.7439024390244,46.64634146341465
2013-03-26 03,22.5817923186344,1.73761946133797,78.25203252032523,38.109756097560975
2013-03-26 04,22.5817923186344,1.73761946133797,72.66260162601625,35.975609756097555
2013-03-26 05,23.1152204836415,1.73761946133797,73.67886178861787,37.5
2013-03-26 06,23.64864864864865,2.17202432667246,67.58130081300813,32.62195121951218
2013-03-26 07,28.09388335704125,1.73761946133797,86.89024390243902,37.80487804878047
2013-03-26 08,31.827880512091024,1.954821894005215,88.41463414634146,40.85365853658535
2013-03-26 09,30.9388335704125,1.954821894005215,97.5609756097561,39.63414634146343
2013-03-26 10,30.4054054054054,2.17202432667246,88.41463414634146,46.036585365853625
2013-03-26 11,28.805120910384097,2.60642919200695,94.0040650406505,46.03658536585365
2013-03-26 12,29.1607396870555,3.04083405734144,99.59349593495948,47.56097560975607
2013-03-26 13,28.9829302987198,3.47523892267593,85.36585365853671,48.170731707317074
2013-03-26 14,28.982930298719776,3.47523892267593,77.23577235772358,50.609756097560975
2013-03-26 15,31.29445234708393,3.04083405734144,84.85772357723577,53.35365853658538
2013-03-26 16,25.07112375533428,2.60642919200695,97.05284552845538,53.3536585365854
2013-03-26 17,11.55761024182076,3.04083405734144,98.5772357723578,53.35365853658535
2013-03-26 18,8.357041251778098,3.258036490008685,138.719512195122,63.41463414634147
2013-03-26 19,13.1578947368421,4.778453518679408,201.21951219512172,75.0
2013-03-26 20,13.3357041251778,4.12684622067767,219.00406504065023,82.3170731707317
2013-03-26 21,9.779516358463734,3.47523892267593,179.369918699187,81.40243902439022
2013-03-26 22,7.467994310099575,3.47523892267593,157.520325203252,75.30487804878047
2013-03-26 23,6.0455192034139404,2.60642919200695,126.01626016260175,65.2439024390244
2013-03-27 00,4.978662873399715,2.17202432667246,99.08536585365844,56.40243902439025
2013-03-27 01,3.9118065433854894,1.954821894005215,83.33333333333334,47.5609756097561
2013-03-27 02,3.733997155049785,1.73761946133797,68.59756097560975,42.0731707317073
2013-03-27 03,3.55618776671408,2.17202432667246,65.04065040650404,41.15853658536582
2013-03-27 04,3.733997155049785,2.3892267593397047,64.53252032520328,39.9390243902439
2013-03-27 05,4.089615931721195,1.954821894005215,56.910569105691074,41.463414634146325
2013-03-27 06,4.800853485064012,2.3892267593397047,54.369918699187,35.670731707317074
2013-03-27 07,8.890469416785216,1.954821894005215,82.3170731707317,42.68292682926828
2013-03-27 08,16.002844950213372,1.73761946133797,82.82520325203251,46.03658536585365
2013-03-27 09,24.182076813655776,1.73761946133797,91.97154471544712,45.731707317073145
2013-03-27 10,12.8022759601707,2.6064291920069502,70.630081300813,45.42682926829267
2013-03-27 11,11.02418207681365,3.47523892267593,75.20325203252033,52.4390243902439
2013-03-27 12,11.7354196301565,3.6924413553431776,98.0691056910571,60.0609756097561
2013-03-27 13,10.846372688477924,3.258036490008685,87.90650406504062,55.48780487804883
2013-03-27 14,9.779516358463711,3.258036490008685,79.77642276422765,51.52439024390242
2013-03-27 15,8.5348506401138,3.258036490008685,84.34959349593495,51.829268292682926
2013-03-27 16,8.890469416785205,2.823631624674195,86.89024390243902,54.57317073170735
2013-03-27 17,22.75960170697015,3.04083405734144,96.54471544715447,59.45121951219515
2013-03-27 18,24.8933143669986,3.47523892267593,128.04878048780475,71.95121951219512
2013-03-27 19,27.382645803698423,3.6924413553431776,176.321138211382,73.47560975609755
2013-03-27 20,29.3385490753912,3.47523892267593,197.15447154471525,79.26829268292683
2013-03-27 21,26.3157894736842,3.47523892267593,192.581300813008,69.8170731707317
2013-03-27 22,24.004267425320077,3.258036490008685,157.52032520325224,60.670731707317074
2013-03-27 23,22.9374110953058,2.60642919200695,129.0650406504065,57.9268292682927
2013-03-28 00,21.8705547652916,2.17202432667246,102.13414634146322,47.56097560975607
2013-03-28 01,20.6258890469417,1.954821894005215,84.34959349593493,41.7682926829268
2013-03-28 02,20.6258890469417,2.3892267593397047,76.72764227642276,36.28048780487803
2013-03-28 03,20.0924608819346,1.954821894005215,75.20325203252033,35.975609756097555
2013-03-28 04,20.0924608819346,1.954821894005215,70.63008130081303,34.14634146341465
2013-03-28 05,20.6258890469417,1.954821894005215,68.59756097560978,35.670731707317074
2013-03-28 06,21.1593172119488,2.3892267593397047,63.516260162601625,31.09756097560975
2013-03-28 07,24.89331436699857,2.3892267593397047,76.21951219512195,36.58536585365855
2013-03-28 08,30.2275960170697,2.60642919200695,78.760162601626,37.19512195121951
2013-03-28 09,29.8719772403983,2.17202432667246,101.6260162601624,36.28048780487805
2013-03-28 10,30.2275960170697,3.258036490008685,87.90650406504062,44.20731707317072
2013-03-28 11,29.8719772403983,3.6924413553431776,91.46341463414632,46.951219512195095
2013-03-28 12,29.1607396870555,3.47523892267593,95.020325203252,57.31707317073175
2013-03-28 13,28.627311522048373,3.47523892267593,97.5609756097561,47.8658536585366
2013-03-28 14,24.182076813655748,3.258036490008685,91.46341463414632,45.731707317073145
2013-03-28 15,23.1152204836415,4.126846220677672,82.82520325203251,57.01219512195125
2013-03-28 16,22.5817923186344,4.7784535186794095,84.85772357723577,65.85365853658537
2013-03-28 17,23.11522048364153,4.34404865334492,96.54471544715454,61.89024390243905
2013-03-28 18,23.2930298719772,4.126846220677673,150.91463414634148,64.63414634146342
2013-03-28 19,24.00426742532005,4.126846220677667,195.12195121951223,65.85365853658537
2013-03-28 20,24.1820768136558,4.56125108601216,203.760162601626,72.86585365853657
2013-03-28 21,22.4039829302987,3.47523892267593,198.67886178861772,65.85365853658536
2013-03-28 22,20.8036984352774,3.04083405734144,176.82926829268274,61.89024390243905
2013-03-28 23,19.559032716927447,1.73761946133797,146.84959349593476,62.19512195121952
2013-03-29 00,18.669985775248925,1.73761946133797,100.60975609756092,58.84146341463415
2013-03-29 01,17.7809388335704,1.73761946133797,74.69512195121953,47.86585365853657
2013-03-29 02,17.425320056899,1.73761946133797,65.0406504065041,40.85365853658535
2013-03-29 03,17.2475106685633,1.73761946133797,61.483739837398375,36.28048780487803
2013-03-29 04,17.2475106685633,1.73761946133797,57.41869918699187,36.28048780487803
2013-03-29 05,17.6031294452347,1.73761946133797,57.4186991869919,37.80487804878048
2013-03-29 06,17.7809388335704,1.73761946133797,51.3211382113821,31.402439024390222
2013-03-29 07,18.3143669985775,1.73761946133797,65.5487804878049,35.0609756097561
2013-03-29 08,20.09246088193457,1.73761946133797,82.82520325203252,42.98780487804875
2013-03-29 09,22.5817923186344,2.60642919200695,101.62601626016271,49.08536585365852
2013-03-29 10,25.42674253200568,2.17202432667246,112.29674796747976,48.47560975609755
2013-03-29 11,28.27169274537695,1.73761946133797,119.918699186992,54.8780487804878
2013-03-29 12,28.80512091038408,1.73761946133797,124.49186991869924,60.3658536585366
2013-03-29 13,26.8492176386913,1.954821894005215,135.670731707317,55.79268292682928
2013-03-29 14,25.4267425320057,3.258036490008685,145.3252032520325,57.01219512195122
2013-03-29 15,23.11522048364153,3.47523892267593,171.239837398374,62.5
2013-03-29 16,23.1152204836415,3.258036490008685,151.42276422764226,67.98780487804879
2013-03-29 17,22.7596017069701,3.04083405734144,144.817073170732,61.58536585365855
2013-03-29 18,23.11522048364153,3.258036490008685,174.28861788617849,62.5
2013-03-29 19,22.9374110953058,3.258036490008685,220.528455284553,68.59756097560975
2013-03-29 20,23.2930298719772,3.47523892267593,210.36585365853648,70.1219512195122
2013-03-29 21,21.5149359886202,3.47523892267593,190.54878048780475,67.68292682926827
2013-03-29 22,20.270270270270306,2.823631624674195,160.569105691057,65.54878048780489
2013-03-29 23,19.381223328591723,1.73761946133797,124.49186991869924,64.93902439024393
2013-03-30 00,18.847795163584625,2.17202432667246,103.658536585366,60.975609756097576
2013-03-30 01,18.1365576102418,1.73761946133797,88.41463414634146,58.53658536585368
2013-03-30 02,17.7809388335704,1.73761946133797,68.59756097560978,42.378048780487774
2013-03-30 03,17.2475106685633,1.73761946133797,71.64634146341464,40.24390243902437
2013-03-30 04,17.2475106685633,1.73761946133797,61.9918699186992,33.84146341463415
2013-03-30 05,17.6031294452347,1.73761946133797,60.9756097560976,33.536585365853625
2013-03-30 06,17.6031294452347,2.3892267593397047,49.28861788617883,29.573170731707325
2013-03-30 07,19.025604551920324,2.17202432667246,69.61382113821139,35.67073170731705
2013-03-30 08,21.1593172119488,1.954821894005215,83.84146341463412,47.56097560975613
2013-03-30 09,25.604551920341372,2.60642919200695,100.6097560975609,54.57317073170733
2013-03-30 10,29.3385490753912,2.60642919200695,120.42682926829276,47.2560975609756
2013-03-30 11,32.539118065433854,2.60642919200695,139.2276422764225,49.6951219512195
2013-03-30 12,33.25035561877667,2.823631624674195,124.49186991869924,53.35365853658535
2013-03-30 13,32.00568990042675,2.60642919200695,127.03252032520324,49.08536585365855
2013-03-30 14,29.33854907539117,2.823631624674195,132.621951219512,46.6463414634146
2013-03-30 15,25.42674253200568,2.60642919200695,128.5569105691055,57.6219512195122
2013-03-30 16,23.470839260312925,2.60642919200695,127.540650406504,59.756097560975626
2013-03-30 17,22.4039829302987,2.60642919200695,122.9674796747965,53.35365853658537
2013-03-30 18,23.826458036984377,3.258036490008685,125.50813008130083,59.75609756097565
2013-03-30 19,24.53769559032717,3.909643788010425,165.14227642276398,66.46341463414637
2013-03-30 20,24.5376955903272,3.909643788010425,181.40243902439025,77.4390243902439
2013-03-30 21,22.937411095305823,3.6924413553431776,159.0447154471545,71.03658536585368
2013-03-30 22,20.9815078236131,3.47523892267593,156.5040650406505,70.1219512195122
2013-03-30 23,19.914651493598875,2.3892267593397047,149.390243902439,61.89024390243903
2013-03-31 00,18.8477951635846,1.73761946133797,117.37804878048776,59.14634146341465
2013-03-31 01,23.2930298719772,2.3892267593397047,0.0,0.0
2013-03-31 02,18.1365576102418,1.73761946133797,96.54471544715445,47.5609756097561
2013-03-31 03,17.6031294452347,1.73761946133797,81.30081300813008,42.378048780487774
2013-03-31 04,17.2475106685633,1.73761946133797,67.58130081300814,39.329268292682926
2013-03-31 05,17.2475106685633,1.73761946133797,63.00813008130083,37.5
2013-03-31 06,17.6031294452347,2.3892267593397047,64.53252032520325,34.14634146341463
2013-03-31 07,17.6031294452347,2.17202432667246,63.00813008130082,31.097560975609756
2013-03-31 08,18.3143669985775,2.3892267593397047,83.33333333333333,36.890243902439
2013-03-31 09,20.270270270270277,1.73761946133797,107.72357723577228,39.6341463414634
2013-03-31 10,25.07112375533428,1.73761946133797,111.280487804878,45.12195121951217
2013-03-31 11,29.694167852062577,2.17202432667246,122.96747967479676,52.1341463414634
2013-03-31 12,34.1394025604552,2.60642919200695,100.60975609756105,51.829268292682926
2013-03-31 13,27.38264580369845,2.823631624674195,78.2520325203252,44.20731707317073
2013-03-31 14,22.9374110953058,2.823631624674195,75.20325203252033,43.29268292682925
2013-03-31 15,22.226173541963,2.60642919200695,68.59756097560975,47.2560975609756
2013-03-31 16,21.3371266002845,2.823631624674195,68.08943089430895,50.30487804878047
2013-03-31 17,20.8036984352774,2.823631624674195,71.64634146341461,54.268292682926855
2013-03-31 18,20.9815078236131,3.04083405734144,78.76016260162604,48.475609756097526
2013-03-31 19,21.1593172119488,3.258036490008685,97.0528455284552,54.57317073170733
2013-03-31 20,23.470839260312925,3.47523892267593,129.57317073170748,57.9268292682927
2013-03-31 21,23.4708392603129,3.47523892267593,154.47154471544724,65.2439024390244
2013-03-31 22,21.5149359886202,3.04083405734144,147.86585365853625,67.6829268292683
2013-03-31 23,20.0924608819346,3.258036490008685,124.49186991869924,64.9390243902439
2013-04-01 00,19.203413940256024,3.47523892267593,100.10162601626024,54.26829268292683
2013-04-01 01,18.314366998577498,3.47523892267593,85.36585365853657,48.475609756097576
2013-04-01 02,17.6031294452347,3.47523892267593,64.53252032520328,40.85365853658535
2013-04-01 03,17.425320056899,3.47523892267593,60.46747967479675,37.5
2013-04-01 04,17.2475106685633,3.47523892267593,59.95934959349592,34.4512195121951
2013-04-01 05,17.2475106685633,3.47523892267593,58.943089430894325,35.06097560975608
2013-04-01 06,18.492176386913226,3.47523892267593,53.86178861788618,34.14634146341463
2013-04-01 07,21.15931721194877,3.47523892267593,58.943089430894325,29.573170731707325
2013-04-01 08,24.715504978662874,3.47523892267593,58.4349593495935,34.756097560975576
2013-04-01 09,24.715504978662874,3.47523892267593,91.46341463414632,36.58536585365855
2013-04-01 10,26.3157894736842,3.47523892267593,115.34552845528444,40.24390243902437
2013-04-01 11,27.027027027027,3.47523892267593,129.57317073170725,50.30487804878045
2013-04-01 12,27.027027027027,3.47523892267593,140.75203252032526,59.756097560975626
2013-04-01 13,26.4935988620199,3.47523892267593,121.95121951219524,46.64634146341465
2013-04-01 14,26.137980085348502,3.47523892267593,117.8861788617885,47.2560975609756
2013-04-01 15,23.648648648648624,3.47523892267593,113.31300813008124,41.76829268292683
2013-04-01 16,22.4039829302987,3.47523892267593,108.2317073170732,42.98780487804878
2013-04-01 17,22.226173541963,3.47523892267593,104.6747967479674,44.81707317073168
2013-04-01 18,23.293029871977225,3.909643788010425,111.280487804878,46.34146341463412
2013-04-01 19,27.738264580369822,4.561251086012165,143.292682926829,50.609756097560975
2013-04-01 20,32.00568990042675,3.909643788010425,171.23983739837374,60.0609756097561
2013-04-01 21,27.382645803698423,3.47523892267593,184.95934959349572,69.20731707317074
2013-04-01 22,22.759601706970123,3.47523892267593,182.41869918699172,73.1707317073171
2013-04-01 23,20.448079658605977,2.60642919200695,118.3943089430895,65.85365853658537
2013-04-02 00,19.381223328591723,2.17202432667246,92.47967479674804,52.13414634146343
2013-04-02 01,17.6031294452347,2.60642919200695,71.13821138211382,43.59756097560975
2013-04-02 02,17.425320056899,1.954821894005215,64.53252032520325,39.329268292682926
2013-04-02 03,17.2475106685633,1.954821894005215,58.943089430894325,35.0609756097561
2013-04-02 04,17.2475106685633,2.17202432667246,59.45121951219512,35.670731707317074
2013-04-02 05,17.2475106685633,1.954821894005215,58.943089430894325,36.890243902439
2013-04-02 06,18.669985775248925,1.954821894005215,68.08943089430898,35.0609756097561
2013-04-02 07,28.80512091038405,1.954821894005215,76.21951219512195,36.89024390243903
2013-04-02 08,28.627311522048352,1.73761946133797,79.26829268292683,42.68292682926828
2013-04-02 09,27.3826458036984,1.73761946133797,85.8739837398374,41.46341463414635
2013-04-02 10,25.9601706970128,1.73761946133797,74.1869918699187,40.54878048780485
2013-04-02 11,24.3598862019915,1.954821894005215,65.04065040650407,44.2073170731707
2013-04-02 12,24.004267425320077,1.954821894005215,72.15447154471545,43.90243902439025
2013-04-02 13,24.00426742532008,1.73761946133797,71.64634146341461,41.15853658536582
2013-04-02 14,24.00426742532005,1.73761946133797,59.45121951219515,42.378048780487774
2013-04-02 15,21.8705547652916,1.73761946133797,68.08943089430892,46.34146341463412
2013-04-02 16,21.1593172119488,2.3892267593397047,75.71138211382112,48.47560975609755
2013-04-02 17,21.5149359886202,2.60642919200695,74.6951219512195,42.98780487804875
2013-04-02 18,22.759601706970106,3.258036490008685,87.39837398373982,46.036585365853625
2013-04-02 19,27.382645803698423,3.258036490008685,120.93495934959324,54.8780487804878
2013-04-02 20,30.4054054054054,3.47523892267593,160.06097560975627,66.15853658536588
2013-04-02 21,27.560455192034127,3.6924413553431776,173.780487804878,69.81707317073173
2013-04-02 22,23.11522048364153,3.258036490008685,166.15853658536577,68.59756097560978
2013-04-02 23,20.803698435277376,2.60642919200695,124.49186991869924,58.84146341463415
2013-04-03 00,19.203413940256024,2.17202432667246,99.08536585365852,46.95121951219512
2013-04-03 01,17.7809388335704,2.60642919200695,86.89024390243902,37.1951219512195
2013-04-03 02,17.6031294452347,2.17202432667246,76.72764227642276,31.707317073170724
2013-04-03 03,17.425320056899,2.17202432667246,65.5487804878049,31.402439024390247
2013-04-03 04,17.425320056899,2.3892267593397047,63.51626016260165,31.402439024390247
2013-04-03 05,17.425320056899,2.17202432667246,63.00813008130082,32.01219512195122
2013-04-03 06,18.847795163584625,2.60642919200695,66.05691056910567,30.18292682926828
2013-04-03 07,26.849217638691325,1.954821894005215,74.69512195121953,31.09756097560975
2013-04-03 08,27.204836415362724,1.73761946133797,81.80894308943087,34.451219512195124
2013-04-03 09,22.0483641536273,1.73761946133797,88.41463414634146,38.414634146341456
2013-04-03 10,22.226173541963,1.73761946133797,78.76016260162602,43.90243902439023
2013-04-03 11,22.5817923186344,2.17202432667246,84.85772357723575,37.5
2013-04-03 12,23.47083926031295,1.954821894005215,86.38211382113818,41.15853658536585
2013-04-03 13,23.293029871977225,2.60642919200695,71.64634146341464,39.02439024390245
2013-04-03 14,26.671408250355626,2.60642919200695,68.08943089430895,40.85365853658532
2013-04-03 15,22.226173541963,2.60642919200695,70.63008130081303,37.5
2013-04-03 16,21.692745376955894,3.04083405734144,76.72764227642278,36.28048780487803
2013-04-03 17,21.8705547652916,2.60642919200695,75.20325203252035,38.109756097560975
2013-04-03 18,23.64864864864865,2.60642919200695,95.52845528455296,40.85365853658532
2013-04-03 19,27.027027027027025,4.344048653344918,133.63821138211398,45.731707317073145
2013-04-03 20,30.4054054054054,3.6924413553431776,170.22357723577224,56.70731707317075
2013-04-03 21,26.4935988620199,3.47523892267593,176.82926829268274,65.85365853658537
2013-04-03 22,22.759601706970123,3.6924413553431776,162.09349593495926,67.6829268292683
2013-04-03 23,20.8036984352774,2.823631624674195,140.75203252032526,67.37804878048783
2013-04-04 00,18.847795163584625,1.954821894005215,94.00406504065045,54.26829268292685
2013-04-04 01,17.6031294452347,2.17202432667246,83.33333333333333,44.5121951219512
2013-04-04 02,17.6031294452347,2.60642919200695,78.76016260162604,37.49999999999998
2013-04-04 03,17.425320056899,2.3892267593397047,77.7439024390244,34.451219512195124
2013-04-04 04,17.2475106685633,2.3892267593397047,71.13821138211382,31.707317073170724
2013-04-04 05,17.425320056899,2.3892267593397047,68.08943089430898,35.67073170731705
2013-04-04 06,19.203413940256024,2.3892267593397047,75.20325203252033,31.402439024390222
2013-04-04 07,28.98293029871975,1.954821894005215,90.9552845528456,31.097560975609756
2013-04-04 08,29.5163584637269,1.73761946133797,102.13414634146348,34.451219512195124
2013-04-04 09,26.4935988620199,1.73761946133797,100.1016260162601,35.670731707317074
2013-04-04 10,23.64864864864865,1.954821894005215,87.90650406504062,37.49999999999998
2013-04-04 11,23.470839260312925,1.73761946133797,82.82520325203252,45.12195121951215
2013-04-04 12,23.293029871977225,2.17202432667246,91.46341463414645,45.731707317073145
2013-04-04 13,24.18207681365575,2.823631624674195,71.13821138211382,38.10975609756095
2013-04-04 14,23.293029871977225,2.60642919200695,60.46747967479675,32.92682926829268
2013-04-04 15,21.692745376955894,2.823631624674195,72.15447154471545,29.573170731707325
2013-04-04 16,22.0483641536273,2.60642919200695,68.59756097560975,35.36585365853658
2013-04-04 17,22.226173541963,2.60642919200695,75.20325203252033,39.6341463414634
2013-04-04 18,23.82645803698435,2.60642919200695,94.51219512195112,45.42682926829268
2013-04-04 19,27.204836415362724,3.04083405734144,115.3455284552845,57.9268292682927
2013-04-04 20,29.5163584637269,3.6924413553431776,158.028455284553,61.89024390243905
2013-04-04 21,25.782361308677075,4.126846220677673,179.87804878048777,79.26829268292683
2013-04-04 22,22.759601706970106,3.6924413553431776,161.58536585365826,71.64634146341464
2013-04-04 23,20.270270270270277,2.823631624674195,123.98373983739825,68.29268292682927
2013-04-05 00,18.669985775248925,2.17202432667246,92.9878048780488,52.74390243902442
2013-04-05 01,17.6031294452347,2.60642919200695,74.69512195121953,39.93902439024387
2013-04-05 02,17.2475106685633,2.60642919200695,69.10569105691057,34.756097560975604
2013-04-05 03,17.425320056899,2.60642919200695,75.20325203252033,30.79268292682925
2013-04-05 04,17.2475106685633,2.60642919200695,67.07317073170732,33.84146341463415
2013-04-05 05,17.780938833570403,2.60642919200695,63.0081300813008,32.9268292682927
2013-04-05 06,19.203413940256024,2.823631624674195,60.9756097560976,31.40243902439025
2013-04-05 07,28.627311522048352,2.17202432667246,73.67886178861791,36.58536585365852
2013-04-05 08,30.4054054054054,1.73761946133797,89.4308943089431,42.98780487804875
2013-04-05 09,26.4935988620199,1.73761946133797,90.4471544715447,34.756097560975604
2013-04-05 10,25.248933143669976,1.73761946133797,85.36585365853657,40.54878048780488
2013-04-05 11,24.5376955903272,1.954821894005215,70.630081300813,45.42682926829265
2013-04-05 12,24.7155049786629,2.17202432667246,81.8089430894309,44.51219512195122
2013-04-05 13,24.359886201991475,2.60642919200695,73.67886178861787,44.817073170731696
2013-04-05 14,24.8933143669986,2.60642919200695,65.04065040650404,43.29268292682925
2013-04-05 15,23.293029871977225,2.60642919200695,59.45121951219512,49.69512195121953
2013-04-05 16,22.226173541963,2.60642919200695,76.21951219512195,42.68292682926828
2013-04-05 17,22.5817923186344,2.60642919200695,84.85772357723576,40.85365853658535
2013-04-05 18,23.648648648648678,2.60642919200695,106.70731707317074,43.29268292682925
2013-04-05 19,25.0711237553343,2.60642919200695,138.21138211382126,49.08536585365852
2013-04-05 20,28.80512091038405,4.561251086012162,174.28861788617877,58.53658536585368
2013-04-05 21,25.24893314367,4.126846220677673,184.95934959349572,66.46341463414635
2013-04-05 22,22.759601706970123,3.47523892267593,170.73170731707302,73.47560975609755
2013-04-05 23,20.27027027027025,2.60642919200695,140.2439024390245,74.69512195121953
2013-04-06 00,19.381223328591723,2.3892267593397047,97.56097560975624,63.71951219512195
2013-04-06 01,17.9587482219061,2.60642919200695,79.77642276422762,49.0853658536585
2013-04-06 02,17.6031294452347,2.60642919200695,70.1219512195122,36.58536585365852
2013-04-06 03,17.6031294452347,2.60642919200695,66.56504065040653,39.3292682926829
2013-04-06 04,17.2475106685633,2.3892267593397047,63.00813008130083,35.36585365853658
2013-04-06 05,17.425320056899,2.823631624674195,61.9918699186992,36.58536585365853
2013-04-06 06,17.9587482219061,2.823631624674195,64.02439024390245,37.1951219512195
2013-04-06 07,18.8477951635846,2.60642919200695,64.02439024390245,34.14634146341463
2013-04-06 08,22.759601706970123,2.17202432667246,72.15447154471545,36.28048780487805
2013-04-06 09,28.44950213371265,1.73761946133797,105.69105691056927,39.93902439024387
2013-04-06 10,32.36130867709815,1.73761946133797,120.9349593495935,42.3780487804878
2013-04-06 11,33.4281650071124,1.73761946133797,114.329268292683,40.54878048780488
2013-04-06 12,34.850640113798,1.954821894005215,104.6747967479674,37.5
2013-04-06 13,33.6059743954481,2.60642919200695,105.69105691056907,34.14634146341463
2013-04-06 14,32.539118065433854,2.60642919200695,100.1016260162601,38.41463414634145
2013-04-06 15,28.093883357041225,2.3892267593397047,111.78861788617876,35.36585365853658
2013-04-06 16,25.6045519203414,2.60642919200695,97.56097560975611,33.23170731707315
2013-04-06 17,24.7155049786629,2.17202432667246,93.49593495934955,30.48780487804877
2013-04-06 18,25.0711237553343,3.47523892267593,90.9552845528455,33.84146341463413
2013-04-06 19,28.627311522048352,3.47523892267593,115.34552845528458,48.170731707317074
2013-04-06 20,30.938833570412505,4.7784535186794095,169.20731707317074,61.585365853658544
2013-04-06 21,26.4935988620199,4.34404865334492,183.4349593495935,67.37804878048783
2013-04-06 22,21.5149359886202,4.126846220677673,154.97967479674776,66.46341463414635
2013-04-06 23,20.448079658606,3.258036490008685,134.6544715447155,57.6219512195122
2013-04-07 00,18.6699857752489,3.47523892267593,111.78861788617884,57.6219512195122
2013-04-07 01,17.9587482219061,3.47523892267593,92.98780487804876,51.52439024390245
2013-04-07 02,17.7809388335704,3.47523892267593,84.85772357723577,43.90243902439022
2013-04-07 03,17.6031294452347,3.47523892267593,73.1707317073171,39.02439024390242
2013-04-07 04,17.2475106685633,3.47523892267593,66.0569105691057,43.59756097560973
2013-04-07 05,17.6031294452347,3.47523892267593,63.0081300813008,36.890243902439
2013-04-07 06,17.7809388335704,3.47523892267593,58.943089430894325,34.451219512195124
2013-04-07 07,18.1365576102418,3.258036490008685,58.9430894308943,33.84146341463415
2013-04-07 08,19.91465149359885,2.60642919200695,67.58130081300816,40.54878048780485
2013-04-07 09,25.6045519203414,3.475238922675932,86.3821138211382,42.98780487804875
2013-04-07 10,30.2275960170697,3.6924413553431776,105.69105691056927,44.20731707317072
2013-04-07 11,32.71692745376957,3.47523892267593,132.1138211382115,55.1829268292683
2013-04-07 12,34.850640113798,3.47523892267593,126.52439024390225,67.07317073170732
2013-04-07 13,32.71692745376955,3.258036490008685,93.49593495934964,66.15853658536585
2013-04-07 14,29.1607396870555,2.3892267593397047,95.52845528455296,55.182926829268325
2013-04-07 15,25.782361308677125,2.60642919200695,89.43089430894307,67.68292682926833
2013-04-07 16,24.182076813655776,2.60642919200695,86.3821138211382,61.89024390243905
2013-04-07 17,22.7596017069701,3.909643788010425,102.64227642276428,57.317073170731724
2013-04-07 18,23.82645803698435,4.126846220677672,113.82113821138223,56.40243902439028
2013-04-07 19,27.027027027027,4.778453518679408,118.90243902439023,57.9268292682927
2013-04-07 20,29.516358463726878,4.34404865334492,154.471544715447,67.3780487804878
2013-04-07 21,25.4267425320057,4.34404865334492,181.40243902439025,80.18292682926827
2013-04-07 22,22.226173541963,3.4752389226759326,160.569105691057,75.91463414634146
2013-04-07 23,20.270270270270306,2.60642919200695,141.26016260162626,78.96341463414635
2013-04-08 00,18.314366998577498,2.17202432667246,107.21544715447158,69.8170731707317
2013-04-08 01,17.6031294452347,2.17202432667246,93.49593495934955,48.170731707317074
2013-04-08 02,17.425320056899,2.60642919200695,84.34959349593495,43.29268292682925
2013-04-08 03,17.2475106685633,2.60642919200695,76.72764227642276,45.731707317073145
2013-04-08 04,17.2475106685633,2.3892267593397047,74.69512195121953,40.54878048780485
2013-04-08 05,17.6031294452347,2.3892267593397047,76.72764227642278,39.6341463414634
2013-04-08 06,19.203413940256024,2.3892267593397047,76.21951219512195,42.68292682926828
2013-04-08 07,30.7610241820768,1.73761946133797,77.23577235772358,44.8170731707317
2013-04-08 08,29.694167852062577,1.73761946133797,88.41463414634146,43.90243902439023
2013-04-08 09,24.8933143669986,2.3892267593397047,84.34959349593495,46.951219512195095
2013-04-08 10,24.8933143669986,1.73761946133797,79.26829268292683,46.951219512195095
2013-04-08 11,23.82645803698435,2.60642919200695,70.1219512195122,46.036585365853625
2013-04-08 12,24.3598862019915,2.60642919200695,95.5284552845529,54.57317073170735
2013-04-08 13,25.0711237553343,2.60642919200695,75.71138211382113,57.6219512195122
2013-04-08 14,24.3598862019915,2.60642919200695,59.95934959349594,47.86585365853655
2013-04-08 15,22.0483641536273,2.60642919200695,70.1219512195122,51.8292682926829
2013-04-08 16,22.0483641536273,2.3892267593397047,75.20325203252033,45.12195121951217
2013-04-08 17,22.226173541963,2.3892267593397047,78.76016260162602,49.39024390243905
2013-04-08 18,23.82645803698435,2.60642919200695,109.7560975609757,61.89024390243903
2013-04-08 19,27.91607396870555,2.60642919200695,145.83333333333348,76.21951219512195
2013-04-08 20,30.22759601706968,3.258036490008685,190.040650406504,79.26829268292683
2013-04-08 21,26.84921763869135,3.47523892267593,206.8089430894308,66.76829268292686
2013-04-08 22,22.581792318634424,3.258036490008685,180.89430894308924,69.20731707317074
2013-04-08 23,19.73684210526315,2.60642919200695,132.11382113821125,68.2926829268293
2013-04-09 00,18.669985775248925,2.3892267593397047,90.9552845528455,54.87804878048785
2013-04-09 01,17.425320056899,2.3892267593397047,85.8739837398374,44.5121951219512
2013-04-09 02,17.2475106685633,1.73761946133797,76.21951219512195,39.6341463414634
2013-04-09 03,17.425320056899,1.73761946133797,67.58130081300813,36.890243902439
2013-04-09 04,17.2475106685633,2.3892267593397047,66.0569105691057,39.9390243902439
2013-04-09 05,17.6031294452347,2.3892267593397047,61.4837398373984,34.14634146341463
2013-04-09 06,19.203413940256024,1.954821894005215,61.483739837398375,36.890243902439
2013-04-09 07,29.16073968705545,1.73761946133797,73.17073170731705,38.10975609756095
2013-04-09 08,29.694167852062577,1.73761946133797,100.10162601626016,40.54878048780485
2013-04-09 09,25.4267425320057,2.3892267593397047,76.72764227642278,33.23170731707317
2013-04-09 10,24.00426742532008,2.60642919200695,73.67886178861787,38.10975609756095
2013-04-09 11,23.826458036984324,2.60642919200695,77.74390243902437,36.890243902439
2013-04-09 12,23.293029871977225,2.60642919200695,83.33333333333333,37.80487804878048
2013-04-09 13,23.1152204836415,1.954821894005215,70.63008130081302,37.80487804878047
2013-04-09 14,22.7596017069701,1.73761946133797,57.41869918699187,40.2439024390244
2013-04-09 15,21.692745376955894,1.73761946133797,67.58130081300811,42.378048780487774
2013-04-09 16,20.9815078236131,1.73761946133797,75.20325203252033,42.98780487804878
2013-04-09 17,21.3371266002845,1.73761946133797,72.15447154471548,42.68292682926827
2013-04-09 18,22.937411095305823,1.73761946133797,105.69105691056932,43.29268292682925
2013-04-09 19,27.204836415362724,3.692441355343177,140.752032520325,57.0121951219512
2013-04-09 20,28.982930298719776,4.561251086012162,185.46747967479675,69.51219512195122
2013-04-09 21,25.7823613086771,3.47523892267593,192.581300813008,80.18292682926827
2013-04-09 22,22.937411095305823,3.258036490008685,166.15853658536574,73.47560975609755
2013-04-09 23,20.09246088193457,2.60642919200695,122.96747967479676,59.45121951219512
2013-04-10 00,18.847795163584625,2.3892267593397047,97.5609756097563,51.52439024390242
2013-04-10 01,17.6031294452347,2.17202432667246,87.39837398373982,39.6341463414634
2013-04-10 02,17.6031294452347,1.73761946133797,84.34959349593493,36.89024390243903
2013-04-10 03,17.425320056899,1.73761946133797,79.26829268292683,38.41463414634148
2013-04-10 04,17.2475106685633,1.73761946133797,77.7439024390244,32.0121951219512
2013-04-10 05,17.6031294452347,1.954821894005215,73.17073170731705,32.92682926829268
2013-04-10 06,18.847795163584625,2.3892267593397047,70.63008130081303,36.89024390243903
2013-04-10 07,30.5832147937411,1.73761946133797,79.77642276422762,33.23170731707315
2013-04-10 08,29.338549075391175,1.73761946133797,80.28455284552842,37.49999999999997
2013-04-10 09,24.35988620199145,1.73761946133797,72.66260162601625,33.23170731707317
2013-04-10 10,23.82645803698435,1.73761946133797,75.71138211382112,37.1951219512195
2013-04-10 11,23.1152204836415,1.73761946133797,76.21951219512192,39.6341463414634
2013-04-10 12,22.9374110953058,1.73761946133797,85.36585365853658,43.59756097560973
2013-04-10 13,23.4708392603129,1.73761946133797,87.39837398373984,39.6341463414634
2013-04-10 14,22.7596017069701,1.73761946133797,81.30081300813008,46.64634146341462
2013-04-10 15,22.937411095305848,2.17202432667246,79.77642276422762,50.0
2013-04-10 16,21.1593172119488,2.3892267593397047,83.3333333333333,46.036585365853625
2013-04-10 17,20.9815078236131,2.17202432667246,79.77642276422762,45.42682926829265
2013-04-10 18,22.937411095305823,2.3892267593397047,120.9349593495935,55.79268292682925
2013-04-10 19,26.137980085348502,2.60642919200695,164.12601626016274,55.48780487804878
2013-04-10 20,31.294452347083947,3.04083405734144,193.08943089430875,63.71951219512197
2013-04-10 21,25.604551920341372,3.04083405734144,194.613821138211,61.28048780487805
2013-04-10 22,22.581792318634424,3.258036490008685,176.829268292683,71.95121951219512
2013-04-10 23,19.91465149359885,2.60642919200695,119.91869918699174,73.47560975609758
2013-04-11 00,18.31436699857753,2.60642919200695,104.16666666666676,62.19512195121955
2013-04-11 01,17.425320056899,2.3892267593397047,90.9552845528455,52.43902439024393
2013-04-11 02,17.2475106685633,2.60642919200695,72.66260162601628,46.3414634146341
2013-04-11 03,17.2475106685633,2.17202432667246,67.07317073170732,47.86585365853657
2013-04-11 04,17.0697012802276,1.73761946133797,65.54878048780488,44.20731707317072
2013-04-11 05,17.425320056899,1.73761946133797,63.00813008130082,45.731707317073145
2013-04-11 06,19.203413940256024,2.3892267593397047,63.516260162601625,48.1707317073171
2013-04-11 07,30.049786628734,1.73761946133797,76.72764227642276,46.03658536585365
2013-04-11 08,30.583214793741124,1.73761946133797,85.3658536585366,46.03658536585365
2013-04-11 09,25.24893314367,1.73761946133797,86.890243902439,42.98780487804878
2013-04-11 10,23.470839260312925,1.73761946133797,103.65853658536577,47.86585365853657
2013-04-11 11,22.4039829302987,1.73761946133797,99.59349593495936,53.65853658536588
2013-04-11 12,22.5817923186344,2.60642919200695,80.79268292682927,53.96341463414635
2013-04-11 13,22.759601706970106,2.60642919200695,79.77642276422762,50.00000000000003
2013-04-11 14,23.2930298719772,2.60642919200695,69.61382113821139,51.21951219512195
2013-04-11 15,21.692745376955894,2.60642919200695,75.71138211382112,53.048780487804926
2013-04-11 16,22.226173541963,2.60642919200695,71.13821138211382,45.12195121951217
2013-04-11 17,23.293029871977225,2.60642919200695,77.74390243902438,45.731707317073145
2013-04-11 18,25.248933143669973,2.60642919200695,102.64227642276416,50.609756097560975
2013-04-11 19,29.338549075391175,2.60642919200695,149.390243902439,56.70731707317076
2013-04-11 20,30.761024182076824,3.909643788010425,164.63414634146324,69.81707317073173
2013-04-11 21,27.56045519203415,4.344048653344918,181.91056910569077,77.4390243902439
2013-04-11 22,22.937411095305823,3.4752389226759326,175.81300813008124,76.8292682926829
2013-04-11 23,20.803698435277376,3.04083405734144,113.3130081300815,67.07317073170732
2013-04-12 00,19.025604551920324,3.04083405734144,84.85772357723577,57.31707317073173
2013-04-12 01,17.6031294452347,2.60642919200695,72.66260162601628,47.56097560975607
2013-04-12 02,17.2475106685633,2.60642919200695,64.02439024390242,42.68292682926825
2013-04-12 03,17.425320056899,2.60642919200695,61.4837398373984,45.42682926829267
2013-04-12 04,17.0697012802276,2.60642919200695,61.99186991869917,36.89024390243903
2013-04-12 05,17.6031294452347,2.3892267593397047,60.97560975609757,39.93902439024387
2013-04-12 06,19.203413940256024,2.3892267593397047,63.00813008130082,44.20731707317073
2013-04-12 07,29.871977240398277,1.73761946133797,72.15447154471545,39.02439024390242
2013-04-12 08,32.53911806543385,1.73761946133797,80.79268292682926,39.02439024390242
2013-04-12 09,28.627311522048373,1.73761946133797,91.4634146341463,39.63414634146343
2013-04-12 10,26.137980085348502,1.73761946133797,100.60975609756098,42.378048780487774
2013-04-12 11,25.24893314367,1.73761946133797,87.39837398373983,44.5121951219512
2013-04-12 12,24.8933143669986,1.73761946133797,88.41463414634146,50.91463414634148
2013-04-12 13,25.4267425320057,1.73761946133797,74.6951219512195,50.3048780487805
2013-04-12 14,24.8933143669986,1.73761946133797,89.93902439024387,48.170731707317046
2013-04-12 15,23.64864864864865,2.60642919200695,110.77235772357729,42.98780487804875
2013-04-12 16,22.5817923186344,2.60642919200695,104.1666666666667,42.0731707317073
2013-04-12 17,22.9374110953058,2.60642919200695,116.86991869918724,47.256097560975626
2013-04-12 18,23.82645803698435,2.60642919200695,123.9837398373985,54.87804878048785
2013-04-12 19,26.137980085348524,3.692441355343177,172.25609756097575,58.5365853658537
2013-04-12 20,28.6273115220484,4.344048653344915,183.943089430894,71.64634146341464
2013-04-12 21,25.4267425320057,4.561251086012165,183.94308943089425,72.2560975609756
2013-04-12 22,21.5149359886202,3.909643788010425,180.38617886178875,74.08536585365852
2013-04-12 23,20.270270270270277,2.823631624674195,140.752032520325,67.6829268292683
2013-04-13 00,19.025604551920324,2.60642919200695,104.1666666666667,65.8536585365854
2013-04-13 01,18.1365576102418,1.73761946133797,91.97154471544717,48.47560975609755
2013-04-13 02,17.425320056899,1.73761946133797,83.33333333333333,41.463414634146346
2013-04-13 03,17.425320056899,1.73761946133797,74.6951219512195,44.8170731707317
2013-04-13 04,17.2475106685633,1.73761946133797,75.20325203252033,36.58536585365855
2013-04-13 05,17.6031294452347,1.73761946133797,67.07317073170732,35.06097560975608
2013-04-13 06,18.314366998577498,2.3892267593397047,59.45121951219512,38.10975609756095
2013-04-13 07,19.38122332859175,1.73761946133797,72.66260162601628,26.21951219512195
2013-04-13 08,23.64864864864865,1.73761946133797,89.93902439024387,29.5731707317073
2013-04-13 09,28.627311522048352,1.73761946133797,104.16666666666676,33.23170731707317
2013-04-13 10,30.049786628734,1.73761946133797,107.21544715447176,39.3292682926829
2013-04-13 11,32.89473684210525,1.73761946133797,122.967479674797,38.71951219512195
2013-04-13 12,35.3840682788051,2.60642919200695,132.11382113821125,40.24390243902437
2013-04-13 13,33.25035561877667,2.60642919200695,127.0325203252035,36.89024390243903
2013-04-13 14,31.827880512091024,2.60642919200695,117.3780487804875,39.329268292682926
2013-04-13 15,29.33854907539117,2.60642919200695,131.6056910569105,39.02439024390242
2013-04-13 16,27.560455192034148,2.60642919200695,118.3943089430895,32.317073170731724
2013-04-13 17,25.7823613086771,2.60642919200695,116.36178861788623,32.0121951219512
2013-04-13 18,25.7823613086771,2.60642919200695,116.361788617886,36.28048780487802
2013-04-13 19,28.093883357041275,2.823631624674195,117.378048780488,35.97560975609755
2013-04-13 20,30.4054054054054,2.823631624674195,168.69918699187,51.82926829268296
2013-04-13 21,26.315789473684227,2.60642919200695,166.1585365853655,65.54878048780488
2013-04-13 22,22.5817923186344,2.60642919200695,151.42276422764223,67.98780487804878
2013-04-13 23,20.8036984352774,1.73761946133797,137.70325203252025,59.7560975609756
2013-04-14 00,19.55903271692745,1.73761946133797,115.85365853658526,53.04878048780488
2013-04-14 01,18.4921763869132,1.73761946133797,97.0528455284553,53.04878048780488
2013-04-14 02,17.6031294452347,1.73761946133797,93.49593495934968,47.2560975609756
2013-04-14 03,17.425320056899,1.73761946133797,84.34959349593495,38.414634146341456
2013-04-14 04,17.2475106685633,1.73761946133797,79.26829268292683,39.3292682926829
2013-04-14 05,17.6031294452347,1.73761946133797,68.59756097560978,33.84146341463413
2013-04-14 06,17.9587482219061,1.73761946133797,61.99186991869922,28.65853658536585
2013-04-14 07,18.4921763869132,1.73761946133797,71.13821138211382,26.52439024390245
2013-04-14 08,22.048364153627297,1.73761946133797,84.34959349593495,22.2560975609756
2013-04-14 09,30.4054054054054,1.73761946133797,96.54471544715445,26.219512195121972
2013-04-14 10,35.739687055476494,1.73761946133797,113.31300813008144,34.14634146341463
2013-04-14 11,35.9174964438122,1.73761946133797,152.439024390244,35.67073170731705
2013-04-14 12,35.9174964438122,1.73761946133797,141.260162601626,39.93902439024387
2013-04-14 13,34.4950213371266,1.73761946133797,109.2479674796747,35.975609756097526
2013-04-14 14,32.00568990042675,1.73761946133797,95.52845528455296,32.3170731707317
2013-04-14 15,27.738264580369822,1.73761946133797,90.4471544715447,35.06097560975608
2013-04-14 16,24.359886201991475,1.954821894005215,77.23577235772358,27.74390243902437
2013-04-14 17,24.1820768136558,2.60642919200695,82.3170731707317,26.524390243902424
2013-04-14 18,24.53769559032717,2.60642919200695,79.77642276422762,26.52439024390245
2013-04-14 19,27.560455192034127,2.60642919200695,96.0365853658537,32.3170731707317
2013-04-14 20,32.89473684210525,2.60642919200695,125.508130081301,42.98780487804878
2013-04-14 21,27.204836415362728,2.60642919200695,144.81707317073176,61.58536585365855
2013-04-14 22,23.293029871977225,2.60642919200695,137.1951219512195,55.79268292682927
2013-04-14 23,20.2702702702703,1.73761946133797,110.77235772357704,54.268292682926855
2013-04-15 00,18.6699857752489,1.73761946133797,99.08536585365864,49.39024390243903
2013-04-15 01,17.9587482219061,1.73761946133797,92.47967479674791,42.98780487804878
2013-04-15 02,17.425320056899,1.73761946133797,82.82520325203251,39.93902439024387
2013-04-15 03,17.2475106685633,1.73761946133797,72.15447154471545,38.71951219512193
2013-04-15 04,17.0697012802276,1.3032145960034764,72.66260162601628,33.84146341463415
2013-04-15 05,17.6031294452347,1.5204170286707233,67.58130081300814,33.23170731707315
2013-04-15 06,19.559032716927447,1.5204170286707233,64.53252032520325,27.4390243902439
2013-04-15 07,31.1166429587482,1.73761946133797,80.28455284552845,29.8780487804878
2013-04-15 08,32.00568990042675,1.73761946133797,84.34959349593495,33.23170731707315
2013-04-15 09,25.24893314367,1.73761946133797,75.71138211382112,28.35365853658535
2013-04-15 10,24.715504978662874,1.73761946133797,64.53252032520325,32.92682926829268
2013-04-15 11,24.7155049786629,1.73761946133797,73.17073170731707,36.89024390243903
2013-04-15 12,24.8933143669986,1.73761946133797,82.8252032520325,42.0731707317073
2013-04-15 13,24.53769559032717,1.5204170286707233,74.6951219512195,38.71951219512195
2013-04-15 14,24.00426742532005,1.3032145960034764,70.630081300813,37.19512195121951
2013-04-15 15,22.0483641536273,1.73761946133797,83.33333333333333,38.10975609756096
2013-04-15 16,22.4039829302987,1.73761946133797,70.12195121951223,35.0609756097561
2013-04-15 17,23.1152204836415,1.73761946133797,69.61382113821139,38.10975609756096
2013-04-15 18,24.53769559032717,1.73761946133797,92.98780487804868,39.02439024390242
2013-04-15 19,28.44950213371268,2.60642919200695,120.42682926829276,41.76829268292683
2013-04-15 20,31.29445234708395,2.60642919200695,139.2276422764225,54.26829268292683
2013-04-15 21,26.849217638691325,2.60642919200695,155.4878048780487,67.6829268292683
2013-04-15 22,22.581792318634424,2.3892267593397047,152.94715447154476,67.6829268292683
2013-04-15 23,20.09246088193457,1.3032145960034764,119.91869918699174,64.02439024390245
2013-04-16 00,18.669985775248925,1.5204170286707233,98.57723577235764,50.91463414634145
2013-04-16 01,17.6031294452347,1.73761946133797,76.21951219512192,42.68292682926828
2013-04-16 02,17.2475106685633,1.73761946133797,71.64634146341464,38.71951219512192
2013-04-16 03,17.2475106685633,1.73761946133797,75.20325203252033,37.80487804878048
2013-04-16 04,17.2475106685633,1.5204170286707233,75.20325203252033,31.402439024390222
2013-04-16 05,17.6031294452347,1.73761946133797,70.63008130081303,30.79268292682925
2013-04-16 06,19.559032716927423,1.73761946133797,69.10569105691057,26.524390243902424
2013-04-16 07,31.29445234708393,1.73761946133797,77.23577235772358,28.35365853658537
2013-04-16 08,32.18349928876245,1.3032145960034764,78.76016260162604,33.84146341463412
2013-04-16 09,27.38264580369845,1.08601216333623,89.939024390244,38.10975609756096
2013-04-16 10,25.4267425320057,1.73761946133797,67.58130081300813,30.18292682926828
2013-04-16 11,25.6045519203414,1.73761946133797,63.00813008130082,34.4512195121951
2013-04-16 12,27.027027027027025,1.73761946133797,79.77642276422762,34.451219512195124
2013-04-16 13,25.0711237553343,1.73761946133797,71.1382113821138,34.756097560975604
2013-04-16 14,24.004267425320077,1.73761946133797,76.21951219512198,41.463414634146325
2013-04-16 15,22.759601706970123,1.73761946133797,76.21951219512195,34.756097560975604
2013-04-16 16,22.226173541963,1.954821894005215,72.15447154471545,30.487804878048777
2013-04-16 17,23.2930298719772,1.73761946133797,73.6788617886179,32.0121951219512
2013-04-16 18,25.9601706970128,1.73761946133797,87.90650406504065,36.89024390243903
2013-04-16 19,31.4722617354196,1.954821894005215,117.3780487804877,37.1951219512195
2013-04-16 20,35.0284495021337,2.17202432667246,145.3252032520325,52.7439024390244
2013-04-16 21,29.87197724039828,1.954821894005215,171.239837398374,58.2317073170732
2013-04-16 22,23.648648648648624,1.954821894005215,149.390243902439,53.963414634146375
2013-04-16 23,20.6258890469417,1.73761946133797,112.29674796747976,51.82926829268296
2013-04-17 00,18.847795163584625,1.73761946133797,92.47967479674796,42.68292682926828
2013-04-17 01,17.9587482219061,1.73761946133797,80.28455284552845,33.23170731707315
2013-04-17 02,17.425320056899,1.73761946133797,73.67886178861787,30.79268292682925
2013-04-17 03,17.425320056899,1.73761946133797,70.63008130081303,28.35365853658535
2013-04-17 04,17.2475106685633,1.3032145960034764,78.2520325203252,29.878048780487774
2013-04-17 05,17.9587482219061,1.73761946133797,74.69512195121953,29.268292682926827
2013-04-17 06,20.27027027027025,1.5204170286707233,65.54878048780489,26.52439024390245
2013-04-17 07,32.894736842105274,1.5204170286707233,86.890243902439,29.573170731707325
2013-04-17 08,32.89473684210525,1.954821894005215,78.760162601626,33.23170731707315
2013-04-17 09,28.271692745376924,1.954821894005215,84.34959349593495,31.402439024390247
2013-04-17 10,28.982930298719776,1.73761946133797,81.30081300813008,32.62195121951218
2013-04-17 11,31.827880512091024,1.73761946133797,96.03658536585364,30.79268292682925
2013-04-17 12,29.8719772403983,1.73761946133797,87.39837398373983,33.23170731707315
2013-04-17 13,26.8492176386913,1.73761946133797,80.79268292682927,34.756097560975604
2013-04-17 14,25.9601706970128,1.73761946133797,71.1382113821138,33.536585365853654
2013-04-17 15,24.182076813655776,1.73761946133797,83.84146341463415,43.59756097560973
2013-04-17 16,23.82645803698435,1.5204170286707233,83.33333333333333,31.70731707317075
2013-04-17 17,23.2930298719772,1.73761946133797,83.84146341463422,36.28048780487803
2013-04-17 18,25.9601706970128,1.73761946133797,98.57723577235784,41.463414634146325
2013-04-17 19,31.472261735419625,1.73761946133797,124.49186991869924,49.69512195121953
2013-04-17 20,35.0284495021337,2.3892267593397047,140.2439024390245,52.13414634146343
2013-04-17 21,28.80512091038408,2.60642919200695,180.8943089430895,52.13414634146343
2013-04-17 22,23.648648648648624,2.823631624674195,154.47154471544724,62.8048780487805
2013-04-17 23,20.6258890469417,1.73761946133797,114.83739837398376,59.45121951219513
2013-04-18 00,19.025604551920324,1.73761946133797,92.98780487804868,40.85365853658535
2013-04-18 01,17.9587482219061,1.5204170286707233,81.30081300813008,37.1951219512195
2013-04-18 02,17.6031294452347,1.73761946133797,74.1869918699187,30.4878048780488
2013-04-18 03,17.425320056899,1.5204170286707233,70.63008130081303,29.878048780487823
2013-04-18 04,17.2475106685633,1.73761946133797,72.15447154471545,32.6219512195122
2013-04-18 05,17.7809388335704,1.73761946133797,71.64634146341461,32.01219512195122
2013-04-18 06,20.448079658605977,1.73761946133797,61.9918699186992,28.65853658536585
2013-04-18 07,32.36130867709812,1.73761946133797,76.21951219512195,31.707317073170728
2013-04-18 08,33.96159317211947,1.73761946133797,86.38211382113818,32.92682926829268
2013-04-18 09,26.8492176386913,1.73761946133797,79.77642276422762,22.2560975609756
2013-04-18 10,25.0711237553343,1.73761946133797,73.6788617886179,25.0
2013-04-18 11,24.5376955903272,1.73761946133797,72.15447154471545,32.012195121951194
2013-04-18 12,25.42674253200568,1.5204170286707233,76.21951219512195,40.54878048780488
2013-04-18 13,25.0711237553343,1.73761946133797,83.84146341463415,32.0121951219512
2013-04-18 14,24.8933143669986,1.3032145960034764,77.23577235772358,34.451219512195124
2013-04-18 15,23.1152204836415,1.5204170286707233,74.6951219512195,37.19512195121951
2013-04-18 16,22.4039829302987,1.5204170286707233,80.79268292682929,36.28048780487805
2013-04-18 17,23.47083926031295,1.3032145960034764,88.92276422764226,37.80487804878047
2013-04-18 18,26.49359886201993,1.73761946133797,110.77235772357731,39.6341463414634
2013-04-18 19,29.87197724039828,1.73761946133797,133.638211382114,45.12195121951217
2013-04-18 20,33.60597439544807,1.73761946133797,156.50406504065052,47.5609756097561
2013-04-18 21,27.20483641536275,2.3892267593397047,157.0121951219513,51.21951219512195
2013-04-18 22,23.293029871977225,1.73761946133797,147.35772357723602,59.45121951219512
2013-04-18 23,20.448079658606,1.73761946133797,114.329268292683,49.69512195121952
2013-04-19 00,18.669985775248925,1.73761946133797,90.9552845528455,41.463414634146346
2013-04-19 01,17.9587482219061,1.73761946133797,83.84146341463415,34.4512195121951
2013-04-19 02,17.425320056899,1.73761946133797,75.20325203252033,29.8780487804878
2013-04-19 03,17.6031294452347,1.73761946133797,63.516260162601625,29.573170731707325
2013-04-19 04,17.425320056899,1.73761946133797,75.71138211382112,30.18292682926828
2013-04-19 05,18.314366998577498,1.73761946133797,72.15447154471545,29.8780487804878
2013-04-19 06,20.62588904694168,1.73761946133797,58.943089430894304,27.134146341463424
2013-04-19 07,32.53911806543385,1.73761946133797,81.8089430894309,27.43902439024392
2013-04-19 08,30.227596017069725,1.73761946133797,86.89024390243902,33.536585365853654
2013-04-19 09,19.914651493598875,1.73761946133797,85.36585365853658,33.23170731707317
2013-04-19 10,31.2944523470839,1.73761946133797,79.77642276422765,31.402439024390247
2013-04-19 11,29.6941678520626,1.73761946133797,71.13821138211382,35.06097560975608
2013-04-19 12,30.5832147937411,1.73761946133797,83.84146341463415,34.4512195121951
2013-04-19 13,30.2275960170697,1.73761946133797,68.08943089430895,32.62195121951218
2013-04-19 14,30.2275960170697,1.73761946133797,55.38617886178862,35.06097560975608
2013-04-19 15,29.516358463726878,1.73761946133797,76.72764227642278,35.3658536585366
2013-04-19 16,28.627311522048377,1.954821894005215,84.34959349593495,34.4512195121951
2013-04-19 17,28.80512091038408,1.73761946133797,74.69512195121952,33.23170731707317
2013-04-19 18,29.516358463726853,2.3892267593397047,99.59349593495948,37.49999999999997
2013-04-19 19,32.00568990042673,3.04083405734144,118.90243902439023,50.30487804878047
2013-04-19 20,33.6059743954481,3.6924413553431776,134.1463414634145,49.69512195121953
2013-04-19 21,28.627311522048373,3.4752389226759326,159.04471544715426,58.84146341463418
2013-04-19 22,24.53769559032715,2.823631624674195,137.70325203252025,64.02439024390245
2013-04-19 23,22.759601706970106,1.954821894005215,108.73983739837423,62.5
2013-04-20 00,20.9815078236131,1.73761946133797,98.57723577235774,54.57317073170732
2013-04-20 01,20.09246088193457,1.73761946133797,81.8089430894309,37.80487804878045
2013-04-20 02,19.381223328591723,1.73761946133797,82.31707317073167,32.62195121951218
2013-04-20 03,19.203413940256024,1.73761946133797,68.59756097560975,31.402439024390247
2013-04-20 04,18.8477951635846,1.73761946133797,73.17073170731707,29.8780487804878
2013-04-20 05,19.914651493598875,1.73761946133797,60.975609756097576,29.8780487804878
2013-04-20 06,20.6258890469417,1.73761946133797,58.4349593495935,29.573170731707325
2013-04-20 07,22.0483641536273,1.73761946133797,67.07317073170732,25.60975609756097
2013-04-20 08,27.91607396870557,1.73761946133797,78.76016260162602,37.1951219512195
2013-04-20 09,35.73968705547655,1.73761946133797,89.9390243902439,37.19512195121948
2013-04-20 10,37.6955903271693,1.73761946133797,94.00406504065036,42.3780487804878
2013-04-20 11,38.2290184921764,1.73761946133797,111.78861788617876,41.463414634146325
2013-04-20 12,38.2290184921764,1.73761946133797,117.37804878048776,36.28048780487805
2013-04-20 13,36.628733997155074,1.73761946133797,106.19918699186982,31.09756097560977
2013-04-20 14,36.45092460881935,1.73761946133797,105.18292682926828,39.63414634146343
2013-04-20 15,34.49502133712657,1.73761946133797,104.16666666666666,42.98780487804878
2013-04-20 16,30.405405405405425,1.73761946133797,95.52845528455288,30.79268292682925
2013-04-20 17,29.8719772403983,1.73761946133797,86.3821138211382,35.975609756097526
2013-04-20 18,35.73968705547655,1.73761946133797,106.19918699186996,38.10975609756095
2013-04-20 19,37.69559032716927,1.73761946133797,135.16260162601623,35.67073170731705
2013-04-20 20,38.2290184921764,1.73761946133797,125.50813008130076,42.6829268292683
2013-04-20 21,32.71692745376952,1.73761946133797,140.75203252032549,51.52439024390242
2013-04-20 22,25.4267425320057,1.73761946133797,136.17886178861775,45.731707317073145
2013-04-20 23,23.293029871977225,1.3032145960034764,126.0162601626015,51.21951219512198
2013-04-21 00,21.3371266002845,1.73761946133797,105.6910569105692,53.048780487804905
2013-04-21 01,20.09246088193457,1.73761946133797,92.47967479674791,44.20731707317075
2013-04-21 02,19.381223328591723,1.73761946133797,83.33333333333333,35.3658536585366
2013-04-21 03,19.203413940256,1.73761946133797,74.6951219512195,30.79268292682925
2013-04-21 04,19.203413940256,1.73761946133797,77.7439024390244,29.8780487804878
2013-04-21 05,20.270270270270277,1.73761946133797,71.64634146341463,31.402439024390222
2013-04-21 06,20.6258890469417,1.73761946133797,54.8780487804878,26.52439024390245
2013-04-21 07,21.5149359886202,1.73761946133797,64.53252032520325,24.695121951219495
2013-04-21 08,26.4935988620199,1.73761946133797,83.3333333333333,27.1341463414634
2013-04-21 09,34.85064011379802,1.73761946133797,101.62601626016284,27.4390243902439
2013-04-21 10,37.6955903271693,1.3032145960034764,112.80487804878058,41.463414634146325
2013-04-21 11,38.4068278805121,1.73761946133797,137.70325203252048,43.59756097560973
2013-04-21 12,38.7624466571835,1.73761946133797,129.0650406504065,42.68292682926828
2013-04-21 13,36.80654338549075,1.954821894005215,110.77235772357724,37.49999999999997
2013-04-21 14,33.07254623044098,2.60642919200695,91.97154471544712,40.24390243902437
2013-04-21 15,30.405405405405425,2.60642919200695,89.93902439024387,35.36585365853658
2013-04-21 16,28.09388335704125,2.60642919200695,78.2520325203252,28.65853658536588
2013-04-21 17,28.9829302987198,2.60642919200695,77.2357723577236,26.82926829268295
2013-04-21 18,34.31721194879088,2.823631624674195,78.2520325203252,31.707317073170724
2013-04-21 19,36.62873399715505,2.60642919200695,92.47967479674789,41.7682926829268
2013-04-21 20,35.56187766714082,2.60642919200695,128.55691056910575,49.6951219512195
2013-04-21 21,29.8719772403983,2.60642919200695,144.30894308943076,57.01219512195122
2013-04-21 22,24.7155049786629,2.60642919200695,132.621951219512,52.43902439024393
2013-04-21 23,22.759601706970106,2.17202432667246,118.90243902439023,62.804878048780495
2013-04-22 00,20.6258890469417,1.73761946133797,106.19918699186972,43.29268292682925
2013-04-22 01,19.914651493598875,1.73761946133797,84.85772357723576,33.23170731707315
2013-04-22 02,18.8477951635846,1.73761946133797,80.28455284552845,31.707317073170724
2013-04-22 03,18.8477951635846,1.73761946133797,73.17073170731707,28.35365853658535
2013-04-22 04,18.8477951635846,1.73761946133797,76.72764227642276,29.878048780487823
2013-04-22 05,20.09246088193457,1.73761946133797,67.07317073170735,30.48780487804877
2013-04-22 06,22.226173541963025,1.73761946133797,58.9430894308943,25.304878048780505
2013-04-22 07,34.6728307254623,1.73761946133797,74.69512195121953,28.35365853658537
2013-04-22 08,36.62873399715505,1.73761946133797,86.890243902439,37.1951219512195
2013-04-22 09,31.116642958748223,1.73761946133797,79.26829268292683,40.85365853658535
2013-04-22 10,29.6941678520626,1.73761946133797,76.21951219512195,36.28048780487803
2013-04-22 11,31.116642958748223,1.73761946133797,80.79268292682927,35.36585365853658
2013-04-22 12,30.938833570412527,1.73761946133797,92.98780487804878,39.63414634146338
2013-04-22 13,29.3385490753912,1.73761946133797,83.84146341463415,38.71951219512195
2013-04-22 14,28.09388335704125,1.73761946133797,66.56504065040653,41.463414634146325
2013-04-22 15,25.7823613086771,1.73761946133797,70.1219512195122,32.92682926829268
2013-04-22 16,28.627311522048373,2.60642919200695,75.71138211382112,30.182926829268297
2013-04-22 17,27.2048364153627,1.5204170286707233,79.77642276422765,35.67073170731705
2013-04-22 18,29.1607396870555,1.73761946133797,94.51219512195118,39.329268292682926
2013-04-22 19,35.73968705547652,1.73761946133797,119.91869918699174,44.20731707317072
2013-04-22 20,39.47368421052632,2.3892267593397047,126.0162601626015,52.1341463414634
2013-04-22 21,36.628733997155074,2.3892267593397047,160.56910569105676,60.9756097560976
2013-04-22 22,26.4935988620199,1.73761946133797,126.01626016260175,64.02439024390247
2013-04-22 23,23.29302987197725,1.73761946133797,111.28048780487808,56.40243902439025
2013-04-23 00,20.8036984352774,1.73761946133797,91.46341463414632,41.15853658536582
2013-04-23 01,19.914651493598875,1.73761946133797,84.85772357723577,36.89024390243903
2013-04-23 02,18.8477951635846,1.73761946133797,75.20325203252033,32.9268292682927
2013-04-23 03,19.203413940256,1.73761946133797,68.08943089430895,29.8780487804878
2013-04-23 04,19.203413940256,1.73761946133797,77.23577235772358,29.268292682926827
2013-04-23 05,20.62588904694168,1.5204170286707233,66.5650406504065,30.18292682926828
2013-04-23 06,23.29302987197725,1.5204170286707233,62.5,25.304878048780505
2013-04-23 07,35.73968705547652,1.73761946133797,84.85772357723575,31.402439024390222
2013-04-23 08,37.69559032716927,1.73761946133797,80.28455284552845,33.84146341463413
2013-04-23 09,33.7837837837838,1.73761946133797,77.23577235772358,27.7439024390244
2013-04-23 10,32.894736842105274,1.73761946133797,76.21951219512195,31.09756097560975
2013-04-23 11,30.2275960170697,1.954821894005215,75.71138211382114,34.756097560975604
2013-04-23 12,30.7610241820768,2.17202432667246,87.39837398373982,34.756097560975604
2013-04-23 13,27.738264580369822,1.954821894005215,81.30081300813008,39.02439024390245
2013-04-23 14,27.382645803698423,1.73761946133797,76.72764227642276,42.98780487804878
2013-04-23 15,26.4935988620199,1.73761946133797,76.21951219512195,36.89024390243903
2013-04-23 16,27.56045519203415,1.73761946133797,72.15447154471545,37.49999999999997
2013-04-23 17,29.33854907539117,1.73761946133797,86.89024390243902,33.536585365853654
2013-04-23 18,37.517780938833575,1.73761946133797,97.56097560975618,37.5
2013-04-23 19,39.4736842105263,1.73761946133797,129.57317073170725,46.64634146341463
2013-04-23 20,40.71834992887622,1.73761946133797,144.30894308943076,48.170731707317074
2013-04-23 21,36.80654338549078,2.60642919200695,139.22764227642276,57.62195121951223
2013-04-23 22,29.3385490753912,1.954821894005215,141.768292682927,60.06097560975613
2013-04-23 23,26.137980085348524,1.73761946133797,104.6747967479676,48.1707317073171
2013-04-24 00,22.048364153627325,1.73761946133797,82.3170731707317,41.7682926829268
2013-04-24 01,20.6258890469417,1.73761946133797,86.38211382113818,32.9268292682927
2013-04-24 02,19.9146514935989,1.73761946133797,81.30081300813008,30.79268292682925
2013-04-24 03,19.381223328591723,1.73761946133797,76.21951219512192,28.35365853658537
2013-04-24 04,19.381223328591723,1.73761946133797,81.80894308943087,29.573170731707325
2013-04-24 05,20.62588904694168,1.73761946133797,80.79268292682929,32.62195121951218
2013-04-24 06,23.470839260312925,1.73761946133797,62.5,25.304878048780477
2013-04-24 07,36.628733997155024,1.73761946133797,83.33333333333333,28.963414634146325
2013-04-24 08,38.2290184921764,1.73761946133797,84.85772357723577,35.0609756097561
2013-04-24 09,35.739687055476494,1.73761946133797,87.90650406504062,35.0609756097561
2013-04-24 10,34.4950213371266,1.73761946133797,77.23577235772358,32.3170731707317
2013-04-24 11,34.672830725462305,1.73761946133797,66.5650406504065,39.63414634146338
2013-04-24 12,34.3172119487909,1.73761946133797,93.4959349593495,34.756097560975604
2013-04-24 13,30.049786628734,1.73761946133797,85.8739837398374,29.268292682926827
2013-04-24 14,29.8719772403983,1.73761946133797,85.36585365853658,30.48780487804877
2013-04-24 15,27.204836415362724,1.73761946133797,82.3170731707317,30.18292682926828
2013-04-24 16,30.22759601706968,1.73761946133797,80.79268292682924,30.792682926829272
2013-04-24 17,34.67283072546228,1.73761946133797,79.26829268292686,28.35365853658535
2013-04-24 18,34.672830725462305,1.73761946133797,95.02032520325196,30.48780487804877
2013-04-24 19,38.4068278805121,2.3892267593397047,113.821138211382,34.756097560975604
2013-04-24 20,38.7624466571835,1.73761946133797,127.03252032520324,46.03658536585365
2013-04-24 21,34.850640113798,1.73761946133797,134.6544715447155,59.756097560975626
2013-04-24 22,30.7610241820768,1.73761946133797,133.63821138211375,56.70731707317075
2013-04-24 23,27.382645803698423,1.73761946133797,116.36178861788623,52.7439024390244
2013-04-25 00,24.182076813655776,1.73761946133797,94.5121951219512,42.98780487804878
2013-04-25 01,21.8705547652916,1.73761946133797,90.4471544715447,33.84146341463413
2013-04-25 02,20.8036984352774,1.73761946133797,89.4308943089431,31.097560975609724
2013-04-25 03,20.9815078236131,1.73761946133797,83.33333333333333,29.268292682926823
2013-04-25 04,20.8036984352774,1.73761946133797,75.71138211382112,31.402439024390222
2013-04-25 05,22.226173541963,1.73761946133797,72.15447154471545,31.707317073170724
2013-04-25 06,24.18207681365575,1.73761946133797,61.99186991869922,24.085365853658523
2013-04-25 07,26.137980085348502,1.73761946133797,70.63008130081303,27.4390243902439
2013-04-25 08,33.42816500711237,1.73761946133797,83.33333333333333,35.06097560975608
2013-04-25 09,38.4068278805121,1.954821894005215,90.9552845528455,29.5731707317073
2013-04-25 10,38.7624466571835,1.73761946133797,95.52845528455283,32.3170731707317
2013-04-25 11,38.0512091038407,1.73761946133797,107.7235772357725,36.28048780487805
2013-04-25 12,37.873399715505,1.73761946133797,108.23170731707324,35.36585365853658
2013-04-25 13,35.917496443812226,1.73761946133797,98.57723577235784,30.79268292682925
2013-04-25 14,31.2944523470839,2.3892267593397047,92.98780487804876,39.329268292682926
2013-04-25 15,27.916073968705525,1.73761946133797,108.23170731707324,31.707317073170724
2013-04-25 16,27.204836415362728,1.73761946133797,94.00406504065036,26.52439024390245
2013-04-25 17,27.382645803698427,1.73761946133797,93.49593495934955,28.35365853658537
2013-04-25 18,33.25035561877667,1.73761946133797,98.57723577235778,29.5731707317073
2013-04-25 19,36.27311522048368,1.73761946133797,118.3943089430895,35.06097560975608
2013-04-25 20,35.73968705547652,1.73761946133797,131.6056910569105,40.85365853658535
2013-04-25 21,29.87197724039828,1.73761946133797,143.292682926829,56.09756097560978
2013-04-25 22,25.4267425320057,1.73761946133797,142.78455284552825,55.182926829268304
2013-04-25 23,23.64864864864865,1.73761946133797,117.88617886178852,58.536585365853696
2013-04-26 00,21.1593172119488,1.73761946133797,101.6260162601626,45.42682926829268
2013-04-26 01,19.914651493598875,1.73761946133797,85.36585365853655,37.49999999999998
2013-04-26 02,19.203413940256024,1.73761946133797,83.84146341463412,29.573170731707325
2013-04-26 03,19.381223328591723,1.73761946133797,72.15447154471545,29.573170731707325
2013-04-26 04,19.203413940256,1.73761946133797,66.0569105691057,29.8780487804878
2013-04-26 05,20.448079658605977,1.73761946133797,68.08943089430895,29.8780487804878
2013-04-26 06,22.759601706970123,1.73761946133797,61.99186991869917,25.0
2013-04-26 07,33.6059743954481,1.73761946133797,78.2520325203252,28.96341463414635
2013-04-26 08,36.628733997155074,1.3032145960034764,90.4471544715447,39.0243902439024
2013-04-26 09,35.028449502133725,1.73761946133797,85.8739837398374,32.9268292682927
2013-04-26 10,33.428165007112376,1.73761946133797,94.00406504065036,37.80487804878047
2013-04-26 11,33.783783783783775,1.73761946133797,88.41463414634146,39.02439024390242
2013-04-26 12,31.650071123755325,1.73761946133797,100.1016260162601,40.24390243902437
2013-04-26 13,29.160739687055475,1.73761946133797,97.05284552845538,36.89024390243903
2013-04-26 14,27.738264580369822,1.73761946133797,82.82520325203251,33.23170731707317
2013-04-26 15,26.4935988620199,1.73761946133797,82.3170731707317,31.09756097560975
2013-04-26 16,26.6714082503556,1.73761946133797,95.02032520325216,36.89024390243903
2013-04-26 17,25.9601706970128,1.73761946133797,97.05284552845538,36.28048780487805
2013-04-26 18,30.938833570412527,1.73761946133797,107.21544715447158,38.10975609756095
2013-04-26 19,31.29445234708393,1.73761946133797,127.540650406504,34.756097560975604
2013-04-26 20,31.82788051209105,2.60642919200695,150.4065040650405,38.41463414634145
2013-04-26 21,27.560455192034127,1.73761946133797,147.86585365853648,55.182926829268304
2013-04-26 22,24.00426742532005,1.73761946133797,126.01626016260175,54.57317073170735
2013-04-26 23,22.5817923186344,1.73761946133797,115.3455284552845,59.45121951219512
2013-04-27 00,21.5149359886202,1.73761946133797,102.64227642276428,51.21951219512195
2013-04-27 01,20.6258890469417,1.73761946133797,90.9552845528455,39.3292682926829
2013-04-27 02,19.73684210526315,1.73761946133797,77.23577235772358,30.48780487804877
2013-04-27 03,19.73684210526317,1.73761946133797,69.10569105691057,30.48780487804875
2013-04-27 04,19.203413940256,1.73761946133797,67.58130081300811,30.18292682926828
2013-04-27 05,21.1593172119488,1.73761946133797,64.02439024390245,29.8780487804878
2013-04-27 06,22.226173541963,1.73761946133797,53.86178861788618,23.475609756097576
2013-04-27 07,22.937411095305823,1.73761946133797,71.1382113821138,24.390243902439025
2013-04-27 08,27.560455192034148,1.73761946133797,88.41463414634144,27.4390243902439
2013-04-27 09,32.18349928876245,1.73761946133797,97.56097560975608,30.48780487804877
2013-04-27 10,36.273115220483646,1.73761946133797,86.3821138211382,28.65853658536585
2013-04-27 11,35.739687055476494,1.73761946133797,96.54471544715454,27.74390243902437
2013-04-27 12,36.09530583214792,1.73761946133797,99.59349593495942,32.62195121951218
2013-04-27 13,35.56187766714082,1.3032145960034764,99.59349593495936,31.097560975609756
2013-04-27 14,34.6728307254623,1.73761946133797,105.18292682926858,39.93902439024387
2013-04-27 15,31.4722617354196,1.73761946133797,117.88617886178876,39.6341463414634
2013-04-27 16,27.738264580369822,1.73761946133797,113.31300813008124,35.670731707317074
2013-04-27 17,27.2048364153627,1.73761946133797,97.56097560975611,33.23170731707315
2013-04-27 18,30.761024182076824,1.73761946133797,111.280487804878,32.317073170731724
2013-04-27 19,32.89473684210525,2.17202432667246,133.63821138211375,39.02439024390242
2013-04-27 20,33.428165007112376,2.60642919200695,136.17886178861775,44.5121951219512
2013-04-27 21,28.44950213371265,3.04083405734144,158.5365853658535,55.182926829268304
2013-04-27 22,24.00426742532005,2.60642919200695,137.1951219512195,53.3536585365854
2013-04-27 23,23.470839260312925,1.73761946133797,119.410569105691,48.47560975609755
2013-04-28 00,21.3371266002845,1.73761946133797,101.62601626016264,44.2073170731707
2013-04-28 01,20.09246088193457,1.73761946133797,87.3983739837398,38.41463414634145
2013-04-28 02,19.73684210526317,1.73761946133797,76.72764227642278,32.3170731707317
2013-04-28 03,19.559032716927447,1.73761946133797,67.58130081300816,28.963414634146325
2013-04-28 04,19.381223328591723,1.73761946133797,64.53252032520325,27.7439024390244
2013-04-28 05,20.981507823613075,1.73761946133797,60.9756097560976,28.96341463414635
2013-04-28 06,21.692745376955894,1.73761946133797,50.304878048780495,24.39024390243905
2013-04-28 07,21.8705547652916,1.73761946133797,61.99186991869917,22.560975609756078
2013-04-28 08,25.604551920341372,1.73761946133797,78.25203252032523,26.82926829268293
2013-04-28 09,32.00568990042675,1.73761946133797,100.60975609756105,26.52439024390245
2013-04-28 10,37.33997155049787,1.3032145960034764,99.08536585365852,37.49999999999997
2013-04-28 11,37.6955903271693,1.08601216333623,146.341463414634,40.85365853658535
2013-04-28 12,37.873399715505,1.73761946133797,147.86585365853625,46.951219512195095
2013-04-28 13,37.162162162162176,2.60642919200695,110.7723577235772,39.329268292682926
2013-04-28 14,32.18349928876245,2.60642919200695,93.49593495934955,42.378048780487774
2013-04-28 15,29.16073968705545,2.60642919200695,97.560975609756,36.58536585365855
2013-04-28 16,27.027027027027025,2.60642919200695,89.9390243902438,28.35365853658535
2013-04-28 17,27.560455192034127,2.60642919200695,85.8739837398374,29.878048780487823
2013-04-28 18,29.87197724039828,2.60642919200695,82.8252032520325,31.707317073170724
2013-04-28 19,32.0056899004267,3.258036490008685,110.77235772357731,32.92682926829268
2013-04-28 20,35.0284495021337,3.692441355343177,119.91869918699174,36.89024390243903
2013-04-28 21,31.472261735419625,3.47523892267593,143.29268292682949,60.0609756097561
2013-04-28 22,25.4267425320057,3.47523892267593,144.30894308943098,56.70731707317075
2013-04-28 23,23.2930298719772,1.954821894005215,126.52439024390225,51.829268292682926
2013-04-29 00,21.3371266002845,1.73761946133797,94.5121951219512,43.90243902439022
2013-04-29 01,20.09246088193457,1.73761946133797,87.39837398373982,35.670731707317074
2013-04-29 02,19.381223328591723,1.73761946133797,82.3170731707317,32.3170731707317
2013-04-29 03,19.203413940256,1.73761946133797,75.20325203252033,28.65853658536585
2013-04-29 04,19.203413940256,1.73761946133797,67.07317073170732,29.8780487804878
2013-04-29 05,20.981507823613075,1.73761946133797,61.4837398373984,31.09756097560975
2013-04-29 06,24.00426742532008,1.73761946133797,53.35365853658537,25.60975609756097
2013-04-29 07,36.62873399715505,1.73761946133797,78.760162601626,31.097560975609756
2013-04-29 08,37.6955903271693,1.73761946133797,96.54471544715447,35.975609756097526
2013-04-29 09,33.9615931721195,1.73761946133797,80.79268292682924,39.329268292682926
2013-04-29 10,36.09530583214792,1.73761946133797,79.26829268292683,36.890243902439
2013-04-29 11,29.6941678520626,1.73761946133797,77.74390243902437,42.68292682926828
2013-04-29 12,30.049786628733976,1.73761946133797,82.82520325203251,38.109756097560975
2013-04-29 13,28.9829302987198,1.73761946133797,80.79268292682927,34.14634146341463
2013-04-29 14,28.27169274537697,1.73761946133797,66.0569105691057,34.4512195121951
2013-04-29 15,25.4267425320057,1.73761946133797,78.2520325203252,39.02439024390242
2013-04-29 16,24.715504978662874,1.73761946133797,72.66260162601628,37.5
2013-04-29 17,26.4935988620199,2.3892267593397047,81.80894308943087,41.15853658536582
2013-04-29 18,30.5832147937411,2.60642919200695,98.57723577235792,43.29268292682922
2013-04-29 19,35.73968705547652,2.823631624674195,121.951219512195,43.29268292682927
2013-04-29 20,36.80654338549078,3.4752389226759326,137.19512195121976,50.0
2013-04-29 21,30.938833570412527,3.258036490008685,163.109756097561,60.6707317073171
2013-04-29 22,24.715504978662874,2.823631624674195,148.882113821138,61.89024390243903
2013-04-29 23,23.11522048364153,1.73761946133797,107.2154471544717,52.74390243902437
2013-04-30 00,20.6258890469417,1.73761946133797,83.84146341463415,42.0731707317073
2013-04-30 01,19.914651493598875,1.73761946133797,77.23577235772358,31.707317073170724
2013-04-30 02,19.0256045519203,1.73761946133797,73.6788617886179,29.573170731707325
2013-04-30 03,19.381223328591723,1.73761946133797,76.21951219512195,28.96341463414635
2013-04-30 04,19.203413940256,1.73761946133797,76.72764227642277,28.65853658536585
2013-04-30 05,20.803698435277376,1.73761946133797,67.58130081300816,30.792682926829272
2013-04-30 06,23.47083926031295,1.73761946133797,56.91056910569105,21.341463414634177
2013-04-30 07,35.384068278805124,1.73761946133797,73.17073170731707,29.57317073170732
2013-04-30 08,37.33997155049787,1.73761946133797,87.90650406504065,35.36585365853655
2013-04-30 09,29.6941678520626,1.3032145960034764,81.8089430894309,29.5731707317073
2013-04-30 10,26.6714082503556,1.73761946133797,74.1869918699187,32.3170731707317
2013-04-30 11,27.3826458036984,1.73761946133797,75.71138211382114,33.84146341463415
2013-04-30 12,27.3826458036984,1.3032145960034764,75.20325203252033,33.84146341463413
2013-04-30 13,26.849217638691325,1.954821894005215,74.18699186991873,32.3170731707317
2013-04-30 14,31.116642958748223,2.17202432667246,66.0569105691057,36.890243902439
2013-04-30 15,26.4935988620199,2.17202432667246,69.6138211382114,37.5
2013-04-30 16,26.6714082503556,2.60642919200695,72.15447154471545,40.2439024390244
2013-04-30 17,27.382645803698423,2.823631624674195,82.82520325203251,35.06097560975608
2013-04-30 18,32.36130867709815,2.60642919200695,95.02032520325204,38.109756097560975
2013-04-30 19,34.850640113798,2.3892267593397047,121.44308943089425,46.34146341463415
2013-04-30 20,37.3399715504979,2.823631624674195,128.04878048780475,42.98780487804878
2013-04-30 21,28.44950213371265,3.04083405734144,155.4878048780487,60.06097560975613
2013-04-30 22,25.4267425320057,3.04083405734144,139.22764227642276,70.73170731707317
2013-04-30 23,23.293029871977225,1.73761946133797,109.24796747967474,58.23170731707318
2013-05-01 00,21.3371266002845,1.73761946133797,92.47967479674796,46.9512195121951
2013-05-01 01,20.6258890469417,1.73761946133797,80.28455284552848,35.06097560975608
2013-05-01 02,19.381223328591723,1.73761946133797,75.20325203252033,31.402439024390222
2013-05-01 03,19.73684210526317,1.73761946133797,74.69512195121953,28.35365853658537
2013-05-01 04,19.73684210526317,1.73761946133797,77.23577235772358,30.48780487804877
2013-05-01 05,21.3371266002845,1.73761946133797,68.08943089430895,30.79268292682928
2013-05-01 06,22.0483641536273,1.73761946133797,55.38617886178862,23.170731707317078
2013-05-01 07,22.937411095305823,1.73761946133797,64.02439024390247,22.5609756097561
2013-05-01 08,26.4935988620199,1.73761946133797,83.33333333333334,25.91463414634145
2013-05-01 09,34.1394025604552,1.73761946133797,104.67479674796748,27.7439024390244
2013-05-01 10,38.4068278805121,1.73761946133797,105.69105691056902,32.92682926829268
2013-05-01 11,38.4068278805121,1.3032145960034764,126.0162601626015,44.20731707317072
2013-05-01 12,38.5846372688478,1.5204170286707233,123.9837398373985,46.036585365853625
2013-05-01 13,34.3172119487909,1.73761946133797,122.459349593496,32.9268292682927
2013-05-01 14,30.583214793741124,1.73761946133797,116.869918699187,35.67073170731705
2013-05-01 15,28.27169274537695,1.73761946133797,114.329268292683,38.414634146341456
2013-05-01 16,29.160739687055475,1.73761946133797,94.0040650406504,35.36585365853657
2013-05-01 17,27.738264580369872,2.3892267593397047,92.47967479674796,34.14634146341463
2013-05-01 18,30.5832147937411,2.3892267593397047,103.1504065040651,34.14634146341463
2013-05-01 19,35.73968705547652,3.040834057341442,112.80487804878076,36.28048780487805
2013-05-01 20,37.5177809388336,2.60642919200695,113.82113821138223,42.98780487804878
2013-05-01 21,33.428165007112376,2.60642919200695,143.29268292682926,62.50000000000003
2013-05-01 22,27.38264580369845,2.60642919200695,146.34146341463375,63.109756097560975
2013-05-01 23,25.07112375533428,1.73761946133797,113.82113821138176,44.5121951219512
2013-05-02 00,22.226173541963025,1.73761946133797,99.59349593495942,39.02439024390245
2013-05-02 01,20.6258890469417,1.73761946133797,87.39837398373982,34.451219512195124
2013-05-02 02,19.73684210526317,1.73761946133797,78.760162601626,31.7073170731707
2013-05-02 03,19.559032716927447,1.73761946133797,72.66260162601625,29.573170731707325
2013-05-02 04,19.73684210526317,1.5204170286707233,73.17073170731707,28.35365853658537
2013-05-02 05,22.0483641536273,1.3032145960034764,66.56504065040653,30.182926829268297
2013-05-02 06,25.42674253200568,1.73761946133797,59.95934959349595,23.47560975609755
2013-05-02 07,36.80654338549075,1.5204170286707233,83.84146341463412,28.658536585365876
2013-05-02 08,38.2290184921764,1.5204170286707233,100.10162601626018,35.67073170731705
2013-05-02 09,35.73968705547652,1.3032145960034764,105.69105691056924,32.6219512195122
2013-05-02 10,36.273115220483646,1.73761946133797,84.349593495935,32.6219512195122
2013-05-02 11,36.09530583214797,1.73761946133797,81.8089430894309,33.84146341463413
2013-05-02 12,30.405405405405425,1.73761946133797,84.34959349593495,37.19512195121951
2013-05-02 13,29.160739687055475,1.5204170286707233,82.82520325203252,31.09756097560975
2013-05-02 14,30.2275960170697,1.3032145960034764,82.3170731707317,36.28048780487805
2013-05-02 15,27.73826458036985,1.5204170286707233,86.890243902439,38.41463414634145
2013-05-02 16,28.093883357041225,1.73761946133797,78.760162601626,30.79268292682925
2013-05-02 17,27.560455192034148,1.954821894005215,86.38211382113818,28.96341463414635
2013-05-02 18,33.25035561877665,2.60642919200695,97.05284552845518,39.329268292682926
2013-05-02 19,39.1180654338549,2.60642919200695,130.08130081300826,42.98780487804875
2013-05-02 20,38.9402560455192,2.60642919200695,130.58943089430875,46.64634146341465
2013-05-02 21,33.07254623044098,2.60642919200695,144.30894308943076,52.43902439024393
2013-05-02 22,28.9829302987198,3.04083405734144,132.62195121951223,55.1829268292683
2013-05-02 23,26.49359886201993,1.73761946133797,113.31300813008124,61.89024390243905
2013-05-03 00,23.826458036984327,1.73761946133797,98.5772357723578,38.71951219512192
2013-05-03 01,21.5149359886202,1.73761946133797,86.890243902439,32.62195121951218
2013-05-03 02,20.448079658606,1.5204170286707233,74.69512195121953,30.18292682926828
2013-05-03 03,20.9815078236131,1.73761946133797,68.08943089430895,29.2682926829268
2013-05-03 04,20.8036984352774,1.5204170286707233,69.10569105691057,29.26829268292685
2013-05-03 05,22.226173541963,1.5204170286707233,64.02439024390242,29.268292682926823
2013-05-03 06,26.137980085348502,1.73761946133797,57.92682926829268,23.475609756097548
2013-05-03 07,37.87339971550495,1.73761946133797,76.72764227642276,27.134146341463424
2013-05-03 08,39.1180654338549,1.73761946133797,83.84146341463412,35.36585365853658
2013-05-03 09,36.98435277382645,2.17202432667246,84.85772357723577,34.451219512195124
2013-05-03 10,36.45092460881935,1.73761946133797,82.82520325203252,35.97560975609755
2013-05-03 11,36.45092460881935,1.73761946133797,92.98780487804876,32.92682926829268
2013-05-03 12,32.005689900426724,1.73761946133797,103.15040650406516,42.07317073170732
2013-05-03 13,29.1607396870555,1.73761946133797,91.46341463414632,41.7682926829268
2013-05-03 14,28.982930298719776,1.73761946133797,81.8089430894309,39.02439024390242
2013-05-03 15,30.5832147937411,1.73761946133797,83.84146341463412,34.14634146341462
2013-05-03 16,31.29445234708393,1.73761946133797,93.49593495934955,36.28048780487803
2013-05-03 17,32.18349928876243,1.73761946133797,97.5609756097561,33.23170731707315
2013-05-03 18,37.33997155049788,1.73761946133797,111.788617886179,32.9268292682927
2013-05-03 19,39.1180654338549,1.73761946133797,100.60975609756098,48.78048780487805
2013-05-03 20,39.651493598862,2.3892267593397047,120.9349593495935,39.3292682926829
2013-05-03 21,35.028449502133725,2.17202432667246,149.390243902439,52.4390243902439
2013-05-03 22,27.916073968705525,1.954821894005215,147.8658536585365,55.7926829268293
2013-05-03 23,25.9601706970128,1.73761946133797,122.459349593496,51.52439024390245
2013-05-04 00,23.648648648648624,1.73761946133797,101.11788617886172,46.03658536585365
2013-05-04 01,22.226173541963,1.73761946133797,82.82520325203251,34.451219512195124
2013-05-04 02,21.1593172119488,1.73761946133797,82.82520325203252,28.65853658536585
2013-05-04 03,20.6258890469417,1.08601216333623,75.71138211382112,26.21951219512195
2013-05-04 04,20.8036984352774,1.3032145960034764,70.63008130081303,27.1341463414634
2013-05-04 05,22.4039829302987,1.73761946133797,65.04065040650407,29.573170731707325
2013-05-04 06,23.82645803698435,2.17202432667246,61.4837398373984,23.170731707317078
2013-05-04 07,25.782361308677075,1.73761946133797,74.6951219512195,26.52439024390245
2013-05-04 08,32.539118065433854,1.73761946133797,83.33333333333336,35.06097560975608
2013-05-04 09,38.5846372688478,1.73761946133797,106.7073170731707,33.23170731707315
2013-05-04 10,40.1849217638691,1.73761946133797,122.459349593496,32.92682926829265
2013-05-04 11,40.71834992887622,1.5204170286707233,127.03252032520324,34.756097560975604
2013-05-04 12,40.71834992887622,0.868809730668983,107.7235772357724,32.3170731707317
2013-05-04 13,39.1180654338549,1.73761946133797,107.21544715447163,29.268292682926823
2013-05-04 14,37.162162162162176,1.3032145960034764,117.88617886178876,42.07317073170732
2013-05-04 15,34.1394025604552,1.73761946133797,114.329268292683,36.28048780487805
2013-05-04 16,32.0056899004267,1.73761946133797,104.6747967479674,28.96341463414635
2013-05-04 17,32.00568990042675,1.73761946133797,105.6910569105689,27.7439024390244
2013-05-04 18,37.33997155049788,1.73761946133797,132.62195121951223,29.573170731707325
2013-05-04 19,40.540540540540526,1.73761946133797,145.3252032520325,42.378048780487774
2013-05-04 20,39.651493598862,2.3892267593397047,143.80081300813,45.42682926829267
2013-05-04 21,35.0284495021337,1.954821894005215,141.768292682927,52.43902439024393
2013-05-04 22,28.982930298719776,1.73761946133797,137.7032520325205,51.21951219512198
2013-05-04 23,28.09388335704125,1.73761946133797,126.01626016260175,54.268292682926855
2013-05-05 00,24.18207681365575,1.73761946133797,102.64227642276428,46.95121951219512
2013-05-05 01,22.4039829302987,1.73761946133797,98.57723577235784,39.02439024390242
2013-05-05 02,21.1593172119488,1.73761946133797,72.15447154471542,31.09756097560975
2013-05-05 03,21.1593172119488,1.73761946133797,71.1382113821138,29.268292682926827
2013-05-05 04,21.3371266002845,1.73761946133797,68.59756097560978,27.4390243902439
2013-05-05 05,22.5817923186344,1.73761946133797,62.5,28.35365853658537
2013-05-05 06,23.826458036984324,1.73761946133797,45.73170731707312,21.64634146341465
2013-05-05 07,24.182076813655776,1.73761946133797,70.12195121951223,25.304878048780505
2013-05-05 08,30.2275960170697,1.73761946133797,90.95528455284554,30.487804878048777
2013-05-05 09,39.2958748221906,1.73761946133797,107.21544715447143,28.658536585365848
2013-05-05 10,40.0071123755334,1.73761946133797,102.6422764227644,34.7560975609756
2013-05-05 11,39.8293029871977,1.73761946133797,133.638211382114,40.2439024390244
2013-05-05 12,39.651493598862,1.73761946133797,115.85365853658529,42.0731707317073
2013-05-05 13,36.80654338549078,1.73761946133797,86.38211382113825,32.92682926829268
2013-05-05 14,29.8719772403983,1.73761946133797,77.7439024390244,24.695121951219527
2013-05-05 15,28.27169274537697,1.73761946133797,88.41463414634154,31.09756097560977
2013-05-05 16,28.27169274537697,1.73761946133797,100.6097560975609,36.89024390243903
2013-05-05 17,28.449502133712677,1.73761946133797,79.77642276422765,25.60975609756097
2013-05-05 18,36.273115220483625,1.73761946133797,87.39837398373984,30.1829268292683
2013-05-05 19,39.82930298719772,1.73761946133797,100.1016260162601,28.35365853658537
2013-05-05 20,42.14082503556188,1.73761946133797,114.329268292683,35.67073170731705
2013-05-05 21,37.517780938833575,1.73761946133797,130.589430894309,46.64634146341463
2013-05-05 22,29.16073968705545,1.73761946133797,128.55691056910575,50.30487804878047
2013-05-05 23,27.738264580369822,1.73761946133797,117.378048780488,48.78048780487802
2013-05-06 00,23.293029871977225,1.73761946133797,110.26422764227624,39.3292682926829
2013-05-06 01,21.8705547652916,1.73761946133797,90.44715447154468,31.097560975609724
2013-05-06 02,20.448079658606,1.73761946133797,79.26829268292686,29.573170731707325
2013-05-06 03,21.1593172119488,1.73761946133797,64.02439024390247,27.1341463414634
2013-05-06 04,20.9815078236131,1.73761946133797,59.45121951219515,30.1829268292683
2013-05-06 05,22.7596017069701,1.73761946133797,56.40243902439025,29.5731707317073
2013-05-06 06,26.671408250355626,1.73761946133797,50.30487804878047,22.5609756097561
2013-05-06 07,38.7624466571835,1.73761946133797,70.630081300813,32.92682926829268
2013-05-06 08,40.71834992887625,1.73761946133797,84.349593495935,37.80487804878047
2013-05-06 09,38.4068278805121,1.954821894005215,88.41463414634144,30.18292682926828
2013-05-06 10,37.5177809388336,1.73761946133797,88.92276422764228,30.792682926829272
2013-05-06 11,32.53911806543385,1.954821894005215,88.92276422764225,32.01219512195122
2013-05-06 12,31.650071123755325,1.73761946133797,85.8739837398374,40.54878048780488
2013-05-06 13,31.1166429587482,1.73761946133797,67.58130081300813,34.756097560975626
2013-05-06 14,28.80512091038408,1.73761946133797,58.943089430894325,33.23170731707317
2013-05-06 15,27.5604551920341,1.73761946133797,81.80894308943087,34.756097560975604
2013-05-06 16,28.271692745376924,1.73761946133797,94.5121951219513,35.975609756097555
2013-05-06 17,30.2275960170697,1.73761946133797,80.28455284552845,41.76829268292683
2013-05-06 18,34.850640113798,1.73761946133797,95.02032520325204,51.829268292682926
2013-05-06 19,37.873399715505,1.73761946133797,122.96747967479652,66.76829268292683
2013-05-06 20,39.1180654338549,2.60642919200695,142.27642276422773,53.963414634146375
2013-05-06 21,34.3172119487909,2.60642919200695,155.99593495934974,63.10975609756101
2013-05-06 22,27.73826458036985,1.954821894005215,148.37398373983726,59.45121951219512
2013-05-06 23,26.137980085348502,1.73761946133797,123.47560975609775,55.4878048780488
2013-05-07 00,23.293029871977225,1.73761946133797,101.62601626016284,47.5609756097561
2013-05-07 01,21.692745376955894,1.73761946133797,87.3983739837398,36.58536585365853
2013-05-07 02,20.8036984352774,1.73761946133797,71.13821138211382,32.92682926829268
2013-05-07 03,20.9815078236131,1.73761946133797,67.07317073170732,31.402439024390222
2013-05-07 04,21.3371266002845,1.73761946133797,65.04065040650407,32.62195121951218
2013-05-07 05,22.5817923186344,1.73761946133797,64.53252032520325,32.92682926829265
2013-05-07 06,26.3157894736842,1.73761946133797,57.41869918699187,25.0
2013-05-07 07,39.651493598862025,1.73761946133797,71.13821138211385,32.3170731707317
2013-05-07 08,39.2958748221906,1.73761946133797,74.18699186991867,35.975609756097555
2013-05-07 09,35.56187766714083,1.3032145960034764,74.69512195121953,35.36585365853658
2013-05-07 10,32.36130867709815,1.73761946133797,73.17073170731707,39.02439024390242
2013-05-07 11,31.4722617354196,1.73761946133797,88.41463414634146,41.463414634146325
2013-05-07 12,28.09388335704125,1.3032145960034764,96.03658536585372,35.975609756097555
2013-05-07 13,26.6714082503556,1.954821894005215,80.79268292682927,37.49999999999998
2013-05-07 14,27.560455192034127,2.17202432667246,76.72764227642278,35.0609756097561
2013-05-07 15,25.7823613086771,2.17202432667246,73.17073170731707,38.10975609756095
2013-05-07 16,27.738264580369822,2.60642919200695,69.10569105691057,36.890243902439
2013-05-07 17,28.44950213371265,2.823631624674195,92.47967479674794,32.62195121951218
2013-05-07 18,34.850640113798,2.60642919200695,105.69105691056916,39.63414634146343
2013-05-07 19,39.651493598862,2.3892267593397047,129.0650406504065,45.73170731707317
2013-05-07 20,40.540540540540526,2.823631624674195,136.178861788618,51.52439024390242
2013-05-07 21,37.51778093883355,3.04083405734144,152.94715447154476,59.756097560975626
2013-05-07 22,28.09388335704125,3.04083405734144,143.29268292682926,59.14634146341465
2013-05-07 23,26.4935988620199,1.73761946133797,100.60975609756105,47.86585365853657
2013-05-08 00,23.648648648648624,1.73761946133797,84.34959349593495,40.24390243902437
2013-05-08 01,21.8705547652916,1.73761946133797,78.76016260162602,36.890243902439
2013-05-08 02,20.8036984352774,1.73761946133797,67.58130081300813,31.707317073170724
2013-05-08 03,20.9815078236131,1.73761946133797,65.54878048780488,30.18292682926828
2013-05-08 04,21.5149359886202,1.73761946133797,66.05691056910572,32.0121951219512
2013-05-08 05,22.759601706970106,1.73761946133797,65.04065040650404,32.3170731707317
2013-05-08 06,27.027027027027025,1.73761946133797,55.38617886178862,25.304878048780505
2013-05-08 07,39.118065433854895,1.73761946133797,79.77642276422765,29.8780487804878
2013-05-08 08,39.4736842105263,1.73761946133797,84.34959349593495,35.36585365853658
2013-05-08 09,34.49502133712662,1.73761946133797,70.1219512195122,31.707317073170724
2013-05-08 10,32.71692745376958,1.73761946133797,74.6951219512195,39.02439024390242
2013-05-08 11,31.47226173541965,1.73761946133797,73.6788617886179,39.3292682926829
2013-05-08 12,26.849217638691325,1.73761946133797,91.97154471544718,38.10975609756095
2013-05-08 13,28.44950213371265,1.73761946133797,81.80894308943087,39.3292682926829
2013-05-08 14,30.5832147937411,1.73761946133797,79.26829268292686,36.58536585365853
2013-05-08 15,29.8719772403983,1.73761946133797,81.8089430894309,39.02439024390242
2013-05-08 16,27.738264580369822,1.73761946133797,82.3170731707317,38.41463414634143
2013-05-08 17,27.382645803698423,1.73761946133797,93.49593495934955,40.24390243902437
2013-05-08 18,36.45092460881932,1.73761946133797,104.16666666666669,50.30487804878047
2013-05-08 19,41.42958748221908,1.73761946133797,142.78455284552848,47.56097560975605
2013-05-08 20,41.7852062588905,1.73761946133797,143.80081300813,45.73170731707315
2013-05-08 21,39.11806543385487,2.17202432667246,153.45528455284526,56.70731707317073
2013-05-08 22,31.116642958748223,1.73761946133797,137.19512195121925,64.02439024390245
2013-05-08 23,29.694167852062577,1.73761946133797,120.9349593495935,52.13414634146343
2013-05-09 00,26.671408250355626,1.73761946133797,90.9552845528455,39.329268292682926
2013-05-09 01,24.00426742532008,1.73761946133797,82.82520325203251,37.1951219512195
2013-05-09 02,22.5817923186344,1.73761946133797,70.63008130081303,33.23170731707317
2013-05-09 03,22.9374110953058,1.73761946133797,70.12195121951223,32.0121951219512
2013-05-09 04,23.648648648648624,1.73761946133797,69.10569105691057,32.01219512195122
2013-05-09 05,24.715504978662874,1.73761946133797,60.46747967479675,33.84146341463413
2013-05-09 06,28.982930298719776,1.954821894005215,52.84552845528455,24.695121951219523
2013-05-09 07,41.25177809388335,2.17202432667246,73.17073170731705,31.40243902439025
2013-05-09 08,40.18492176386915,1.73761946133797,84.85772357723576,39.02439024390242
2013-05-09 09,36.62873399715505,1.73761946133797,79.77642276422762,32.3170731707317
2013-05-09 10,37.33997155049785,1.73761946133797,71.64634146341464,32.62195121951218
2013-05-09 11,36.273115220483646,1.73761946133797,85.36585365853657,34.14634146341463
2013-05-09 12,33.9615931721195,1.73761946133797,93.4959349593495,37.19512195121951
2013-05-09 13,30.7610241820768,1.73761946133797,82.82520325203252,37.80487804878047
2013-05-09 14,29.3385490753912,1.73761946133797,75.71138211382112,35.670731707317074
2013-05-09 15,29.8719772403983,1.73761946133797,69.6138211382114,33.536585365853654
2013-05-09 16,30.049786628734,1.73761946133797,85.8739837398374,33.84146341463415
2013-05-09 17,32.00568990042675,1.73761946133797,90.4471544715448,30.48780487804877
2013-05-09 18,36.09530583214793,1.73761946133797,86.38211382113822,37.1951219512195
2013-05-09 19,40.896159317211975,1.73761946133797,118.90243902439028,44.5121951219512
2013-05-09 20,42.4964438122333,2.3892267593397047,147.357723577236,39.93902439024387
2013-05-09 21,38.22901849217638,2.60642919200695,154.979674796748,50.0
2013-05-09 22,30.049786628734022,2.3892267593397047,150.4065040650405,56.402439024390254
2013-05-09 23,28.80512091038408,1.73761946133797,135.67073170731726,47.56097560975607
2013-05-10 00,26.137980085348524,1.73761946133797,116.361788617886,40.85365853658535
2013-05-10 01,23.293029871977225,1.73761946133797,89.939024390244,37.5
2013-05-10 02,22.7596017069701,1.73761946133797,69.61382113821139,33.23170731707315
2013-05-10 03,23.1152204836415,1.73761946133797,68.08943089430895,30.18292682926828
2013-05-10 04,23.470839260312925,1.73761946133797,77.23577235772358,30.48780487804875
2013-05-10 05,24.715504978662874,1.73761946133797,65.04065040650407,34.756097560975604
2013-05-10 06,30.049786628733976,1.73761946133797,57.41869918699187,26.524390243902424
2013-05-10 07,41.78520625889045,1.73761946133797,71.64634146341464,28.04878048780488
2013-05-10 08,41.07396870554768,1.73761946133797,81.8089430894309,32.01219512195122
2013-05-10 09,40.007112375533424,1.73761946133797,80.79268292682926,34.4512195121951
2013-05-10 10,39.82930298719775,1.73761946133797,85.8739837398374,35.0609756097561
2013-05-10 11,39.47368421052633,1.73761946133797,79.2682926829268,37.5
2013-05-10 12,38.2290184921764,1.73761946133797,86.38211382113825,32.92682926829268
2013-05-10 13,31.1166429587482,1.73761946133797,81.80894308943087,32.62195121951218
2013-05-10 14,30.7610241820768,1.73761946133797,79.2682926829268,29.268292682926823
2013-05-10 15,29.6941678520626,1.73761946133797,95.52845528455283,31.7073170731707
2013-05-10 16,32.539118065433854,1.73761946133797,87.3983739837398,33.536585365853625
2013-05-10 17,31.650071123755303,1.73761946133797,92.47967479674791,34.14634146341463
2013-05-10 18,38.40682788051208,1.73761946133797,102.64227642276428,34.14634146341463
2013-05-10 19,40.54054054054055,1.73761946133797,134.6544715447155,41.463414634146325
2013-05-10 20,41.42958748221908,1.954821894005215,140.75203252032526,37.19512195121953
2013-05-10 21,38.4068278805121,3.258036490008688,150.9146341463415,46.95121951219512
2013-05-10 22,30.938833570412527,2.17202432667246,143.80081300812998,49.39024390243903
2013-05-10 23,30.049786628734,1.73761946133797,125.50813008130076,47.2560975609756
2013-05-11 00,27.560455192034127,1.73761946133797,105.691056910569,42.6829268292683
2013-05-11 01,24.7155049786629,1.73761946133797,89.43089430894307,34.14634146341465
2013-05-11 02,23.2930298719772,1.73761946133797,81.30081300813008,29.268292682926823
2013-05-11 03,23.2930298719772,1.73761946133797,73.67886178861787,28.963414634146325
2013-05-11 04,23.64864864864865,1.73761946133797,74.1869918699187,30.1829268292683
2013-05-11 05,24.359886201991475,1.73761946133797,75.71138211382112,29.573170731707325
2013-05-11 06,26.671408250355626,2.17202432667246,52.84552845528457,20.731707317073173
2013-05-11 07,29.8719772403983,1.954821894005215,70.630081300813,30.182926829268297
2013-05-11 08,33.60597439544807,1.73761946133797,75.71138211382112,34.756097560975604
2013-05-11 09,40.36273115220482,1.73761946133797,81.8089430894309,30.48780487804875
2013-05-11 10,40.89615931721195,1.73761946133797,108.23170731707307,29.8780487804878
2013-05-11 11,40.89615931721195,1.73761946133797,126.0162601626015,28.65853658536585
2013-05-11 12,40.896159317211975,1.73761946133797,129.0650406504065,26.52439024390245
2013-05-11 13,39.82930298719772,1.73761946133797,130.08130081300826,26.21951219512193
2013-05-11 14,36.80654338549078,1.73761946133797,106.70731707317084,33.84146341463415
2013-05-11 15,35.73968705547655,1.73761946133797,109.75609756097576,31.402439024390222
2013-05-11 16,34.3172119487909,1.73761946133797,113.3130081300815,30.48780487804877
2013-05-11 17,33.60597439544807,1.73761946133797,98.57723577235784,28.35365853658535
2013-05-11 18,35.20625889046943,1.73761946133797,100.6097560975609,29.8780487804878
2013-05-11 19,38.5846372688478,1.73761946133797,117.88617886178876,39.0243902439024
2013-05-11 20,37.16216216216212,1.73761946133797,126.01626016260175,36.58536585365853
2013-05-11 21,32.18349928876248,1.954821894005215,140.24390243902425,50.30487804878047
2013-05-11 22,26.8492176386913,1.954821894005215,135.162601626016,44.51219512195117
2013-05-11 23,29.5163584637269,1.73761946133797,126.01626016260175,48.78048780487805
2013-05-12 00,27.027027027027025,1.73761946133797,105.18292682926848,44.20731707317073
2013-05-12 01,24.53769559032717,1.73761946133797,92.47967479674791,34.14634146341463
2013-05-12 02,23.1152204836415,1.73761946133797,82.82520325203252,30.792682926829272
2013-05-12 03,22.7596017069701,1.73761946133797,75.71138211382112,27.4390243902439
2013-05-12 04,23.1152204836415,1.73761946133797,73.67886178861787,27.7439024390244
2013-05-12 05,24.359886201991475,1.73761946133797,65.54878048780489,29.268292682926823
2013-05-12 06,26.1379800853485,1.73761946133797,49.28861788617883,18.59756097560975
2013-05-12 07,27.382645803698423,1.73761946133797,67.07317073170732,25.304878048780477
2013-05-12 08,30.4054054054054,1.73761946133797,77.23577235772358,25.91463414634148
2013-05-12 09,38.94025604551923,1.73761946133797,92.98780487804883,28.04878048780488
2013-05-12 10,42.1408250355619,1.73761946133797,95.52845528455292,28.963414634146325
2013-05-12 11,42.1408250355619,1.73761946133797,112.80487804878076,36.58536585365855
2013-05-12 12,41.6073968705548,1.73761946133797,128.55691056910575,39.3292682926829
2013-05-12 13,40.89615931721195,1.73761946133797,81.30081300813008,31.707317073170724
2013-05-12 14,38.94025604551923,1.73761946133797,79.2682926829268,32.3170731707317
2013-05-12 15,33.7837837837838,1.73761946133797,70.1219512195122,28.04878048780488
2013-05-12 16,33.428165007112376,1.73761946133797,71.1382113821138,29.8780487804878
2013-05-12 17,35.73968705547655,1.73761946133797,75.71138211382112,28.658536585365823
2013-05-12 18,40.71834992887625,1.73761946133797,81.80894308943087,26.82926829268293
2013-05-12 19,41.96301564722617,1.73761946133797,94.00406504065045,31.402439024390222
2013-05-12 20,43.0298719772404,1.73761946133797,107.21544715447158,38.41463414634147
2013-05-12 21,40.71834992887625,1.73761946133797,127.03252032520324,52.13414634146343
2013-05-12 22,32.18349928876243,1.73761946133797,119.410569105691,54.57317073170733
2013-05-12 23,29.3385490753912,1.73761946133797,109.75609756097576,48.170731707317074
2013-05-13 00,27.204836415362724,1.73761946133797,95.52845528455282,37.49999999999997
2013-05-13 01,24.004267425320077,1.73761946133797,88.92276422764225,33.84146341463415
2013-05-13 02,23.1152204836415,1.73761946133797,84.34959349593495,30.18292682926828
2013-05-13 03,23.1152204836415,1.73761946133797,74.18699186991873,30.18292682926828
2013-05-13 04,23.648648648648624,1.73761946133797,73.17073170731707,29.573170731707325
2013-05-13 05,24.53769559032717,1.73761946133797,68.59756097560975,30.1829268292683
2013-05-13 06,30.049786628733976,1.73761946133797,56.40243902439025,21.64634146341465
2013-05-13 07,42.3186344238976,1.73761946133797,69.10569105691057,29.268292682926827
2013-05-13 08,41.9630156472262,1.73761946133797,88.41463414634146,33.536585365853654
2013-05-13 09,40.36273115220482,1.73761946133797,77.7439024390244,26.82926829268293
2013-05-13 10,37.6955903271693,1.73761946133797,70.1219512195122,26.524390243902424
2013-05-13 11,36.45092460881935,1.73761946133797,77.7439024390244,32.0121951219512
2013-05-13 12,33.25035561877668,1.73761946133797,86.89024390243907,36.28048780487803
2013-05-13 13,31.827880512091024,1.73761946133797,81.3008130081301,39.02439024390242
2013-05-13 14,31.116642958748223,1.73761946133797,63.0081300813008,35.975609756097555
2013-05-13 15,29.8719772403983,1.73761946133797,67.07317073170732,37.19512195121951
2013-05-13 16,30.5832147937411,1.73761946133797,89.4308943089432,39.9390243902439
2013-05-13 17,32.36130867709815,1.73761946133797,86.3821138211382,38.109756097560975
2013-05-13 18,39.82930298719773,1.73761946133797,86.38211382113822,44.2073170731707
2013-05-13 19,42.3186344238976,1.73761946133797,105.69105691056905,52.74390243902442
2013-05-13 20,43.74110953058322,1.73761946133797,133.13008130081323,46.951219512195095
2013-05-13 21,41.42958748221908,1.73761946133797,138.21138211382126,56.70731707317073
2013-05-13 22,33.7837837837838,1.73761946133797,140.2439024390245,55.79268292682927
2013-05-13 23,29.6941678520626,1.73761946133797,123.4756097560975,47.56097560975607
2013-05-14 00,26.849217638691325,1.73761946133797,98.06910569105705,42.0731707317073
2013-05-14 01,23.82645803698435,1.73761946133797,97.05284552845524,33.84146341463413
2013-05-14 02,22.9374110953058,1.73761946133797,88.41463414634146,29.573170731707325
2013-05-14 03,23.1152204836415,1.73761946133797,80.28455284552845,29.2682926829268
2013-05-14 04,23.470839260312925,1.73761946133797,76.72764227642278,27.743902439024403
2013-05-14 05,25.248933143669973,1.73761946133797,68.59756097560977,30.1829268292683
2013-05-14 06,29.871977240398277,1.73761946133797,59.45121951219512,21.036585365853675
2013-05-14 07,41.78520625889048,1.73761946133797,78.760162601626,26.524390243902424
2013-05-14 08,41.251778093883374,1.73761946133797,79.26829268292683,28.048780487804848
2013-05-14 09,38.76244665718352,1.73761946133797,76.72764227642276,29.268292682926827
2013-05-14 10,34.850640113798,1.73761946133797,73.67886178861787,29.8780487804878
2013-05-14 11,32.894736842105274,1.73761946133797,74.18699186991867,35.975609756097555
2013-05-14 12,32.36130867709815,1.73761946133797,87.39837398373984,35.36585365853658
2013-05-14 13,30.2275960170697,1.73761946133797,80.28455284552845,34.451219512195124
2013-05-14 14,28.9829302987198,1.73761946133797,75.71138211382112,30.792682926829272
2013-05-14 15,28.09388335704125,1.73761946133797,67.58130081300813,33.536585365853654
2013-05-14 16,28.982930298719776,1.73761946133797,77.23577235772358,35.3658536585366
2013-05-14 17,29.3385490753912,1.73761946133797,79.77642276422762,32.6219512195122
2013-05-14 18,33.783783783783804,1.73761946133797,95.52845528455283,33.536585365853625
2013-05-14 19,39.82930298719772,1.73761946133797,129.06504065040625,46.64634146341463
2013-05-14 20,41.7852062588905,2.60642919200695,133.63821138211375,56.40243902439025
2013-05-14 21,38.9402560455192,2.17202432667246,141.76829268292698,66.15853658536588
2013-05-14 22,31.29445234708393,1.954821894005215,129.5731707317075,67.37804878048783
2013-05-14 23,29.33854907539117,1.73761946133797,114.83739837398376,57.3170731707317
2013-05-15 00,27.204836415362724,1.73761946133797,98.57723577235768,49.6951219512195
2013-05-15 01,23.64864864864865,1.73761946133797,92.47967479674796,35.0609756097561
2013-05-15 02,23.1152204836415,1.73761946133797,81.8089430894309,29.5731707317073
2013-05-15 03,23.1152204836415,1.73761946133797,79.2682926829268,28.04878048780488
2013-05-15 04,23.2930298719772,1.73761946133797,86.3821138211382,28.96341463414635
2013-05-15 05,24.89331436699857,1.73761946133797,75.71138211382112,30.182926829268297
2013-05-15 06,29.160739687055475,1.73761946133797,57.92682926829268,20.731707317073173
2013-05-15 07,40.54054054054055,1.73761946133797,77.7439024390244,26.82926829268293
2013-05-15 08,38.40682788051208,1.73761946133797,81.30081300813008,31.402439024390222
2013-05-15 09,31.827880512091028,1.73761946133797,82.3170731707317,26.524390243902424
2013-05-15 10,31.1166429587482,1.73761946133797,72.66260162601628,26.82926829268295
2013-05-15 11,31.4722617354196,1.73761946133797,72.66260162601625,27.134146341463424
2013-05-15 12,30.4054054054054,1.73761946133797,80.79268292682926,30.18292682926828
2013-05-15 13,29.516358463726903,1.73761946133797,81.8089430894309,31.70731707317075
2013-05-15 14,30.2275960170697,1.73761946133797,74.6951219512195,28.04878048780488
2013-05-15 15,26.849217638691325,1.73761946133797,85.36585365853658,29.268292682926827
2013-05-15 16,28.449502133712677,1.73761946133797,83.33333333333333,32.6219512195122
2013-05-15 17,29.5163584637269,1.73761946133797,79.77642276422765,28.963414634146325
2013-05-15 18,37.162162162162176,1.73761946133797,91.46341463414645,32.92682926829268
2013-05-15 19,39.82930298719772,1.73761946133797,123.98373983739825,40.85365853658535
2013-05-15 20,36.98435277382645,1.73761946133797,128.55691056910575,35.0609756097561
2013-05-15 21,32.89473684210525,1.954821894005215,141.76829268292676,46.036585365853625
2013-05-15 22,30.938833570412523,1.73761946133797,133.13008130081326,56.70731707317075
2013-05-15 23,28.805120910384097,1.73761946133797,109.24796747967476,50.609756097560975
2013-05-16 00,26.849217638691325,1.73761946133797,94.00406504065036,36.58536585365853
2013-05-16 01,23.64864864864865,1.73761946133797,83.84146341463412,32.92682926829268
2013-05-16 02,22.4039829302987,1.73761946133797,81.30081300813008,28.35365853658537
2013-05-16 03,22.7596017069701,1.73761946133797,77.74390243902437,28.65853658536585
2013-05-16 04,22.9374110953058,1.73761946133797,75.20325203252033,28.963414634146325
2013-05-16 05,24.359886201991475,1.73761946133797,66.56504065040653,28.963414634146325
2013-05-16 06,29.694167852062577,1.73761946133797,56.91056910569105,21.951219512195124
2013-05-16 07,41.07396870554765,1.73761946133797,74.1869918699187,27.1341463414634
2013-05-16 08,40.71834992887625,1.73761946133797,84.34959349593495,24.695121951219527
2013-05-16 09,33.25035561877667,1.73761946133797,81.30081300813008,32.92682926829268
2013-05-16 10,32.36130867709815,1.73761946133797,76.72764227642278,38.41463414634145
2013-05-16 11,32.36130867709818,1.73761946133797,70.63008130081303,41.15853658536585
2013-05-16 12,32.894736842105274,1.73761946133797,80.79268292682926,39.93902439024387
2013-05-16 13,29.1607396870555,2.17202432667246,81.30081300813008,36.58536585365853
2013-05-16 14,29.5163584637269,1.73761946133797,74.1869918699187,37.5
2013-05-16 15,27.73826458036985,1.5204170286707233,75.71138211382114,41.15853658536585
2013-05-16 16,26.137980085348502,1.73761946133797,81.30081300813008,37.5
2013-05-16 17,26.4935988620199,1.73761946133797,94.0040650406505,42.68292682926828
2013-05-16 18,29.87197724039828,1.73761946133797,95.5284552845528,38.71951219512192
2013-05-16 19,35.2062588904694,1.73761946133797,131.09756097560975,46.036585365853625
2013-05-16 20,36.98435277382645,1.954821894005215,129.0650406504065,45.42682926829267
2013-05-16 21,36.09530583214795,1.73761946133797,140.752032520325,57.92682926829271
2013-05-16 22,29.6941678520626,1.73761946133797,138.21138211382126,61.89024390243905
2013-05-16 23,28.09388335704125,1.73761946133797,114.32926829268324,48.475609756097576
2013-05-17 00,25.6045519203414,1.73761946133797,89.9390243902439,35.36585365853658
2013-05-17 01,22.9374110953058,1.73761946133797,80.28455284552845,29.8780487804878
2013-05-17 02,22.4039829302987,1.73761946133797,83.33333333333333,29.268292682926823
2013-05-17 03,22.5817923186344,1.73761946133797,73.6788617886179,28.35365853658535
2013-05-17 04,22.5817923186344,1.73761946133797,74.1869918699187,27.1341463414634
2013-05-17 05,23.648648648648624,1.73761946133797,74.1869918699187,29.878048780487774
2013-05-17 06,27.91607396870557,1.73761946133797,54.369918699187,20.1219512195122
2013-05-17 07,39.1180654338549,1.73761946133797,71.13821138211382,29.5731707317073
2013-05-17 08,38.9402560455192,1.73761946133797,83.33333333333333,39.02439024390242
2013-05-17 09,31.472261735419625,1.73761946133797,82.3170731707317,34.7560975609756
2013-05-17 10,29.8719772403983,1.73761946133797,73.17073170731707,39.93902439024387
2013-05-17 11,29.5163584637269,1.73761946133797,63.00813008130082,38.41463414634145
2013-05-17 12,29.3385490753912,1.73761946133797,83.84146341463412,36.58536585365855
2013-05-17 13,28.627311522048373,1.5204170286707233,103.1504065040651,37.1951219512195
2013-05-17 14,29.6941678520626,1.73761946133797,75.71138211382112,36.28048780487805
2013-05-17 15,27.560455192034127,1.73761946133797,67.07317073170732,37.19512195121951
2013-05-17 16,26.4935988620199,1.73761946133797,91.97154471544724,36.28048780487802
2013-05-17 17,28.27169274537697,1.73761946133797,88.92276422764225,40.85365853658535
2013-05-17 18,29.8719772403983,1.73761946133797,93.49593495934955,39.6341463414634
2013-05-17 19,31.47226173541965,1.73761946133797,120.93495934959375,46.951219512195095
2013-05-17 20,36.45092460881935,1.73761946133797,158.028455284553,45.12195121951218
2013-05-17 21,32.89473684210525,1.954821894005215,152.94715447154476,50.0
2013-05-17 22,28.9829302987198,2.3892267593397047,140.75203252032526,57.9268292682927
2013-05-17 23,27.916073968705525,1.73761946133797,122.96747967479676,55.4878048780488
2013-05-18 00,26.493598862019923,1.73761946133797,95.52845528455272,49.39024390243903
2013-05-18 01,23.11522048364153,1.73761946133797,84.34959349593495,38.10975609756095
2013-05-18 02,22.0483641536273,1.3032145960034764,78.760162601626,34.451219512195124
2013-05-18 03,22.226173541963,1.73761946133797,69.10569105691057,37.19512195121951
2013-05-18 04,22.4039829302987,1.5204170286707233,77.23577235772358,37.19512195121951
2013-05-18 05,22.937411095305823,1.73761946133797,73.6788617886179,36.58536585365853
2013-05-18 06,25.7823613086771,1.73761946133797,53.35365853658537,25.91463414634148
2013-05-18 07,26.671408250355626,1.73761946133797,68.08943089430895,38.41463414634145
2013-05-18 08,28.982930298719776,2.3892267593397047,81.80894308943087,35.36585365853658
2013-05-18 09,33.072546230441,1.73761946133797,86.38211382113818,31.097560975609724
2013-05-18 10,34.6728307254623,1.73761946133797,101.62601626016266,38.71951219512192
2013-05-18 11,33.4281650071124,1.73761946133797,102.1341463414634,35.3658536585366
2013-05-18 12,33.9615931721195,1.73761946133797,112.29674796747976,38.10975609756095
2013-05-18 13,35.73968705547655,1.73761946133797,110.26422764227624,43.59756097560973
2013-05-18 14,33.96159317211948,1.73761946133797,109.24796747967456,40.85365853658535
2013-05-18 15,30.049786628734,1.5204170286707233,104.16666666666669,42.98780487804875
2013-05-18 16,27.916073968705525,1.73761946133797,115.3455284552845,36.28048780487805
2013-05-18 17,27.382645803698423,1.3032145960034764,100.60975609756105,35.975609756097526
2013-05-18 18,27.91607396870555,1.73761946133797,104.67479674796752,37.1951219512195
2013-05-18 19,30.938833570412527,1.954821894005215,122.96747967479676,36.58536585365853
2013-05-18 20,32.18349928876243,2.3892267593397047,152.43902439024376,41.76829268292683
2013-05-18 21,29.160739687055475,1.73761946133797,147.8658536585365,57.01219512195122
2013-05-18 22,27.560455192034127,1.73761946133797,137.19512195121973,53.963414634146375
2013-05-18 23,26.137980085348502,1.73761946133797,120.9349593495935,47.2560975609756
2013-05-19 00,25.6045519203414,1.73761946133797,105.69105691056924,44.5121951219512
2013-05-19 01,23.1152204836415,1.73761946133797,97.05284552845532,48.475609756097576
2013-05-19 02,22.5817923186344,1.73761946133797,78.2520325203252,38.109756097560975
2013-05-19 03,22.226173541963,1.3032145960034764,79.26829268292683,32.0121951219512
2013-05-19 04,22.4039829302987,1.73761946133797,74.69512195121953,37.5
2013-05-19 05,23.11522048364152,1.73761946133797,69.61382113821138,37.1951219512195
2013-05-19 06,24.89331436699857,1.73761946133797,46.74796747967478,28.048780487804848
2013-05-19 07,25.071123755334305,1.73761946133797,52.84552845528455,35.670731707317074
2013-05-19 08,25.4267425320057,2.3892267593397047,81.30081300813006,33.536585365853654
2013-05-19 09,30.7610241820768,1.73761946133797,89.9390243902439,30.48780487804875
2013-05-19 10,35.73968705547652,1.5204170286707233,103.65853658536592,29.8780487804878
2013-05-19 11,38.2290184921764,1.73761946133797,123.47560975609775,40.24390243902437
2013-05-19 12,39.4736842105263,1.3032145960034764,123.98373983739825,39.93902439024387
2013-05-19 13,37.33997155049788,1.3032145960034764,106.70731707317084,47.56097560975607
2013-05-19 14,32.36130867709815,1.73761946133797,89.93902439024387,51.21951219512195
2013-05-19 15,30.7610241820768,1.73761946133797,93.4959349593496,46.95121951219512
2013-05-19 16,28.09388335704125,1.73761946133797,94.00406504065045,39.329268292682926
2013-05-19 17,28.805120910384097,1.73761946133797,86.89024390243902,34.756097560975626
2013-05-19 18,29.8719772403983,1.73761946133797,89.43089430894312,39.6341463414634
2013-05-19 19,31.472261735419625,1.73761946133797,122.96747967479676,44.20731707317072
2013-05-19 20,34.139402560455174,1.73761946133797,131.09756097560975,46.951219512195095
2013-05-19 21,34.1394025604552,1.73761946133797,165.650406504065,56.40243902439025
2013-05-19 22,28.80512091038408,1.73761946133797,144.81707317073176,54.87804878048783
2013-05-19 23,26.4935988620199,1.73761946133797,123.47560975609775,51.82926829268295
2013-05-20 00,24.8933143669986,1.73761946133797,99.59349593495948,38.71951219512192
2013-05-20 01,22.9374110953058,1.73761946133797,75.20325203252033,34.4512195121951
2013-05-20 02,22.226173541963,1.73761946133797,69.61382113821136,32.01219512195122
2013-05-20 03,22.5817923186344,1.73761946133797,72.15447154471545,31.402439024390222
2013-05-20 04,22.7596017069701,1.73761946133797,78.25203252032523,32.0121951219512
2013-05-20 05,23.1152204836415,1.73761946133797,72.66260162601628,35.0609756097561
2013-05-20 06,28.27169274537695,1.73761946133797,52.33739837398373,25.91463414634145
2013-05-20 07,39.82930298719773,1.73761946133797,67.58130081300814,34.756097560975604
2013-05-20 08,40.54054054054055,1.3032145960034764,81.8089430894309,28.96341463414635
2013-05-20 09,36.98435277382647,1.73761946133797,74.69512195121952,25.60975609756097
2013-05-20 10,35.73968705547652,1.73761946133797,78.2520325203252,30.1829268292683
2013-05-20 11,32.18349928876245,1.73761946133797,87.39837398373982,30.18292682926828
2013-05-20 12,30.5832147937411,1.73761946133797,100.10162601626028,31.097560975609756
2013-05-20 13,30.4054054054054,1.73761946133797,85.87398373983737,32.317073170731675
2013-05-20 14,29.3385490753912,1.73761946133797,59.45121951219512,30.4878048780488
2013-05-20 15,27.560455192034127,1.73761946133797,69.10569105691057,30.79268292682928
2013-05-20 16,28.627311522048373,2.17202432667246,65.04065040650407,32.01219512195122
2013-05-20 17,28.6273115220484,1.73761946133797,71.13821138211382,34.14634146341463
2013-05-20 18,32.00568990042677,1.73761946133797,99.59349593495952,40.85365853658535
2013-05-20 19,37.517780938833575,1.73761946133797,110.26422764227624,49.08536585365855
2013-05-20 20,39.82930298719772,2.3892267593397047,113.82113821138223,47.86585365853657
2013-05-20 21,35.917496443812254,1.73761946133797,137.1951219512195,49.69512195121953
2013-05-20 22,30.405405405405425,1.73761946133797,160.060975609756,63.41463414634147
2013-05-20 23,27.027027027027,1.73761946133797,125.50813008130076,57.6219512195122
2013-05-21 00,25.0711237553343,1.73761946133797,98.57723577235782,44.8170731707317
2013-05-21 01,23.47083926031295,1.73761946133797,87.90650406504062,38.41463414634148
2013-05-21 02,22.4039829302987,1.73761946133797,72.66260162601625,31.7073170731707
2013-05-21 03,22.5817923186344,1.73761946133797,68.59756097560975,29.8780487804878
2013-05-21 04,22.7596017069701,1.73761946133797,74.69512195121953,30.1829268292683
2013-05-21 05,23.470839260312925,1.3032145960034764,68.08943089430895,31.707317073170724
2013-05-21 06,28.80512091038408,1.73761946133797,50.8130081300813,24.390243902439025
2013-05-21 07,40.36273115220485,1.73761946133797,69.61382113821139,35.0609756097561
2013-05-21 08,40.36273115220485,1.73761946133797,82.8252032520325,31.09756097560977
2013-05-21 09,33.783783783783775,1.5204170286707233,76.72764227642276,32.92682926829268
2013-05-21 10,31.650071123755357,1.73761946133797,67.58130081300813,30.79268292682925
2013-05-21 11,31.294452347083904,1.73761946133797,68.59756097560978,27.134146341463424
2013-05-21 12,31.29445234708393,1.73761946133797,91.97154471544722,30.48780487804877
2013-05-21 13,30.938833570412505,1.3032145960034764,87.39837398373982,31.09756097560975
2013-05-21 14,30.2275960170697,1.73761946133797,63.51626016260165,30.48780487804877
2013-05-21 15,27.916073968705525,1.73761946133797,66.56504065040653,34.7560975609756
2013-05-21 16,28.27169274537695,2.17202432667246,74.1869918699187,35.670731707317074
2013-05-21 17,31.472261735419625,1.73761946133797,72.15447154471545,30.48780487804877
2013-05-21 18,32.71692745376957,1.73761946133797,90.44715447154476,31.707317073170724
2013-05-21 19,38.9402560455192,1.73761946133797,116.36178861788623,42.0731707317073
2013-05-21 20,41.7852062588905,1.73761946133797,120.4268292682925,45.731707317073145
2013-05-21 21,37.33997155049785,1.73761946133797,138.71951219512198,53.963414634146325
2013-05-21 22,32.18349928876245,1.73761946133797,154.47154471544724,59.45121951219515
2013-05-21 23,28.627311522048373,1.73761946133797,113.31300813008131,56.40243902439025
2013-05-22 00,25.4267425320057,1.73761946133797,95.52845528455292,40.24390243902437
2013-05-22 01,23.11522048364152,1.73761946133797,87.39837398373982,35.06097560975608
2013-05-22 02,22.226173541963,1.73761946133797,81.30081300813009,30.79268292682925
2013-05-22 03,22.5817923186344,1.73761946133797,75.71138211382112,28.65853658536585
2013-05-22 04,23.4708392603129,1.73761946133797,80.79268292682924,28.96341463414635
2013-05-22 05,24.004267425320077,1.73761946133797,81.8089430894309,28.04878048780488
2013-05-22 06,31.29445234708393,1.73761946133797,53.86178861788618,21.64634146341465
2013-05-22 07,42.49644381223328,1.73761946133797,75.20325203252033,32.62195121951218
2013-05-22 08,41.6073968705548,1.73761946133797,83.33333333333334,32.62195121951218
2013-05-22 09,35.56187766714083,2.17202432667246,73.67886178861787,31.707317073170724
2013-05-22 10,33.428165007112376,1.73761946133797,74.1869918699187,29.5731707317073
2013-05-22 11,34.4950213371266,1.73761946133797,77.7439024390244,30.79268292682925
2013-05-22 12,32.71692745376957,1.73761946133797,95.020325203252,28.048780487804848
2013-05-22 13,30.4054054054054,1.954821894005215,82.3170731707317,28.04878048780488
2013-05-22 14,30.2275960170697,1.73761946133797,65.5487804878049,35.975609756097576
2013-05-22 15,29.6941678520626,1.73761946133797,72.66260162601625,37.49999999999997
2013-05-22 16,30.049786628734,1.73761946133797,64.53252032520325,34.451219512195124
2013-05-22 17,33.07254623044095,1.73761946133797,75.20325203252035,31.402439024390222
2013-05-22 18,37.87339971550497,1.73761946133797,80.79268292682926,34.756097560975604
2013-05-22 19,41.60739687055477,1.73761946133797,130.589430894309,34.1463414634146
2013-05-22 20,42.3186344238976,1.73761946133797,128.55691056910575,34.14634146341463
2013-05-22 21,40.007112375533424,1.73761946133797,133.638211382114,48.170731707317074
2013-05-22 22,32.005689900426724,1.73761946133797,165.65040650406502,52.74390243902442
2013-05-22 23,28.44950213371265,1.73761946133797,123.9837398373985,49.39024390243903
2013-05-23 00,26.493598862019923,1.73761946133797,93.49593495934955,39.6341463414634
2013-05-23 01,23.293029871977225,1.73761946133797,91.46341463414632,32.0121951219512
2013-05-23 02,22.9374110953058,1.73761946133797,77.23577235772358,28.96341463414635
2013-05-23 03,22.5817923186344,1.73761946133797,64.02439024390245,27.743902439024403
2013-05-23 04,22.7596017069701,1.73761946133797,77.7439024390244,30.48780487804877
2013-05-23 05,23.64864864864865,1.73761946133797,73.67886178861791,28.04878048780488
2013-05-23 06,30.049786628734,1.73761946133797,55.3861788617886,21.951219512195152
2013-05-23 07,41.42958748221905,1.73761946133797,76.72764227642278,32.01219512195122
2013-05-23 08,41.9630156472262,1.73761946133797,87.90650406504062,32.6219512195122
2013-05-23 09,36.09530583214795,2.17202432667246,89.9390243902439,30.48780487804877
2013-05-23 10,36.80654338549075,1.954821894005215,82.3170731707317,26.219512195121972
2013-05-23 11,34.850640113798,1.73761946133797,88.41463414634146,29.573170731707325
2013-05-23 12,31.29445234708393,1.73761946133797,96.03658536585355,36.89024390243903
2013-05-23 13,29.3385490753912,1.73761946133797,97.56097560975618,33.23170731707317
2013-05-23 14,28.627311522048352,1.73761946133797,80.79268292682927,33.536585365853625
2013-05-23 15,28.27169274537697,1.5204170286707233,65.04065040650407,32.01219512195122
2013-05-23 16,27.738264580369822,1.73761946133797,61.4837398373984,31.7073170731707
2013-05-23 17,28.805120910384097,1.73761946133797,78.76016260162602,34.14634146341463
2013-05-23 18,36.45092460881932,1.73761946133797,88.41463414634144,40.2439024390244
2013-05-23 19,41.251778093883374,1.73761946133797,107.21544715447148,47.56097560975607
2013-05-23 20,42.4964438122333,2.6064291920069502,119.41056910569124,51.52439024390242
2013-05-23 21,41.07396870554765,2.17202432667246,150.91463414634148,52.1341463414634
2013-05-23 22,35.56187766714083,1.73761946133797,152.43902439024376,60.0609756097561
2013-05-23 23,30.227596017069725,1.73761946133797,119.410569105691,53.65853658536585
2013-05-24 00,25.960170697012824,1.73761946133797,94.00406504065036,36.5853658536585
2013-05-24 01,23.82645803698435,1.73761946133797,84.85772357723577,32.01219512195122
2013-05-24 02,22.4039829302987,1.73761946133797,79.77642276422765,31.09756097560975
2013-05-24 03,22.7596017069701,1.73761946133797,70.630081300813,28.963414634146325
2013-05-24 04,22.9374110953058,1.3032145960034764,75.71138211382112,27.1341463414634
2013-05-24 05,23.648648648648624,1.3032145960034764,68.59756097560975,28.658536585365823
2013-05-24 06,29.516358463726878,1.9548218940052131,52.84552845528455,19.51219512195125
2013-05-24 07,41.42958748221905,1.73761946133797,73.67886178861787,26.21951219512195
2013-05-24 08,41.96301564722617,1.73761946133797,79.77642276422762,32.01219512195122
2013-05-24 09,39.4736842105263,1.73761946133797,78.76016260162604,25.304878048780477
2013-05-24 10,36.80654338549075,1.73761946133797,73.6788617886179,30.18292682926828
2013-05-24 11,34.850640113798,2.17202432667246,83.3333333333333,35.975609756097555
2013-05-24 12,32.36130867709817,1.73761946133797,94.51219512195118,31.09756097560975
2013-05-24 13,29.8719772403983,1.73761946133797,96.54471544715445,27.74390243902437
2013-05-24 14,31.82788051209105,1.73761946133797,83.33333333333333,33.23170731707317
2013-05-24 15,29.6941678520626,1.73761946133797,78.76016260162599,37.8048780487805
2013-05-24 16,31.1166429587482,1.73761946133797,87.90650406504075,39.9390243902439
2013-05-24 17,33.783783783783804,1.73761946133797,77.23577235772358,40.85365853658535
2013-05-24 18,36.62873399715505,1.73761946133797,105.1829268292684,46.03658536585365
2013-05-24 19,39.651493598862,1.73761946133797,103.15040650406492,44.2073170731707
2013-05-24 20,41.07396870554765,2.3892267593397047,127.03252032520324,37.49999999999997
2013-05-24 21,36.62873399715505,1.73761946133797,149.39024390243924,41.15853658536582
2013-05-24 22,30.049786628734,2.17202432667246,143.29268292682949,52.4390243902439
2013-05-24 23,27.73826458036985,1.73761946133797,121.44308943089425,53.048780487804926
2013-05-25 00,26.849217638691325,1.73761946133797,100.6097560975609,45.42682926829268
2013-05-25 01,23.64864864864865,1.73761946133797,84.85772357723577,34.451219512195124
2013-05-25 02,22.4039829302987,1.73761946133797,72.66260162601625,28.35365853658535
2013-05-25 03,22.5817923186344,1.73761946133797,69.61382113821136,27.74390243902437
2013-05-25 04,22.9374110953058,1.73761946133797,74.6951219512195,28.963414634146325
2013-05-25 05,23.293029871977225,1.73761946133797,77.23577235772358,27.134146341463428
2013-05-25 06,27.91607396870557,1.73761946133797,55.38617886178862,19.817073170731724
2013-05-25 07,32.53911806543385,1.73761946133797,68.59756097560978,25.000000000000025
2013-05-25 08,35.20625889046943,1.73761946133797,87.90650406504065,24.085365853658523
2013-05-25 09,41.07396870554765,1.73761946133797,87.90650406504065,25.91463414634148
2013-05-25 10,41.25177809388335,1.73761946133797,105.69105691056902,33.84146341463415
2013-05-25 11,41.2517780938834,1.73761946133797,100.1016260162603,29.268292682926823
2013-05-25 12,41.07396870554768,1.73761946133797,102.13414634146356,30.79268292682928
2013-05-25 13,39.82930298719772,1.73761946133797,123.98373983739825,23.475609756097576
2013-05-25 14,38.2290184921764,1.73761946133797,113.3130081300814,42.3780487804878
2013-05-25 15,34.672830725462326,1.73761946133797,92.98780487804878,31.40243902439025
2013-05-25 16,32.00568990042675,1.73761946133797,96.54471544715447,29.5731707317073
2013-05-25 17,34.1394025604552,1.73761946133797,100.60975609756098,26.21951219512195
2013-05-25 18,37.69559032716928,1.73761946133797,109.24796747967474,29.268292682926827
2013-05-25 19,41.251778093883374,1.73761946133797,121.95121951219524,39.02439024390242
2013-05-25 20,40.540540540540526,1.73761946133797,130.081300813008,39.02439024390242
2013-05-25 21,33.96159317211947,1.73761946133797,142.27642276422773,46.64634146341462
2013-05-25 22,30.049786628734,1.73761946133797,155.4878048780487,52.13414634146345
2013-05-25 23,29.1607396870555,1.73761946133797,128.5569105691055,42.98780487804878
2013-05-26 00,26.49359886201993,1.73761946133797,108.23170731707329,44.81707317073168
2013-05-26 01,24.1820768136558,1.73761946133797,98.06910569105682,34.756097560975604
2013-05-26 02,22.9374110953058,1.73761946133797,86.3821138211382,29.8780487804878
2013-05-26 03,22.5817923186344,1.73761946133797,70.1219512195122,29.268292682926823
2013-05-26 04,22.9374110953058,1.73761946133797,76.21951219512195,27.743902439024403
2013-05-26 05,23.470839260312925,1.73761946133797,76.72764227642276,28.35365853658537
2013-05-26 06,26.315789473684227,1.73761946133797,43.69918699186988,20.731707317073177
2013-05-26 07,27.38264580369845,1.73761946133797,67.58130081300813,21.951219512195124
2013-05-26 08,29.1607396870555,1.73761946133797,78.76016260162605,20.1219512195122
2013-05-26 09,38.4068278805121,1.73761946133797,95.02032520325204,28.048780487804848
2013-05-26 10,41.42958748221908,1.73761946133797,100.60975609756105,30.1829268292683
2013-05-26 11,41.2517780938834,1.3032145960034764,129.57317073170725,32.01219512195122
2013-05-26 12,41.42958748221908,1.73761946133797,139.2276422764225,32.92682926829268
2013-05-26 13,41.07396870554768,1.73761946133797,107.7235772357722,28.963414634146325
2013-05-26 14,37.33997155049785,1.73761946133797,103.15040650406532,27.134146341463424
2013-05-26 15,33.7837837837838,1.73761946133797,99.08536585365844,29.878048780487774
2013-05-26 16,34.4950213371266,1.954821894005215,92.47967479674791,23.78048780487805
2013-05-26 17,32.894736842105274,2.60642919200695,87.90650406504075,24.99999999999997
2013-05-26 18,34.3172119487909,1.73761946133797,97.0528455284553,37.49999999999997
2013-05-26 19,34.31721194879087,1.954821894005215,105.6910569105692,36.58536585365853
2013-05-26 20,41.07396870554768,2.60642919200695,117.88617886178852,35.670731707317074
2013-05-26 21,38.0512091038407,1.73761946133797,147.8658536585365,42.3780487804878
2013-05-26 22,30.2275960170697,1.954821894005215,140.24390243902425,55.182926829268304
2013-05-26 23,28.09388335704125,1.73761946133797,124.49186991869924,44.20731707317072
2013-05-27 00,26.849217638691325,1.73761946133797,100.10162601626024,37.49999999999997
2013-05-27 01,24.00426742532005,1.73761946133797,78.760162601626,32.62195121951218
2013-05-27 02,22.4039829302987,1.73761946133797,65.54878048780488,27.4390243902439
2013-05-27 03,22.5817923186344,1.73761946133797,61.99186991869922,26.82926829268293
2013-05-27 04,23.1152204836415,1.5204170286707233,72.66260162601625,26.82926829268295
2013-05-27 05,23.648648648648624,1.5204170286707233,69.10569105691057,25.60975609756097
2013-05-27 06,30.4054054054054,1.73761946133797,50.8130081300813,18.2926829268293
2013-05-27 07,41.42958748221905,1.73761946133797,73.1707317073171,24.6951219512195
2013-05-27 08,40.18492176386913,1.73761946133797,94.5121951219512,26.21951219512195
2013-05-27 09,35.917496443812226,1.73761946133797,86.890243902439,35.06097560975608
2013-05-27 10,33.4281650071124,1.73761946133797,80.28455284552845,39.329268292682926
2013-05-27 11,32.71692745376955,1.73761946133797,87.90650406504062,37.80487804878047
2013-05-27 12,30.5832147937411,1.73761946133797,95.020325203252,38.41463414634145
2013-05-27 13,30.4054054054054,1.73761946133797,91.97154471544712,34.14634146341465
2013-05-27 14,30.5832147937411,1.5204170286707233,70.630081300813,32.92682926829268
2013-05-27 15,20.98150782361308,1.954821894005215,78.76016260162602,31.707317073170724
2013-05-27 16,30.4054054054054,1.73761946133797,78.25203252032517,35.975609756097526
2013-05-27 17,30.4054054054054,1.73761946133797,79.77642276422765,34.756097560975626
2013-05-27 18,34.1394025604552,1.73761946133797,89.93902439024387,41.76829268292683
2013-05-27 19,37.33997155049788,1.73761946133797,125.50813008130076,52.43902439024393
2013-05-27 20,40.540540540540526,2.3892267593397047,126.52439024390225,46.036585365853625
2013-05-27 21,39.1180654338549,1.954821894005215,139.227642276423,50.0
2013-05-27 22,32.71692745376958,1.73761946133797,146.341463414634,55.7926829268293
2013-05-27 23,30.2275960170697,1.73761946133797,119.918699186992,46.95121951219512
2013-05-28 00,25.960170697012824,1.73761946133797,101.11788617886177,38.41463414634148
2013-05-28 01,23.82645803698435,1.73761946133797,89.43089430894307,36.58536585365853
2013-05-28 02,22.5817923186344,1.73761946133797,74.6951219512195,29.8780487804878
2013-05-28 03,22.9374110953058,1.73761946133797,68.59756097560975,27.134146341463424
2013-05-28 04,23.4708392603129,1.73761946133797,74.1869918699187,27.7439024390244
2013-05-28 05,23.82645803698435,1.73761946133797,71.64634146341463,26.21951219512195
2013-05-28 06,30.405405405405425,1.73761946133797,52.33739837398373,19.20731707317075
2013-05-28 07,40.89615931721195,1.73761946133797,72.66260162601625,25.609756097561
2013-05-28 08,39.65149359886205,1.73761946133797,81.80894308943087,35.975609756097526
2013-05-28 09,31.650071123755325,1.73761946133797,81.8089430894309,33.536585365853654
2013-05-28 10,30.7610241820768,1.73761946133797,71.13821138211382,34.14634146341463
2013-05-28 11,30.2275960170697,2.17202432667246,75.71138211382114,41.7682926829268
2013-05-28 12,29.5163584637269,1.73761946133797,92.98780487804878,43.90243902439023
2013-05-28 13,29.8719772403983,1.73761946133797,92.47967479674789,39.0243902439024
2013-05-28 14,29.6941678520626,1.73761946133797,61.9918699186992,37.80487804878048
2013-05-28 15,28.27169274537695,1.73761946133797,69.10569105691057,39.02439024390242
2013-05-28 16,30.761024182076824,1.73761946133797,81.8089430894309,45.12195121951218
2013-05-28 17,29.8719772403983,1.73761946133797,78.2520325203252,51.829268292682926
2013-05-28 18,33.9615931721195,1.954821894005215,94.00406504065045,47.8658536585366
2013-05-28 19,39.65149359886205,2.3892267593397047,104.1666666666667,50.30487804878047
2013-05-28 20,41.9630156472262,1.73761946133797,112.80487804878024,52.13414634146343
2013-05-28 21,40.18492176386915,1.954821894005215,134.6544715447155,53.65853658536588
2013-05-28 22,33.25035561877667,1.73761946133797,142.27642276422776,59.756097560975626
2013-05-28 23,30.938833570412527,1.73761946133797,114.837398373984,49.39024390243903
2013-05-29 00,27.027027027027025,1.73761946133797,90.4471544715447,39.63414634146343
2013-05-29 01,24.5376955903272,1.73761946133797,86.890243902439,31.707317073170724
2013-05-29 02,22.5817923186344,1.73761946133797,70.1219512195122,28.658536585365823
2013-05-29 03,23.1152204836415,1.5204170286707233,71.13821138211382,28.0487804878049
2013-05-29 04,23.293029871977225,1.5204170286707233,72.66260162601625,29.5731707317073
2013-05-29 05,24.182076813655776,1.73761946133797,68.08943089430895,27.1341463414634
2013-05-29 06,32.36130867709815,1.73761946133797,53.86178861788618,21.64634146341465
2013-05-29 07,43.0298719772404,1.73761946133797,67.07317073170732,29.2682926829268
2013-05-29 08,41.07396870554768,2.17202432667246,78.2520325203252,27.74390243902437
2013-05-29 09,36.09530583214792,1.73761946133797,76.72764227642276,32.3170731707317
2013-05-29 10,35.0284495021337,1.73761946133797,69.10569105691057,39.02439024390242
2013-05-29 11,36.45092460881935,1.73761946133797,72.66260162601625,43.29268292682925
2013-05-29 12,33.783783783783775,1.73761946133797,94.51219512195136,47.2560975609756
2013-05-29 13,31.827880512091028,1.954821894005215,85.87398373983737,39.3292682926829
2013-05-29 14,32.005689900426724,1.73761946133797,75.71138211382114,43.59756097560973
2013-05-29 15,30.4054054054054,1.73761946133797,72.66260162601625,45.42682926829268
2013-05-29 16,29.516358463726903,1.73761946133797,74.1869918699187,51.82926829268296
2013-05-29 17,27.916073968705525,1.73761946133797,83.33333333333333,44.81707317073168
2013-05-29 18,29.8719772403983,1.73761946133797,104.67479674796752,48.475609756097576
2013-05-29 19,34.1394025604552,2.3892267593397047,130.08130081300826,50.91463414634145
2013-05-29 20,37.517780938833546,1.954821894005215,142.7845528455285,54.2682926829268
2013-05-29 21,34.4950213371266,1.954821894005215,149.39024390243924,55.18292682926828
2013-05-29 22,28.80512091038408,1.73761946133797,149.39024390243924,62.19512195121953
2013-05-29 23,27.027027027027025,1.73761946133797,113.3130081300815,50.91463414634148
2013-05-30 00,24.8933143669986,1.73761946133797,91.97154471544712,41.463414634146346
2013-05-30 01,23.82645803698435,1.5204170286707233,79.77642276422765,38.71951219512192
2013-05-30 02,22.4039829302987,1.73761946133797,71.64634146341464,37.80487804878048
2013-05-30 03,22.7596017069701,1.73761946133797,70.1219512195122,34.756097560975604
2013-05-30 04,23.1152204836415,1.73761946133797,75.71138211382114,36.28048780487803
2013-05-30 05,23.82645803698435,1.73761946133797,68.59756097560978,35.06097560975608
2013-05-30 06,29.6941678520626,2.17202432667246,58.43495934959347,32.6219512195122
2013-05-30 07,39.82930298719775,1.73761946133797,73.17073170731707,34.14634146341465
2013-05-30 08,38.7624466571835,1.73761946133797,80.28455284552845,39.02439024390242
2013-05-30 09,30.938833570412505,1.73761946133797,78.2520325203252,40.54878048780485
2013-05-30 10,30.7610241820768,1.73761946133797,77.74390243902437,47.8658536585366
2013-05-30 11,30.4054054054054,1.73761946133797,76.21951219512195,51.21951219512195
2013-05-30 12,29.8719772403983,1.73761946133797,89.43089430894307,50.0
2013-05-30 13,28.44950213371265,1.73761946133797,80.28455284552845,41.7682926829268
2013-05-30 14,28.093883357041225,1.73761946133797,66.0569105691057,38.10975609756095
2013-05-30 15,27.738264580369822,1.73761946133797,72.66260162601625,34.756097560975604
2013-05-30 16,27.916073968705525,1.73761946133797,74.6951219512195,35.36585365853658
2013-05-30 17,29.1607396870555,1.73761946133797,77.23577235772358,36.28048780487803
2013-05-30 18,32.18349928876245,1.73761946133797,94.51219512195136,43.29268292682927
2013-05-30 19,38.762446657183474,1.73761946133797,106.7073170731708,51.21951219512195
2013-05-30 20,40.18492176386915,1.954821894005215,111.78861788617884,43.59756097560975
2013-05-30 21,36.09530583214793,1.954821894005215,124.49186991869924,44.51219512195122
2013-05-30 22,29.516358463726878,1.954821894005215,140.75203252032526,53.96341463414635
2013-05-30 23,27.38264580369845,1.73761946133797,113.82113821138223,46.03658536585365
2013-05-31 00,25.7823613086771,1.73761946133797,94.00406504065036,37.19512195121951
2013-05-31 01,23.82645803698435,1.73761946133797,85.36585365853658,32.317073170731724
2013-05-31 02,22.5817923186344,1.73761946133797,72.66260162601628,29.268292682926823
2013-05-31 03,22.7596017069701,1.73761946133797,68.59756097560975,27.43902439024393
2013-05-31 04,23.1152204836415,1.73761946133797,72.66260162601625,27.74390243902437
2013-05-31 05,23.826458036984377,1.73761946133797,71.13821138211382,28.96341463414635
2013-05-31 06,30.049786628734,1.73761946133797,53.86178861788618,22.2560975609756
2013-05-31 07,41.07396870554765,1.73761946133797,74.1869918699187,27.134146341463424
2013-05-31 08,40.36273115220485,1.73761946133797,79.26829268292686,37.49999999999998
2013-05-31 09,37.87339971550497,1.73761946133797,75.2032520325203,35.36585365853657
2013-05-31 10,35.73968705547652,1.5204170286707233,78.2520325203252,31.402439024390222
2013-05-31 11,35.73968705547652,1.73761946133797,77.74390243902437,32.01219512195122
2013-05-31 12,33.96159317211952,1.73761946133797,95.02032520325204,33.84146341463413
2013-05-31 13,30.4054054054054,1.73761946133797,97.05284552845528,30.487804878048777
2013-05-31 14,29.3385490753912,1.73761946133797,72.15447154471545,34.4512195121951
2013-05-31 15,29.6941678520626,1.73761946133797,78.760162601626,39.63414634146342
2013-05-31 16,28.627311522048373,1.73761946133797,83.3333333333333,31.707317073170724
2013-05-31 17,32.18349928876245,1.73761946133797,79.77642276422762,37.80487804878047
2013-05-31 18,35.56187766714083,1.73761946133797,99.59349593495924,41.7682926829268
2013-05-31 19,39.82930298719772,1.73761946133797,112.80487804878076,35.975609756097576
2013-05-31 20,40.36273115220482,2.17202432667246,116.361788617886,29.8780487804878
2013-05-31 21,33.6059743954481,1.73761946133797,124.49186991869924,39.6341463414634
2013-05-31 22,30.049786628734,2.17202432667246,148.37398373983726,48.78048780487805
2013-05-31 23,28.627311522048352,1.73761946133797,126.5243902439025,43.59756097560975
2013-06-01 00,27.560455192034127,1.73761946133797,103.15040650406496,42.0731707317073
2013-06-01 01,24.53769559032717,1.73761946133797,96.54471544715456,35.3658536585366
2013-06-01 02,22.9374110953058,1.73761946133797,79.26829268292683,28.35365853658535
2013-06-01 03,22.9374110953058,1.73761946133797,83.33333333333331,26.52439024390245
2013-06-01 04,23.2930298719772,1.73761946133797,78.760162601626,28.963414634146325
2013-06-01 05,23.47083926031295,1.73761946133797,70.63008130081303,26.524390243902424
2013-06-01 06,27.382645803698423,1.73761946133797,52.84552845528455,19.8170731707317
2013-06-01 07,30.5832147937411,1.73761946133797,65.04065040650407,19.51219512195125
2013-06-01 08,36.62873399715505,1.73761946133797,90.9552845528455,28.04878048780488
2013-06-01 09,41.6073968705548,2.17202432667246,105.18292682926824,26.21951219512195
2013-06-01 10,42.3186344238976,1.73761946133797,104.16666666666674,34.451219512195124
2013-06-01 11,42.1408250355619,1.73761946133797,103.65853658536578,36.5853658536585
2013-06-01 12,41.6073968705548,1.3032145960034764,121.44308943089425,30.487804878048777
2013-06-01 13,40.540540540540526,1.73761946133797,108.23170731707324,27.7439024390244
2013-06-01 14,38.4068278805121,1.73761946133797,104.67479674796748,49.39024390243905
2013-06-01 15,36.273115220483646,1.954821894005215,101.62601626016249,44.2073170731707
2013-06-01 16,34.3172119487909,1.73761946133797,113.3130081300815,42.98780487804878
2013-06-01 17,39.11806543385487,1.73761946133797,105.18292682926833,38.71951219512195
2013-06-01 18,40.540540540540526,1.73761946133797,108.73983739837408,35.36585365853658
2013-06-01 19,42.3186344238976,2.3892267593397047,119.410569105691,35.06097560975608
2013-06-01 20,42.3186344238976,1.73761946133797,126.0162601626015,36.89024390243903
2013-06-01 21,37.873399715505,1.73761946133797,131.60569105691076,40.54878048780485
2013-06-01 22,29.160739687055475,1.73761946133797,152.9471544715445,51.524390243902445
2013-06-01 23,28.27169274537697,1.73761946133797,123.9837398373985,47.2560975609756
2013-06-02 00,29.1607396870555,1.73761946133797,105.18292682926828,49.08536585365855
2013-06-02 01,25.7823613086771,1.73761946133797,88.92276422764229,36.89024390243903
2013-06-02 02,24.00426742532008,1.73761946133797,77.74390243902437,29.8780487804878
2013-06-02 03,23.648648648648624,1.73761946133797,77.23577235772358,28.04878048780488
2013-06-02 04,24.00426742532008,1.5204170286707233,82.31707317073167,28.35365853658535
2013-06-02 05,24.359886201991475,1.73761946133797,74.1869918699187,25.91463414634145
2013-06-02 06,28.093883357041275,1.954821894005215,50.3048780487805,21.03658536585365
2013-06-02 07,29.87197724039828,1.73761946133797,59.95934959349595,22.5609756097561
2013-06-02 08,33.9615931721195,1.73761946133797,76.72764227642276,21.036585365853675
2013-06-02 09,40.89615931721195,1.73761946133797,86.3821138211382,27.4390243902439
2013-06-02 10,41.9630156472262,1.73761946133797,103.1504065040652,41.15853658536582
2013-06-02 11,41.42958748221911,1.73761946133797,113.31300813008124,39.3292682926829
2013-06-02 12,41.7852062588905,1.73761946133797,115.34552845528476,37.80487804878045
2013-06-02 13,40.896159317211975,1.73761946133797,101.11788617886182,22.256097560975626
2013-06-02 14,35.73968705547652,1.73761946133797,83.84146341463412,30.487804878048777
2013-06-02 15,34.1394025604552,1.73761946133797,75.71138211382114,34.4512195121951
2013-06-02 16,32.005689900426724,1.73761946133797,81.30081300813008,37.49999999999998
2013-06-02 17,34.4950213371266,1.73761946133797,78.2520325203252,34.4512195121951
2013-06-02 18,39.82930298719775,1.73761946133797,84.85772357723577,40.54878048780488
2013-06-02 19,42.674253200569,2.17202432667246,105.6910569105689,42.98780487804878
2013-06-02 20,44.2745376955903,1.73761946133797,105.1829268292684,43.59756097560975
2013-06-02 21,41.78520625889045,1.73761946133797,133.130081300813,45.12195121951218
2013-06-02 22,35.56187766714085,2.60642919200695,145.83333333333326,53.3536585365854
2013-06-02 23,33.4281650071124,1.73761946133797,121.95121951219524,50.0
2013-06-03 00,29.6941678520626,1.73761946133797,102.13414634146336,41.15853658536585
2013-06-03 01,24.7155049786629,1.73761946133797,94.00406504065045,31.09756097560975
2013-06-03 02,23.293029871977225,1.73761946133797,74.69512195121953,29.573170731707325
2013-06-03 03,23.1152204836415,1.73761946133797,73.67886178861787,28.35365853658535
2013-06-03 04,23.2930298719772,1.73761946133797,72.66260162601625,28.65853658536585
2013-06-03 05,24.004267425320077,1.73761946133797,67.58130081300816,28.048780487804848
2013-06-03 06,30.9388335704125,1.73761946133797,53.86178861788618,23.78048780487805
2013-06-03 07,42.31863442389758,1.73761946133797,76.72764227642276,24.39024390243905
2013-06-03 08,41.7852062588905,1.73761946133797,78.2520325203252,28.04878048780488
2013-06-03 09,40.540540540540526,1.73761946133797,77.74390243902437,30.182926829268297
2013-06-03 10,38.9402560455192,1.73761946133797,73.17073170731707,32.01219512195122
2013-06-03 11,36.273115220483646,1.73761946133797,82.8252032520325,35.36585365853657
2013-06-03 12,34.850640113798,1.73761946133797,91.97154471544712,47.8658536585366
2013-06-03 13,32.89473684210525,1.73761946133797,92.47967479674791,43.90243902439023
2013-06-03 14,33.428165007112376,1.73761946133797,80.79268292682927,35.0609756097561
2013-06-03 15,30.7610241820768,1.73761946133797,80.28455284552845,50.9146341463415
2013-06-03 16,31.472261735419625,1.73761946133797,88.41463414634146,43.59756097560975
2013-06-03 17,33.9615931721195,1.73761946133797,95.020325203252,49.390243902439
2013-06-03 18,40.007112375533424,1.73761946133797,109.7560975609757,56.09756097560978
2013-06-03 19,43.20768136557612,1.954821894005215,133.130081300813,55.4878048780488
2013-06-03 20,46.94167852062593,1.73761946133797,155.99593495934974,55.4878048780488
2013-06-03 21,42.67425320056898,1.73761946133797,150.91463414634174,57.621951219512205
2013-06-03 22,34.4950213371266,1.73761946133797,152.94715447154476,64.32926829268293
2013-06-03 23,31.827880512091028,1.73761946133797,110.7723577235775,61.58536585365855
2013-06-04 00,28.27169274537695,1.73761946133797,94.00406504065036,54.87804878048783
2013-06-04 01,24.53769559032717,1.73761946133797,91.97154471544717,49.08536585365852
2013-06-04 02,22.7596017069701,1.73761946133797,76.72764227642277,43.59756097560975
2013-06-04 03,23.1152204836415,1.73761946133797,67.07317073170732,41.15853658536585
2013-06-04 04,23.2930298719772,1.73761946133797,78.760162601626,38.414634146341456
2013-06-04 05,23.82645803698435,1.73761946133797,65.04065040650406,33.23170731707317
2013-06-04 06,30.9388335704125,1.73761946133797,60.46747967479675,24.390243902439025
2013-06-04 07,42.67425320056898,1.73761946133797,76.21951219512195,27.4390243902439
2013-06-04 08,41.42958748221908,1.73761946133797,82.3170731707317,32.62195121951218
2013-06-04 09,39.118065433854895,1.73761946133797,71.64634146341464,38.71951219512195
2013-06-04 10,35.56187766714083,1.73761946133797,70.63008130081303,36.28048780487805
2013-06-04 11,32.71692745376955,1.73761946133797,80.28455284552845,34.756097560975604
2013-06-04 12,32.00568990042673,1.73761946133797,90.9552845528455,41.15853658536585
2013-06-04 13,29.1607396870555,1.73761946133797,72.15447154471545,43.90243902439022
2013-06-04 14,28.80512091038408,1.73761946133797,74.1869918699187,53.048780487804905
2013-06-04 15,28.093883357041225,1.73761946133797,78.25203252032523,47.56097560975607
2013-06-04 16,28.449502133712677,1.73761946133797,91.97154471544712,47.56097560975608
2013-06-04 17,32.00568990042677,1.73761946133797,86.890243902439,37.49999999999998
2013-06-04 18,36.80654338549075,1.73761946133797,120.42682926829276,42.0731707317073
2013-06-04 19,42.8520625889047,1.73761946133797,121.95121951219524,50.609756097560975
2013-06-04 20,46.408250355618776,1.73761946133797,134.6544715447155,59.7560975609756
2013-06-04 21,41.42958748221908,1.954821894005215,141.7682926829265,61.89024390243903
2013-06-04 22,32.71692745376957,1.954821894005215,149.39024390243924,68.59756097560975
2013-06-04 23,30.9388335704125,2.17202432667246,111.28048780487828,56.40243902439028
2013-06-05 00,27.738264580369822,1.73761946133797,97.560975609756,54.87804878048783
2013-06-05 01,24.004267425320077,1.73761946133797,91.46341463414632,43.29268292682927
2013-06-05 02,22.7596017069701,1.73761946133797,76.72764227642278,39.02439024390242
2013-06-05 03,22.7596017069701,1.73761946133797,76.21951219512195,38.10975609756095
2013-06-05 04,23.470839260312925,1.73761946133797,74.69512195121953,37.5
2013-06-05 05,23.648648648648624,1.73761946133797,77.23577235772355,32.92682926829268
2013-06-05 06,31.29445234708393,1.73761946133797,53.35365853658535,26.21951219512193
2013-06-05 07,43.7411095305832,1.954821894005215,78.2520325203252,27.43902439024392
2013-06-05 08,41.42958748221908,1.73761946133797,82.82520325203252,29.268292682926823
2013-06-05 09,36.80654338549078,1.73761946133797,79.26829268292683,31.09756097560975
2013-06-05 10,37.162162162162176,1.73761946133797,70.630081300813,31.40243902439025
2013-06-05 11,33.428165007112376,1.73761946133797,73.17073170731707,39.3292682926829
2013-06-05 12,32.005689900426724,1.73761946133797,80.28455284552842,39.3292682926829
2013-06-05 13,30.9388335704125,1.73761946133797,71.13821138211382,33.84146341463415
2013-06-05 14,30.049786628734,1.73761946133797,67.07317073170732,42.68292682926828
2013-06-05 15,27.916073968705525,1.954821894005215,84.85772357723577,33.536585365853654
2013-06-05 16,28.27169274537695,1.954821894005215,76.72764227642276,32.6219512195122
2013-06-05 17,29.33854907539117,1.73761946133797,72.15447154471545,33.23170731707315
2013-06-05 18,38.05120910384068,1.73761946133797,107.21544715447158,42.98780487804875
2013-06-05 19,40.71834992887628,1.73761946133797,127.54065040650426,42.0731707317073
2013-06-05 20,42.4964438122333,1.73761946133797,126.01626016260175,42.98780487804875
2013-06-05 21,40.007112375533424,1.73761946133797,150.91463414634126,51.52439024390243
2013-06-05 22,32.00568990042675,2.3892267593397047,151.930894308943,60.670731707317074
2013-06-05 23,30.2275960170697,1.73761946133797,120.9349593495935,57.01219512195125
2013-06-06 00,28.627311522048352,1.73761946133797,103.15040650406524,47.2560975609756
2013-06-06 01,24.715504978662874,1.73761946133797,87.90650406504065,44.5121951219512
2013-06-06 02,23.648648648648624,1.73761946133797,80.79268292682924,37.80487804878047
2013-06-06 03,23.4708392603129,1.73761946133797,75.2032520325203,38.41463414634148
2013-06-06 04,23.648648648648624,1.73761946133797,76.21951219512195,39.02439024390242
2013-06-06 05,24.00426742532005,1.73761946133797,63.51626016260165,35.36585365853658
2013-06-06 06,30.9388335704125,1.73761946133797,57.9268292682927,23.475609756097548
2013-06-06 07,41.96301564722618,1.73761946133797,74.1869918699187,28.96341463414635
2013-06-06 08,40.54054054054055,1.73761946133797,77.74390243902437,30.79268292682925
2013-06-06 09,36.09530583214792,1.73761946133797,74.69512195121953,26.82926829268293
2013-06-06 10,33.428165007112376,1.73761946133797,73.1707317073171,36.890243902439
2013-06-06 11,33.783783783783804,1.73761946133797,81.8089430894309,35.06097560975608
2013-06-06 12,33.072546230441,1.73761946133797,78.76016260162602,41.15853658536585
2013-06-06 13,33.072546230441,1.73761946133797,78.76016260162602,34.4512195121951
2013-06-06 14,32.539118065433854,1.73761946133797,65.54878048780488,37.1951219512195
2013-06-06 15,31.82788051209105,1.73761946133797,71.64634146341464,33.84146341463415
2013-06-06 16,32.18349928876245,1.73761946133797,70.63008130081303,39.3292682926829
2013-06-06 17,31.650071123755325,1.73761946133797,79.77642276422762,32.9268292682927
2013-06-06 18,36.273115220483625,1.73761946133797,97.0528455284554,34.451219512195124
2013-06-06 19,38.58463726884777,1.73761946133797,117.37804878048776,49.39024390243903
2013-06-06 20,41.9630156472262,1.73761946133797,125.50813008130076,49.69512195121953
2013-06-06 21,39.651493598862025,1.954821894005215,145.3252032520325,53.65853658536585
2013-06-06 22,35.384068278805124,1.73761946133797,131.09756097560975,61.89024390243903
2013-06-06 23,29.3385490753912,1.73761946133797,117.88617886178858,53.35365853658538
2013-06-07 00,27.91607396870555,1.73761946133797,98.06910569105692,47.256097560975626
2013-06-07 01,24.1820768136558,1.73761946133797,81.30081300813008,41.15853658536585
2013-06-07 02,22.9374110953058,1.73761946133797,75.2032520325203,38.71951219512193
2013-06-07 03,22.9374110953058,1.73761946133797,74.69512195121953,40.24390243902437
2013-06-07 04,23.470839260312925,1.73761946133797,73.6788617886179,35.670731707317046
2013-06-07 05,23.82645803698435,1.73761946133797,58.943089430894325,29.8780487804878
2013-06-07 06,31.47226173541965,1.73761946133797,58.43495934959347,22.8658536585366
2013-06-07 07,40.89615931721195,1.73761946133797,75.20325203252033,25.60975609756097
2013-06-07 08,39.65149359886205,1.73761946133797,84.34959349593495,30.1829268292683
2013-06-07 09,34.85064011379802,1.73761946133797,76.21951219512192,31.09756097560975
2013-06-07 10,31.827880512091024,1.73761946133797,63.51626016260165,39.93902439024387
2013-06-07 11,31.116642958748223,1.73761946133797,81.30081300813018,38.109756097560975
2013-06-07 12,31.650071123755325,1.73761946133797,104.6747967479674,39.02439024390243
2013-06-07 13,29.1607396870555,1.73761946133797,77.23577235772358,36.28048780487802
2013-06-07 14,28.27169274537697,1.73761946133797,75.20325203252033,40.54878048780485
2013-06-07 15,27.2048364153627,1.73761946133797,80.28455284552845,36.28048780487803
2013-06-07 16,26.6714082503556,1.73761946133797,86.890243902439,39.93902439024387
2013-06-07 17,27.738264580369822,1.73761946133797,90.44715447154472,40.85365853658533
2013-06-07 18,28.80512091038408,1.73761946133797,91.97154471544712,47.56097560975607
2013-06-07 19,30.938833570412527,2.17202432667246,116.869918699187,43.29268292682925
2013-06-07 20,33.428165007112376,1.954821894005215,111.788617886179,33.536585365853675
2013-06-07 21,29.5163584637269,2.60642919200695,133.638211382114,44.5121951219512
2013-06-07 22,26.8492176386913,2.17202432667246,139.73577235772376,50.609756097560975
2013-06-07 23,27.738264580369822,1.73761946133797,114.32926829268276,51.21951219512195
2013-06-08 00,26.671408250355626,1.73761946133797,101.62601626016276,48.78048780487805
2013-06-08 01,24.00426742532008,1.73761946133797,85.8739837398374,39.9390243902439
2013-06-08 02,22.9374110953058,1.73761946133797,79.77642276422765,29.8780487804878
2013-06-08 03,23.1152204836415,1.73761946133797,70.1219512195122,29.268292682926827
2013-06-08 04,23.4708392603129,1.73761946133797,70.12195121951217,28.658536585365848
2013-06-08 05,23.64864864864865,1.73761946133797,60.975609756097576,28.048780487804876
2013-06-08 06,27.027027027027025,1.73761946133797,48.78048780487805,19.207317073170724
2013-06-08 07,27.38264580369845,1.73761946133797,63.00813008130085,22.5609756097561
2013-06-08 08,29.694167852062577,1.73761946133797,75.71138211382112,28.048780487804848
2013-06-08 09,33.25035561877667,1.7376194613379683,87.90650406504062,35.06097560975608
2013-06-08 10,35.5618776671408,1.954821894005215,97.5609756097564,46.036585365853625
2013-06-08 11,37.51778093883355,1.73761946133797,110.26422764227628,48.475609756097576
2013-06-08 12,36.98435277382645,1.73761946133797,148.882113821138,52.7439024390244
2013-06-08 13,34.1394025604552,1.73761946133797,130.589430894309,44.817073170731696
2013-06-08 14,33.07254623044095,1.73761946133797,122.45934959349574,55.79268292682927
2013-06-08 15,30.7610241820768,1.73761946133797,101.11788617886177,46.34146341463415
2013-06-08 16,28.805120910384097,1.73761946133797,98.0691056910568,46.95121951219512
2013-06-08 17,27.3826458036984,1.73761946133797,104.1666666666667,41.7682926829268
2013-06-08 18,28.80512091038408,1.73761946133797,113.82113821138223,39.329268292682926
2013-06-08 19,32.18349928876245,1.73761946133797,132.1138211382115,51.21951219512198
2013-06-08 20,32.18349928876248,2.823631624674195,143.292682926829,42.3780487804878
2013-06-08 21,29.87197724039828,2.17202432667246,118.3943089430895,45.12195121951217
2013-06-08 22,27.027027027027,1.73761946133797,124.49186991869924,53.65853658536588
2013-06-08 23,27.027027027027,1.73761946133797,118.90243902439023,51.82926829268296
2013-06-09 00,27.73826458036985,1.73761946133797,91.46341463414632,40.54878048780485
2013-06-09 01,24.182076813655776,1.73761946133797,88.41463414634146,39.329268292682926
2013-06-09 02,22.9374110953058,1.73761946133797,82.82520325203251,34.756097560975604
2013-06-09 03,22.9374110953058,1.73761946133797,70.63008130081303,33.23170731707317
2013-06-09 04,22.9374110953058,1.73761946133797,72.15447154471545,32.92682926829268
2013-06-09 05,23.293029871977225,1.73761946133797,60.46747967479678,30.18292682926828
2013-06-09 06,25.9601706970128,1.73761946133797,45.73170731707317,21.951219512195124
2013-06-09 07,25.9601706970128,1.73761946133797,58.4349593495935,24.390243902439025
2013-06-09 08,26.137980085348502,1.73761946133797,66.56504065040653,28.963414634146325
2013-06-09 09,30.405405405405425,1.73761946133797,79.77642276422765,35.67073170731705
2013-06-09 10,33.783783783783804,1.73761946133797,106.19918699187,49.6951219512195
2013-06-09 11,33.9615931721195,1.5204170286707233,125.0,42.98780487804875
2013-06-09 12,38.0512091038407,1.5204170286707233,148.882113821138,50.91463414634148
2013-06-09 13,36.98435277382645,1.73761946133797,112.80487804878076,42.378048780487774
2013-06-09 14,32.71692745376957,1.73761946133797,81.30081300813006,44.2073170731707
2013-06-09 15,30.049786628734,1.73761946133797,83.84146341463412,33.23170731707317
2013-06-09 16,28.805120910384097,1.73761946133797,97.5609756097561,32.62195121951218
2013-06-09 17,27.5604551920341,1.73761946133797,87.39837398373982,37.5
2013-06-09 18,28.27169274537697,1.73761946133797,88.41463414634146,36.58536585365853
2013-06-09 19,30.405405405405425,1.73761946133797,110.2642276422765,41.463414634146346
2013-06-09 20,32.00568990042675,1.73761946133797,99.59349593495924,39.6341463414634
2013-06-09 21,29.694167852062577,1.954821894005215,106.1991869918698,44.20731707317073
2013-06-09 22,26.4935988620199,1.73761946133797,115.34552845528476,53.048780487804905
2013-06-09 23,26.8492176386913,1.73761946133797,101.6260162601626,49.39024390243903
2013-06-10 00,27.027027027027025,1.73761946133797,103.65853658536564,44.81707317073168
2013-06-10 01,25.071123755334305,1.73761946133797,89.43089430894307,40.2439024390244
2013-06-10 02,23.1152204836415,1.73761946133797,78.25203252032517,33.536585365853675
2013-06-10 03,23.293029871977225,1.73761946133797,65.0406504065041,33.23170731707317
2013-06-10 04,23.64864864864865,1.73761946133797,67.07317073170735,32.6219512195122
2013-06-10 05,23.826458036984377,1.73761946133797,59.45121951219512,30.79268292682928
2013-06-10 06,26.671408250355626,1.73761946133797,46.23983739837398,24.695121951219495
2013-06-10 07,26.3157894736842,1.73761946133797,60.46747967479678,23.78048780487805
2013-06-10 08,25.9601706970128,1.73761946133797,61.9918699186992,25.91463414634148
2013-06-10 09,29.694167852062577,1.73761946133797,83.3333333333333,23.475609756097548
2013-06-10 10,37.162162162162176,1.73761946133797,95.52845528455276,32.92682926829268
2013-06-10 11,38.94025604551918,1.3032145960034764,117.37804878048784,38.41463414634143
2013-06-10 12,39.47368421052633,1.7376194613379683,150.40650406504076,43.29268292682925
2013-06-10 13,36.98435277382645,1.73761946133797,121.44308943089425,39.3292682926829
2013-06-10 14,35.2062588904694,1.73761946133797,120.4268292682925,42.98780487804875
2013-06-10 15,34.1394025604552,1.73761946133797,110.77235772357724,35.67073170731705
2013-06-10 16,33.783783783783775,1.73761946133797,111.788617886179,38.71951219512195
2013-06-10 17,32.539118065433854,1.73761946133797,105.18292682926828,37.8048780487805
2013-06-10 18,36.273115220483625,1.73761946133797,115.34552845528476,29.5731707317073
2013-06-10 19,38.94025604551923,2.17202432667246,130.08130081300826,39.02439024390242
2013-06-10 20,39.82930298719772,1.73761946133797,126.5243902439025,47.2560975609756
2013-06-10 21,38.40682788051208,1.73761946133797,129.57317073170725,48.78048780487802
2013-06-10 22,30.583214793741124,1.5204170286707233,129.57317073170725,54.87804878048785
2013-06-10 23,29.33854907539117,1.73761946133797,115.85365853658524,50.0
2013-06-11 00,27.38264580369845,1.73761946133797,97.56097560975611,40.54878048780485
2013-06-11 01,24.182076813655776,1.73761946133797,85.3658536585366,40.24390243902437
2013-06-11 02,23.470839260312925,1.73761946133797,72.66260162601625,34.1463414634146
2013-06-11 03,23.648648648648624,1.73761946133797,68.08943089430892,30.792682926829272
2013-06-11 04,23.826458036984324,1.73761946133797,66.0569105691057,31.09756097560977
2013-06-11 05,24.715504978662874,1.73761946133797,57.41869918699187,28.96341463414635
2013-06-11 06,30.4054054054054,1.73761946133797,52.84552845528458,21.646341463414625
2013-06-11 07,38.9402560455192,1.73761946133797,73.17073170731707,27.134146341463424
2013-06-11 08,39.82930298719772,1.73761946133797,84.85772357723575,36.58536585365853
2013-06-11 09,35.20625889046945,1.73761946133797,75.20325203252033,33.536585365853654
2013-06-11 10,31.4722617354196,1.73761946133797,70.1219512195122,39.3292682926829
2013-06-11 11,29.3385490753912,1.73761946133797,75.71138211382114,42.3780487804878
2013-06-11 12,38.4068278805121,1.73761946133797,90.44715447154468,45.12195121951217
2013-06-11 13,29.6941678520626,1.73761946133797,84.34959349593495,40.2439024390244
2013-06-11 14,29.5163584637269,1.73761946133797,78.76016260162602,49.69512195121953
2013-06-11 15,28.093883357041275,1.73761946133797,92.479674796748,42.68292682926828
2013-06-11 16,28.982930298719776,1.73761946133797,79.77642276422762,37.80487804878045
2013-06-11 17,30.4054054054054,1.73761946133797,83.33333333333333,34.451219512195124
2013-06-11 18,33.42816500711235,1.73761946133797,108.23170731707307,34.4512195121951
2013-06-11 19,35.56187766714082,2.3892267593397047,134.14634146341476,50.609756097560975
2013-06-11 20,39.651493598862025,1.954821894005215,133.13008130081275,45.12195121951217
2013-06-11 21,38.05120910384068,1.73761946133797,131.09756097560975,42.98780487804875
2013-06-11 22,28.44950213371265,1.73761946133797,146.84959349593498,50.91463414634148
2013-06-11 23,27.027027027027,1.73761946133797,116.869918699187,42.68292682926828
2013-06-12 00,27.38264580369845,1.73761946133797,102.6422764227642,38.41463414634145
2013-06-12 01,24.18207681365575,1.73761946133797,91.4634146341463,33.536585365853675
2013-06-12 02,22.9374110953058,1.73761946133797,81.30081300813008,30.79268292682925
2013-06-12 03,22.5817923186344,1.73761946133797,74.6951219512195,31.09756097560977
2013-06-12 04,23.1152204836415,1.73761946133797,71.64634146341461,29.573170731707325
2013-06-12 05,23.293029871977225,1.73761946133797,67.58130081300816,25.60975609756097
2013-06-12 06,32.00568990042675,1.73761946133797,53.86178861788618,21.34146341463415
2013-06-12 07,38.0512091038407,1.73761946133797,75.71138211382112,25.304878048780477
2013-06-12 08,39.1180654338549,1.73761946133797,78.2520325203252,33.23170731707317
2013-06-12 09,37.33997155049787,1.73761946133797,77.74390243902437,38.71951219512192
2013-06-12 10,35.0284495021337,1.954821894005215,68.08943089430895,40.85365853658533
2013-06-12 11,32.36130867709815,1.73761946133797,77.74390243902437,38.41463414634145
2013-06-12 12,33.2503556187767,1.73761946133797,89.93902439024387,40.54878048780488
2013-06-12 13,31.82788051209105,2.3892267593397047,87.39837398373982,36.89024390243903
2013-06-12 14,31.1166429587482,1.73761946133797,85.8739837398374,47.8658536585366
2013-06-12 15,31.1166429587482,1.73761946133797,78.760162601626,32.92682926829268
2013-06-12 16,33.6059743954481,1.73761946133797,78.760162601626,30.79268292682925
2013-06-12 17,36.62873399715505,1.73761946133797,80.79268292682924,33.23170731707315
2013-06-12 18,41.6073968705548,1.73761946133797,79.77642276422765,33.23170731707315
2013-06-12 19,43.2076813655761,1.73761946133797,104.67479674796748,40.54878048780488
2013-06-12 20,43.3854907539118,1.73761946133797,126.5243902439025,38.41463414634148
2013-06-12 21,41.60739687055477,1.954821894005215,122.459349593496,43.90243902439025
2013-06-12 22,32.71692745376955,1.73761946133797,123.98373983739825,54.57317073170735
2013-06-12 23,28.093883357041225,1.73761946133797,106.19918699186984,46.03658536585365
2013-06-13 00,29.3385490753912,1.73761946133797,99.59349593495948,42.68292682926828
2013-06-13 01,26.315789473684227,1.73761946133797,88.92276422764228,34.756097560975604
2013-06-13 02,23.648648648648624,1.73761946133797,73.67886178861787,30.1829268292683
2013-06-13 03,23.1152204836415,1.73761946133797,75.20325203252033,28.35365853658537
2013-06-13 04,23.470839260312925,1.73761946133797,70.1219512195122,28.35365853658537
2013-06-13 05,24.004267425320077,1.73761946133797,63.00813008130082,27.4390243902439
2013-06-13 06,32.00568990042675,1.73761946133797,53.35365853658537,19.207317073170728
2013-06-13 07,29.516358463726878,1.73761946133797,67.07317073170732,20.121951219512223
2013-06-13 08,32.18349928876245,2.17202432667246,73.6788617886179,24.390243902439025
2013-06-13 09,38.94025604551918,1.73761946133797,81.30081300813005,25.304878048780505
2013-06-13 10,41.07396870554768,1.73761946133797,103.1504065040649,32.6219512195122
2013-06-13 11,41.07396870554768,1.73761946133797,109.75609756097576,26.21951219512195
2013-06-13 12,41.2517780938834,1.73761946133797,109.247967479675,33.23170731707315
2013-06-13 13,39.82930298719772,1.73761946133797,99.08536585365871,26.52439024390245
2013-06-13 14,37.517780938833546,1.73761946133797,84.34959349593493,35.670731707317074
2013-06-13 15,32.894736842105274,1.73761946133797,90.95528455284553,24.695121951219495
2013-06-13 16,30.2275960170697,1.73761946133797,101.11788617886184,23.78048780487805
2013-06-13 17,31.827880512091028,1.73761946133797,93.49593495934955,26.52439024390245
2013-06-13 18,35.56187766714082,2.60642919200695,101.11788617886184,29.2682926829268
2013-06-13 19,41.42958748221908,1.954821894005215,101.1178861788619,34.451219512195124
2013-06-13 20,42.4964438122333,1.73761946133797,111.280487804878,31.7073170731707
2013-06-13 21,40.007112375533424,1.73761946133797,117.8861788617885,35.670731707317074
2013-06-13 22,31.29445234708395,1.73761946133797,160.56910569105676,48.47560975609755
2013-06-13 23,30.4054054054054,1.73761946133797,127.0325203252035,47.2560975609756
2013-06-14 00,29.694167852062577,1.73761946133797,112.29674796747976,41.15853658536585
2013-06-14 01,25.604551920341425,1.73761946133797,92.47967479674796,29.8780487804878
2013-06-14 02,23.1152204836415,1.73761946133797,84.34959349593495,28.04878048780488
2013-06-14 03,23.2930298719772,1.73761946133797,76.21951219512195,28.96341463414635
2013-06-14 04,23.293029871977225,1.73761946133797,74.69512195121953,28.65853658536585
2013-06-14 05,23.82645803698435,1.73761946133797,68.08943089430895,25.91463414634145
2013-06-14 06,34.4950213371266,1.73761946133797,54.36991869918701,19.51219512195125
2013-06-14 07,38.94025604551923,1.73761946133797,75.71138211382112,23.78048780487805
2013-06-14 08,40.5405405405405,1.5204170286707233,84.34959349593495,30.79268292682925
2013-06-14 09,37.69559032716927,1.73761946133797,78.760162601626,29.573170731707325
2013-06-14 10,36.80654338549075,1.73761946133797,86.3821138211382,37.49999999999997
2013-06-14 11,37.33997155049787,1.73761946133797,90.95528455284544,37.80487804878047
2013-06-14 12,34.1394025604552,1.73761946133797,109.7560975609755,38.10975609756096
2013-06-14 13,33.4281650071124,1.73761946133797,89.43089430894312,37.49999999999998
2013-06-14 14,32.539118065433875,1.73761946133797,84.85772357723577,42.3780487804878
2013-06-14 15,30.049786628734,1.73761946133797,91.97154471544717,35.06097560975608
2013-06-14 16,30.049786628734,1.73761946133797,101.62601626016271,39.6341463414634
2013-06-14 17,35.028449502133725,1.73761946133797,96.03658536585372,37.5
2013-06-14 18,39.4736842105263,1.73761946133797,111.78861788617908,40.85365853658537
2013-06-14 19,41.2517780938834,1.73761946133797,121.4430894308945,39.6341463414634
2013-06-14 20,41.7852062588905,2.6064291920069502,126.52439024390274,32.6219512195122
2013-06-14 21,39.29587482219063,2.17202432667246,135.1626016260165,38.41463414634145
2013-06-14 22,31.47226173541965,1.954821894005215,134.1463414634145,50.91463414634148
2013-06-14 23,30.761024182076827,1.73761946133797,126.5243902439025,47.256097560975576
2013-06-15 00,31.29445234708393,1.73761946133797,98.06910569105692,41.463414634146325
2013-06-15 01,26.315789473684227,1.73761946133797,95.5284552845528,37.49999999999998
2013-06-15 02,23.293029871977225,1.73761946133797,75.20325203252033,29.878048780487823
2013-06-15 03,23.2930298719772,1.73761946133797,72.15447154471545,29.573170731707325
2013-06-15 04,23.4708392603129,1.73761946133797,66.05691056910572,29.5731707317073
2013-06-15 05,23.82645803698435,1.73761946133797,70.12195121951217,27.7439024390244
2013-06-15 06,31.82788051209105,1.73761946133797,58.4349593495935,21.036585365853675
2013-06-15 07,30.049786628733976,1.73761946133797,70.630081300813,21.951219512195124
2013-06-15 08,34.850640113798,1.73761946133797,78.76016260162602,23.47560975609755
2013-06-15 09,40.18492176386915,1.954821894005215,101.62601626016246,25.91463414634145
2013-06-15 10,41.251778093883374,1.73761946133797,110.77235772357724,26.21951219512195
2013-06-15 11,40.71834992887622,1.73761946133797,105.18292682926808,29.573170731707325
2013-06-15 12,41.07396870554768,1.73761946133797,118.90243902439,37.49999999999997
2013-06-15 13,40.71834992887622,1.73761946133797,113.31300813008124,32.6219512195122
2013-06-15 14,37.6955903271693,1.73761946133797,95.02032520325204,46.34146341463415
2013-06-15 15,36.09530583214792,1.73761946133797,111.28048780487823,37.80487804878048
2013-06-15 16,34.6728307254623,1.73761946133797,99.59349593495936,35.67073170731705
2013-06-15 17,33.072546230441,1.73761946133797,103.1504065040649,35.36585365853655
2013-06-15 18,39.47368421052633,1.73761946133797,108.23170731707324,38.41463414634145
2013-06-15 19,41.07396870554768,1.73761946133797,121.95121951219475,45.12195121951218
2013-06-15 20,41.6073968705548,2.17202432667246,111.788617886179,36.28048780487805
2013-06-15 21,39.82930298719772,1.954821894005215,119.41056910569124,37.80487804878047
2013-06-15 22,32.539118065433854,1.73761946133797,133.130081300813,50.60975609756101
2013-06-15 23,30.7610241820768,1.73761946133797,128.048780487805,41.463414634146304
2013-06-16 00,31.65007112375535,1.73761946133797,116.36178861788623,36.89024390243903
2013-06-16 01,27.204836415362724,1.73761946133797,100.10162601626004,38.71951219512195
2013-06-16 02,23.82645803698435,1.73761946133797,94.51219512195122,34.756097560975576
2013-06-16 03,23.2930298719772,1.73761946133797,85.36585365853658,29.8780487804878
2013-06-16 04,23.648648648648624,1.73761946133797,82.82520325203251,28.65853658536585
2013-06-16 05,24.18207681365575,1.73761946133797,76.21951219512195,26.82926829268293
2013-06-16 06,32.18349928876245,1.73761946133797,49.79674796747968,20.731707317073177
2013-06-16 07,28.80512091038405,1.73761946133797,65.04065040650407,20.731707317073177
2013-06-16 08,31.650071123755325,1.73761946133797,69.10569105691057,20.426829268292675
2013-06-16 09,38.5846372688478,1.73761946133797,87.39837398373983,22.560975609756078
2013-06-16 10,41.6073968705548,1.73761946133797,99.59349593495936,29.5731707317073
2013-06-16 11,42.4964438122333,1.73761946133797,120.42682926829276,35.67073170731705
2013-06-16 12,42.496443812233295,1.954821894005215,117.378048780488,40.24390243902437
2013-06-16 13,41.07396870554765,1.73761946133797,104.67479674796756,30.48780487804877
2013-06-16 14,39.118065433854895,1.73761946133797,91.97154471544712,45.42682926829268
2013-06-16 15,35.9174964438122,1.73761946133797,88.41463414634146,40.54878048780488
2013-06-16 16,34.6728307254623,1.73761946133797,89.93902439024387,39.93902439024387
2013-06-16 17,39.2958748221906,1.73761946133797,97.56097560975604,36.89024390243903
2013-06-16 18,40.18492176386913,1.73761946133797,80.28455284552845,46.34146341463415
2013-06-16 19,40.896159317211975,1.73761946133797,89.93902439024387,39.02439024390242
2013-06-16 20,41.6073968705548,1.73761946133797,104.6747967479674,49.6951219512195
2013-06-16 21,37.69559032716925,1.73761946133797,110.26422764227632,45.1219512195122
2013-06-16 22,28.982930298719776,1.73761946133797,125.0,54.26829268292685
2013-06-16 23,29.1607396870555,1.73761946133797,105.69105691056896,49.6951219512195
2013-06-17 00,28.982930298719776,1.73761946133797,90.95528455284553,37.5
2013-06-17 01,26.137980085348524,1.73761946133797,81.30081300813008,32.01219512195122
2013-06-17 02,23.293029871977225,1.73761946133797,80.28455284552845,32.317073170731724
2013-06-17 03,23.1152204836415,1.73761946133797,73.17073170731707,30.48780487804877
2013-06-17 04,23.64864864864865,1.73761946133797,72.15447154471545,26.8292682926829
2013-06-17 05,24.00426742532005,1.73761946133797,76.21951219512195,25.91463414634145
2013-06-17 06,34.31721194879087,1.73761946133797,53.86178861788618,18.2926829268293
2013-06-17 07,38.40682788051208,1.73761946133797,69.61382113821138,21.34146341463415
2013-06-17 08,39.651493598862,1.73761946133797,75.71138211382112,28.96341463414635
2013-06-17 09,33.9615931721195,1.73761946133797,74.6951219512195,27.134146341463424
2013-06-17 10,32.36130867709815,1.73761946133797,79.2682926829268,30.18292682926828
2013-06-17 11,32.0056899004267,1.73761946133797,78.76016260162602,35.67073170731705
2013-06-17 12,32.539118065433854,1.73761946133797,88.92276422764225,36.890243902439
2013-06-17 13,32.005689900426724,1.73761946133797,88.92276422764238,37.19512195121951
2013-06-17 14,31.2944523470839,1.73761946133797,72.15447154471545,48.47560975609755
2013-06-17 15,28.80512091038408,2.17202432667246,86.38211382113825,50.609756097560975
2013-06-17 16,27.560455192034127,1.73761946133797,91.46341463414636,45.731707317073145
2013-06-17 17,29.160739687055475,1.73761946133797,76.72764227642276,43.59756097560973
2013-06-17 18,30.2275960170697,1.73761946133797,101.11788617886184,45.73170731707312
2013-06-17 19,33.60597439544807,1.73761946133797,130.08130081300826,53.04878048780488
2013-06-17 20,39.82930298719772,1.954821894005215,127.540650406504,53.3536585365854
2013-06-17 21,36.273115220483625,1.73761946133797,137.70325203252025,64.9390243902439
2013-06-17 22,28.627311522048352,1.73761946133797,131.09756097560975,63.71951219512192
2013-06-17 23,26.6714082503556,1.73761946133797,122.967479674797,50.91463414634145
2013-06-18 00,26.849217638691325,1.73761946133797,92.98780487804876,39.9390243902439
2013-06-18 01,24.35988620199145,1.73761946133797,89.9390243902439,33.84146341463415
2013-06-18 02,22.226173541963,1.73761946133797,77.74390243902437,31.70731707317075
2013-06-18 03,22.5817923186344,1.73761946133797,77.7439024390244,32.317073170731724
2013-06-18 04,22.5817923186344,1.73761946133797,72.66260162601625,31.097560975609724
2013-06-18 05,23.11522048364153,1.73761946133797,61.483739837398375,27.134146341463424
2013-06-18 06,31.29445234708392,1.73761946133797,49.28861788617883,23.780487804878074
2013-06-18 07,35.20625889046943,1.73761946133797,74.6951219512195,24.08536585365855
2013-06-18 08,36.27311522048368,1.73761946133797,78.76016260162602,28.04878048780488
2013-06-18 09,31.2944523470839,1.73761946133797,79.26829268292683,28.04878048780488
2013-06-18 10,29.8719772403983,1.73761946133797,71.64634146341461,31.402439024390222
2013-06-18 11,29.1607396870555,1.73761946133797,82.3170731707317,37.49999999999997
2013-06-18 12,29.5163584637269,1.73761946133797,80.28455284552842,35.670731707317074
2013-06-18 13,30.5832147937411,1.73761946133797,82.82520325203252,35.975609756097555
2013-06-18 14,28.982930298719776,1.73761946133797,72.15447154471542,43.29268292682925
2013-06-18 15,26.4935988620199,1.73761946133797,76.21951219512195,36.890243902439
2013-06-18 16,25.9601706970128,1.73761946133797,80.79268292682926,33.536585365853675
2013-06-18 17,26.6714082503556,1.73761946133797,79.77642276422762,31.707317073170724
2013-06-18 18,28.27169274537695,1.73761946133797,86.3821138211382,37.80487804878047
2013-06-18 19,33.250355618776695,2.3892267593397047,129.0650406504065,53.35365853658538
2013-06-18 20,36.09530583214792,1.73761946133797,125.00000000000026,47.2560975609756
2013-06-18 21,35.384068278805124,1.73761946133797,133.130081300813,46.34146341463412
2013-06-18 22,28.44950213371268,1.73761946133797,134.65447154471525,52.13414634146343
2013-06-18 23,26.49359886201993,1.73761946133797,115.8536585365855,49.69512195121953
2013-06-19 00,27.027027027027,1.73761946133797,95.52845528455282,39.6341463414634
2013-06-19 01,23.826458036984324,1.73761946133797,90.4471544715447,33.536585365853625
2013-06-19 02,22.7596017069701,1.73761946133797,80.28455284552845,30.792682926829272
2013-06-19 03,22.5817923186344,1.73761946133797,74.69512195121953,29.268292682926827
2013-06-19 04,22.9374110953058,1.73761946133797,72.15447154471545,27.134146341463428
2013-06-19 05,23.11522048364153,1.73761946133797,66.05691056910567,26.21951219512195
2013-06-19 06,31.827880512091024,1.73761946133797,59.95934959349593,20.1219512195122
2013-06-19 07,33.783783783783804,1.73761946133797,70.1219512195122,23.78048780487805
2013-06-19 08,35.384068278805124,1.73761946133797,73.6788617886179,30.79268292682925
2013-06-19 09,30.938833570412505,1.73761946133797,76.21951219512192,30.18292682926828
2013-06-19 10,30.049786628734,1.73761946133797,86.890243902439,26.52439024390245
2013-06-19 11,29.1607396870555,1.73761946133797,97.56097560975628,30.1829268292683
2013-06-19 12,29.6941678520626,1.73761946133797,94.51219512195132,35.670731707317074
2013-06-19 13,29.160739687055475,1.73761946133797,86.3821138211382,32.3170731707317
2013-06-19 14,28.449502133712677,1.73761946133797,79.77642276422762,35.975609756097555
2013-06-19 15,27.3826458036984,1.73761946133797,80.79268292682926,37.49999999999997
2013-06-19 16,28.27169274537697,1.73761946133797,79.77642276422762,32.92682926829268
2013-06-19 17,28.80512091038408,1.954821894005215,79.77642276422765,33.23170731707315
2013-06-19 18,32.18349928876243,1.954821894005215,86.890243902439,39.329268292682926
2013-06-19 19,34.85064011379802,1.73761946133797,111.28048780487777,41.463414634146325
2013-06-19 20,39.651493598862,3.04083405734144,107.21544715447158,34.14634146341463
2013-06-19 21,36.27311522048365,2.60642919200695,123.47560975609775,44.5121951219512
2013-06-19 22,29.1607396870555,1.73761946133797,139.22764227642276,56.402439024390254
2013-06-19 23,27.560455192034127,1.73761946133797,121.951219512195,46.036585365853625
2013-06-20 00,27.38264580369845,1.73761946133797,95.020325203252,39.02439024390242
2013-06-20 01,24.715504978662874,1.5204170286707233,81.80894308943087,32.317073170731724
2013-06-20 02,23.1152204836415,1.5204170286707233,72.66260162601625,30.18292682926828
2013-06-20 03,22.9374110953058,1.73761946133797,66.0569105691057,29.268292682926823
2013-06-20 04,23.11522048364152,1.5204170286707233,67.07317073170732,30.48780487804875
2013-06-20 05,23.293029871977225,1.73761946133797,58.943089430894325,31.09756097560975
2013-06-20 06,32.894736842105274,1.73761946133797,51.829268292682926,21.64634146341465
2013-06-20 07,37.51778093883355,1.73761946133797,76.21951219512195,23.78048780487805
2013-06-20 08,40.5405405405405,1.73761946133797,82.3170731707317,25.91463414634145
2013-06-20 09,35.20625889046943,1.954821894005215,86.89024390243902,23.47560975609755
2013-06-20 10,33.072546230441,1.73761946133797,90.4471544715447,31.402439024390247
2013-06-20 11,32.71692745376957,1.73761946133797,95.52845528455268,37.49999999999998
2013-06-20 12,31.116642958748223,1.954821894005215,111.28048780487802,34.14634146341463
2013-06-20 13,30.4054054054054,1.73761946133797,92.98780487804883,28.04878048780488
2013-06-20 14,29.5163584637269,1.5204170286707233,88.92276422764225,28.04878048780488
2013-06-20 15,28.09388335704125,1.73761946133797,91.97154471544712,31.09756097560975
2013-06-20 16,28.627311522048352,1.73761946133797,82.82520325203252,29.8780487804878
2013-06-20 17,29.3385490753912,1.73761946133797,81.8089430894309,32.3170731707317
2013-06-20 18,36.80654338549078,1.73761946133797,86.3821138211382,38.41463414634143
2013-06-20 19,40.71834992887625,2.17202432667246,107.7235772357724,39.6341463414634
2013-06-20 20,41.07396870554768,2.3892267593397047,120.93495934959324,39.9390243902439
2013-06-20 21,39.47368421052633,1.73761946133797,126.0162601626015,46.34146341463412
2013-06-20 22,30.049786628733976,1.73761946133797,149.89837398373976,50.3048780487805
2013-06-20 23,28.44950213371265,1.73761946133797,122.459349593496,42.98780487804875
2013-06-21 00,29.160739687055475,1.73761946133797,97.05284552845538,36.890243902439
2013-06-21 01,24.89331436699857,1.73761946133797,85.8739837398374,31.7073170731707
2013-06-21 02,23.2930298719772,1.73761946133797,73.6788617886179,28.65853658536585
2013-06-21 03,22.7596017069701,1.73761946133797,66.5650406504065,28.65853658536585
2013-06-21 04,23.293029871977225,1.73761946133797,65.54878048780488,29.268292682926823
2013-06-21 05,23.293029871977225,1.73761946133797,61.9918699186992,25.60975609756095
2013-06-21 06,33.07254623044097,1.73761946133797,51.3211382113821,19.817073170731703
2013-06-21 07,37.517780938833575,1.73761946133797,73.67886178861787,22.86585365853657
2013-06-21 08,40.896159317211975,1.73761946133797,81.30081300813008,24.08536585365855
2013-06-21 09,39.4736842105263,1.73761946133797,80.28455284552845,24.08536585365855
2013-06-21 10,35.73968705547655,1.73761946133797,85.87398373983737,35.975609756097555
2013-06-21 11,37.162162162162176,1.73761946133797,104.16666666666666,43.29268292682927
2013-06-21 12,33.07254623044098,1.73761946133797,118.3943089430895,36.58536585365853
2013-06-21 13,31.650071123755325,1.73761946133797,87.39837398373993,37.5
2013-06-21 14,31.29445234708393,1.73761946133797,84.34959349593495,39.6341463414634
2013-06-21 15,29.3385490753912,1.73761946133797,102.64227642276444,34.756097560975576
2013-06-21 16,30.049786628734,1.73761946133797,100.10162601626024,31.09756097560975
2013-06-21 17,30.4054054054054,1.73761946133797,109.24796747967484,35.975609756097555
2013-06-21 18,34.139402560455174,1.73761946133797,119.410569105691,31.402439024390222
2013-06-21 19,38.4068278805121,2.3892267593397047,119.91869918699174,40.54878048780485
2013-06-21 20,40.00711237553345,1.73761946133797,133.638211382114,38.71951219512195
2013-06-21 21,37.33997155049788,3.258036490008688,129.573170731707,39.6341463414634
2013-06-21 22,29.87197724039828,2.3892267593397047,142.78455284552825,50.00000000000003
2013-06-21 23,28.09388335704125,1.73761946133797,120.42682926829276,49.39024390243903
2013-06-22 00,28.982930298719776,1.73761946133797,110.77235772357724,44.20731707317072
2013-06-22 01,25.7823613086771,1.73761946133797,89.43089430894318,39.93902439024387
2013-06-22 02,23.4708392603129,1.73761946133797,75.71138211382114,32.01219512195122
2013-06-22 03,23.2930298719772,1.73761946133797,72.15447154471545,29.5731707317073
2013-06-22 04,23.64864864864865,1.73761946133797,68.59756097560978,28.35365853658535
2013-06-22 05,23.64864864864865,1.73761946133797,61.483739837398375,30.79268292682928
2013-06-22 06,30.5832147937411,1.73761946133797,55.89430894308943,22.560975609756078
2013-06-22 07,27.91607396870555,1.73761946133797,66.5650406504065,22.5609756097561
2013-06-22 08,32.8947368421053,1.73761946133797,92.47967479674804,23.78048780487805
2013-06-22 09,39.118065433854895,2.17202432667246,101.62601626016266,27.134146341463424
2013-06-22 10,41.60739687055477,1.73761946133797,103.65853658536608,30.79268292682928
2013-06-22 11,41.42958748221911,1.5204170286707233,108.23170731707314,35.975609756097555
2013-06-22 12,41.251778093883374,1.73761946133797,121.44308943089425,34.756097560975604
2013-06-22 13,40.18492176386913,1.73761946133797,104.16666666666666,34.14634146341463
2013-06-22 14,37.33997155049785,1.73761946133797,89.43089430894307,34.14634146341462
2013-06-22 15,33.25035561877667,1.73761946133797,106.7073170731708,35.06097560975608
2013-06-22 16,33.60597439544808,1.73761946133797,107.72357723577224,28.35365853658537
2013-06-22 17,33.7837837837838,1.73761946133797,98.57723577235784,26.21951219512195
2013-06-22 18,40.1849217638691,1.73761946133797,108.73983739837402,27.4390243902439
2013-06-22 19,41.42958748221908,1.73761946133797,120.9349593495935,37.19512195121951
2013-06-22 20,41.7852062588905,1.73761946133797,130.08130081300826,32.62195121951218
2013-06-22 21,38.0512091038407,1.73761946133797,122.96747967479676,37.8048780487805
2013-06-22 22,30.2275960170697,1.73761946133797,140.75203252032526,51.52439024390245
2013-06-22 23,28.80512091038405,1.73761946133797,112.80487804878058,43.90243902439022
2013-06-23 00,30.049786628733976,1.73761946133797,104.6747967479675,42.378048780487774
2013-06-23 01,25.7823613086771,1.73761946133797,90.9552845528455,38.109756097560975
2013-06-23 02,23.2930298719772,1.5204170286707233,85.36585365853658,34.756097560975626
2013-06-23 03,22.9374110953058,1.73761946133797,79.77642276422762,33.23170731707317
2013-06-23 04,23.293029871977225,1.73761946133797,73.17073170731707,31.09756097560975
2013-06-23 05,23.648648648648624,1.73761946133797,64.02439024390245,26.219512195121972
2013-06-23 06,29.8719772403983,1.73761946133797,49.28861788617885,21.64634146341465
2013-06-23 07,27.20483641536275,1.73761946133797,62.50000000000003,20.4268292682927
2013-06-23 08,28.80512091038405,1.73761946133797,76.72764227642277,23.78048780487805
2013-06-23 09,37.162162162162176,1.73761946133797,84.34959349593498,23.78048780487805
2013-06-23 10,41.2517780938834,1.73761946133797,91.4634146341463,27.4390243902439
2013-06-23 11,41.9630156472262,1.73761946133797,116.36178861788632,34.451219512195124
2013-06-23 12,42.3186344238976,1.73761946133797,142.78455284552825,35.36585365853658
2013-06-23 13,40.54054054054055,1.73761946133797,94.00406504065054,36.28048780487805
2013-06-23 14,36.09530583214793,1.73761946133797,89.93902439024387,43.29268292682922
2013-06-23 15,33.25035561877667,1.73761946133797,88.41463414634154,30.487804878048777
2013-06-23 16,32.18349928876243,1.73761946133797,92.98780487804876,29.878048780487823
2013-06-23 17,33.428165007112376,1.73761946133797,77.7439024390244,25.60975609756097
2013-06-23 18,39.47368421052627,1.73761946133797,87.90650406504062,25.0
2013-06-23 19,41.07396870554765,1.954821894005215,96.0365853658537,30.18292682926828
2013-06-23 20,42.3186344238976,1.73761946133797,99.5934959349593,29.8780487804878
2013-06-23 21,39.4736842105263,1.73761946133797,114.83739837398376,34.14634146341463
2013-06-23 22,31.827880512091028,1.73761946133797,126.5243902439025,44.2073170731707
2013-06-23 23,30.7610241820768,1.73761946133797,114.329268292683,45.12195121951217
2013-06-24 00,30.405405405405425,1.73761946133797,110.7723577235775,40.24390243902437
2013-06-24 01,26.137980085348527,1.73761946133797,102.64227642276433,35.06097560975608
2013-06-24 02,23.2930298719772,1.73761946133797,90.44715447154468,29.5731707317073
2013-06-24 03,23.4708392603129,1.73761946133797,81.80894308943087,28.963414634146325
2013-06-24 04,23.648648648648624,1.73761946133797,70.63008130081303,28.65853658536585
2013-06-24 05,24.182076813655776,1.73761946133797,63.00813008130082,26.82926829268293
2013-06-24 06,33.60597439544807,1.73761946133797,54.369918699187,21.64634146341465
2013-06-24 07,40.18492176386915,1.73761946133797,71.1382113821138,23.47560975609755
2013-06-24 08,41.251778093883374,1.73761946133797,89.9390243902439,26.21951219512193
2013-06-24 09,40.71834992887625,1.73761946133797,79.26829268292683,25.0
2013-06-24 10,22.7596017069701,1.73761946133797,83.33333333333333,28.35365853658535
2013-06-24 11,32.539118065433875,1.73761946133797,103.65853658536572,40.54878048780488
2013-06-24 12,33.428165007112376,1.73761946133797,109.24796747967474,38.109756097560975
2013-06-24 13,37.87339971550497,1.73761946133797,105.1829268292684,37.49999999999997
2013-06-24 14,34.1394025604552,1.73761946133797,95.52845528455288,39.0243902439024
2013-06-24 15,33.4281650071124,1.73761946133797,95.52845528455296,41.76829268292683
2013-06-24 16,31.47226173541965,1.73761946133797,83.33333333333334,36.58536585365855
2013-06-24 17,18.669985775248897,1.73761946133797,96.03658536585372,39.02439024390245
2013-06-24 18,23.47083926031295,1.73761946133797,105.18292682926835,43.59756097560975
2013-06-24 19,26.4935988620199,1.73761946133797,126.5243902439025,50.3048780487805
2013-06-24 20,34.1394025604552,1.73761946133797,119.91869918699174,53.04878048780488
2013-06-24 21,30.2275960170697,1.73761946133797,123.9837398373985,44.817073170731696
2013-06-24 22,17.780938833570403,1.73761946133797,142.78455284552825,52.13414634146343
2013-06-24 23,17.958748221906127,1.73761946133797,126.5243902439025,52.4390243902439
2013-06-25 00,14.75817923186345,1.73761946133797,112.8048780487805,44.20731707317073
2013-06-25 01,8.890469416785198,1.73761946133797,94.00406504065047,35.06097560975608
2013-06-25 02,4.97866287339972,1.73761946133797,87.90650406504062,30.79268292682925
2013-06-25 03,4.97866287339972,1.73761946133797,81.30081300813008,33.23170731707317
2013-06-25 04,6.0455192034139404,1.73761946133797,76.21951219512198,34.451219512195124
2013-06-25 05,6.40113798008535,1.954821894005215,65.04065040650404,31.09756097560975
2013-06-25 06,17.2475106685633,1.73761946133797,57.92682926829273,23.78048780487805
2013-06-25 07,23.47083926031295,1.73761946133797,79.26829268292683,32.0121951219512
2013-06-25 08,26.137980085348524,1.73761946133797,82.82520325203251,32.6219512195122
2013-06-25 09,41.2517780938834,1.73761946133797,76.21951219512195,40.85365853658535
2013-06-25 10,38.94025604551917,1.73761946133797,82.8252032520325,39.6341463414634
2013-06-25 11,37.16216216216215,1.73761946133797,85.3658536585366,44.2073170731707
2013-06-25 12,35.2062588904694,1.73761946133797,109.24796747967484,46.951219512195095
2013-06-25 13,33.783783783783804,1.73761946133797,102.13414634146348,50.609756097560975
2013-06-25 14,30.4054054054054,1.73761946133797,88.41463414634144,56.40243902439025
2013-06-25 15,29.8719772403983,1.954821894005215,95.02032520325204,52.43902439024393
2013-06-25 16,30.7610241820768,1.73761946133797,91.97154471544712,52.7439024390244
2013-06-25 17,32.36130867709815,1.73761946133797,78.760162601626,52.7439024390244
2013-06-25 18,40.540540540540576,1.73761946133797,100.10162601626028,57.01219512195125
2013-06-25 19,44.80796586059745,1.73761946133797,119.410569105691,67.9878048780488
2013-06-25 20,50.32005689900428,1.73761946133797,132.1138211382115,53.963414634146325
2013-06-25 21,46.5860597439545,1.954821894005215,127.54065040650426,55.4878048780488
2013-06-25 22,38.0512091038407,1.954821894005215,131.09756097560975,64.02439024390245
2013-06-25 23,35.56187766714082,1.73761946133797,132.62195121951223,64.9390243902439
2013-06-26 00,34.6728307254623,1.73761946133797,110.26422764227658,50.91463414634148
2013-06-26 01,27.204836415362728,1.73761946133797,97.56097560975618,35.670731707317046
2013-06-26 02,24.182076813655776,1.73761946133797,94.51219512195128,32.3170731707317
2013-06-26 03,24.7155049786629,1.73761946133797,84.85772357723575,32.3170731707317
2013-06-26 04,25.0711237553343,1.73761946133797,83.84146341463415,35.0609756097561
2013-06-26 05,25.6045519203414,1.73761946133797,71.64634146341466,32.92682926829268
2013-06-26 06,37.873399715505,1.73761946133797,53.86178861788618,25.60975609756097
2013-06-26 07,42.67425320056898,1.73761946133797,82.3170731707317,29.573170731707325
2013-06-26 08,43.7411095305832,1.73761946133797,90.4471544715447,30.79268292682925
2013-06-26 09,41.07396870554768,1.73761946133797,84.85772357723575,35.36585365853657
2013-06-26 10,39.651493598862,1.954821894005215,75.71138211382114,50.0
2013-06-26 11,38.58463726884777,1.73761946133797,86.38211382113818,51.52439024390242
2013-06-26 12,39.4736842105263,1.73761946133797,112.29674796747976,46.64634146341465
2013-06-26 13,36.62873399715505,1.73761946133797,90.4471544715447,43.90243902439022
2013-06-26 14,33.96159317211948,1.73761946133797,83.33333333333331,55.7926829268293
2013-06-26 15,31.29445234708393,1.73761946133797,87.90650406504065,40.54878048780485
2013-06-26 16,32.005689900426745,1.73761946133797,96.03658536585368,50.609756097560975
2013-06-26 17,37.87339971550495,1.73761946133797,90.9552845528455,53.04878048780488
2013-06-26 18,41.6073968705548,1.73761946133797,102.64227642276433,60.3658536585366
2013-06-26 19,44.274537695590354,1.73761946133797,124.49186991869924,65.8536585365854
2013-06-26 20,49.25320056899005,1.73761946133797,133.130081300813,61.58536585365855
2013-06-26 21,46.23044096728307,1.73761946133797,131.09756097560975,75.30487804878047
2013-06-26 22,38.58463726884783,1.73761946133797,138.21138211382126,84.4512195121951
2013-06-26 23,35.5618776671408,1.73761946133797,133.13008130081275,81.09756097560975
2013-06-27 00,32.539118065433854,1.73761946133797,109.7560975609755,60.975609756097576
2013-06-27 01,26.49359886201993,1.73761946133797,98.57723577235784,48.47560975609755
2013-06-27 02,23.2930298719772,1.73761946133797,85.3658536585366,42.378048780487774
2013-06-27 03,24.1820768136558,1.73761946133797,89.43089430894307,43.59756097560975
2013-06-27 04,24.00426742532005,1.73761946133797,78.76016260162602,43.90243902439022
2013-06-27 05,24.715504978662874,1.73761946133797,68.59756097560975,41.15853658536585
2013-06-27 06,36.45092460881933,1.73761946133797,58.4349593495935,41.463414634146325
2013-06-27 07,40.71834992887625,1.73761946133797,78.2520325203252,41.4634146341463
2013-06-27 08,42.8520625889047,1.73761946133797,98.06910569105698,35.670731707317074
2013-06-27 09,41.42958748221911,1.73761946133797,89.93902439024397,47.2560975609756
2013-06-27 10,40.71834992887625,1.73761946133797,87.39837398373993,50.0
2013-06-27 11,39.1180654338549,1.73761946133797,94.00406504065036,40.54878048780488
2013-06-27 12,35.2062588904694,1.73761946133797,109.2479674796749,48.78048780487802
2013-06-27 13,33.25035561877667,1.73761946133797,98.06910569105692,48.170731707317046
2013-06-27 14,31.650071123755325,1.73761946133797,88.41463414634147,53.65853658536588
2013-06-27 15,28.80512091038408,1.73761946133797,84.34959349593493,43.59756097560973
2013-06-27 16,31.116642958748223,1.954821894005215,89.9390243902439,46.64634146341462
2013-06-27 17,35.20625889046945,1.73761946133797,99.08536585365854,49.390243902439
2013-06-27 18,41.42958748221908,1.73761946133797,104.1666666666666,52.13414634146343
2013-06-27 19,43.9189189189189,1.73761946133797,115.85365853658526,67.6829268292683
2013-06-27 20,48.1863442389758,1.73761946133797,138.21138211382126,65.2439024390244
2013-06-27 21,45.69701280227598,1.73761946133797,136.68699186991876,59.756097560975626
2013-06-27 22,39.2958748221906,1.73761946133797,144.81707317073176,74.6951219512195
2013-06-27 23,38.05120910384068,1.73761946133797,126.5243902439025,61.890243902439046
2013-06-28 00,33.6059743954481,1.73761946133797,102.64227642276424,57.01219512195125
2013-06-28 01,25.960170697012828,1.73761946133797,94.0040650406504,43.90243902439023
2013-06-28 02,23.470839260312925,1.73761946133797,92.47967479674796,37.8048780487805
2013-06-28 03,23.2930298719772,1.73761946133797,84.34959349593495,42.07317073170727
2013-06-28 04,23.648648648648624,1.73761946133797,79.26829268292683,40.2439024390244
2013-06-28 05,24.8933143669986,1.73761946133797,69.10569105691057,37.49999999999998
2013-06-28 06,36.273115220483625,1.73761946133797,58.943089430894325,28.65853658536585
2013-06-28 07,40.896159317211946,1.73761946133797,74.69512195121953,29.8780487804878
2013-06-28 08,41.6073968705548,1.73761946133797,88.4146341463415,33.536585365853654
2013-06-28 09,41.07396870554768,1.73761946133797,88.92276422764228,38.109756097560975
2013-06-28 10,40.54054054054055,1.73761946133797,88.92276422764228,42.68292682926828
2013-06-28 11,37.873399715505,1.73761946133797,99.08536585365869,57.62195121951223
2013-06-28 12,36.80654338549075,1.73761946133797,109.24796747967484,63.109756097560975
2013-06-28 13,35.73968705547652,1.73761946133797,102.64227642276435,59.75609756097565
2013-06-28 14,31.827880512091028,1.73761946133797,88.92276422764228,64.02439024390242
2013-06-28 15,32.18349928876243,1.73761946133797,93.49593495934955,53.35365853658537
2013-06-28 16,35.0284495021337,1.73761946133797,89.43089430894307,48.170731707317046
2013-06-28 17,36.80654338549078,1.73761946133797,100.1016260162603,55.79268292682925
2013-06-28 18,40.18492176386913,2.17202432667246,111.28048780487802,60.670731707317074
2013-06-28 19,43.0298719772404,1.954821894005215,129.57317073170725,82.31707317073167
2013-06-28 20,45.69701280227595,1.73761946133797,138.71951219512223,73.17073170731707
2013-06-28 21,44.09672830725462,1.73761946133797,132.6219512195125,65.54878048780488
2013-06-28 22,37.162162162162176,1.954821894005215,133.638211382114,58.23170731707317
2013-06-28 23,36.80654338549078,1.73761946133797,135.16260162601623,58.84146341463415
2013-06-29 00,35.73968705547655,1.73761946133797,106.19918699186982,52.13414634146343
2013-06-29 01,26.849217638691325,1.73761946133797,92.47967479674791,51.52439024390245
2013-06-29 02,23.4708392603129,1.73761946133797,86.890243902439,47.56097560975607
2013-06-29 03,23.82645803698435,1.73761946133797,81.30081300813008,38.414634146341456
2013-06-29 04,24.00426742532005,1.73761946133797,81.30081300813008,38.41463414634148
2013-06-29 05,24.89331436699857,1.73761946133797,71.64634146341464,35.975609756097555
2013-06-29 06,34.850640113798,1.73761946133797,60.97560975609755,29.268292682926823
2013-06-29 07,35.917496443812226,1.73761946133797,74.6951219512195,33.536585365853654
2013-06-29 08,38.762446657183474,1.73761946133797,92.98780487804876,40.54878048780488
2013-06-29 09,41.07396870554765,2.17202432667246,102.64227642276424,45.731707317073145
2013-06-29 10,42.1408250355619,1.73761946133797,103.1504065040651,48.170731707317046
2013-06-29 11,41.9630156472262,1.73761946133797,115.8536585365855,47.86585365853655
2013-06-29 12,40.89615931721195,1.73761946133797,123.9837398373985,57.317073170731724
2013-06-29 13,40.540540540540526,1.954821894005215,113.8211382113825,46.03658536585365
2013-06-29 14,38.762446657183474,1.73761946133797,102.13414634146342,56.70731707317075
2013-06-29 15,39.1180654338549,1.73761946133797,113.82113821138223,46.95121951219512
2013-06-29 16,38.40682788051208,1.73761946133797,114.329268292683,49.99999999999997
2013-06-29 17,40.71834992887625,1.73761946133797,97.05284552845532,50.91463414634145
2013-06-29 18,42.674253200569,1.73761946133797,112.8048780487805,48.170731707317074
2013-06-29 19,45.34139402560455,1.954821894005215,116.869918699187,57.92682926829271
2013-06-29 20,52.631578947368425,2.17202432667246,128.04878048780475,46.34146341463412
2013-06-29 21,44.98577524893315,1.73761946133797,130.081300813008,53.048780487804905
2013-06-29 22,40.18492176386915,1.73761946133797,149.89837398374,61.58536585365853
2013-06-29 23,39.82930298719772,1.73761946133797,134.6544715447155,59.14634146341465
2013-06-30 00,39.11806543385492,1.73761946133797,129.0650406504065,55.487804878048806
2013-06-30 01,28.80512091038408,1.73761946133797,112.29674796747958,45.42682926829268
2013-06-30 02,24.7155049786629,1.73761946133797,104.6747967479674,38.414634146341456
2013-06-30 03,24.7155049786629,1.73761946133797,92.98780487804876,40.24390243902435
2013-06-30 04,24.5376955903272,1.73761946133797,83.84146341463412,39.63414634146343
2013-06-30 05,25.7823613086771,1.73761946133797,75.71138211382113,37.80487804878048
2013-06-30 06,34.850640113798,1.73761946133797,59.95934959349594,30.18292682926828
2013-06-30 07,36.628733997155024,1.73761946133797,82.82520325203252,28.96341463414635
2013-06-30 08,38.94025604551918,1.73761946133797,99.08536585365869,31.402439024390222
2013-06-30 09,42.1408250355619,1.73761946133797,97.56097560975616,35.36585365853657
2013-06-30 10,42.1408250355619,1.73761946133797,106.19918699186984,42.98780487804878
2013-06-30 11,42.4964438122333,1.73761946133797,127.03252032520324,47.2560975609756
2013-06-30 12,42.3186344238976,1.73761946133797,135.16260162601623,49.69512195121953
2013-06-30 13,41.42958748221908,1.73761946133797,98.57723577235772,46.34146341463415
2013-06-30 14,40.89615931721195,1.73761946133797,89.939024390244,52.74390243902437
2013-06-30 15,37.87339971550497,1.73761946133797,100.10162601626035,45.42682926829265
2013-06-30 16,35.028449502133725,1.73761946133797,109.7560975609755,44.817073170731696
2013-06-30 17,36.98435277382647,1.73761946133797,112.29674796747976,42.3780487804878
2013-06-30 18,41.42958748221908,1.73761946133797,111.28048780487777,42.68292682926828
2013-06-30 19,44.45234708392605,1.73761946133797,130.589430894309,50.00000000000003
2013-06-30 20,52.987197724039824,1.73761946133797,140.75203252032526,51.21951219512195
2013-06-30 21,47.8307254623044,1.73761946133797,128.55691056910575,54.87804878048785
2013-06-30 22,41.251778093883374,1.73761946133797,148.88211382113826,60.670731707317074
2013-06-30 23,38.762446657183474,1.73761946133797,133.130081300813,55.487804878048806
2013-07-01 00,37.87339971550497,1.73761946133797,119.41056910569124,47.56097560975605
2013-07-01 01,27.73826458036988,1.73761946133797,105.69105691056924,40.54878048780485
2013-07-01 02,23.648648648648624,1.73761946133797,86.89024390243902,37.49999999999998
2013-07-01 03,23.82645803698435,1.73761946133797,84.34959349593495,34.756097560975604
2013-07-01 04,24.182076813655748,1.73761946133797,79.2682926829268,34.756097560975604
2013-07-01 05,25.24893314367,1.73761946133797,71.13821138211382,37.1951219512195
2013-07-01 06,35.5618776671408,1.73761946133797,73.6788617886179,26.52439024390245
2013-07-01 07,41.25177809388335,1.73761946133797,89.43089430894307,29.268292682926823
2013-07-01 08,42.8520625889047,1.73761946133797,88.92276422764228,37.5
2013-07-01 09,41.42958748221911,1.73761946133797,81.80894308943087,38.41463414634145
2013-07-01 10,40.71834992887625,1.73761946133797,85.3658536585366,38.10975609756096
2013-07-01 11,39.118065433854895,1.73761946133797,82.82520325203251,40.24390243902437
2013-07-01 12,37.87339971550497,1.73761946133797,111.280487804878,39.3292682926829
2013-07-01 13,34.49502133712662,1.73761946133797,107.21544715447163,34.4512195121951
2013-07-01 14,32.539118065433854,1.73761946133797,86.89024390243902,43.29268292682925
2013-07-01 15,30.938833570412505,1.954821894005215,97.56097560975628,50.0
2013-07-01 16,31.2944523470839,1.73761946133797,90.95528455284564,50.0
2013-07-01 17,33.25035561877665,1.73761946133797,91.97154471544712,45.12195121951217
2013-07-01 18,40.007112375533424,1.73761946133797,120.42682926829276,42.3780487804878
2013-07-01 19,41.6073968705548,1.73761946133797,143.80081300813,46.95121951219512
2013-07-01 20,42.4964438122333,1.73761946133797,142.7845528455285,49.39024390243903
2013-07-01 21,41.251778093883374,2.3892267593397047,157.52032520325176,50.609756097560975
2013-07-01 22,36.09530583214795,2.17202432667246,157.520325203252,56.70731707317075
2013-07-01 23,31.65007112375535,1.73761946133797,154.979674796748,52.43902439024393
2013-07-02 00,32.539118065433826,1.73761946133797,120.9349593495935,45.42682926829265
2013-07-02 01,25.4267425320057,1.73761946133797,107.72357723577224,41.15853658536582
2013-07-02 02,23.2930298719772,1.73761946133797,96.03658536585364,34.14634146341463
2013-07-02 03,23.648648648648624,1.73761946133797,84.34959349593498,33.23170731707315
2013-07-02 04,24.5376955903272,1.73761946133797,90.9552845528455,32.92682926829268
2013-07-02 05,25.24893314367,1.73761946133797,88.41463414634146,34.4512195121951
2013-07-02 06,34.850640113798,1.73761946133797,74.1869918699187,26.82926829268293
2013-07-02 07,40.00711237553345,1.73761946133797,81.30081300813008,28.963414634146325
2013-07-02 08,43.918918918918926,1.73761946133797,80.28455284552842,29.573170731707325
2013-07-02 09,40.18492176386915,1.73761946133797,84.85772357723577,29.5731707317073
2013-07-02 10,32.894736842105246,1.73761946133797,87.90650406504068,26.21951219512195
2013-07-02 11,36.45092460881935,1.73761946133797,105.1829268292684,26.82926829268293
2013-07-02 12,35.56187766714082,1.954821894005215,101.62601626016284,26.21951219512195
2013-07-02 13,33.60597439544807,1.73761946133797,82.3170731707317,25.60975609756097
2013-07-02 14,32.539118065433875,1.73761946133797,84.34959349593498,42.3780487804878
2013-07-02 15,29.516358463726903,1.73761946133797,72.66260162601625,46.03658536585365
2013-07-02 16,29.6941678520626,1.73761946133797,70.630081300813,46.036585365853625
2013-07-02 17,31.47226173541965,1.73761946133797,76.21951219512192,38.71951219512192
2013-07-02 18,38.9402560455192,1.73761946133797,96.5447154471545,34.1463414634146
2013-07-02 19,42.3186344238976,1.73761946133797,115.3455284552845,46.95121951219512
2013-07-02 20,42.3186344238976,2.17202432667246,112.8048780487805,62.50000000000003
2013-07-02 21,41.42958748221908,2.3892267593397047,121.951219512195,59.756097560975626
2013-07-02 22,36.273115220483646,1.73761946133797,135.16260162601623,67.98780487804879
2013-07-02 23,32.00568990042675,1.73761946133797,134.14634146341476,55.4878048780488
2013-07-03 00,32.18349928876243,1.73761946133797,121.4430894308945,45.12195121951217
2013-07-03 01,25.07112375533428,1.73761946133797,104.67479674796752,39.6341463414634
2013-07-03 02,23.1152204836415,1.73761946133797,96.54471544715469,33.536585365853675
2013-07-03 03,23.293029871977225,1.73761946133797,90.95528455284553,32.317073170731724
2013-07-03 04,23.82645803698435,1.73761946133797,88.41463414634146,31.402439024390247
2013-07-03 05,24.715504978662874,1.73761946133797,74.69512195121952,31.707317073170724
2013-07-03 06,35.917496443812226,1.73761946133797,64.53252032520328,31.097560975609756
2013-07-03 07,40.54054054054055,1.73761946133797,77.23577235772358,39.63414634146338
2013-07-03 08,42.674253200569,1.73761946133797,88.41463414634146,42.98780487804875
2013-07-03 09,41.07396870554768,1.954821894005215,86.89024390243902,40.85365853658535
2013-07-03 10,40.71834992887625,1.73761946133797,88.92276422764238,37.49999999999998
2013-07-03 11,38.22901849217637,1.73761946133797,98.57723577235802,41.76829268292683
2013-07-03 12,34.850640113798,1.73761946133797,120.9349593495935,44.81707317073168
2013-07-03 13,34.672830725462326,1.73761946133797,101.11788617886164,48.78048780487805
2013-07-03 14,34.139402560455174,1.73761946133797,92.47967479674794,57.31707317073173
2013-07-03 15,30.938833570412505,1.73761946133797,88.4146341463415,46.951219512195095
2013-07-03 16,31.29445234708393,1.73761946133797,97.05284552845518,57.31707317073175
2013-07-03 17,32.71692745376955,1.73761946133797,89.43089430894307,46.34146341463412
2013-07-03 18,40.540540540540576,1.73761946133797,114.83739837398376,53.96341463414635
2013-07-03 19,43.5633001422475,1.73761946133797,133.130081300813,54.8780487804878
2013-07-03 20,48.008534850640125,2.17202432667246,160.060975609756,68.90243902439025
2013-07-03 21,44.80796586059745,1.954821894005215,156.50406504065052,58.84146341463415
2013-07-03 22,39.4736842105263,1.954821894005215,145.83333333333348,66.15853658536585
2013-07-03 23,32.71692745376955,1.73761946133797,141.260162601626,62.8048780487805
2013-07-04 00,34.139402560455174,1.73761946133797,134.1463414634145,50.91463414634148
2013-07-04 01,26.315789473684227,1.73761946133797,117.8861788617885,40.54878048780485
2013-07-04 02,23.648648648648624,1.73761946133797,104.16666666666671,38.10975609756096
2013-07-04 03,23.64864864864865,1.73761946133797,96.03658536585372,38.414634146341456
2013-07-04 04,23.64864864864865,1.73761946133797,99.08536585365871,39.02439024390243
2013-07-04 05,24.53769559032717,1.73761946133797,85.87398373983737,39.02439024390242
2013-07-04 06,35.9174964438122,1.73761946133797,70.1219512195122,38.109756097560975
2013-07-04 07,40.896159317211946,1.73761946133797,76.72764227642277,41.15853658536582
2013-07-04 08,43.0298719772404,1.5204170286707233,99.59349593495944,51.52439024390245
2013-07-04 09,41.42958748221908,2.17202432667246,107.21544715447176,41.463414634146325
2013-07-04 10,39.118065433854895,1.73761946133797,87.39837398373984,58.23170731707317
2013-07-04 11,38.9402560455192,1.73761946133797,111.7886178861787,46.951219512195095
2013-07-04 12,34.1394025604552,1.73761946133797,126.5243902439025,41.15853658536585
2013-07-04 13,36.09530583214792,1.73761946133797,109.24796747967484,43.90243902439022
2013-07-04 14,33.07254623044098,1.73761946133797,104.67479674796752,57.01219512195123
2013-07-04 15,32.36130867709815,1.73761946133797,107.7235772357724,50.3048780487805
2013-07-04 16,34.139402560455174,1.73761946133797,121.44308943089425,52.13414634146343
2013-07-04 17,37.517780938833575,1.954821894005215,112.8048780487805,46.34146341463415
2013-07-04 18,41.96301564722617,1.73761946133797,110.26422764227652,65.85365853658537
2013-07-04 19,46.05263157894738,1.73761946133797,152.94715447154476,62.5
2013-07-04 20,55.83214793741112,2.3892267593397047,169.20731707317074,59.756097560975626
2013-07-04 21,53.876244665718346,2.3892267593397047,171.74796747967474,64.32926829268294
2013-07-04 22,42.4964438122333,2.17202432667246,160.060975609756,70.12195121951223
2013-07-04 23,39.651493598862,1.73761946133797,140.75203252032526,57.62195121951223
2013-07-05 00,39.65149359886205,1.73761946133797,128.5569105691055,54.268292682926855
2013-07-05 01,28.27169274537697,1.73761946133797,119.410569105691,45.42682926829265
2013-07-05 02,24.1820768136558,1.73761946133797,106.19918699187,40.24390243902437
2013-07-05 03,24.8933143669986,1.73761946133797,96.54471544715454,39.329268292682926
2013-07-05 04,24.182076813655776,1.73761946133797,83.84146341463412,39.634146341463406
2013-07-05 05,25.6045519203414,1.73761946133797,76.21951219512198,42.0731707317073
2013-07-05 06,38.0512091038407,1.73761946133797,69.10569105691054,35.36585365853658
2013-07-05 07,42.85206258890467,1.73761946133797,86.89024390243902,46.64634146341462
2013-07-05 08,43.3854907539118,1.73761946133797,97.56097560975608,51.82926829268296
2013-07-05 09,41.6073968705548,1.73761946133797,116.869918699187,49.39024390243905
2013-07-05 10,41.251778093883374,1.73761946133797,102.64227642276424,52.13414634146343
2013-07-05 11,41.07396870554765,2.3892267593397047,113.31300813008131,54.26829268292683
2013-07-05 12,40.71834992887622,2.17202432667246,121.951219512195,53.963414634146346
2013-07-05 13,37.33997155049785,1.73761946133797,107.21544715447152,50.3048780487805
2013-07-05 14,35.384068278805124,1.73761946133797,105.69105691056882,58.84146341463415
2013-07-05 15,35.56187766714085,1.73761946133797,103.15040650406507,53.3536585365854
2013-07-05 16,34.6728307254623,1.73761946133797,116.36178861788623,53.3536585365854
2013-07-05 17,36.80654338549076,1.73761946133797,107.7235772357725,59.45121951219515
2013-07-05 18,41.6073968705548,1.73761946133797,123.4756097560975,65.85365853658537
2013-07-05 19,46.23044096728307,1.73761946133797,160.569105691057,72.25609756097563
2013-07-05 20,51.03129445234708,2.60642919200695,158.02845528455276,68.59756097560978
2013-07-05 21,48.1863442389758,1.954821894005215,159.5528455284555,59.45121951219515
2013-07-05 22,41.251778093883374,1.954821894005215,158.53658536585374,67.3780487804878
2013-07-05 23,40.89615931721195,1.73761946133797,177.84552845528475,73.78048780487808
2013-07-06 00,39.4736842105263,1.73761946133797,137.70325203252048,63.109756097560975
2013-07-06 01,28.80512091038408,1.73761946133797,124.491869918699,54.57317073170735
2013-07-06 02,24.3598862019915,1.73761946133797,108.23170731707332,50.0
2013-07-06 03,25.248933143669976,1.73761946133797,102.13414634146352,48.78048780487802
2013-07-06 04,24.182076813655776,1.73761946133797,91.46341463414632,42.98780487804877
2013-07-06 05,25.4267425320057,1.73761946133797,84.85772357723575,45.731707317073145
2013-07-06 06,36.45092460881938,1.73761946133797,81.80894308943087,40.54878048780485
2013-07-06 07,38.7624466571835,1.73761946133797,99.08536585365854,46.64634146341463
2013-07-06 08,41.6073968705548,1.73761946133797,112.29674796747976,72.86585365853657
2013-07-06 09,42.496443812233295,1.73761946133797,112.8048780487805,56.70731707317078
2013-07-06 10,42.3186344238976,1.73761946133797,121.951219512195,70.73170731707317
2013-07-06 11,43.3854907539118,1.73761946133797,127.54065040650426,77.7439024390244
2013-07-06 12,42.4964438122333,1.954821894005215,153.9634146341465,78.04878048780488
2013-07-06 13,41.7852062588905,1.73761946133797,157.0121951219513,70.42682926829269
2013-07-06 14,41.7852062588905,1.73761946133797,136.178861788618,77.43902439024387
2013-07-06 15,40.0071123755334,1.73761946133797,139.73577235772376,90.24390243902435
2013-07-06 16,39.651493598862,1.73761946133797,141.76829268292676,72.2560975609756
2013-07-06 17,40.3627311522048,1.73761946133797,132.62195121951223,74.6951219512195
2013-07-06 18,42.14082503556188,1.73761946133797,132.1138211382115,72.86585365853657
2013-07-06 19,49.07539118065435,1.73761946133797,150.4065040650405,78.65853658536585
2013-07-06 20,56.1877667140825,1.73761946133797,172.76422764227624,77.43902439024393
2013-07-06 21,49.07539118065433,1.73761946133797,161.58536585365874,70.73170731707317
2013-07-06 22,42.1408250355619,1.73761946133797,160.060975609756,73.47560975609758
2013-07-06 23,41.25177809388335,1.73761946133797,155.99593495934974,79.87804878048777
2013-07-07 00,42.674253200569,1.73761946133797,143.29268292682926,77.4390243902439
2013-07-07 01,37.162162162162176,1.73761946133797,127.540650406504,73.17073170731707
2013-07-07 02,25.7823613086771,1.73761946133797,116.36178861788623,64.9390243902439
2013-07-07 03,25.4267425320057,1.73761946133797,101.11788617886178,64.02439024390245
2013-07-07 04,24.5376955903272,1.73761946133797,99.59349593495956,65.2439024390244
2013-07-07 05,25.6045519203414,1.73761946133797,88.41463414634146,64.63414634146342
2013-07-07 06,36.62873399715505,2.3892267593397047,73.6788617886179,54.57317073170735
2013-07-07 07,38.9402560455192,1.73761946133797,94.0040650406503,63.41463414634147
2013-07-07 08,41.7852062588905,1.73761946133797,111.78861788617884,68.29268292682927
2013-07-07 09,43.5633001422475,1.954821894005215,113.31300813008124,56.09756097560978
2013-07-07 10,45.34139402560455,1.73761946133797,125.0,56.0975609756098
2013-07-07 11,44.80796586059743,1.73761946133797,145.3252032520325,70.42682926829268
2013-07-07 12,44.0967283072546,1.73761946133797,146.341463414634,70.73170731707317
2013-07-07 13,42.1408250355619,1.73761946133797,121.95121951219508,56.70731707317073
2013-07-07 14,40.5405405405405,1.73761946133797,113.821138211382,68.59756097560978
2013-07-07 15,39.651493598862,1.73761946133797,117.378048780488,63.109756097560975
2013-07-07 16,36.62873399715505,1.73761946133797,103.15040650406496,53.65853658536588
2013-07-07 17,37.69559032716927,1.73761946133797,116.869918699187,60.365853658536594
2013-07-07 18,41.6073968705548,1.73761946133797,120.4268292682925,63.71951219512195
2013-07-07 19,46.05263157894738,1.73761946133797,127.03252032520324,87.19512195121955
2013-07-07 20,52.987197724039824,1.73761946133797,136.68699186991876,76.21951219512195
2013-07-07 21,50.85348506401135,1.73761946133797,139.7357723577235,76.21951219512195
2013-07-07 22,41.42958748221908,1.73761946133797,159.04471544715426,92.07317073170732
2013-07-07 23,40.71834992887622,1.73761946133797,151.930894308943,84.14634146341463
2013-07-08 00,39.651493598862025,1.73761946133797,144.81707317073176,70.73170731707317
2013-07-08 01,30.405405405405425,1.73761946133797,117.37804878048776,50.91463414634145
2013-07-08 02,24.00426742532008,1.73761946133797,111.280487804878,47.256097560975576
2013-07-08 03,24.8933143669986,1.73761946133797,112.29674796747976,46.03658536585365
2013-07-08 04,23.82645803698435,1.73761946133797,104.67479674796752,45.731707317073145
2013-07-08 05,25.24893314367,1.73761946133797,101.6260162601627,48.170731707317046
2013-07-08 06,37.5177809388336,1.73761946133797,84.34959349593495,39.329268292682926
2013-07-08 07,42.67425320056898,1.73761946133797,102.64227642276416,69.8170731707317
2013-07-08 08,43.7411095305832,1.73761946133797,92.98780487804868,58.84146341463415
2013-07-08 09,43.3854907539118,1.73761946133797,85.36585365853655,68.59756097560978
2013-07-08 10,41.9630156472262,1.954821894005215,94.5121951219512,83.53658536585365
2013-07-08 11,40.71834992887622,1.73761946133797,111.28048780487802,86.89024390243902
2013-07-08 12,40.71834992887625,1.73761946133797,121.951219512195,86.28048780487802
2013-07-08 13,39.651493598862,1.73761946133797,105.69105691056927,79.26829268292686
2013-07-08 14,33.96159317211948,1.73761946133797,106.70731707317076,93.90243902439028
2013-07-08 15,30.5832147937411,1.73761946133797,110.26422764227632,95.73170731707316
2013-07-08 16,31.650071123755303,1.73761946133797,120.9349593495935,85.06097560975607
2013-07-08 17,33.428165007112376,1.73761946133797,109.75609756097543,85.0609756097561
2013-07-08 18,42.3186344238976,1.73761946133797,119.410569105691,99.08536585365856
2013-07-08 19,44.0967283072546,1.954821894005215,147.35772357723576,106.707317073171
2013-07-08 20,49.78662873399715,1.73761946133797,164.63414634146326,97.56097560975611
2013-07-08 21,48.1863442389758,1.954821894005215,173.27235772357724,85.36585365853655
2013-07-08 22,25.248933143669973,1.73761946133797,180.8943089430895,86.5853658536585
2013-07-08 23,18.8477951635846,1.73761946133797,167.68292682926824,85.67073170731706
2013-07-09 00,20.62588904694165,1.73761946133797,142.2764227642275,75.3048780487805
2013-07-09 01,27.20483641536275,1.73761946133797,113.31300813008124,67.6829268292683
2013-07-09 02,33.4281650071124,1.73761946133797,109.24796747967504,63.10975609756101
2013-07-09 03,27.91607396870557,1.73761946133797,103.15040650406502,60.3658536585366
2013-07-09 04,23.470839260312925,1.73761946133797,101.62601626016266,62.5
2013-07-09 05,19.381223328591723,1.73761946133797,93.49593495934964,64.32926829268293
2013-07-09 06,40.007112375533445,1.73761946133797,82.31707317073182,55.7926829268293
2013-07-09 07,44.45234708392605,1.73761946133797,97.56097560975624,70.42682926829268
2013-07-09 08,45.163584637268855,1.73761946133797,97.560975609756,74.39024390243902
2013-07-09 09,42.3186344238976,1.73761946133797,101.1178861788616,72.5609756097561
2013-07-09 10,41.251778093883374,1.73761946133797,111.28048780487808,71.03658536585365
2013-07-09 11,40.71834992887625,1.73761946133797,117.37804878048765,78.65853658536585
2013-07-09 12,39.4736842105263,1.73761946133797,129.0650406504065,63.109756097560975
2013-07-09 13,34.3172119487909,1.73761946133797,127.540650406504,70.42682926829266
2013-07-09 14,33.428165007112376,1.73761946133797,96.54471544715445,79.87804878048783
2013-07-09 15,31.650071123755325,1.954821894005215,100.60975609756098,66.15853658536585
2013-07-09 16,33.072546230441,1.73761946133797,111.280487804878,59.14634146341463
2013-07-09 17,33.4281650071124,1.73761946133797,103.15040650406527,57.317073170731724
2013-07-09 18,40.89615931721195,1.73761946133797,116.36178861788623,71.34146341463415
2013-07-09 19,44.45234708392603,1.73761946133797,158.53658536585374,75.91463414634147
2013-07-09 20,52.987197724039845,1.73761946133797,154.979674796748,87.80487804878047
2013-07-09 21,49.786628733997176,1.73761946133797,166.66666666666674,86.58536585365854
2013-07-09 22,41.42958748221911,2.17202432667246,179.87804878048777,83.53658536585365
2013-07-09 23,39.2958748221906,1.73761946133797,153.9634146341465,88.71951219512192
2013-07-10 00,40.89615931721195,1.73761946133797,145.833333333333,75.91463414634146
2013-07-10 01,32.00568990042675,1.73761946133797,119.91869918699174,55.48780487804878
2013-07-10 02,24.7155049786629,1.73761946133797,114.329268292683,39.6341463414634
2013-07-10 03,25.782361308677103,1.73761946133797,109.247967479675,39.02439024390242
2013-07-10 04,25.24893314367,1.73761946133797,97.56097560975616,37.19512195121951
2013-07-10 05,27.027027027027025,1.73761946133797,85.8739837398374,39.93902439024387
2013-07-10 06,38.40682788051208,1.73761946133797,80.28455284552837,33.23170731707315
2013-07-10 07,43.3854907539118,1.73761946133797,85.3658536585366,42.6829268292683
2013-07-10 08,44.0967283072546,1.73761946133797,96.03658536585368,48.78048780487805
2013-07-10 09,41.9630156472262,1.73761946133797,93.49593495934968,49.6951219512195
2013-07-10 10,41.7852062588905,1.73761946133797,93.49593495934955,53.048780487804926
2013-07-10 11,41.07396870554768,1.73761946133797,104.67479674796752,58.23170731707317
2013-07-10 12,39.82930298719772,1.73761946133797,112.80487804878024,59.45121951219512
2013-07-10 13,35.0284495021337,1.73761946133797,88.41463414634143,49.08536585365852
2013-07-10 14,35.91749644381225,1.73761946133797,88.41463414634147,58.23170731707318
2013-07-10 15,35.0284495021337,1.73761946133797,88.41463414634146,49.08536585365852
2013-07-10 16,35.2062588904694,1.73761946133797,100.10162601626024,48.170731707317046
2013-07-10 17,38.4068278805121,1.73761946133797,104.67479674796763,58.53658536585368
2013-07-10 18,41.9630156472262,1.954821894005215,114.83739837398376,67.07317073170731
2013-07-10 19,47.11948790896157,2.823631624674195,142.2764227642275,73.78048780487805
2013-07-10 20,51.56472261735422,1.73761946133797,130.08130081300826,67.3780487804878
2013-07-10 21,45.69701280227595,2.17202432667246,147.86585365853625,82.62195121951217
2013-07-10 22,40.89615931721195,1.954821894005215,169.71544715447152,84.7560975609756
2013-07-10 23,38.05120910384068,1.73761946133797,143.80081300813,76.8292682926829
2013-07-11 00,39.47368421052633,1.73761946133797,127.540650406504,64.63414634146342
2013-07-11 01,31.1166429587482,1.73761946133797,106.19918699186992,45.42682926829267
2013-07-11 02,24.5376955903272,1.73761946133797,95.020325203252,41.463414634146325
2013-07-11 03,25.4267425320057,1.73761946133797,98.06910569105702,39.93902439024387
2013-07-11 04,24.7155049786629,1.73761946133797,89.43089430894308,39.63414634146343
2013-07-11 05,27.204836415362724,1.73761946133797,81.30081300813008,40.24390243902435
2013-07-11 06,38.05120910384068,1.73761946133797,69.61382113821138,32.9268292682927
2013-07-11 07,41.60739687055478,1.73761946133797,86.38211382113818,36.58536585365852
2013-07-11 08,42.1408250355619,1.73761946133797,88.92276422764229,41.463414634146325
2013-07-11 09,40.36273115220485,2.17202432667246,106.19918699186982,50.3048780487805
2013-07-11 10,35.0284495021337,1.73761946133797,88.4146341463415,67.07317073170732
2013-07-11 11,36.273115220483646,1.73761946133797,110.2642276422764,56.70731707317075
2013-07-11 12,39.651493598862025,1.73761946133797,118.3943089430895,61.58536585365855
2013-07-11 13,34.850640113798,1.73761946133797,92.479674796748,60.06097560975613
2013-07-11 14,37.51778093883355,1.73761946133797,96.03658536585372,63.71951219512195
2013-07-11 15,33.9615931721195,1.73761946133797,89.939024390244,53.96341463414635
2013-07-11 16,32.539118065433854,1.73761946133797,98.57723577235777,58.84146341463418
2013-07-11 17,36.628733997155074,1.73761946133797,101.6260162601627,52.43902439024393
2013-07-11 18,41.07396870554768,1.73761946133797,123.98373983739825,66.76829268292686
2013-07-11 19,42.3186344238976,1.73761946133797,138.21138211382126,77.1341463414634
2013-07-11 20,44.09672830725462,2.17202432667246,138.719512195122,73.17073170731707
2013-07-11 21,42.3186344238976,2.60642919200695,139.7357723577235,68.29268292682929
2013-07-11 22,38.762446657183474,2.17202432667246,159.04471544715452,82.0121951219512
2013-07-11 23,34.3172119487909,1.73761946133797,142.27642276422776,83.53658536585365
2013-07-12 00,39.651493598862025,1.73761946133797,129.5731707317075,63.4146341463415
2013-07-12 01,30.583214793741124,1.73761946133797,113.82113821138223,52.4390243902439
2013-07-12 02,24.3598862019915,1.73761946133797,104.67479674796748,47.8658536585366
2013-07-12 03,24.7155049786629,1.73761946133797,93.49593495934973,46.6463414634146
2013-07-12 04,24.53769559032717,1.73761946133797,87.39837398373982,44.20731707317073
2013-07-12 05,26.6714082503556,1.73761946133797,85.87398373983737,44.817073170731696
2013-07-12 06,37.5177809388336,1.73761946133797,64.02439024390245,34.14634146341463
2013-07-12 07,40.00711237553345,1.73761946133797,96.0365853658536,39.329268292682926
2013-07-12 08,41.07396870554768,1.73761946133797,101.62601626016271,47.5609756097561
2013-07-12 09,37.517780938833575,1.73761946133797,103.65853658536582,52.43902439024393
2013-07-12 10,36.62873399715505,1.73761946133797,86.3821138211382,51.21951219512195
2013-07-12 11,35.3840682788051,1.73761946133797,107.21544715447178,56.40243902439025
2013-07-12 12,36.62873399715505,1.73761946133797,110.26422764227628,45.12195121951217
2013-07-12 13,33.7837837837838,1.73761946133797,99.08536585365847,40.85365853658535
2013-07-12 14,32.71692745376957,1.73761946133797,83.33333333333333,48.170731707317074
2013-07-12 15,31.1166429587482,1.73761946133797,97.05284552845536,42.98780487804878
2013-07-12 16,30.5832147937411,1.73761946133797,102.13414634146343,46.951219512195095
2013-07-12 17,31.29445234708393,1.73761946133797,94.51219512195124,54.268292682926855
2013-07-12 18,36.273115220483625,1.73761946133797,121.95121951219524,54.87804878048782
2013-07-12 19,38.94025604551923,1.73761946133797,123.47560975609775,56.40243902439025
2013-07-12 20,40.540540540540576,1.73761946133797,119.918699186992,71.34146341463415
2013-07-12 21,38.7624466571835,1.73761946133797,134.65447154471525,58.2317073170732
2013-07-12 22,33.428165007112376,1.73761946133797,143.29268292682926,66.15853658536588
2013-07-12 23,32.18349928876245,1.73761946133797,142.276422764228,68.29268292682927
2013-07-13 00,36.62873399715505,1.73761946133797,131.09756097561,65.85365853658537
2013-07-13 01,29.694167852062577,1.73761946133797,109.24796747967476,60.670731707317074
2013-07-13 02,24.3598862019915,1.73761946133797,100.10162601626016,49.6951219512195
2013-07-13 03,25.6045519203414,1.73761946133797,100.10162601626016,48.780487804878
2013-07-13 04,25.24893314367,1.73761946133797,87.90650406504065,50.0
2013-07-13 05,26.137980085348502,1.73761946133797,80.28455284552845,50.91463414634148
2013-07-13 06,35.20625889046945,1.73761946133797,64.53252032520328,40.54878048780485
2013-07-13 07,30.5832147937411,1.954821894005215,77.7439024390244,42.68292682926828
2013-07-13 08,31.116642958748223,1.73761946133797,95.52845528455288,51.829268292682926
2013-07-13 09,35.917496443812254,2.17202432667246,112.29674796747976,69.51219512195122
2013-07-13 10,37.69559032716927,1.73761946133797,109.75609756097565,66.46341463414635
2013-07-13 11,38.22901849217637,1.73761946133797,134.6544715447155,70.1219512195122
2013-07-13 12,40.54054054054055,1.73761946133797,135.16260162601623,72.86585365853657
2013-07-13 13,41.07396870554765,1.73761946133797,127.540650406504,64.9390243902439
2013-07-13 14,39.8293029871977,1.73761946133797,112.8048780487805,67.07317073170732
2013-07-13 15,36.09530583214795,1.73761946133797,121.951219512195,44.5121951219512
2013-07-13 16,33.4281650071124,1.73761946133797,106.70731707317084,40.85365853658535
2013-07-13 17,34.85064011379802,1.73761946133797,113.8211382113822,42.98780487804875
2013-07-13 18,39.47368421052632,1.73761946133797,106.19918699187,49.69512195121953
2013-07-13 19,40.896159317211975,1.73761946133797,126.0162601626015,54.8780487804878
2013-07-13 20,41.251778093883374,2.17202432667246,130.589430894309,66.15853658536585
2013-07-13 21,38.7624466571835,1.73761946133797,132.62195121951223,58.53658536585365
2013-07-13 22,31.472261735419625,1.73761946133797,135.16260162601623,64.63414634146343
2013-07-13 23,31.29445234708393,1.73761946133797,132.1138211382115,63.414634146341456
2013-07-14 00,37.517780938833575,1.73761946133797,128.04878048780475,66.76829268292683
2013-07-14 01,29.516358463726878,1.73761946133797,106.19918699187008,63.41463414634148
2013-07-14 02,24.1820768136558,1.73761946133797,95.52845528455282,58.2317073170732
2013-07-14 03,25.24893314367,1.73761946133797,94.51219512195122,52.74390243902442
2013-07-14 04,24.8933143669986,1.73761946133797,84.34959349593495,54.57317073170733
2013-07-14 05,25.9601706970128,1.73761946133797,76.21951219512195,54.268292682926855
2013-07-14 06,32.71692745376955,1.954821894005215,55.89430894308948,46.036585365853625
2013-07-14 07,28.80512091038408,1.73761946133797,73.17073170731707,53.35365853658535
2013-07-14 08,29.160739687055475,2.3892267593397047,91.97154471544717,54.8780487804878
2013-07-14 09,33.783783783783775,1.954821894005215,103.15040650406524,57.62195121951223
2013-07-14 10,38.7624466571835,1.73761946133797,95.02032520325191,65.24390243902442
2013-07-14 11,41.42958748221911,1.73761946133797,132.11382113821125,39.32926829268296
2013-07-14 12,40.89615931721195,1.73761946133797,153.4552845528455,36.28048780487805
2013-07-14 13,39.11806543385492,1.73761946133797,104.6747967479674,36.5853658536585
2013-07-14 14,35.917496443812254,1.73761946133797,86.38211382113818,42.0731707317073
2013-07-14 15,32.36130867709815,1.73761946133797,84.85772357723575,37.19512195121953
2013-07-14 16,31.2944523470839,1.73761946133797,81.80894308943087,33.536585365853675
2013-07-14 17,30.583214793741124,1.73761946133797,84.85772357723582,31.09756097560975
2013-07-14 18,38.0512091038407,1.73761946133797,83.33333333333333,39.329268292682926
2013-07-14 19,40.18492176386913,1.73761946133797,114.329268292683,54.5731707317073
2013-07-14 20,40.007112375533424,1.954821894005215,118.90243902439023,60.97560975609755
2013-07-14 21,38.4068278805121,1.954821894005215,135.16260162601623,64.93902439024393
2013-07-14 22,30.938833570412527,1.73761946133797,146.84959349593498,67.37804878048783
2013-07-14 23,30.761024182076824,1.73761946133797,140.75203252032526,62.804878048780495
2013-07-15 00,35.0284495021337,1.73761946133797,126.5243902439025,62.80487804878047
2013-07-15 01,29.160739687055475,1.73761946133797,103.65853658536584,53.65853658536588
2013-07-15 02,23.82645803698435,1.73761946133797,90.44715447154468,43.59756097560975
2013-07-15 03,24.53769559032717,1.73761946133797,83.33333333333333,34.756097560975604
2013-07-15 04,24.359886201991475,1.73761946133797,82.3170731707317,35.975609756097555
2013-07-15 05,25.4267425320057,1.73761946133797,73.17073170731707,37.49999999999998
2013-07-15 06,34.31721194879087,1.73761946133797,59.451219512195095,28.658536585365848
2013-07-15 07,38.5846372688478,1.73761946133797,83.84146341463415,40.2439024390244
2013-07-15 08,40.54054054054055,1.73761946133797,84.85772357723577,44.20731707317073
2013-07-15 09,40.36273115220485,1.73761946133797,84.85772357723576,55.79268292682927
2013-07-15 10,41.07396870554768,1.73761946133797,85.36585365853657,58.23170731707317
2013-07-15 11,41.42958748221908,1.73761946133797,101.62601626016276,53.65853658536587
2013-07-15 12,38.5846372688478,1.73761946133797,111.28048780487823,51.52439024390245
2013-07-15 13,33.9615931721195,1.73761946133797,101.11788617886177,42.68292682926828
2013-07-15 14,32.71692745376955,1.73761946133797,81.8089430894309,37.5
2013-07-15 15,31.827880512091003,1.73761946133797,80.79268292682924,54.26829268292683
2013-07-15 16,31.650071123755303,1.73761946133797,87.3983739837398,60.975609756097576
2013-07-15 17,34.672830725462305,1.73761946133797,92.47967479674794,70.12195121951223
2013-07-15 18,41.9630156472262,1.73761946133797,107.21544715447143,74.6951219512195
2013-07-15 19,43.7411095305832,1.73761946133797,130.08130081300826,65.2439024390244
2013-07-15 20,44.80796586059743,1.73761946133797,137.1951219512195,76.21951219512195
2013-07-15 21,42.674253200569,1.73761946133797,129.06504065040676,79.57317073170732
2013-07-15 22,35.20625889046945,1.73761946133797,139.7357723577235,88.41463414634143
2013-07-15 23,33.428165007112376,1.73761946133797,128.5569105691055,81.40243902439025
2013-07-16 00,35.73968705547652,1.73761946133797,112.29674796747976,72.5609756097561
2013-07-16 01,28.982930298719776,1.73761946133797,100.60975609756102,62.5
2013-07-16 02,24.00426742532008,1.73761946133797,89.9390243902439,57.62195121951223
2013-07-16 03,24.715504978662874,1.73761946133797,94.5121951219512,57.62195121951223
2013-07-16 04,24.5376955903272,1.73761946133797,82.82520325203251,58.53658536585365
2013-07-16 05,25.6045519203414,1.73761946133797,76.21951219512195,56.40243902439028
2013-07-16 06,35.73968705547652,1.73761946133797,60.46747967479675,35.36585365853658
2013-07-16 07,40.00711237553345,1.73761946133797,87.39837398373982,57.01219512195122
2013-07-16 08,42.1408250355619,1.954821894005215,87.90650406504062,59.14634146341465
2013-07-16 09,40.896159317211975,2.17202432667246,87.39837398373982,53.65853658536588
2013-07-16 10,41.2517780938834,1.954821894005215,92.47967479674796,70.12195121951223
2013-07-16 11,41.07396870554765,1.73761946133797,98.57723577235768,56.70731707317073
2013-07-16 12,38.5846372688478,1.954821894005215,112.29674796747976,38.109756097560975
2013-07-16 13,36.273115220483646,1.73761946133797,84.34959349593495,34.756097560975604
2013-07-16 14,33.783783783783804,1.73761946133797,76.72764227642276,40.85365853658537
2013-07-16 15,31.827880512091003,1.73761946133797,90.4471544715447,34.14634146341463
2013-07-16 16,31.82788051209105,1.73761946133797,86.89024390243902,39.02439024390243
2013-07-16 17,33.07254623044095,1.73761946133797,97.56097560975608,43.29268292682927
2013-07-16 18,40.89615931721195,1.73761946133797,106.19918699186982,53.04878048780488
2013-07-16 19,45.69701280227598,1.73761946133797,136.17886178861775,56.70731707317073
2013-07-16 20,47.1194879089616,1.73761946133797,135.67073170731726,69.20731707317073
2013-07-16 21,43.7411095305832,2.17202432667246,140.75203252032526,75.91463414634148
2013-07-16 22,38.05120910384068,1.73761946133797,146.34146341463423,73.47560975609758
2013-07-16 23,34.139402560455174,1.73761946133797,129.5731707317075,75.60975609756098
2013-07-17 00,38.40682788051208,1.73761946133797,112.2967479674795,69.8170731707317
2013-07-17 01,28.80512091038405,1.73761946133797,96.54471544715447,59.14634146341468
2013-07-17 02,24.00426742532008,1.73761946133797,90.9552845528455,55.48780487804883
2013-07-17 03,24.53769559032717,1.73761946133797,83.33333333333333,53.048780487804905
2013-07-17 04,24.182076813655776,1.73761946133797,83.3333333333333,53.65853658536585
2013-07-17 05,25.9601706970128,1.73761946133797,79.26829268292683,42.378048780487774
2013-07-17 06,36.45092460881935,1.73761946133797,60.46747967479678,32.3170731707317
2013-07-17 07,40.54054054054055,1.73761946133797,76.72764227642276,36.58536585365855
2013-07-17 08,41.7852062588905,1.73761946133797,79.77642276422765,59.756097560975626
2013-07-17 09,40.54054054054055,2.17202432667246,82.82520325203252,54.26829268292683
2013-07-17 10,41.42958748221908,1.954821894005215,83.84146341463425,48.78048780487805
2013-07-17 11,38.9402560455192,2.17202432667246,102.64227642276404,43.59756097560975
2013-07-17 12,36.62873399715505,1.73761946133797,120.42682926829244,46.03658536585365
2013-07-17 13,36.09530583214793,1.73761946133797,101.11788617886184,33.84146341463413
2013-07-17 14,33.25035561877667,1.73761946133797,88.41463414634143,43.90243902439025
2013-07-17 15,30.5832147937411,1.73761946133797,86.890243902439,42.68292682926825
2013-07-17 16,32.18349928876245,1.73761946133797,86.38211382113822,49.99999999999997
2013-07-17 17,35.0284495021337,1.73761946133797,95.020325203252,48.170731707317046
2013-07-17 18,41.60739687055478,1.73761946133797,105.69105691056896,57.317073170731724
2013-07-17 19,44.80796586059748,1.73761946133797,137.1951219512195,72.5609756097561
2013-07-17 20,46.23044096728307,1.73761946133797,149.89837398373976,64.6341463414634
2013-07-17 21,43.74110953058322,1.73761946133797,145.3252032520325,70.73170731707317
2013-07-17 22,38.05120910384068,1.3032145960034776,139.22764227642276,74.69512195121953
2013-07-17 23,35.56187766714083,1.3032145960034776,134.1463414634145,71.9512195121951
2013-07-18 00,38.05120910384068,1.73761946133797,127.03252032520324,67.6829268292683
2013-07-18 01,29.160739687055475,1.73761946133797,106.19918699187,58.2317073170732
2013-07-18 02,19.38122332859175,1.73761946133797,92.98780487804876,54.57317073170735
2013-07-18 03,22.048364153627325,1.73761946133797,94.0040650406504,53.65853658536588
2013-07-18 04,24.7155049786629,1.73761946133797,90.95528455284553,50.3048780487805
2013-07-18 05,25.9601706970128,1.73761946133797,79.26829268292683,53.3536585365854
2013-07-18 06,36.628733997155074,1.73761946133797,64.02439024390245,44.20731707317072
2013-07-18 07,39.47368421052635,1.73761946133797,82.3170731707317,45.12195121951215
2013-07-18 08,41.7852062588905,1.73761946133797,83.84146341463412,33.84146341463413
2013-07-18 09,38.9402560455192,1.73761946133797,88.92276422764228,43.59756097560973
2013-07-18 10,39.29587482219063,1.73761946133797,91.97154471544708,49.6951219512195
2013-07-18 11,38.4068278805121,1.73761946133797,97.05284552845536,52.13414634146343
2013-07-18 12,34.1394025604552,1.73761946133797,98.57723577235772,38.41463414634145
2013-07-18 13,33.783783783783775,1.73761946133797,95.52845528455296,32.62195121951218
2013-07-18 14,31.650071123755325,1.73761946133797,88.4146341463415,38.71951219512192
2013-07-18 15,32.71692745376957,1.73761946133797,107.21544715447176,38.414634146341456
2013-07-18 16,31.29445234708393,1.73761946133797,107.72357723577228,50.609756097560975
2013-07-18 17,32.36130867709815,1.73761946133797,105.69105691056927,42.98780487804875
2013-07-18 18,39.1180654338549,2.17202432667246,110.2642276422765,60.0609756097561
2013-07-18 19,43.56330014224753,2.17202432667246,140.75203252032526,61.58536585365855
2013-07-18 20,43.9189189189189,1.954821894005215,132.1138211382115,63.109756097560975
2013-07-18 21,43.0298719772404,2.60642919200695,136.17886178861775,78.65853658536585
2013-07-18 22,38.7624466571835,2.3892267593397047,140.75203252032526,78.35365853658539
2013-07-18 23,35.5618776671408,1.73761946133797,130.58943089430875,61.89024390243903
2013-07-19 00,37.87339971550497,1.73761946133797,123.98373983739825,70.12195121951223
2013-07-19 01,29.694167852062577,1.73761946133797,101.11788617886202,62.8048780487805
2013-07-19 02,24.3598862019915,1.73761946133797,85.87398373983737,53.96341463414635
2013-07-19 03,25.248933143669976,1.73761946133797,88.92276422764228,53.3536585365854
2013-07-19 04,16.002844950213376,1.73761946133797,85.36585365853658,53.65853658536588
2013-07-19 05,25.7823613086771,1.73761946133797,77.7439024390244,58.84146341463418
2013-07-19 06,36.09530583214795,1.73761946133797,58.943089430894325,46.64634146341462
2013-07-19 07,39.82930298719775,1.73761946133797,80.28455284552845,52.7439024390244
2013-07-19 08,43.0298719772404,1.954821894005215,88.92276422764225,52.13414634146343
2013-07-19 09,42.496443812233295,1.73761946133797,95.52845528455283,45.12195121951218
2013-07-19 10,42.3186344238976,1.73761946133797,95.52845528455282,56.40243902439025
2013-07-19 11,40.896159317211975,1.73761946133797,97.56097560975616,58.23170731707317
2013-07-19 12,38.9402560455192,1.73761946133797,116.869918699187,53.963414634146346
2013-07-19 13,36.628733997155074,1.73761946133797,102.6422764227643,56.70731707317078
2013-07-19 14,34.6728307254623,1.954821894005215,107.21544715447158,59.756097560975626
2013-07-19 15,35.028449502133725,1.73761946133797,109.75609756097566,42.68292682926828
2013-07-19 16,33.783783783783804,1.73761946133797,106.19918699187,48.47560975609755
2013-07-19 17,34.672830725462326,1.73761946133797,90.4471544715448,53.963414634146375
2013-07-19 18,40.54054054054055,1.73761946133797,115.85365853658524,50.91463414634145
2013-07-19 19,43.2076813655761,1.73761946133797,111.2804878048782,50.91463414634148
2013-07-19 20,43.918918918918905,1.73761946133797,126.5243902439025,45.731707317073145
2013-07-19 21,42.49644381223328,1.73761946133797,132.11382113821125,49.69512195121952
2013-07-19 22,35.73968705547652,1.73761946133797,139.22764227642276,72.5609756097561
2013-07-19 23,34.672830725462326,1.73761946133797,140.2439024390245,67.6829268292683
2013-07-20 00,36.80654338549075,1.73761946133797,123.4756097560975,67.3780487804878
2013-07-20 01,28.982930298719776,1.73761946133797,106.19918699187,60.06097560975613
2013-07-20 02,24.182076813655776,1.73761946133797,91.46341463414632,56.0975609756098
2013-07-20 03,25.4267425320057,1.73761946133797,93.49593495934955,53.963414634146375
2013-07-20 04,24.5376955903272,1.73761946133797,86.38211382113822,54.87804878048783
2013-07-20 05,25.24893314367,1.73761946133797,78.2520325203252,56.70731707317076
2013-07-20 06,32.539118065433854,1.73761946133797,58.43495934959353,46.64634146341462
2013-07-20 07,35.9174964438122,1.73761946133797,76.72764227642277,54.8780487804878
2013-07-20 08,38.9402560455192,1.73761946133797,91.46341463414636,61.58536585365855
2013-07-20 09,41.251778093883374,1.73761946133797,91.97154471544712,59.756097560975626
2013-07-20 10,41.251778093883374,1.73761946133797,95.52845528455282,44.817073170731696
2013-07-20 11,41.2517780938834,1.73761946133797,114.83739837398376,36.28048780487803
2013-07-20 12,41.251778093883374,1.954821894005215,123.4756097560975,36.28048780487803
2013-07-20 13,40.3627311522048,1.73761946133797,119.918699186992,35.0609756097561
2013-07-20 14,40.3627311522048,1.73761946133797,113.31300813008126,43.90243902439023
2013-07-20 15,37.517780938833575,1.73761946133797,116.869918699187,42.0731707317073
2013-07-20 16,36.98435277382647,1.73761946133797,111.280487804878,36.28048780487805
2013-07-20 17,38.40682788051208,1.73761946133797,97.05284552845536,44.5121951219512
2013-07-20 18,41.60739687055477,1.73761946133797,104.67479674796748,41.7682926829268
2013-07-20 19,43.9189189189189,1.73761946133797,118.9024390243905,42.0731707317073
2013-07-20 20,44.80796586059745,1.73761946133797,123.47560975609775,42.98780487804875
2013-07-20 21,42.14082503556188,1.954821894005215,136.17886178861775,56.40243902439025
2013-07-20 22,36.45092460881935,1.73761946133797,137.1951219512195,54.26829268292683
2013-07-20 23,37.69559032716928,1.73761946133797,138.71951219512226,45.731707317073145
2013-07-21 00,38.9402560455192,1.73761946133797,121.951219512195,56.70731707317075
2013-07-21 01,28.98293029871977,2.17202432667246,107.7235772357725,63.109756097560975
2013-07-21 02,24.00426742532008,1.73761946133797,89.9390243902439,50.30487804878047
2013-07-21 03,24.715504978662874,1.73761946133797,84.85772357723576,48.170731707317046
2013-07-21 04,23.82645803698435,1.73761946133797,82.3170731707317,35.0609756097561
2013-07-21 05,25.24893314367,1.73761946133797,76.72764227642278,32.62195121951218
2013-07-21 06,31.1166429587482,1.73761946133797,56.40243902439025,24.99999999999997
2013-07-21 07,31.2944523470839,1.73761946133797,72.66260162601628,23.780487804878025
2013-07-21 08,31.29445234708393,1.73761946133797,69.61382113821139,24.390243902439
2013-07-21 09,38.4068278805121,1.73761946133797,84.34959349593493,27.1341463414634
2013-07-21 10,41.42958748221908,1.73761946133797,106.19918699187002,46.03658536585365
2013-07-21 11,41.9630156472262,1.73761946133797,126.0162601626015,49.69512195121952
2013-07-21 12,41.07396870554765,1.73761946133797,138.21138211382126,51.829268292682926
2013-07-21 13,40.00711237553345,1.73761946133797,119.918699186992,32.92682926829268
2013-07-21 14,36.09530583214792,1.73761946133797,90.95528455284553,24.390243902439
2013-07-21 15,33.9615931721195,1.73761946133797,102.64227642276433,21.03658536585365
2013-07-21 16,33.783783783783804,1.73761946133797,92.98780487804883,25.304878048780477
2013-07-21 17,36.62873399715505,1.73761946133797,76.72764227642278,23.170731707317078
2013-07-21 18,41.9630156472262,1.73761946133797,79.77642276422765,25.914634146341477
2013-07-21 19,44.09672830725463,1.73761946133797,102.13414634146358,34.451219512195124
2013-07-21 20,44.274537695590325,1.73761946133797,123.9837398373985,33.23170731707317
2013-07-21 21,42.674253200569,1.73761946133797,128.55691056910575,38.41463414634145
2013-07-21 22,38.4068278805121,1.73761946133797,126.0162601626015,65.85365853658537
2013-07-21 23,37.51778093883355,1.73761946133797,129.0650406504065,70.1219512195122
2013-07-22 00,37.16216216216215,1.73761946133797,126.5243902439025,60.3658536585366
2013-07-22 01,28.44950213371265,1.73761946133797,104.16666666666684,52.7439024390244
2013-07-22 02,23.82645803698435,1.73761946133797,94.51219512195122,41.463414634146346
2013-07-22 03,25.248933143669976,1.73761946133797,92.47967479674796,30.792682926829272
2013-07-22 04,24.182076813655776,1.73761946133797,83.84146341463415,29.878048780487774
2013-07-22 05,25.7823613086771,1.73761946133797,76.21951219512198,32.62195121951218
2013-07-22 06,34.13940256045515,1.73761946133797,54.8780487804878,22.256097560975626
2013-07-22 07,40.18492176386915,1.73761946133797,78.2520325203252,28.35365853658537
2013-07-22 08,42.3186344238976,1.73761946133797,87.90650406504065,28.96341463414635
2013-07-22 09,41.42958748221911,1.73761946133797,88.92276422764228,29.8780487804878
2013-07-22 10,40.89615931721195,2.17202432667246,90.95528455284554,44.20731707317073
2013-07-22 11,39.82930298719773,1.73761946133797,102.13414634146328,46.34146341463412
2013-07-22 12,38.22901849217637,1.73761946133797,126.01626016260155,44.2073170731707
2013-07-22 13,34.4950213371266,1.73761946133797,95.0203252032521,34.756097560975604
2013-07-22 14,32.8947368421053,1.73761946133797,86.3821138211382,34.451219512195124
2013-07-22 15,30.5832147937411,1.73761946133797,82.3170731707317,41.463414634146346
2013-07-22 16,31.1166429587482,1.73761946133797,87.90650406504062,38.41463414634143
2013-07-22 17,33.07254623044095,1.73761946133797,82.82520325203252,42.378048780487774
2013-07-22 18,41.07396870554768,1.73761946133797,95.02032520325211,47.86585365853657
2013-07-22 19,43.385490753911824,1.73761946133797,118.90243902439023,50.609756097560975
2013-07-22 20,42.674253200569,1.73761946133797,122.96747967479676,51.829268292682926
2013-07-22 21,41.07396870554768,1.73761946133797,126.5243902439025,52.43902439024393
2013-07-22 22,33.9615931721195,1.73761946133797,133.13008130081275,78.35365853658537
2013-07-22 23,35.56187766714082,1.73761946133797,138.21138211382126,72.5609756097561
2013-07-23 00,36.09530583214793,1.73761946133797,120.4268292682925,62.8048780487805
2013-07-23 01,27.20483641536275,1.73761946133797,97.05284552845548,53.963414634146375
2013-07-23 02,24.00426742532008,1.73761946133797,86.89024390243902,49.69512195121953
2013-07-23 03,25.248933143669976,1.73761946133797,84.85772357723577,48.47560975609755
2013-07-23 04,24.3598862019915,1.73761946133797,78.760162601626,49.99999999999997
2013-07-23 05,25.7823613086771,1.73761946133797,78.2520325203252,52.74390243902442
2013-07-23 06,35.20625889046945,1.73761946133797,56.91056910569105,39.6341463414634
2013-07-23 07,41.07396870554765,1.73761946133797,80.28455284552845,49.39024390243903
2013-07-23 08,42.8520625889047,1.73761946133797,79.26829268292683,55.79268292682927
2013-07-23 09,41.251778093883374,1.73761946133797,97.56097560975624,46.03658536585365
2013-07-23 10,41.251778093883374,1.73761946133797,77.74390243902437,44.2073170731707
2013-07-23 11,38.58463726884777,1.73761946133797,99.0853658536586,56.402439024390254
2013-07-23 12,37.162162162162176,1.73761946133797,112.80487804878052,38.41463414634145
2013-07-23 13,33.07254623044095,1.73761946133797,92.47967479674804,38.71951219512195
2013-07-23 14,34.3172119487909,1.73761946133797,86.89024390243902,44.8170731707317
2013-07-23 15,31.650071123755303,1.73761946133797,87.39837398373982,42.98780487804875
2013-07-23 16,31.827880512091028,1.73761946133797,97.5609756097562,49.6951219512195
2013-07-23 17,33.60597439544805,1.954821894005215,91.46341463414645,53.96341463414635
2013-07-23 18,41.07396870554765,1.73761946133797,106.70731707317056,63.71951219512198
2013-07-23 19,44.45234708392603,1.73761946133797,125.508130081301,66.15853658536588
2013-07-23 20,46.23044096728307,1.73761946133797,129.573170731707,68.29268292682927
2013-07-23 21,43.0298719772404,1.73761946133797,132.621951219512,70.1219512195122
2013-07-23 22,38.7624466571835,1.73761946133797,137.70325203252025,78.04878048780485
2013-07-23 23,38.05120910384071,1.73761946133797,123.4756097560975,79.57317073170734
2013-07-24 00,36.62873399715505,1.73761946133797,127.03252032520324,50.91463414634148
2013-07-24 01,28.093883357041275,1.73761946133797,105.69105691056924,46.34146341463412
2013-07-24 02,24.182076813655776,1.73761946133797,92.47967479674796,44.817073170731696
2013-07-24 03,25.42674253200568,1.73761946133797,85.36585365853658,40.85365853658535
2013-07-24 04,24.8933143669986,1.73761946133797,79.77642276422762,42.3780487804878
2013-07-24 05,26.137980085348502,1.73761946133797,72.66260162601625,42.68292682926827
2013-07-24 06,34.850640113798,1.73761946133797,60.975609756097576,31.402439024390247
2013-07-24 07,40.89615931721195,1.73761946133797,77.74390243902437,38.71951219512192
2013-07-24 08,42.3186344238976,1.73761946133797,89.93902439024387,47.86585365853657
2013-07-24 09,41.07396870554765,1.73761946133797,87.90650406504075,59.14634146341465
2013-07-24 10,40.007112375533424,2.60642919200695,88.41463414634144,58.84146341463415
2013-07-24 11,39.47368421052632,2.17202432667246,92.47967479674796,60.0609756097561
2013-07-24 12,37.162162162162176,1.954821894005215,118.90243902439023,53.048780487804905
2013-07-24 13,36.98435277382645,1.73761946133797,102.13414634146358,46.64634146341463
2013-07-24 14,34.850640113798,1.73761946133797,99.59349593495942,50.00000000000003
2013-07-24 15,31.4722617354196,1.73761946133797,99.59349593495946,54.57317073170735
2013-07-24 16,33.6059743954481,1.73761946133797,102.64227642276433,60.6707317073171
2013-07-24 17,34.1394025604552,1.954821894005215,102.13414634146356,60.97560975609755
2013-07-24 18,41.60739687055478,1.73761946133797,104.67479674796743,64.9390243902439
2013-07-24 19,44.09672830725462,1.73761946133797,134.14634146341476,75.00000000000003
2013-07-24 20,44.80796586059745,1.73761946133797,133.63821138211375,58.23170731707317
2013-07-24 21,43.74110953058323,1.73761946133797,161.58536585365852,63.41463414634148
2013-07-24 22,39.4736842105263,2.17202432667246,144.308943089431,69.51219512195122
2013-07-24 23,36.09530583214792,1.73761946133797,131.6056910569105,64.93902439024393
2013-07-25 00,35.917496443812226,1.73761946133797,120.9349593495935,60.3658536585366
2013-07-25 01,27.38264580369845,1.73761946133797,110.26422764227624,51.82926829268296
2013-07-25 02,23.82645803698435,1.73761946133797,93.49593495934955,43.90243902439025
2013-07-25 03,25.6045519203414,1.73761946133797,89.43089430894318,42.3780487804878
2013-07-25 04,24.3598862019915,1.73761946133797,91.46341463414645,41.4634146341463
2013-07-25 05,26.137980085348502,1.73761946133797,79.26829268292683,43.90243902439022
2013-07-25 06,35.384068278805145,1.73761946133797,65.54878048780488,33.23170731707315
2013-07-25 07,40.54054054054055,1.73761946133797,82.3170731707317,41.15853658536582
2013-07-25 08,43.0298719772404,1.73761946133797,90.9552845528456,46.951219512195095
2013-07-25 09,42.1408250355619,1.73761946133797,90.4471544715447,46.951219512195095
2013-07-25 10,43.029871977240425,1.954821894005215,90.9552845528456,46.34146341463412
2013-07-25 11,44.98577524893315,1.73761946133797,109.2479674796745,43.59756097560975
2013-07-25 12,37.87339971550497,1.73761946133797,114.83739837398376,44.5121951219512
2013-07-25 13,33.6059743954481,1.73761946133797,94.00406504065036,38.41463414634143
2013-07-25 14,32.539118065433875,1.73761946133797,78.76016260162604,53.963414634146325
2013-07-25 15,32.36130867709815,1.73761946133797,96.54471544715447,52.1341463414634
2013-07-25 16,31.827880512091028,1.73761946133797,88.92276422764225,53.3536585365854
2013-07-25 17,40.36273115220485,1.73761946133797,100.60975609756098,53.65853658536588
2013-07-25 18,41.251778093883374,1.73761946133797,104.1666666666667,60.06097560975613
2013-07-25 19,43.0298719772404,1.73761946133797,135.670731707317,63.71951219512195
2013-07-25 20,44.45234708392605,1.73761946133797,141.76829268292676,57.317073170731724
2013-07-25 21,43.0298719772404,1.73761946133797,139.7357723577235,71.03658536585365
2013-07-25 22,40.36273115220485,1.73761946133797,126.01626016260175,74.6951219512195
2013-07-25 23,38.406827880512125,1.73761946133797,125.508130081301,72.2560975609756
2013-07-26 00,37.87339971550497,1.73761946133797,112.8048780487805,69.51219512195125
2013-07-26 01,28.98293029871977,1.73761946133797,109.247967479675,58.53658536585368
2013-07-26 02,24.3598862019915,1.73761946133797,95.52845528455282,54.57317073170735
2013-07-26 03,25.9601706970128,1.73761946133797,87.39837398373983,52.13414634146343
2013-07-26 04,24.5376955903272,1.73761946133797,89.43089430894307,52.43902439024393
2013-07-26 05,25.9601706970128,1.73761946133797,72.66260162601625,55.7926829268293
2013-07-26 06,34.49502133712662,1.73761946133797,59.45121951219515,44.20731707317072
2013-07-26 07,40.89615931721195,1.73761946133797,76.72764227642276,48.78048780487805
2013-07-26 08,43.2076813655761,1.954821894005215,93.49593495934973,43.59756097560973
2013-07-26 09,41.42958748221911,1.73761946133797,100.60975609756102,48.78048780487808
2013-07-26 10,38.76244665718352,1.73761946133797,87.90650406504062,51.21951219512195
2013-07-26 11,39.1180654338549,1.73761946133797,100.60975609756083,69.8170731707317
2013-07-26 12,37.87339971550497,1.73761946133797,123.4756097560975,63.41463414634147
2013-07-26 13,35.20625889046943,1.73761946133797,115.8536585365855,45.1219512195122
2013-07-26 14,35.028449502133725,1.73761946133797,95.02032520325211,53.35365853658538
2013-07-26 15,32.00568990042675,1.73761946133797,86.3821138211382,53.35365853658535
2013-07-26 16,33.25035561877667,1.73761946133797,78.2520325203252,60.3658536585366
2013-07-26 17,34.672830725462305,1.73761946133797,88.41463414634146,58.84146341463418
2013-07-26 18,40.36273115220485,1.73761946133797,103.15040650406485,62.50000000000003
2013-07-26 19,42.4964438122333,2.17202432667246,131.6056910569105,53.048780487804905
2013-07-26 20,42.1408250355619,1.73761946133797,130.08130081300826,45.12195121951217
2013-07-26 21,40.007112375533424,2.3892267593397047,127.03252032520324,50.30487804878047
2013-07-26 22,33.783783783783775,2.17202432667246,136.68699186991876,59.14634146341465
2013-07-26 23,33.96159317211948,2.3892267593397047,128.04878048780475,53.65853658536588
2013-07-27 00,36.45092460881932,1.954821894005215,121.95121951219524,51.21951219512195
2013-07-27 01,28.982930298719776,1.73761946133797,109.2479674796746,47.2560975609756
2013-07-27 02,24.359886201991475,1.73761946133797,94.5121951219512,40.85365853658532
2013-07-27 03,25.07112375533428,1.73761946133797,86.89024390243902,37.19512195121953
2013-07-27 04,24.182076813655776,1.73761946133797,87.39837398373983,36.28048780487805
2013-07-27 05,25.24893314367,1.73761946133797,78.25203252032523,38.414634146341456
2013-07-27 06,33.428165007112376,1.73761946133797,53.35365853658535,30.1829268292683
2013-07-27 07,37.162162162162176,1.73761946133797,70.1219512195122,37.1951219512195
2013-07-27 08,39.651493598862025,1.73761946133797,96.03658536585375,42.07317073170732
2013-07-27 09,41.42958748221911,1.954821894005215,99.59349593495928,49.08536585365855
2013-07-27 10,41.07396870554768,1.954821894005215,100.60975609756083,41.15853658536585
2013-07-27 11,41.42958748221911,1.73761946133797,113.821138211382,42.0731707317073
2013-07-27 12,41.251778093883374,1.73761946133797,138.719512195122,35.06097560975608
2013-07-27 13,39.47368421052632,1.73761946133797,107.72357723577235,28.65853658536585
2013-07-27 14,38.7624466571835,1.73761946133797,105.1829268292681,36.58536585365853
2013-07-27 15,36.80654338549078,1.73761946133797,124.99999999999974,35.97560975609755
2013-07-27 16,33.9615931721195,1.73761946133797,110.77235772357704,30.79268292682925
2013-07-27 17,36.09530583214792,1.73761946133797,99.59349593495948,36.890243902439
2013-07-27 18,40.89615931721195,1.73761946133797,110.77235772357724,34.4512195121951
2013-07-27 19,43.3854907539118,1.73761946133797,112.80487804878076,33.84146341463415
2013-07-27 20,43.2076813655761,1.73761946133797,131.09756097560975,37.5
2013-07-27 21,43.029871977240425,2.3892267593397047,133.13008130081275,45.12195121951217
2013-07-27 22,39.11806543385492,1.73761946133797,144.81707317073176,44.2073170731707
2013-07-27 23,37.33997155049785,1.73761946133797,127.03252032520324,42.98780487804875
2013-07-28 00,38.2290184921764,1.73761946133797,119.41056910569124,38.71951219512192
2013-07-28 01,29.33854907539115,1.73761946133797,104.166666666667,36.5853658536585
2013-07-28 02,24.8933143669986,1.73761946133797,95.52845528455282,31.402439024390247
2013-07-28 03,26.6714082503556,1.73761946133797,95.52845528455282,33.23170731707315
2013-07-28 04,25.0711237553343,1.73761946133797,85.36585365853658,31.7073170731707
2013-07-28 05,26.137980085348502,1.73761946133797,72.15447154471545,32.317073170731724
2013-07-28 06,32.71692745376955,1.73761946133797,51.829268292682926,23.47560975609755
2013-07-28 07,33.96159317211948,1.73761946133797,65.54878048780488,25.609756097561
2013-07-28 08,33.07254623044098,1.73761946133797,67.58130081300813,22.5609756097561
2013-07-28 09,40.540540540540576,1.73761946133797,81.8089430894309,23.780487804878074
2013-07-28 10,41.7852062588905,1.73761946133797,94.51219512195122,30.4878048780488
2013-07-28 11,41.9630156472262,1.73761946133797,123.4756097560975,39.3292682926829
2013-07-28 12,42.496443812233295,1.73761946133797,140.24390243902425,43.29268292682925
2013-07-28 13,41.07396870554768,1.73761946133797,98.06910569105688,32.62195121951218
2013-07-28 14,38.2290184921764,1.73761946133797,94.0040650406504,30.79268292682925
2013-07-28 15,35.73968705547652,1.73761946133797,83.3333333333333,28.96341463414635
2013-07-28 16,32.005689900426724,1.73761946133797,96.54471544715447,29.268292682926823
2013-07-28 17,33.60597439544807,2.17202432667246,90.4471544715447,20.426829268292675
2013-07-28 18,40.54054054054055,1.73761946133797,83.84146341463415,26.524390243902424
2013-07-28 19,42.674253200569,1.73761946133797,91.46341463414636,28.96341463414635
2013-07-28 20,43.3854907539118,1.73761946133797,109.247967479675,32.62195121951218
2013-07-28 21,42.3186344238976,1.73761946133797,139.22764227642276,42.0731707317073
2013-07-28 22,36.09530583214792,1.73761946133797,137.19512195121973,48.78048780487802
2013-07-28 23,35.3840682788051,1.73761946133797,115.3455284552845,49.08536585365852
2013-07-29 00,38.406827880512125,1.73761946133797,115.85365853658524,41.15853658536585
2013-07-29 01,29.160739687055475,1.73761946133797,99.59349593495942,34.14634146341463
2013-07-29 02,24.1820768136558,1.73761946133797,86.89024390243902,34.4512195121951
2013-07-29 03,26.4935988620199,1.73761946133797,86.38211382113822,33.536585365853654
2013-07-29 04,25.0711237553343,1.73761946133797,86.89024390243902,31.402439024390222
2013-07-29 05,26.1379800853485,1.73761946133797,79.77642276422762,32.92682926829268
2013-07-29 06,34.139402560455174,1.73761946133797,56.910569105691046,22.2560975609756
2013-07-29 07,40.18492176386915,1.73761946133797,72.15447154471545,26.82926829268293
2013-07-29 08,42.3186344238976,1.73761946133797,90.4471544715448,27.4390243902439
2013-07-29 09,42.674253200569,1.73761946133797,82.3170731707317,27.4390243902439
2013-07-29 10,47.47510668563302,1.73761946133797,86.3821138211382,37.19512195121951
2013-07-29 11,42.14082503556188,1.73761946133797,95.52845528455288,41.7682926829268
2013-07-29 12,40.36273115220482,1.73761946133797,112.29674796747976,38.41463414634145
2013-07-29 13,39.8293029871977,1.954821894005215,96.03658536585364,34.451219512195124
2013-07-29 14,36.45092460881935,1.73761946133797,75.71138211382114,33.84146341463415
2013-07-29 15,33.783783783783775,2.17202432667246,80.28455284552845,34.756097560975604
2013-07-29 16,31.116642958748223,1.73761946133797,82.82520325203252,42.68292682926828
2013-07-29 17,32.894736842105274,1.73761946133797,84.34959349593495,46.03658536585368
2013-07-29 18,40.540540540540576,1.73761946133797,100.60975609756116,50.91463414634148
2013-07-29 19,43.3854907539118,1.73761946133797,118.39430894308926,54.87804878048783
2013-07-29 20,47.47510668563302,1.73761946133797,115.34552845528476,50.0
2013-07-29 21,43.385490753911824,1.73761946133797,129.0650406504065,54.26829268292683
2013-07-29 22,37.873399715505,1.73761946133797,139.22764227642276,60.975609756097576
2013-07-29 23,36.273115220483625,1.73761946133797,121.44308943089425,60.6707317073171
2013-07-30 00,38.22901849217637,1.73761946133797,117.378048780488,49.6951219512195
2013-07-30 01,29.516358463726878,1.73761946133797,91.46341463414645,36.28048780487803
2013-07-30 02,24.5376955903272,1.73761946133797,87.3983739837398,36.890243902439
2013-07-30 03,24.8933143669986,1.73761946133797,90.4471544715447,35.06097560975608
2013-07-30 04,24.8933143669986,1.73761946133797,90.9552845528455,32.0121951219512
2013-07-30 05,26.137980085348502,1.73761946133797,74.1869918699187,32.6219512195122
2013-07-30 06,35.56187766714085,1.73761946133797,56.910569105691046,23.47560975609755
2013-07-30 07,40.896159317211946,1.73761946133797,71.64634146341461,28.658536585365848
2013-07-30 08,41.7852062588905,1.73761946133797,81.80894308943087,28.96341463414635
2013-07-30 09,39.8293029871977,1.73761946133797,81.30081300813008,28.35365853658537
2013-07-30 10,41.07396870554768,1.73761946133797,88.92276422764229,33.84146341463413
2013-07-30 11,40.007112375533424,1.73761946133797,109.24796747967484,38.41463414634145
2013-07-30 12,39.651493598862,1.954821894005215,105.69105691056907,40.85365853658535
2013-07-30 13,35.20625889046943,1.73761946133797,95.52845528455283,37.5
2013-07-30 14,32.71692745376955,1.73761946133797,96.5447154471545,33.84146341463415
2013-07-30 15,30.938833570412505,1.73761946133797,96.03658536585364,36.58536585365853
2013-07-30 16,32.539118065433854,1.73761946133797,100.10162601626016,38.109756097560975
2013-07-30 17,33.96159317211948,1.73761946133797,107.21544715447176,45.42682926829267
2013-07-30 18,41.78520625889048,1.73761946133797,114.837398373984,49.39024390243903
2013-07-30 19,45.34139402560457,1.954821894005215,150.4065040650405,50.609756097560975
2013-07-30 20,46.408250355618776,1.73761946133797,139.73577235772376,48.78048780487805
2013-07-30 21,43.918918918918926,1.954821894005215,147.35772357723573,44.5121951219512
2013-07-30 22,39.4736842105263,1.954821894005215,143.29268292682926,50.91463414634148
2013-07-30 23,37.517780938833575,1.73761946133797,126.5243902439025,53.048780487804905
2013-07-31 00,35.2062588904694,1.73761946133797,122.459349593496,47.5609756097561
2013-07-31 01,27.204836415362728,1.73761946133797,105.6910569105692,36.890243902439
2013-07-31 02,23.470839260312925,1.73761946133797,85.36585365853658,35.670731707317074
2013-07-31 03,24.182076813655776,1.73761946133797,88.41463414634146,31.707317073170724
2013-07-31 04,24.5376955903272,1.73761946133797,79.77642276422762,31.707317073170724
2013-07-31 05,25.4267425320057,1.73761946133797,74.1869918699187,32.3170731707317
2013-07-31 06,36.273115220483646,1.73761946133797,58.943089430894325,25.60975609756097
2013-07-31 07,42.49644381223328,1.73761946133797,71.13821138211382,28.963414634146325
2013-07-31 08,43.0298719772404,1.73761946133797,79.77642276422765,28.35365853658537
2013-07-31 09,41.6073968705548,1.73761946133797,82.3170731707317,28.65853658536588
2013-07-31 10,40.007112375533424,1.954821894005215,79.77642276422765,33.23170731707315
2013-07-31 11,36.45092460881932,1.73761946133797,89.939024390244,35.670731707317074
2013-07-31 12,37.33997155049787,1.954821894005215,102.13414634146363,37.5
2013-07-31 13,34.4950213371266,2.60642919200695,88.41463414634154,38.414634146341456
2013-07-31 14,34.672830725462326,1.954821894005215,78.76016260162604,37.80487804878048
2013-07-31 15,31.47226173541963,1.73761946133797,77.23577235772358,41.76829268292683
2013-07-31 16,32.36130867709813,1.73761946133797,83.33333333333331,42.3780487804878
2013-07-31 17,31.650071123755325,1.73761946133797,94.51219512195112,44.817073170731696
2013-07-31 18,40.18492176386915,1.73761946133797,91.97154471544724,50.3048780487805
2013-07-31 19,44.274537695590325,1.73761946133797,133.63821138211375,55.79268292682927
2013-07-31 20,46.58605974395448,1.73761946133797,114.83739837398376,50.30487804878047
2013-07-31 21,44.45234708392603,1.954821894005215,132.1138211382115,53.65853658536585
2013-07-31 22,38.58463726884777,1.73761946133797,130.58943089430875,58.84146341463415
2013-07-31 23,38.05120910384068,1.73761946133797,125.50813008130076,62.50000000000002
2013-08-01 00,37.3399715504979,1.73761946133797,120.93495934959375,55.4878048780488
2013-08-01 01,28.627311522048377,1.73761946133797,102.6422764227643,44.81707317073168
2013-08-01 02,24.00426742532005,1.73761946133797,91.46341463414632,38.41463414634143
2013-08-01 03,24.182076813655748,1.73761946133797,87.39837398373984,39.329268292682926
2013-08-01 04,24.5376955903272,1.73761946133797,76.72764227642276,37.5
2013-08-01 05,25.782361308677103,1.73761946133797,73.17073170731707,34.4512195121951
2013-08-01 06,37.517780938833575,1.73761946133797,58.43495934959353,26.21951219512193
2013-08-01 07,42.14082503556188,1.73761946133797,73.67886178861787,29.268292682926823
2013-08-01 08,42.1408250355619,1.73761946133797,88.92276422764228,33.23170731707317
2013-08-01 09,40.71834992887625,1.73761946133797,98.06910569105698,32.3170731707317
2013-08-01 10,39.2958748221906,1.73761946133797,101.1178861788619,32.3170731707317
2013-08-01 11,40.1849217638691,1.73761946133797,97.56097560975608,46.34146341463415
2013-08-01 12,39.8293029871977,1.73761946133797,106.70731707317074,44.5121951219512
2013-08-01 13,35.028449502133725,1.954821894005215,101.6260162601626,38.109756097560975
2013-08-01 14,34.3172119487909,1.73761946133797,106.7073170731708,37.1951219512195
2013-08-01 15,32.539118065433826,1.73761946133797,115.3455284552845,38.414634146341456
2013-08-01 16,31.29445234708393,1.73761946133797,106.19918699186977,35.97560975609755
2013-08-01 17,32.00568990042675,1.73761946133797,105.69105691056907,39.93902439024387
2013-08-01 18,37.33997155049788,1.73761946133797,97.0528455284551,48.78048780487805
2013-08-01 19,42.8520625889047,1.954821894005215,119.410569105691,57.6219512195122
2013-08-01 20,44.274537695590325,2.3892267593397047,130.08130081300826,54.26829268292685
2013-08-01 21,43.74110953058323,1.954821894005215,140.24390243902425,53.65853658536587
2013-08-01 22,40.1849217638691,1.73761946133797,148.882113821138,59.14634146341466
2013-08-01 23,38.58463726884777,1.73761946133797,134.65447154471525,52.4390243902439
2013-08-02 00,35.56187766714082,1.73761946133797,125.508130081301,39.9390243902439
2013-08-02 01,27.38264580369845,1.73761946133797,100.60975609756116,34.4512195121951
2013-08-02 02,24.182076813655776,1.73761946133797,83.84146341463415,31.707317073170724
2013-08-02 03,25.0711237553343,1.73761946133797,83.84146341463412,31.70731707317075
2013-08-02 04,24.5376955903272,1.73761946133797,80.79268292682924,32.62195121951218
2013-08-02 05,26.3157894736842,1.73761946133797,72.15447154471545,33.84146341463413
2013-08-02 06,34.850640113798,1.73761946133797,65.04065040650407,23.78048780487805
2013-08-02 07,40.36273115220482,1.73761946133797,70.1219512195122,28.35365853658537
2013-08-02 08,42.674253200569,1.73761946133797,86.890243902439,28.963414634146325
2013-08-02 09,41.42958748221911,1.73761946133797,92.98780487804868,30.182926829268297
2013-08-02 10,40.36273115220482,1.73761946133797,89.93902439024393,37.80487804878048
2013-08-02 11,38.22901849217637,1.73761946133797,105.69105691056924,42.378048780487774
2013-08-02 12,36.62873399715505,1.73761946133797,102.6422764227641,45.73170731707317
2013-08-02 13,32.71692745376955,1.954821894005215,88.41463414634154,28.35365853658535
2013-08-02 14,35.028449502133725,1.73761946133797,86.89024390243902,34.4512195121951
2013-08-02 15,33.428165007112376,1.73761946133797,87.39837398373982,35.36585365853658
2013-08-02 16,33.07254623044098,1.73761946133797,85.87398373983737,33.23170731707317
2013-08-02 17,32.539118065433875,1.73761946133797,106.70731707317074,42.6829268292683
2013-08-02 18,38.58463726884777,1.73761946133797,123.9837398373985,51.21951219512198
2013-08-02 19,41.251778093883374,2.17202432667246,125.50813008130076,42.98780487804878
2013-08-02 20,42.674253200569,1.954821894005215,136.17886178861775,32.317073170731675
2013-08-02 21,40.54054054054055,1.73761946133797,138.21138211382123,41.463414634146346
2013-08-02 22,34.139402560455174,1.73761946133797,137.70325203252025,53.3536585365854
2013-08-02 23,33.428165007112376,1.73761946133797,127.03252032520324,47.8658536585366
2013-08-03 00,34.4950213371266,1.73761946133797,132.62195121951223,40.54878048780485
2013-08-03 01,27.73826458036985,1.73761946133797,114.329268292683,34.756097560975576
2013-08-03 02,23.82645803698435,1.73761946133797,101.1178861788619,32.317073170731675
2013-08-03 03,24.715504978662874,1.73761946133797,90.9552845528455,28.96341463414635
2013-08-03 04,24.00426742532005,1.73761946133797,85.36585365853658,30.182926829268297
2013-08-03 05,24.715504978662874,1.73761946133797,78.2520325203252,29.8780487804878
2013-08-03 06,33.60597439544805,1.73761946133797,52.84552845528455,25.0
2013-08-03 07,36.27311522048365,1.73761946133797,66.0569105691057,25.60975609756097
2013-08-03 08,37.69559032716927,1.954821894005215,83.33333333333331,27.134146341463424
2013-08-03 09,38.7624466571835,1.73761946133797,83.33333333333331,23.475609756097548
2013-08-03 10,41.42958748221911,2.17202432667246,98.5772357723578,28.65853658536585
2013-08-03 11,40.540540540540526,2.17202432667246,118.3943089430895,26.82926829268293
2013-08-03 12,40.71834992887622,1.73761946133797,123.4756097560975,27.7439024390244
2013-08-03 13,35.73968705547652,1.73761946133797,106.70731707317056,24.39024390243905
2013-08-03 14,35.56187766714083,1.73761946133797,100.60975609756083,26.82926829268293
2013-08-03 15,35.384068278805124,1.73761946133797,107.21544715447163,31.09756097560977
2013-08-03 16,31.29445234708393,1.73761946133797,89.43089430894307,27.74390243902437
2013-08-03 17,33.783783783783804,1.73761946133797,107.7235772357725,31.707317073170724
2013-08-03 18,37.873399715505,1.73761946133797,107.72357723577232,34.756097560975604
2013-08-03 19,42.14082503556188,1.954821894005215,112.29674796747948,38.414634146341456
2013-08-03 20,42.3186344238976,1.73761946133797,124.99999999999974,36.89024390243903
2013-08-03 21,40.54054054054055,1.73761946133797,137.19512195121925,44.51219512195117
2013-08-03 22,33.428165007112376,1.73761946133797,125.50813008130076,42.98780487804875
2013-08-03 23,35.384068278805124,1.73761946133797,133.638211382114,43.29268292682925
2013-08-04 00,36.628733997155074,1.73761946133797,126.52439024390225,38.71951219512195
2013-08-04 01,29.516358463726878,1.73761946133797,108.739837398374,38.109756097560975
2013-08-04 02,24.5376955903272,1.73761946133797,94.5121951219512,35.67073170731705
2013-08-04 03,24.359886201991475,1.73761946133797,86.890243902439,32.3170731707317
2013-08-04 04,23.648648648648624,1.73761946133797,82.3170731707317,28.963414634146325
2013-08-04 05,24.89331436699857,1.73761946133797,72.66260162601625,27.74390243902437
2013-08-04 06,32.18349928876245,1.73761946133797,57.41869918699185,24.085365853658523
2013-08-04 07,31.65007112375535,1.73761946133797,60.46747967479678,28.65853658536585
2013-08-04 08,33.96159317211948,1.73761946133797,74.69512195121953,24.695121951219527
2013-08-04 09,38.94025604551918,1.73761946133797,86.3821138211382,21.951219512195124
2013-08-04 10,40.18492176386913,1.73761946133797,117.88617886178876,23.78048780487805
2013-08-04 11,41.07396870554765,1.73761946133797,141.26016260162575,29.573170731707325
2013-08-04 12,41.07396870554768,1.73761946133797,140.75203252032526,30.79268292682928
2013-08-04 13,36.628733997155024,1.73761946133797,127.03252032520324,22.560975609756127
2013-08-04 14,33.25035561877667,1.73761946133797,96.03658536585364,19.512195121951223
2013-08-04 15,31.29445234708393,1.73761946133797,94.0040650406504,23.170731707317078
2013-08-04 16,29.8719772403983,1.73761946133797,95.52845528455288,21.34146341463415
2013-08-04 17,33.07254623044098,1.73761946133797,88.41463414634146,24.695121951219495
2013-08-04 18,38.5846372688478,1.73761946133797,86.890243902439,26.82926829268293
2013-08-04 19,41.9630156472262,1.73761946133797,87.39837398373982,35.36585365853655
2013-08-04 20,41.9630156472262,1.73761946133797,105.69105691056896,31.707317073170724
2013-08-04 21,41.07396870554768,1.954821894005215,150.40650406504074,38.109756097560975
2013-08-04 22,34.1394025604552,1.73761946133797,143.29268292682926,47.5609756097561
2013-08-04 23,36.45092460881935,1.73761946133797,121.44308943089425,57.62195121951223
2013-08-05 00,35.56187766714083,1.73761946133797,122.96747967479676,53.96341463414635
2013-08-05 01,27.027027027027025,1.73761946133797,104.67479674796758,49.39024390243903
2013-08-05 02,23.2930298719772,1.73761946133797,92.98780487804878,42.3780487804878
2013-08-05 03,25.42674253200568,1.73761946133797,88.41463414634146,42.98780487804875
2013-08-05 04,24.182076813655776,1.73761946133797,75.20325203252033,42.68292682926827
2013-08-05 05,24.8933143669986,1.73761946133797,72.15447154471548,44.20731707317072
2013-08-05 06,32.71692745376955,1.73761946133797,59.45121951219512,37.8048780487805
2013-08-05 07,38.4068278805121,1.73761946133797,75.20325203252035,39.02439024390243
2013-08-05 08,40.89615931721195,1.73761946133797,83.84146341463412,39.02439024390245
2013-08-05 09,40.0071123755334,1.73761946133797,81.80894308943087,38.71951219512192
2013-08-05 10,39.2958748221906,1.73761946133797,88.92276422764228,39.02439024390242
2013-08-05 11,35.56187766714083,1.73761946133797,92.47967479674796,47.86585365853655
2013-08-05 12,33.4281650071124,2.17202432667246,100.60975609756102,47.5609756097561
2013-08-05 13,31.472261735419625,1.73761946133797,93.49593495934955,35.3658536585366
2013-08-05 14,32.71692745376957,2.3892267593397047,82.3170731707317,42.0731707317073
2013-08-05 15,30.938833570412505,1.73761946133797,88.92276422764225,48.170731707317046
2013-08-05 16,30.7610241820768,1.73761946133797,102.64227642276428,46.951219512195095
2013-08-05 17,31.4722617354196,1.73761946133797,100.10162601626004,52.13414634146343
2013-08-05 18,35.5618776671408,1.73761946133797,99.59349593495948,58.53658536585368
2013-08-05 19,39.2958748221906,1.73761946133797,126.0162601626015,57.01219512195125
2013-08-05 20,39.2958748221906,1.954821894005215,120.93495934959375,46.951219512195095
2013-08-05 21,39.1180654338549,1.73761946133797,139.7357723577235,46.95121951219512
2013-08-05 22,35.028449502133725,1.73761946133797,142.27642276422776,71.64634146341461
2013-08-05 23,34.850640113798,1.73761946133797,135.16260162601623,66.46341463414635
2013-08-06 00,35.0284495021337,1.73761946133797,109.75609756097548,59.14634146341465
2013-08-06 01,26.671408250355626,1.73761946133797,101.6260162601627,51.52439024390242
2013-08-06 02,23.4708392603129,1.73761946133797,85.3658536585366,47.2560975609756
2013-08-06 03,24.89331436699857,1.73761946133797,86.89024390243901,47.86585365853657
2013-08-06 04,24.00426742532008,1.73761946133797,79.77642276422765,46.64634146341462
2013-08-06 05,24.8933143669986,1.73761946133797,76.21951219512195,48.475609756097526
2013-08-06 06,33.07254623044095,1.73761946133797,58.943089430894354,41.463414634146325
2013-08-06 07,36.628733997155024,1.73761946133797,70.63008130081303,32.3170731707317
2013-08-06 08,38.9402560455192,1.73761946133797,86.89024390243902,30.79268292682925
2013-08-06 09,37.69559032716928,1.73761946133797,90.95528455284554,31.402439024390222
2013-08-06 10,36.62873399715505,1.73761946133797,86.38211382113818,39.3292682926829
2013-08-06 11,25.96017069701277,1.73761946133797,104.16666666666676,43.59756097560975
2013-08-06 12,32.36130867709815,2.17202432667246,111.28048780487823,41.15853658536582
2013-08-06 13,30.4054054054054,1.73761946133797,87.90650406504065,37.49999999999997
2013-08-06 14,30.9388335704125,1.73761946133797,78.76016260162604,44.20731707317073
2013-08-06 15,28.805120910384097,1.73761946133797,91.97154471544724,52.13414634146343
2013-08-06 16,29.6941678520626,1.73761946133797,83.84146341463415,37.8048780487805
2013-08-06 17,31.29445234708393,1.73761946133797,93.49593495934955,49.6951219512195
2013-08-06 18,39.47368421052633,1.73761946133797,108.23170731707322,56.40243902439025
2013-08-06 19,41.60739687055477,1.73761946133797,130.58943089430875,61.58536585365855
2013-08-06 20,41.7852062588905,1.73761946133797,132.11382113821125,56.40243902439028
2013-08-06 21,40.18492176386913,1.73761946133797,139.2276422764225,59.75609756097562
2013-08-06 22,33.60597439544807,1.73761946133797,150.91463414634148,66.76829268292684
2013-08-06 23,31.650071123755325,1.73761946133797,129.0650406504065,68.90243902439028
2013-08-07 00,34.49502133712657,1.73761946133797,131.09756097560975,62.19512195121953
2013-08-07 01,28.627311522048373,1.73761946133797,100.60975609756088,60.975609756097576
2013-08-07 02,24.182076813655776,1.73761946133797,96.5447154471545,54.57317073170735
2013-08-07 03,24.89331436699857,1.73761946133797,88.92276422764228,48.47560975609755
2013-08-07 04,24.7155049786629,1.73761946133797,80.79268292682927,47.256097560975576
2013-08-07 05,24.8933143669986,1.73761946133797,71.13821138211382,48.47560975609755
2013-08-07 06,33.42816500711235,1.73761946133797,63.00813008130083,41.7682926829268
2013-08-07 07,38.9402560455192,1.73761946133797,72.15447154471542,45.731707317073145
2013-08-07 08,41.60739687055477,1.73761946133797,85.87398373983737,51.21951219512198
2013-08-07 09,38.7624466571835,1.954821894005215,91.97154471544717,48.170731707317074
2013-08-07 10,36.45092460881938,1.73761946133797,98.06910569105688,48.47560975609755
2013-08-07 11,39.651493598862025,1.73761946133797,114.8373983739835,58.53658536585368
2013-08-07 12,38.05120910384068,2.17202432667246,109.75609756097552,53.048780487804905
2013-08-07 13,34.672830725462305,2.17202432667246,95.5284552845528,44.51219512195122
2013-08-07 14,33.25035561877667,1.73761946133797,88.41463414634146,39.9390243902439
2013-08-07 15,31.472261735419625,1.73761946133797,89.43089430894307,44.81707317073168
2013-08-07 16,30.7610241820768,1.73761946133797,91.97154471544722,42.6829268292683
2013-08-07 17,32.18349928876245,1.73761946133797,88.41463414634154,34.756097560975604
2013-08-07 18,39.8293029871977,1.73761946133797,91.97154471544712,45.42682926829265
2013-08-07 19,41.9630156472262,1.73761946133797,122.459349593496,52.74390243902442
2013-08-07 20,42.1408250355619,1.73761946133797,120.9349593495935,53.3536585365854
2013-08-07 21,41.07396870554765,2.17202432667246,135.67073170731726,43.90243902439025
2013-08-07 22,36.09530583214792,1.954821894005215,137.70325203252025,50.60975609756095
2013-08-07 23,32.71692745376957,1.73761946133797,115.85365853658524,50.30487804878047
2013-08-08 00,35.384068278805096,1.73761946133797,108.739837398374,36.28048780487805
2013-08-08 01,29.160739687055475,1.73761946133797,93.49593495934955,32.92682926829265
2013-08-08 02,24.7155049786629,1.73761946133797,89.9390243902439,29.878048780487774
2013-08-08 03,25.7823613086771,1.73761946133797,74.6951219512195,29.268292682926848
2013-08-08 04,25.0711237553343,1.73761946133797,81.8089430894309,30.48780487804877
2013-08-08 05,24.8933143669986,1.73761946133797,69.61382113821136,29.5731707317073
2013-08-08 06,33.96159317211945,1.73761946133797,53.35365853658535,23.170731707317078
2013-08-08 07,39.295874822190655,1.73761946133797,74.18699186991873,29.573170731707325
2013-08-08 08,41.6073968705548,1.73761946133797,81.8089430894309,33.84146341463415
2013-08-08 09,40.0071123755334,1.73761946133797,78.760162601626,27.439024390243876
2013-08-08 10,40.36273115220482,1.73761946133797,78.76016260162604,34.14634146341463
2013-08-08 11,36.98435277382645,1.73761946133797,97.56097560975596,35.36585365853657
2013-08-08 12,34.3172119487909,1.954821894005215,106.70731707317066,47.86585365853657
2013-08-08 13,31.650071123755325,1.954821894005215,92.98780487804882,33.536585365853654
2013-08-08 14,33.60597439544807,1.73761946133797,96.03658536585364,35.36585365853658
2013-08-08 15,32.18349928876245,1.73761946133797,106.19918699187,41.76829268292683
2013-08-08 16,30.049786628734,1.73761946133797,103.65853658536577,47.86585365853657
2013-08-08 17,32.005689900426724,1.73761946133797,94.5121951219512,54.57317073170733
2013-08-08 18,40.007112375533424,1.73761946133797,108.73983739837402,59.14634146341465
2013-08-08 19,42.8520625889047,1.73761946133797,134.65447154471525,57.92682926829268
2013-08-08 20,43.5633001422475,1.954821894005215,134.6544715447155,56.097560975609774
2013-08-08 21,42.31863442389758,2.17202432667246,145.32520325203225,57.317073170731724
2013-08-08 22,35.5618776671408,1.73761946133797,140.75203252032526,56.40243902439028
2013-08-08 23,32.894736842105246,1.73761946133797,110.2642276422765,68.29268292682927
2013-08-09 00,36.09530583214792,1.73761946133797,113.313008130081,64.6341463414634
2013-08-09 01,29.160739687055475,1.73761946133797,104.67479674796752,61.89024390243905
2013-08-09 02,24.3598862019915,1.73761946133797,95.02032520325211,56.40243902439028
2013-08-09 03,25.7823613086771,1.73761946133797,86.3821138211382,55.182926829268325
2013-08-09 04,25.0711237553343,1.73761946133797,82.82520325203252,55.487804878048806
2013-08-09 05,24.8933143669986,1.73761946133797,77.23577235772358,55.487804878048806
2013-08-09 06,34.6728307254623,2.17202432667246,61.4837398373984,50.609756097560975
2013-08-09 07,39.65149359886205,1.73761946133797,82.82520325203252,59.14634146341465
2013-08-09 08,42.3186344238976,1.73761946133797,99.0853658536585,45.42682926829268
2013-08-09 09,41.9630156472262,1.73761946133797,100.60975609756102,44.5121951219512
2013-08-09 10,41.60739687055477,1.73761946133797,96.03658536585375,45.731707317073145
2013-08-09 11,40.89615931721195,1.954821894005215,100.60975609756102,45.42682926829265
2013-08-09 12,40.71834992887625,1.73761946133797,121.95121951219524,47.86585365853655
2013-08-09 13,37.69559032716927,1.73761946133797,109.24796747967476,40.24390243902437
2013-08-09 14,34.850640113798,1.73761946133797,101.11788617886184,42.3780487804878
2013-08-09 15,32.894736842105274,1.73761946133797,97.5609756097562,49.08536585365855
2013-08-09 16,34.850640113798,1.73761946133797,90.9552845528455,56.70731707317075
2013-08-09 17,35.2062588904694,1.73761946133797,103.65853658536582,64.02439024390243
2013-08-09 18,40.36273115220485,1.73761946133797,111.788617886179,65.54878048780488
2013-08-09 19,43.3854907539118,1.954821894005215,141.76829268292676,52.1341463414634
2013-08-09 20,46.94167852062588,1.73761946133797,140.24390243902425,54.57317073170733
2013-08-09 21,43.918918918918926,2.3892267593397047,157.0121951219513,63.71951219512195
2013-08-09 22,39.29587482219057,1.73761946133797,162.09349593495926,75.3048780487805
2013-08-09 23,34.4950213371266,1.73761946133797,140.75203252032526,73.47560975609755
2013-08-10 00,38.94025604551918,1.73761946133797,124.49186991869924,71.95121951219515
2013-08-10 01,30.7610241820768,1.73761946133797,110.2642276422765,53.35365853658537
2013-08-10 02,24.8933143669986,1.73761946133797,101.6260162601627,39.634146341463406
2013-08-10 03,26.137980085348502,1.73761946133797,97.0528455284553,40.24390243902435
2013-08-10 04,25.6045519203414,1.73761946133797,90.44715447154482,40.85365853658535
2013-08-10 05,24.8933143669986,1.73761946133797,84.34959349593495,39.9390243902439
2013-08-10 06,33.6059743954481,2.17202432667246,72.66260162601627,35.36585365853657
2013-08-10 07,37.69559032716925,1.73761946133797,77.23577235772358,39.6341463414634
2013-08-10 08,41.07396870554765,1.73761946133797,94.5121951219512,48.47560975609755
2013-08-10 09,41.42958748221908,1.73761946133797,110.26422764227632,61.28048780487805
2013-08-10 10,42.1408250355619,1.73761946133797,110.77235772357724,58.23170731707315
2013-08-10 11,40.89615931721195,1.73761946133797,106.19918699187008,52.74390243902442
2013-08-10 12,41.07396870554768,1.73761946133797,115.34552845528476,49.08536585365852
2013-08-10 13,40.18492176386913,1.73761946133797,108.739837398374,42.68292682926825
2013-08-10 14,38.05120910384068,1.73761946133797,107.21544715447185,45.42682926829265
2013-08-10 15,33.783783783783775,1.73761946133797,109.24796747967495,44.817073170731696
2013-08-10 16,32.539118065433854,1.73761946133797,112.8048780487805,54.8780487804878
2013-08-10 17,34.49502133712663,1.73761946133797,100.60975609756098,56.70731707317075
2013-08-10 18,40.89615931721195,1.73761946133797,110.2642276422765,59.14634146341463
2013-08-10 19,44.0967283072546,1.73761946133797,119.918699186992,49.69512195121953
2013-08-10 20,45.87482219061165,1.73761946133797,141.26016260162575,63.10975609756101
2013-08-10 21,43.2076813655761,1.73761946133797,160.56910569105676,69.51219512195122
2013-08-10 22,37.69559032716927,1.73761946133797,140.75203252032526,74.69512195121953
2013-08-10 23,34.3172119487909,1.73761946133797,123.98373983739825,77.4390243902439
2013-08-11 00,37.69559032716927,1.73761946133797,126.01626016260175,64.63414634146343
2013-08-11 01,30.22759601706968,1.73761946133797,123.98373983739825,61.28048780487805
2013-08-11 02,24.7155049786629,1.73761946133797,111.280487804878,49.08536585365855
2013-08-11 03,25.4267425320057,1.73761946133797,103.15040650406507,39.02439024390243
2013-08-11 04,24.7155049786629,1.73761946133797,91.97154471544717,38.109756097560975
2013-08-11 05,24.182076813655776,1.73761946133797,92.47967479674796,41.7682926829268
2013-08-11 06,30.938833570412505,1.73761946133797,67.07317073170732,34.756097560975604
2013-08-11 07,34.4950213371266,1.73761946133797,80.28455284552845,35.97560975609755
2013-08-11 08,38.40682788051208,1.73761946133797,98.57723577235772,37.49999999999998
2013-08-11 09,41.6073968705548,1.73761946133797,92.98780487804876,43.29268292682927
2013-08-11 10,41.9630156472262,1.73761946133797,102.64227642276416,44.5121951219512
2013-08-11 11,41.2517780938834,1.73761946133797,125.0,47.5609756097561
2013-08-11 12,41.251778093883374,1.954821894005215,136.68699186991898,44.20731707317075
2013-08-11 13,37.517780938833546,1.73761946133797,116.361788617886,26.82926829268293
2013-08-11 14,36.273115220483646,1.73761946133797,118.3943089430895,29.5731707317073
2013-08-11 15,34.4950213371266,1.954821894005215,111.280487804878,29.268292682926823
2013-08-11 16,31.47226173541965,1.73761946133797,99.08536585365854,29.268292682926827
2013-08-11 17,31.827880512091028,1.73761946133797,94.0040650406504,28.963414634146325
2013-08-11 18,38.2290184921764,1.73761946133797,96.54471544715445,30.4878048780488
2013-08-11 19,43.385490753911824,1.954821894005215,105.18292682926828,38.71951219512195
2013-08-11 20,47.475106685633,1.954821894005215,128.55691056910575,42.68292682926828
2013-08-11 21,43.918918918918926,1.73761946133797,157.0121951219513,54.57317073170732
2013-08-11 22,37.517780938833575,1.73761946133797,167.1747967479675,82.92682926829268
2013-08-11 23,35.56187766714083,1.73761946133797,140.2439024390245,73.78048780487805
2013-08-12 00,40.540540540540526,1.73761946133797,131.09756097560975,68.29268292682927
2013-08-12 01,30.5832147937411,1.73761946133797,109.24796747967474,58.84146341463418
2013-08-12 02,24.7155049786629,1.73761946133797,100.10162601626016,55.182926829268325
2013-08-12 03,26.137980085348502,1.73761946133797,100.1016260162602,55.487804878048806
2013-08-12 04,25.4267425320057,1.73761946133797,92.47967479674794,55.7926829268293
2013-08-12 05,25.0711237553343,1.73761946133797,91.97154471544718,57.9268292682927
2013-08-12 06,33.96159317211945,1.73761946133797,69.61382113821139,48.78048780487805
2013-08-12 07,39.65149359886205,1.73761946133797,78.2520325203252,51.21951219512198
2013-08-12 08,41.7852062588905,1.73761946133797,92.98780487804876,62.19512195121953
2013-08-12 09,40.71834992887622,1.73761946133797,92.47967479674791,61.58536585365855
2013-08-12 10,39.2958748221906,1.73761946133797,90.44715447154468,67.37804878048783
2013-08-12 11,33.783783783783775,1.73761946133797,104.16666666666676,59.756097560975626
2013-08-12 12,28.44950213371265,1.73761946133797,116.869918699187,53.048780487804905
2013-08-12 13,14.2247510668563,1.73761946133797,102.13414634146348,42.0731707317073
2013-08-12 14,13.5135135135135,1.73761946133797,88.41463414634148,47.8658536585366
2013-08-12 15,14.93598862019915,1.73761946133797,90.4471544715447,59.756097560975626
2013-08-12 16,26.49359886201993,1.73761946133797,96.0365853658538,61.58536585365855
2013-08-12 17,31.82788051209105,1.73761946133797,97.05284552845518,68.90243902439022
2013-08-12 18,38.5846372688478,1.73761946133797,98.57723577235768,68.59756097560978
2013-08-12 19,42.8520625889047,1.73761946133797,139.73577235772376,71.34146341463412
2013-08-12 20,43.3854907539118,1.73761946133797,131.0975609756095,59.14634146341465
2013-08-12 21,42.14082503556188,2.17202432667246,146.341463414634,61.585365853658544
2013-08-12 22,36.62873399715505,2.17202432667246,146.34146341463426,67.37804878048783
2013-08-12 23,32.539118065433826,1.73761946133797,115.8536585365855,64.9390243902439
2013-08-13 00,37.517780938833575,1.73761946133797,118.3943089430895,64.02439024390245
2013-08-13 01,29.160739687055475,1.73761946133797,109.24796747967476,65.85365853658537
2013-08-13 02,24.3598862019915,1.73761946133797,95.52845528455288,55.7926829268293
2013-08-13 03,25.4267425320057,1.73761946133797,88.41463414634146,41.15853658536585
2013-08-13 04,24.7155049786629,1.73761946133797,82.3170731707317,39.6341463414634
2013-08-13 05,24.5376955903272,1.73761946133797,78.76016260162604,42.378048780487774
2013-08-13 06,33.428165007112355,1.73761946133797,67.58130081300816,36.890243902439
2013-08-13 07,38.58463726884777,1.73761946133797,72.66260162601628,37.80487804878047
2013-08-13 08,41.07396870554768,1.73761946133797,87.90650406504072,49.390243902439
2013-08-13 09,40.5405405405405,1.73761946133797,82.3170731707317,46.34146341463412
2013-08-13 10,38.7624466571835,1.73761946133797,105.69105691056924,51.82926829268296
2013-08-13 11,35.917496443812254,1.73761946133797,102.13414634146376,46.34146341463415
2013-08-13 12,34.3172119487909,1.73761946133797,114.329268292683,39.63414634146343
2013-08-13 13,33.6059743954481,1.73761946133797,108.73983739837408,36.28048780487803
2013-08-13 14,32.89473684210525,1.954821894005215,91.46341463414632,48.170731707317074
2013-08-13 15,32.539118065433875,1.73761946133797,103.65853658536588,44.5121951219512
2013-08-13 16,30.938833570412505,1.73761946133797,101.6260162601626,64.32926829268293
2013-08-13 17,32.894736842105274,1.73761946133797,93.49593495934968,67.3780487804878
2013-08-13 18,38.0512091038407,1.73761946133797,97.05284552845517,70.42682926829269
2013-08-13 19,40.71834992887625,1.73761946133797,148.3739837398375,68.90243902439025
2013-08-13 20,42.3186344238976,1.73761946133797,138.211382113821,63.41463414634147
2013-08-13 21,39.29587482219063,2.17202432667246,140.24390243902425,65.2439024390244
2013-08-13 22,35.2062588904694,1.73761946133797,152.43902439024376,87.1951219512195
2013-08-13 23,33.783783783783775,1.73761946133797,147.3577235772355,100.91463414634154
2013-08-14 00,35.739687055476494,1.73761946133797,136.178861788618,89.6341463414634
2013-08-14 01,29.338549075391175,1.73761946133797,116.869918699187,85.97560975609755
2013-08-14 02,28.093883357041275,1.73761946133797,98.06910569105692,77.1341463414634
2013-08-14 03,28.805120910384097,1.73761946133797,100.10162601626024,68.29268292682924
2013-08-14 04,28.6273115220484,1.73761946133797,95.02032520325211,62.804878048780495
2013-08-14 05,28.4495021337127,1.73761946133797,91.4634146341463,64.32926829268293
2013-08-14 06,28.6273115220484,1.73761946133797,72.15447154471542,43.90243902439023
2013-08-14 07,41.9630156472262,1.73761946133797,85.8739837398374,46.95121951219512
2013-08-14 08,39.29587482219063,1.73761946133797,89.9390243902439,50.60975609756095
2013-08-14 09,36.98435277382647,1.73761946133797,95.52845528455292,54.5731707317073
2013-08-14 10,36.273115220483646,1.73761946133797,92.98780487804883,47.5609756097561
2013-08-14 11,35.3840682788051,1.73761946133797,109.2479674796749,46.036585365853625
2013-08-14 12,35.0284495021337,1.73761946133797,110.77235772357731,52.7439024390244
2013-08-14 13,33.783783783783804,1.73761946133797,112.29674796747985,52.7439024390244
2013-08-14 14,33.07254623044095,1.73761946133797,96.5447154471545,52.13414634146343
2013-08-14 15,31.1166429587482,1.73761946133797,96.03658536585354,59.756097560975626
2013-08-14 16,31.650071123755325,1.73761946133797,117.88617886178878,58.2317073170732
2013-08-14 17,32.36130867709817,1.73761946133797,112.8048780487805,62.5
2013-08-14 18,34.85064011379802,1.73761946133797,114.8373983739839,65.85365853658539
2013-08-14 19,42.14082503556188,1.73761946133797,137.1951219512195,68.90243902439025
2013-08-14 20,43.029871977240376,1.73761946133797,154.97967479674776,70.1219512195122
2013-08-14 21,38.7624466571835,1.73761946133797,144.81707317073176,77.4390243902439
2013-08-14 22,32.71692745376955,1.73761946133797,161.58536585365852,84.14634146341464
2013-08-14 23,32.36130867709815,1.73761946133797,153.45528455284526,86.890243902439
2013-08-15 00,34.4950213371266,1.73761946133797,132.11382113821125,79.57317073170734
2013-08-15 01,28.09388335704125,1.73761946133797,126.0162601626015,60.670731707317074
2013-08-15 02,23.82645803698435,1.73761946133797,106.19918699187,50.30487804878047
2013-08-15 03,25.24893314367,1.73761946133797,108.739837398374,46.34146341463412
2013-08-15 04,25.07112375533428,1.73761946133797,94.5121951219512,45.42682926829265
2013-08-15 05,24.7155049786629,1.73761946133797,95.020325203252,48.78048780487805
2013-08-15 06,32.00568990042675,1.73761946133797,77.23577235772355,40.54878048780485
2013-08-15 07,35.56187766714082,1.73761946133797,80.79268292682927,43.90243902439025
2013-08-15 08,38.4068278805121,1.73761946133797,95.020325203252,47.86585365853657
2013-08-15 09,40.89615931721195,1.73761946133797,91.4634146341463,45.42682926829265
2013-08-15 10,40.18492176386913,1.73761946133797,102.13414634146328,42.98780487804875
2013-08-15 11,38.5846372688478,1.73761946133797,122.96747967479658,48.78048780487805
2013-08-15 12,40.540540540540526,1.73761946133797,139.22764227642276,47.2560975609756
2013-08-15 13,39.651493598862,1.73761946133797,97.05284552845546,40.54878048780485
2013-08-15 14,37.87339971550497,1.73761946133797,92.47967479674794,37.19512195121951
2013-08-15 15,34.139402560455224,1.73761946133797,96.54471544715436,32.6219512195122
2013-08-15 16,32.005689900426724,1.73761946133797,106.19918699186982,31.09756097560975
2013-08-15 17,32.71692745376957,1.73761946133797,100.60975609756105,32.92682926829268
2013-08-15 18,34.850640113798,1.73761946133797,91.97154471544712,37.19512195121951
2013-08-15 19,39.4736842105263,1.954821894005215,99.59349593495922,50.0
2013-08-15 20,42.8520625889047,1.954821894005215,116.869918699187,59.14634146341465
2013-08-15 21,38.2290184921764,2.3892267593397047,152.43902439024376,58.53658536585365
2013-08-15 22,32.539118065433826,1.954821894005215,140.24390243902425,52.43902439024395
2013-08-15 23,31.472261735419625,1.73761946133797,137.19512195121925,55.7926829268293
2013-08-16 00,33.428165007112376,1.73761946133797,137.70325203252025,53.35365853658538
2013-08-16 01,28.27169274537695,1.73761946133797,106.70731707317084,43.59756097560975
2013-08-16 02,24.182076813655776,1.73761946133797,92.47967479674796,38.41463414634148
2013-08-16 03,26.137980085348477,1.73761946133797,91.46341463414632,38.414634146341456
2013-08-16 04,25.24893314367,1.73761946133797,81.30081300813008,39.02439024390242
2013-08-16 05,24.8933143669986,1.73761946133797,88.41463414634146,40.85365853658535
2013-08-16 06,32.894736842105246,1.73761946133797,74.1869918699187,34.14634146341463
2013-08-16 07,36.628733997155024,1.73761946133797,82.82520325203252,41.463414634146325
2013-08-16 08,36.09530583214795,1.73761946133797,104.16666666666649,44.2073170731707
2013-08-16 09,33.783783783783804,1.73761946133797,96.03658536585364,54.26829268292683
2013-08-16 10,34.1394025604552,1.73761946133797,106.19918699186972,58.53658536585365
2013-08-16 11,32.894736842105274,1.73761946133797,108.2317073170731,65.2439024390244
2013-08-16 12,33.2503556187767,1.73761946133797,121.44308943089425,57.6219512195122
2013-08-16 13,33.783783783783804,1.73761946133797,113.31300813008131,51.52439024390245
2013-08-16 14,33.9615931721195,1.73761946133797,98.06910569105683,52.4390243902439
2013-08-16 15,30.4054054054054,1.73761946133797,100.10162601626016,59.14634146341466
2013-08-16 16,29.516358463726903,1.73761946133797,102.64227642276433,41.463414634146325
2013-08-16 17,32.71692745376955,2.17202432667246,86.3821138211382,50.609756097560975
2013-08-16 18,32.8947368421053,1.954821894005215,108.73983739837396,55.7926829268293
2013-08-16 19,37.33997155049788,1.73761946133797,132.62195121951223,64.93902439024393
2013-08-16 20,37.87339971550495,1.954821894005215,132.1138211382115,58.84146341463418
2013-08-16 21,34.1394025604552,1.73761946133797,151.42276422764226,60.97560975609757
2013-08-16 22,31.116642958748223,1.73761946133797,137.7032520325205,73.47560975609755
2013-08-16 23,30.583214793741124,1.73761946133797,136.68699186991876,78.96341463414632
2013-08-17 00,34.1394025604552,1.73761946133797,118.3943089430895,67.07317073170735
2013-08-17 01,29.16073968705545,1.73761946133797,113.821138211382,58.84146341463418
2013-08-17 02,25.24893314367,1.73761946133797,97.56097560975611,54.57317073170735
2013-08-17 03,27.20483641536275,1.73761946133797,99.59349593495948,54.87804878048783
2013-08-17 04,27.204836415362724,1.73761946133797,87.90650406504062,54.57317073170735
2013-08-17 05,26.3157894736842,1.73761946133797,86.890243902439,49.39024390243903
2013-08-17 06,31.116642958748223,1.73761946133797,68.59756097560978,36.58536585365852
2013-08-17 07,32.36130867709817,1.73761946133797,77.23577235772358,33.84146341463413
2013-08-17 08,32.894736842105274,1.73761946133797,90.44715447154476,42.68292682926828
2013-08-17 09,33.783783783783804,1.73761946133797,87.90650406504062,46.95121951219512
2013-08-17 10,35.56187766714083,1.73761946133797,92.47967479674794,51.52439024390242
2013-08-17 11,33.250355618776695,1.73761946133797,107.72357723577215,44.5121951219512
2013-08-17 12,34.1394025604552,1.73761946133797,107.2154471544715,37.1951219512195
2013-08-17 13,33.4281650071124,1.73761946133797,109.75609756097552,28.35365853658537
2013-08-17 14,33.6059743954481,1.73761946133797,112.29674796747976,41.463414634146325
2013-08-17 15,32.53911806543385,1.73761946133797,115.3455284552845,35.36585365853658
2013-08-17 16,31.2944523470839,1.73761946133797,118.3943089430895,46.03658536585365
2013-08-17 17,32.894736842105274,1.73761946133797,102.13414634146358,40.54878048780488
2013-08-17 18,35.384068278805124,1.73761946133797,109.75609756097558,43.59756097560975
2013-08-17 19,38.05120910384068,1.73761946133797,111.78861788617876,45.12195121951218
2013-08-17 20,39.82930298719775,2.17202432667246,127.03252032520324,59.45121951219512
2013-08-17 21,35.73968705547655,1.954821894005215,132.11382113821125,70.73170731707317
2013-08-17 22,31.29445234708393,1.73761946133797,133.13008130081275,55.7926829268293
2013-08-17 23,31.650071123755325,1.73761946133797,122.459349593496,54.87804878048783
2013-08-18 00,33.783783783783804,1.73761946133797,131.6056910569105,58.84146341463418
2013-08-18 01,29.8719772403983,1.73761946133797,104.16666666666664,53.65853658536588
2013-08-18 02,24.8933143669986,1.73761946133797,94.0040650406504,47.86585365853658
2013-08-18 03,26.3157894736842,1.73761946133797,84.34959349593495,38.10975609756096
2013-08-18 04,25.24893314367,1.73761946133797,88.41463414634146,37.19512195121951
2013-08-18 05,25.9601706970128,1.73761946133797,84.34959349593495,39.634146341463406
2013-08-18 06,30.938833570412548,1.73761946133797,66.5650406504065,36.28048780487805
2013-08-18 07,30.938833570412527,1.73761946133797,70.630081300813,32.0121951219512
2013-08-18 08,32.36130867709817,1.73761946133797,80.28455284552845,33.84146341463413
2013-08-18 09,33.4281650071124,1.73761946133797,86.38211382113818,42.98780487804878
2013-08-18 10,35.5618776671408,1.73761946133797,91.46341463414632,42.3780487804878
2013-08-18 11,34.6728307254623,2.17202432667246,132.1138211382115,44.20731707317073
2013-08-18 12,36.45092460881935,1.73761946133797,146.34146341463423,46.34146341463415
2013-08-18 13,34.3172119487909,1.73761946133797,118.90243902439,39.3292682926829
2013-08-18 14,32.539118065433875,1.954821894005215,104.6747967479676,32.92682926829268
2013-08-18 15,30.5832147937411,1.73761946133797,98.06910569105692,34.756097560975604
2013-08-18 16,29.1607396870555,1.73761946133797,102.6422764227644,28.35365853658535
2013-08-18 17,31.82788051209105,1.73761946133797,102.13414634146376,29.268292682926823
2013-08-18 18,33.96159317211948,1.73761946133797,101.11788617886177,34.14634146341463
2013-08-18 19,38.94025604551917,1.73761946133797,126.5243902439025,46.64634146341462
2013-08-18 20,42.4964438122333,1.73761946133797,137.19512195121925,49.69512195121953
2013-08-18 21,37.33997155049787,1.73761946133797,141.26016260162575,53.04878048780488
2013-08-18 22,31.65007112375535,1.73761946133797,137.70325203252025,59.45121951219512
2013-08-18 23,31.472261735419625,1.73761946133797,116.36178861788623,60.06097560975613
2013-08-19 00,33.60597439544807,1.73761946133797,118.3943089430895,49.390243902439
2013-08-19 01,29.5163584637269,1.73761946133797,108.231707317073,40.24390243902437
2013-08-19 02,24.5376955903272,1.73761946133797,96.54471544715447,40.24390243902437
2013-08-19 03,26.137980085348477,1.73761946133797,93.49593495934955,38.10975609756096
2013-08-19 04,25.248933143669973,1.73761946133797,90.4471544715447,37.19512195121951
2013-08-19 05,25.0711237553343,1.73761946133797,84.85772357723577,40.2439024390244
2013-08-19 06,31.294452347083947,1.73761946133797,71.13821138211382,34.14634146341463
2013-08-19 07,33.428165007112376,1.73761946133797,80.28455284552845,33.84146341463415
2013-08-19 08,35.0284495021337,1.73761946133797,80.79268292682927,43.90243902439022
2013-08-19 09,34.850640113798,2.17202432667246,73.67886178861787,43.29268292682922
2013-08-19 10,36.273115220483646,1.73761946133797,84.85772357723577,50.91463414634148
2013-08-19 11,33.4281650071124,1.73761946133797,98.06910569105705,53.04878048780488
2013-08-19 12,33.072546230441,1.73761946133797,113.82113821138223,46.64634146341462
2013-08-19 13,33.07254623044098,1.954821894005215,93.49593495934968,44.20731707317072
2013-08-19 14,32.005689900426724,1.73761946133797,86.38211382113822,38.10975609756096
2013-08-19 15,31.29445234708393,1.954821894005215,87.90650406504065,54.57317073170732
2013-08-19 16,29.160739687055475,1.73761946133797,90.95528455284564,56.70731707317075
2013-08-19 17,32.00568990042673,1.73761946133797,98.57723577235762,62.19512195121953
2013-08-19 18,35.20625889046943,1.73761946133797,99.08536585365847,66.46341463414635
2013-08-19 19,39.29587482219063,1.73761946133797,112.29674796747976,67.3780487804878
2013-08-19 20,42.4964438122333,1.73761946133797,124.49186991869924,64.63414634146342
2013-08-19 21,38.05120910384071,1.73761946133797,149.89837398373976,59.45121951219515
2013-08-19 22,32.539118065433875,1.954821894005215,151.42276422764223,64.93902439024393
2013-08-19 23,31.116642958748223,1.73761946133797,140.2439024390245,75.30487804878048
2013-08-20 00,33.2503556187767,1.73761946133797,130.58943089430926,68.59756097560975
2013-08-20 01,28.80512091038408,1.73761946133797,103.65853658536608,55.48780487804878
2013-08-20 02,24.8933143669986,1.73761946133797,93.49593495934968,39.0243902439024
2013-08-20 03,26.6714082503556,1.73761946133797,97.05284552845536,37.8048780487805
2013-08-20 04,25.9601706970128,1.73761946133797,95.020325203252,38.10975609756096
2013-08-20 05,25.6045519203414,1.73761946133797,87.90650406504062,39.329268292682926
2013-08-20 06,31.650071123755325,1.73761946133797,74.6951219512195,35.06097560975608
2013-08-20 07,34.850640113798,1.73761946133797,83.33333333333334,34.756097560975604
2013-08-20 08,38.22901849217637,1.73761946133797,84.34959349593495,42.3780487804878
2013-08-20 09,37.33997155049787,1.73761946133797,95.52845528455282,46.95121951219512
2013-08-20 10,34.850640113798,1.73761946133797,107.72357723577232,44.2073170731707
2013-08-20 11,32.8947368421053,1.73761946133797,109.7560975609755,57.9268292682927
2013-08-20 12,34.85064011379802,1.73761946133797,116.869918699187,57.3170731707317
2013-08-20 13,32.539118065433854,1.73761946133797,101.62601626016254,58.53658536585368
2013-08-20 14,31.29445234708393,1.73761946133797,93.49593495934968,53.35365853658537
2013-08-20 15,29.8719772403983,1.73761946133797,99.0853658536586,59.756097560975626
2013-08-20 16,29.1607396870555,1.954821894005215,104.67479674796763,62.19512195121952
2013-08-20 17,30.5832147937411,1.73761946133797,93.49593495934955,72.2560975609756
2013-08-20 18,33.4281650071124,1.954821894005215,102.64227642276433,75.0
2013-08-20 19,39.82930298719772,2.17202432667246,116.361788617886,79.57317073170731
2013-08-20 20,47.29729729729733,1.73761946133797,145.83333333333348,72.8658536585366
2013-08-20 21,42.31863442389758,1.73761946133797,152.94715447154476,74.69512195121953
2013-08-20 22,35.20625889046943,1.73761946133797,151.42276422764226,73.78048780487805
2013-08-20 23,33.96159317211948,1.73761946133797,120.9349593495935,69.8170731707317
2013-08-21 00,33.7837837837838,1.73761946133797,115.8536585365855,62.5
2013-08-21 01,29.8719772403983,1.73761946133797,92.98780487804876,54.87804878048783
2013-08-21 02,25.24893314367,1.73761946133797,86.3821138211382,50.60975609756101
2013-08-21 03,27.382645803698477,1.73761946133797,96.54471544715454,50.9146341463415
2013-08-21 04,27.027027027027,1.73761946133797,94.00406504065036,52.13414634146345
2013-08-21 05,26.137980085348502,1.73761946133797,91.97154471544712,53.3536585365854
2013-08-21 06,33.07254623044098,1.73761946133797,80.28455284552845,38.41463414634145
2013-08-21 07,35.5618776671408,1.73761946133797,81.30081300813008,30.48780487804877
2013-08-21 08,36.80654338549075,1.73761946133797,85.87398373983737,42.0731707317073
2013-08-21 09,33.9615931721195,1.73761946133797,88.41463414634146,39.02439024390242
2013-08-21 10,35.38406827880515,1.73761946133797,87.90650406504065,42.3780487804878
2013-08-21 11,33.6059743954481,1.73761946133797,97.56097560975628,44.2073170731707
2013-08-21 12,33.6059743954481,1.73761946133797,102.1341463414634,42.0731707317073
2013-08-21 13,33.4281650071124,1.73761946133797,92.47967479674804,39.3292682926829
2013-08-21 14,31.4722617354196,1.73761946133797,88.92276422764226,38.41463414634145
2013-08-21 15,31.116642958748223,1.73761946133797,91.4634146341463,35.97560975609755
2013-08-21 16,31.4722617354196,1.73761946133797,96.54471544715466,40.24390243902437
2013-08-21 17,32.18349928876243,1.73761946133797,93.49593495934955,41.463414634146325
2013-08-21 18,33.783783783783775,1.73761946133797,92.479674796748,57.62195121951223
2013-08-21 19,40.54054054054055,1.73761946133797,114.8373983739839,56.70731707317075
2013-08-21 20,43.56330014224753,1.73761946133797,142.27642276422773,52.43902439024393
2013-08-21 21,39.47368421052633,1.73761946133797,145.3252032520325,53.0487804878049
2013-08-21 22,32.539118065433875,1.73761946133797,135.670731707317,60.3658536585366
2013-08-21 23,30.583214793741124,1.73761946133797,129.57317073170725,73.47560975609755
2013-08-22 00,33.07254623044098,1.73761946133797,127.540650406504,67.3780487804878
2013-08-22 01,29.8719772403983,1.73761946133797,96.54471544715445,64.02439024390245
2013-08-22 02,25.4267425320057,1.73761946133797,83.33333333333333,58.23170731707317
2013-08-22 03,27.560455192034127,1.73761946133797,82.3170731707317,53.35365853658538
2013-08-22 04,26.8492176386913,1.73761946133797,74.6951219512195,51.52439024390242
2013-08-22 05,26.6714082503556,1.73761946133797,76.21951219512195,36.890243902439
2013-08-22 06,32.71692745376955,1.73761946133797,73.6788617886179,32.01219512195122
2013-08-22 07,34.85064011379797,1.73761946133797,73.17073170731705,31.09756097560975
2013-08-22 08,37.33997155049785,1.73761946133797,82.8252032520325,40.24390243902437
2013-08-22 09,35.73968705547652,1.73761946133797,83.84146341463412,43.90243902439022
2013-08-22 10,35.3840682788051,1.73761946133797,92.98780487804876,54.57317073170731
2013-08-22 11,33.6059743954481,1.73761946133797,113.82113821138202,41.7682926829268
2013-08-22 12,33.25035561877668,1.73761946133797,125.0,42.98780487804877
2013-08-22 13,33.07254623044098,1.73761946133797,113.3130081300815,34.4512195121951
2013-08-22 14,32.71692745376955,1.73761946133797,98.06910569105688,33.84146341463413
2013-08-22 15,30.049786628734,1.73761946133797,121.4430894308945,39.3292682926829
2013-08-22 16,31.827880512091028,1.73761946133797,114.329268292683,43.9024390243902
2013-08-22 17,32.005689900426745,1.73761946133797,99.08536585365854,43.59756097560973
2013-08-22 18,34.139402560455224,1.73761946133797,113.82113821138223,41.15853658536585
2013-08-22 19,39.29587482219063,1.73761946133797,139.22764227642276,39.93902439024387
2013-08-22 20,40.54054054054055,1.73761946133797,128.04878048780475,46.03658536585365
2013-08-22 21,36.62873399715505,1.73761946133797,153.96341463414626,48.78048780487805
2013-08-22 22,32.00568990042673,1.73761946133797,147.86585365853676,64.02439024390245
2013-08-22 23,30.761024182076824,1.73761946133797,141.26016260162575,71.03658536585365
2013-08-23 00,33.6059743954481,1.73761946133797,137.70325203252025,66.46341463414637
2013-08-23 01,29.33854907539117,1.73761946133797,111.280487804878,59.14634146341465
2013-08-23 02,24.359886201991475,1.73761946133797,100.60975609756107,62.80487804878047
2013-08-23 03,26.49359886201988,1.73761946133797,95.020325203252,62.1951219512195
2013-08-23 04,25.9601706970128,1.73761946133797,94.00406504065047,61.585365853658544
2013-08-23 05,26.3157894736842,1.73761946133797,86.89024390243902,65.85365853658537
2013-08-23 06,32.36130867709815,1.73761946133797,72.66260162601625,60.9756097560976
2013-08-23 07,34.31721194879088,1.73761946133797,74.1869918699187,56.09756097560975
2013-08-23 08,34.6728307254623,1.73761946133797,84.85772357723575,57.62195121951223
2013-08-23 09,34.4950213371266,1.73761946133797,85.36585365853655,49.39024390243903
2013-08-23 10,35.2062588904694,1.73761946133797,89.43089430894318,44.20731707317073
2013-08-23 11,33.4281650071124,1.73761946133797,114.329268292683,46.03658536585365
2013-08-23 12,32.71692745376957,1.73761946133797,123.47560975609775,50.3048780487805
2013-08-23 13,33.07254623044098,1.73761946133797,116.36178861788623,50.609756097560975
2013-08-23 14,31.82788051209105,1.73761946133797,117.37804878048776,40.54878048780485
2013-08-23 15,30.4054054054054,2.17202432667246,104.166666666667,38.71951219512195
2013-08-23 16,30.9388335704125,1.73761946133797,100.10162601626016,41.76829268292683
2013-08-23 17,33.6059743954481,1.73761946133797,105.691056910569,45.731707317073145
2013-08-23 18,33.7837837837838,1.73761946133797,104.67479674796736,53.963414634146346
2013-08-23 19,35.73968705547652,1.73761946133797,134.65447154471525,42.0731707317073
2013-08-23 20,36.80654338549073,2.17202432667246,119.918699186992,49.08536585365852
2013-08-23 21,34.3172119487909,1.73761946133797,150.91463414634148,57.317073170731724
2013-08-23 22,31.650071123755325,1.73761946133797,140.752032520325,59.14634146341462
2013-08-23 23,30.9388335704125,1.73761946133797,148.88211382113823,71.64634146341461
2013-08-24 00,32.71692745376955,1.73761946133797,135.162601626016,63.414634146341456
2013-08-24 01,30.761024182076824,1.73761946133797,115.85365853658524,56.40243902439028
2013-08-24 02,24.715504978662874,1.73761946133797,104.16666666666674,53.963414634146375
2013-08-24 03,27.20483641536275,1.73761946133797,95.52845528455282,50.609756097560975
2013-08-24 04,27.027027027027025,1.73761946133797,95.52845528455282,50.30487804878047
2013-08-24 05,26.3157894736842,1.73761946133797,85.8739837398374,51.829268292682926
2013-08-24 06,31.650071123755325,1.73761946133797,70.1219512195122,34.7560975609756
2013-08-24 07,31.116642958748223,1.73761946133797,71.13821138211382,29.573170731707325
2013-08-24 08,32.71692745376957,1.73761946133797,90.95528455284555,42.07317073170732
2013-08-24 09,34.3172119487909,1.73761946133797,88.92276422764238,45.42682926829265
2013-08-24 10,35.917496443812254,1.73761946133797,103.65853658536577,43.59756097560973
2013-08-24 11,34.850640113798,1.73761946133797,133.63821138211375,41.15853658536582
2013-08-24 12,35.3840682788051,1.73761946133797,144.81707317073176,41.7682926829268
2013-08-24 13,33.25035561877667,1.73761946133797,103.65853658536602,35.06097560975608
2013-08-24 14,33.250355618776695,1.73761946133797,100.60975609756096,41.4634146341463
2013-08-24 15,31.1166429587482,1.73761946133797,125.00000000000026,42.68292682926825
2013-08-24 16,32.36130867709815,1.73761946133797,109.75609756097576,44.5121951219512
2013-08-24 17,32.71692745376957,1.73761946133797,104.16666666666686,47.256097560975576
2013-08-24 18,33.25035561877667,1.73761946133797,111.280487804878,40.24390243902437
2013-08-24 19,35.56187766714083,1.73761946133797,116.36178861788623,36.28048780487803
2013-08-24 20,38.05120910384068,1.73761946133797,136.17886178861775,39.9390243902439
2013-08-24 21,35.028449502133725,1.73761946133797,143.29268292682926,47.2560975609756
2013-08-24 22,32.36130867709818,1.73761946133797,122.459349593496,56.70731707317073
2013-08-24 23,30.938833570412527,1.73761946133797,114.83739837398376,61.28048780487805
2013-08-25 00,34.1394025604552,1.73761946133797,116.361788617886,57.9268292682927
2013-08-25 01,32.00568990042675,1.73761946133797,112.2967479674795,55.487804878048806
2013-08-25 02,27.204836415362728,1.73761946133797,103.15040650406507,44.51219512195122
2013-08-25 03,28.093883357041275,1.73761946133797,98.06910569105688,33.536585365853654
2013-08-25 04,27.2048364153627,1.73761946133797,90.4471544715447,32.3170731707317
2013-08-25 05,27.027027027027,1.73761946133797,90.4471544715447,34.14634146341463
2013-08-25 06,31.65007112375535,1.73761946133797,70.1219512195122,29.8780487804878
2013-08-25 07,31.827880512091028,1.73761946133797,61.483739837398375,27.1341463414634
2013-08-25 08,33.07254623044098,1.73761946133797,82.3170731707317,30.79268292682928
2013-08-25 09,35.56187766714083,1.73761946133797,90.4471544715447,37.5
2013-08-25 10,39.2958748221906,1.954821894005215,102.1341463414634,34.14634146341465
2013-08-25 11,40.0071123755334,1.73761946133797,113.31300813008107,41.76829268292683
2013-08-25 12,39.651493598862,1.73761946133797,129.57317073170725,43.9024390243902
2013-08-25 13,35.917496443812226,1.73761946133797,108.2317073170732,34.4512195121951
2013-08-25 14,33.783783783783804,1.73761946133797,97.05284552845518,36.890243902439
2013-08-25 15,32.005689900426724,1.73761946133797,99.5934959349593,38.71951219512192
2013-08-25 16,30.5832147937411,1.73761946133797,109.75609756097548,34.4512195121951
2013-08-25 17,33.25035561877668,1.73761946133797,111.280487804878,35.0609756097561
2013-08-25 18,37.69559032716925,1.73761946133797,106.19918699186972,43.59756097560973
2013-08-25 19,41.07396870554762,1.73761946133797,122.459349593496,43.29268292682925
2013-08-25 20,40.18492176386913,1.73761946133797,135.16260162601623,36.58536585365853
2013-08-25 21,35.20625889046943,1.73761946133797,154.4715447154475,47.86585365853655
2013-08-25 22,30.583214793741124,1.73761946133797,137.7032520325205,48.170731707317046
2013-08-25 23,30.583214793741128,1.73761946133797,130.081300813008,48.78048780487805
2013-08-26 00,33.4281650071124,1.954821894005215,118.3943089430895,44.20731707317072
2013-08-26 01,30.227596017069725,1.73761946133797,100.6097560975611,41.15853658536585
2013-08-26 02,24.715504978662874,1.73761946133797,88.92276422764228,36.58536585365853
2013-08-26 03,26.8492176386913,1.73761946133797,80.28455284552845,35.0609756097561
2013-08-26 04,26.4935988620199,1.73761946133797,79.77642276422765,36.890243902439
2013-08-26 05,26.3157894736842,1.73761946133797,76.21951219512195,37.19512195121953
2013-08-26 06,32.71692745376955,1.73761946133797,70.1219512195122,30.79268292682928
2013-08-26 07,34.4950213371266,1.73761946133797,76.72764227642277,27.7439024390244
2013-08-26 08,35.3840682788051,1.73761946133797,79.77642276422765,46.95121951219512
2013-08-26 09,34.1394025604552,1.73761946133797,80.28455284552845,39.02439024390242
2013-08-26 10,35.384068278805124,1.73761946133797,108.23170731707329,35.06097560975608
2013-08-26 11,33.6059743954481,1.73761946133797,108.73983739837377,33.536585365853654
2013-08-26 12,33.783783783783804,2.3892267593397047,124.49186991869924,35.67073170731705
2013-08-26 13,33.783783783783804,2.3892267593397047,118.90243902439023,29.8780487804878
2013-08-26 14,32.539118065433854,1.73761946133797,104.67479674796758,36.5853658536585
2013-08-26 15,30.938833570412505,1.73761946133797,116.361788617886,40.24390243902437
2013-08-26 16,29.3385490753912,1.73761946133797,119.918699186992,42.98780487804878
2013-08-26 17,31.116642958748223,1.73761946133797,99.59349593495922,46.951219512195074
2013-08-26 18,34.3172119487909,1.73761946133797,114.837398373984,51.82926829268296
2013-08-26 19,39.29587482219063,1.73761946133797,123.4756097560975,56.097560975609774
2013-08-26 20,41.78520625889048,1.73761946133797,148.3739837398375,58.53658536585365
2013-08-26 21,38.762446657183474,1.73761946133797,159.55284552845524,49.99999999999997
2013-08-26 22,32.36130867709815,1.73761946133797,146.849593495935,53.963414634146325
2013-08-26 23,30.761024182076824,1.73761946133797,116.361788617886,65.85365853658536
2013-08-27 00,33.428165007112376,1.73761946133797,116.361788617886,58.23170731707317
2013-08-27 01,29.33854907539117,1.73761946133797,111.28048780487823,56.402439024390254
2013-08-27 02,24.5376955903272,1.73761946133797,98.57723577235768,35.975609756097576
2013-08-27 03,26.3157894736842,1.73761946133797,100.10162601626024,33.84146341463415
2013-08-27 04,26.4935988620199,1.73761946133797,89.93902439024387,34.756097560975604
2013-08-27 05,26.137980085348502,1.73761946133797,89.43089430894308,35.06097560975608
2013-08-27 06,31.650071123755325,1.73761946133797,71.1382113821138,32.317073170731675
2013-08-27 07,34.139402560455174,1.73761946133797,76.72764227642276,28.963414634146325
2013-08-27 08,36.45092460881932,1.73761946133797,82.82520325203251,43.29268292682925
2013-08-27 09,33.783783783783804,1.73761946133797,96.54471544715456,33.23170731707317
2013-08-27 10,34.1394025604552,1.73761946133797,115.3455284552845,39.93902439024387
2013-08-27 11,33.6059743954481,1.73761946133797,129.0650406504065,44.5121951219512
2013-08-27 12,33.96159317211948,1.73761946133797,132.11382113821125,48.475609756097576
2013-08-27 13,32.71692745376957,1.73761946133797,114.83739837398376,45.73170731707315
2013-08-27 14,31.82788051209105,1.73761946133797,100.10162601626016,48.1707317073171
2013-08-27 15,28.982930298719776,1.73761946133797,104.67479674796758,50.3048780487805
2013-08-27 16,28.27169274537697,1.73761946133797,103.15040650406516,53.96341463414635
2013-08-27 17,31.47226173541965,1.73761946133797,101.11788617886172,54.57317073170732
2013-08-27 18,34.672830725462326,1.73761946133797,108.73983739837402,54.57317073170735
2013-08-27 19,37.87339971550497,1.73761946133797,109.24796747967474,72.86585365853657
2013-08-27 20,41.07396870554765,2.3892267593397047,146.341463414634,58.5365853658537
2013-08-27 21,36.273115220483646,1.73761946133797,148.88211382113826,54.57317073170735
2013-08-27 22,32.18349928876243,1.73761946133797,142.27642276422776,64.63414634146343
2013-08-27 23,30.761024182076824,1.73761946133797,141.260162601626,90.54878048780488
2013-08-28 00,33.25035561877667,1.73761946133797,128.048780487805,75.0
2013-08-28 01,29.694167852062577,1.73761946133797,110.26422764227677,59.14634146341465
2013-08-28 02,24.3598862019915,1.73761946133797,93.49593495934955,51.21951219512195
2013-08-28 03,26.49359886201988,1.73761946133797,92.98780487804882,44.2073170731707
2013-08-28 04,26.49359886201993,1.73761946133797,87.90650406504065,38.41463414634145
2013-08-28 05,26.137980085348502,1.73761946133797,82.82520325203252,37.49999999999998
2013-08-28 06,31.82788051209105,1.73761946133797,75.20325203252035,35.0609756097561
2013-08-28 07,33.25035561877667,1.73761946133797,80.79268292682927,36.58536585365853
2013-08-28 08,35.5618776671408,1.73761946133797,89.43089430894308,42.98780487804875
2013-08-28 09,33.9615931721195,1.73761946133797,90.4471544715447,43.90243902439022
2013-08-28 10,34.1394025604552,1.73761946133797,93.49593495934964,46.64634146341462
2013-08-28 11,34.3172119487909,1.73761946133797,114.329268292683,34.4512195121951
2013-08-28 12,33.783783783783804,1.73761946133797,105.6910569105692,33.23170731707315
2013-08-28 13,33.2503556187767,1.954821894005215,105.1829268292685,34.4512195121951
2013-08-28 14,33.783783783783804,1.73761946133797,94.00406504065047,40.24390243902437
2013-08-28 15,31.650071123755303,1.73761946133797,96.03658536585364,49.39024390243903
2013-08-28 16,31.116642958748223,1.73761946133797,99.0853658536585,49.08536585365855
2013-08-28 17,32.36130867709812,1.73761946133797,94.51219512195122,52.13414634146345
2013-08-28 18,34.3172119487909,1.73761946133797,108.73983739837377,55.48780487804883
2013-08-28 19,40.896159317211975,1.73761946133797,115.8536585365855,67.3780487804878
2013-08-28 20,40.89615931721195,1.73761946133797,144.817073170732,64.32926829268293
2013-08-28 21,37.517780938833575,1.73761946133797,153.96341463414626,64.6341463414634
2013-08-28 22,33.07254623044098,1.954821894005215,160.06097560975624,74.6951219512195
2013-08-28 23,31.29445234708393,1.73761946133797,136.17886178861775,84.7560975609756
2013-08-29 00,33.7837837837838,1.73761946133797,127.54065040650374,85.0609756097561
2013-08-29 01,30.049786628734,1.73761946133797,123.4756097560975,63.71951219512195
2013-08-29 02,25.0711237553343,1.73761946133797,110.26422764227624,55.1829268292683
2013-08-29 03,27.027027027027025,1.73761946133797,99.59349593495936,48.170731707317046
2013-08-29 04,26.3157894736842,1.73761946133797,89.93902439024387,40.85365853658535
2013-08-29 05,26.3157894736842,1.73761946133797,88.92276422764228,40.24390243902437
2013-08-29 06,32.005689900426724,1.73761946133797,77.74390243902437,34.451219512195124
2013-08-29 07,34.4950213371266,1.73761946133797,82.8252032520325,34.756097560975604
2013-08-29 08,36.09530583214792,1.73761946133797,95.52845528455283,41.15853658536585
2013-08-29 09,34.1394025604552,1.954821894005215,95.02032520325204,41.7682926829268
2013-08-29 10,34.3172119487909,1.73761946133797,100.10162601626028,39.02439024390242
2013-08-29 11,33.07254623044098,1.73761946133797,110.26422764227652,42.98780487804878
2013-08-29 12,33.25035561877667,1.73761946133797,109.75609756097585,50.00000000000003
2013-08-29 13,32.539118065433875,1.73761946133797,122.96747967479676,50.91463414634148
2013-08-29 14,32.89473684210525,1.73761946133797,108.73983739837392,53.35365853658537
2013-08-29 15,30.049786628734,1.73761946133797,111.28048780487816,53.048780487804926
2013-08-29 16,30.049786628734,1.73761946133797,95.52845528455292,53.35365853658538
2013-08-29 17,33.428165007112376,1.73761946133797,102.64227642276404,52.74390243902442
2013-08-29 18,35.384068278805124,1.73761946133797,126.01626016260175,57.6219512195122
2013-08-29 19,41.42958748221908,1.954821894005215,132.1138211382115,65.24390243902437
2013-08-29 20,40.89615931721195,1.954821894005215,145.3252032520325,66.15853658536585
2013-08-29 21,38.05120910384071,1.73761946133797,155.4878048780485,65.24390243902442
2013-08-29 22,32.539118065433826,1.73761946133797,150.4065040650405,63.10975609756101
2013-08-29 23,31.116642958748223,1.73761946133797,137.7032520325205,75.3048780487805
2013-08-30 00,33.9615931721195,1.73761946133797,118.3943089430895,63.109756097560975
2013-08-30 01,29.33854907539117,1.73761946133797,105.1829268292685,56.402439024390254
2013-08-30 02,24.7155049786629,1.73761946133797,97.56097560975608,55.79268292682927
2013-08-30 03,27.204836415362724,1.73761946133797,91.97154471544712,51.52439024390245
2013-08-30 04,26.6714082503556,1.73761946133797,85.8739837398374,50.00000000000003
2013-08-30 05,26.6714082503556,1.73761946133797,80.79268292682926,42.378048780487774
2013-08-30 06,32.71692745376955,1.73761946133797,77.7439024390244,38.71951219512192
2013-08-30 07,33.42816500711237,1.73761946133797,77.74390243902437,36.28048780487803
2013-08-30 08,38.22901849217637,1.73761946133797,92.98780487804876,44.20731707317073
2013-08-30 09,38.0512091038407,1.73761946133797,91.46341463414632,42.0731707317073
2013-08-30 10,37.517780938833546,1.73761946133797,94.51219512195122,39.6341463414634
2013-08-30 11,36.273115220483625,1.73761946133797,104.67479674796752,35.670731707317074
2013-08-30 12,33.25035561877667,1.73761946133797,111.788617886179,33.84146341463415
2013-08-30 13,33.4281650071124,1.73761946133797,98.5772357723578,32.62195121951218
2013-08-30 14,32.539118065433875,1.73761946133797,99.59349593495938,34.756097560975604
2013-08-30 15,31.827880512091028,1.73761946133797,105.18292682926833,46.34146341463412
2013-08-30 16,32.36130867709812,1.73761946133797,111.28048780487823,53.96341463414635
2013-08-30 17,33.783783783783804,1.73761946133797,122.459349593496,49.390243902439
2013-08-30 18,34.672830725462326,1.73761946133797,117.8861788617885,50.91463414634148
2013-08-30 19,41.07396870554765,1.73761946133797,129.573170731707,52.1341463414634
2013-08-30 20,41.07396870554762,2.823631624674195,138.21138211382126,63.109756097560975
2013-08-30 21,37.873399715505,1.73761946133797,148.88211382113826,63.109756097560975
2013-08-30 22,33.072546230441,1.73761946133797,147.86585365853648,63.41463414634145
2013-08-30 23,33.4281650071124,1.73761946133797,129.5731707317075,57.62195121951223
2013-08-31 00,33.60597439544807,1.73761946133797,120.4268292682925,52.4390243902439
2013-08-31 01,30.5832147937411,1.73761946133797,111.28048780487823,39.9390243902439
2013-08-31 02,26.3157894736842,1.73761946133797,101.11788617886177,34.14634146341463
2013-08-31 03,27.560455192034173,1.73761946133797,96.03658536585364,32.62195121951218
2013-08-31 04,27.2048364153627,1.73761946133797,87.90650406504062,32.0121951219512
2013-08-31 05,27.204836415362728,1.73761946133797,81.8089430894309,32.3170731707317
2013-08-31 06,31.29445234708393,1.73761946133797,69.6138211382114,27.4390243902439
2013-08-31 07,32.539118065433875,1.73761946133797,75.20325203252033,24.390243902439025
2013-08-31 08,35.73968705547652,2.17202432667246,96.5447154471543,38.41463414634145
2013-08-31 09,36.09530583214792,1.73761946133797,104.16666666666656,44.20731707317073
2013-08-31 10,39.118065433854895,1.954821894005215,113.82113821138223,36.28048780487805
2013-08-31 11,37.87339971550497,1.73761946133797,106.70731707317074,32.6219512195122
2013-08-31 12,36.62873399715505,1.73761946133797,116.36178861788623,29.8780487804878
2013-08-31 13,34.3172119487909,1.73761946133797,119.918699186992,26.21951219512195
2013-08-31 14,33.2503556187767,1.73761946133797,119.918699186992,30.79268292682928
2013-08-31 15,33.7837837837838,1.73761946133797,113.82113821138208,31.707317073170724
2013-08-31 16,33.072546230441,1.73761946133797,105.18292682926842,35.0609756097561
2013-08-31 17,32.539118065433875,1.73761946133797,101.6260162601626,35.0609756097561
2013-08-31 18,36.62873399715505,1.73761946133797,109.24796747967484,37.49999999999997
2013-08-31 19,40.36273115220485,1.954821894005215,130.08130081300826,43.59756097560975
2013-08-31 20,39.1180654338549,2.60642919200695,138.71951219512175,53.04878048780488
2013-08-31 21,34.139402560455224,2.60642919200695,144.81707317073176,64.02439024390247
2013-08-31 22,32.18349928876243,2.17202432667246,136.68699186991876,57.9268292682927
2013-08-31 23,32.005689900426724,1.954821894005215,129.0650406504065,55.4878048780488
2013-09-01 00,33.6059743954481,2.17202432667246,119.41056910569124,52.74390243902437
2013-09-01 01,29.694167852062577,1.73761946133797,120.42682926829276,43.29268292682925
2013-09-01 02,25.6045519203414,1.73761946133797,102.64227642276435,38.71951219512193
2013-09-01 03,25.4267425320057,1.73761946133797,95.52845528455288,37.49999999999998
2013-09-01 04,25.248933143669973,1.73761946133797,90.4471544715447,38.109756097560975
2013-09-01 05,25.6045519203414,1.73761946133797,78.76016260162604,37.80487804878048
2013-09-01 06,30.405405405405425,1.73761946133797,77.23577235772358,32.62195121951218
2013-09-01 07,30.7610241820768,1.73761946133797,70.63008130081303,29.268292682926823
2013-09-01 08,32.18349928876248,1.73761946133797,83.33333333333333,27.4390243902439
2013-09-01 09,36.45092460881935,1.73761946133797,89.939024390244,24.695121951219495
2013-09-01 10,38.2290184921764,1.73761946133797,97.5609756097562,28.35365853658535
2013-09-01 11,37.873399715505,1.73761946133797,112.29674796747948,32.01219512195122
2013-09-01 12,37.69559032716925,1.73761946133797,146.34146341463423,30.79268292682928
2013-09-01 13,33.6059743954481,1.954821894005215,111.788617886179,26.8292682926829
2013-09-01 14,33.07254623044098,1.73761946133797,96.5447154471545,23.475609756097576
2013-09-01 15,30.2275960170697,1.73761946133797,96.03658536585374,27.1341463414634
2013-09-01 16,29.8719772403983,1.73761946133797,95.02032520325204,33.23170731707315
2013-09-01 17,33.07254623044098,1.73761946133797,89.93902439024387,37.19512195121948
2013-09-01 18,35.384068278805124,1.73761946133797,110.26422764227624,43.29268292682925
2013-09-01 19,41.25177809388335,1.73761946133797,116.869918699187,45.42682926829265
2013-09-01 20,41.78520625889048,1.73761946133797,131.0975609756095,50.60975609756095
2013-09-01 21,38.05120910384068,1.954821894005215,156.5040650406505,64.9390243902439
2013-09-01 22,32.71692745376958,1.73761946133797,126.01626016260175,66.46341463414635
2013-09-01 23,33.25035561877668,1.73761946133797,115.85365853658524,71.03658536585368
2013-09-02 00,33.783783783783804,1.73761946133797,121.951219512195,73.17073170731705
2013-09-02 01,28.80512091038405,1.73761946133797,114.83739837398376,44.20731707317073
2013-09-02 02,23.826458036984324,1.73761946133797,110.2642276422765,40.85365853658535
2013-09-02 03,24.89331436699857,1.73761946133797,102.6422764227644,39.6341463414634
2013-09-02 04,26.3157894736842,1.73761946133797,96.03658536585364,40.54878048780488
2013-09-02 05,26.849217638691325,1.73761946133797,90.4471544715447,41.7682926829268
2013-09-02 06,31.650071123755325,1.73761946133797,80.79268292682924,36.58536585365855
2013-09-02 07,35.028449502133725,1.73761946133797,84.34959349593493,30.48780487804877
2013-09-02 08,39.29587482219063,1.73761946133797,81.30081300813008,34.14634146341463
2013-09-02 09,35.5618776671408,1.73761946133797,91.97154471544712,39.32926829268296
2013-09-02 10,34.672830725462305,1.73761946133797,91.46341463414632,40.24390243902437
2013-09-02 11,32.894736842105274,1.73761946133797,106.19918699186996,48.47560975609755
2013-09-02 12,34.3172119487909,1.73761946133797,130.08130081300826,57.62195121951223
2013-09-02 13,33.07254623044098,1.73761946133797,116.869918699187,48.47560975609755
2013-09-02 14,32.18349928876245,1.73761946133797,116.36178861788623,47.5609756097561
2013-09-02 15,31.827880512091024,1.73761946133797,97.05284552845524,52.43902439024393
2013-09-02 16,32.00568990042675,1.73761946133797,111.280487804878,53.65853658536588
2013-09-02 17,32.539118065433854,1.73761946133797,108.23170731707314,71.95121951219512
2013-09-02 18,33.96159317211952,1.73761946133797,131.6056910569105,79.57317073170732
2013-09-02 19,39.2958748221906,1.73761946133797,136.17886178861775,64.63414634146342
2013-09-02 20,43.0298719772404,1.954821894005215,142.27642276422776,68.59756097560975
2013-09-02 21,39.11806543385492,2.3892267593397047,163.61788617886174,80.1829268292683
2013-09-02 22,33.25035561877668,2.17202432667246,138.719512195122,77.1341463414634
2013-09-02 23,32.18349928876245,1.73761946133797,144.8170731707315,72.2560975609756
2013-09-03 00,33.783783783783804,1.73761946133797,134.146341463415,70.12195121951223
2013-09-03 01,28.98293029871975,1.73761946133797,112.2967479674795,64.63414634146342
2013-09-03 02,24.53769559032717,1.73761946133797,99.08536585365869,59.14634146341465
2013-09-03 03,26.3157894736842,1.73761946133797,95.52845528455288,52.7439024390244
2013-09-03 04,26.6714082503556,1.73761946133797,90.44715447154476,49.39024390243903
2013-09-03 05,26.4935988620199,1.73761946133797,83.84146341463412,48.78048780487805
2013-09-03 06,31.827880512091024,1.73761946133797,79.26829268292683,46.951219512195095
2013-09-03 07,34.850640113798,1.73761946133797,85.36585365853658,43.90243902439023
2013-09-03 08,40.18492176386915,1.73761946133797,92.98780487804876,47.56097560975607
2013-09-03 09,38.2290184921764,1.73761946133797,101.11788617886168,44.2073170731707
2013-09-03 10,35.56187766714085,1.73761946133797,104.67479674796728,46.95121951219512
2013-09-03 11,33.428165007112376,1.73761946133797,124.49186991869924,50.0
2013-09-03 12,32.18349928876243,1.73761946133797,132.1138211382115,51.52439024390242
2013-09-03 13,32.18349928876245,1.73761946133797,103.15040650406505,43.90243902439025
2013-09-03 14,32.36130867709815,1.73761946133797,84.34959349593495,46.34146341463412
2013-09-03 15,30.4054054054054,1.73761946133797,97.56097560975618,46.036585365853625
2013-09-03 16,30.4054054054054,1.954821894005215,102.1341463414634,58.23170731707317
2013-09-03 17,30.938833570412505,1.73761946133797,102.13414634146358,71.03658536585365
2013-09-03 18,35.73968705547652,1.73761946133797,108.73983739837423,66.15853658536585
2013-09-03 19,41.251778093883374,1.954821894005215,146.341463414634,62.80487804878047
2013-09-03 20,45.16358463726888,1.73761946133797,151.930894308943,66.76829268292683
2013-09-03 21,36.62873399715505,2.17202432667246,163.10975609756076,72.2560975609756
2013-09-03 22,32.539118065433854,2.17202432667246,141.260162601626,70.12195121951217
2013-09-03 23,32.539118065433854,1.73761946133797,133.13008130081275,64.9390243902439
2013-09-04 00,32.539118065433826,1.73761946133797,134.14634146341476,60.97560975609757
2013-09-04 01,28.449502133712627,1.73761946133797,105.69105691056927,56.097560975609774
2013-09-04 02,23.82645803698435,1.73761946133797,104.16666666666656,47.86585365853657
2013-09-04 03,25.071123755334277,1.73761946133797,92.98780487804878,46.64634146341462
2013-09-04 04,26.137980085348502,1.73761946133797,88.92276422764228,38.71951219512195
2013-09-04 05,25.782361308677103,1.73761946133797,82.8252032520325,40.85365853658535
2013-09-04 06,31.116642958748223,1.73761946133797,77.23577235772358,34.14634146341463
2013-09-04 07,35.0284495021337,1.73761946133797,85.8739837398374,32.62195121951218
2013-09-04 08,40.36273115220482,1.73761946133797,100.60975609756083,45.731707317073145
2013-09-04 09,36.09530583214792,1.73761946133797,94.00406504065036,41.15853658536582
2013-09-04 10,35.0284495021337,1.73761946133797,97.05284552845524,49.69512195121953
2013-09-04 11,33.6059743954481,1.73761946133797,107.72357723577228,54.5731707317073
2013-09-04 12,31.82788051209105,1.73761946133797,126.5243902439025,53.3536585365854
2013-09-04 13,32.18349928876245,1.73761946133797,96.03658536585375,52.13414634146345
2013-09-04 14,31.29445234708395,1.73761946133797,105.18292682926833,47.86585365853657
2013-09-04 15,30.227596017069725,1.73761946133797,97.05284552845548,58.23170731707317
2013-09-04 16,29.8719772403983,1.73761946133797,95.52845528455282,61.58536585365856
2013-09-04 17,32.89473684210525,1.73761946133797,93.49593495934964,53.963414634146375
2013-09-04 18,35.3840682788051,2.3892267593397047,110.26422764227624,56.0975609756098
2013-09-04 19,40.896159317211975,1.73761946133797,136.6869918699185,54.87804878048785
2013-09-04 20,41.42958748221908,1.73761946133797,136.17886178861775,59.14634146341465
2013-09-04 21,35.384068278805124,1.954821894005215,154.97967479674776,71.64634146341464
2013-09-04 22,31.827880512091028,1.73761946133797,144.30894308943076,62.804878048780495
2013-09-04 23,31.472261735419625,1.954821894005215,125.0,59.75609756097565
2013-09-05 00,32.00568990042673,1.73761946133797,106.19918699186984,57.9268292682927
2013-09-05 01,28.80512091038405,1.73761946133797,94.5121951219512,45.42682926829265
2013-09-05 02,24.00426742532005,1.73761946133797,92.47967479674796,36.89024390243903
2013-09-05 03,24.53769559032717,1.73761946133797,85.36585365853655,35.3658536585366
2013-09-05 04,24.89331436699857,1.73761946133797,78.25203252032517,35.06097560975608
2013-09-05 05,25.6045519203414,1.73761946133797,67.07317073170732,36.28048780487805
2013-09-05 06,31.29445234708393,1.73761946133797,66.0569105691057,32.3170731707317
2013-09-05 07,35.917496443812254,2.17202432667246,70.63008130081303,30.48780487804875
2013-09-05 08,38.05120910384068,1.73761946133797,74.6951219512195,28.0487804878049
2013-09-05 09,34.4950213371266,1.73761946133797,84.85772357723575,32.01219512195122
2013-09-05 10,32.18349928876243,1.73761946133797,90.95528455284553,39.329268292682926
2013-09-05 11,33.783783783783775,1.73761946133797,94.51219512195122,43.59756097560975
2013-09-05 12,33.07254623044095,1.954821894005215,122.459349593496,47.56097560975607
2013-09-05 13,31.1166429587482,1.73761946133797,98.57723577235777,49.39024390243905
2013-09-05 14,29.6941678520626,1.73761946133797,99.59349593495948,45.12195121951217
2013-09-05 15,29.1607396870555,1.73761946133797,97.56097560975618,45.73170731707312
2013-09-05 16,29.694167852062577,1.73761946133797,98.57723577235762,43.59756097560973
2013-09-05 17,32.18349928876245,1.73761946133797,88.41463414634147,47.5609756097561
2013-09-05 18,34.3172119487909,1.73761946133797,107.7235772357725,61.89024390243903
2013-09-05 19,35.56187766714082,1.73761946133797,127.540650406504,65.85365853658537
2013-09-05 20,38.0512091038407,2.3892267593397047,136.17886178861775,65.24390243902437
2013-09-05 21,34.6728307254623,2.17202432667246,156.50406504065052,57.92682926829271
2013-09-05 22,30.938833570412527,1.954821894005215,136.68699186991876,53.963414634146346
2013-09-05 23,30.049786628734022,1.73761946133797,120.9349593495935,60.0609756097561
2013-09-06 00,32.89473684210525,1.73761946133797,119.410569105691,57.9268292682927
2013-09-06 01,28.627311522048352,1.73761946133797,101.62601626016264,52.13414634146343
2013-09-06 02,23.648648648648624,1.73761946133797,96.54471544715445,47.56097560975607
2013-09-06 03,24.359886201991475,1.73761946133797,95.020325203252,47.86585365853655
2013-09-06 04,24.8933143669986,1.73761946133797,82.31707317073167,42.68292682926828
2013-09-06 05,26.137980085348502,1.73761946133797,80.28455284552848,37.19512195121951
2013-09-06 06,32.539118065433826,1.73761946133797,77.23577235772358,32.6219512195122
2013-09-06 07,35.2062588904694,1.73761946133797,76.72764227642276,31.097560975609724
2013-09-06 08,37.517780938833546,1.73761946133797,79.26829268292683,37.80487804878047
2013-09-06 09,34.3172119487909,1.73761946133797,78.2520325203252,40.2439024390244
2013-09-06 10,34.1394025604552,1.73761946133797,73.6788617886179,51.82926829268296
2013-09-06 11,32.539118065433854,1.73761946133797,101.11788617886168,53.963414634146346
2013-09-06 12,31.650071123755303,1.73761946133797,111.78861788617876,44.20731707317073
2013-09-06 13,32.539118065433854,1.73761946133797,83.84146341463415,34.7560975609756
2013-09-06 14,31.29445234708393,1.73761946133797,84.85772357723575,42.68292682926828
2013-09-06 15,32.18349928876245,1.73761946133797,97.05284552845536,51.52439024390245
2013-09-06 16,31.650071123755325,1.73761946133797,103.15040650406485,45.12195121951217
2013-09-06 17,32.53911806543385,1.73761946133797,105.69105691056896,53.963414634146325
2013-09-06 18,34.49502133712662,1.954821894005215,104.1666666666667,53.65853658536585
2013-09-06 19,37.517780938833575,2.17202432667246,110.26422764227628,58.53658536585368
2013-09-06 20,38.5846372688478,1.73761946133797,132.621951219512,54.87804878048783
2013-09-06 21,35.3840682788051,1.954821894005215,150.40650406504074,53.048780487804905
2013-09-06 22,32.005689900426724,2.17202432667246,144.81707317073176,49.390243902439
2013-09-06 23,31.29445234708393,2.17202432667246,135.670731707317,50.0
2013-09-07 00,33.783783783783775,1.954821894005215,128.55691056910575,51.82926829268296
2013-09-07 01,29.33854907539117,1.954821894005215,104.67479674796728,53.04878048780488
2013-09-07 02,24.8933143669986,1.73761946133797,89.43089430894307,41.463414634146304
2013-09-07 03,25.960170697012774,1.73761946133797,91.4634146341463,37.19512195121951
2013-09-07 04,26.3157894736842,1.73761946133797,87.39837398373984,36.58536585365853
2013-09-07 05,25.9601706970128,1.73761946133797,76.21951219512192,31.402439024390247
2013-09-07 06,30.938833570412527,1.73761946133797,74.6951219512195,28.96341463414635
2013-09-07 07,31.82788051209105,2.17202432667246,71.64634146341461,25.60975609756097
2013-09-07 08,34.49502133712657,1.73761946133797,88.92276422764228,32.92682926829268
2013-09-07 09,38.22901849217637,1.73761946133797,102.13414634146332,43.59756097560973
2013-09-07 10,37.33997155049787,2.17202432667246,99.0853658536586,42.378048780487774
2013-09-07 11,36.98435277382647,1.73761946133797,126.52439024390226,51.82926829268296
2013-09-07 12,36.09530583214792,1.73761946133797,122.459349593496,44.81707317073168
2013-09-07 13,35.0284495021337,1.73761946133797,105.18292682926852,37.1951219512195
2013-09-07 14,34.850640113798,1.73761946133797,107.21544715447148,35.975609756097555
2013-09-07 15,32.36130867709815,1.73761946133797,89.43089430894307,38.10975609756095
2013-09-07 16,31.2944523470839,1.73761946133797,108.73983739837408,37.80487804878047
2013-09-07 17,32.539118065433854,1.73761946133797,102.13414634146376,37.1951219512195
2013-09-07 18,33.9615931721195,1.73761946133797,101.62601626016264,43.59756097560973
2013-09-07 19,36.09530583214795,1.73761946133797,117.88617886178852,47.86585365853657
2013-09-07 20,37.517780938833575,2.3892267593397047,139.22764227642276,46.3414634146341
2013-09-07 21,33.7837837837838,2.3892267593397047,143.29268292682926,49.08536585365852
2013-09-07 22,30.938833570412527,1.73761946133797,132.1138211382115,45.12195121951218
2013-09-07 23,31.2944523470839,1.73761946133797,130.589430894309,48.47560975609755
2013-09-08 00,33.6059743954481,1.73761946133797,123.4756097560975,41.7682926829268
2013-09-08 01,28.627311522048352,1.73761946133797,107.72357723577224,37.19512195121951
2013-09-08 02,24.004267425320077,1.73761946133797,97.56097560975616,35.975609756097555
2013-09-08 03,24.53769559032717,1.73761946133797,91.97154471544712,32.3170731707317
2013-09-08 04,25.24893314367,1.73761946133797,86.890243902439,32.01219512195122
2013-09-08 05,25.6045519203414,1.73761946133797,74.1869918699187,32.3170731707317
2013-09-08 06,30.22759601706968,1.73761946133797,71.13821138211382,31.402439024390247
2013-09-08 07,29.6941678520626,1.73761946133797,61.9918699186992,26.82926829268293
2013-09-08 08,32.36130867709817,1.73761946133797,79.26829268292683,27.4390243902439
2013-09-08 09,33.428165007112376,1.73761946133797,92.98780487804868,38.414634146341456
2013-09-08 10,37.69559032716927,2.17202432667246,101.6260162601627,39.6341463414634
2013-09-08 11,36.45092460881935,1.73761946133797,130.081300813008,42.0731707317073
2013-09-08 12,36.09530583214792,1.73761946133797,143.2926829268295,43.29268292682925
2013-09-08 13,34.850640113798,1.73761946133797,100.10162601626006,32.0121951219512
2013-09-08 14,32.18349928876245,1.73761946133797,83.84146341463412,23.475609756097576
2013-09-08 15,31.4722617354196,1.73761946133797,96.03658536585368,25.304878048780477
2013-09-08 16,31.827880512091028,1.73761946133797,80.28455284552845,27.43902439024393
2013-09-08 17,32.539118065433875,1.954821894005215,79.77642276422765,24.08536585365855
2013-09-08 18,33.6059743954481,1.73761946133797,77.7439024390244,27.43902439024393
2013-09-08 19,36.98435277382647,1.73761946133797,91.97154471544717,32.62195121951218
2013-09-08 20,38.2290184921764,1.73761946133797,133.63821138211375,39.63414634146343
2013-09-08 21,34.1394025604552,1.73761946133797,149.39024390243875,42.68292682926828
2013-09-08 22,31.827880512091028,1.73761946133797,134.6544715447155,47.256097560975626
2013-09-08 23,31.827880512091024,1.73761946133797,120.42682926829276,48.78048780487802
2013-09-09 00,33.60597439544807,1.73761946133797,126.52439024390276,41.463414634146325
2013-09-09 01,28.09388335704125,1.73761946133797,100.60975609756098,33.536585365853654
2013-09-09 02,24.182076813655748,1.73761946133797,91.46341463414632,33.84146341463413
2013-09-09 03,24.53769559032717,1.73761946133797,86.89024390243902,40.54878048780485
2013-09-09 04,25.7823613086771,1.73761946133797,85.36585365853658,39.634146341463406
2013-09-09 05,25.9601706970128,1.73761946133797,77.74390243902437,41.7682926829268
2013-09-09 06,31.650071123755325,1.73761946133797,71.64634146341461,39.02439024390243
2013-09-09 07,35.384068278805124,1.73761946133797,81.8089430894309,37.19512195121953
2013-09-09 08,38.05120910384065,1.73761946133797,73.17073170731707,29.573170731707325
2013-09-09 09,34.6728307254623,1.73761946133797,88.92276422764225,25.914634146341477
2013-09-09 10,33.4281650071124,1.73761946133797,88.92276422764225,33.84146341463413
2013-09-09 11,32.53911806543385,1.73761946133797,102.64227642276424,31.402439024390247
2013-09-09 12,33.783783783783775,1.73761946133797,118.3943089430895,39.329268292682926
2013-09-09 13,32.36130867709815,2.17202432667246,100.10162601626028,29.8780487804878
2013-09-09 14,31.1166429587482,1.73761946133797,78.2520325203252,33.23170731707315
2013-09-09 15,30.049786628734,1.73761946133797,80.79268292682924,41.463414634146325
2013-09-09 16,29.6941678520626,1.73761946133797,86.38211382113822,46.951219512195095
2013-09-09 17,31.650071123755325,1.73761946133797,89.93902439024387,47.2560975609756
2013-09-09 18,34.1394025604552,1.73761946133797,103.15040650406502,54.8780487804878
2013-09-09 19,35.91749644381225,1.73761946133797,110.77235772357731,67.6829268292683
2013-09-09 20,37.87339971550497,1.73761946133797,141.76829268292676,65.2439024390244
2013-09-09 21,34.85064011379802,1.73761946133797,141.76829268292676,60.9756097560976
2013-09-09 22,31.4722617354196,1.73761946133797,143.29268292682926,57.92682926829273
2013-09-09 23,31.472261735419625,1.73761946133797,131.60569105691076,59.75609756097565
2013-09-10 00,32.539118065433826,1.73761946133797,126.52439024390276,54.87804878048785
2013-09-10 01,28.27169274537695,1.73761946133797,99.59349593495928,47.56097560975605
2013-09-10 02,23.648648648648624,1.73761946133797,90.4471544715447,41.7682926829268
2013-09-10 03,24.53769559032717,1.73761946133797,83.84146341463415,32.92682926829268
2013-09-10 04,25.6045519203414,1.73761946133797,80.28455284552845,31.707317073170724
2013-09-10 05,26.137980085348502,1.73761946133797,77.23577235772358,32.3170731707317
2013-09-10 06,32.89473684210525,1.73761946133797,70.1219512195122,32.9268292682927
2013-09-10 07,37.87339971550495,1.73761946133797,76.72764227642276,29.8780487804878
2013-09-10 08,39.82930298719772,1.5204170286707233,87.39837398373983,41.15853658536585
2013-09-10 09,34.3172119487909,1.73761946133797,84.34959349593498,41.463414634146304
2013-09-10 10,32.71692745376957,1.73761946133797,84.85772357723575,45.12195121951218
2013-09-10 11,32.18349928876243,1.73761946133797,108.73983739837392,44.5121951219512
2013-09-10 12,33.07254623044095,1.73761946133797,102.13414634146356,44.8170731707317
2013-09-10 13,32.36130867709817,1.73761946133797,96.03658536585364,33.23170731707317
2013-09-10 14,31.29445234708395,1.73761946133797,86.38211382113818,39.6341463414634
2013-09-10 15,28.9829302987198,1.73761946133797,82.82520325203252,52.13414634146343
2013-09-10 16,28.80512091038408,1.73761946133797,87.39837398373993,51.52439024390245
2013-09-10 17,31.650071123755325,1.73761946133797,90.44715447154482,51.829268292682926
2013-09-10 18,33.6059743954481,1.73761946133797,103.1504065040651,68.29268292682927
2013-09-10 19,37.33997155049788,1.954821894005215,143.80081300813023,74.08536585365854
2013-09-10 20,38.40682788051208,2.3892267593397047,159.0447154471545,75.60975609756095
2013-09-10 21,34.672830725462326,1.73761946133797,157.0121951219513,69.5121951219512
2013-09-10 22,31.1166429587482,1.954821894005215,139.22764227642276,64.93902439024393
2013-09-10 23,30.22759601706968,2.60642919200695,129.5731707317075,63.10975609756101
2013-09-11 00,32.00568990042673,1.73761946133797,121.951219512195,55.1829268292683
2013-09-11 01,27.738264580369822,1.73761946133797,103.15040650406502,54.57317073170735
2013-09-11 02,23.82645803698435,1.73761946133797,91.46341463414632,51.82926829268296
2013-09-11 03,24.715504978662874,1.73761946133797,92.47967479674804,49.390243902439
2013-09-11 04,25.7823613086771,1.73761946133797,88.41463414634146,50.0
2013-09-11 05,25.7823613086771,1.73761946133797,88.92276422764228,44.2073170731707
2013-09-11 06,31.47226173541965,1.73761946133797,75.71138211382112,41.463414634146325
2013-09-11 07,36.45092460881935,1.73761946133797,76.21951219512195,38.109756097560975
2013-09-11 08,38.22901849217637,1.73761946133797,84.34959349593495,40.24390243902435
2013-09-11 09,33.9615931721195,1.73761946133797,82.31707317073173,43.9024390243902
2013-09-11 10,33.783783783783775,1.73761946133797,75.20325203252035,44.2073170731707
2013-09-11 11,31.47226173541962,1.73761946133797,88.92276422764228,41.76829268292683
2013-09-11 12,32.539118065433854,1.73761946133797,103.65853658536597,42.378048780487774
2013-09-11 13,32.539118065433854,1.73761946133797,86.89024390243902,31.097560975609756
2013-09-11 14,33.07254623044098,1.73761946133797,77.23577235772355,31.09756097560975
2013-09-11 15,31.2944523470839,1.73761946133797,91.4634146341463,36.28048780487803
2013-09-11 16,31.29445234708393,1.73761946133797,84.34959349593495,54.26829268292683
2013-09-11 17,32.18349928876245,1.73761946133797,88.92276422764226,58.2317073170732
2013-09-11 18,36.09530583214795,1.73761946133797,103.15040650406496,54.57317073170735
2013-09-11 19,40.007112375533424,2.17202432667246,128.55691056910575,54.8780487804878
2013-09-11 20,40.36273115220482,1.73761946133797,168.191056910569,71.03658536585368
2013-09-11 21,35.20625889046943,1.73761946133797,155.48780487804876,66.46341463414635
2013-09-11 22,31.650071123755325,1.73761946133797,147.86585365853676,55.1829268292683
2013-09-11 23,32.18349928876248,1.73761946133797,139.2276422764225,55.48780487804883
2013-09-12 00,32.71692745376953,1.73761946133797,129.0650406504065,52.4390243902439
2013-09-12 01,28.27169274537695,1.73761946133797,107.21544715447158,43.90243902439022
2013-09-12 02,24.00426742532005,1.73761946133797,98.57723577235768,45.12195121951217
2013-09-12 03,24.7155049786629,1.73761946133797,95.5284552845528,44.2073170731707
2013-09-12 04,24.715504978662874,1.73761946133797,91.46341463414632,44.2073170731707
2013-09-12 05,25.6045519203414,1.5204170286707233,81.30081300813008,44.5121951219512
2013-09-12 06,32.894736842105274,1.73761946133797,86.3821138211382,36.28048780487805
2013-09-12 07,39.47368421052633,1.73761946133797,87.39837398373996,33.23170731707317
2013-09-12 08,41.42958748221908,1.73761946133797,100.1016260162604,45.1219512195122
2013-09-12 09,36.09530583214795,1.73761946133797,96.03658536585368,42.68292682926828
2013-09-12 10,34.850640113798,2.3892267593397047,85.8739837398374,46.951219512195095
2013-09-12 11,32.18349928876245,1.73761946133797,104.67479674796748,47.86585365853657
2013-09-12 12,32.71692745376955,1.73761946133797,121.95121951219524,42.0731707317073
2013-09-12 13,31.827880512091003,1.73761946133797,104.67479674796752,27.1341463414634
2013-09-12 14,31.827880512091028,1.73761946133797,95.52845528455288,34.4512195121951
2013-09-12 15,32.71692745376957,1.73761946133797,88.41463414634154,34.756097560975626
2013-09-12 16,32.00568990042675,1.73761946133797,97.05284552845536,41.15853658536582
2013-09-12 17,35.3840682788051,1.73761946133797,99.08536585365852,58.84146341463415
2013-09-12 18,37.162162162162176,1.73761946133797,109.2479674796747,67.37804878048783
2013-09-12 19,41.60739687055475,1.954821894005215,117.378048780488,66.76829268292683
2013-09-12 20,41.42958748221905,1.73761946133797,141.26016260162623,60.06097560975613
2013-09-12 21,37.69559032716927,2.17202432667246,161.077235772358,63.71951219512195
2013-09-12 22,33.60597439544807,2.17202432667246,133.130081300813,56.70731707317075
2013-09-12 23,33.783783783783775,1.73761946133797,118.3943089430895,50.0
2013-09-13 00,33.9615931721195,1.73761946133797,113.8211382113822,52.13414634146343
2013-09-13 01,29.694167852062577,1.73761946133797,99.59349593495948,43.29268292682925
2013-09-13 02,25.0711237553343,1.73761946133797,90.4471544715447,33.84146341463415
2013-09-13 03,26.137980085348502,1.73761946133797,84.34959349593495,34.14634146341463
2013-09-13 04,26.137980085348502,1.73761946133797,87.39837398373983,33.23170731707317
2013-09-13 05,27.560455192034127,1.73761946133797,81.30081300813005,36.89024390243903
2013-09-13 06,33.9615931721195,1.73761946133797,81.8089430894309,37.19512195121951
2013-09-13 07,40.18492176386915,1.73761946133797,78.760162601626,33.536585365853654
2013-09-13 08,39.651493598862025,1.73761946133797,92.98780487804876,40.54878048780488
2013-09-13 09,38.05120910384068,1.73761946133797,97.5609756097562,34.14634146341463
2013-09-13 10,37.3399715504979,1.73761946133797,96.54471544715445,41.76829268292683
2013-09-13 11,33.07254623044098,1.73761946133797,108.23170731707305,47.56097560975607
2013-09-13 12,32.894736842105274,1.73761946133797,115.85365853658526,51.82926829268296
2013-09-13 13,31.1166429587482,1.73761946133797,101.11788617886188,44.20731707317072
2013-09-13 14,31.650071123755325,1.73761946133797,87.90650406504065,44.2073170731707
2013-09-13 15,31.650071123755303,1.73761946133797,104.166666666667,57.6219512195122
2013-09-13 16,32.36130867709815,1.73761946133797,103.65853658536582,54.268292682926855
2013-09-13 17,33.783783783783775,1.73761946133797,99.08536585365854,63.41463414634147
2013-09-13 18,36.45092460881935,1.73761946133797,115.3455284552845,61.89024390243905
2013-09-13 19,40.71834992887622,1.73761946133797,133.130081300813,58.53658536585368
2013-09-13 20,40.18492176386913,1.73761946133797,155.4878048780487,60.06097560975613
2013-09-13 21,35.917496443812226,1.73761946133797,154.979674796748,64.63414634146343
2013-09-13 22,32.18349928876243,1.73761946133797,147.35772357723573,50.30487804878047
2013-09-13 23,32.18349928876245,1.73761946133797,119.41056910569075,47.86585365853657
2013-09-14 00,33.96159317211948,1.73761946133797,109.24796747967476,46.036585365853625
2013-09-14 01,30.761024182076824,1.73761946133797,106.19918699187008,38.71951219512195
2013-09-14 02,25.4267425320057,1.73761946133797,100.10162601626004,35.67073170731705
2013-09-14 03,25.9601706970128,1.73761946133797,90.9552845528455,34.4512195121951
2013-09-14 04,25.4267425320057,1.73761946133797,83.84146341463415,34.756097560975604
2013-09-14 05,26.4935988620199,1.73761946133797,76.21951219512192,38.10975609756095
2013-09-14 06,32.71692745376955,1.954821894005215,73.17073170731707,39.3292682926829
2013-09-14 07,32.71692745376955,1.954821894005215,73.17073170731707,28.96341463414635
2013-09-14 08,35.56187766714082,1.73761946133797,88.41463414634146,35.06097560975607
2013-09-14 09,39.4736842105263,1.954821894005215,100.10162601626024,38.41463414634145
2013-09-14 10,38.4068278805121,1.954821894005215,99.59349593495952,30.18292682926828
2013-09-14 11,37.162162162162176,1.73761946133797,103.65853658536584,37.80487804878047
2013-09-14 12,36.98435277382645,1.73761946133797,118.39430894308924,39.9390243902439
2013-09-14 13,36.09530583214792,1.73761946133797,102.6422764227642,31.09756097560975
2013-09-14 14,35.028449502133725,1.73761946133797,100.1016260162601,32.317073170731724
2013-09-14 15,33.250355618776695,1.73761946133797,111.280487804878,38.10975609756096
2013-09-14 16,33.4281650071124,1.73761946133797,108.23170731707346,38.10975609756095
2013-09-14 17,35.3840682788051,1.73761946133797,102.64227642276416,42.07317073170732
2013-09-14 18,35.91749644381225,2.17202432667246,102.1341463414636,46.34146341463412
2013-09-14 19,38.4068278805121,1.73761946133797,108.23170731707332,55.48780487804878
2013-09-14 20,38.2290184921764,1.73761946133797,148.37398373983726,56.0975609756098
2013-09-14 21,35.56187766714083,1.73761946133797,146.84959349593476,60.97560975609758
2013-09-14 22,32.18349928876245,1.73761946133797,131.60569105691076,65.2439024390244
2013-09-14 23,33.60597439544808,1.73761946133797,127.540650406504,56.097560975609774
2013-09-15 00,35.384068278805124,1.73761946133797,114.329268292683,51.21951219512195
2013-09-15 01,32.005689900426724,1.73761946133797,102.6422764227642,46.34146341463412
2013-09-15 02,26.137980085348502,1.73761946133797,102.1341463414634,38.71951219512195
2013-09-15 03,26.137980085348502,1.73761946133797,94.5121951219513,36.890243902439
2013-09-15 04,25.6045519203414,1.73761946133797,83.84146341463412,37.49999999999998
2013-09-15 05,26.849217638691325,1.73761946133797,87.90650406504065,39.329268292682926
2013-09-15 06,32.71692745376955,1.73761946133797,79.26829268292686,37.80487804878045
2013-09-15 07,31.827880512091028,1.73761946133797,69.10569105691057,35.670731707317074
2013-09-15 08,33.2503556187767,1.73761946133797,83.33333333333334,34.14634146341463
2013-09-15 09,35.73968705547652,1.73761946133797,88.41463414634146,34.756097560975604
2013-09-15 10,36.98435277382645,2.3892267593397047,113.3130081300814,37.5
2013-09-15 11,38.7624466571835,1.954821894005215,121.95121951219524,39.9390243902439
2013-09-15 12,40.89615931721195,1.73761946133797,128.048780487805,38.71951219512195
2013-09-15 13,36.80654338549078,1.73761946133797,121.951219512195,29.5731707317073
2013-09-15 14,35.0284495021337,2.17202432667246,104.16666666666671,30.48780487804877
2013-09-15 15,33.072546230441,1.73761946133797,98.5772357723576,32.3170731707317
2013-09-15 16,32.18349928876245,1.73761946133797,87.39837398373993,31.402439024390222
2013-09-15 17,34.672830725462305,1.73761946133797,84.34959349593495,28.96341463414635
2013-09-15 18,35.2062588904694,1.73761946133797,83.33333333333333,33.84146341463415
2013-09-15 19,40.540540540540526,1.73761946133797,104.67479674796778,40.24390243902437
2013-09-15 20,40.54054054054055,1.73761946133797,140.2439024390245,55.7926829268293
2013-09-15 21,36.273115220483646,1.73761946133797,136.6869918699185,69.20731707317076
2013-09-15 22,32.36130867709815,1.73761946133797,134.65447154471576,62.5
2013-09-15 23,32.36130867709815,1.73761946133797,121.95121951219524,49.39024390243905
2013-09-16 00,33.9615931721195,1.73761946133797,106.70731707317074,45.42682926829268
2013-09-16 01,29.6941678520626,1.73761946133797,97.05284552845538,40.85365853658535
2013-09-16 02,24.53769559032717,1.73761946133797,89.9390243902439,35.3658536585366
2013-09-16 03,25.42674253200568,1.73761946133797,90.4471544715447,35.67073170731705
2013-09-16 04,25.9601706970128,1.73761946133797,83.84146341463415,39.6341463414634
2013-09-16 05,26.6714082503556,1.73761946133797,79.77642276422762,41.15853658536582
2013-09-16 06,34.139402560455174,1.73761946133797,77.7439024390244,36.89024390243903
2013-09-16 07,42.1408250355619,1.73761946133797,78.76016260162604,33.84146341463413
2013-09-16 08,37.517780938833575,1.73761946133797,96.03658536585364,33.23170731707315
2013-09-16 09,34.6728307254623,1.73761946133797,84.85772357723575,25.91463414634148
2013-09-16 10,33.25035561877668,1.73761946133797,75.20325203252035,28.04878048780488
2013-09-16 11,32.0056899004267,1.73761946133797,83.84146341463415,29.268292682926827
2013-09-16 12,31.827880512091028,1.73761946133797,94.51219512195124,37.19512195121951
2013-09-16 13,32.36130867709815,1.73761946133797,84.85772357723575,32.0121951219512
2013-09-16 14,32.005689900426724,1.73761946133797,80.79268292682927,38.414634146341456
2013-09-16 15,32.36130867709812,1.73761946133797,79.26829268292683,46.03658536585365
2013-09-16 16,32.539118065433854,1.954821894005215,93.49593495934955,46.03658536585365
2013-09-16 17,33.60597439544807,1.73761946133797,98.06910569105698,46.03658536585365
2013-09-16 18,33.783783783783775,1.73761946133797,99.08536585365869,55.79268292682928
2013-09-16 19,35.0284495021337,1.73761946133797,134.14634146341476,61.89024390243903
2013-09-16 20,36.98435277382647,1.73761946133797,157.52032520325176,66.46341463414632
2013-09-16 21,35.38406827880515,1.73761946133797,148.8821138211385,62.19512195121953
2013-09-16 22,31.472261735419625,1.73761946133797,142.78455284552825,67.37804878048783
2013-09-16 23,31.47226173541965,1.73761946133797,118.3943089430895,60.06097560975613
2013-09-17 00,33.07254623044098,1.73761946133797,100.609756097561,52.43902439024395
2013-09-17 01,28.80512091038408,1.73761946133797,101.62601626016249,48.475609756097526
2013-09-17 02,24.004267425320023,1.73761946133797,96.03658536585364,41.76829268292683
2013-09-17 03,24.359886201991475,1.73761946133797,88.41463414634146,38.10975609756095
2013-09-17 04,24.182076813655776,1.73761946133797,79.2682926829268,33.23170731707315
2013-09-17 05,25.7823613086771,1.73761946133797,84.34959349593495,36.58536585365855
2013-09-17 06,33.25035561877667,1.73761946133797,79.26829268292683,33.536585365853654
2013-09-17 07,40.36273115220482,1.73761946133797,81.80894308943087,30.18292682926828
2013-09-17 08,35.917496443812226,1.73761946133797,80.28455284552845,29.268292682926827
2013-09-17 09,33.428165007112376,1.5204170286707233,77.23577235772358,27.134146341463428
2013-09-17 10,32.539118065433854,1.3032145960034764,74.1869918699187,29.268292682926823
2013-09-17 11,33.428165007112376,1.73761946133797,70.1219512195122,35.975609756097555
2013-09-17 12,30.938833570412505,1.73761946133797,94.0040650406506,32.6219512195122
2013-09-17 13,31.4722617354196,1.73761946133797,87.90650406504062,25.60975609756097
2013-09-17 14,32.89473684210525,1.73761946133797,99.59349593495936,39.6341463414634
2013-09-17 15,33.783783783783775,1.73761946133797,92.47967479674791,37.49999999999997
2013-09-17 16,33.07254623044095,1.73761946133797,85.8739837398374,40.54878048780488
2013-09-17 17,32.36130867709812,1.73761946133797,90.9552845528455,37.19512195121951
2013-09-17 18,34.6728307254623,1.73761946133797,110.77235772357726,48.170731707317074
2013-09-17 19,39.1180654338549,1.954821894005215,131.60569105691076,59.14634146341463
2013-09-17 20,38.5846372688478,2.17202432667246,150.4065040650405,56.40243902439025
2013-09-17 21,35.20625889046943,2.3892267593397047,139.7357723577235,63.71951219512195
2013-09-17 22,31.827880512091028,1.954821894005215,139.7357723577235,57.31707317073173
2013-09-17 23,30.7610241820768,1.73761946133797,123.98373983739825,57.62195121951223
2013-09-18 00,33.2503556187767,1.73761946133797,107.72357723577224,51.8292682926829
2013-09-18 01,29.694167852062552,1.73761946133797,98.57723577235777,45.731707317073145
2013-09-18 02,24.359886201991475,1.73761946133797,92.98780487804876,46.036585365853625
2013-09-18 03,24.53769559032717,1.73761946133797,90.4471544715447,44.81707317073168
2013-09-18 04,25.6045519203414,1.73761946133797,84.34959349593495,42.07317073170727
2013-09-18 05,26.4935988620199,1.73761946133797,85.36585365853657,34.756097560975576
2013-09-18 06,33.783783783783775,1.73761946133797,82.3170731707318,31.09756097560975
2013-09-18 07,41.25177809388333,1.73761946133797,89.93902439024397,32.62195121951218
2013-09-18 08,38.0512091038407,1.73761946133797,98.57723577235772,31.40243902439025
2013-09-18 09,35.3840682788051,1.954821894005215,86.89024390243902,29.878048780487823
2013-09-18 10,34.1394025604552,1.73761946133797,81.30081300813008,35.06097560975608
2013-09-18 11,32.00568990042675,1.73761946133797,85.87398373983737,36.28048780487805
2013-09-18 12,32.539118065433854,1.73761946133797,102.13414634146328,39.3292682926829
2013-09-18 13,32.894736842105274,1.73761946133797,95.02032520325204,31.707317073170724
2013-09-18 14,34.49502133712657,1.73761946133797,97.56097560975628,33.84146341463413
2013-09-18 15,30.938833570412527,1.73761946133797,86.890243902439,39.6341463414634
2013-09-18 16,32.0056899004267,1.73761946133797,85.36585365853657,46.6463414634146
2013-09-18 17,32.89473684210525,1.73761946133797,80.28455284552845,51.52439024390242
2013-09-18 18,36.273115220483625,1.73761946133797,92.9878048780488,51.21951219512195
2013-09-18 19,38.5846372688478,2.17202432667246,130.08130081300826,57.01219512195125
2013-09-18 20,38.4068278805121,1.73761946133797,157.012195121951,59.14634146341466
2013-09-18 21,35.384068278805124,1.73761946133797,140.2439024390245,61.89024390243903
2013-09-18 22,31.827880512091024,1.73761946133797,135.670731707317,60.97560975609755
2013-09-18 23,33.25035561877665,1.73761946133797,123.4756097560975,60.3658536585366
2013-09-19 00,33.6059743954481,1.73761946133797,105.18292682926842,51.21951219512192
2013-09-19 01,29.516358463726878,1.73761946133797,98.57723577235762,45.73170731707312
2013-09-19 02,24.7155049786629,1.73761946133797,84.85772357723576,42.3780487804878
2013-09-19 03,24.89331436699857,1.73761946133797,88.92276422764228,36.89024390243903
2013-09-19 04,25.24893314367,1.73761946133797,85.3658536585366,34.4512195121951
2013-09-19 05,26.1379800853485,1.73761946133797,77.23577235772358,35.975609756097576
2013-09-19 06,33.60597439544807,1.73761946133797,83.33333333333337,34.4512195121951
2013-09-19 07,41.60739687055475,1.73761946133797,78.25203252032517,32.0121951219512
2013-09-19 08,37.6955903271693,1.73761946133797,87.90650406504062,32.3170731707317
2013-09-19 09,35.2062588904694,1.3032145960034764,91.97154471544717,35.36585365853658
2013-09-19 10,33.6059743954481,1.73761946133797,79.77642276422762,45.731707317073145
2013-09-19 11,32.005689900426724,1.73761946133797,85.87398373983743,35.975609756097555
2013-09-19 12,31.650071123755303,1.73761946133797,94.51219512195122,37.5
2013-09-19 13,31.827880512091028,1.73761946133797,88.92276422764225,34.4512195121951
2013-09-19 14,33.428165007112376,1.73761946133797,76.72764227642278,36.89024390243903
2013-09-19 15,30.7610241820768,1.73761946133797,89.93902439024387,41.15853658536582
2013-09-19 16,32.36130867709815,1.73761946133797,95.02032520325204,40.85365853658538
2013-09-19 17,33.6059743954481,1.73761946133797,92.47967479674796,42.98780487804875
2013-09-19 18,35.917496443812226,1.73761946133797,109.24796747967474,46.03658536585365
2013-09-19 19,42.14082503556188,1.73761946133797,128.55691056910575,45.12195121951218
2013-09-19 20,39.651493598862025,1.73761946133797,165.14227642276424,50.0
2013-09-19 21,35.56187766714083,1.73761946133797,154.979674796748,51.52439024390242
2013-09-19 22,33.07254623044098,1.73761946133797,145.83333333333326,54.57317073170733
2013-09-19 23,32.005689900426724,1.73761946133797,122.459349593496,57.6219512195122
2013-09-20 00,33.428165007112376,1.73761946133797,110.77235772357724,48.78048780487805
2013-09-20 01,29.33854907539115,1.73761946133797,108.73983739837377,38.71951219512193
2013-09-20 02,25.24893314367,1.73761946133797,99.0853658536586,35.975609756097555
2013-09-20 03,24.53769559032717,1.73761946133797,89.9390243902439,31.402439024390247
2013-09-20 04,25.24893314367,1.73761946133797,81.80894308943087,31.09756097560975
2013-09-20 05,26.4935988620199,1.73761946133797,77.74390243902437,35.975609756097555
2013-09-20 06,33.783783783783775,1.73761946133797,86.38211382113832,31.402439024390247
2013-09-20 07,42.1408250355619,1.73761946133797,78.2520325203252,31.402439024390222
2013-09-20 08,37.69559032716925,1.954821894005215,90.95528455284564,32.62195121951218
2013-09-20 09,35.2062588904694,1.73761946133797,83.84146341463415,36.58536585365855
2013-09-20 10,34.850640113798,1.73761946133797,76.72764227642276,36.28048780487805
2013-09-20 11,32.36130867709812,1.73761946133797,84.34959349593495,35.06097560975608
2013-09-20 12,32.00568990042675,1.73761946133797,90.4471544715447,31.09756097560975
2013-09-20 13,31.827880512091003,1.73761946133797,101.11788617886197,31.402439024390247
2013-09-20 14,32.36130867709812,1.73761946133797,102.64227642276416,33.23170731707317
2013-09-20 15,32.539118065433875,1.73761946133797,95.52845528455292,37.80487804878047
2013-09-20 16,34.1394025604552,1.73761946133797,102.13414634146336,44.5121951219512
2013-09-20 17,33.25035561877667,1.73761946133797,100.60975609756098,49.390243902439
2013-09-20 18,36.273115220483625,1.954821894005215,115.8536585365855,55.7926829268293
2013-09-20 19,40.71834992887622,1.954821894005215,128.55691056910598,53.04878048780488
2013-09-20 20,36.80654338549075,2.3892267593397047,148.88211382113826,57.92682926829268
2013-09-20 21,35.20625889046943,2.3892267593397047,155.99593495934974,54.268292682926855
2013-09-20 22,32.005689900426724,1.73761946133797,153.96341463414626,54.57317073170733
2013-09-20 23,32.89473684210525,1.73761946133797,138.719512195122,57.6219512195122
2013-09-21 00,33.60597439544807,1.73761946133797,124.49186991869924,48.47560975609755
2013-09-21 01,30.049786628734,1.73761946133797,115.8536585365855,43.90243902439023
2013-09-21 02,24.71550497866285,1.73761946133797,99.0853658536586,37.1951219512195
2013-09-21 03,25.248933143669973,1.73761946133797,90.44715447154468,33.536585365853654
2013-09-21 04,25.9601706970128,1.73761946133797,78.76016260162599,35.3658536585366
2013-09-21 05,26.4935988620199,1.73761946133797,81.80894308943087,37.80487804878048
2013-09-21 06,32.005689900426724,1.73761946133797,77.23577235772358,33.536585365853675
2013-09-21 07,32.71692745376955,1.73761946133797,70.630081300813,30.792682926829272
2013-09-21 08,35.73968705547652,1.73761946133797,76.21951219512195,32.3170731707317
2013-09-21 09,40.54054054054055,1.73761946133797,86.89024390243902,35.36585365853658
2013-09-21 10,40.36273115220482,1.73761946133797,114.83739837398385,35.975609756097555
2013-09-21 11,37.69559032716927,1.73761946133797,127.03252032520324,32.9268292682927
2013-09-21 12,36.273115220483646,1.73761946133797,117.37804878048776,38.41463414634145
2013-09-21 13,34.850640113798,1.73761946133797,100.1016260162601,29.878048780487774
2013-09-21 14,34.31721194879088,1.73761946133797,103.15040650406492,33.84146341463413
2013-09-21 15,32.36130867709815,1.73761946133797,111.7886178861785,35.0609756097561
2013-09-21 16,31.827880512091028,1.73761946133797,114.32926829268276,35.975609756097555
2013-09-21 17,33.428165007112376,1.73761946133797,108.73983739837423,34.14634146341465
2013-09-21 18,37.517780938833575,1.73761946133797,113.31300813008124,44.5121951219512
2013-09-21 19,41.9630156472262,1.954821894005215,119.918699186992,50.30487804878047
2013-09-21 20,40.0071123755334,1.73761946133797,146.341463414634,59.756097560975626
2013-09-21 21,36.09530583214792,1.73761946133797,139.7357723577235,56.0975609756098
2013-09-21 22,33.072546230441,1.73761946133797,129.06504065040676,50.60975609756101
2013-09-21 23,32.005689900426745,1.73761946133797,120.42682926829276,51.82926829268296
2013-09-22 00,35.028449502133725,1.73761946133797,117.37804878048776,47.2560975609756
2013-09-22 01,31.650071123755325,1.73761946133797,111.280487804878,42.3780487804878
2013-09-22 02,26.137980085348502,1.73761946133797,98.57723577235792,37.49999999999997
2013-09-22 03,25.9601706970128,1.73761946133797,100.10162601626024,33.23170731707315
2013-09-22 04,26.137980085348502,1.73761946133797,84.34959349593495,35.0609756097561
2013-09-22 05,27.738264580369822,1.73761946133797,80.79268292682926,38.71951219512193
2013-09-22 06,33.7837837837838,1.73761946133797,74.18699186991873,33.536585365853625
2013-09-22 07,33.07254623044095,1.73761946133797,71.13821138211382,27.1341463414634
2013-09-22 08,33.783783783783775,1.73761946133797,83.3333333333333,28.048780487804848
2013-09-22 09,38.9402560455192,1.73761946133797,95.020325203252,31.09756097560975
2013-09-22 10,41.60739687055477,1.73761946133797,105.18292682926833,39.02439024390242
2013-09-22 11,38.7624466571835,1.73761946133797,131.09756097560975,37.19512195121953
2013-09-22 12,35.917496443812226,1.73761946133797,141.26016260162575,35.975609756097555
2013-09-22 13,34.4950213371266,1.73761946133797,106.19918699186972,32.62195121951218
2013-09-22 14,32.894736842105274,1.73761946133797,97.56097560975604,34.14634146341463
2013-09-22 15,33.6059743954481,1.73761946133797,96.54471544715454,27.7439024390244
2013-09-22 16,32.36130867709815,1.73761946133797,102.1341463414634,28.35365853658535
2013-09-22 17,34.4950213371266,1.73761946133797,97.5609756097562,28.04878048780488
2013-09-22 18,36.98435277382645,1.73761946133797,89.43089430894307,33.23170731707317
2013-09-22 19,42.49644381223328,1.73761946133797,99.59349593495958,39.9390243902439
2013-09-22 20,41.25177809388335,1.954821894005215,155.99593495934974,55.1829268292683
2013-09-22 21,37.33997155049788,1.73761946133797,151.42276422764226,52.7439024390244
2013-09-22 22,33.25035561877667,1.73761946133797,141.76829268292698,48.170731707317074
2013-09-22 23,32.539118065433826,1.73761946133797,126.0162601626015,49.69512195121953
2013-09-23 00,32.539118065433854,1.73761946133797,121.44308943089425,45.12195121951218
2013-09-23 01,29.160739687055475,1.73761946133797,103.15040650406502,34.14634146341463
2013-09-23 02,23.648648648648624,1.73761946133797,89.43089430894307,32.92682926829268
2013-09-23 03,24.00426742532008,1.73761946133797,88.41463414634146,32.92682926829268
2013-09-23 04,24.89331436699857,1.73761946133797,79.26829268292683,31.707317073170724
2013-09-23 05,25.6045519203414,1.73761946133797,79.2682926829268,34.756097560975626
2013-09-23 06,33.07254623044098,1.73761946133797,80.28455284552842,29.5731707317073
2013-09-23 07,40.71834992887622,1.73761946133797,80.28455284552845,34.14634146341463
2013-09-23 08,36.80654338549078,1.73761946133797,97.56097560975618,33.536585365853654
2013-09-23 09,35.0284495021337,1.73761946133797,86.3821138211382,25.914634146341477
2013-09-23 10,34.6728307254623,1.73761946133797,91.97154471544724,27.134146341463424
2013-09-23 11,34.139402560455174,1.73761946133797,89.4308943089432,30.792682926829272
2013-09-23 12,31.472261735419625,1.73761946133797,120.42682926829276,36.28048780487802
2013-09-23 13,30.4054054054054,1.73761946133797,100.10162601626016,25.3048780487805
2013-09-23 14,32.539118065433875,1.73761946133797,78.2520325203252,28.35365853658535
2013-09-23 15,31.650071123755325,1.73761946133797,98.5772357723576,38.109756097560975
2013-09-23 16,31.1166429587482,1.73761946133797,102.13414634146352,43.59756097560975
2013-09-23 17,32.71692745376955,1.73761946133797,108.23170731707324,46.34146341463412
2013-09-23 18,32.71692745376957,1.73761946133797,105.1829268292683,48.170731707317046
2013-09-23 19,33.9615931721195,1.73761946133797,134.6544715447155,53.04878048780488
2013-09-23 20,35.2062588904694,1.73761946133797,154.471544715447,63.71951219512195
2013-09-23 21,35.38406827880515,1.73761946133797,145.3252032520325,58.84146341463415
2013-09-23 22,31.650071123755325,1.73761946133797,136.17886178861775,58.536585365853696
2013-09-23 23,32.18349928876245,1.73761946133797,110.26422764227624,55.4878048780488
2013-09-24 00,33.07254623044095,1.73761946133797,112.29674796747976,42.0731707317073
2013-09-24 01,29.16073968705545,1.73761946133797,96.03658536585364,31.7073170731707
2013-09-24 02,24.715504978662874,1.73761946133797,91.4634146341463,32.92682926829268
2013-09-24 03,24.715504978662874,1.73761946133797,88.92276422764225,31.70731707317075
2013-09-24 04,25.24893314367,1.73761946133797,82.82520325203252,34.14634146341463
2013-09-24 05,26.6714082503556,1.73761946133797,80.79268292682927,35.67073170731705
2013-09-24 06,33.25035561877667,1.73761946133797,85.36585365853655,32.0121951219512
2013-09-24 07,39.651493598862025,1.73761946133797,87.39837398373984,32.3170731707317
2013-09-24 08,35.2062588904694,1.73761946133797,91.46341463414645,33.23170731707315
2013-09-24 09,33.4281650071124,1.5204170286707233,83.3333333333333,32.3170731707317
2013-09-24 10,31.4722617354196,1.73761946133797,76.72764227642276,30.79268292682925
2013-09-24 11,31.47226173541965,1.73761946133797,89.9390243902439,31.09756097560975
2013-09-24 12,30.4054054054054,1.73761946133797,85.87398373983737,38.10975609756095
2013-09-24 13,30.049786628734,1.73761946133797,78.2520325203252,32.62195121951218
2013-09-24 14,31.47226173541965,1.73761946133797,79.26829268292683,31.097560975609756
2013-09-24 15,29.1607396870555,1.73761946133797,86.3821138211382,38.10975609756095
2013-09-24 16,29.1607396870555,1.73761946133797,82.82520325203252,39.3292682926829
2013-09-24 17,33.783783783783775,1.73761946133797,87.39837398373982,45.4268292682927
2013-09-24 18,34.1394025604552,1.73761946133797,100.60975609756102,45.12195121951217
2013-09-24 19,34.3172119487909,2.17202432667246,129.0650406504065,52.4390243902439
2013-09-24 20,35.384068278805124,1.73761946133797,157.520325203252,55.48780487804883
2013-09-24 21,34.139402560455224,1.954821894005215,162.60162601626,53.6585365853659
2013-09-24 22,31.650071123755325,1.73761946133797,139.22764227642276,59.14634146341465
2013-09-24 23,30.5832147937411,1.73761946133797,127.540650406504,46.95121951219512
2013-09-25 00,34.139402560455174,1.73761946133797,112.8048780487805,36.89024390243903
2013-09-25 01,28.627311522048377,1.73761946133797,94.00406504065032,36.58536585365853
2013-09-25 02,8.8904694167852,1.73761946133797,82.3170731707317,34.756097560975604
2013-09-25 03,4.978662873399715,1.73761946133797,76.72764227642276,32.92682926829268
2013-09-25 04,5.86770981507824,1.73761946133797,76.72764227642276,32.92682926829268
2013-09-25 05,6.756756756756758,1.73761946133797,72.15447154471545,33.23170731707315
2013-09-25 06,13.8691322901849,1.3032145960034764,77.74390243902437,32.6219512195122
2013-09-25 07,21.15931721194877,1.73761946133797,79.26829268292683,32.92682926829268
2013-09-25 08,15.825035561877677,1.73761946133797,82.3170731707317,28.963414634146325
2013-09-25 09,13.6913229018492,1.73761946133797,79.26829268292686,27.74390243902437
2013-09-25 10,10.668563300142232,1.73761946133797,76.21951219512195,32.0121951219512
2013-09-25 11,24.00426742532005,1.73761946133797,87.39837398373983,39.0243902439024
2013-09-25 12,28.9829302987198,1.73761946133797,108.23170731707296,39.9390243902439
2013-09-25 13,28.27169274537697,1.73761946133797,81.30081300813008,30.4878048780488
2013-09-25 14,29.3385490753912,1.73761946133797,74.6951219512195,29.878048780487823
2013-09-25 15,24.182076813655776,1.73761946133797,79.26829268292683,32.3170731707317
2013-09-25 16,11.024182076813664,1.73761946133797,86.890243902439,33.84146341463413
2013-09-25 17,28.627311522048373,1.73761946133797,88.92276422764238,41.463414634146325
2013-09-25 18,30.938833570412505,1.73761946133797,111.280487804878,45.731707317073145
2013-09-25 19,33.07254623044098,1.73761946133797,133.13008130081326,48.475609756097526
2013-09-25 20,32.894736842105225,1.73761946133797,162.60162601626,49.08536585365855
2013-09-25 21,32.71692745376955,1.73761946133797,154.979674796748,56.0975609756098
2013-09-25 22,29.33854907539117,1.73761946133797,139.22764227642276,53.048780487804905
2013-09-25 23,28.9829302987198,1.73761946133797,124.99999999999976,52.4390243902439
2013-09-26 00,31.65007112375535,1.73761946133797,115.34552845528476,41.15853658536582
2013-09-26 01,27.38264580369845,1.73761946133797,100.1016260162601,36.28048780487805
2013-09-26 02,23.1152204836415,1.73761946133797,95.02032520325204,32.92682926829268
2013-09-26 03,23.470839260312925,1.73761946133797,86.890243902439,29.2682926829268
2013-09-26 04,23.82645803698435,1.73761946133797,78.760162601626,30.48780487804877
2013-09-26 05,24.004267425320048,1.73761946133797,76.21951219512198,32.92682926829268
2013-09-26 06,31.650071123755325,1.73761946133797,85.87398373983747,28.963414634146325
2013-09-26 07,37.873399715505,1.73761946133797,88.41463414634146,29.5731707317073
2013-09-26 08,33.60597439544807,1.73761946133797,94.00406504065045,27.134146341463424
2013-09-26 09,30.7610241820768,1.73761946133797,79.77642276422765,28.35365853658535
2013-09-26 10,30.049786628734,1.73761946133797,86.3821138211382,31.09756097560975
2013-09-26 11,31.827880512091028,1.5204170286707233,87.90650406504062,33.536585365853675
2013-09-26 12,29.6941678520626,1.73761946133797,97.05284552845538,33.23170731707317
2013-09-26 13,28.44950213371265,1.73761946133797,85.87398373983737,27.7439024390244
2013-09-26 14,28.9829302987198,1.73761946133797,76.21951219512195,24.390243902439025
2013-09-26 15,28.805120910384097,1.73761946133797,75.20325203252033,26.524390243902424
2013-09-26 16,27.738264580369822,1.73761946133797,78.2520325203252,32.3170731707317
2013-09-26 17,29.8719772403983,1.73761946133797,85.8739837398374,34.451219512195124
2013-09-26 18,31.1166429587482,1.73761946133797,102.13414634146356,35.670731707317074
2013-09-26 19,32.00568990042673,1.73761946133797,139.7357723577235,45.12195121951218
2013-09-26 20,32.36130867709815,1.954821894005215,148.882113821138,52.13414634146345
2013-09-26 21,32.71692745376955,1.73761946133797,155.4878048780487,51.21951219512198
2013-09-26 22,28.9829302987198,1.954821894005215,142.2764227642275,46.3414634146341
2013-09-26 23,28.27169274537697,1.73761946133797,127.03252032520324,44.51219512195122
2013-09-27 00,31.116642958748223,1.73761946133797,112.2967479674797,38.41463414634143
2013-09-27 01,26.4935988620199,1.73761946133797,98.57723577235778,32.01219512195122
2013-09-27 02,23.4708392603129,1.73761946133797,84.34959349593498,32.01219512195122
2013-09-27 03,23.648648648648624,1.73761946133797,83.33333333333333,28.96341463414635
2013-09-27 04,23.826458036984377,1.73761946133797,75.71138211382114,29.268292682926823
2013-09-27 05,24.00426742532005,2.3892267593397047,74.69512195121952,32.01219512195122
2013-09-27 06,30.7610241820768,1.73761946133797,66.5650406504065,29.5731707317073
2013-09-27 07,35.91749644381225,1.73761946133797,72.66260162601628,28.35365853658535
2013-09-27 08,32.89473684210525,1.73761946133797,81.80894308943087,27.1341463414634
2013-09-27 09,30.2275960170697,1.73761946133797,86.89024390243902,30.48780487804875
2013-09-27 10,29.516358463726903,1.73761946133797,92.98780487804883,34.451219512195124
2013-09-27 11,29.6941678520626,1.73761946133797,97.05284552845532,35.36585365853655
2013-09-27 12,29.3385490753912,1.73761946133797,111.28048780487802,49.08536585365855
2013-09-27 13,29.8719772403983,1.73761946133797,84.34959349593495,37.19512195121948
2013-09-27 14,29.5163584637269,1.73761946133797,84.34959349593495,38.41463414634145
2013-09-27 15,28.6273115220484,1.73761946133797,90.44715447154472,42.68292682926828
2013-09-27 16,28.09388335704125,1.73761946133797,99.59349593495928,52.4390243902439
2013-09-27 17,28.093883357041275,1.73761946133797,106.19918699187002,46.64634146341462
2013-09-27 18,29.8719772403983,2.17202432667246,125.508130081301,40.54878048780488
2013-09-27 19,32.00568990042675,2.17202432667246,140.752032520325,40.24390243902437
2013-09-27 20,33.07254623044098,2.3892267593397047,160.06097560975624,51.52439024390245
2013-09-27 21,30.938833570412505,1.73761946133797,154.471544715447,57.01219512195125
2013-09-27 22,27.027027027027,1.73761946133797,130.0813008130085,50.30487804878047
2013-09-27 23,27.560455192034127,1.73761946133797,132.11382113821125,43.90243902439022
2013-09-28 00,29.3385490753912,1.73761946133797,118.90243902439023,37.19512195121953
2013-09-28 01,25.782361308677125,1.73761946133797,98.57723577235777,33.23170731707317
2013-09-28 02,22.7596017069701,1.73761946133797,97.05284552845538,31.402439024390222
2013-09-28 03,22.7596017069701,1.73761946133797,93.49593495934955,29.8780487804878
2013-09-28 04,22.9374110953058,1.73761946133797,81.30081300813008,28.65853658536585
2013-09-28 05,22.759601706970123,1.73761946133797,68.08943089430895,29.268292682926823
2013-09-28 06,26.671408250355626,1.73761946133797,65.54878048780486,27.74390243902437
2013-09-28 07,26.4935988620199,1.73761946133797,68.08943089430892,25.000000000000025
2013-09-28 08,29.694167852062577,2.17202432667246,82.3170731707317,28.96341463414635
2013-09-28 09,32.539118065433854,1.73761946133797,85.87398373983737,25.60975609756095
2013-09-28 10,33.072546230441,1.73761946133797,103.65853658536584,33.536585365853654
2013-09-28 11,32.36130867709815,1.73761946133797,129.0650406504065,36.890243902439
2013-09-28 12,33.60597439544807,1.73761946133797,138.719512195122,42.68292682926828
2013-09-28 13,32.005689900426724,1.73761946133797,108.73983739837408,33.23170731707317
2013-09-28 14,32.18349928876245,1.73761946133797,107.21544715447148,36.890243902439
2013-09-28 15,31.2944523470839,1.73761946133797,111.788617886179,34.451219512195124
2013-09-28 16,31.2944523470839,1.73761946133797,111.78861788617876,39.6341463414634
2013-09-28 17,31.472261735419625,1.73761946133797,105.69105691056924,39.02439024390242
2013-09-28 18,30.761024182076824,1.73761946133797,110.26422764227632,34.14634146341463
2013-09-28 19,31.472261735419625,1.73761946133797,118.39430894308924,42.07317073170732
2013-09-28 20,32.005689900426745,1.954821894005215,165.14227642276398,59.14634146341465
2013-09-28 21,30.4054054054054,1.73761946133797,148.88211382113826,63.71951219512197
2013-09-28 22,26.8492176386913,1.73761946133797,135.162601626016,53.65853658536588
2013-09-28 23,26.849217638691325,1.73761946133797,132.621951219512,49.69512195121953
2013-09-29 00,29.516358463726903,1.73761946133797,134.1463414634145,46.6463414634146
2013-09-29 01,26.137980085348524,1.73761946133797,105.69105691056924,36.28048780487803
2013-09-29 02,23.2930298719772,1.73761946133797,92.98780487804876,32.92682926829268
2013-09-29 03,22.9374110953058,1.73761946133797,90.44715447154472,29.8780487804878
2013-09-29 04,22.9374110953058,1.73761946133797,82.3170731707317,29.268292682926823
2013-09-29 05,23.1152204836415,1.73761946133797,72.15447154471545,28.963414634146325
2013-09-29 06,26.315789473684227,1.73761946133797,71.64634146341464,30.18292682926828
2013-09-29 07,25.6045519203414,1.73761946133797,65.54878048780489,22.2560975609756
2013-09-29 08,27.560455192034127,1.954821894005215,72.66260162601628,21.341463414634152
2013-09-29 09,32.36130867709815,1.73761946133797,85.36585365853658,28.658536585365876
2013-09-29 10,33.783783783783775,1.73761946133797,102.1341463414636,39.02439024390242
2013-09-29 11,33.428165007112376,1.5204170286707233,117.37804878048784,55.79268292682927
2013-09-29 12,32.00568990042673,2.17202432667246,149.89837398373976,48.78048780487805
2013-09-29 13,32.005689900426724,1.73761946133797,117.37804878048796,38.41463414634145
2013-09-29 14,32.36130867709815,1.73761946133797,95.020325203252,37.19512195121951
2013-09-29 15,28.627311522048373,1.73761946133797,104.16666666666676,43.59756097560975
2013-09-29 16,26.8492176386913,1.73761946133797,92.47967479674791,39.93902439024387
2013-09-29 17,27.027027027027,1.73761946133797,109.2479674796749,38.71951219512192
2013-09-29 18,28.80512091038408,2.60642919200695,94.51219512195132,40.24390243902437
2013-09-29 19,31.1166429587482,2.823631624674195,105.18292682926828,42.3780487804878
2013-09-29 20,32.36130867709815,1.73761946133797,148.3739837398375,55.1829268292683
2013-09-29 21,31.2944523470839,1.73761946133797,150.91463414634148,60.3658536585366
2013-09-29 22,27.73826458036985,1.73761946133797,131.09756097561,53.35365853658538
2013-09-29 23,26.137980085348502,1.73761946133797,120.4268292682925,47.2560975609756
2013-09-30 00,27.7382645803698,1.73761946133797,112.2967479674795,38.414634146341456
2013-09-30 01,25.782361308677125,1.73761946133797,94.00406504065036,34.14634146341463
2013-09-30 02,22.9374110953058,1.73761946133797,85.87398373983737,32.62195121951218
2013-09-30 03,22.9374110953058,1.73761946133797,80.28455284552848,30.487804878048777
2013-09-30 04,23.293029871977225,1.73761946133797,79.26829268292683,29.268292682926823
2013-09-30 05,23.470839260312925,1.73761946133797,86.38211382113818,30.18292682926828
2013-09-30 06,28.982930298719776,1.73761946133797,86.89024390243902,28.35365853658537
2013-09-30 07,36.45092460881935,1.73761946133797,83.33333333333331,30.48780487804877
2013-09-30 08,32.71692745376955,1.73761946133797,85.8739837398374,30.1829268292683
2013-09-30 09,29.8719772403983,1.73761946133797,85.8739837398374,23.475609756097576
2013-09-30 10,29.5163584637269,1.73761946133797,78.2520325203252,28.65853658536585
2013-09-30 11,28.80512091038408,1.73761946133797,90.9552845528456,29.5731707317073
2013-09-30 12,29.8719772403983,1.73761946133797,112.80487804878024,31.40243902439025
2013-09-30 13,29.5163584637269,1.73761946133797,90.9552845528455,29.8780487804878
2013-09-30 14,29.6941678520626,1.73761946133797,80.79268292682927,32.0121951219512
2013-09-30 15,27.916073968705525,2.3892267593397047,89.43089430894307,39.02439024390242
2013-09-30 16,27.91607396870555,1.73761946133797,104.16666666666674,44.2073170731707
2013-09-30 17,27.916073968705525,1.73761946133797,105.69105691056932,41.15853658536585
2013-09-30 18,29.6941678520626,1.73761946133797,116.86991869918708,49.390243902439
2013-09-30 19,32.18349928876245,2.17202432667246,149.89837398374,63.71951219512195
2013-09-30 20,32.539118065433854,1.73761946133797,172.2560975609755,62.50000000000002
2013-09-30 21,32.36130867709815,1.73761946133797,156.50406504065052,62.5
2013-09-30 22,28.27169274537695,1.73761946133797,139.73577235772376,53.65853658536588
2013-09-30 23,26.137980085348502,1.73761946133797,128.5569105691055,53.048780487804905
2013-10-01 00,25.4267425320057,1.73761946133797,108.231707317073,43.59756097560975
2013-10-01 01,23.82645803698435,1.73761946133797,89.43089430894312,34.451219512195124
2013-10-01 02,22.226173541963,1.73761946133797,83.84146341463415,32.62195121951218
2013-10-01 03,22.5817923186344,1.73761946133797,80.79268292682924,33.536585365853654
2013-10-01 04,22.5817923186344,1.73761946133797,80.28455284552845,31.707317073170724
2013-10-01 05,22.9374110953058,1.73761946133797,81.30081300813008,30.1829268292683
2013-10-01 06,27.204836415362728,1.73761946133797,82.82520325203252,31.707317073170724
2013-10-01 07,35.56187766714083,2.17202432667246,80.28455284552845,35.670731707317046
2013-10-01 08,32.18349928876243,3.6924413553431776,84.85772357723577,43.29268292682925
2013-10-01 09,31.29445234708393,3.47523892267593,89.43089430894312,40.54878048780488
2013-10-01 10,31.2944523470839,2.3892267593397047,84.85772357723576,37.1951219512195
2013-10-01 11,30.938833570412505,2.823631624674195,83.84146341463415,41.463414634146325
2013-10-01 12,27.916073968705525,1.73761946133797,99.59349593495936,41.463414634146325
2013-10-01 13,28.27169274537697,1.73761946133797,88.92276422764225,35.97560975609755
2013-10-01 14,28.449502133712677,1.73761946133797,69.10569105691054,29.573170731707325
2013-10-01 15,26.6714082503556,2.17202432667246,83.33333333333333,34.756097560975626
2013-10-01 16,26.6714082503556,1.73761946133797,83.84146341463415,32.0121951219512
2013-10-01 17,26.4935988620199,1.73761946133797,80.79268292682929,38.41463414634148
2013-10-01 18,29.33854907539117,1.73761946133797,99.59349593495944,41.15853658536582
2013-10-01 19,32.89473684210525,1.73761946133797,124.99999999999984,53.65853658536588
2013-10-01 20,32.36130867709815,1.73761946133797,159.0447154471545,60.670731707317074
2013-10-01 21,32.005689900426724,1.73761946133797,151.93089430894327,61.58536585365853
2013-10-01 22,28.27169274537695,1.73761946133797,136.17886178861775,54.87804878048783
2013-10-01 23,27.027027027027003,1.73761946133797,127.03252032520324,53.65853658536585
2013-10-02 00,26.8492176386913,1.73761946133797,106.19918699187,42.98780487804875
2013-10-02 01,24.35988620199145,1.73761946133797,100.60975609756083,37.19512195121951
2013-10-02 02,22.7596017069701,1.73761946133797,87.3983739837398,41.15853658536582
2013-10-02 03,22.5817923186344,1.73761946133797,84.34959349593495,40.24390243902437
2013-10-02 04,22.226173541963,1.73761946133797,78.760162601626,36.58536585365853
2013-10-02 05,22.5817923186344,1.73761946133797,73.6788617886179,36.58536585365853
2013-10-02 06,27.204836415362724,1.73761946133797,78.760162601626,32.92682926829268
2013-10-02 07,35.2062588904694,1.73761946133797,85.36585365853658,34.451219512195124
2013-10-02 08,32.89473684210525,1.954821894005215,91.9715447154472,35.670731707317074
2013-10-02 09,31.472261735419625,1.954821894005215,91.46341463414636,35.67073170731705
2013-10-02 10,31.116642958748223,1.73761946133797,77.23577235772358,40.54878048780488
2013-10-02 11,29.5163584637269,1.73761946133797,80.79268292682926,49.39024390243903
2013-10-02 12,29.516358463726903,1.73761946133797,97.56097560975618,40.85365853658537
2013-10-02 13,28.6273115220484,1.73761946133797,74.6951219512195,32.6219512195122
2013-10-02 14,28.449502133712677,1.73761946133797,74.1869918699187,38.41463414634145
2013-10-02 15,26.8492176386913,1.5204170286707233,85.8739837398375,38.10975609756095
2013-10-02 16,26.4935988620199,1.73761946133797,88.92276422764228,45.73170731707317
2013-10-02 17,26.6714082503556,1.73761946133797,99.08536585365847,39.63414634146338
2013-10-02 18,29.33854907539117,1.73761946133797,117.88617886178876,53.04878048780488
2013-10-02 19,32.36130867709817,1.73761946133797,153.4552845528455,60.3658536585366
2013-10-02 20,34.672830725462305,1.73761946133797,153.45528455284574,55.7926829268293
2013-10-02 21,32.00568990042675,1.73761946133797,151.42276422764223,57.317073170731724
2013-10-02 22,28.80512091038408,1.73761946133797,140.75203252032526,53.96341463414635
2013-10-02 23,28.09388335704125,1.73761946133797,98.57723577235772,44.81707317073168
2013-10-03 00,25.7823613086771,1.73761946133797,102.13414634146352,41.463414634146325
2013-10-03 01,23.82645803698435,1.5204170286707233,100.60975609756105,36.58536585365853
2013-10-03 02,21.8705547652916,1.73761946133797,81.80894308943087,34.756097560975604
2013-10-03 03,22.0483641536273,1.73761946133797,81.80894308943087,34.14634146341463
2013-10-03 04,22.0483641536273,1.73761946133797,80.28455284552845,32.0121951219512
2013-10-03 05,22.4039829302987,1.73761946133797,75.71138211382112,30.79268292682925
2013-10-03 06,26.671408250355626,1.73761946133797,71.64634146341461,29.573170731707325
2013-10-03 07,35.2062588904694,1.73761946133797,89.9390243902438,35.36585365853658
2013-10-03 08,32.89473684210525,1.73761946133797,82.3170731707317,32.92682926829268
2013-10-03 09,30.9388335704125,1.73761946133797,77.7439024390244,28.35365853658537
2013-10-03 10,29.6941678520626,1.73761946133797,78.2520325203252,33.84146341463413
2013-10-03 11,29.6941678520626,2.17202432667246,83.84146341463412,34.4512195121951
2013-10-03 12,28.6273115220484,1.73761946133797,102.64227642276416,34.4512195121951
2013-10-03 13,29.160739687055475,1.73761946133797,86.890243902439,34.756097560975604
2013-10-03 14,28.805120910384097,1.73761946133797,69.61382113821139,42.378048780487774
2013-10-03 15,27.738264580369822,1.73761946133797,76.72764227642276,35.0609756097561
2013-10-03 16,27.560455192034127,1.73761946133797,85.8739837398375,37.49999999999997
2013-10-03 17,28.449502133712627,1.73761946133797,91.97154471544712,44.81707317073168
2013-10-03 18,29.8719772403983,1.73761946133797,110.7723577235771,56.40243902439025
2013-10-03 19,32.89473684210525,1.73761946133797,155.4878048780485,66.76829268292683
2013-10-03 20,32.36130867709815,1.73761946133797,172.76422764227624,63.71951219512195
2013-10-03 21,32.36130867709817,1.73761946133797,162.60162601626024,63.41463414634145
2013-10-03 22,27.738264580369822,1.73761946133797,145.3252032520325,56.09756097560978
2013-10-03 23,26.4935988620199,1.73761946133797,110.2642276422765,50.3048780487805
2013-10-04 00,25.4267425320057,1.73761946133797,103.65853658536582,39.63414634146338
2013-10-04 01,24.00426742532005,1.73761946133797,89.9390243902439,35.975609756097555
2013-10-04 02,22.5817923186344,1.73761946133797,91.97154471544717,34.451219512195124
2013-10-04 03,22.5817923186344,1.73761946133797,91.97154471544712,33.536585365853654
2013-10-04 04,22.9374110953058,1.73761946133797,84.85772357723577,33.23170731707315
2013-10-04 05,23.293029871977225,1.73761946133797,74.1869918699187,34.14634146341463
2013-10-04 06,26.4935988620199,1.73761946133797,77.23577235772358,32.01219512195122
2013-10-04 07,34.85064011379797,2.17202432667246,84.34959349593505,37.19512195121953
2013-10-04 08,33.4281650071124,1.954821894005215,84.85772357723575,39.02439024390242
2013-10-04 09,32.005689900426724,1.73761946133797,79.77642276422765,33.84146341463413
2013-10-04 10,31.650071123755303,1.73761946133797,84.85772357723575,33.84146341463415
2013-10-04 11,31.116642958748223,1.73761946133797,95.5284552845528,32.3170731707317
2013-10-04 12,32.36130867709815,1.73761946133797,105.69105691056932,37.80487804878048
2013-10-04 13,30.049786628734,1.73761946133797,90.9552845528455,34.451219512195124
2013-10-04 14,28.805120910384097,1.73761946133797,77.74390243902437,28.65853658536585
2013-10-04 15,28.27169274537697,1.73761946133797,78.2520325203252,33.536585365853654
2013-10-04 16,27.2048364153627,1.73761946133797,84.85772357723577,31.707317073170724
2013-10-04 17,29.160739687055475,1.73761946133797,81.80894308943087,31.097560975609724
2013-10-04 18,29.516358463726903,2.17202432667246,99.5934959349593,39.02439024390242
2013-10-04 19,32.36130867709815,1.954821894005215,135.670731707317,46.95121951219512
2013-10-04 20,33.07254623044095,1.73761946133797,159.0447154471545,51.829268292682926
2013-10-04 21,31.472261735419625,1.73761946133797,149.89837398373976,49.390243902439
2013-10-04 22,27.3826458036984,1.73761946133797,137.70325203252025,47.8658536585366
2013-10-04 23,27.204836415362724,1.73761946133797,125.0,50.91463414634145
2013-10-05 00,26.671408250355626,1.73761946133797,100.60975609756078,38.71951219512195
2013-10-05 01,24.359886201991475,1.73761946133797,88.92276422764226,34.14634146341463
2013-10-05 02,22.4039829302987,1.73761946133797,84.34959349593493,30.182926829268297
2013-10-05 03,22.226173541963,1.73761946133797,86.3821138211382,28.35365853658537
2013-10-05 04,22.7596017069701,1.73761946133797,80.79268292682927,27.134146341463428
2013-10-05 05,23.11522048364152,1.73761946133797,70.630081300813,28.65853658536585
2013-10-05 06,24.182076813655748,1.73761946133797,70.63008130081303,27.743902439024403
2013-10-05 07,26.3157894736842,1.73761946133797,75.71138211382112,25.91463414634145
2013-10-05 08,30.22759601706968,1.73761946133797,83.33333333333333,26.82926829268293
2013-10-05 09,34.3172119487909,1.73761946133797,103.15040650406496,27.134146341463424
2013-10-05 10,33.7837837837838,1.73761946133797,105.69105691056927,25.0
2013-10-05 11,32.36130867709818,1.73761946133797,113.8211382113822,27.134146341463424
2013-10-05 12,33.072546230441,1.5204170286707233,111.280487804878,29.268292682926823
2013-10-05 13,32.18349928876245,1.3032145960034764,106.1991869918702,23.78048780487805
2013-10-05 14,31.827880512091003,1.5204170286707233,104.67479674796763,28.96341463414635
2013-10-05 15,33.428165007112376,1.73761946133797,102.13414634146338,32.3170731707317
2013-10-05 16,30.938833570412505,1.73761946133797,102.13414634146348,28.35365853658537
2013-10-05 17,31.116642958748223,1.73761946133797,104.67479674796768,22.5609756097561
2013-10-05 18,31.827880512091024,1.73761946133797,104.67479674796758,30.18292682926828
2013-10-05 19,32.894736842105274,1.73761946133797,131.6056910569105,33.84146341463415
2013-10-05 20,31.2944523470839,1.73761946133797,163.61788617886174,46.95121951219512
2013-10-05 21,30.5832147937411,1.954821894005215,144.81707317073176,52.7439024390244
2013-10-05 22,27.916073968705525,1.73761946133797,124.99999999999974,54.268292682926855
2013-10-05 23,28.09388335704125,1.73761946133797,127.540650406504,47.86585365853657
2013-10-06 00,27.3826458036984,1.73761946133797,108.739837398374,41.15853658536582
2013-10-06 01,24.715504978662874,1.73761946133797,98.57723577235772,36.58536585365853
2013-10-06 02,22.9374110953058,1.73761946133797,89.4308943089431,32.92682926829268
2013-10-06 03,22.9374110953058,1.73761946133797,89.93902439024387,32.3170731707317
2013-10-06 04,23.1152204836415,1.73761946133797,81.8089430894309,31.402439024390247
2013-10-06 05,23.47083926031295,1.73761946133797,74.6951219512195,29.878048780487823
2013-10-06 06,25.0711237553343,1.73761946133797,69.61382113821139,28.04878048780488
2013-10-06 07,25.4267425320057,1.73761946133797,65.54878048780489,21.646341463414625
2013-10-06 08,28.98293029871975,1.73761946133797,78.2520325203252,20.731707317073152
2013-10-06 09,33.96159317211948,1.73761946133797,87.39837398373983,24.390243902439025
2013-10-06 10,34.850640113798,1.73761946133797,120.42682926829276,31.7073170731707
2013-10-06 11,33.6059743954481,1.5204170286707233,138.21138211382126,39.02439024390242
2013-10-06 12,35.5618776671408,1.3032145960034764,115.8536585365855,31.707317073170724
2013-10-06 13,33.9615931721195,1.73761946133797,105.69105691056924,25.60975609756097
2013-10-06 14,32.539118065433854,1.73761946133797,106.1991869918699,27.134146341463424
2013-10-06 15,30.9388335704125,1.73761946133797,100.10162601626024,28.35365853658535
2013-10-06 16,30.405405405405403,1.73761946133797,82.3170731707317,24.08536585365855
2013-10-06 17,30.5832147937411,1.73761946133797,79.77642276422765,25.000000000000025
2013-10-06 18,32.005689900426724,1.73761946133797,86.89024390243902,29.8780487804878
2013-10-06 19,33.783783783783804,1.5204170286707233,110.77235772357729,42.98780487804875
2013-10-06 20,32.36130867709817,1.73761946133797,151.93089430894298,51.829268292682976
2013-10-06 21,31.82788051209105,1.73761946133797,143.80081300813,54.57317073170735
2013-10-06 22,28.27169274537695,1.73761946133797,139.7357723577235,44.5121951219512
2013-10-06 23,28.27169274537695,1.73761946133797,120.42682926829276,41.7682926829268
2013-10-07 00,27.73826458036985,1.73761946133797,113.31300813008124,34.4512195121951
2013-10-07 01,25.07112375533428,1.73761946133797,96.54471544715454,30.792682926829272
2013-10-07 02,23.1152204836415,1.73761946133797,83.84146341463412,30.48780487804877
2013-10-07 03,22.9374110953058,1.73761946133797,83.33333333333334,28.35365853658535
2013-10-07 04,23.2930298719772,1.73761946133797,72.15447154471545,28.65853658536585
2013-10-07 05,23.82645803698435,1.73761946133797,71.13821138211382,29.5731707317073
2013-10-07 06,27.73826458036985,1.73761946133797,70.630081300813,28.65853658536585
2013-10-07 07,34.85064011379797,1.73761946133797,81.8089430894309,30.48780487804877
2013-10-07 08,35.73968705547652,1.73761946133797,78.2520325203252,29.268292682926823
2013-10-07 09,32.005689900426724,1.3032145960034764,79.26829268292683,24.08536585365855
2013-10-07 10,32.18349928876245,1.73761946133797,79.2682926829268,22.256097560975626
2013-10-07 11,31.827880512091028,1.73761946133797,79.26829268292683,25.0
2013-10-07 12,32.005689900426724,1.73761946133797,85.87398373983737,35.36585365853658
2013-10-07 13,31.2944523470839,1.5204170286707233,86.3821138211382,31.707317073170724
2013-10-07 14,31.650071123755325,1.73761946133797,88.41463414634146,35.67073170731705
2013-10-07 15,29.6941678520626,1.73761946133797,78.760162601626,35.36585365853658
2013-10-07 16,30.049786628734,1.954821894005215,77.7439024390244,35.0609756097561
2013-10-07 17,30.583214793741103,1.73761946133797,83.84146341463412,36.28048780487805
2013-10-07 18,33.2503556187767,1.73761946133797,94.0040650406505,44.51219512195117
2013-10-07 19,33.07254623044098,1.73761946133797,141.26016260162575,61.28048780487808
2013-10-07 20,34.1394025604552,1.73761946133797,177.33739837398377,66.76829268292684
2013-10-07 21,32.18349928876245,1.73761946133797,157.520325203252,63.10975609756101
2013-10-07 22,30.4054054054054,1.73761946133797,139.22764227642276,62.19512195121952
2013-10-07 23,28.627311522048352,1.73761946133797,116.86991869918724,53.0487804878049
2013-10-08 00,28.09388335704125,1.73761946133797,110.77235772357724,37.1951219512195
2013-10-08 01,25.42674253200568,1.73761946133797,93.4959349593496,33.84146341463413
2013-10-08 02,23.1152204836415,1.73761946133797,85.36585365853658,30.182926829268297
2013-10-08 03,23.1152204836415,1.73761946133797,82.8252032520325,30.18292682926828
2013-10-08 04,23.2930298719772,1.73761946133797,78.2520325203252,29.8780487804878
2013-10-08 05,24.18207681365575,1.73761946133797,73.67886178861787,29.2682926829268
2013-10-08 06,28.982930298719776,1.73761946133797,80.79268292682926,29.5731707317073
2013-10-08 07,36.80654338549077,1.73761946133797,85.36585365853657,31.7073170731707
2013-10-08 08,35.2062588904694,1.73761946133797,89.43089430894307,32.62195121951218
2013-10-08 09,32.00568990042673,1.3032145960034764,77.23577235772358,33.23170731707317
2013-10-08 10,31.2944523470839,1.08601216333623,76.72764227642278,32.01219512195122
2013-10-08 11,30.938833570412505,1.3032145960034764,88.41463414634154,29.268292682926823
2013-10-08 12,29.8719772403983,1.5204170286707233,94.5121951219512,32.3170731707317
2013-10-08 13,28.9829302987198,1.73761946133797,82.3170731707317,33.84146341463415
2013-10-08 14,29.160739687055475,1.73761946133797,73.17073170731707,29.5731707317073
2013-10-08 15,27.5604551920341,1.73761946133797,79.26829268292683,33.536585365853625
2013-10-08 16,28.9829302987198,1.73761946133797,81.30081300813008,36.58536585365853
2013-10-08 17,29.3385490753912,1.954821894005215,84.34959349593495,35.36585365853658
2013-10-08 18,32.00568990042673,1.73761946133797,94.00406504065036,40.54878048780485
2013-10-08 19,34.6728307254623,1.73761946133797,142.27642276422776,52.43902439024392
2013-10-08 20,35.20625889046943,2.3892267593397047,160.56910569105702,62.8048780487805
2013-10-08 21,32.539118065433854,1.73761946133797,153.9634146341465,58.53658536585365
2013-10-08 22,30.2275960170697,1.73761946133797,134.1463414634145,58.53658536585368
2013-10-08 23,27.560455192034127,1.73761946133797,115.85365853658524,52.43902439024393
2013-10-09 00,26.4935988620199,1.73761946133797,103.15040650406505,37.19512195121951
2013-10-09 01,24.35988620199145,1.73761946133797,89.9390243902439,31.09756097560975
2013-10-09 02,22.9374110953058,1.73761946133797,90.4471544715447,29.268292682926848
2013-10-09 03,23.1152204836415,1.73761946133797,81.80894308943087,27.4390243902439
2013-10-09 04,22.9374110953058,1.73761946133797,84.85772357723577,29.2682926829268
2013-10-09 05,23.82645803698435,1.73761946133797,84.85772357723577,30.79268292682928
2013-10-09 06,29.33854907539117,1.73761946133797,81.30081300813008,29.268292682926823
2013-10-09 07,36.45092460881938,1.73761946133797,90.9552845528455,32.92682926829268
2013-10-09 08,35.384068278805124,1.73761946133797,85.8739837398374,34.451219512195124
2013-10-09 09,33.07254623044095,1.3032145960034764,75.71138211382112,26.524390243902424
2013-10-09 10,31.827880512091024,1.08601216333623,79.77642276422762,37.49999999999998
2013-10-09 11,31.472261735419625,1.5204170286707233,92.9878048780488,40.54878048780485
2013-10-09 12,30.9388335704125,1.3032145960034764,91.46341463414636,38.71951219512195
2013-10-09 13,30.2275960170697,1.5204170286707233,80.28455284552845,34.4512195121951
2013-10-09 14,29.1607396870555,1.5204170286707233,74.69512195121952,31.097560975609724
2013-10-09 15,28.9829302987198,1.73761946133797,75.20325203252033,35.36585365853658
2013-10-09 16,29.33854907539117,1.954821894005215,76.72764227642278,35.0609756097561
2013-10-09 17,32.539118065433854,1.73761946133797,79.77642276422765,39.6341463414634
2013-10-09 18,33.783783783783804,1.73761946133797,107.21544715447148,50.30487804878047
2013-10-09 19,36.98435277382647,1.73761946133797,162.60162601626,55.4878048780488
2013-10-09 20,35.3840682788051,1.73761946133797,155.99593495934926,59.756097560975626
2013-10-09 21,33.25035561877667,1.73761946133797,145.83333333333348,52.74390243902437
2013-10-09 22,30.049786628734,1.73761946133797,138.211382113821,50.609756097560975
2013-10-09 23,28.27169274537695,1.73761946133797,122.45934959349574,49.08536585365852
2013-10-10 00,27.2048364153627,1.73761946133797,101.11788617886197,39.329268292682926
2013-10-10 01,25.6045519203414,1.73761946133797,91.46341463414636,31.707317073170724
2013-10-10 02,23.293029871977225,1.73761946133797,87.39837398373983,28.96341463414635
2013-10-10 03,23.470839260312925,1.73761946133797,80.28455284552845,28.04878048780488
2013-10-10 04,23.82645803698435,1.73761946133797,78.760162601626,28.35365853658537
2013-10-10 05,25.42674253200568,1.73761946133797,83.33333333333331,28.963414634146325
2013-10-10 06,31.2944523470839,1.73761946133797,86.38211382113818,28.65853658536585
2013-10-10 07,38.2290184921764,1.73761946133797,92.47967479674791,30.48780487804875
2013-10-10 08,37.162162162162176,1.5204170286707233,85.8739837398374,30.79268292682928
2013-10-10 09,34.1394025604552,1.73761946133797,80.79268292682927,25.304878048780505
2013-10-10 10,32.00568990042675,1.3032145960034764,81.80894308943087,28.65853658536585
2013-10-10 11,30.2275960170697,1.5204170286707233,87.90650406504062,32.62195121951218
2013-10-10 12,29.6941678520626,1.73761946133797,104.67479674796776,36.28048780487803
2013-10-10 13,29.516358463726903,1.73761946133797,85.36585365853655,27.1341463414634
2013-10-10 14,29.5163584637269,1.5204170286707233,69.10569105691057,27.43902439024388
2013-10-10 15,28.449502133712677,1.5204170286707233,72.66260162601625,26.82926829268293
2013-10-10 16,28.27169274537697,1.73761946133797,79.77642276422765,34.1463414634146
2013-10-10 17,29.5163584637269,1.5204170286707233,85.36585365853657,38.71951219512193
2013-10-10 18,35.3840682788051,1.73761946133797,96.03658536585368,43.59756097560973
2013-10-10 19,40.71834992887625,1.73761946133797,140.2439024390245,57.6219512195122
2013-10-10 20,34.6728307254623,1.73761946133797,169.7154471544715,66.15853658536588
2013-10-10 21,31.47226173541963,1.73761946133797,171.239837398374,64.63414634146342
2013-10-10 22,29.1607396870555,1.73761946133797,142.7845528455285,58.84146341463415
2013-10-10 23,28.271692745376924,1.73761946133797,115.34552845528476,48.170731707317074
2013-10-11 00,27.7382645803698,1.73761946133797,109.75609756097558,36.58536585365852
2013-10-11 01,25.604551920341372,1.73761946133797,86.3821138211382,30.48780487804875
2013-10-11 02,22.9374110953058,1.73761946133797,85.36585365853658,31.402439024390247
2013-10-11 03,23.1152204836415,1.73761946133797,77.7439024390244,29.268292682926823
2013-10-11 04,23.1152204836415,1.73761946133797,77.7439024390244,29.5731707317073
2013-10-11 05,24.35988620199145,1.73761946133797,77.7439024390244,31.707317073170724
2013-10-11 06,29.5163584637269,1.73761946133797,76.72764227642276,33.536585365853654
2013-10-11 07,37.33997155049788,1.73761946133797,84.85772357723577,39.02439024390242
2013-10-11 08,38.22901849217637,1.954821894005215,77.23577235772358,32.6219512195122
2013-10-11 09,34.85064011379802,2.3892267593397074,74.6951219512195,27.4390243902439
2013-10-11 10,33.7837837837838,1.73761946133797,78.76016260162602,29.5731707317073
2013-10-11 11,31.650071123755325,1.954821894005215,83.33333333333333,38.41463414634143
2013-10-11 12,31.82788051209105,1.73761946133797,97.0528455284554,32.62195121951218
2013-10-11 13,30.5832147937411,1.73761946133797,89.4308943089432,28.658536585365876
2013-10-11 14,30.7610241820768,1.73761946133797,79.77642276422765,31.09756097560975
2013-10-11 15,29.1607396870555,1.73761946133797,86.38211382113809,31.707317073170724
2013-10-11 16,28.449502133712677,1.73761946133797,92.9878048780488,37.5
2013-10-11 17,30.5832147937411,1.73761946133797,99.59349593495942,37.80487804878045
2013-10-11 18,31.827880512091028,1.954821894005215,114.32926829268284,46.95121951219512
2013-10-11 19,32.894736842105274,1.954821894005215,144.81707317073176,55.1829268292683
2013-10-11 20,32.18349928876243,2.3892267593397047,167.68292682926824,63.109756097560975
2013-10-11 21,31.1166429587482,1.73761946133797,155.99593495934974,59.14634146341465
2013-10-11 22,28.449502133712677,1.73761946133797,140.24390243902425,58.84146341463415
2013-10-11 23,28.449502133712677,1.73761946133797,115.85365853658524,53.65853658536588
2013-10-12 00,28.4495021337127,1.73761946133797,103.65853658536582,39.9390243902439
2013-10-12 01,26.137980085348502,1.73761946133797,90.9552845528455,33.536585365853675
2013-10-12 02,23.470839260312925,1.73761946133797,80.28455284552845,31.09756097560975
2013-10-12 03,23.2930298719772,1.73761946133797,86.89024390243902,29.8780487804878
2013-10-12 04,23.648648648648624,1.73761946133797,79.2682926829268,31.09756097560975
2013-10-12 05,24.89331436699857,1.73761946133797,73.67886178861787,31.707317073170724
2013-10-12 06,27.738264580369872,1.73761946133797,68.59756097560978,31.09756097560975
2013-10-12 07,27.560455192034148,1.73761946133797,74.6951219512195,32.3170731707317
2013-10-12 08,30.227596017069725,1.954821894005215,85.8739837398374,26.21951219512193
2013-10-12 09,33.072546230441,1.954821894005215,103.15040650406505,29.878048780487774
2013-10-12 10,33.07254623044098,2.17202432667246,104.16666666666656,28.65853658536585
2013-10-12 11,32.539118065433875,1.73761946133797,108.23170731707305,32.62195121951218
2013-10-12 12,32.36130867709815,1.5204170286707233,109.247967479675,39.02439024390242
2013-10-12 13,31.472261735419625,1.73761946133797,107.72357723577258,39.3292682926829
2013-10-12 14,31.1166429587482,1.3032145960034764,110.2642276422765,44.51219512195117
2013-10-12 15,31.2944523470839,1.5204170286707233,111.78861788617876,46.95121951219512
2013-10-12 16,30.4054054054054,1.954821894005215,100.60975609756083,37.19512195121948
2013-10-12 17,28.9829302987198,1.954821894005215,101.62601626016264,38.71951219512195
2013-10-12 18,30.049786628734,1.73761946133797,108.23170731707332,47.56097560975607
2013-10-12 19,33.428165007112376,1.73761946133797,161.07723577235774,58.84146341463418
2013-10-12 20,32.71692745376957,1.73761946133797,161.07723577235777,65.2439024390244
2013-10-12 21,29.6941678520626,1.954821894005215,143.29268292682949,54.57317073170735
2013-10-12 22,28.093883357041225,1.73761946133797,140.75203252032526,54.87804878048783
2013-10-12 23,28.4495021337127,1.73761946133797,124.49186991869924,62.5
2013-10-13 00,28.9829302987198,1.73761946133797,113.82113821138208,53.65853658536585
2013-10-13 01,25.42674253200565,1.73761946133797,97.05284552845528,37.19512195121951
2013-10-13 02,23.1152204836415,1.73761946133797,86.89024390243902,35.36585365853658
2013-10-13 03,22.5817923186344,1.73761946133797,81.80894308943087,34.4512195121951
2013-10-13 04,22.5817923186344,1.73761946133797,76.21951219512195,31.09756097560975
2013-10-13 05,24.359886201991475,1.73761946133797,73.6788617886179,31.7073170731707
2013-10-13 06,27.382645803698423,1.73761946133797,72.15447154471545,32.0121951219512
2013-10-13 07,26.3157894736842,1.73761946133797,74.1869918699187,35.0609756097561
2013-10-13 08,28.44950213371265,1.73761946133797,66.56504065040653,28.35365853658535
2013-10-13 09,33.60597439544807,1.73761946133797,88.92276422764225,32.3170731707317
2013-10-13 10,35.739687055476494,1.5204170286707233,98.5772357723578,40.85365853658535
2013-10-13 11,35.3840682788051,1.08601216333623,133.130081300813,50.609756097560975
2013-10-13 12,36.09530583214792,1.5204170286707233,140.2439024390245,64.02439024390245
2013-10-13 13,33.6059743954481,1.5204170286707233,116.361788617886,64.02439024390245
2013-10-13 14,32.894736842105274,1.73761946133797,106.19918699186977,51.52439024390245
2013-10-13 15,33.07254623044095,1.73761946133797,94.5121951219512,46.64634146341462
2013-10-13 16,29.516358463726903,1.73761946133797,91.46341463414636,40.54878048780485
2013-10-13 17,30.4054054054054,1.73761946133797,94.5121951219513,41.463414634146325
2013-10-13 18,32.894736842105274,1.73761946133797,111.28048780487828,52.13414634146343
2013-10-13 19,35.028449502133725,1.73761946133797,147.35772357723602,66.76829268292683
2013-10-13 20,32.539118065433826,1.73761946133797,163.109756097561,67.07317073170734
2013-10-13 21,32.36130867709815,1.954821894005215,157.520325203252,67.07317073170732
2013-10-13 22,28.982930298719776,1.73761946133797,127.03252032520324,62.804878048780495
2013-10-13 23,27.560455192034127,1.73761946133797,120.42682926829276,55.7926829268293
2013-10-14 00,29.516358463726903,1.73761946133797,111.280487804878,50.0
2013-10-14 01,24.71550497866285,1.73761946133797,96.03658536585364,40.24390243902437
2013-10-14 02,22.5817923186344,1.73761946133797,86.3821138211382,35.06097560975608
2013-10-14 03,22.9374110953058,1.73761946133797,88.41463414634143,35.06097560975608
2013-10-14 04,23.2930298719772,1.73761946133797,72.66260162601628,34.14634146341463
2013-10-14 05,24.715504978662874,1.73761946133797,73.67886178861787,31.402439024390222
2013-10-14 06,30.2275960170697,1.73761946133797,74.1869918699187,32.0121951219512
2013-10-14 07,36.273115220483625,1.73761946133797,90.4471544715447,35.67073170731705
2013-10-14 08,33.428165007112376,1.73761946133797,89.93902439024387,42.68292682926825
2013-10-14 09,32.539118065433854,1.73761946133797,92.47967479674796,38.71951219512195
2013-10-14 10,30.7610241820768,1.73761946133797,90.4471544715447,34.451219512195124
2013-10-14 11,30.7610241820768,1.73761946133797,109.2479674796747,45.73170731707315
2013-10-14 12,31.1166429587482,1.73761946133797,116.86991869918708,50.30487804878047
2013-10-14 13,29.6941678520626,1.73761946133797,90.9552845528455,41.7682926829268
2013-10-14 14,28.9829302987198,1.73761946133797,75.71138211382114,41.15853658536582
2013-10-14 15,28.449502133712677,1.5204170286707233,82.8252032520325,37.1951219512195
2013-10-14 16,28.449502133712677,1.73761946133797,86.89024390243902,40.85365853658538
2013-10-14 17,28.627311522048373,1.73761946133797,98.5772357723578,45.42682926829265
2013-10-14 18,30.583214793741124,1.73761946133797,114.32926829268284,49.69512195121953
2013-10-14 19,32.36130867709815,1.73761946133797,164.63414634146324,70.42682926829268
2013-10-14 20,32.18349928876243,1.73761946133797,165.142276422764,69.5121951219512
2013-10-14 21,31.1166429587482,1.73761946133797,155.9959349593495,64.63414634146342
2013-10-14 22,28.09388335704125,1.73761946133797,129.06504065040625,57.01219512195122
2013-10-14 23,27.560455192034148,1.73761946133797,118.3943089430895,52.13414634146343
2013-10-15 00,27.560455192034127,1.73761946133797,110.7723577235775,42.07317073170727
2013-10-15 01,24.00426742532005,1.73761946133797,92.47967479674796,34.14634146341463
2013-10-15 02,22.0483641536273,1.73761946133797,80.79268292682926,34.756097560975604
2013-10-15 03,22.226173541963,1.73761946133797,81.8089430894309,32.0121951219512
2013-10-15 04,22.4039829302987,1.73761946133797,74.6951219512195,32.92682926829268
2013-10-15 05,24.359886201991475,1.73761946133797,75.71138211382114,32.92682926829268
2013-10-15 06,30.049786628734,1.73761946133797,73.17073170731707,34.451219512195095
2013-10-15 07,35.38406827880515,1.73761946133797,89.4308943089431,39.329268292682926
2013-10-15 08,32.894736842105274,1.73761946133797,90.4471544715447,36.890243902439
2013-10-15 09,30.9388335704125,1.73761946133797,81.30081300813008,36.89024390243903
2013-10-15 10,32.00568990042675,1.73761946133797,92.47967479674791,37.80487804878047
2013-10-15 11,30.5832147937411,1.73761946133797,113.31300813008126,46.34146341463415
2013-10-15 12,29.516358463726903,1.73761946133797,109.75609756097565,44.51219512195122
2013-10-15 13,29.5163584637269,1.73761946133797,95.02032520325211,42.07317073170732
2013-10-15 14,28.627311522048373,1.73761946133797,84.34959349593495,42.98780487804875
2013-10-15 15,27.91607396870555,1.954821894005215,101.11788617886177,48.475609756097576
2013-10-15 16,27.5604551920341,1.73761946133797,98.57723577235772,45.12195121951217
2013-10-15 17,28.805120910384097,1.73761946133797,103.65853658536608,53.048780487804905
2013-10-15 18,30.049786628734,1.73761946133797,113.82113821138208,56.70731707317075
2013-10-15 19,33.428165007112376,1.73761946133797,154.47154471544724,72.86585365853657
2013-10-15 20,32.71692745376957,1.73761946133797,179.87804878048777,74.6951219512195
2013-10-15 21,32.00568990042675,1.73761946133797,161.07723577235774,60.0609756097561
2013-10-15 22,28.449502133712677,1.73761946133797,129.0650406504065,64.32926829268295
2013-10-15 23,27.560455192034148,1.73761946133797,125.50813008130076,55.182926829268304
2013-10-16 00,28.09388335704125,1.73761946133797,101.11788617886184,43.59756097560975
2013-10-16 01,24.00426742532005,1.73761946133797,91.46341463414636,39.329268292682926
2013-10-16 02,21.692745376955894,1.73761946133797,86.38211382113818,37.80487804878048
2013-10-16 03,22.4039829302987,1.73761946133797,83.84146341463412,35.06097560975608
2013-10-16 04,22.0483641536273,1.73761946133797,75.2032520325203,33.23170731707315
2013-10-16 05,23.470839260312925,1.73761946133797,71.64634146341461,35.36585365853658
2013-10-16 06,30.938833570412527,1.73761946133797,71.64634146341463,33.84146341463415
2013-10-16 07,35.917496443812254,1.73761946133797,87.90650406504065,36.58536585365853
2013-10-16 08,33.07254623044098,1.73761946133797,82.31707317073167,38.71951219512192
2013-10-16 09,31.650071123755325,1.73761946133797,87.90650406504062,37.80487804878047
2013-10-16 10,32.36130867709815,1.73761946133797,87.3983739837398,38.109756097560975
2013-10-16 11,29.3385490753912,1.73761946133797,109.2479674796749,40.54878048780488
2013-10-16 12,29.3385490753912,1.73761946133797,108.2317073170733,44.2073170731707
2013-10-16 13,28.982930298719776,1.73761946133797,91.46341463414625,42.98780487804875
2013-10-16 14,28.805120910384097,1.73761946133797,80.79268292682927,48.78048780487805
2013-10-16 15,28.9829302987198,1.73761946133797,91.97154471544712,46.036585365853625
2013-10-16 16,28.27169274537695,1.73761946133797,98.0691056910568,45.731707317073145
2013-10-16 17,29.1607396870555,1.73761946133797,106.19918699187023,51.21951219512198
2013-10-16 18,32.539118065433875,1.73761946133797,128.04878048780475,61.89024390243903
2013-10-16 19,34.1394025604552,1.73761946133797,179.878048780488,68.90243902439028
2013-10-16 20,33.2503556187767,1.73761946133797,179.369918699187,59.75609756097565
2013-10-16 21,31.1166429587482,1.73761946133797,169.71544715447152,59.7560975609756
2013-10-16 22,28.9829302987198,1.73761946133797,136.178861788618,56.70731707317078
2013-10-16 23,28.44950213371265,1.73761946133797,130.589430894309,46.64634146341462
2013-10-17 00,28.627311522048352,1.73761946133797,98.57723577235777,44.81707317073168
2013-10-17 01,25.4267425320057,1.73761946133797,81.30081300813008,41.15853658536582
2013-10-17 02,22.4039829302987,1.73761946133797,76.72764227642276,36.58536585365853
2013-10-17 03,22.9374110953058,1.73761946133797,74.1869918699187,34.756097560975604
2013-10-17 04,22.9374110953058,1.73761946133797,66.56504065040653,34.451219512195124
2013-10-17 05,25.24893314367,1.73761946133797,71.1382113821138,32.62195121951218
2013-10-17 06,30.938833570412527,1.73761946133797,77.7439024390244,32.9268292682927
2013-10-17 07,36.98435277382642,1.73761946133797,89.4308943089431,40.24390243902437
2013-10-17 08,33.25035561877665,1.73761946133797,99.59349593495928,39.6341463414634
2013-10-17 09,32.36130867709815,1.73761946133797,96.03658536585375,35.3658536585366
2013-10-17 10,31.827880512091028,1.73761946133797,87.9065040650407,38.41463414634145
2013-10-17 11,30.5832147937411,1.73761946133797,89.43089430894307,33.536585365853675
2013-10-17 12,30.049786628734,1.73761946133797,101.1178861788618,33.84146341463415
2013-10-17 13,28.805120910384097,1.73761946133797,87.90650406504065,34.14634146341463
2013-10-17 14,28.805120910384097,1.73761946133797,72.66260162601625,32.92682926829268
2013-10-17 15,28.27169274537695,1.73761946133797,91.97154471544712,28.65853658536585
2013-10-17 16,28.09388335704125,1.73761946133797,90.4471544715447,38.10975609756095
2013-10-17 17,29.33854907539117,1.73761946133797,85.36585365853655,36.58536585365853
2013-10-17 18,32.00568990042675,1.73761946133797,115.85365853658524,54.26829268292683
2013-10-17 19,33.25035561877667,1.73761946133797,178.86178861788625,65.2439024390244
2013-10-17 20,34.6728307254623,1.73761946133797,166.66666666666674,61.89024390243903
2013-10-17 21,31.827880512091028,1.73761946133797,160.56910569105676,59.75609756097563
2013-10-17 22,29.516358463726878,1.73761946133797,145.83333333333326,53.048780487804905
2013-10-17 23,28.449502133712677,1.73761946133797,120.42682926829276,45.12195121951218
2013-10-18 00,28.093883357041225,1.5204170286707233,104.67479674796758,39.02439024390242
2013-10-18 01,24.35988620199145,1.5204170286707233,92.47967479674794,33.23170731707315
2013-10-18 02,22.226173541963,1.5204170286707233,81.8089430894309,30.48780487804877
2013-10-18 03,22.4039829302987,1.73761946133797,90.4471544715447,32.01219512195122
2013-10-18 04,22.0483641536273,1.73761946133797,81.80894308943087,31.707317073170724
2013-10-18 05,24.182076813655776,1.73761946133797,69.10569105691057,33.84146341463413
2013-10-18 06,30.7610241820768,1.73761946133797,75.20325203252035,28.35365853658535
2013-10-18 07,36.62873399715505,1.73761946133797,92.98780487804876,32.0121951219512
2013-10-18 08,33.96159317211948,2.17202432667246,88.92276422764228,34.14634146341463
2013-10-18 09,32.894736842105274,2.3892267593397047,91.97154471544728,33.84146341463413
2013-10-18 10,32.18349928876245,1.73761946133797,85.36585365853657,42.07317073170727
2013-10-18 11,30.5832147937411,1.73761946133797,97.05284552845522,49.39024390243903
2013-10-18 12,28.982930298719776,1.73761946133797,99.59349593495936,51.52439024390245
2013-10-18 13,28.9829302987198,1.954821894005215,91.97154471544724,45.42682926829265
2013-10-18 14,28.6273115220484,1.73761946133797,87.90650406504065,46.34146341463415
2013-10-18 15,27.204836415362724,1.73761946133797,93.4959349593497,51.21951219512195
2013-10-18 16,27.2048364153627,1.954821894005215,110.26422764227624,52.13414634146343
2013-10-18 17,27.560455192034127,1.73761946133797,116.86991869918675,53.963414634146375
2013-10-18 18,29.6941678520626,1.73761946133797,129.0650406504065,59.756097560975626
2013-10-18 19,31.65007112375535,1.73761946133797,169.2073170731705,64.32926829268295
2013-10-18 20,32.894736842105274,1.73761946133797,178.861788617886,67.07317073170732
2013-10-18 21,29.5163584637269,1.73761946133797,157.520325203252,67.37804878048783
2013-10-18 22,26.8492176386913,1.73761946133797,134.65447154471525,65.2439024390244
2013-10-18 23,26.4935988620199,1.73761946133797,129.57317073170725,56.402439024390254
2013-10-19 00,26.493598862019923,1.73761946133797,111.2804878048779,49.08536585365852
2013-10-19 01,24.18207681365575,1.73761946133797,99.08536585365864,48.170731707317046
2013-10-19 02,21.8705547652916,1.73761946133797,82.82520325203252,41.463414634146325
2013-10-19 03,21.692745376955894,1.73761946133797,82.3170731707317,33.536585365853654
2013-10-19 04,21.3371266002845,1.73761946133797,79.77642276422762,30.792682926829272
2013-10-19 05,24.00426742532005,1.73761946133797,70.630081300813,30.792682926829272
2013-10-19 06,25.7823613086771,1.73761946133797,65.04065040650407,32.6219512195122
2013-10-19 07,25.248933143669976,1.73761946133797,75.71138211382112,36.89024390243903
2013-10-19 08,29.160739687055475,2.3892267593397047,68.08943089430895,34.14634146341463
2013-10-19 09,31.472261735419625,2.3892267593397047,98.57723577235764,35.975609756097555
2013-10-19 10,14.935988620199124,1.5204170286707233,109.75609756097576,34.756097560975604
2013-10-19 11,24.53769559032717,1.73761946133797,120.4268292682925,29.573170731707325
2013-10-19 12,32.18349928876245,1.73761946133797,142.2764227642275,38.109756097560975
2013-10-19 13,32.18349928876245,1.73761946133797,115.8536585365855,37.5
2013-10-19 14,31.2944523470839,1.73761946133797,107.72357723577224,40.24390243902437
2013-10-19 15,31.1166429587482,2.17202432667246,131.6056910569105,42.68292682926828
2013-10-19 16,29.1607396870555,1.73761946133797,126.01626016260175,35.06097560975608
2013-10-19 17,28.805120910384097,2.3892267593397047,119.41056910569124,40.24390243902437
2013-10-19 18,28.9829302987198,2.17202432667246,117.3780487804875,43.29268292682925
2013-10-19 19,32.71692745376957,1.73761946133797,161.58536585365874,56.40243902439025
2013-10-19 20,32.18349928876248,1.73761946133797,169.71544715447175,63.71951219512195
2013-10-19 21,28.982930298719776,1.73761946133797,142.78455284552825,56.0975609756098
2013-10-19 22,27.2048364153627,1.73761946133797,120.93495934959326,52.7439024390244
2013-10-19 23,27.382645803698423,1.73761946133797,123.4756097560975,55.1829268292683
2013-10-20 00,27.2048364153627,1.73761946133797,109.75609756097558,47.56097560975607
2013-10-20 01,24.35988620199145,1.73761946133797,100.10162601626016,38.71951219512192
2013-10-20 02,22.226173541963,1.73761946133797,86.890243902439,32.0121951219512
2013-10-20 03,22.0483641536273,1.73761946133797,91.97154471544717,29.8780487804878
2013-10-20 04,21.5149359886202,1.73761946133797,81.30081300813005,30.487804878048777
2013-10-20 05,23.826458036984377,1.73761946133797,73.67886178861787,27.134146341463424
2013-10-20 06,25.604551920341372,1.73761946133797,69.61382113821136,27.74390243902437
2013-10-20 07,24.359886201991475,1.73761946133797,67.07317073170735,27.439024390243876
2013-10-20 08,27.382645803698423,1.954821894005215,65.0406504065041,23.780487804878025
2013-10-20 09,31.47226173541965,1.73761946133797,92.479674796748,24.08536585365855
2013-10-20 10,33.428165007112376,1.3032145960034764,102.64227642276433,35.06097560975608
2013-10-20 11,33.07254623044098,1.3032145960034764,136.17886178861775,34.14634146341463
2013-10-20 12,32.8947368421053,1.3032145960034764,151.93089430894298,51.21951219512195
2013-10-20 13,31.650071123755303,1.73761946133797,143.29268292682926,53.65853658536585
2013-10-20 14,32.539118065433875,1.73761946133797,109.24796747967476,41.76829268292683
2013-10-20 15,30.7610241820768,1.73761946133797,106.19918699187002,41.15853658536582
2013-10-20 16,28.449502133712677,1.954821894005215,86.890243902439,39.02439024390242
2013-10-20 17,29.516358463726903,2.3892267593397047,85.36585365853658,38.41463414634143
2013-10-20 18,29.8719772403983,1.73761946133797,99.08536585365866,42.378048780487774
2013-10-20 19,31.827880512091028,1.73761946133797,132.621951219512,53.963414634146346
2013-10-20 20,32.005689900426724,1.73761946133797,157.0121951219513,52.7439024390244
2013-10-20 21,29.694167852062577,1.73761946133797,158.02845528455276,49.08536585365852
2013-10-20 22,26.6714082503556,1.73761946133797,139.2276422764225,50.0
2013-10-20 23,26.6714082503556,1.73761946133797,128.55691056910575,49.69512195121953
2013-10-21 00,27.027027027027025,1.73761946133797,109.2479674796748,44.20731707317072
2013-10-21 01,24.00426742532005,1.73761946133797,97.560975609756,37.80487804878048
2013-10-21 02,22.0483641536273,1.73761946133797,80.28455284552842,34.4512195121951
2013-10-21 03,22.0483641536273,1.73761946133797,76.21951219512195,31.097560975609724
2013-10-21 04,22.0483641536273,1.73761946133797,75.20325203252033,32.01219512195122
2013-10-21 05,24.182076813655776,1.73761946133797,74.69512195121953,31.707317073170724
2013-10-21 06,28.627311522048373,1.73761946133797,75.20325203252033,32.317073170731724
2013-10-21 07,34.672830725462305,1.73761946133797,95.52845528455296,41.15853658536585
2013-10-21 08,32.71692745376955,1.73761946133797,100.60975609756105,32.6219512195122
2013-10-21 09,31.1166429587482,1.3032145960034764,83.84146341463415,34.451219512195124
2013-10-21 10,30.2275960170697,1.5204170286707233,80.28455284552842,43.59756097560973
2013-10-21 11,28.805120910384097,1.3032145960034764,101.62601626016252,50.0
2013-10-21 12,28.27169274537695,1.3032145960034764,101.1178861788618,50.30487804878047
2013-10-21 13,28.9829302987198,1.5204170286707233,77.7439024390244,49.99999999999997
2013-10-21 14,28.627311522048373,1.3032145960034764,68.08943089430895,47.86585365853657
2013-10-21 15,26.8492176386913,1.5204170286707233,80.28455284552845,52.7439024390244
2013-10-21 16,27.027027027027,1.73761946133797,82.82520325203252,53.963414634146375
2013-10-21 17,27.3826458036984,1.73761946133797,94.00406504065036,59.45121951219515
2013-10-21 18,29.160739687055475,2.17202432667246,130.589430894309,60.6707317073171
2013-10-21 19,33.25035561877667,1.73761946133797,167.1747967479675,75.00000000000003
2013-10-21 20,32.18349928876245,1.73761946133797,157.520325203252,75.60975609756098
2013-10-21 21,31.29445234708393,1.73761946133797,153.96341463414626,77.4390243902439
2013-10-21 22,27.5604551920341,1.73761946133797,132.621951219512,75.30487804878047
2013-10-21 23,27.560455192034127,1.73761946133797,121.44308943089425,69.20731707317074
2013-10-22 00,26.137980085348502,1.73761946133797,110.772357723577,57.01219512195125
2013-10-22 01,23.293029871977225,1.73761946133797,99.59349593495952,50.3048780487805
2013-10-22 02,21.692745376955894,1.73761946133797,89.43089430894305,48.170731707317046
2013-10-22 03,21.692745376955894,1.73761946133797,83.33333333333333,41.76829268292683
2013-10-22 04,21.5149359886202,1.73761946133797,84.85772357723575,38.414634146341456
2013-10-22 05,23.47083926031295,1.73761946133797,77.23577235772358,39.6341463414634
2013-10-22 06,28.449502133712677,1.73761946133797,76.21951219512195,39.02439024390245
2013-10-22 07,33.60597439544807,1.73761946133797,98.57723577235772,43.59756097560975
2013-10-22 08,31.650071123755325,1.73761946133797,86.89024390243902,41.463414634146325
2013-10-22 09,29.5163584637269,1.73761946133797,86.89024390243902,42.3780487804878
2013-10-22 10,28.982930298719776,1.5204170286707233,88.41463414634143,44.51219512195117
2013-10-22 11,28.27169274537695,1.5204170286707233,96.03658536585375,41.76829268292683
2013-10-22 12,28.09388335704125,1.3032145960034764,99.08536585365847,46.95121951219512
2013-10-22 13,28.805120910384097,1.73761946133797,94.5121951219512,35.670731707317074
2013-10-22 14,27.91607396870555,1.73761946133797,72.15447154471545,36.890243902439
2013-10-22 15,26.8492176386913,1.73761946133797,84.85772357723577,50.30487804878047
2013-10-22 16,26.3157894736842,1.73761946133797,86.3821138211382,48.47560975609755
2013-10-22 17,27.027027027027,1.73761946133797,91.97154471544717,52.74390243902442
2013-10-22 18,29.3385490753912,2.17202432667246,114.32926829268308,58.2317073170732
2013-10-22 19,31.650071123755325,1.73761946133797,183.94308943089425,77.7439024390244
2013-10-22 20,31.650071123755325,1.73761946133797,160.060975609756,84.7560975609756
2013-10-22 21,30.7610241820768,1.73761946133797,159.5528455284555,72.2560975609756
2013-10-22 22,28.093883357041225,1.73761946133797,137.70325203252025,70.1219512195122
2013-10-22 23,26.3157894736842,1.73761946133797,124.99999999999974,57.01219512195122
2013-10-23 00,25.7823613086771,1.73761946133797,108.73983739837423,44.51219512195122
2013-10-23 01,23.11522048364153,1.73761946133797,92.9878048780488,37.49999999999998
2013-10-23 02,21.5149359886202,1.5204170286707233,86.89024390243902,34.756097560975604
2013-10-23 03,21.8705547652916,1.73761946133797,80.28455284552845,32.92682926829268
2013-10-23 04,21.3371266002845,1.73761946133797,77.23577235772358,31.7073170731707
2013-10-23 05,22.937411095305823,1.73761946133797,75.20325203252033,33.23170731707317
2013-10-23 06,27.20483641536275,1.73761946133797,71.64634146341464,35.975609756097555
2013-10-23 07,34.85064011379802,1.73761946133797,83.33333333333333,38.41463414634145
2013-10-23 08,32.36130867709815,1.73761946133797,86.3821138211382,35.975609756097526
2013-10-23 09,30.4054054054054,1.73761946133797,72.15447154471545,35.670731707317046
2013-10-23 10,28.27169274537695,1.5204170286707233,80.79268292682929,48.475609756097576
2013-10-23 11,28.6273115220484,1.5204170286707233,94.5121951219513,44.20731707317073
2013-10-23 12,28.44950213371265,1.5204170286707233,109.75609756097558,47.256097560975576
2013-10-23 13,28.09388335704125,1.73761946133797,79.26829268292683,41.463414634146325
2013-10-23 14,27.560455192034127,1.5204170286707233,67.58130081300814,44.2073170731707
2013-10-23 15,25.24893314367,1.5204170286707233,81.80894308943087,42.0731707317073
2013-10-23 16,25.4267425320057,1.73761946133797,75.20325203252035,44.817073170731696
2013-10-23 17,26.137980085348502,2.17202432667246,101.11788617886164,50.609756097560975
2013-10-23 18,28.627311522048352,2.60642919200695,128.55691056910575,60.9756097560976
2013-10-23 19,31.65007112375537,1.73761946133797,189.532520325203,69.20731707317073
2013-10-23 20,32.005689900426724,1.73761946133797,182.41869918699172,77.74390243902437
2013-10-23 21,29.6941678520626,1.73761946133797,165.65040650406473,67.6829268292683
2013-10-23 22,26.8492176386913,1.73761946133797,149.39024390243924,62.50000000000003
2013-10-23 23,25.6045519203414,1.73761946133797,126.0162601626015,57.317073170731724
2013-10-24 00,25.6045519203414,1.73761946133797,112.29674796748,42.0731707317073
2013-10-24 01,22.937411095305823,1.73761946133797,94.51219512195124,41.76829268292683
2013-10-24 02,21.692745376955894,1.73761946133797,85.87398373983737,38.414634146341456
2013-10-24 03,21.692745376955894,1.73761946133797,81.8089430894309,36.28048780487805
2013-10-24 04,21.5149359886202,1.73761946133797,72.15447154471548,33.84146341463413
2013-10-24 05,23.1152204836415,1.73761946133797,75.20325203252033,32.01219512195122
2013-10-24 06,27.204836415362728,1.73761946133797,70.12195121951217,32.9268292682927
2013-10-24 07,33.9615931721195,1.73761946133797,85.36585365853658,37.49999999999997
2013-10-24 08,31.4722617354196,1.73761946133797,85.36585365853658,35.36585365853658
2013-10-24 09,29.1607396870555,1.954821894005215,82.3170731707317,40.24390243902437
2013-10-24 10,28.449502133712677,1.73761946133797,83.84146341463412,43.29268292682925
2013-10-24 11,27.027027027027,1.73761946133797,99.08536585365871,44.5121951219512
2013-10-24 12,27.2048364153627,1.73761946133797,115.34552845528444,49.08536585365852
2013-10-24 13,28.449502133712677,1.73761946133797,86.3821138211382,42.0731707317073
2013-10-24 14,27.91607396870555,1.5204170286707233,86.3821138211382,41.7682926829268
2013-10-24 15,25.9601706970128,1.5204170286707233,94.5121951219513,48.170731707317074
2013-10-24 16,25.6045519203414,1.73761946133797,97.05284552845518,42.378048780487774
2013-10-24 17,26.3157894736842,1.73761946133797,95.020325203252,35.975609756097576
2013-10-24 18,29.5163584637269,1.5204170286707233,123.98373983739825,51.82926829268296
2013-10-24 19,32.539118065433875,1.73761946133797,183.4349593495935,63.41463414634147
2013-10-24 20,32.71692745376957,1.954821894005215,192.07317073170725,70.42682926829269
2013-10-24 21,29.694167852062577,1.73761946133797,163.617886178862,65.85365853658537
2013-10-24 22,27.3826458036984,1.73761946133797,148.88211382113826,61.28048780487805
2013-10-24 23,26.137980085348502,1.73761946133797,130.58943089430875,57.6219512195122
2013-10-25 00,24.5376955903272,1.73761946133797,118.3943089430895,47.56097560975607
2013-10-25 01,22.759601706970123,1.73761946133797,94.0040650406503,42.0731707317073
2013-10-25 02,21.692745376955894,1.73761946133797,83.33333333333333,36.58536585365853
2013-10-25 03,21.3371266002845,1.73761946133797,79.77642276422762,33.23170731707317
2013-10-25 04,21.1593172119488,1.73761946133797,81.8089430894309,32.3170731707317
2013-10-25 05,22.7596017069701,1.73761946133797,68.59756097560978,34.14634146341463
2013-10-25 06,25.42674253200568,1.73761946133797,69.10569105691057,32.92682926829268
2013-10-25 07,33.428165007112376,1.73761946133797,94.51219512195124,38.41463414634145
2013-10-25 08,32.36130867709815,1.73761946133797,85.36585365853657,40.54878048780485
2013-10-25 09,31.1166429587482,0.868809730668983,89.93902439024387,36.89024390243903
2013-10-25 10,30.5832147937411,1.3032145960034764,79.77642276422762,47.2560975609756
2013-10-25 11,30.049786628734,1.3032145960034764,89.43089430894312,36.89024390243903
2013-10-25 12,29.8719772403983,1.3032145960034764,98.57723577235784,38.109756097560975
2013-10-25 13,29.1607396870555,1.73761946133797,94.51219512195132,37.49999999999997
2013-10-25 14,28.9829302987198,1.73761946133797,82.31707317073173,37.19512195121948
2013-10-25 15,28.09388335704125,1.73761946133797,95.020325203252,34.14634146341463
2013-10-25 16,28.627311522048373,1.73761946133797,94.0040650406504,42.0731707317073
2013-10-25 17,28.093883357041275,1.5204170286707233,98.06910569105702,38.71951219512195
2013-10-25 18,29.160739687055475,2.17202432667246,110.77235772357724,42.378048780487774
2013-10-25 19,30.938833570412523,1.73761946133797,175.81300813008124,58.84146341463415
2013-10-25 20,31.650071123755303,2.823631624674195,175.3048780487805,64.02439024390245
2013-10-25 21,29.160739687055475,1.73761946133797,169.71544715447175,56.40243902439028
2013-10-25 22,26.6714082503556,1.73761946133797,145.83333333333348,58.23170731707317
2013-10-25 23,25.9601706970128,1.73761946133797,139.73577235772376,50.0
2013-10-26 00,25.0711237553343,1.73761946133797,115.34552845528476,48.170731707317074
2013-10-26 01,23.470839260312925,1.73761946133797,100.1016260162603,39.0243902439024
2013-10-26 02,21.692745376955894,1.73761946133797,85.36585365853658,36.58536585365853
2013-10-26 03,21.692745376955894,1.73761946133797,89.43089430894307,33.23170731707317
2013-10-26 04,21.5149359886202,1.73761946133797,82.3170731707317,32.92682926829268
2013-10-26 05,22.9374110953058,2.17202432667246,75.71138211382112,30.48780487804877
2013-10-26 06,23.2930298719772,1.73761946133797,69.10569105691057,29.8780487804878
2013-10-26 07,26.3157894736842,1.73761946133797,81.30081300813008,30.18292682926828
2013-10-26 08,30.4054054054054,2.17202432667246,83.33333333333337,29.8780487804878
2013-10-26 09,34.6728307254623,3.04083405734144,97.560975609756,32.62195121951218
2013-10-26 10,33.07254623044098,1.954821894005215,112.29674796747966,42.98780487804878
2013-10-26 11,32.8947368421053,1.73761946133797,125.00000000000026,46.03658536585365
2013-10-26 12,33.072546230441,1.73761946133797,131.09756097561,45.42682926829267
2013-10-26 13,32.36130867709815,1.73761946133797,101.6260162601626,44.20731707317073
2013-10-26 14,31.650071123755303,1.73761946133797,122.45934959349574,46.951219512195095
2013-10-26 15,30.5832147937411,1.73761946133797,122.96747967479676,44.2073170731707
2013-10-26 16,29.8719772403983,1.73761946133797,116.869918699187,37.19512195121951
2013-10-26 17,29.33854907539117,1.954821894005215,109.24796747967474,44.8170731707317
2013-10-26 18,29.5163584637269,1.73761946133797,113.31300813008124,47.86585365853655
2013-10-26 19,32.18349928876245,1.73761946133797,177.3373983739835,66.15853658536585
2013-10-26 20,31.827880512091028,1.73761946133797,177.8455284552845,63.109756097561
2013-10-26 21,28.80512091038408,1.73761946133797,141.76829268292676,58.2317073170732
2013-10-26 22,26.6714082503556,1.73761946133797,134.65447154471525,54.57317073170735
2013-10-26 23,26.8492176386913,1.73761946133797,136.17886178861775,53.65853658536588
2013-10-27 00,25.4267425320057,1.73761946133797,112.29674796747985,53.3536585365854
2013-10-27 01,46.4082503556188,3.47523892267593,174.7967479674795,83.23170731707316
2013-10-27 02,21.8705547652916,1.73761946133797,75.71138211382112,35.670731707317074
2013-10-27 03,21.3371266002845,1.5204170286707233,74.69512195121953,34.756097560975604
2013-10-27 04,22.7596017069701,1.5204170286707233,69.61382113821136,33.536585365853654
2013-10-27 05,22.5817923186344,1.73761946133797,71.13821138211382,32.6219512195122
2013-10-27 06,22.937411095305823,1.73761946133797,64.53252032520328,31.40243902439025
2013-10-27 07,25.248933143669976,1.73761946133797,70.630081300813,32.3170731707317
2013-10-27 08,30.405405405405425,1.73761946133797,85.87398373983737,31.09756097560975
2013-10-27 09,33.9615931721195,1.73761946133797,97.05284552845524,37.19512195121951
2013-10-27 10,33.250355618776695,1.73761946133797,118.90243902439002,37.49999999999998
2013-10-27 11,33.4281650071124,1.73761946133797,151.93089430894275,47.86585365853658
2013-10-27 12,33.07254623044098,1.73761946133797,144.81707317073173,48.1707317073171
2013-10-27 13,32.005689900426724,1.73761946133797,120.42682926829276,46.34146341463415
2013-10-27 14,31.2944523470839,1.73761946133797,100.60975609756083,41.15853658536582
2013-10-27 15,29.1607396870555,1.5204170286707233,96.03658536585364,47.86585365853655
2013-10-27 16,28.27169274537695,1.73761946133797,104.1666666666666,45.73170731707312
2013-10-27 17,28.627311522048373,1.73761946133797,89.9390243902439,47.5609756097561
2013-10-27 18,30.761024182076824,1.73761946133797,143.80081300813,59.45121951219515
2013-10-27 19,33.07254623044098,1.954821894005215,155.9959349593495,60.97560975609757
2013-10-27 20,33.07254623044098,1.73761946133797,167.68292682926824,66.46341463414635
2013-10-27 21,29.33854907539117,1.73761946133797,156.50406504065023,61.58536585365855
2013-10-27 22,26.6714082503556,1.73761946133797,134.1463414634145,61.28048780487805
2013-10-27 23,26.1379800853485,1.73761946133797,122.96747967479676,54.57317073170733
2013-10-28 00,24.359886201991475,1.73761946133797,95.52845528455292,39.3292682926829
2013-10-28 01,22.226173541963,1.73761946133797,78.760162601626,37.19512195121951
2013-10-28 02,21.692745376955894,1.73761946133797,74.69512195121953,32.92682926829265
2013-10-28 03,21.5149359886202,1.5204170286707233,70.1219512195122,33.536585365853654
2013-10-28 04,22.7596017069701,1.73761946133797,65.04065040650407,33.536585365853654
2013-10-28 05,22.4039829302987,1.73761946133797,65.04065040650407,32.0121951219512
2013-10-28 06,25.9601706970128,1.73761946133797,63.00813008130085,34.756097560975604
2013-10-28 07,34.31721194879088,1.73761946133797,76.72764227642276,37.49999999999997
2013-10-28 08,32.005689900426724,1.73761946133797,92.47967479674796,37.1951219512195
2013-10-28 09,33.428165007112376,1.73761946133797,77.7439024390244,37.5
2013-10-28 10,32.00568990042673,1.73761946133797,79.77642276422762,39.63414634146343
2013-10-28 11,28.80512091038405,1.3032145960034764,98.5772357723578,44.81707317073168
2013-10-28 12,27.916073968705525,1.3032145960034764,90.95528455284553,57.31707317073173
2013-10-28 13,28.627311522048373,1.5204170286707233,81.3008130081301,48.170731707317046
2013-10-28 14,27.91607396870555,1.3032145960034764,78.76016260162604,49.6951219512195
2013-10-28 15,26.137980085348502,1.5204170286707233,83.84146341463415,45.731707317073145
2013-10-28 16,26.4935988620199,1.73761946133797,74.69512195121953,46.951219512195095
2013-10-28 17,27.027027027027025,1.73761946133797,84.34959349593495,50.91463414634145
2013-10-28 18,29.1607396870555,2.17202432667246,135.67073170731695,73.47560975609758
2013-10-28 19,31.472261735419625,1.73761946133797,170.73170731707302,81.40243902439025
2013-10-28 20,31.116642958748223,1.73761946133797,166.66666666666674,76.82926829268293
2013-10-28 21,29.160739687055475,1.73761946133797,152.94715447154476,73.47560975609758
2013-10-28 22,27.560455192034127,1.73761946133797,128.5569105691055,57.9268292682927
2013-10-28 23,26.3157894736842,1.73761946133797,122.45934959349574,58.23170731707317
2013-10-29 00,23.826458036984324,1.73761946133797,112.29674796747976,41.15853658536582
2013-10-29 01,22.0483641536273,1.73761946133797,90.9552845528455,36.890243902439
2013-10-29 02,22.048364153627297,1.73761946133797,83.84146341463412,33.536585365853625
2013-10-29 03,21.3371266002845,1.73761946133797,85.36585365853658,36.890243902439
2013-10-29 04,22.9374110953058,1.73761946133797,79.77642276422765,32.62195121951218
2013-10-29 05,22.226173541963,1.73761946133797,73.17073170731707,37.19512195121948
2013-10-29 06,25.4267425320057,1.73761946133797,69.61382113821136,37.19512195121953
2013-10-29 07,34.49502133712657,1.73761946133797,80.79268292682927,40.24390243902435
2013-10-29 08,32.36130867709815,1.73761946133797,83.33333333333333,40.85365853658532
2013-10-29 09,30.5832147937411,1.73761946133797,87.39837398373982,42.6829268292683
2013-10-29 10,28.80512091038408,1.5204170286707233,77.74390243902437,44.5121951219512
2013-10-29 11,29.1607396870555,1.5204170286707233,89.93902439024387,50.0
2013-10-29 12,29.3385490753912,1.3032145960034764,93.49593495934955,46.95121951219512
2013-10-29 13,28.6273115220484,1.73761946133797,72.15447154471542,37.80487804878048
2013-10-29 14,28.982930298719776,1.73761946133797,79.26829268292683,42.07317073170729
2013-10-29 15,27.3826458036984,1.73761946133797,73.6788617886179,46.34146341463412
2013-10-29 16,26.8492176386913,1.73761946133797,92.47967479674796,48.78048780487805
2013-10-29 17,27.738264580369822,1.73761946133797,96.03658536585354,62.19512195121952
2013-10-29 18,31.29445234708393,2.17202432667246,135.16260162601623,86.28048780487805
2013-10-29 19,31.827880512091028,1.73761946133797,195.63008130081275,96.95121951219512
2013-10-29 20,31.650071123755325,1.73761946133797,170.73170731707324,86.89024390243902
2013-10-29 21,30.583214793741128,1.73761946133797,162.60162601626,82.01219512195121
2013-10-29 22,27.3826458036984,1.73761946133797,140.2439024390245,77.4390243902439
2013-10-29 23,26.8492176386913,1.73761946133797,118.90243902439023,67.9878048780488
2013-10-30 00,24.18207681365575,1.73761946133797,105.18292682926824,50.00000000000003
2013-10-30 01,22.226173541963,1.73761946133797,94.51219512195122,41.463414634146325
2013-10-30 02,21.8705547652916,1.5204170286707233,84.85772357723577,39.93902439024387
2013-10-30 03,21.5149359886202,1.73761946133797,82.82520325203251,38.41463414634145
2013-10-30 04,22.7596017069701,1.73761946133797,66.5650406504065,38.414634146341456
2013-10-30 05,23.1152204836415,1.73761946133797,67.07317073170732,43.90243902439023
2013-10-30 06,26.671408250355626,1.73761946133797,65.04065040650407,41.76829268292683
2013-10-30 07,36.273115220483646,1.73761946133797,78.2520325203252,43.90243902439023
2013-10-30 08,33.6059743954481,1.73761946133797,91.97154471544712,49.69512195121953
2013-10-30 09,31.472261735419625,1.73761946133797,79.77642276422765,35.0609756097561
2013-10-30 10,31.29445234708393,1.5204170286707233,71.13821138211382,36.28048780487802
2013-10-30 11,29.516358463726903,1.5204170286707233,80.28455284552845,44.81707317073168
2013-10-30 12,29.1607396870555,1.5204170286707233,102.13414634146356,40.85365853658535
2013-10-30 13,29.1607396870555,1.73761946133797,83.84146341463415,33.84146341463413
2013-10-30 14,28.9829302987198,1.5204170286707233,72.66260162601627,36.58536585365855
2013-10-30 15,27.916073968705525,1.5204170286707233,92.47967479674791,45.73170731707317
2013-10-30 16,28.27169274537695,1.73761946133797,83.33333333333333,40.2439024390244
2013-10-30 17,27.560455192034127,2.17202432667246,90.44715447154468,51.21951219512192
2013-10-30 18,30.4054054054054,2.60642919200695,140.75203252032526,79.57317073170734
2013-10-30 19,32.36130867709815,1.73761946133797,188.00813008130075,95.1219512195122
2013-10-30 20,32.894736842105274,1.73761946133797,177.33739837398377,84.4512195121951
2013-10-30 21,30.405405405405425,1.73761946133797,170.73170731707302,77.13414634146343
2013-10-30 22,27.916073968705525,1.73761946133797,139.22764227642276,83.53658536585365
2013-10-30 23,26.6714082503556,1.73761946133797,115.3455284552845,70.1219512195122
2013-10-31 00,24.359886201991475,1.73761946133797,104.16666666666676,58.2317073170732
2013-10-31 01,22.0483641536273,1.73761946133797,95.02032520325209,50.609756097560975
2013-10-31 02,21.8705547652916,1.73761946133797,82.3170731707317,44.5121951219512
2013-10-31 03,21.8705547652916,1.73761946133797,77.23577235772358,47.5609756097561
2013-10-31 04,23.2930298719772,1.73761946133797,71.64634146341464,45.42682926829267
2013-10-31 05,23.2930298719772,1.73761946133797,68.08943089430892,46.34146341463412
2013-10-31 06,26.3157894736842,1.73761946133797,65.04065040650404,52.43902439024393
2013-10-31 07,34.850640113798,1.73761946133797,77.7439024390244,53.35365853658537
2013-10-31 08,33.428165007112376,1.73761946133797,85.36585365853658,43.59756097560973
2013-10-31 09,29.6941678520626,1.954821894005215,84.34959349593493,42.0731707317073
2013-10-31 10,30.2275960170697,1.73761946133797,89.43089430894307,37.80487804878047
2013-10-31 11,29.1607396870555,1.73761946133797,86.890243902439,38.41463414634145
2013-10-31 12,28.6273115220484,1.73761946133797,89.9390243902439,42.68292682926825
2013-10-31 13,29.1607396870555,1.73761946133797,85.8739837398374,44.5121951219512
2013-10-31 14,28.09388335704125,1.5204170286707233,75.2032520325203,44.5121951219512
2013-10-31 15,27.027027027027,1.5204170286707233,85.36585365853658,46.34146341463412
2013-10-31 16,27.027027027027,1.73761946133797,83.33333333333333,46.34146341463413
2013-10-31 17,27.3826458036984,1.73761946133797,95.0203252032521,58.53658536585368
2013-10-31 18,30.049786628734,1.5204170286707233,168.19105691056924,83.23170731707317
2013-10-31 19,32.894736842105274,1.73761946133797,181.91056910569125,89.32926829268293
2013-10-31 20,31.472261735419625,1.954821894005215,169.7154471544715,78.96341463414632
2013-10-31 21,29.1607396870555,1.73761946133797,172.2560975609755,80.79268292682926
2013-10-31 22,27.560455192034127,1.73761946133797,133.130081300813,73.78048780487802
2013-10-31 23,26.4935988620199,1.73761946133797,110.2642276422765,64.02439024390245
2013-11-01 00,23.82645803698435,1.73761946133797,103.1504065040652,54.57317073170733
2013-11-01 01,22.0483641536273,1.73761946133797,88.41463414634146,42.68292682926828
2013-11-01 02,21.692745376955894,1.73761946133797,91.97154471544712,39.9390243902439
2013-11-01 03,21.5149359886202,1.73761946133797,86.89024390243902,41.15853658536585
2013-11-01 04,22.4039829302987,1.73761946133797,85.3658536585366,37.80487804878045
2013-11-01 05,22.4039829302987,1.73761946133797,83.33333333333334,35.975609756097555
2013-11-01 06,25.248933143669976,1.73761946133797,78.25203252032523,39.02439024390245
2013-11-01 07,35.384068278805124,1.73761946133797,95.52845528455282,42.0731707317073
2013-11-01 08,33.25035561877665,1.73761946133797,96.54471544715436,49.6951219512195
2013-11-01 09,31.472261735419625,0.868809730668983,82.3170731707317,48.78048780487802
2013-11-01 10,29.516358463726903,1.3032145960034764,82.3170731707317,50.60975609756101
2013-11-01 11,29.516358463726903,1.3032145960034764,95.52845528455292,53.048780487804905
2013-11-01 12,28.627311522048352,1.3032145960034764,114.8373983739835,53.35365853658538
2013-11-01 13,28.27169274537697,1.73761946133797,101.11788617886184,51.52439024390242
2013-11-01 14,28.09388335704125,1.73761946133797,89.9390243902439,52.43902439024393
2013-11-01 15,27.738264580369822,1.73761946133797,102.6422764227641,53.96341463414635
2013-11-01 16,27.027027027027,1.73761946133797,105.69105691056924,60.3658536585366
2013-11-01 17,27.204836415362728,1.5204170286707233,122.45934959349574,63.109756097560975
2013-11-01 18,28.982930298719776,2.17202432667246,169.7154471544715,81.09756097560975
2013-11-01 19,30.4054054054054,1.73761946133797,197.662601626016,93.59756097560978
2013-11-01 20,30.938833570412527,2.823631624674195,188.5162601626015,80.79268292682926
2013-11-01 21,30.2275960170697,1.73761946133797,175.3048780487805,82.92682926829268
2013-11-01 22,27.73826458036985,1.73761946133797,157.0121951219513,79.57317073170732
2013-11-01 23,26.49359886201993,1.73761946133797,144.30894308943076,76.82926829268293
2013-11-02 00,24.004267425320023,1.73761946133797,119.91869918699174,62.80487804878047
2013-11-02 01,22.0483641536273,1.73761946133797,104.16666666666676,58.53658536585368
2013-11-02 02,21.692745376955894,1.73761946133797,85.8739837398374,47.86585365853657
2013-11-02 03,21.692745376955894,1.73761946133797,86.89024390243901,43.29268292682925
2013-11-02 04,22.4039829302987,1.73761946133797,83.33333333333333,40.54878048780485
2013-11-02 05,22.226173541963,2.17202432667246,72.15447154471545,39.9390243902439
2013-11-02 06,22.9374110953058,1.73761946133797,68.59756097560975,39.329268292682926
2013-11-02 07,25.248933143669973,1.73761946133797,70.630081300813,37.49999999999998
2013-11-02 08,28.627311522048352,2.17202432667246,86.38211382113825,34.756097560975626
2013-11-02 09,33.25035561877668,3.04083405734144,114.329268292683,45.42682926829268
2013-11-02 10,32.71692745376955,1.954821894005215,121.44308943089425,50.0
2013-11-02 11,32.71692745376957,1.73761946133797,131.60569105691076,47.5609756097561
2013-11-02 12,33.4281650071124,1.73761946133797,147.86585365853676,46.036585365853625
2013-11-02 13,32.71692745376955,1.73761946133797,141.260162601626,43.59756097560975
2013-11-02 14,31.827880512091028,1.73761946133797,119.91869918699174,51.21951219512198
2013-11-02 15,30.049786628734,1.73761946133797,142.78455284552825,46.64634146341462
2013-11-02 16,28.27169274537697,1.73761946133797,135.670731707317,46.34146341463415
2013-11-02 17,28.449502133712677,1.954821894005215,151.93089430894324,50.609756097560975
2013-11-02 18,30.2275960170697,1.73761946133797,193.08943089430875,68.90243902439025
2013-11-02 19,30.4054054054054,1.73761946133797,182.926829268293,73.78048780487805
2013-11-02 20,29.338549075391175,1.73761946133797,188.51626016260124,66.76829268292683
2013-11-02 21,28.27169274537697,1.73761946133797,162.60162601626024,69.20731707317071
2013-11-02 22,27.2048364153627,1.73761946133797,146.84959349593498,69.51219512195122
2013-11-02 23,25.9601706970128,1.73761946133797,149.390243902439,70.12195121951223
2013-11-03 00,24.35988620199145,1.73761946133797,137.70325203252025,55.79268292682927
2013-11-03 01,22.4039829302987,3.47523892267593,111.78861788617895,49.39024390243903
2013-11-03 02,21.692745376955894,1.73761946133797,98.0691056910571,42.68292682926828
2013-11-03 03,20.9815078236131,1.5204170286707233,93.49593495934955,39.93902439024387
2013-11-03 04,22.0483641536273,1.5204170286707233,79.77642276422765,40.85365853658532
2013-11-03 05,22.0483641536273,1.73761946133797,75.20325203252033,37.80487804878048
2013-11-03 06,22.4039829302987,1.73761946133797,67.58130081300816,45.42682926829265
2013-11-03 07,23.82645803698435,1.73761946133797,64.53252032520328,32.62195121951218
2013-11-03 08,27.204836415362728,1.73761946133797,84.85772357723575,33.84146341463415
2013-11-03 09,31.2944523470839,1.73761946133797,112.2967479674795,36.890243902439
2013-11-03 10,32.36130867709813,1.73761946133797,141.76829268292676,39.63414634146343
2013-11-03 11,34.1394025604552,1.73761946133797,152.9471544715445,53.35365853658537
2013-11-03 12,33.783783783783804,1.73761946133797,163.109756097561,66.15853658536585
2013-11-03 13,32.539118065433854,1.73761946133797,121.951219512195,55.4878048780488
2013-11-03 14,30.9388335704125,1.73761946133797,108.23170731707305,46.34146341463412
2013-11-03 15,29.3385490753912,1.5204170286707233,87.90650406504065,39.02439024390242
2013-11-03 16,28.627311522048352,1.73761946133797,89.93902439024384,34.756097560975604
2013-11-03 17,28.627311522048352,1.73761946133797,104.67479674796748,35.36585365853658
2013-11-03 18,30.583214793741103,1.73761946133797,157.012195121951,56.40243902439028
2013-11-03 19,32.539118065433854,1.954821894005215,164.12601626016274,70.42682926829266
2013-11-03 20,32.894736842105274,1.73761946133797,182.418699186992,64.02439024390247
2013-11-03 21,30.049786628734,1.73761946133797,177.84552845528475,64.02439024390245
2013-11-03 22,27.560455192034127,1.73761946133797,143.80081300813026,62.50000000000003
2013-11-03 23,26.6714082503556,1.73761946133797,128.048780487805,54.57317073170735
2013-11-04 00,24.00426742532005,1.73761946133797,108.73983739837377,46.64634146341462
2013-11-04 01,22.226173541963,1.73761946133797,87.90650406504075,42.07317073170728
2013-11-04 02,22.226173541963,1.73761946133797,83.33333333333333,40.54878048780485
2013-11-04 03,21.692745376955894,1.5204170286707233,73.17073170731707,39.9390243902439
2013-11-04 04,22.4039829302987,1.73761946133797,70.12195121951223,39.3292682926829
2013-11-04 05,22.5817923186344,1.73761946133797,77.23577235772358,39.02439024390243
2013-11-04 06,26.1379800853485,1.73761946133797,72.15447154471542,44.2073170731707
2013-11-04 07,34.139402560455174,1.73761946133797,81.30081300813008,41.463414634146325
2013-11-04 08,32.539118065433854,1.73761946133797,98.06910569105692,47.256097560975626
2013-11-04 09,30.4054054054054,1.73761946133797,87.90650406504065,38.109756097560975
2013-11-04 10,30.049786628734,1.73761946133797,89.93902439024393,44.20731707317073
2013-11-04 11,28.9829302987198,1.3032145960034764,105.6910569105691,45.731707317073145
2013-11-04 12,28.80512091038408,1.3032145960034764,113.31300813008124,53.04878048780488
2013-11-04 13,28.805120910384097,1.5204170286707233,94.00406504065045,48.170731707317074
2013-11-04 14,28.09388335704125,1.3032145960034764,78.2520325203252,39.6341463414634
2013-11-04 15,27.5604551920341,1.5204170286707233,96.54471544715436,51.21951219512195
2013-11-04 16,27.560455192034127,1.73761946133797,111.78861788617876,47.56097560975607
2013-11-04 17,27.560455192034127,1.73761946133797,118.9024390243905,50.609756097560975
2013-11-04 18,30.049786628734,2.17202432667246,154.471544715447,74.69512195121953
2013-11-04 19,32.36130867709817,1.73761946133797,186.99186991869925,90.24390243902435
2013-11-04 20,32.71692745376958,1.73761946133797,166.15853658536577,76.8292682926829
2013-11-04 21,30.049786628734,1.73761946133797,161.5853658536585,77.74390243902437
2013-11-04 22,27.3826458036984,1.73761946133797,146.84959349593498,76.82926829268295
2013-11-04 23,26.1379800853485,1.73761946133797,124.491869918699,59.45121951219515
2013-11-05 00,23.82645803698435,1.73761946133797,112.8048780487805,49.39024390243903
2013-11-05 01,22.226173541963,1.73761946133797,97.05284552845538,42.0731707317073
2013-11-05 02,22.0483641536273,1.73761946133797,95.02032520325211,37.19512195121951
2013-11-05 03,21.692745376955894,1.73761946133797,82.3170731707317,38.71951219512193
2013-11-05 04,22.226173541963,1.73761946133797,74.1869918699187,37.80487804878048
2013-11-05 05,22.226173541963,1.73761946133797,74.6951219512195,35.0609756097561
2013-11-05 06,25.4267425320057,1.73761946133797,67.07317073170732,43.29268292682925
2013-11-05 07,33.428165007112376,1.73761946133797,89.43089430894307,33.23170731707315
2013-11-05 08,33.07254623044098,1.73761946133797,93.49593495934955,35.0609756097561
2013-11-05 09,30.7610241820768,1.73761946133797,82.82520325203251,37.19512195121951
2013-11-05 10,28.4495021337127,1.5204170286707233,82.31707317073173,37.19512195121953
2013-11-05 11,28.805120910384097,1.5204170286707233,98.57723577235772,36.58536585365853
2013-11-05 12,29.1607396870555,1.3032145960034764,100.609756097561,45.12195121951217
2013-11-05 13,28.9829302987198,1.73761946133797,98.57723577235768,35.06097560975608
2013-11-05 14,27.560455192034127,1.73761946133797,91.97154471544712,41.15853658536585
2013-11-05 15,26.8492176386913,1.73761946133797,94.51219512195124,39.3292682926829
2013-11-05 16,27.027027027027025,1.73761946133797,99.08536585365836,43.29268292682925
2013-11-05 17,29.8719772403983,1.73761946133797,104.16666666666676,59.45121951219515
2013-11-05 18,32.89473684210525,2.17202432667246,165.65040650406473,89.6341463414634
2013-11-05 19,31.827880512091028,1.73761946133797,219.00406504065023,107.92682926829256
2013-11-05 20,33.07254623044098,1.73761946133797,176.321138211382,79.8780487804878
2013-11-05 21,29.516358463726878,1.73761946133797,160.56910569105702,71.34146341463415
2013-11-05 22,27.382645803698423,1.73761946133797,135.162601626016,64.63414634146343
2013-11-05 23,25.6045519203414,1.73761946133797,129.57317073170725,56.70731707317073
2013-11-06 00,23.648648648648624,1.73761946133797,113.3130081300815,44.20731707317073
2013-11-06 01,21.8705547652916,1.73761946133797,98.57723577235764,36.28048780487805
2013-11-06 02,21.5149359886202,1.5204170286707233,83.84146341463415,35.975609756097555
2013-11-06 03,21.3371266002845,1.73761946133797,83.84146341463412,39.329268292682926
2013-11-06 04,22.226173541963,1.73761946133797,82.82520325203252,35.36585365853658
2013-11-06 05,22.226173541963,1.73761946133797,72.66260162601625,35.670731707317074
2013-11-06 06,25.9601706970128,1.73761946133797,73.1707317073171,39.02439024390242
2013-11-06 07,34.4950213371266,1.73761946133797,82.82520325203252,33.84146341463413
2013-11-06 08,32.18349928876245,1.73761946133797,88.92276422764232,40.54878048780485
2013-11-06 09,30.5832147937411,1.73761946133797,79.26829268292683,33.84146341463413
2013-11-06 10,28.805120910384097,1.5204170286707233,86.38211382113823,34.756097560975604
2013-11-06 11,28.44950213371265,1.5204170286707233,95.02032520325204,39.93902439024387
2013-11-06 12,28.6273115220484,1.5204170286707233,114.329268292683,42.0731707317073
2013-11-06 13,28.805120910384097,1.73761946133797,94.51219512195118,37.49999999999998
2013-11-06 14,28.27169274537697,1.5204170286707233,73.17073170731707,42.3780487804878
2013-11-06 15,26.8492176386913,1.5204170286707233,93.49593495934955,43.90243902439023
2013-11-06 16,27.2048364153627,1.73761946133797,91.46341463414632,50.0
2013-11-06 17,27.027027027027,2.17202432667246,109.24796747967486,50.30487804878047
2013-11-06 18,29.3385490753912,2.60642919200695,152.9471544715445,72.2560975609756
2013-11-06 19,32.894736842105274,1.73761946133797,184.959349593496,79.8780487804878
2013-11-06 20,32.71692745376957,1.73761946133797,165.65040650406524,74.69512195121953
2013-11-06 21,30.22759601706968,1.73761946133797,152.94715447154476,62.50000000000003
2013-11-06 22,26.8492176386913,1.73761946133797,140.2439024390245,65.2439024390244
2013-11-06 23,25.6045519203414,1.73761946133797,117.88617886178876,60.0609756097561
2013-11-07 00,23.47083926031295,1.73761946133797,110.2642276422765,52.74390243902437
2013-11-07 01,21.692745376955894,1.73761946133797,93.49593495934955,44.817073170731696
2013-11-07 02,21.692745376955894,1.73761946133797,93.49593495934955,40.54878048780488
2013-11-07 03,21.3371266002845,1.73761946133797,86.89024390243902,41.463414634146346
2013-11-07 04,22.0483641536273,1.73761946133797,83.33333333333333,36.890243902439
2013-11-07 05,22.226173541963,1.73761946133797,76.72764227642276,36.89024390243903
2013-11-07 06,25.782361308677075,1.73761946133797,79.26829268292683,42.98780487804875
2013-11-07 07,33.07254623044098,1.73761946133797,87.3983739837398,38.41463414634145
2013-11-07 08,32.894736842105246,1.73761946133797,90.95528455284555,38.41463414634145
2013-11-07 09,30.7610241820768,1.954821894005215,81.80894308943087,44.2073170731707
2013-11-07 10,29.6941678520626,1.73761946133797,76.72764227642278,41.463414634146325
2013-11-07 11,28.9829302987198,1.73761946133797,95.52845528455276,39.9390243902439
2013-11-07 12,29.1607396870555,1.73761946133797,117.3780487804875,38.41463414634145
2013-11-07 13,28.6273115220484,1.73761946133797,86.89024390243902,37.8048780487805
2013-11-07 14,28.627311522048373,1.5204170286707233,77.23577235772358,36.890243902439
2013-11-07 15,26.4935988620199,1.5204170286707233,91.97154471544712,39.93902439024387
2013-11-07 16,26.6714082503556,1.73761946133797,96.03658536585368,42.68292682926825
2013-11-07 17,26.8492176386913,1.73761946133797,114.83739837398376,59.45121951219515
2013-11-07 18,29.6941678520626,1.5204170286707233,155.4878048780485,78.65853658536585
2013-11-07 19,31.29445234708393,1.73761946133797,181.40243902439025,93.59756097560977
2013-11-07 20,32.18349928876243,1.954821894005215,185.46747967479675,71.64634146341461
2013-11-07 21,28.982930298719776,1.73761946133797,145.83333333333348,68.59756097560975
2013-11-07 22,26.4935988620199,1.73761946133797,127.03252032520324,67.9878048780488
2013-11-07 23,25.4267425320057,1.73761946133797,123.9837398373985,59.756097560975626
2013-11-08 00,22.759601706970123,1.73761946133797,109.24796747967474,43.59756097560973
2013-11-08 01,21.692745376955894,1.73761946133797,91.46341463414632,41.463414634146304
2013-11-08 02,21.3371266002845,1.73761946133797,88.92276422764228,38.109756097560975
2013-11-08 03,20.9815078236131,1.73761946133797,83.84146341463412,36.5853658536585
2013-11-08 04,21.5149359886202,1.73761946133797,84.34959349593497,35.975609756097555
2013-11-08 05,21.8705547652916,1.73761946133797,82.8252032520325,39.02439024390242
2013-11-08 06,24.89331436699857,1.73761946133797,81.80894308943087,50.91463414634145
2013-11-08 07,32.539118065433875,1.73761946133797,83.84146341463415,42.0731707317073
2013-11-08 08,31.1166429587482,1.73761946133797,82.3170731707317,42.0731707317073
2013-11-08 09,30.9388335704125,0.868809730668983,86.89024390243902,43.90243902439023
2013-11-08 10,30.938833570412527,1.3032145960034764,91.97154471544722,42.3780487804878
2013-11-08 11,30.5832147937411,1.3032145960034764,103.65853658536572,50.3048780487805
2013-11-08 12,30.049786628734,1.3032145960034764,119.410569105691,46.951219512195095
2013-11-08 13,30.938833570412527,1.73761946133797,97.05284552845538,35.975609756097526
2013-11-08 14,29.3385490753912,1.73761946133797,84.34959349593495,44.2073170731707
2013-11-08 15,27.738264580369822,1.73761946133797,96.03658536585372,48.47560975609755
2013-11-08 16,27.91607396870555,1.73761946133797,100.10162601626024,49.39024390243903
2013-11-08 17,27.560455192034127,1.5204170286707233,117.37804878048776,50.91463414634148
2013-11-08 18,28.982930298719776,2.17202432667246,166.15853658536577,64.9390243902439
2013-11-08 19,29.1607396870555,1.73761946133797,177.33739837398377,73.47560975609755
2013-11-08 20,30.7610241820768,2.823631624674195,162.0934959349595,76.21951219512195
2013-11-08 21,28.449502133712677,1.73761946133797,154.471544715447,72.5609756097561
2013-11-08 22,26.137980085348502,1.73761946133797,144.81707317073176,65.85365853658537
2013-11-08 23,25.6045519203414,1.73761946133797,130.081300813008,58.84146341463418
2013-11-09 00,23.470839260312925,1.73761946133797,132.11382113821125,47.2560975609756
2013-11-09 01,22.4039829302987,1.73761946133797,102.64227642276416,38.71951219512192
2013-11-09 02,21.692745376955894,1.73761946133797,95.020325203252,40.24390243902437
2013-11-09 03,21.3371266002845,1.73761946133797,89.93902439024387,35.975609756097555
2013-11-09 04,21.692745376955894,1.73761946133797,82.82520325203252,38.41463414634148
2013-11-09 05,21.692745376955894,2.17202432667246,82.82520325203252,36.58536585365852
2013-11-09 06,22.5817923186344,1.73761946133797,74.69512195121953,40.24390243902437
2013-11-09 07,25.248933143669976,1.73761946133797,69.6138211382114,33.231707317073145
2013-11-09 08,30.4054054054054,2.17202432667246,84.85772357723577,36.5853658536585
2013-11-09 09,32.71692745376957,3.04083405734144,110.77235772357731,48.78048780487808
2013-11-09 10,32.18349928876243,1.954821894005215,132.11382113821125,48.170731707317046
2013-11-09 11,32.36130867709818,1.73761946133797,145.83333333333326,51.52439024390245
2013-11-09 12,33.4281650071124,1.73761946133797,157.012195121951,44.51219512195117
2013-11-09 13,33.6059743954481,1.73761946133797,178.86178861788625,41.15853658536585
2013-11-09 14,32.36130867709815,1.73761946133797,155.4878048780487,52.7439024390244
2013-11-09 15,30.049786628734,1.73761946133797,150.40650406504074,58.53658536585368
2013-11-09 16,28.805120910384097,1.73761946133797,135.670731707317,54.87804878048782
2013-11-09 17,28.093883357041225,1.954821894005215,147.35772357723576,53.35365853658535
2013-11-09 18,29.516358463726903,1.73761946133797,191.05691056910572,67.98780487804879
2013-11-09 19,29.338549075391175,1.73761946133797,201.7276422764225,68.29268292682924
2013-11-09 20,28.9829302987198,1.73761946133797,202.2357723577235,65.2439024390244
2013-11-09 21,27.027027027027003,1.73761946133797,176.82926829268274,66.76829268292684
2013-11-09 22,26.3157894736842,1.73761946133797,155.9959349593495,67.6829268292683
2013-11-09 23,25.4267425320057,1.73761946133797,148.37398373983748,64.02439024390247
2013-11-10 00,23.82645803698435,1.73761946133797,140.75203252032526,55.487804878048806
2013-11-10 01,22.4039829302987,3.47523892267593,121.44308943089425,47.256097560975576
2013-11-10 02,21.692745376955894,1.73761946133797,92.98780487804876,46.3414634146341
2013-11-10 03,21.1593172119488,1.5204170286707233,83.33333333333333,41.463414634146325
2013-11-10 04,21.692745376955894,1.5204170286707233,75.20325203252033,40.85365853658537
2013-11-10 05,21.5149359886202,1.73761946133797,73.17073170731707,36.890243902439
2013-11-10 06,22.226173541963,1.73761946133797,66.0569105691057,44.2073170731707
2013-11-10 07,23.293029871977225,1.73761946133797,61.9918699186992,33.536585365853654
2013-11-10 08,27.204836415362724,1.73761946133797,82.31707317073173,35.36585365853658
2013-11-10 09,32.539118065433854,1.73761946133797,102.6422764227644,39.02439024390243
2013-11-10 10,32.36130867709812,1.73761946133797,130.589430894309,47.2560975609756
2013-11-10 11,32.7169274537696,1.73761946133797,162.09349593495924,49.08536585365852
2013-11-10 12,33.2503556187767,1.73761946133797,157.52032520325224,42.98780487804878
2013-11-10 13,32.71692745376958,1.73761946133797,132.62195121951223,44.51219512195122
2013-11-10 14,32.00568990042673,1.73761946133797,97.0528455284553,36.89024390243903
2013-11-10 15,29.5163584637269,1.5204170286707233,96.54471544715454,38.71951219512195
2013-11-10 16,28.27169274537695,1.73761946133797,86.38211382113822,46.64634146341462
2013-11-10 17,27.73826458036985,1.73761946133797,107.21544715447163,40.2439024390244
2013-11-10 18,29.516358463726903,1.73761946133797,133.63821138211375,59.7560975609756
2013-11-10 19,29.6941678520626,1.954821894005215,159.0447154471545,62.5
2013-11-10 20,30.9388335704125,1.73761946133797,164.12601626016226,64.9390243902439
2013-11-10 21,28.27169274537695,1.73761946133797,148.882113821138,68.90243902439025
2013-11-10 22,25.6045519203414,1.73761946133797,133.130081300813,61.28048780487807
2013-11-10 23,25.24893314367,1.73761946133797,124.4918699186995,52.7439024390244
2013-11-11 00,23.82645803698435,1.73761946133797,120.42682926829276,48.78048780487805
2013-11-11 01,22.226173541963,1.73761946133797,101.11788617886208,42.0731707317073
2013-11-11 02,21.692745376955894,1.73761946133797,99.59349593495938,38.414634146341456
2013-11-11 03,21.1593172119488,1.5204170286707233,81.30081300813008,39.6341463414634
2013-11-11 04,21.8705547652916,1.73761946133797,75.20325203252033,40.85365853658535
2013-11-11 05,21.8705547652916,1.73761946133797,73.6788617886179,38.71951219512192
2013-11-11 06,25.248933143669976,1.73761946133797,69.10569105691057,46.64634146341463
2013-11-11 07,33.25035561877667,1.73761946133797,82.3170731707317,35.975609756097555
2013-11-11 08,32.89473684210525,1.73761946133797,93.49593495934955,42.0731707317073
2013-11-11 09,30.2275960170697,1.73761946133797,88.41463414634146,39.6341463414634
2013-11-11 10,30.4054054054054,1.73761946133797,76.72764227642277,35.36585365853658
2013-11-11 11,29.516358463726903,1.3032145960034764,96.54471544715445,45.42682926829268
2013-11-11 12,28.805120910384097,1.3032145960034764,111.78861788617874,52.7439024390244
2013-11-11 13,28.627311522048373,1.5204170286707233,107.21544715447143,41.7682926829268
2013-11-11 14,29.160739687055475,1.3032145960034764,94.51219512195118,40.24390243902437
2013-11-11 15,27.5604551920341,1.5204170286707233,80.79268292682927,40.85365853658535
2013-11-11 16,27.916073968705525,1.73761946133797,91.97154471544722,41.7682926829268
2013-11-11 17,27.382645803698423,1.73761946133797,98.06910569105692,48.170731707317074
2013-11-11 18,28.805120910384097,2.17202432667246,163.617886178862,75.60975609756098
2013-11-11 19,30.938833570412527,1.73761946133797,206.30081300813,85.06097560975607
2013-11-11 20,32.894736842105274,1.73761946133797,190.548780487805,73.78048780487805
2013-11-11 21,30.4054054054054,1.73761946133797,164.12601626016274,63.71951219512195
2013-11-11 22,26.4935988620199,1.73761946133797,136.6869918699185,61.89024390243903
2013-11-11 23,25.426742532005697,1.73761946133797,122.459349593496,63.71951219512197
2013-11-12 00,23.11522048364155,1.73761946133797,102.13414634146336,46.64634146341462
2013-11-12 01,21.8705547652916,1.73761946133797,89.939024390244,39.93902439024387
2013-11-12 02,21.692745376955894,1.73761946133797,81.30081300813008,38.10975609756096
2013-11-12 03,21.1593172119488,1.73761946133797,73.17073170731707,41.15853658536582
2013-11-12 04,21.692745376955894,1.73761946133797,73.67886178861787,45.12195121951217
2013-11-12 05,21.8705547652916,1.73761946133797,67.58130081300814,39.6341463414634
2013-11-12 06,25.07112375533428,1.73761946133797,74.69512195121953,43.90243902439025
2013-11-12 07,33.783783783783775,1.73761946133797,77.7439024390244,42.3780487804878
2013-11-12 08,32.005689900426724,1.73761946133797,99.59349593495952,42.98780487804875
2013-11-12 09,31.827880512091028,1.73761946133797,93.49593495934954,38.10975609756095
2013-11-12 10,30.4054054054054,1.5204170286707233,86.890243902439,44.5121951219512
2013-11-12 11,32.00568990042675,1.5204170286707233,100.6097560975611,46.03658536585365
2013-11-12 12,32.539118065433875,1.3032145960034764,111.788617886179,50.30487804878047
2013-11-12 13,33.07254623044098,1.73761946133797,86.3821138211382,44.5121951219512
2013-11-12 14,28.627311522048352,1.73761946133797,82.82520325203252,46.951219512195095
2013-11-12 15,28.093883357041225,1.73761946133797,88.92276422764226,47.2560975609756
2013-11-12 16,27.738264580369822,1.73761946133797,96.54471544715445,50.60975609756101
2013-11-12 17,28.982930298719776,1.73761946133797,103.15040650406516,61.89024390243905
2013-11-12 18,30.4054054054054,2.17202432667246,158.028455284553,89.6341463414634
2013-11-12 19,33.4281650071124,1.73761946133797,207.82520325203225,100.30487804878052
2013-11-12 20,33.9615931721195,1.73761946133797,177.8455284552845,91.46341463414632
2013-11-12 21,30.938833570412523,1.73761946133797,173.272357723577,92.37804878048776
2013-11-12 22,26.6714082503556,1.73761946133797,153.96341463414626,93.29268292682924
2013-11-12 23,25.6045519203414,1.73761946133797,136.6869918699185,76.52439024390245
2013-11-13 00,22.937411095305823,1.73761946133797,111.78861788617874,63.41463414634148
2013-11-13 01,21.5149359886202,1.73761946133797,94.00406504065045,54.87804878048783
2013-11-13 02,21.692745376955894,1.5204170286707233,88.92276422764226,49.390243902439
2013-11-13 03,21.1593172119488,1.73761946133797,78.76016260162599,47.86585365853657
2013-11-13 04,21.5149359886202,1.73761946133797,76.72764227642276,46.64634146341462
2013-11-13 05,21.8705547652916,1.73761946133797,71.13821138211382,49.6951219512195
2013-11-13 06,25.4267425320057,1.73761946133797,72.66260162601625,50.60975609756101
2013-11-13 07,34.31721194879088,1.73761946133797,91.46341463414632,51.52439024390242
2013-11-13 08,32.894736842105274,1.73761946133797,95.52845528455292,56.09756097560975
2013-11-13 09,30.5832147937411,1.73761946133797,89.9390243902439,45.42682926829265
2013-11-13 10,29.8719772403983,1.5204170286707233,79.77642276422765,42.0731707317073
2013-11-13 11,30.4054054054054,1.5204170286707233,88.41463414634146,36.890243902439
2013-11-13 12,28.805120910384097,1.5204170286707233,105.6910569105692,40.54878048780488
2013-11-13 13,29.5163584637269,1.73761946133797,90.4471544715448,38.109756097560975
2013-11-13 14,29.33854907539117,1.5204170286707233,80.79268292682927,38.71951219512192
2013-11-13 15,27.73826458036985,1.5204170286707233,79.77642276422762,46.34146341463415
2013-11-13 16,28.09388335704125,1.73761946133797,73.6788617886179,51.21951219512198
2013-11-13 17,28.805120910384097,2.17202432667246,98.06910569105698,61.89024390243903
2013-11-13 18,29.694167852062577,2.60642919200695,154.471544715447,85.97560975609755
2013-11-13 19,32.71692745376955,1.73761946133797,195.121951219512,86.89024390243902
2013-11-13 20,32.71692745376957,1.73761946133797,188.5162601626015,78.96341463414632
2013-11-13 21,29.6941678520626,1.73761946133797,165.65040650406502,80.79268292682926
2013-11-13 22,27.7382645803698,1.73761946133797,141.260162601626,77.4390243902439
2013-11-13 23,26.49359886201993,1.73761946133797,118.39430894308924,61.58536585365857
2013-11-14 00,23.293029871977225,1.73761946133797,112.8048780487805,52.7439024390244
2013-11-14 01,22.226173541963,1.73761946133797,102.13414634146348,48.475609756097576
2013-11-14 02,22.0483641536273,1.73761946133797,85.87398373983737,49.39024390243903
2013-11-14 03,21.692745376955894,1.73761946133797,86.38211382113818,49.39024390243903
2013-11-14 04,22.0483641536273,1.73761946133797,78.760162601626,42.98780487804878
2013-11-14 05,22.0483641536273,1.73761946133797,78.25203252032517,41.463414634146325
2013-11-14 06,25.782361308677075,1.73761946133797,77.2357723577236,49.39024390243903
2013-11-14 07,34.139402560455174,1.73761946133797,90.4471544715447,50.0
2013-11-14 08,32.71692745376957,1.73761946133797,93.49593495934955,46.34146341463415
2013-11-14 09,30.7610241820768,1.954821894005215,85.87398373983737,44.5121951219512
2013-11-14 10,31.472261735419625,1.73761946133797,85.36585365853658,43.29268292682927
2013-11-14 11,28.805120910384097,1.73761946133797,88.41463414634147,44.5121951219512
2013-11-14 12,28.4495021337127,1.73761946133797,114.83739837398376,50.0
2013-11-14 13,28.805120910384097,1.73761946133797,97.05284552845524,38.41463414634148
2013-11-14 14,28.09388335704125,1.5204170286707233,79.26829268292683,35.36585365853655
2013-11-14 15,27.916073968705525,1.5204170286707233,97.56097560975608,39.6341463414634
2013-11-14 16,27.560455192034127,1.73761946133797,88.41463414634143,45.42682926829268
2013-11-14 17,30.2275960170697,1.73761946133797,114.83739837398376,64.93902439024393
2013-11-14 18,30.7610241820768,1.5204170286707233,169.7154471544715,93.90243902439022
2013-11-14 19,32.894736842105274,1.73761946133797,205.28455284552825,106.70731707317076
2013-11-14 20,32.18349928876245,1.954821894005215,194.1056910569105,85.3658536585366
2013-11-14 21,30.4054054054054,1.73761946133797,173.27235772357724,79.8780487804878
2013-11-14 22,26.8492176386913,1.73761946133797,151.930894308943,82.6219512195122
2013-11-14 23,25.4267425320057,1.73761946133797,124.49186991869924,67.07317073170732
2013-11-15 00,23.11522048364153,1.73761946133797,108.739837398374,53.04878048780488
2013-11-15 01,22.0483641536273,1.73761946133797,102.13414634146352,51.21951219512198
2013-11-15 02,21.8705547652916,1.73761946133797,89.9390243902439,46.6463414634146
2013-11-15 03,21.692745376955894,1.73761946133797,94.5121951219512,49.6951219512195
2013-11-15 04,21.8705547652916,1.73761946133797,88.92276422764225,45.12195121951217
2013-11-15 05,22.0483641536273,1.73761946133797,81.30081300813008,48.78048780487808
2013-11-15 06,25.42674253200568,1.73761946133797,77.74390243902437,53.963414634146375
2013-11-15 07,33.96159317211948,1.73761946133797,90.4471544715447,46.64634146341462
2013-11-15 08,32.894736842105274,1.73761946133797,97.05284552845532,49.39024390243905
2013-11-15 09,31.472261735419625,0.868809730668983,99.59349593495936,49.39024390243903
2013-11-15 10,30.5832147937411,1.3032145960034764,95.020325203252,52.74390243902442
2013-11-15 11,31.4722617354196,1.3032145960034764,101.11788617886184,53.048780487804905
2013-11-15 12,30.2275960170697,1.3032145960034764,128.55691056910575,57.317073170731724
2013-11-15 13,29.516358463726878,1.73761946133797,114.83739837398376,57.01219512195122
2013-11-15 14,29.5163584637269,1.73761946133797,108.23170731707324,46.64634146341462
2013-11-15 15,28.449502133712677,1.73761946133797,115.3455284552845,44.51219512195122
2013-11-15 16,28.80512091038408,1.73761946133797,119.91869918699174,51.829268292682926
2013-11-15 17,28.093883357041225,1.5204170286707233,126.0162601626015,57.317073170731724
2013-11-15 18,29.516358463726903,2.17202432667246,186.48373983739825,80.18292682926827
2013-11-15 19,31.1166429587482,1.73761946133797,208.3333333333333,95.73170731707316
2013-11-15 20,29.5163584637269,2.823631624674195,195.630081300813,94.20731707317071
2013-11-15 21,27.91607396870555,1.73761946133797,185.97560975609724,95.42682926829264
2013-11-15 22,26.3157894736842,1.73761946133797,169.71544715447175,85.67073170731706
2013-11-15 23,25.0711237553343,1.73761946133797,150.40650406504074,78.65853658536585
2013-11-16 00,23.64864864864865,1.73761946133797,131.09756097560975,69.20731707317073
2013-11-16 01,22.4039829302987,1.73761946133797,105.69105691056924,51.21951219512195
2013-11-16 02,22.0483641536273,1.73761946133797,90.9552845528455,47.256097560975576
2013-11-16 03,21.692745376955894,1.73761946133797,84.85772357723576,56.097560975609774
2013-11-16 04,21.8705547652916,1.73761946133797,80.79268292682924,45.42682926829267
2013-11-16 05,22.0483641536273,2.17202432667246,80.28455284552845,46.64634146341462
2013-11-16 06,23.11522048364153,1.73761946133797,70.1219512195122,50.0
2013-11-16 07,24.715504978662874,1.73761946133797,78.760162601626,50.91463414634148
2013-11-16 08,30.761024182076824,2.17202432667246,91.46341463414632,44.20731707317073
2013-11-16 09,34.4950213371266,3.04083405734144,107.21544715447176,42.98780487804878
2013-11-16 10,36.273115220483625,1.954821894005215,120.9349593495935,42.378048780487774
2013-11-16 11,35.2062588904694,1.73761946133797,144.81707317073176,34.14634146341463
2013-11-16 12,34.1394025604552,1.73761946133797,150.91463414634174,42.68292682926827
2013-11-16 13,32.894736842105274,1.73761946133797,132.11382113821125,39.6341463414634
2013-11-16 14,31.472261735419625,1.73761946133797,122.45934959349574,51.829268292682926
2013-11-16 15,30.049786628734,1.73761946133797,129.57317073170725,55.79268292682927
2013-11-16 16,29.3385490753912,1.73761946133797,129.5731707317075,53.048780487804905
2013-11-16 17,29.516358463726903,1.954821894005215,135.670731707317,57.317073170731724
2013-11-16 18,29.5163584637269,1.73761946133797,175.3048780487805,79.57317073170734
2013-11-16 19,30.5832147937411,1.73761946133797,191.05691056910572,76.8292682926829
2013-11-16 20,29.33854907539117,1.73761946133797,177.33739837398377,75.60975609756098
2013-11-16 21,28.44950213371265,1.73761946133797,172.25609756097575,82.0121951219512
2013-11-16 22,26.137980085348502,1.73761946133797,154.4715447154475,77.13414634146343
2013-11-16 23,25.0711237553343,1.73761946133797,161.07723577235777,77.7439024390244
2013-11-17 00,23.47083926031295,1.73761946133797,146.84959349593476,61.28048780487808
2013-11-17 01,22.226173541963,3.47523892267593,120.4268292682925,54.268292682926855
2013-11-17 02,21.692745376955894,1.73761946133797,99.59349593495946,53.65853658536588
2013-11-17 03,21.3371266002845,1.5204170286707233,99.08536585365847,46.03658536585365
2013-11-17 04,21.692745376955894,1.5204170286707233,85.36585365853657,45.73170731707317
2013-11-17 05,21.692745376955894,1.73761946133797,86.89024390243902,47.56097560975608
2013-11-17 06,22.4039829302987,1.73761946133797,85.87398373983737,49.6951219512195
2013-11-17 07,23.11522048364153,1.73761946133797,83.84146341463415,40.85365853658535
2013-11-17 08,27.027027027027025,1.73761946133797,90.95528455284546,39.6341463414634
2013-11-17 09,32.89473684210525,1.73761946133797,107.72357723577232,45.12195121951217
2013-11-17 10,33.25035561877668,1.73761946133797,140.75203252032526,51.829268292682926
2013-11-17 11,34.3172119487909,1.73761946133797,166.66666666666674,59.45121951219512
2013-11-17 12,34.850640113798,1.73761946133797,170.73170731707324,62.80487804878047
2013-11-17 13,33.60597439544807,1.73761946133797,134.65447154471525,48.47560975609755
2013-11-17 14,31.2944523470839,1.73761946133797,128.04878048780475,47.256097560975576
2013-11-17 15,30.938833570412527,1.5204170286707233,117.378048780488,50.609756097560975
2013-11-17 16,28.805120910384097,1.73761946133797,113.31300813008124,54.57317073170732
2013-11-17 17,28.6273115220484,1.73761946133797,113.82113821138223,55.48780487804878
2013-11-17 18,29.6941678520626,1.73761946133797,159.0447154471545,77.13414634146343
2013-11-17 19,30.9388335704125,1.954821894005215,178.35365853658524,86.28048780487805
2013-11-17 20,31.472261735419625,1.73761946133797,221.54471544715423,78.96341463414632
2013-11-17 21,30.049786628733976,1.73761946133797,193.59756097560972,73.78048780487802
2013-11-17 22,26.1379800853485,1.73761946133797,158.53658536585326,70.42682926829266
2013-11-17 23,25.248933143669973,1.73761946133797,150.4065040650405,64.32926829268293
2013-11-18 00,23.470839260312925,1.73761946133797,134.14634146341476,56.09756097560978
2013-11-18 01,21.8705547652916,1.73761946133797,109.75609756097576,48.475609756097526
2013-11-18 02,21.8705547652916,1.73761946133797,99.08536585365854,44.2073170731707
2013-11-18 03,21.5149359886202,1.5204170286707233,100.10162601626016,53.65853658536588
2013-11-18 04,21.692745376955894,1.73761946133797,82.3170731707317,51.21951219512195
2013-11-18 05,22.0483641536273,1.73761946133797,82.82520325203251,51.829268292682926
2013-11-18 06,25.782361308677075,1.73761946133797,83.33333333333333,56.70731707317075
2013-11-18 07,33.428165007112376,1.73761946133797,107.7235772357725,50.30487804878047
2013-11-18 08,32.005689900426724,1.73761946133797,107.21544715447176,51.82926829268296
2013-11-18 09,32.539118065433854,1.73761946133797,95.020325203252,45.12195121951217
2013-11-18 10,31.2944523470839,1.73761946133797,88.92276422764225,50.30487804878047
2013-11-18 11,32.005689900426745,1.3032145960034764,108.23170731707305,52.74390243902437
2013-11-18 12,30.4054054054054,1.3032145960034764,118.90243902439023,53.963414634146375
2013-11-18 13,28.449502133712677,1.5204170286707233,95.02032520325211,49.6951219512195
2013-11-18 14,28.44950213371265,1.3032145960034764,96.03658536585364,48.170731707317074
2013-11-18 15,27.2048364153627,1.5204170286707233,106.70731707317074,53.963414634146375
2013-11-18 16,27.3826458036984,1.73761946133797,105.18292682926828,62.50000000000002
2013-11-18 17,27.738264580369822,1.73761946133797,121.44308943089425,68.29268292682927
2013-11-18 18,29.3385490753912,2.17202432667246,181.40243902439,96.03658536585368
2013-11-18 19,31.65007112375535,1.73761946133797,233.23170731707324,108.53658536585375
2013-11-18 20,32.18349928876245,1.73761946133797,195.121951219512,87.80487804878047
2013-11-18 21,30.5832147937411,1.73761946133797,185.97560975609773,91.7682926829268
2013-11-18 22,26.8492176386913,1.73761946133797,157.0121951219515,83.53658536585368
2013-11-18 23,25.0711237553343,1.73761946133797,129.57317073170725,70.1219512195122
2013-11-19 00,23.29302987197725,1.73761946133797,125.50813008130076,63.71951219512195
2013-11-19 01,21.692745376955894,1.73761946133797,111.28048780487777,53.65853658536588
2013-11-19 02,22.0483641536273,1.73761946133797,105.1829268292685,50.3048780487805
2013-11-19 03,21.5149359886202,1.73761946133797,99.59349593495942,55.4878048780488
2013-11-19 04,22.0483641536273,1.73761946133797,90.44715447154468,48.170731707317074
2013-11-19 05,21.8705547652916,1.73761946133797,82.82520325203252,50.30487804878047
2013-11-19 06,25.6045519203414,1.73761946133797,83.33333333333333,54.57317073170735
2013-11-19 07,33.07254623044098,1.73761946133797,94.00406504065036,51.52439024390242
2013-11-19 08,32.18349928876245,1.73761946133797,94.5121951219512,51.52439024390245
2013-11-19 09,30.7610241820768,1.73761946133797,89.93902439024387,48.78048780487805
2013-11-19 10,30.049786628734,1.5204170286707233,83.84146341463415,46.34146341463413
2013-11-19 11,28.9829302987198,1.5204170286707233,99.59349593495936,47.86585365853655
2013-11-19 12,29.8719772403983,1.3032145960034764,107.21544715447176,44.8170731707317
2013-11-19 13,28.805120910384097,1.73761946133797,94.00406504065047,39.02439024390242
2013-11-19 14,28.627311522048373,1.73761946133797,84.85772357723575,48.47560975609755
2013-11-19 15,27.91607396870555,1.73761946133797,79.77642276422765,57.92682926829272
2013-11-19 16,27.5604551920341,1.73761946133797,87.90650406504065,60.975609756097576
2013-11-19 17,28.627311522048352,1.73761946133797,121.44308943089445,69.51219512195122
2013-11-19 18,31.472261735419625,2.17202432667246,191.5650406504065,95.73170731707322
2013-11-19 19,32.539118065433854,1.73761946133797,232.21544715447152,102.13414634146332
2013-11-19 20,30.4054054054054,1.73761946133797,215.44715447154425,95.7317073170732
2013-11-19 21,29.160739687055475,1.73761946133797,183.4349593495935,86.5853658536585
2013-11-19 22,28.27169274537695,1.73761946133797,163.61788617886174,87.1951219512195
2013-11-19 23,25.6045519203414,1.73761946133797,144.81707317073176,71.34146341463415
2013-11-20 00,23.47083926031295,1.73761946133797,131.60569105691076,60.670731707317074
2013-11-20 01,22.0483641536273,1.73761946133797,114.329268292683,59.14634146341465
2013-11-20 02,22.5817923186344,1.5204170286707233,91.4634146341463,53.048780487804905
2013-11-20 03,21.8705547652916,1.73761946133797,89.43089430894305,55.487804878048806
2013-11-20 04,22.226173541963,1.73761946133797,85.87398373983737,50.0
2013-11-20 05,22.226173541963,1.73761946133797,78.760162601626,56.09756097560978
2013-11-20 06,26.3157894736842,1.73761946133797,78.76016260162602,56.097560975609774
2013-11-20 07,34.139402560455174,1.73761946133797,96.54471544715445,55.182926829268325
2013-11-20 08,33.96159317211948,1.73761946133797,102.1341463414634,54.57317073170735
2013-11-20 09,32.18349928876245,1.73761946133797,103.15040650406507,46.34146341463415
2013-11-20 10,31.1166429587482,1.5204170286707233,90.9552845528455,39.02439024390242
2013-11-20 11,30.2275960170697,1.5204170286707233,89.93902439024387,38.41463414634143
2013-11-20 12,28.9829302987198,1.5204170286707233,94.5121951219512,38.41463414634145
2013-11-20 13,29.6941678520626,1.73761946133797,85.87398373983737,33.84146341463413
2013-11-20 14,28.9829302987198,1.5204170286707233,77.2357723577236,42.3780487804878
2013-11-20 15,28.27169274537695,1.5204170286707233,84.34959349593495,41.76829268292683
2013-11-20 16,28.627311522048352,1.73761946133797,88.92276422764228,47.2560975609756
2013-11-20 17,28.449502133712677,2.17202432667246,116.86991869918708,70.1219512195122
2013-11-20 18,29.3385490753912,2.60642919200695,179.87804878048777,88.41463414634146
2013-11-20 19,33.25035561877667,1.73761946133797,206.30081300813023,92.98780487804876
2013-11-20 20,32.539118065433854,1.73761946133797,184.959349593496,93.59756097560972
2013-11-20 21,31.827880512091024,1.73761946133797,190.548780487805,99.39024390243908
2013-11-20 22,26.4935988620199,1.73761946133797,168.69918699186974,89.63414634146342
2013-11-20 23,24.715504978662874,1.73761946133797,144.8170731707315,75.91463414634146
2013-11-21 00,23.11522048364155,1.73761946133797,135.16260162601623,61.89024390243903
2013-11-21 01,21.8705547652916,1.73761946133797,109.24796747967484,54.87804878048783
2013-11-21 02,22.0483641536273,1.73761946133797,96.54471544715454,54.87804878048783
2013-11-21 03,21.8705547652916,1.73761946133797,87.90650406504062,59.75609756097565
2013-11-21 04,22.0483641536273,1.73761946133797,85.36585365853658,57.62195121951223
2013-11-21 05,22.226173541963,1.73761946133797,79.26829268292683,51.82926829268296
2013-11-21 06,25.782361308677075,1.73761946133797,79.26829268292683,56.70731707317076
2013-11-21 07,33.428165007112376,1.73761946133797,95.52845528455292,56.097560975609774
2013-11-21 08,32.18349928876243,1.73761946133797,99.5934959349593,49.6951219512195
2013-11-21 09,31.650071123755325,1.954821894005215,102.64227642276433,50.609756097560975
2013-11-21 10,28.6273115220484,1.73761946133797,100.10162601626035,54.87804878048785
2013-11-21 11,29.8719772403983,1.73761946133797,92.9878048780488,53.96341463414635
2013-11-21 12,28.627311522048373,1.73761946133797,110.26422764227624,45.73170731707317
2013-11-21 13,28.80512091038408,1.73761946133797,94.00406504065045,47.256097560975576
2013-11-21 14,27.916073968705525,1.5204170286707233,78.76016260162599,42.98780487804878
2013-11-21 15,26.3157894736842,1.5204170286707233,86.3821138211382,47.5609756097561
2013-11-21 16,26.4935988620199,1.73761946133797,100.10162601626028,56.40243902439028
2013-11-21 17,27.560455192034127,1.73761946133797,115.85365853658531,66.76829268292683
2013-11-21 18,28.627311522048373,1.5204170286707233,183.94308943089425,89.9390243902439
2013-11-21 19,32.18349928876245,1.73761946133797,224.5934959349593,103.96341463414652
2013-11-21 20,30.9388335704125,1.954821894005215,215.9552845528455,96.03658536585364
2013-11-21 21,29.8719772403983,1.73761946133797,192.0731707317075,85.06097560975607
2013-11-21 22,26.137980085348502,1.73761946133797,159.04471544715426,82.62195121951217
2013-11-21 23,24.8933143669986,1.73761946133797,135.670731707317,69.51219512195125
2013-11-22 00,23.11522048364155,1.73761946133797,120.42682926829276,55.48780487804878
2013-11-22 01,21.692745376955894,1.73761946133797,109.7560975609755,49.6951219512195
2013-11-22 02,22.0483641536273,1.73761946133797,87.90650406504062,46.95121951219512
2013-11-22 03,21.692745376955894,1.73761946133797,90.95528455284553,56.0975609756098
2013-11-22 04,21.692745376955894,1.73761946133797,83.84146341463415,49.08536585365852
2013-11-22 05,21.8705547652916,1.73761946133797,75.71138211382112,57.62195121951223
2013-11-22 06,24.89331436699857,1.73761946133797,79.77642276422765,65.2439024390244
2013-11-22 07,32.18349928876248,1.73761946133797,92.98780487804878,62.804878048780495
2013-11-22 08,32.36130867709815,1.73761946133797,104.67479674796752,53.04878048780488
2013-11-22 09,30.2275960170697,0.868809730668983,109.7560975609755,48.47560975609756
2013-11-22 10,29.33854907539117,1.3032145960034764,91.46341463414632,45.42682926829268
2013-11-22 11,30.049786628733976,1.3032145960034764,108.23170731707329,40.85365853658535
2013-11-22 12,27.5604551920341,1.3032145960034764,113.821138211382,38.71951219512195
2013-11-22 13,28.6273115220484,1.73761946133797,111.280487804878,35.36585365853657
2013-11-22 14,27.7382645803698,1.73761946133797,85.36585365853658,30.48780487804877
2013-11-22 15,26.6714082503556,1.73761946133797,112.29674796747952,36.58536585365853
2013-11-22 16,26.137980085348502,1.73761946133797,125.50813008130076,47.2560975609756
2013-11-22 17,28.627311522048373,1.5204170286707233,138.21138211382126,63.71951219512198
2013-11-22 18,29.3385490753912,2.17202432667246,193.089430894309,82.0121951219512
2013-11-22 19,30.938833570412505,1.73761946133797,233.231707317073,85.97560975609753
2013-11-22 20,29.516358463726878,2.823631624674195,221.5447154471545,89.6341463414634
2013-11-22 21,28.09388335704125,1.73761946133797,207.82520325203276,97.2560975609756
2013-11-22 22,25.7823613086771,1.73761946133797,180.3861788617885,91.46341463414632
2013-11-22 23,24.5376955903272,1.73761946133797,146.84959349593498,77.13414634146342
2013-11-23 00,23.47083926031295,1.73761946133797,140.24390243902425,67.3780487804878
2013-11-23 01,22.4039829302987,1.73761946133797,109.7560975609755,60.0609756097561
2013-11-23 02,22.226173541963,1.73761946133797,96.03658536585364,53.3536585365854
2013-11-23 03,21.5149359886202,1.73761946133797,88.41463414634146,55.79268292682927
2013-11-23 04,22.0483641536273,1.73761946133797,83.84146341463412,45.731707317073145
2013-11-23 05,22.0483641536273,2.17202432667246,75.71138211382112,49.39024390243903
2013-11-23 06,22.5817923186344,1.73761946133797,70.12195121951217,57.01219512195122
2013-11-23 07,24.35988620199145,1.73761946133797,70.63008130081303,52.4390243902439
2013-11-23 08,27.91607396870555,2.17202432667246,92.47967479674789,53.04878048780488
2013-11-23 09,32.539118065433875,3.04083405734144,117.88617886178876,47.2560975609756
2013-11-23 10,31.82788051209105,1.954821894005215,130.589430894309,48.170731707317074
2013-11-23 11,32.00568990042673,1.73761946133797,136.17886178861775,54.26829268292683
2013-11-23 12,31.650071123755325,1.73761946133797,130.08130081300826,61.585365853658544
2013-11-23 13,30.9388335704125,1.73761946133797,134.6544715447155,64.02439024390245
2013-11-23 14,31.29445234708393,1.73761946133797,124.49186991869924,68.59756097560975
2013-11-23 15,29.6941678520626,1.73761946133797,133.638211382114,63.10975609756101
2013-11-23 16,28.27169274537695,1.73761946133797,146.34146341463423,60.6707317073171
2013-11-23 17,28.80512091038408,1.954821894005215,153.4552845528455,66.15853658536585
2013-11-23 18,28.449502133712677,1.73761946133797,205.79268292682923,81.7073170731707
2013-11-23 19,29.160739687055475,1.73761946133797,236.280487804878,92.07317073170732
2013-11-23 20,30.049786628734,1.73761946133797,217.98780487804876,100.30487804878058
2013-11-23 21,27.91607396870557,1.73761946133797,179.36991869918674,101.219512195122
2013-11-23 22,26.137980085348502,1.73761946133797,171.23983739837425,96.64634146341469
2013-11-23 23,25.24893314367,1.73761946133797,167.68292682926824,90.54878048780488
2013-11-24 00,24.00426742532005,1.73761946133797,158.02845528455276,75.30487804878047
2013-11-24 01,22.4039829302987,3.47523892267593,132.62195121951223,60.6707317073171
2013-11-24 02,22.226173541963,1.73761946133797,100.1016260162601,56.09756097560978
2013-11-24 03,21.5149359886202,1.5204170286707233,87.39837398373982,53.35365853658538
2013-11-24 04,22.0483641536273,1.5204170286707233,77.74390243902437,53.96341463414635
2013-11-24 05,21.692745376955894,1.73761946133797,74.1869918699187,57.317073170731724
2013-11-24 06,22.226173541963,1.73761946133797,73.6788617886179,63.41463414634148
2013-11-24 07,22.7596017069701,1.73761946133797,78.2520325203252,56.402439024390254
2013-11-24 08,26.49359886201993,1.73761946133797,77.7439024390244,55.182926829268304
2013-11-24 09,32.36130867709815,1.73761946133797,113.31300813008124,57.01219512195122
2013-11-24 10,34.139402560455174,1.73761946133797,121.951219512195,53.963414634146375
2013-11-24 11,37.6955903271693,1.73761946133797,186.48373983739825,60.670731707317074
2013-11-24 12,38.7624466571835,1.73761946133797,194.61382113821125,67.98780487804879
2013-11-24 13,35.917496443812226,1.73761946133797,133.63821138211375,64.93902439024393
2013-11-24 14,32.894736842105274,1.73761946133797,103.15040650406496,51.21951219512195
2013-11-24 15,30.7610241820768,1.5204170286707233,119.91869918699174,51.21951219512195
2013-11-24 16,28.09388335704125,1.73761946133797,94.5121951219512,55.79268292682927
2013-11-24 17,28.805120910384097,1.73761946133797,111.78861788617884,64.63414634146343
2013-11-24 18,29.5163584637269,1.73761946133797,165.650406504065,80.1829268292683
2013-11-24 19,30.4054054054054,1.954821894005215,167.17479674796726,80.18292682926827
2013-11-24 20,30.761024182076824,1.73761946133797,194.1056910569105,75.60975609756098
2013-11-24 21,28.4495021337127,1.73761946133797,198.67886178861772,88.10975609756098
2013-11-24 22,26.3157894736842,1.73761946133797,177.3373983739835,76.52439024390242
2013-11-24 23,24.715504978662874,1.73761946133797,155.4878048780485,69.20731707317074
2013-11-25 00,23.47083926031295,1.73761946133797,135.67073170731726,56.097560975609774
2013-11-25 01,22.226173541963,1.73761946133797,110.7723577235775,44.81707317073168
2013-11-25 02,22.4039829302987,1.73761946133797,99.0853658536586,43.59756097560975
2013-11-25 03,21.692745376955894,1.5204170286707233,99.5934959349594,49.08536585365852
2013-11-25 04,22.0483641536273,1.73761946133797,88.41463414634146,47.86585365853655
2013-11-25 05,21.8705547652916,1.73761946133797,89.43089430894307,53.048780487804926
2013-11-25 06,25.42674253200568,1.73761946133797,85.36585365853655,56.70731707317078
2013-11-25 07,32.894736842105274,1.73761946133797,99.59349593495936,59.14634146341465
2013-11-25 08,32.00568990042675,1.73761946133797,98.5772357723578,53.35365853658538
2013-11-25 09,30.7610241820768,1.73761946133797,102.6422764227644,47.86585365853657
2013-11-25 10,28.9829302987198,1.73761946133797,90.9552845528455,53.048780487804905
2013-11-25 11,29.8719772403983,1.3032145960034764,107.72357723577252,54.57317073170735
2013-11-25 12,28.805120910384097,1.3032145960034764,110.7723577235771,56.40243902439025
2013-11-25 13,28.9829302987198,1.5204170286707233,86.890243902439,44.5121951219512
2013-11-25 14,29.5163584637269,1.3032145960034764,70.1219512195122,51.52439024390245
2013-11-25 15,27.73826458036985,1.5204170286707233,72.15447154471548,57.01219512195125
2013-11-25 16,28.09388335704125,1.73761946133797,87.39837398373982,62.80487804878048
2013-11-25 17,27.738264580369822,1.73761946133797,113.8211382113822,72.56097560975607
2013-11-25 18,29.3385490753912,2.17202432667246,193.59756097560972,89.02439024390242
2013-11-25 19,31.472261735419625,1.73761946133797,226.1178861788617,120.121951219512
2013-11-25 20,31.472261735419625,1.73761946133797,221.0365853658537,106.70731707317074
2013-11-25 21,29.516358463726878,1.73761946133797,198.170731707317,94.20731707317071
2013-11-25 22,26.6714082503556,1.73761946133797,181.40243902439025,95.42682926829276
2013-11-25 23,24.8933143669986,1.73761946133797,136.68699186991876,78.65853658536585
2013-11-26 00,22.93741109530585,1.73761946133797,127.54065040650424,73.78048780487805
2013-11-26 01,21.692745376955894,1.73761946133797,99.08536585365864,63.71951219512195
2013-11-26 02,22.0483641536273,1.73761946133797,89.93902439024387,57.01219512195122
2013-11-26 03,21.692745376955894,1.73761946133797,85.36585365853657,63.4146341463415
2013-11-26 04,22.226173541963,1.73761946133797,83.33333333333333,57.6219512195122
2013-11-26 05,21.5149359886202,1.73761946133797,82.3170731707317,56.70731707317078
2013-11-26 06,24.715504978662874,1.73761946133797,90.44715447154482,60.0609756097561
2013-11-26 07,32.36130867709817,1.73761946133797,106.70731707317084,64.32926829268293
2013-11-26 08,31.1166429587482,1.73761946133797,103.15040650406502,59.45121951219512
2013-11-26 09,32.36130867709815,1.73761946133797,98.57723577235772,53.35365853658535
2013-11-26 10,32.894736842105274,1.5204170286707233,89.939024390244,57.92682926829271
2013-11-26 11,33.072546230441,1.5204170286707233,108.23170731707322,55.7926829268293
2013-11-26 12,32.005689900426724,1.3032145960034764,105.69105691056896,56.09756097560978
2013-11-26 13,31.650071123755303,1.73761946133797,86.890243902439,52.13414634146345
2013-11-26 14,32.36130867709815,1.73761946133797,78.2520325203252,55.1829268292683
2013-11-26 15,28.627311522048373,1.73761946133797,101.1178861788618,64.63414634146339
2013-11-26 16,28.09388335704125,1.73761946133797,98.57723577235772,63.71951219512195
2013-11-26 17,28.093883357041275,1.73761946133797,122.9674796747967,82.3170731707317
2013-11-26 18,30.5832147937411,2.17202432667246,196.13821138211372,103.048780487805
2013-11-26 19,32.005689900426724,1.73761946133797,242.37804878048772,114.939024390244
2013-11-26 20,31.4722617354196,1.73761946133797,207.31707317073176,105.487804878049
2013-11-26 21,30.2275960170697,1.73761946133797,194.1056910569108,115.548780487805
2013-11-26 22,28.09388335704125,1.73761946133797,171.239837398374,98.4756097560976
2013-11-26 23,26.315789473684227,1.73761946133797,159.0447154471545,92.98780487804878
2013-11-27 00,23.64864864864865,1.73761946133797,139.22764227642276,78.65853658536582
2013-11-27 01,22.4039829302987,1.73761946133797,111.280487804878,70.12195121951223
2013-11-27 02,22.5817923186344,1.5204170286707233,102.6422764227643,63.10975609756101
2013-11-27 03,22.0483641536273,1.73761946133797,93.4959349593497,66.46341463414635
2013-11-27 04,22.759601706970123,1.73761946133797,88.92276422764228,64.9390243902439
2013-11-27 05,23.11522048364153,1.73761946133797,80.28455284552845,72.56097560975607
2013-11-27 06,25.42674253200568,1.73761946133797,89.43089430894305,67.37804878048783
2013-11-27 07,33.25035561877667,1.73761946133797,103.65853658536592,67.98780487804878
2013-11-27 08,31.827880512091028,1.73761946133797,109.24796747967476,58.84146341463415
2013-11-27 09,30.9388335704125,1.73761946133797,91.46341463414645,55.7926829268293
2013-11-27 10,29.8719772403983,1.5204170286707233,88.41463414634147,45.42682926829265
2013-11-27 11,29.8719772403983,1.5204170286707233,108.2317073170732,56.40243902439028
2013-11-27 12,29.3385490753912,1.5204170286707233,128.04878048780475,55.7926829268293
2013-11-27 13,29.3385490753912,1.73761946133797,95.0203252032521,53.048780487804905
2013-11-27 14,28.627311522048373,1.5204170286707233,85.8739837398374,57.6219512195122
2013-11-27 15,27.3826458036984,1.5204170286707233,99.5934959349593,57.62195121951223
2013-11-27 16,27.3826458036984,1.73761946133797,102.13414634146348,56.70731707317078
2013-11-27 17,27.738264580369822,2.17202432667246,130.081300813008,68.29268292682927
2013-11-27 18,28.9829302987198,2.60642919200695,194.1056910569105,95.73170731707324
2013-11-27 19,31.116642958748223,1.73761946133797,238.31300813008124,115.24390243902424
2013-11-27 20,32.36130867709817,1.73761946133797,210.36585365853625,107.92682926829278
2013-11-27 21,29.8719772403983,1.73761946133797,208.3333333333333,101.5243902439026
2013-11-27 22,28.449502133712677,1.73761946133797,171.747967479675,100.91463414634156
2013-11-27 23,26.315789473684223,1.73761946133797,149.390243902439,89.63414634146342
2013-11-28 00,23.29302987197725,1.73761946133797,140.75203252032526,80.1829268292683
2013-11-28 01,22.226173541963,1.73761946133797,104.67479674796748,70.42682926829269
2013-11-28 02,22.5817923186344,1.73761946133797,92.47967479674796,60.97560975609755
2013-11-28 03,22.0483641536273,1.73761946133797,98.069105691057,71.03658536585368
2013-11-28 04,22.937411095305823,1.73761946133797,85.36585365853657,61.890243902439046
2013-11-28 05,22.7596017069701,1.73761946133797,83.84146341463412,61.28048780487805
2013-11-28 06,25.96017069701277,1.73761946133797,81.30081300813008,65.85365853658537
2013-11-28 07,33.783783783783775,1.73761946133797,105.18292682926828,67.6829268292683
2013-11-28 08,32.36130867709812,1.73761946133797,106.19918699187,65.85365853658537
2013-11-28 09,32.18349928876243,1.954821894005215,92.47967479674809,57.6219512195122
2013-11-28 10,30.049786628734,1.73761946133797,91.46341463414632,59.45121951219512
2013-11-28 11,29.5163584637269,1.73761946133797,108.23170731707329,60.6707317073171
2013-11-28 12,31.2944523470839,1.73761946133797,116.869918699187,53.96341463414635
2013-11-28 13,30.5832147937411,1.73761946133797,95.52845528455302,53.65853658536588
2013-11-28 14,28.80512091038408,1.5204170286707233,90.4471544715447,62.50000000000003
2013-11-28 15,27.027027027027,1.5204170286707233,87.3983739837398,63.109756097560975
2013-11-28 16,27.560455192034127,1.73761946133797,95.020325203252,58.84146341463418
2013-11-28 17,28.271692745376924,1.73761946133797,133.130081300813,72.5609756097561
2013-11-28 18,29.1607396870555,1.5204170286707233,188.5162601626015,107.01219512195128
2013-11-28 19,31.827880512091028,1.73761946133797,222.56097560975576,121.6463414634145
2013-11-28 20,32.005689900426745,1.954821894005215,224.08536585365823,99.69512195121956
2013-11-28 21,29.33854907539117,1.73761946133797,210.87398373983729,99.69512195121956
2013-11-28 22,27.5604551920341,1.73761946133797,204.77642276422725,93.90243902439022
2013-11-28 23,26.315789473684227,1.73761946133797,164.12601626016226,89.0243902439024
2013-11-29 00,23.293029871977225,1.73761946133797,127.54065040650426,67.68292682926833
2013-11-29 01,22.226173541963,1.73761946133797,111.788617886179,59.45121951219512
2013-11-29 02,22.4039829302987,1.73761946133797,96.54471544715446,58.2317073170732
2013-11-29 03,21.692745376955894,1.73761946133797,95.52845528455292,64.32926829268295
2013-11-29 04,22.5817923186344,1.73761946133797,95.02032520325216,58.2317073170732
2013-11-29 05,22.7596017069701,1.73761946133797,86.89024390243902,60.3658536585366
2013-11-29 06,24.715504978662874,1.73761946133797,88.92276422764228,64.02439024390245
2013-11-29 07,33.07254623044098,1.73761946133797,103.15040650406527,66.46341463414635
2013-11-29 08,31.472261735419625,1.73761946133797,102.64227642276424,63.71951219512197
2013-11-29 09,31.2944523470839,0.868809730668983,106.19918699187,50.0
2013-11-29 10,30.5832147937411,1.3032145960034764,98.06910569105678,51.52439024390245
2013-11-29 11,32.894736842105274,1.3032145960034764,107.7235772357722,53.048780487804905
2013-11-29 12,31.472261735419625,1.3032145960034764,104.67479674796752,51.52439024390245
2013-11-29 13,30.7610241820768,1.73761946133797,111.280487804878,51.52439024390245
2013-11-29 14,29.160739687055475,1.73761946133797,105.18292682926833,45.42682926829265
2013-11-29 15,28.44950213371265,1.73761946133797,97.05284552845532,50.91463414634148
2013-11-29 16,28.09388335704125,1.73761946133797,106.19918699186996,56.09756097560975
2013-11-29 17,28.449502133712677,1.5204170286707233,124.49186991869924,64.32926829268294
2013-11-29 18,28.09388335704125,2.17202432667246,184.959349593496,83.23170731707317
2013-11-29 19,29.1607396870555,1.73761946133797,206.8089430894308,87.80487804878048
2013-11-29 20,30.049786628734,2.823631624674195,220.02032520325176,85.0609756097561
2013-11-29 21,28.80512091038408,1.73761946133797,189.024390243902,84.7560975609756
2013-11-29 22,26.8492176386913,1.73761946133797,181.91056910569125,78.96341463414632
2013-11-29 23,27.38264580369845,1.73761946133797,163.61788617886174,78.04878048780485
2013-11-30 00,24.53769559032717,1.73761946133797,139.22764227642276,66.76829268292683
2013-11-30 01,23.11522048364153,1.73761946133797,120.9349593495935,52.4390243902439
2013-11-30 02,22.7596017069701,1.73761946133797,104.16666666666684,49.08536585365855
2013-11-30 03,22.0483641536273,1.73761946133797,100.10162601626028,55.7926829268293
2013-11-30 04,22.937411095305823,1.73761946133797,92.98780487804882,46.03658536585365
2013-11-30 05,23.29302987197725,2.17202432667246,83.84146341463412,46.03658536585365
2013-11-30 06,23.826458036984377,1.73761946133797,83.84146341463412,53.963414634146375
2013-11-30 07,24.715504978662874,1.73761946133797,93.49593495934968,51.52439024390242
2013-11-30 08,28.271692745376956,2.17202432667246,107.2154471544715,42.98780487804875
2013-11-30 09,32.71692745376957,3.04083405734144,131.09756097560975,49.6951219512195
2013-11-30 10,33.9615931721195,1.954821894005215,137.70325203252025,55.79268292682927
2013-11-30 11,34.3172119487909,1.73761946133797,152.43902439024373,48.78048780487805
2013-11-30 12,33.6059743954481,1.73761946133797,161.0772357723575,58.2317073170732
2013-11-30 13,32.71692745376955,1.73761946133797,148.3739837398375,54.57317073170735
2013-11-30 14,33.783783783783804,1.73761946133797,151.4227642276425,49.0853658536585
2013-11-30 15,32.71692745376957,1.73761946133797,139.22764227642276,57.01219512195122
2013-11-30 16,29.8719772403983,1.73761946133797,133.63821138211375,55.7926829268293
2013-11-30 17,29.6941678520626,1.954821894005215,159.04471544715474,67.6829268292683
2013-11-30 18,28.9829302987198,1.73761946133797,201.219512195122,80.79268292682924
2013-11-30 19,29.3385490753912,1.73761946133797,217.9878048780485,98.1707317073171
2013-11-30 20,29.33854907539117,1.73761946133797,209.349593495935,91.15853658536584
2013-11-30 21,27.91607396870555,1.73761946133797,223.57723577235748,91.15853658536582
2013-11-30 22,27.2048364153627,1.73761946133797,214.93902439024376,93.90243902439022
2013-11-30 23,26.3157894736842,1.73761946133797,183.94308943089425,86.28048780487805
2013-12-01 00,24.8933143669986,1.73761946133797,146.849593495935,78.35365853658537
2013-12-01 01,22.5817923186344,3.47523892267593,131.6056910569105,61.28048780487808
2013-12-01 02,22.4039829302987,1.73761946133797,116.361788617886,67.6829268292683
2013-12-01 03,21.692745376955894,1.5204170286707233,106.70731707317074,57.9268292682927
2013-12-01 04,22.226173541963,1.5204170286707233,100.60975609756102,52.4390243902439
2013-12-01 05,22.759601706970123,1.73761946133797,90.4471544715447,52.13414634146345
2013-12-01 06,22.226173541963,1.73761946133797,82.3170731707317,55.487804878048806
2013-12-01 07,22.759601706970106,1.73761946133797,86.890243902439,52.74390243902437
2013-12-01 08,26.671408250355626,1.73761946133797,99.0853658536586,46.3414634146341
2013-12-01 09,31.827880512091028,1.73761946133797,130.589430894309,49.08536585365852
2013-12-01 10,33.2503556187767,1.73761946133797,144.30894308943076,46.3414634146341
2013-12-01 11,34.1394025604552,1.73761946133797,154.471544715447,49.08536585365852
2013-12-01 12,35.2062588904694,1.73761946133797,173.780487804878,46.6463414634146
2013-12-01 13,32.89473684210525,1.73761946133797,135.670731707317,48.170731707317074
2013-12-01 14,30.938833570412505,1.73761946133797,106.19918699186982,43.59756097560973
2013-12-01 15,31.1166429587482,1.5204170286707233,104.67479674796776,49.6951219512195
2013-12-01 16,28.4495021337127,1.73761946133797,115.3455284552845,44.5121951219512
2013-12-01 17,28.805120910384097,1.73761946133797,143.29268292682926,54.26829268292683
2013-12-01 18,29.1607396870555,1.73761946133797,170.2235772357725,80.1829268292683
2013-12-01 19,30.9388335704125,1.954821894005215,194.1056910569105,89.02439024390242
2013-12-01 20,32.005689900426724,1.73761946133797,208.841463414634,84.7560975609756
2013-12-01 21,28.449502133712677,1.73761946133797,186.991869918699,89.93902439024387
2013-12-01 22,27.5604551920341,1.73761946133797,187.5,88.41463414634146
2013-12-01 23,26.849217638691325,1.73761946133797,163.61788617886174,79.57317073170732
2013-12-02 00,24.359886201991475,1.73761946133797,119.918699186992,66.46341463414635
2013-12-02 01,22.759601706970123,1.73761946133797,114.329268292683,60.3658536585366
2013-12-02 02,22.4039829302987,1.73761946133797,107.21544715447178,57.62195121951223
2013-12-02 03,22.0483641536273,1.5204170286707233,98.0691056910571,64.63414634146342
2013-12-02 04,22.5817923186344,1.73761946133797,86.3821138211382,57.317073170731724
2013-12-02 05,23.82645803698435,1.73761946133797,89.43089430894307,55.182926829268304
2013-12-02 06,25.6045519203414,1.73761946133797,85.87398373983737,59.7560975609756
2013-12-02 07,33.60597439544807,1.73761946133797,110.77235772357724,62.5
2013-12-02 08,32.89473684210525,1.73761946133797,114.329268292683,56.40243902439028
2013-12-02 09,32.18349928876243,1.73761946133797,101.62601626016264,55.1829268292683
2013-12-02 10,32.18349928876243,1.73761946133797,96.03658536585384,53.3536585365854
2013-12-02 11,32.894736842105274,1.3032145960034764,100.60975609756102,50.0
2013-12-02 12,31.29445234708393,1.3032145960034764,104.67479674796752,60.06097560975613
2013-12-02 13,31.65007112375535,1.5204170286707233,96.03658536585355,57.92682926829268
2013-12-02 14,30.405405405405425,1.3032145960034764,89.43089430894307,59.14634146341465
2013-12-02 15,28.093883357041225,1.5204170286707233,92.98780487804876,64.02439024390245
2013-12-02 16,27.916073968705525,1.73761946133797,94.51219512195124,61.28048780487805
2013-12-02 17,28.093883357041275,1.73761946133797,115.3455284552844,69.81707317073173
2013-12-02 18,29.3385490753912,2.17202432667246,184.451219512195,95.42682926829264
2013-12-02 19,32.36130867709815,1.73761946133797,229.6747967479675,117.68292682926824
2013-12-02 20,32.89473684210525,1.73761946133797,235.2642276422765,96.95121951219517
2013-12-02 21,31.1166429587482,1.73761946133797,220.020325203252,98.78048780487808
2013-12-02 22,28.44950213371265,1.73761946133797,182.418699186992,93.29268292682926
2013-12-02 23,27.738264580369822,1.73761946133797,146.341463414634,86.5853658536585
2013-12-03 00,24.35988620199145,1.73761946133797,117.88617886178876,70.42682926829266
2013-12-03 01,22.4039829302987,1.73761946133797,108.231707317073,64.6341463414634
2013-12-03 02,22.7596017069701,1.73761946133797,110.2642276422765,56.40243902439028
2013-12-03 03,21.5149359886202,1.73761946133797,90.4471544715447,64.02439024390245
2013-12-03 04,22.226173541963,1.73761946133797,89.9390243902439,58.23170731707317
2013-12-03 05,23.293029871977225,1.73761946133797,87.90650406504065,55.79268292682928
2013-12-03 06,26.3157894736842,1.73761946133797,90.9552845528455,63.71951219512195
2013-12-03 07,35.2062588904694,1.73761946133797,110.26422764227624,71.95121951219512
2013-12-03 08,32.894736842105246,1.73761946133797,107.2154471544715,60.3658536585366
2013-12-03 09,31.47226173541965,1.73761946133797,123.9837398373985,50.609756097560975
2013-12-03 10,29.8719772403983,1.5204170286707233,107.21544715447158,52.7439024390244
2013-12-03 11,29.8719772403983,1.5204170286707233,110.77235772357724,67.37804878048783
2013-12-03 12,29.8719772403983,1.3032145960034764,130.58943089430875,61.89024390243903
2013-12-03 13,29.5163584637269,1.73761946133797,103.15040650406532,50.9146341463415
2013-12-03 14,28.98293029871975,1.73761946133797,87.90650406504065,60.3658536585366
2013-12-03 15,27.738264580369822,1.73761946133797,88.92276422764225,54.87804878048785
2013-12-03 16,28.449502133712677,1.73761946133797,103.65853658536584,60.97560975609757
2013-12-03 17,28.80512091038408,1.73761946133797,138.21138211382123,69.51219512195122
2013-12-03 18,30.4054054054054,2.17202432667246,200.711382113821,96.03658536585364
2013-12-03 19,32.71692745376955,1.73761946133797,247.45934959349572,125.609756097561
2013-12-03 20,32.539118065433854,1.73761946133797,239.32926829268277,118.29268292682926
2013-12-03 21,31.1166429587482,1.73761946133797,236.78861788617877,100.9146341463414
2013-12-03 22,27.738264580369822,1.73761946133797,197.15447154471576,97.2560975609756
2013-12-03 23,26.6714082503556,1.73761946133797,171.239837398374,86.890243902439
2013-12-04 00,24.004267425320023,1.73761946133797,139.7357723577235,76.82926829268293
2013-12-04 01,21.8705547652916,1.73761946133797,109.24796747967484,64.32926829268295
2013-12-04 02,22.4039829302987,1.5204170286707233,99.59349593495924,56.70731707317078
2013-12-04 03,21.692745376955894,1.73761946133797,97.05284552845542,66.15853658536588
2013-12-04 04,22.226173541963,1.73761946133797,97.05284552845526,59.14634146341465
2013-12-04 05,23.293029871977225,1.73761946133797,90.9552845528455,65.85365853658539
2013-12-04 06,24.715504978662874,1.73761946133797,97.05284552845532,68.29268292682927
2013-12-04 07,32.894736842105274,1.73761946133797,117.378048780488,70.1219512195122
2013-12-04 08,32.89473684210525,1.73761946133797,114.329268292683,59.14634146341465
2013-12-04 09,31.650071123755325,1.73761946133797,106.19918699186982,59.45121951219515
2013-12-04 10,32.71692745376955,1.5204170286707233,98.5772357723578,56.09756097560975
2013-12-04 11,31.650071123755325,1.5204170286707233,112.8048780487805,52.43902439024393
2013-12-04 12,30.2275960170697,1.5204170286707233,121.4430894308945,50.9146341463415
2013-12-04 13,28.982930298719776,1.73761946133797,112.29674796747976,50.3048780487805
2013-12-04 14,29.6941678520626,1.5204170286707233,106.1991869918698,51.21951219512195
2013-12-04 15,28.627311522048373,1.5204170286707233,108.23170731707324,58.53658536585368
2013-12-04 16,29.1607396870555,1.73761946133797,105.69105691056907,59.14634146341465
2013-12-04 17,28.80512091038408,2.17202432667246,140.24390243902425,71.03658536585368
2013-12-04 18,29.1607396870555,2.60642919200695,214.43089430894295,105.487804878049
2013-12-04 19,32.18349928876245,1.73761946133797,250.508130081301,131.707317073171
2013-12-04 20,34.31721194879088,1.73761946133797,235.2642276422765,120.12195121951224
2013-12-04 21,31.1166429587482,1.73761946133797,192.58130081300823,98.17073170731706
2013-12-04 22,27.3826458036984,1.73761946133797,195.63008130081275,102.439024390244
2013-12-04 23,26.8492176386913,1.73761946133797,163.61788617886202,84.7560975609756
2013-12-05 00,24.715504978662874,1.73761946133797,129.5731707317075,66.46341463414635
2013-12-05 01,22.4039829302987,1.73761946133797,108.73983739837416,69.20731707317074
2013-12-05 02,21.8705547652916,1.73761946133797,96.54471544715447,64.02439024390243
2013-12-05 03,21.3371266002845,1.73761946133797,91.46341463414632,67.07317073170732
2013-12-05 04,21.692745376955894,1.73761946133797,97.05284552845524,62.19512195121955
2013-12-05 05,22.4039829302987,1.73761946133797,97.05284552845524,60.06097560975613
2013-12-05 06,25.42674253200568,1.73761946133797,95.020325203252,65.54878048780489
2013-12-05 07,33.07254623044098,1.73761946133797,110.7723577235775,71.64634146341464
2013-12-05 08,34.49502133712663,1.73761946133797,108.73983739837402,62.804878048780495
2013-12-05 09,32.894736842105274,1.954821894005215,111.28048780487782,57.9268292682927
2013-12-05 10,31.650071123755303,1.73761946133797,100.10162601626024,59.756097560975626
2013-12-05 11,31.2944523470839,1.73761946133797,107.21544715447148,60.975609756097576
2013-12-05 12,30.4054054054054,1.73761946133797,122.459349593496,58.23170731707317
2013-12-05 13,29.3385490753912,1.73761946133797,90.44715447154482,51.21951219512195
2013-12-05 14,28.627311522048373,1.5204170286707233,79.26829268292683,48.170731707317074
2013-12-05 15,27.5604551920341,1.5204170286707233,97.56097560975604,53.65853658536585
2013-12-05 16,27.738264580369822,1.73761946133797,106.70731707317084,60.06097560975613
2013-12-05 17,28.627311522048373,1.73761946133797,138.719512195122,70.1219512195122
2013-12-05 18,29.160739687055475,1.5204170286707233,178.3536585365855,101.52439024390256
2013-12-05 19,32.71692745376958,1.73761946133797,229.6747967479675,116.76829268292676
2013-12-05 20,32.539118065433854,1.954821894005215,234.24796747967477,111.5853658536585
2013-12-05 21,31.650071123755325,1.73761946133797,217.98780487804876,102.7439024390245
2013-12-05 22,28.093883357041225,1.73761946133797,194.6138211382115,93.90243902439023
2013-12-05 23,28.27169274537697,1.73761946133797,155.9959349593495,72.8658536585366
2013-12-06 00,25.7823613086771,1.73761946133797,131.09756097560975,71.03658536585365
2013-12-06 01,23.293029871977225,1.73761946133797,117.37804878048776,64.63414634146342
2013-12-06 02,21.8705547652916,1.73761946133797,105.18292682926833,60.36585365853662
2013-12-06 03,21.692745376955894,1.73761946133797,98.5772357723577,66.46341463414635
2013-12-06 04,22.0483641536273,1.73761946133797,88.92276422764225,60.975609756097576
2013-12-06 05,22.5817923186344,1.73761946133797,91.46341463414632,57.6219512195122
2013-12-06 06,25.96017069701277,1.73761946133797,90.44715447154468,67.07317073170734
2013-12-06 07,33.60597439544807,1.73761946133797,111.280487804878,68.90243902439025
2013-12-06 08,33.07254623044098,1.73761946133797,105.6910569105691,60.6707317073171
2013-12-06 09,30.7610241820768,0.868809730668983,117.37804878048776,53.04878048780488
2013-12-06 10,32.0056899004267,1.3032145960034764,102.64227642276435,60.97560975609757
2013-12-06 11,31.827880512091028,1.3032145960034764,105.69105691056924,56.70731707317076
2013-12-06 12,30.4054054054054,1.3032145960034764,111.280487804878,54.268292682926855
2013-12-06 13,29.1607396870555,1.73761946133797,101.62601626016271,44.817073170731724
2013-12-06 14,28.982930298719776,1.73761946133797,96.54471544715454,47.5609756097561
2013-12-06 15,28.27169274537697,1.73761946133797,109.24796747967474,51.829268292682926
2013-12-06 16,30.4054054054054,1.73761946133797,117.37804878048776,52.13414634146343
2013-12-06 17,32.71692745376955,1.5204170286707233,144.30894308943076,60.975609756097576
2013-12-06 18,32.00568990042675,2.17202432667246,192.073170731707,96.64634146341464
2013-12-06 19,32.36130867709815,1.73761946133797,230.18292682926824,112.5
2013-12-06 20,31.1166429587482,2.823631624674195,236.280487804878,109.75609756097548
2013-12-06 21,28.449502133712677,1.73761946133797,212.90650406504025,96.95121951219517
2013-12-06 22,27.382645803698423,1.73761946133797,184.45121951219525,85.67073170731706
2013-12-06 23,26.137980085348502,1.73761946133797,163.109756097561,79.57317073170731
2013-12-07 00,25.0711237553343,1.73761946133797,143.292682926829,74.69512195121953
2013-12-07 01,22.5817923186344,1.73761946133797,123.9837398373985,70.12195121951217
2013-12-07 02,22.4039829302987,1.73761946133797,109.24796747967474,63.71951219512195
2013-12-07 03,21.692745376955894,1.73761946133797,108.23170731707324,65.2439024390244
2013-12-07 04,22.226173541963,1.73761946133797,100.60975609756102,59.45121951219515
2013-12-07 05,21.8705547652916,2.17202432667246,103.15040650406524,64.93902439024393
2013-12-07 06,23.29302987197725,1.73761946133797,98.06910569105688,67.6829268292683
2013-12-07 07,25.248933143669976,1.73761946133797,106.19918699186984,58.84146341463418
2013-12-07 08,29.694167852062577,2.17202432667246,104.16666666666669,56.40243902439025
2013-12-07 09,33.6059743954481,3.04083405734144,132.1138211382115,54.87804878048782
2013-12-07 10,33.07254623044098,1.954821894005215,127.540650406504,61.28048780487808
2013-12-07 11,34.1394025604552,1.73761946133797,145.83333333333326,64.32926829268293
2013-12-07 12,35.56187766714083,1.73761946133797,163.61788617886174,66.76829268292683
2013-12-07 13,34.1394025604552,1.73761946133797,151.42276422764223,62.1951219512195
2013-12-07 14,32.539118065433875,1.73761946133797,140.7520325203255,69.51219512195122
2013-12-07 15,33.25035561877667,1.73761946133797,148.37398373983748,67.07317073170732
2013-12-07 16,31.116642958748223,1.73761946133797,136.17886178861775,69.20731707317071
2013-12-07 17,31.65007112375535,1.954821894005215,173.78048780487802,74.08536585365854
2013-12-07 18,30.405405405405403,1.73761946133797,214.43089430894295,91.46341463414632
2013-12-07 19,29.6941678520626,1.73761946133797,223.069105691057,102.439024390244
2013-12-07 20,29.8719772403983,1.73761946133797,231.70731707317077,95.73170731707324
2013-12-07 21,28.093883357041275,1.73761946133797,202.23577235772376,92.9878048780488
2013-12-07 22,26.671408250355626,1.73761946133797,182.9268292682925,90.54878048780486
2013-12-07 23,25.6045519203414,1.73761946133797,167.17479674796726,83.53658536585365
2013-12-08 00,25.0711237553343,1.73761946133797,161.07723577235777,72.5609756097561
2013-12-08 01,22.5817923186344,3.47523892267593,140.75203252032526,68.59756097560975
2013-12-08 02,22.0483641536273,1.73761946133797,119.410569105691,75.60975609756098
2013-12-08 03,21.3371266002845,1.5204170286707233,107.7235772357725,65.2439024390244
2013-12-08 04,21.8705547652916,1.5204170286707233,94.0040650406504,59.756097560975626
2013-12-08 05,22.0483641536273,1.73761946133797,92.47967479674796,60.97560975609757
2013-12-08 06,22.4039829302987,1.73761946133797,82.82520325203252,65.24390243902442
2013-12-08 07,24.182076813655748,1.73761946133797,86.89024390243902,60.975609756097576
2013-12-08 08,29.16073968705545,1.73761946133797,112.29674796747976,53.35365853658538
2013-12-08 09,34.1394025604552,1.73761946133797,102.1341463414634,58.23170731707318
2013-12-08 10,35.5618776671408,1.73761946133797,118.90243902439028,54.8780487804878
2013-12-08 11,36.45092460881935,1.73761946133797,155.4878048780487,62.5
2013-12-08 12,35.2062588904694,1.73761946133797,192.581300813008,66.76829268292686
2013-12-08 13,33.250355618776695,1.73761946133797,136.686991869919,55.7926829268293
2013-12-08 14,31.827880512091028,1.73761946133797,116.86991869918675,55.487804878048806
2013-12-08 15,32.005689900426724,1.5204170286707233,111.280487804878,52.13414634146343
2013-12-08 16,28.805120910384097,1.73761946133797,106.707317073171,51.829268292682926
2013-12-08 17,29.3385490753912,1.73761946133797,133.130081300813,74.69512195121953
2013-12-08 18,29.6941678520626,1.73761946133797,193.5975609756095,105.7926829268295
2013-12-08 19,30.4054054054054,1.954821894005215,223.06910569105676,100.6097560975611
2013-12-08 20,30.9388335704125,1.73761946133797,217.4796747967475,85.36585365853657
2013-12-08 21,29.8719772403983,1.73761946133797,179.369918699187,86.28048780487805
2013-12-08 22,27.027027027027,1.73761946133797,166.66666666666674,105.487804878049
2013-12-08 23,25.7823613086771,1.73761946133797,143.29268292682926,100.9146341463416
2013-12-09 00,24.359886201991475,1.73761946133797,142.27642276422773,75.60975609756098
2013-12-09 01,22.759601706970123,1.73761946133797,118.39430894308924,66.76829268292683
2013-12-09 02,21.8705547652916,1.73761946133797,109.24796747967474,57.92682926829273
2013-12-09 03,21.5149359886202,1.5204170286707233,105.18292682926815,67.3780487804878
2013-12-09 04,22.937411095305823,1.73761946133797,96.03658536585364,61.89024390243905
2013-12-09 05,23.293029871977225,1.73761946133797,89.93902439024387,55.4878048780488
2013-12-09 06,25.96017069701277,1.73761946133797,90.44715447154468,62.5
2013-12-09 07,34.139402560455174,1.73761946133797,122.459349593496,68.2926829268293
2013-12-09 08,32.36130867709817,1.73761946133797,120.93495934959324,64.32926829268293
2013-12-09 09,31.472261735419625,1.73761946133797,113.3130081300812,60.0609756097561
2013-12-09 10,31.4722617354196,1.73761946133797,97.0528455284553,63.41463414634147
2013-12-09 11,31.1166429587482,1.3032145960034764,112.2967479674797,67.37804878048783
2013-12-09 12,31.2944523470839,1.3032145960034764,118.39430894308924,64.32926829268294
2013-12-09 13,29.516358463726903,1.5204170286707233,100.1016260162602,56.40243902439025
2013-12-09 14,29.3385490753912,1.3032145960034764,82.3170731707317,57.62195121951223
2013-12-09 15,28.449502133712677,1.5204170286707233,92.47967479674804,63.41463414634147
2013-12-09 16,28.27169274537695,1.73761946133797,106.19918699187008,68.59756097560978
2013-12-09 17,28.09388335704125,1.73761946133797,138.211382113821,86.890243902439
2013-12-09 18,28.9829302987198,2.17202432667246,207.3170731707315,110.97560975609755
2013-12-09 19,31.827880512091028,1.73761946133797,217.479674796748,136.28048780487802
2013-12-09 20,32.36130867709815,1.73761946133797,211.89024390243875,131.70731707317074
2013-12-09 21,31.2944523470839,1.73761946133797,206.30081300812972,122.86585365853676
2013-12-09 22,27.027027027027,1.73761946133797,206.8089430894308,98.78048780487816
2013-12-09 23,25.960170697012824,1.73761946133797,153.4552845528455,89.9390243902439
2013-12-10 00,24.182076813655776,1.73761946133797,142.27642276422773,83.23170731707316
2013-12-10 01,22.7596017069701,1.73761946133797,116.361788617886,71.34146341463415
2013-12-10 02,22.226173541963,1.73761946133797,97.0528455284553,69.20731707317074
2013-12-10 03,21.1593172119488,1.73761946133797,95.52845528455282,70.42682926829269
2013-12-10 04,21.692745376955894,1.73761946133797,96.03658536585375,60.670731707317074
2013-12-10 05,21.692745376955894,1.73761946133797,97.05284552845524,58.2317073170732
2013-12-10 06,25.248933143669976,1.73761946133797,97.560975609756,69.20731707317074
2013-12-10 07,33.60597439544807,1.73761946133797,114.329268292683,74.6951219512195
2013-12-10 08,31.650071123755303,1.73761946133797,104.16666666666684,60.6707317073171
2013-12-10 09,31.29445234708393,1.73761946133797,99.0853658536586,57.01219512195122
2013-12-10 10,29.516358463726903,1.5204170286707233,93.49593495934968,66.15853658536588
2013-12-10 11,30.049786628734,1.5204170286707233,103.1504065040649,63.71951219512195
2013-12-10 12,30.2275960170697,1.3032145960034764,123.4756097560975,68.90243902439025
2013-12-10 13,31.4722617354196,1.73761946133797,109.7560975609757,58.84146341463418
2013-12-10 14,30.5832147937411,1.73761946133797,104.16666666666684,53.963414634146346
2013-12-10 15,28.44950213371265,1.73761946133797,96.54471544715445,68.29268292682927
2013-12-10 16,27.027027027027,1.73761946133797,102.6422764227644,66.76829268292683
2013-12-10 17,27.738264580369822,1.73761946133797,133.638211382114,80.48780487804878
2013-12-10 18,28.80512091038408,2.17202432667246,204.77642276422773,105.7926829268293
2013-12-10 19,33.07254623044098,1.73761946133797,265.2439024390245,123.170731707317
2013-12-10 20,32.18349928876243,1.73761946133797,234.7560975609755,113.4146341463415
2013-12-10 21,31.1166429587482,1.73761946133797,221.0365853658537,112.5
2013-12-10 22,29.5163584637269,1.73761946133797,202.743902439024,103.65853658536604
2013-12-10 23,26.49359886201993,1.73761946133797,161.07723577235774,90.24390243902435
2013-12-11 00,24.18207681365575,1.73761946133797,135.1626016260165,75.30487804878047
2013-12-11 01,22.0483641536273,1.73761946133797,127.03252032520324,67.98780487804876
2013-12-11 02,21.692745376955894,1.5204170286707233,108.73983739837396,63.41463414634147
2013-12-11 03,21.3371266002845,1.73761946133797,103.6585365853659,69.51219512195125
2013-12-11 04,22.226173541963,1.73761946133797,100.10162601626016,63.71951219512195
2013-12-11 05,22.226173541963,1.73761946133797,86.3821138211382,68.29268292682927
2013-12-11 06,25.42674253200568,1.73761946133797,87.39837398373982,64.02439024390247
2013-12-11 07,33.60597439544807,1.73761946133797,112.80487804878028,74.39024390243902
2013-12-11 08,33.25035561877667,1.73761946133797,116.86991869918675,64.32926829268293
2013-12-11 09,31.1166429587482,1.73761946133797,106.70731707317074,65.85365853658534
2013-12-11 10,30.938833570412505,1.5204170286707233,97.56097560975604,57.6219512195122
2013-12-11 11,31.650071123755303,1.5204170286707233,111.28048780487808,54.87804878048785
2013-12-11 12,29.3385490753912,1.5204170286707233,133.130081300813,61.28048780487808
2013-12-11 13,28.80512091038408,1.73761946133797,106.70731707317056,53.35365853658538
2013-12-11 14,28.627311522048373,1.5204170286707233,96.03658536585375,53.963414634146375
2013-12-11 15,27.2048364153627,1.5204170286707233,94.5121951219512,60.975609756097576
2013-12-11 16,26.8492176386913,1.73761946133797,111.28048780487782,61.58536585365857
2013-12-11 17,27.2048364153627,2.17202432667246,132.62195121951223,78.96341463414632
2013-12-11 18,28.80512091038408,2.60642919200695,191.05691056910572,105.1829268292685
2013-12-11 19,31.1166429587482,1.73761946133797,226.1178861788617,118.90243902439
2013-12-11 20,32.18349928876243,1.73761946133797,214.93902439024376,101.21951219512202
2013-12-11 21,30.049786628734,1.73761946133797,195.630081300813,100.60975609756102
2013-12-11 22,27.027027027027025,1.73761946133797,190.54878048780475,105.7926829268295
2013-12-11 23,25.6045519203414,1.73761946133797,144.8170731707315,81.09756097560975
2013-12-12 00,23.826458036984324,1.73761946133797,149.89837398373976,69.81707317073173
2013-12-12 01,21.692745376955894,1.73761946133797,113.31300813008124,65.85365853658537
2013-12-12 02,21.692745376955894,1.73761946133797,104.67479674796776,57.62195121951223
2013-12-12 03,21.1593172119488,1.73761946133797,100.10162601626013,66.46341463414635
2013-12-12 04,21.8705547652916,1.73761946133797,99.59349593495938,61.585365853658544
2013-12-12 05,21.8705547652916,1.73761946133797,97.05284552845528,59.14634146341463
2013-12-12 06,24.71550497866288,1.73761946133797,96.54471544715454,67.3780487804878
2013-12-12 07,33.07254623044098,1.73761946133797,113.82113821138223,74.39024390243902
2013-12-12 08,31.82788051209105,1.73761946133797,108.23170731707307,61.89024390243903
2013-12-12 09,30.5832147937411,1.954821894005215,108.2317073170732,52.43902439024393
2013-12-12 10,28.80512091038408,1.73761946133797,104.67479674796756,52.74390243902437
2013-12-12 11,28.27169274537697,1.73761946133797,108.23170731707307,64.02439024390245
2013-12-12 12,28.982930298719776,1.73761946133797,116.869918699187,57.6219512195122
2013-12-12 13,28.80512091038405,1.73761946133797,101.62601626016254,53.3536585365854
2013-12-12 14,28.627311522048352,1.5204170286707233,89.43089430894308,54.5731707317073
2013-12-12 15,27.3826458036984,1.5204170286707233,92.98780487804898,58.23170731707318
2013-12-12 16,26.4935988620199,1.73761946133797,114.837398373984,60.9756097560976
2013-12-12 17,27.2048364153627,1.73761946133797,140.752032520325,74.6951219512195
2013-12-12 18,29.3385490753912,1.5204170286707233,189.02439024390225,90.85365853658536
2013-12-12 19,32.36130867709815,1.73761946133797,207.3170731707315,110.97560975609775
2013-12-12 20,31.650071123755325,1.954821894005215,213.92276422764223,116.7682926829265
2013-12-12 21,30.2275960170697,1.73761946133797,218.4959349593495,107.01219512195148
2013-12-12 22,27.2048364153627,1.73761946133797,184.451219512195,98.47560975609755
2013-12-12 23,26.671408250355626,1.73761946133797,157.012195121951,91.15853658536582
2013-12-13 00,24.004267425320023,1.73761946133797,133.63821138211375,76.52439024390242
2013-12-13 01,21.8705547652916,1.73761946133797,117.37804878048776,59.756097560975626
2013-12-13 02,21.692745376955894,1.73761946133797,99.0853658536586,56.70731707317076
2013-12-13 03,21.1593172119488,1.73761946133797,100.60975609756098,64.02439024390243
2013-12-13 04,21.8705547652916,1.73761946133797,90.4471544715447,58.53658536585368
2013-12-13 05,22.226173541963,1.73761946133797,91.97154471544712,59.45121951219512
2013-12-13 06,24.53769559032717,1.73761946133797,92.98780487804888,64.63414634146342
2013-12-13 07,33.60597439544807,1.73761946133797,111.28048780487808,66.15853658536588
2013-12-13 08,33.07254623044098,1.73761946133797,108.73983739837408,59.45121951219512
2013-12-13 09,32.36130867709815,0.868809730668983,112.8048780487804,54.268292682926855
2013-12-13 10,31.4722617354196,1.3032145960034764,94.00406504065036,48.78048780487805
2013-12-13 11,32.71692745376957,1.3032145960034764,108.23170731707332,59.14634146341465
2013-12-13 12,29.3385490753912,1.3032145960034764,124.491869918699,51.82926829268296
2013-12-13 13,29.3385490753912,1.73761946133797,107.7235772357724,47.5609756097561
2013-12-13 14,28.44950213371265,1.73761946133797,100.6097560975612,47.2560975609756
2013-12-13 15,27.3826458036984,1.73761946133797,108.23170731707324,55.4878048780488
2013-12-13 16,26.3157894736842,1.73761946133797,107.21544715447148,58.23170731707317
2013-12-13 17,27.560455192034127,1.5204170286707233,142.2764227642275,65.54878048780488
2013-12-13 18,28.09388335704125,2.17202432667246,182.9268292682925,81.09756097560975
2013-12-13 19,28.982930298719776,1.73761946133797,201.219512195122,102.439024390244
2013-12-13 20,30.049786628734,2.823631624674195,213.41463414634148,90.54878048780488
2013-12-13 21,27.916073968705525,1.73761946133797,197.1544715447155,86.89024390243901
2013-12-13 22,26.3157894736842,1.73761946133797,176.32113821138225,84.7560975609756
2013-12-13 23,25.4267425320057,1.73761946133797,154.471544715447,90.85365853658536
2013-12-14 00,24.53769559032717,1.73761946133797,139.73577235772325,82.6219512195122
2013-12-14 01,22.4039829302987,1.73761946133797,105.18292682926824,72.56097560975613
2013-12-14 02,21.692745376955894,1.73761946133797,94.00406504065036,61.28048780487806
2013-12-14 03,21.5149359886202,1.73761946133797,82.3170731707317,63.71951219512195
2013-12-14 04,21.8705547652916,1.73761946133797,78.2520325203252,55.182926829268325
2013-12-14 05,21.3371266002845,2.17202432667246,81.8089430894309,59.756097560975626
2013-12-14 06,22.226173541963,1.73761946133797,82.82520325203252,65.85365853658537
2013-12-14 07,24.53769559032717,1.73761946133797,78.2520325203252,61.28048780487808
2013-12-14 08,28.627311522048352,2.17202432667246,86.38211382113825,56.40243902439025
2013-12-14 09,33.428165007112376,3.04083405734144,132.1138211382115,66.46341463414632
2013-12-14 10,33.07254623044098,1.954821894005215,141.76829268292698,57.92682926829268
2013-12-14 11,32.8947368421053,1.73761946133797,158.02845528455276,57.317073170731724
2013-12-14 12,33.4281650071124,1.73761946133797,170.73170731707324,56.70731707317076
2013-12-14 13,32.71692745376957,1.73761946133797,128.55691056910575,46.03658536585365
2013-12-14 14,31.650071123755325,1.73761946133797,123.9837398373985,49.6951219512195
2013-12-14 15,31.4722617354196,1.73761946133797,135.1626016260165,55.1829268292683
2013-12-14 16,30.7610241820768,1.73761946133797,128.5569105691055,53.65853658536588
2013-12-14 17,29.6941678520626,1.954821894005215,153.96341463414626,64.63414634146342
2013-12-14 18,30.5832147937411,1.73761946133797,207.31707317073176,80.48780487804878
2013-12-14 19,31.827880512091028,1.73761946133797,210.3658536585365,84.7560975609756
2013-12-14 20,29.5163584637269,1.73761946133797,207.31707317073176,90.24390243902435
2013-12-14 21,28.449502133712677,1.73761946133797,174.288617886179,92.98780487804876
2013-12-14 22,27.027027027027,1.73761946133797,161.58536585365826,93.29268292682926
2013-12-14 23,25.9601706970128,1.73761946133797,158.53658536585374,78.04878048780488
2013-12-15 00,24.8933143669986,1.73761946133797,142.7845528455285,75.60975609756098
2013-12-15 01,22.937411095305823,3.47523892267593,122.96747967479676,71.03658536585368
2013-12-15 02,22.0483641536273,1.73761946133797,109.24796747967474,64.93902439024393
2013-12-15 03,21.1593172119488,1.5204170286707233,98.57723577235777,60.975609756097576
2013-12-15 04,21.8705547652916,1.5204170286707233,82.3170731707317,62.50000000000003
2013-12-15 05,21.5149359886202,1.73761946133797,81.8089430894309,57.9268292682927
2013-12-15 06,22.5817923186344,1.73761946133797,78.2520325203252,70.73170731707317
2013-12-15 07,23.82645803698435,1.73761946133797,86.3821138211382,65.85365853658537
2013-12-15 08,27.73826458036985,1.73761946133797,94.5121951219513,52.13414634146343
2013-12-15 09,32.89473684210525,1.73761946133797,113.31300813008131,54.87804878048782
2013-12-15 10,33.4281650071124,1.73761946133797,142.78455284552825,58.53658536585368
2013-12-15 11,34.4950213371266,1.73761946133797,158.5365853658535,61.28048780487808
2013-12-15 12,34.672830725462305,1.73761946133797,159.5528455284555,72.8658536585366
2013-12-15 13,33.428165007112376,1.73761946133797,125.0,59.45121951219512
2013-12-15 14,31.650071123755325,1.73761946133797,105.69105691056916,65.54878048780488
2013-12-15 15,31.29445234708393,1.5204170286707233,98.5772357723578,55.182926829268325
2013-12-15 16,27.916073968705525,1.73761946133797,92.47967479674806,56.70731707317076
2013-12-15 17,29.160739687055475,1.73761946133797,131.0975609756097,61.28048780487805
2013-12-15 18,28.982930298719776,1.73761946133797,179.87804878048777,87.49999999999997
2013-12-15 19,30.7610241820768,1.954821894005215,195.121951219512,100.30487804878052
2013-12-15 20,30.761024182076824,1.73761946133797,204.7764227642275,92.3780487804878
2013-12-15 21,28.982930298719776,1.73761946133797,198.170731707317,99.08536585365846
2013-12-15 22,25.9601706970128,1.73761946133797,171.74796747967474,78.04878048780488
2013-12-15 23,25.07112375533428,1.73761946133797,138.21138211382126,80.48780487804878
2013-12-16 00,23.47083926031295,1.73761946133797,126.5243902439025,67.6829268292683
2013-12-16 01,21.8705547652916,1.73761946133797,101.1178861788619,59.45121951219512
2013-12-16 02,21.3371266002845,1.73761946133797,92.47967479674796,55.1829268292683
2013-12-16 03,20.9815078236131,1.5204170286707233,85.8739837398374,59.45121951219515
2013-12-16 04,21.3371266002845,1.73761946133797,85.87398373983737,57.62195121951223
2013-12-16 05,21.5149359886202,1.73761946133797,78.2520325203252,56.40243902439028
2013-12-16 06,24.715504978662874,1.73761946133797,85.87398373983737,52.13414634146345
2013-12-16 07,32.00568990042677,1.73761946133797,106.19918699186996,63.71951219512195
2013-12-16 08,33.783783783783804,1.73761946133797,93.4959349593497,51.52439024390245
2013-12-16 09,31.650071123755325,1.73761946133797,88.92276422764228,50.30487804878047
2013-12-16 10,31.1166429587482,1.73761946133797,75.71138211382114,48.170731707317074
2013-12-16 11,30.2275960170697,1.3032145960034764,85.36585365853658,57.62195121951223
2013-12-16 12,29.5163584637269,1.3032145960034764,106.19918699186982,64.02439024390245
2013-12-16 13,28.627311522048373,1.5204170286707233,90.95528455284564,56.09756097560978
2013-12-16 14,28.80512091038408,1.3032145960034764,79.77642276422765,60.6707317073171
2013-12-16 15,27.027027027027,1.5204170286707233,91.97154471544724,63.71951219512198
2013-12-16 16,27.3826458036984,1.73761946133797,96.03658536585364,69.20731707317074
2013-12-16 17,27.3826458036984,1.73761946133797,118.3943089430895,76.21951219512195
2013-12-16 18,28.449502133712677,2.17202432667246,176.321138211382,92.68292682926828
2013-12-16 19,30.5832147937411,1.73761946133797,206.8089430894308,107.6219512195125
2013-12-16 20,31.29445234708393,1.73761946133797,213.92276422764223,88.41463414634148
2013-12-16 21,28.80512091038408,1.73761946133797,206.8089430894305,95.42682926829268
2013-12-16 22,26.849217638691325,1.73761946133797,180.3861788617885,78.96341463414632
2013-12-16 23,25.6045519203414,1.73761946133797,165.650406504065,74.6951219512195
2013-12-17 00,23.470839260312925,1.73761946133797,132.62195121951223,71.34146341463415
2013-12-17 01,21.692745376955894,1.73761946133797,110.26422764227677,70.42682926829269
2013-12-17 02,21.692745376955894,1.73761946133797,93.49593495934955,61.58536585365855
2013-12-17 03,21.1593172119488,1.73761946133797,90.44715447154468,66.15853658536588
2013-12-17 04,21.692745376955894,1.73761946133797,96.03658536585364,60.975609756097576
2013-12-17 05,21.692745376955894,1.73761946133797,85.87398373983737,58.84146341463418
2013-12-17 06,25.248933143669976,1.73761946133797,82.31707317073173,68.90243902439025
2013-12-17 07,32.18349928876248,1.73761946133797,104.16666666666666,72.2560975609756
2013-12-17 08,32.005689900426724,1.73761946133797,87.39837398373983,59.14634146341465
2013-12-17 09,31.472261735419625,1.73761946133797,88.41463414634146,57.6219512195122
2013-12-17 10,30.40540540540537,1.5204170286707233,96.03658536585364,50.9146341463415
2013-12-17 11,28.44950213371265,1.5204170286707233,110.7723577235772,60.0609756097561
2013-12-17 12,28.27169274537697,1.3032145960034764,123.4756097560975,62.50000000000002
2013-12-17 13,28.27169274537695,1.73761946133797,114.837398373984,53.963414634146375
2013-12-17 14,28.449502133712677,1.73761946133797,101.1178861788618,54.87804878048785
2013-12-17 15,26.6714082503556,1.73761946133797,110.77235772357724,59.45121951219515
2013-12-17 16,26.137980085348502,1.73761946133797,104.67479674796736,60.670731707317074
2013-12-17 17,26.8492176386913,1.73761946133797,123.98373983739825,68.59756097560975
2013-12-17 18,27.916073968705525,2.17202432667246,178.86178861788625,93.90243902439022
2013-12-17 19,29.8719772403983,1.73761946133797,223.57723577235748,113.109756097561
2013-12-17 20,31.1166429587482,1.73761946133797,229.16666666666677,123.780487804878
2013-12-17 21,29.160739687055475,1.73761946133797,197.15447154471525,94.81707317073176
2013-12-17 22,26.849217638691325,1.73761946133797,176.32113821138225,92.07317073170732
2013-12-17 23,25.7823613086771,1.73761946133797,148.88211382113826,91.15853658536582
2013-12-18 00,23.82645803698435,1.73761946133797,128.04878048780475,77.43902439024393
2013-12-18 01,22.0483641536273,1.73761946133797,113.3130081300815,61.58536585365852
2013-12-18 02,21.5149359886202,1.5204170286707233,91.97154471544712,55.487804878048806
2013-12-18 03,21.3371266002845,1.73761946133797,84.85772357723577,63.109756097560975
2013-12-18 04,21.5149359886202,1.73761946133797,81.30081300813005,58.2317073170732
2013-12-18 05,21.8705547652916,1.73761946133797,88.92276422764225,64.9390243902439
2013-12-18 06,24.359886201991475,1.73761946133797,82.82520325203251,63.41463414634148
2013-12-18 07,29.694167852062577,1.73761946133797,103.65853658536572,66.15853658536588
2013-12-18 08,32.89473684210525,1.73761946133797,102.64227642276433,61.58536585365855
2013-12-18 09,32.894736842105274,1.73761946133797,98.06910569105698,65.2439024390244
2013-12-18 10,30.7610241820768,1.5204170286707233,90.4471544715447,51.21951219512195
2013-12-18 11,29.8719772403983,1.5204170286707233,109.7560975609755,59.14634146341462
2013-12-18 12,29.8719772403983,1.5204170286707233,135.670731707317,67.98780487804879
2013-12-18 13,29.6941678520626,1.73761946133797,115.34552845528452,59.45121951219512
2013-12-18 14,29.33854907539117,1.5204170286707233,98.57723577235784,58.84146341463418
2013-12-18 15,28.4495021337127,1.5204170286707233,113.821138211382,66.46341463414635
2013-12-18 16,27.5604551920341,1.73761946133797,121.951219512195,68.90243902439025
2013-12-18 17,27.3826458036984,2.17202432667246,152.94715447154476,81.70731707317073
2013-12-18 18,28.805120910384097,2.60642919200695,218.4959349593495,94.2073170731707
2013-12-18 19,30.049786628734,1.73761946133797,250.50813008130075,117.68292682926824
2013-12-18 20,30.2275960170697,1.73761946133797,241.36178861788625,111.89024390243908
2013-12-18 21,28.44950213371265,1.73761946133797,202.2357723577235,86.28048780487802
2013-12-18 22,26.3157894736842,1.73761946133797,189.02439024390225,80.48780487804878
2013-12-18 23,25.4267425320057,1.73761946133797,157.52032520325176,78.65853658536585
2013-12-19 00,24.18207681365575,1.73761946133797,129.57317073170725,71.95121951219512
2013-12-19 01,22.226173541963,1.73761946133797,115.34552845528476,59.756097560975626
2013-12-19 02,21.692745376955894,1.73761946133797,102.64227642276435,58.84146341463418
2013-12-19 03,21.3371266002845,1.73761946133797,97.05284552845524,67.07317073170732
2013-12-19 04,21.692745376955894,1.73761946133797,94.5121951219513,62.19512195121953
2013-12-19 05,21.692745376955894,1.73761946133797,93.49593495934955,58.84146341463415
2013-12-19 06,24.359886201991475,1.73761946133797,84.85772357723576,65.2439024390244
2013-12-19 07,29.33854907539117,1.73761946133797,102.13414634146348,64.32926829268295
2013-12-19 08,32.894736842105274,1.73761946133797,100.10162601626024,56.0975609756098
2013-12-19 09,30.2275960170697,1.954821894005215,91.46341463414645,53.65853658536587
2013-12-19 10,29.8719772403983,1.73761946133797,94.51219512195132,52.7439024390244
2013-12-19 11,29.6941678520626,1.73761946133797,103.65853658536577,56.09756097560978
2013-12-19 12,29.1607396870555,1.73761946133797,138.211382113821,69.51219512195122
2013-12-19 13,28.44950213371265,1.73761946133797,116.8699186991872,55.48780487804878
2013-12-19 14,27.5604551920341,1.5204170286707233,120.42682926829276,53.35365853658538
2013-12-19 15,26.8492176386913,1.5204170286707233,123.4756097560975,61.89024390243903
2013-12-19 16,26.4935988620199,1.73761946133797,116.869918699187,70.73170731707317
2013-12-19 17,27.382645803698423,1.73761946133797,150.9146341463415,78.35365853658536
2013-12-19 18,28.09388335704125,1.5204170286707233,191.5650406504065,98.1707317073171
2013-12-19 19,29.6941678520626,1.73761946133797,230.6910569105688,107.62195121951224
2013-12-19 20,29.8719772403983,1.954821894005215,223.069105691057,103.96341463414652
2013-12-19 21,28.093883357041225,1.73761946133797,216.971544715447,94.5121951219512
2013-12-19 22,26.4935988620199,1.73761946133797,186.99186991869925,92.3780487804878
2013-12-19 23,25.24893314367,1.73761946133797,149.89837398374,95.73170731707312
2013-12-20 00,24.00426742532005,1.73761946133797,124.491869918699,84.45121951219511
2013-12-20 01,22.0483641536273,1.73761946133797,107.72357723577224,68.29268292682927
2013-12-20 02,21.3371266002845,1.73761946133797,99.59349593495936,63.71951219512197
2013-12-20 03,20.8036984352774,1.73761946133797,86.89024390243902,70.12195121951223
2013-12-20 04,21.1593172119488,1.73761946133797,90.9552845528455,66.46341463414637
2013-12-20 05,21.5149359886202,1.73761946133797,88.92276422764228,64.63414634146342
2013-12-20 06,23.82645803698435,1.73761946133797,92.47967479674796,67.98780487804878
2013-12-20 07,29.3385490753912,1.73761946133797,114.32926829268284,67.37804878048783
2013-12-20 08,34.6728307254623,1.73761946133797,97.5609756097562,60.975609756097576
2013-12-20 09,33.9615931721195,0.868809730668983,93.49593495934964,55.4878048780488
2013-12-20 10,33.07254623044098,1.3032145960034764,95.0203252032521,57.9268292682927
2013-12-20 11,31.1166429587482,1.3032145960034764,102.64227642276435,54.268292682926855
2013-12-20 12,31.2944523470839,1.3032145960034764,122.459349593496,53.04878048780488
2013-12-20 13,30.049786628734,1.73761946133797,102.64227642276452,43.29268292682925
2013-12-20 14,28.9829302987198,1.73761946133797,102.13414634146328,37.19512195121951
2013-12-20 15,28.09388335704125,1.73761946133797,104.67479674796728,42.0731707317073
2013-12-20 16,27.7382645803698,1.73761946133797,112.8048780487805,52.13414634146345
2013-12-20 17,28.09388335704125,1.5204170286707233,153.96341463414626,64.63414634146342
2013-12-20 18,28.449502133712677,2.17202432667246,208.841463414634,80.1829268292683
2013-12-20 19,28.982930298719776,1.73761946133797,233.739837398374,102.439024390244
2013-12-20 20,29.5163584637269,2.823631624674195,231.1991869918697,94.5121951219512
2013-12-20 21,27.7382645803698,1.73761946133797,220.5284552845528,96.03658536585372
2013-12-20 22,25.9601706970128,1.73761946133797,209.349593495935,89.02439024390245
2013-12-20 23,25.0711237553343,1.73761946133797,190.040650406504,82.6219512195122
2013-12-21 00,24.00426742532005,1.73761946133797,173.78048780487802,74.39024390243902
2013-12-21 01,22.226173541963,1.73761946133797,139.22764227642276,66.15853658536588
2013-12-21 02,21.692745376955894,1.73761946133797,120.9349593495935,60.670731707317074
2013-12-21 03,21.1593172119488,1.73761946133797,123.98373983739825,65.5487804878049
2013-12-21 04,21.692745376955894,1.73761946133797,106.1991869918699,61.28048780487805
2013-12-21 05,21.3371266002845,2.17202432667246,96.03658536585364,53.35365853658538
2013-12-21 06,22.0483641536273,1.73761946133797,89.43089430894307,56.09756097560978
2013-12-21 07,23.82645803698435,1.73761946133797,96.54471544715454,57.01219512195125
2013-12-21 08,28.271692745376956,2.17202432667246,112.29674796747976,55.48780487804883
2013-12-21 09,32.36130867709817,3.04083405734144,119.918699186992,60.06097560975613
2013-12-21 10,32.539118065433875,1.954821894005215,135.670731707317,61.28048780487808
2013-12-21 11,33.072546230441,1.73761946133797,149.89837398373976,59.45121951219515
2013-12-21 12,33.25035561877667,1.73761946133797,171.239837398374,55.487804878048806
2013-12-21 13,31.472261735419625,1.73761946133797,154.471544715447,54.268292682926855
2013-12-21 14,31.29445234708393,1.73761946133797,150.91463414634126,56.70731707317073
2013-12-21 15,31.116642958748223,1.73761946133797,151.93089430894324,58.53658536585368
2013-12-21 16,28.805120910384097,1.73761946133797,149.89837398373976,53.65853658536588
2013-12-21 17,28.6273115220484,1.954821894005215,178.86178861788625,62.80487804878052
2013-12-21 18,29.1607396870555,1.73761946133797,213.41463414634148,84.14634146341463
2013-12-21 19,29.516358463726878,1.73761946133797,240.8536585365855,98.17073170731707
2013-12-21 20,28.093883357041225,1.73761946133797,241.361788617886,94.81707317073167
2013-12-21 21,27.560455192034127,1.73761946133797,240.34552845528424,91.15853658536584
2013-12-21 22,26.137980085348502,1.73761946133797,220.020325203252,81.40243902439022
2013-12-21 23,25.4267425320057,1.73761946133797,204.2682926829268,74.39024390243905
2013-12-22 00,24.359886201991475,1.73761946133797,166.66666666666652,66.15853658536588
2013-12-22 01,22.226173541963,3.47523892267593,139.73577235772376,66.46341463414635
2013-12-22 02,21.692745376955894,1.73761946133797,116.36178861788623,67.37804878048783
2013-12-22 03,20.9815078236131,1.5204170286707233,110.26422764227677,56.0975609756098
2013-12-22 04,21.5149359886202,1.5204170286707233,101.62601626016252,58.84146341463418
2013-12-22 05,21.5149359886202,1.73761946133797,96.5447154471545,52.7439024390244
2013-12-22 06,22.226173541963,1.73761946133797,91.97154471544724,54.8780487804878
2013-12-22 07,22.9374110953058,1.73761946133797,99.0853658536586,58.53658536585368
2013-12-22 08,26.6714082503556,1.73761946133797,105.69105691056924,52.43902439024393
2013-12-22 09,33.07254623044098,1.73761946133797,121.4430894308945,49.39024390243903
2013-12-22 10,33.4281650071124,1.73761946133797,152.9471544715445,51.52439024390245
2013-12-22 11,33.250355618776695,1.73761946133797,174.79674796747952,56.70731707317076
2013-12-22 12,34.3172119487909,1.73761946133797,215.44715447154476,69.51219512195122
2013-12-22 13,33.07254623044098,1.73761946133797,173.78048780487802,70.42682926829269
2013-12-22 14,31.1166429587482,1.73761946133797,153.96341463414626,55.48780487804878
2013-12-22 15,29.8719772403983,1.5204170286707233,125.0,55.79268292682928
2013-12-22 16,27.916073968705525,1.73761946133797,120.42682926829252,56.097560975609774
2013-12-22 17,28.09388335704125,1.73761946133797,137.19512195121976,56.09756097560975
2013-12-22 18,28.80512091038408,1.73761946133797,162.09349593495926,80.79268292682926
2013-12-22 19,28.44950213371265,1.954821894005215,197.662601626016,99.08536585365856
2013-12-22 20,29.6941678520626,1.73761946133797,223.06910569105676,84.75609756097558
2013-12-22 21,27.916073968705525,1.73761946133797,230.69105691056924,91.15853658536584
2013-12-22 22,26.137980085348502,1.73761946133797,190.54878048780475,87.1951219512195
2013-12-22 23,25.4267425320057,1.73761946133797,172.7642276422765,90.24390243902435
2013-12-23 00,24.004267425320023,1.73761946133797,145.83333333333348,66.76829268292683
2013-12-23 01,22.5817923186344,1.73761946133797,123.4756097560975,55.7926829268293
2013-12-23 02,22.0483641536273,1.73761946133797,115.34552845528476,53.048780487804905
2013-12-23 03,21.5149359886202,1.5204170286707233,105.1829268292685,57.01219512195122
2013-12-23 04,21.692745376955894,1.73761946133797,99.08536585365864,53.96341463414635
2013-12-23 05,21.8705547652916,1.73761946133797,91.46341463414632,54.57317073170733
2013-12-23 06,23.47083926031295,1.73761946133797,89.43089430894318,60.3658536585366
2013-12-23 07,27.027027027027025,1.73761946133797,123.4756097560975,56.09756097560978
2013-12-23 08,32.00568990042673,1.73761946133797,111.28048780487777,53.963414634146375
2013-12-23 09,32.18349928876248,1.73761946133797,117.37804878048752,62.50000000000003
2013-12-23 10,31.650071123755325,1.73761946133797,129.5731707317075,58.84146341463415
2013-12-23 11,30.4054054054054,1.3032145960034764,155.99593495934926,69.8170731707317
2013-12-23 12,30.049786628734,1.3032145960034764,175.30487804878024,79.57317073170731
2013-12-23 13,28.805120910384097,1.5204170286707233,130.589430894309,70.42682926829268
2013-12-23 14,29.160739687055475,1.3032145960034764,129.0650406504065,69.20731707317076
2013-12-23 15,27.2048364153627,1.5204170286707233,129.5731707317075,76.52439024390245
2013-12-23 16,26.6714082503556,1.73761946133797,129.57317073170725,71.34146341463412
2013-12-23 17,26.6714082503556,1.73761946133797,157.012195121951,74.6951219512195
2013-12-23 18,28.09388335704125,2.17202432667246,192.07317073170725,82.92682926829268
2013-12-23 19,28.627311522048373,1.73761946133797,240.34552845528475,90.85365853658536
2013-12-23 20,28.449502133712677,1.73761946133797,215.9552845528455,98.1707317073171
2013-12-23 21,28.09388335704125,1.73761946133797,227.1341463414635,92.98780487804876
2013-12-23 22,26.3157894736842,1.73761946133797,203.76016260162572,94.2073170731708
2013-12-23 23,25.4267425320057,1.73761946133797,176.321138211382,89.6341463414634
2013-12-24 00,24.715504978662874,1.73761946133797,166.158536585366,84.7560975609756
2013-12-24 01,22.7596017069701,1.73761946133797,142.2764227642275,76.52439024390245
2013-12-24 02,21.8705547652916,1.73761946133797,128.04878048780475,67.37804878048783
2013-12-24 03,20.9815078236131,1.73761946133797,111.28048780487808,71.95121951219512
2013-12-24 04,21.5149359886202,1.73761946133797,103.65853658536582,61.585365853658544
2013-12-24 05,21.1593172119488,1.73761946133797,99.5934959349593,64.32926829268293
2013-12-24 06,22.0483641536273,1.73761946133797,100.10162601626004,64.93902439024393
2013-12-24 07,24.182076813655776,1.73761946133797,105.69105691056916,59.45121951219512
2013-12-24 08,27.560455192034148,1.73761946133797,101.11788617886177,56.09756097560978
2013-12-24 09,31.47226173541965,1.73761946133797,119.918699186992,59.45121951219512
2013-12-24 10,32.539118065433854,1.5204170286707233,158.02845528455276,73.47560975609758
2013-12-24 11,31.1166429587482,1.5204170286707233,180.3861788617885,75.609756097561
2013-12-24 12,31.472261735419625,1.3032145960034764,206.8089430894308,77.4390243902439
2013-12-24 13,31.1166429587482,1.73761946133797,182.41869918699172,70.42682926829269
2013-12-24 14,30.4054054054054,1.73761946133797,180.38617886178875,69.20731707317073
2013-12-24 15,32.00568990042673,1.73761946133797,184.451219512195,75.91463414634146
2013-12-24 16,31.1166429587482,1.73761946133797,164.6341463414635,70.7317073170732
2013-12-24 17,32.71692745376955,1.73761946133797,176.829268292683,71.34146341463415
2013-12-24 18,32.539118065433854,2.17202432667246,199.6951219512195,90.2439024390244
2013-12-24 19,32.005689900426724,1.73761946133797,192.07317073170725,104.268292682927
2013-12-24 20,28.27169274537695,1.73761946133797,177.8455284552845,100.00000000000009
2013-12-24 21,26.6714082503556,1.73761946133797,154.97967479674776,86.28048780487802
2013-12-24 22,26.8492176386913,1.73761946133797,148.882113821138,93.90243902439022
2013-12-24 23,25.9601706970128,1.73761946133797,143.80081300813026,93.29268292682929
2013-12-25 00,25.0711237553343,0.4344048653344925,153.9634146341465,82.92682926829268
2013-12-25 01,24.5376955903272,0.0,145.83333333333326,73.78048780487802
2013-12-25 02,23.64864864864865,0.0,142.2764227642275,72.2560975609756
2013-12-25 03,21.692745376955894,0.0,112.80487804878024,72.86585365853657
2013-12-25 04,21.8705547652916,0.0,99.08536585365854,64.02439024390245
2013-12-25 05,21.692745376955894,0.0,85.87398373983737,66.76829268292683
2013-12-25 06,21.692745376955894,0.0,86.890243902439,60.9756097560976
2013-12-25 07,22.0483641536273,0.0,74.1869918699187,58.536585365853696
2013-12-25 08,23.82645803698435,0.0,62.50000000000002,48.170731707317046
2013-12-25 09,27.027027027027025,0.0,79.77642276422762,54.57317073170733
2013-12-25 10,31.827880512091028,0.0,111.28048780487808,57.9268292682927
2013-12-25 11,34.139402560455174,0.0,165.14227642276398,73.17073170731707
2013-12-25 12,38.0512091038407,0.0,174.28861788617874,67.98780487804879
2013-12-25 13,33.60597439544808,0.0,143.80081300813,57.31707317073173
2013-12-25 14,29.3385490753912,0.0,123.9837398373985,54.87804878048783
2013-12-25 15,28.9829302987198,0.0,109.24796747967476,55.79268292682928
2013-12-25 16,27.738264580369822,0.0,114.83739837398376,60.06097560975613
2013-12-25 17,26.6714082503556,0.0,144.81707317073176,59.756097560975626
2013-12-25 18,26.6714082503556,0.0,148.37398373983748,83.53658536585365
2013-12-25 19,27.382645803698423,0.0,169.20731707317074,83.53658536585365
2013-12-25 20,27.3826458036984,0.0,187.5,79.26829268292683
2013-12-25 21,27.2048364153627,0.0,198.67886178861772,85.67073170731707
2013-12-25 22,26.4935988620199,0.0,190.040650406504,96.03658536585364
2013-12-25 23,25.9601706970128,0.0,173.27235772357724,94.51219512195122
2013-12-26 00,24.5376955903272,1.3032145960034776,154.47154471544724,85.67073170731707
2013-12-26 01,22.226173541963,1.73761946133797,129.0650406504065,70.73170731707317
2013-12-26 02,21.6927453769559,1.73761946133797,114.83739837398376,64.32926829268295
2013-12-26 03,21.1593172119488,1.73761946133797,109.24796747967476,66.46341463414632
2013-12-26 04,21.5149359886202,1.73761946133797,113.821138211382,54.87804878048783
2013-12-26 05,21.1593172119488,1.73761946133797,103.15040650406507,55.182926829268325
2013-12-26 06,22.4039829302987,1.73761946133797,101.62601626016284,60.975609756097576
2013-12-26 07,25.248933143669976,1.73761946133797,111.280487804878,63.10975609756101
2013-12-26 08,28.09388335704125,1.73761946133797,110.2642276422765,57.9268292682927
2013-12-26 09,32.005689900426745,1.954821894005215,112.29674796747976,59.7560975609756
2013-12-26 10,33.250355618776695,1.73761946133797,131.60569105691076,65.2439024390244
2013-12-26 11,31.4722617354196,1.73761946133797,157.01219512195124,62.804878048780495
2013-12-26 12,32.18349928876243,1.73761946133797,188.5162601626015,66.46341463414632
2013-12-26 13,31.4722617354196,1.73761946133797,155.48780487804876,62.8048780487805
2013-12-26 14,31.827880512091028,1.5204170286707233,138.211382113821,63.109756097561
2013-12-26 15,29.516358463726878,1.5204170286707233,153.4552845528455,68.59756097560975
2013-12-26 16,27.738264580369822,1.73761946133797,148.3739837398375,73.78048780487805
2013-12-26 17,27.738264580369822,1.73761946133797,157.520325203252,80.18292682926827
2013-12-26 18,28.449502133712677,1.5204170286707233,190.04065040650423,100.00000000000009
2013-12-26 19,28.982930298719776,1.73761946133797,243.39430894308924,110.06097560975624
2013-12-26 20,29.8719772403983,1.954821894005215,248.4756097560975,111.28048780487823
2013-12-26 21,28.09388335704125,1.73761946133797,220.5284552845525,100.91463414634156
2013-12-26 22,26.671408250355626,1.73761946133797,208.33333333333348,87.1951219512195
2013-12-26 23,25.6045519203414,1.73761946133797,181.40243902439025,82.6219512195122
2013-12-27 00,24.182076813655776,1.73761946133797,165.65040650406476,79.57317073170732
2013-12-27 01,22.226173541963,1.73761946133797,139.227642276423,66.15853658536588
2013-12-27 02,21.692745376955894,1.73761946133797,118.39430894308924,60.0609756097561
2013-12-27 03,20.8036984352774,1.73761946133797,106.70731707317074,62.80487804878047
2013-12-27 04,21.3371266002845,1.73761946133797,105.691056910569,55.487804878048806
2013-12-27 05,21.3371266002845,1.73761946133797,101.11788617886168,54.87804878048783
2013-12-27 06,22.226173541963,1.73761946133797,102.64227642276428,61.28048780487807
2013-12-27 07,26.137980085348477,1.73761946133797,114.83739837398376,57.62195121951223
2013-12-27 08,30.4054054054054,1.73761946133797,107.72357723577258,55.48780487804878
2013-12-27 09,30.938833570412505,0.868809730668983,110.7723577235775,60.97560975609755
2013-12-27 10,31.4722617354196,1.3032145960034764,114.837398373984,67.37804878048783
2013-12-27 11,31.827880512091028,1.3032145960034764,150.40650406504074,56.40243902439028
2013-12-27 12,31.1166429587482,1.3032145960034764,155.9959349593495,63.71951219512198
2013-12-27 13,30.7610241820768,1.73761946133797,152.439024390244,57.317073170731724
2013-12-27 14,30.4054054054054,1.73761946133797,150.91463414634126,53.35365853658535
2013-12-27 15,27.916073968705525,1.73761946133797,141.260162601626,62.1951219512195
2013-12-27 16,27.3826458036984,1.73761946133797,137.7032520325205,76.52439024390245
2013-12-27 17,27.382645803698423,1.5204170286707233,170.73170731707302,87.49999999999997
2013-12-27 18,28.093883357041275,2.17202432667246,228.6585365853657,100.00000000000006
2013-12-27 19,28.80512091038408,1.73761946133797,256.6056910569108,110.36585365853676
2013-12-27 20,29.1607396870555,2.823631624674195,241.36178861788625,101.52439024390252
2013-12-27 21,28.27169274537697,1.73761946133797,226.6260162601625,98.78048780487808
2013-12-27 22,26.137980085348502,1.73761946133797,198.170731707317,102.74390243902452
2013-12-27 23,24.8933143669986,1.73761946133797,193.089430894309,90.54878048780483
2013-12-28 00,24.182076813655748,1.73761946133797,161.5853658536585,86.58536585365852
2013-12-28 01,22.4039829302987,1.73761946133797,135.16260162601623,76.82926829268295
2013-12-28 02,21.8705547652916,1.73761946133797,111.78861788617874,68.59756097560978
2013-12-28 03,20.9815078236131,1.73761946133797,104.67479674796763,67.07317073170732
2013-12-28 04,21.692745376955894,1.73761946133797,104.67479674796758,56.402439024390254
2013-12-28 05,21.1593172119488,2.17202432667246,93.49593495934955,53.96341463414635
2013-12-28 06,22.0483641536273,1.73761946133797,91.97154471544712,62.8048780487805
2013-12-28 07,22.759601706970106,1.73761946133797,94.51219512195132,55.79268292682927
2013-12-28 08,26.3157894736842,2.17202432667246,93.49593495934955,50.609756097560975
2013-12-28 09,30.5832147937411,3.04083405734144,103.65853658536598,51.21951219512195
2013-12-28 10,31.827880512091024,1.954821894005215,138.719512195122,58.84146341463418
2013-12-28 11,31.4722617354196,1.73761946133797,191.56504065040625,61.58536585365857
2013-12-28 12,33.07254623044098,1.73761946133797,184.45121951219525,60.670731707317074
2013-12-28 13,32.00568990042673,1.73761946133797,162.09349593495924,55.182926829268304
2013-12-28 14,31.472261735419625,1.73761946133797,150.4065040650405,63.71951219512198
2013-12-28 15,31.472261735419625,1.73761946133797,172.7642276422765,66.46341463414633
2013-12-28 16,28.44950213371265,1.73761946133797,162.09349593495926,62.50000000000003
2013-12-28 17,28.449502133712677,1.954821894005215,193.08943089430875,72.8658536585366
2013-12-28 18,28.627311522048373,1.73761946133797,227.64227642276424,79.8780487804878
2013-12-28 19,28.627311522048373,1.73761946133797,248.9837398373985,95.42682926829264
2013-12-28 20,29.1607396870555,1.73761946133797,212.9065040650405,92.98780487804878
2013-12-28 21,27.916073968705525,1.73761946133797,207.31707317073176,89.02439024390242
2013-12-28 22,25.6045519203414,1.73761946133797,175.81300813008124,82.6219512195122
2013-12-28 23,25.4267425320057,1.73761946133797,181.40243902439025,77.4390243902439
2013-12-29 00,24.182076813655748,1.73761946133797,165.65040650406502,79.8780487804878
2013-12-29 01,22.0483641536273,3.47523892267593,155.48780487804876,66.76829268292681
2013-12-29 02,21.692745376955894,1.73761946133797,125.0,77.74390243902437
2013-12-29 03,20.9815078236131,1.5204170286707233,119.41056910569124,64.63414634146342
2013-12-29 04,21.3371266002845,1.5204170286707233,105.69105691056927,58.536585365853696
2013-12-29 05,21.1593172119488,1.73761946133797,104.6747967479674,50.30487804878047
2013-12-29 06,22.0483641536273,1.73761946133797,95.52845528455282,58.84146341463418
2013-12-29 07,22.5817923186344,1.73761946133797,107.2154471544714,56.70731707317073
2013-12-29 08,24.89331436699857,1.73761946133797,95.02032520325204,48.170731707317024
2013-12-29 09,30.2275960170697,1.73761946133797,109.24796747967476,56.09756097560978
2013-12-29 10,32.00568990042675,1.73761946133797,134.1463414634145,50.91463414634145
2013-12-29 11,32.89473684210525,1.73761946133797,192.07317073170725,60.975609756097576
2013-12-29 12,34.1394025604552,1.73761946133797,217.9878048780485,67.98780487804879
2013-12-29 13,33.072546230441,1.73761946133797,168.19105691056924,62.80487804878048
2013-12-29 14,31.827880512091028,1.73761946133797,131.09756097560975,62.19512195121955
2013-12-29 15,30.049786628734,1.5204170286707233,116.86991869918675,58.84146341463418
2013-12-29 16,27.91607396870555,1.73761946133797,117.37804878048776,52.74390243902442
2013-12-29 17,27.7382645803698,1.73761946133797,150.91463414634126,64.02439024390247
2013-12-29 18,28.627311522048352,1.73761946133797,173.780487804878,89.32926829268293
2013-12-29 19,28.627311522048373,1.954821894005215,186.4837398373985,100.60975609756102
2013-12-29 20,29.3385490753912,1.73761946133797,178.35365853658524,93.9024390243902
2013-12-29 21,27.91607396870555,1.73761946133797,193.08943089430875,88.71951219512195
2013-12-29 22,25.9601706970128,1.73761946133797,194.1056910569105,91.15853658536582
2013-12-29 23,25.0711237553343,1.73761946133797,177.8455284552845,87.1951219512195
2013-12-30 00,24.5376955903272,1.73761946133797,147.35772357723576,73.17073170731707
2013-12-30 01,22.226173541963,1.73761946133797,112.8048780487805,62.50000000000002
2013-12-30 02,21.8705547652916,1.73761946133797,105.691056910569,57.01219512195122
2013-12-30 03,21.1593172119488,1.5204170286707233,101.1178861788618,61.89024390243903
2013-12-30 04,21.3371266002845,1.73761946133797,92.98780487804876,57.9268292682927
2013-12-30 05,21.3371266002845,1.73761946133797,90.4471544715447,60.975609756097576
2013-12-30 06,22.759601706970123,1.73761946133797,89.43089430894307,65.54878048780489
2013-12-30 07,26.137980085348502,1.73761946133797,103.15040650406505,67.37804878048783
2013-12-30 08,30.2275960170697,1.73761946133797,104.16666666666671,57.92682926829268
2013-12-30 09,31.2944523470839,1.73761946133797,105.18292682926833,57.31707317073175
2013-12-30 10,31.650071123755325,1.73761946133797,103.65853658536602,61.89024390243903
2013-12-30 11,31.65007112375535,1.3032145960034764,139.22764227642276,72.5609756097561
2013-12-30 12,31.4722617354196,1.3032145960034764,158.5365853658535,70.73170731707314
2013-12-30 13,30.7610241820768,1.5204170286707233,158.02845528455276,56.70731707317076
2013-12-30 14,29.516358463726903,1.3032145960034764,145.83333333333326,62.50000000000003
2013-12-30 15,28.27169274537697,1.5204170286707233,153.4552845528455,55.182926829268304
2013-12-30 16,26.4935988620199,1.73761946133797,156.50406504065026,61.58536585365855
2013-12-30 17,26.3157894736842,1.73761946133797,179.369918699187,69.20731707317074
2013-12-30 18,27.027027027027003,2.17202432667246,211.890243902439,90.24390243902438
2013-12-30 19,28.9829302987198,1.73761946133797,233.73983739837377,100.60975609756102
2013-12-30 20,29.3385490753912,1.73761946133797,217.47967479674776,100.00000000000004
2013-12-30 21,28.27169274537697,1.73761946133797,245.9349593495935,102.13414634146348
2013-12-30 22,26.137980085348502,1.73761946133797,228.1504065040648,99.3902439024391
2013-12-30 23,25.4267425320057,1.73761946133797,197.66260162601623,91.15853658536584
2013-12-31 00,24.18207681365575,1.73761946133797,160.569105691057,74.39024390243902
2013-12-31 01,22.4039829302987,1.73761946133797,133.638211382114,74.39024390243902
2013-12-31 02,22.0483641536273,1.73761946133797,118.3943089430895,64.9390243902439
2013-12-31 03,21.3371266002845,1.73761946133797,110.772357723577,68.90243902439028
2013-12-31 04,21.3371266002845,1.73761946133797,104.67479674796732,61.585365853658544
2013-12-31 05,21.1593172119488,1.73761946133797,97.0528455284553,61.28048780487807
2013-12-31 06,22.226173541963,1.73761946133797,89.93902439024387,71.64634146341461
2013-12-31 07,24.89331436699857,1.73761946133797,105.69105691056927,69.20731707317073
2013-12-31 08,27.560455192034127,1.73761946133797,101.62601626016276,53.35365853658538
2013-12-31 09,28.805120910384097,1.73761946133797,107.72357723577208,58.84146341463415
2013-12-31 10,29.6941678520626,1.5204170286707233,113.82113821138223,66.76829268292683
2013-12-31 11,32.539118065433875,1.5204170286707233,143.29268292682926,72.8658536585366
2013-12-31 12,32.18349928876245,1.3032145960034764,162.60162601626024,67.3780487804878
2013-12-31 13,32.894736842105274,1.73761946133797,146.84959349593498,56.09756097560975
2013-12-31 14,32.00568990042675,1.73761946133797,164.1260162601625,59.14634146341465
2013-12-31 15,30.2275960170697,1.73761946133797,149.89837398373976,64.32926829268293
2013-12-31 16,29.516358463726903,1.73761946133797,165.14227642276398,67.0731707317073
2013-12-31 17,32.00568990042673,1.73761946133797,157.520325203252,76.21951219512192
2013-12-31 18,32.539118065433826,2.17202432667246,190.548780487805,98.47560975609755
2013-12-31 19,32.18349928876245,1.73761946133797,175.3048780487805,100.91463414634153
2013-12-31 20,29.33854907539117,1.73761946133797,163.10975609756076,85.36585365853658
2013-12-31 21,27.027027027027,1.73761946133797,142.2764227642275,85.0609756097561
2013-12-31 22,25.6045519203414,1.73761946133797,141.260162601626,85.36585365853658
2013-12-31 23,25.4267425320057,1.73761946133797,143.29268292682926,80.18292682926827
