hour,user_3,user_4,user_5,user_6
2014-01-01 00,0.0,0.0,0.0,75.60975646972656
2014-01-01 01,0.0,0.0,0.0,71.03658294677734
2014-01-01 02,0.0,0.0,0.0,0.0
2014-01-01 03,21.870553970336914,0.0,127.03252410888672,64.63414764404297
2014-01-01 04,0.0,0.0,111.28048706054688,57.621952056884766
2014-01-01 05,0.0,0.0,105.18292999267578,62.80487823486328
2014-01-01 06,0.0,0.0,97.05284881591797,0.0
2014-01-01 07,0.0,0.0,89.93902587890625,0.0
2014-01-01 08,0.0,0.0,0.0,0.0
2014-01-01 09,25.248933792114258,0.0,92.98780822753906,0.0
2014-01-01 10,0.0,0.0,104.16666412353516,52.43902587890625
2014-01-01 11,32.18349838256836,0.0,153.45529174804688,0.0
2014-01-01 12,0.0,0.0,0.0,66.15853881835938
2014-01-01 13,0.0,0.0,114.32926940917969,60.36585235595703
2014-01-01 14,29.694168090820312,0.0,89.93902587890625,0.0
2014-01-01 15,0.0,0.0,0.0,0.0
2014-01-01 16,26.849218368530273,0.0,0.0,0.0
2014-01-01 17,26.67140769958496,0.0,111.28048706054688,76.82926940917969
2014-01-01 18,26.49359893798828,0.0,0.0,85.9756088256836
2014-01-01 19,26.849218368530273,0.0,169.7154541015625,0.0
2014-01-01 20,28.093883514404297,0.0,184.4512176513672,0.0
2014-01-01 21,0.0,0.0,205.2845458984375,90.24390411376953
2014-01-01 22,25.78236198425293,0.0,178.86178588867188,88.10975646972656
2014-01-01 23,25.426742553710938,0.0,158.02845764160156,84.75609588623047
2014-01-02 00,0.0,0.0,148.3739776611328,76.82926940917969
2014-01-02 01,22.048364639282227,0.0,0.0,65.54878234863281
2014-01-02 02,21.337125778198242,0.0,0.0,63.719512939453125
2014-01-02 03,21.159317016601562,0.0,0.0,66.76829528808594
2014-01-02 04,0.0,1.7376195192337036,98.06910705566406,0.0
2014-01-02 05,21.159317016601562,0.0,99.59349822998047,63.10975646972656
2014-01-02 06,22.403982162475586,0.0,92.47967529296875,68.59756469726562
2014-01-02 07,25.96017074584961,1.7376195192337036,107.21544647216797,0.0
2014-01-02 08,28.44950294494629,1.7376195192337036,103.15040588378906,58.84146499633789
2014-01-02 09,13.869132041931152,1.9548219442367554,107.72357940673828,61.280487060546875
2014-01-02 10,21.870553970336914,0.0,115.34552764892578,0.0
2014-01-02 11,29.516359329223633,1.7376195192337036,135.6707305908203,63.719512939453125
2014-01-02 12,0.0,1.7376195192337036,167.68292236328125,66.46341705322266
2014-01-02 13,30.761024475097656,1.7376195192337036,155.48780822753906,66.46341705322266
2014-01-02 14,0.0,1.5204169750213623,0.0,0.0
2014-01-02 15,28.271692276000977,1.5204169750213623,153.96340942382812,0.0
2014-01-02 16,26.849218368530273,1.7376195192337036,165.65040588378906,74.39024353027344
2014-01-02 17,27.204835891723633,1.7376195192337036,176.8292694091797,85.67073059082031
2014-01-02 18,0.0,1.5204169750213623,226.6260223388672,110.9756088256836
2014-01-02 19,0.0,1.7376195192337036,241.8699188232422,0.0
2014-01-02 20,31.11664390563965,1.9548219442367554,217.98780822753906,0.0
2014-01-02 21,28.80512046813965,1.7376195192337036,0.0,0.0
2014-01-02 22,0.0,1.7376195192337036,0.0,88.10975646972656
2014-01-02 23,25.426742553710938,1.7376195192337036,177.33740234375,90.8536605834961
2014-01-03 00,24.182077407836914,1.7376195192337036,157.52032470703125,0.0
2014-01-03 01,22.226173400878906,0.0,132.1138153076172,62.80487823486328
2014-01-03 02,0.0,0.0,0.0,59.45121765136719
2014-01-03 03,0.0,1.7376195192337036,108.23170471191406,0.0
2014-01-03 04,21.337125778198242,1.7376195192337036,111.78861999511719,61.280487060546875
2014-01-03 05,0.0,1.7376195192337036,101.11788940429688,57.0121955871582
2014-01-03 06,0.0,1.7376195192337036,98.57723236083984,0.0
2014-01-03 07,26.49359893798828,0.0,114.32926940917969,0.0
2014-01-03 08,0.0,1.7376195192337036,0.0,57.0121955871582
2014-01-03 09,32.36130905151367,0.8688097596168518,105.69105529785156,59.45121765136719
2014-01-03 10,33.2503547668457,0.0,112.80487823486328,0.0
2014-01-03 11,32.18349838256836,1.3032145500183105,125.0,0.0
2014-01-03 12,32.894737243652344,0.0,0.0,0.0
2014-01-03 13,31.294452667236328,1.7376195192337036,141.76829528808594,0.0
2014-01-03 14,29.694168090820312,1.7376195192337036,122.4593505859375,59.45121765136719
2014-01-03 15,27.560455322265625,1.7376195192337036,123.9837417602539,59.75609588623047
2014-01-03 16,0.0,0.0,126.5243911743164,62.19512176513672
2014-01-03 17,0.0,1.5204169750213623,0.0,0.0
2014-01-03 18,27.916074752807617,2.1720242500305176,234.2479705810547,92.3780517578125
2014-01-03 19,0.0,1.7376195192337036,0.0,99.08536529541016
2014-01-03 20,29.694168090820312,2.823631525039673,0.0,0.0
2014-01-03 21,0.0,1.7376195192337036,199.69512939453125,0.0
2014-01-03 22,0.0,0.0,193.59756469726562,79.26829528808594
2014-01-03 23,25.248933792114258,1.7376195192337036,185.97561645507812,0.0
2014-01-04 00,24.537694931030273,1.7376195192337036,161.07723999023438,72.86585235595703
2014-01-04 01,22.5817928314209,0.0,0.0,67.98780822753906
2014-01-04 02,22.048364639282227,1.7376195192337036,0.0,60.67073059082031
2014-01-04 03,21.337125778198242,0.0,0.0,66.46341705322266
2014-01-04 04,0.0,0.0,0.0,56.09756088256836
2014-01-04 05,21.514936447143555,2.1720242500305176,0.0,0.0
2014-01-04 06,0.0,0.0,0.0,60.975608825683594
2014-01-04 07,0.0,1.7376195192337036,0.0,0.0
2014-01-04 08,0.0,0.0,96.54471588134766,0.0
2014-01-04 09,0.0,3.0408339500427246,108.73983764648438,0.0
2014-01-04 10,30.049787521362305,1.9548219442367554,133.63821411132812,59.75609588623047
2014-01-04 11,0.0,1.7376195192337036,165.65040588378906,68.90243530273438
2014-01-04 12,33.428165435791016,1.7376195192337036,0.0,68.29268646240234
2014-01-04 13,0.0,1.7376195192337036,0.0,55.182926177978516
2014-01-04 14,0.0,1.7376195192337036,0.0,0.0
2014-01-04 15,0.0,1.7376195192337036,156.50405883789062,66.76829528808594
2014-01-04 16,0.0,1.7376195192337036,0.0,0.0
2014-01-04 17,28.62731170654297,0.0,167.68292236328125,0.0
2014-01-04 18,28.80512046813965,0.0,215.95529174804688,94.51219177246094
2014-01-04 19,29.871976852416992,0.0,233.73983764648438,99.08536529541016
2014-01-04 20,29.871976852416992,0.0,218.49594116210938,95.42682647705078
2014-01-04 21,28.271692276000977,1.7376195192337036,211.38211059570312,0.0
2014-01-04 22,0.0,0.0,0.0,84.45121765136719
2014-01-04 23,25.426742553710938,0.0,0.0,76.21951293945312
2014-01-05 00,0.0,0.0,150.40650939941406,0.0
2014-01-05 01,0.0,3.4752390384674072,0.0,71.03658294677734
2014-01-05 02,0.0,1.7376195192337036,109.75609588623047,0.0
2014-01-05 03,21.159317016601562,1.5204169750213623,0.0,0.0
2014-01-05 04,0.0,1.5204169750213623,0.0,63.10975646972656
2014-01-05 05,21.337125778198242,0.0,0.0,58.53658676147461
2014-01-05 06,21.692745208740234,0.0,92.47967529296875,0.0
2014-01-05 07,22.226173400878906,1.7376195192337036,0.0,57.92683029174805
2014-01-05 08,24.537694931030273,0.0,0.0,49.085365295410156
2014-01-05 09,29.16073989868164,1.7376195192337036,114.32926940917969,60.06097412109375
2014-01-05 10,0.0,1.7376195192337036,0.0,64.63414764404297
2014-01-05 11,0.0,1.7376195192337036,0.0,70.42682647705078
2014-01-05 12,0.0,1.7376195192337036,0.0,72.86585235595703
2014-01-05 13,35.02845001220703,1.7376195192337036,0.0,0.0
2014-01-05 14,33.428165435791016,1.7376195192337036,0.0,0.0
2014-01-05 15,30.227596282958984,0.0,157.01219177246094,63.719512939453125
2014-01-05 16,29.33854866027832,0.0,140.7520294189453,0.0
2014-01-05 17,27.382646560668945,1.7376195192337036,163.10975646972656,0.0
2014-01-05 18,30.405405044555664,1.7376195192337036,0.0,0.0
2014-01-05 19,0.0,1.9548219442367554,211.38211059570312,0.0
2014-01-05 20,0.0,0.0,204.77642822265625,86.58536529541016
2014-01-05 21,28.80512046813965,1.7376195192337036,206.80894470214844,79.8780517578125
2014-01-05 22,26.67140769958496,1.7376195192337036,176.32113647460938,78.3536605834961
2014-01-05 23,0.0,0.0,166.6666717529297,0.0
2014-01-06 00,0.0,0.0,139.73577880859375,0.0
2014-01-06 01,22.226173400878906,1.7376195192337036,122.96747589111328,60.67073059082031
2014-01-06 02,21.692745208740234,1.7376195192337036,104.16666412353516,55.182926177978516
2014-01-06 03,20.981508255004883,0.0,102.64227294921875,59.14634323120117
2014-01-06 04,0.0,0.0,0.0,53.65853500366211
2014-01-06 05,21.337125778198242,1.7376195192337036,100.60975646972656,51.219512939453125
2014-01-06 06,0.0,0.0,0.0,54.57316970825195
2014-01-06 07,32.00569152832031,0.0,0.0,0.0
2014-01-06 08,0.0,1.7376195192337036,121.95121765136719,59.14634323120117
2014-01-06 09,29.33854866027832,1.7376195192337036,0.0,0.0
2014-01-06 10,0.0,1.7376195192337036,102.13414764404297,74.69512176513672
2014-01-06 11,28.62731170654297,0.0,114.83739471435547,0.0
2014-01-06 12,28.80512046813965,1.3032145500183105,0.0,0.0
2014-01-06 13,27.916074752807617,1.5204169750213623,114.32926940917969,68.90243530273438
2014-01-06 14,0.0,0.0,102.13414764404297,69.81707000732422
2014-01-06 15,26.49359893798828,0.0,123.4756088256836,0.0
2014-01-06 16,27.204835891723633,1.7376195192337036,0.0,0.0
2014-01-06 17,0.0,1.7376195192337036,0.0,92.98780822753906
2014-01-06 18,29.516359329223633,0.0,188.51626586914062,109.1463394165039
2014-01-06 19,32.539119720458984,1.7376195192337036,221.54470825195312,121.03658294677734
2014-01-06 20,0.0,1.7376195192337036,217.47967529296875,99.39024353027344
2014-01-06 21,0.0,1.7376195192337036,201.21951293945312,98.4756088256836
2014-01-06 22,0.0,1.7376195192337036,175.81300354003906,89.93902587890625
2014-01-06 23,0.0,0.0,0.0,0.0
2014-01-07 00,24.893314361572266,1.7376195192337036,130.081298828125,71.95121765136719
2014-01-07 01,23.29302978515625,1.7376195192337036,112.29674530029297,0.0
2014-01-07 02,0.0,1.7376195192337036,99.08536529541016,64.32926940917969
2014-01-07 03,0.0,0.0,0.0,68.90243530273438
2014-01-07 04,23.11522102355957,1.7376195192337036,95.52845764160156,63.414634704589844
2014-01-07 05,22.759601593017578,1.7376195192337036,106.19918823242188,66.15853881835938
2014-01-07 06,24.893314361572266,1.7376195192337036,0.0,71.34146118164062
2014-01-07 07,0.0,0.0,0.0,0.0
2014-01-07 08,32.18349838256836,1.7376195192337036,106.19918823242188,64.63414764404297
2014-01-07 09,0.0,0.0,0.0,0.0
2014-01-07 10,30.405405044555664,0.0,0.0,63.414634704589844
2014-01-07 11,30.049787521362305,0.0,0.0,0.0
2014-01-07 12,29.516359329223633,0.0,126.5243911743164,67.3780517578125
2014-01-07 13,30.049787521362305,1.7376195192337036,116.36178588867188,0.0
2014-01-07 14,0.0,0.0,105.18292999267578,58.23170852661133
2014-01-07 15,0.0,1.7376195192337036,0.0,66.15853881835938
2014-01-07 16,27.204835891723633,1.7376195192337036,117.3780517578125,0.0
2014-01-07 17,27.738264083862305,0.0,135.16259765625,75.30487823486328
2014-01-07 18,30.049787521362305,2.1720242500305176,0.0,89.32926940917969
2014-01-07 19,33.2503547668457,1.7376195192337036,0.0,101.82926940917969
2014-01-07 20,0.0,0.0,224.0853729248047,93.90243530273438
2014-01-07 21,31.650070190429688,0.0,0.0,81.70731353759766
2014-01-07 22,0.0,1.7376195192337036,188.51626586914062,76.5243911743164
2014-01-07 23,0.0,0.0,0.0,0.0
2014-01-08 00,25.071123123168945,0.0,135.16259765625,55.182926177978516
2014-01-08 01,23.29302978515625,1.7376195192337036,0.0,58.84146499633789
2014-01-08 02,22.759601593017578,1.5204169750213623,90.95528411865234,0.0
2014-01-08 03,22.403982162475586,1.7376195192337036,90.44715118408203,56.40243911743164
2014-01-08 04,22.759601593017578,1.7376195192337036,0.0,48.17073059082031
2014-01-08 05,0.0,1.7376195192337036,95.52845764160156,0.0
2014-01-08 06,25.426742553710938,1.7376195192337036,94.51219177246094,0.0
2014-01-08 07,33.072547912597656,1.7376195192337036,122.96747589111328,59.14634323120117
2014-01-08 08,0.0,0.0,111.28048706054688,0.0
2014-01-08 09,33.2503547668457,1.7376195192337036,108.23170471191406,57.621952056884766
2014-01-08 10,32.36130905151367,1.5204169750213623,0.0,0.0
2014-01-08 11,31.472261428833008,1.5204169750213623,97.05284881591797,63.414634704589844
2014-01-08 12,0.0,1.5204169750213623,115.8536605834961,69.20731353759766
2014-01-08 13,0.0,1.7376195192337036,107.21544647216797,65.8536605834961
2014-01-08 14,0.0,1.5204169750213623,0.0,66.46341705322266
2014-01-08 15,0.0,1.5204169750213623,120.42682647705078,0.0
2014-01-08 16,29.16073989868164,1.7376195192337036,118.3943099975586,61.280487060546875
2014-01-08 17,28.093883514404297,0.0,0.0,80.79268646240234
2014-01-08 18,30.583215713500977,2.606429100036621,0.0,0.0
2014-01-08 19,0.0,1.7376195192337036,243.90243530273438,97.86585235595703
2014-01-08 20,0.0,0.0,0.0,90.54878234863281
2014-01-08 21,33.072547912597656,1.7376195192337036,0.0,94.20731353759766
2014-01-08 22,28.44950294494629,0.0,169.2073211669922,0.0
2014-01-08 23,27.382646560668945,1.7376195192337036,147.35772705078125,0.0
2014-01-09 00,0.0,1.7376195192337036,117.88617706298828,71.03658294677734
2014-01-09 01,0.0,0.0,104.67479705810547,66.15853881835938
2014-01-09 02,22.759601593017578,1.7376195192337036,85.36585235595703,58.23170852661133
2014-01-09 03,22.403982162475586,1.7376195192337036,0.0,62.5
2014-01-09 04,22.759601593017578,0.0,85.36585235595703,0.0
2014-01-09 05,22.759601593017578,1.7376195192337036,0.0,57.621952056884766
2014-01-09 06,25.248933792114258,1.7376195192337036,0.0,0.0
2014-01-09 07,32.539119720458984,1.7376195192337036,0.0,0.0
2014-01-09 08,32.539119720458984,1.7376195192337036,0.0,0.0
2014-01-09 09,0.0,0.0,118.3943099975586,60.67073059082031
2014-01-09 10,30.405405044555664,0.0,104.16666412353516,0.0
2014-01-09 11,31.650070190429688,1.7376195192337036,0.0,52.43902587890625
2014-01-09 12,31.650070190429688,1.7376195192337036,0.0,53.96341323852539
2014-01-09 13,31.11664390563965,0.0,0.0,0.0
2014-01-09 14,0.0,0.0,103.65853881835938,0.0
2014-01-09 15,21.159317016601562,1.5204169750213623,0.0,0.0
2014-01-09 16,28.80512046813965,1.7376195192337036,103.65853881835938,0.0
2014-01-09 17,0.0,1.7376195192337036,131.09756469726562,51.219512939453125
2014-01-09 18,0.0,0.0,0.0,86.28048706054688
2014-01-09 19,33.428165435791016,1.7376195192337036,0.0,0.0
2014-01-09 20,33.2503547668457,0.0,226.6260223388672,94.81707000732422
2014-01-09 21,32.71692657470703,0.0,0.0,83.53658294677734
2014-01-09 22,28.80512046813965,1.7376195192337036,187.5,0.0
2014-01-09 23,27.204835891723633,0.0,159.04470825195312,0.0
2014-01-10 00,0.0,0.0,129.06504821777344,59.75609588623047
2014-01-10 01,0.0,1.7376195192337036,116.36178588867188,61.280487060546875
2014-01-10 02,23.11522102355957,0.0,0.0,0.0
2014-01-10 03,22.5817928314209,1.7376195192337036,97.56097412109375,0.0
2014-01-10 04,22.937410354614258,0.0,88.41463470458984,50.60975646972656
2014-01-10 05,0.0,0.0,0.0,0.0
2014-01-10 06,25.248933792114258,1.7376195192337036,0.0,0.0
2014-01-10 07,0.0,1.7376195192337036,104.16666412353516,63.414634704589844
2014-01-10 08,0.0,1.7376195192337036,101.62601470947266,57.0121955871582
2014-01-10 09,0.0,0.8688097596168518,0.0,53.04878234863281
2014-01-10 10,0.0,0.0,0.0,0.0
2014-01-10 11,31.827880859375,0.0,0.0,0.0
2014-01-10 12,0.0,0.0,125.0,56.40243911743164
2014-01-10 13,31.472261428833008,1.7376195192337036,113.82113647460938,0.0
2014-01-10 14,0.0,1.7376195192337036,0.0,50.0
2014-01-10 15,29.694168090820312,0.0,109.75609588623047,0.0
2014-01-10 16,0.0,1.7376195192337036,116.86991882324219,0.0
2014-01-10 17,29.33854866027832,1.5204169750213623,129.06504821777344,0.0
2014-01-10 18,30.049787521362305,0.0,0.0,0.0
2014-01-10 19,0.0,1.7376195192337036,0.0,0.0
2014-01-10 20,0.0,0.0,212.90650939941406,101.21951293945312
2014-01-10 21,0.0,1.7376195192337036,187.5,90.54878234863281
2014-01-10 22,0.0,1.7376195192337036,0.0,0.0
2014-01-10 23,0.0,1.7376195192337036,0.0,0.0
2014-01-11 00,25.604551315307617,1.7376195192337036,133.1300811767578,0.0
2014-01-11 01,23.648649215698242,1.7376195192337036,115.8536605834961,0.0
2014-01-11 02,0.0,1.7376195192337036,90.95528411865234,0.0
2014-01-11 03,0.0,1.7376195192337036,87.39837646484375,0.0
2014-01-11 04,0.0,1.7376195192337036,0.0,56.09756088256836
2014-01-11 05,0.0,2.1720242500305176,87.90650177001953,50.30487823486328
2014-01-11 06,23.648649215698242,0.0,77.23577117919922,54.26829147338867
2014-01-11 07,24.715505599975586,0.0,92.98780822753906,0.0
2014-01-11 08,28.98293113708496,2.1720242500305176,97.56097412109375,50.0
2014-01-11 09,34.139404296875,3.0408339500427246,130.081298828125,56.09756088256836
2014-01-11 10,0.0,1.9548219442367554,139.22764587402344,0.0
2014-01-11 11,34.139404296875,0.0,158.53659057617188,0.0
2014-01-11 12,0.0,0.0,0.0,68.29268646240234
2014-01-11 13,0.0,1.7376195192337036,0.0,0.0
2014-01-11 14,33.60597610473633,1.7376195192337036,142.7845458984375,0.0
2014-01-11 15,32.539119720458984,1.7376195192337036,0.0,76.21951293945312
2014-01-11 16,31.11664390563965,0.0,135.6707305908203,0.0
2014-01-11 17,30.761024475097656,1.9548219442367554,166.15853881835938,79.57317352294922
2014-01-11 18,31.650070190429688,1.7376195192337036,0.0,92.07317352294922
2014-01-11 19,0.0,1.7376195192337036,261.1788635253906,96.03658294677734
2014-01-11 20,0.0,1.7376195192337036,214.43089294433594,0.0
2014-01-11 21,29.694168090820312,1.7376195192337036,207.31707763671875,86.89024353027344
2014-01-11 22,0.0,0.0,174.7967529296875,87.19512176513672
2014-01-11 23,26.67140769958496,0.0,153.45529174804688,0.0
2014-01-12 00,25.604551315307617,1.7376195192337036,0.0,0.0
2014-01-12 01,23.47083854675293,0.0,0.0,63.10975646972656
2014-01-12 02,23.29302978515625,0.0,0.0,68.59756469726562
2014-01-12 03,0.0,0.0,95.52845764160156,0.0
2014-01-12 04,22.937410354614258,1.5204169750213623,0.0,51.219512939453125
2014-01-12 05,22.5817928314209,1.7376195192337036,89.43089294433594,51.82926940917969
2014-01-12 06,0.0,0.0,0.0,54.26829147338867
2014-01-12 07,23.648649215698242,0.0,0.0,51.82926940917969
2014-01-12 08,25.96017074584961,0.0,0.0,48.475608825683594
2014-01-12 09,0.0,1.7376195192337036,0.0,0.0
2014-01-12 10,0.0,1.7376195192337036,142.7845458984375,61.585365295410156
2014-01-12 11,35.91749572753906,1.7376195192337036,196.13821411132812,0.0
2014-01-12 12,33.428165435791016,0.0,197.1544647216797,0.0
2014-01-12 13,32.894737243652344,0.0,153.45529174804688,0.0
2014-01-12 14,32.71692657470703,1.7376195192337036,144.30894470214844,0.0
2014-01-12 15,0.0,1.5204169750213623,135.16259765625,0.0
2014-01-12 16,28.62731170654297,0.0,141.26016235351562,52.13414764404297
2014-01-12 17,28.093883514404297,1.7376195192337036,154.47154235839844,0.0
2014-01-12 18,30.405405044555664,0.0,0.0,0.0
2014-01-12 19,0.0,1.9548219442367554,201.21951293945312,91.15853881835938
2014-01-12 20,0.0,1.7376195192337036,182.418701171875,79.57317352294922
2014-01-12 21,29.871976852416992,1.7376195192337036,178.86178588867188,87.19512176513672
2014-01-12 22,27.382646560668945,1.7376195192337036,0.0,82.6219482421875
2014-01-12 23,0.0,0.0,156.50405883789062,0.0
2014-01-13 00,0.0,1.7376195192337036,135.6707305908203,0.0
2014-01-13 01,0.0,0.0,105.69105529785156,0.0
2014-01-13 02,23.11522102355957,0.0,100.60975646972656,0.0
2014-01-13 03,0.0,1.5204169750213623,93.49593353271484,66.46341705322266
2014-01-13 04,22.937410354614258,0.0,80.79268646240234,0.0
2014-01-13 05,0.0,0.0,0.0,51.219512939453125
2014-01-13 06,25.604551315307617,1.7376195192337036,83.33333587646484,0.0
2014-01-13 07,0.0,1.7376195192337036,111.28048706054688,0.0
2014-01-13 08,32.894737243652344,1.7376195192337036,0.0,0.0
2014-01-13 09,32.00569152832031,0.0,0.0,0.0
2014-01-13 10,32.894737243652344,1.7376195192337036,103.15040588378906,0.0
2014-01-13 11,30.761024475097656,0.0,0.0,61.585365295410156
2014-01-13 12,0.0,1.3032145500183105,102.13414764404297,0.0
2014-01-13 13,30.761024475097656,1.5204169750213623,97.56097412109375,64.32926940917969
2014-01-13 14,30.761024475097656,0.0,93.49593353271484,0.0
2014-01-13 15,0.0,0.0,105.18292999267578,0.0
2014-01-13 16,0.0,1.7376195192337036,96.03658294677734,66.46341705322266
2014-01-13 17,28.80512046813965,1.7376195192337036,127.03252410888672,78.04878234863281
2014-01-13 18,30.761024475097656,2.1720242500305176,0.0,115.24390411376953
2014-01-13 19,0.0,0.0,236.7886199951172,117.3780517578125
2014-01-13 20,0.0,1.7376195192337036,228.65853881835938,112.5
2014-01-13 21,32.36130905151367,0.0,230.69105529785156,0.0
2014-01-13 22,0.0,1.7376195192337036,0.0,87.80487823486328
2014-01-13 23,26.849218368530273,0.0,160.56910705566406,82.6219482421875
2014-01-14 00,24.893314361572266,1.7376195192337036,133.63821411132812,0.0
2014-01-14 01,0.0,0.0,0.0,60.06097412109375
2014-01-14 02,23.29302978515625,1.7376195192337036,104.16666412353516,60.67073059082031
2014-01-14 03,22.5817928314209,1.7376195192337036,101.62601470947266,64.93902587890625
2014-01-14 04,23.29302978515625,1.7376195192337036,96.03658294677734,58.84146499633789
2014-01-14 05,22.937410354614258,0.0,92.98780822753906,0.0
2014-01-14 06,0.0,1.7376195192337036,85.87398529052734,0.0
2014-01-14 07,32.71692657470703,0.0,0.0,69.20731353759766
2014-01-14 08,0.0,1.7376195192337036,99.59349822998047,0.0
2014-01-14 09,29.694168090820312,0.0,0.0,63.414634704589844
2014-01-14 10,29.871976852416992,0.0,0.0,65.8536605834961
2014-01-14 11,33.072547912597656,1.5204169750213623,104.67479705810547,0.0
2014-01-14 12,29.516359329223633,1.3032145500183105,103.15040588378906,70.42682647705078
2014-01-14 13,30.227596282958984,1.7376195192337036,0.0,0.0
2014-01-14 14,29.694168090820312,0.0,90.95528411865234,0.0
2014-01-14 15,27.916074752807617,1.7376195192337036,105.18292999267578,69.51219177246094
2014-01-14 16,27.916074752807617,1.7376195192337036,112.80487823486328,66.46341705322266
2014-01-14 17,0.0,1.7376195192337036,0.0,0.0
2014-01-14 18,30.583215713500977,2.1720242500305176,169.2073211669922,95.1219482421875
2014-01-14 19,33.2503547668457,1.7376195192337036,245.4268341064453,107.31707000732422
2014-01-14 20,0.0,1.7376195192337036,0.0,0.0
2014-01-14 21,31.472261428833008,1.7376195192337036,204.26829528808594,85.36585235595703
2014-01-14 22,28.98293113708496,1.7376195192337036,0.0,0.0
2014-01-14 23,0.0,1.7376195192337036,151.42276000976562,0.0
2014-01-15 00,24.715505599975586,0.0,132.6219482421875,0.0
2014-01-15 01,22.937410354614258,1.7376195192337036,108.73983764648438,0.0
2014-01-15 02,22.937410354614258,0.0,91.97154235839844,67.98780822753906
2014-01-15 03,0.0,1.7376195192337036,0.0,0.0
2014-01-15 04,22.5817928314209,1.7376195192337036,0.0,58.53658676147461
2014-01-15 05,22.5817928314209,1.7376195192337036,0.0,62.80487823486328
2014-01-15 06,25.248933792114258,1.7376195192337036,0.0,0.0
2014-01-15 07,33.072547912597656,0.0,115.8536605834961,0.0
2014-01-15 08,0.0,0.0,0.0,57.317073822021484
2014-01-15 09,0.0,1.7376195192337036,107.21544647216797,0.0
2014-01-15 10,29.694168090820312,1.5204169750213623,110.26422882080078,61.585365295410156
2014-01-15 11,30.049787521362305,1.5204169750213623,128.55691528320312,63.10975646972656
2014-01-15 12,30.227596282958984,0.0,0.0,61.280487060546875
2014-01-15 13,30.227596282958984,1.7376195192337036,0.0,58.53658676147461
2014-01-15 14,30.227596282958984,1.5204169750213623,0.0,0.0
2014-01-15 15,28.62731170654297,1.5204169750213623,0.0,0.0
2014-01-15 16,29.16073989868164,0.0,0.0,66.15853881835938
2014-01-15 17,29.33854866027832,2.1720242500305176,145.32521057128906,75.0
2014-01-15 18,0.0,2.606429100036621,0.0,91.46341705322266
2014-01-15 19,0.0,1.7376195192337036,0.0,0.0
2014-01-15 20,34.139404296875,0.0,226.11788940429688,92.07317352294922
2014-01-15 21,30.938833236694336,1.7376195192337036,0.0,0.0
2014-01-15 22,0.0,0.0,200.2032470703125,87.80487823486328
2014-01-15 23,26.3157901763916,0.0,0.0,74.69512176513672
2014-01-16 00,24.715505599975586,0.0,0.0,0.0
2014-01-16 01,23.11522102355957,0.0,108.73983764648438,0.0
2014-01-16 02,22.759601593017578,0.0,102.13414764404297,53.65853500366211
2014-01-16 03,0.0,1.7376195192337036,100.60975646972656,59.75609588623047
2014-01-16 04,0.0,0.0,0.0,0.0
2014-01-16 05,22.759601593017578,0.0,94.51219177246094,51.524391174316406
2014-01-16 06,0.0,0.0,0.0,0.0
2014-01-16 07,32.894737243652344,1.7376195192337036,113.3130111694336,0.0
2014-01-16 08,33.072547912597656,1.7376195192337036,96.54471588134766,57.621952056884766
2014-01-16 09,0.0,1.9548219442367554,108.73983764648438,66.76829528808594
2014-01-16 10,30.938833236694336,1.7376195192337036,132.6219482421875,0.0
2014-01-16 11,31.11664390563965,1.7376195192337036,0.0,64.63414764404297
2014-01-16 12,0.0,1.7376195192337036,121.4430923461914,62.80487823486328
2014-01-16 13,0.0,0.0,110.77235412597656,57.621952056884766
2014-01-16 14,30.761024475097656,1.5204169750213623,0.0,58.53658676147461
2014-01-16 15,0.0,1.5204169750213623,111.28048706054688,0.0
2014-01-16 16,0.0,1.7376195192337036,0.0,57.0121955871582
2014-01-16 17,0.0,0.0,128.55691528320312,66.15853881835938
2014-01-16 18,0.0,1.5204169750213623,190.0406494140625,93.29268646240234
2014-01-16 19,0.0,1.7376195192337036,0.0,0.0
2014-01-16 20,34.85063934326172,0.0,0.0,102.43902587890625
2014-01-16 21,0.0,0.0,220.02032470703125,0.0
2014-01-16 22,0.0,1.7376195192337036,0.0,0.0
2014-01-16 23,27.027027130126953,1.7376195192337036,171.23983764648438,84.45121765136719
2014-01-17 00,25.071123123168945,1.7376195192337036,140.7520294189453,75.60975646972656
2014-01-17 01,23.29302978515625,1.7376195192337036,119.41056823730469,0.0
2014-01-17 02,0.0,0.0,0.0,62.19512176513672
2014-01-17 03,22.403982162475586,0.0,107.72357940673828,0.0
2014-01-17 04,22.759601593017578,0.0,0.0,63.10975646972656
2014-01-17 05,22.759601593017578,0.0,0.0,70.73170471191406
2014-01-17 06,0.0,0.0,92.47967529296875,75.91463470458984
2014-01-17 07,33.428165435791016,1.7376195192337036,0.0,72.86585235595703
2014-01-17 08,0.0,1.7376195192337036,0.0,0.0
2014-01-17 09,32.00569152832031,0.0,118.90243530273438,65.8536605834961
2014-01-17 10,0.0,0.0,115.34552764892578,65.54878234863281
2014-01-17 11,0.0,1.3032145500183105,0.0,0.0
2014-01-17 12,0.0,1.3032145500183105,0.0,56.09756088256836
2014-01-17 13,0.0,1.7376195192337036,113.82113647460938,0.0
2014-01-17 14,0.0,0.0,0.0,0.0
2014-01-17 15,28.62731170654297,0.0,0.0,57.317073822021484
2014-01-17 16,0.0,0.0,0.0,59.75609588623047
2014-01-17 17,0.0,0.0,151.42276000976562,0.0
2014-01-17 18,0.0,2.1720242500305176,205.2845458984375,0.0
2014-01-17 19,0.0,0.0,245.4268341064453,0.0
2014-01-17 20,31.650070190429688,2.823631525039673,253.0487823486328,90.54878234863281
2014-01-17 21,0.0,1.7376195192337036,217.98780822753906,86.58536529541016
2014-01-17 22,0.0,1.7376195192337036,0.0,85.36585235595703
2014-01-17 23,26.849218368530273,1.7376195192337036,0.0,0.0
2014-01-18 00,0.0,1.7376195192337036,0.0,0.0
2014-01-18 01,23.648649215698242,1.7376195192337036,121.4430923461914,0.0
2014-01-18 02,23.29302978515625,1.7376195192337036,105.18292999267578,55.79268264770508
2014-01-18 03,0.0,1.7376195192337036,99.59349822998047,55.182926177978516
2014-01-18 04,0.0,1.7376195192337036,0.0,50.60975646972656
2014-01-18 05,22.759601593017578,2.1720242500305176,86.38211059570312,55.4878044128418
2014-01-18 06,23.29302978515625,1.7376195192337036,80.28455352783203,0.0
2014-01-18 07,0.0,1.7376195192337036,88.92276763916016,60.975608825683594
2014-01-18 08,0.0,0.0,0.0,51.524391174316406
2014-01-18 09,0.0,0.0,0.0,0.0
2014-01-18 10,33.96159362792969,1.9548219442367554,171.23983764648438,0.0
2014-01-18 11,35.5618782043457,1.7376195192337036,210.8739776611328,0.0
2014-01-18 12,0.0,0.0,188.0081329345703,60.06097412109375
2014-01-18 13,0.0,1.7376195192337036,172.256103515625,0.0
2014-01-18 14,0.0,1.7376195192337036,0.0,68.90243530273438
2014-01-18 15,32.36130905151367,1.7376195192337036,174.7967529296875,73.4756088256836
2014-01-18 16,30.227596282958984,1.7376195192337036,171.23983764648438,64.32926940917969
2014-01-18 17,30.583215713500977,1.9548219442367554,176.32113647460938,70.73170471191406
2014-01-18 18,0.0,0.0,0.0,86.28048706054688
2014-01-18 19,31.294452667236328,0.0,0.0,95.73170471191406
2014-01-18 20,31.294452667236328,0.0,254.06504821777344,94.20731353759766
2014-01-18 21,29.516359329223633,1.7376195192337036,211.89024353027344,98.4756088256836
2014-01-18 22,26.849218368530273,1.7376195192337036,190.5487823486328,0.0
2014-01-18 23,26.849218368530273,1.7376195192337036,194.6138153076172,93.59756469726562
2014-01-19 00,25.96017074584961,0.0,0.0,81.70731353759766
2014-01-19 01,0.0,0.0,117.88617706298828,74.39024353027344
2014-01-19 02,23.29302978515625,1.7376195192337036,103.15040588378906,67.07317352294922
2014-01-19 03,22.759601593017578,1.5204169750213623,0.0,56.09756088256836
2014-01-19 04,22.937410354614258,1.5204169750213623,92.47967529296875,55.4878044128418
2014-01-19 05,0.0,1.7376195192337036,82.31707000732422,0.0
2014-01-19 06,0.0,1.7376195192337036,84.85772705078125,0.0
2014-01-19 07,23.826457977294922,0.0,0.0,59.45121765136719
2014-01-19 08,0.0,1.7376195192337036,0.0,0.0
2014-01-19 09,0.0,1.7376195192337036,0.0,0.0
2014-01-19 10,0.0,1.7376195192337036,0.0,59.75609588623047
2014-01-19 11,0.0,1.7376195192337036,194.6138153076172,0.0
2014-01-19 12,34.67283248901367,1.7376195192337036,184.9593505859375,0.0
2014-01-19 13,0.0,1.7376195192337036,0.0,67.3780517578125
2014-01-19 14,0.0,0.0,130.081298828125,69.51219177246094
2014-01-19 15,31.650070190429688,0.0,138.2113800048828,65.8536605834961
2014-01-19 16,29.694168090820312,0.0,140.7520294189453,0.0
2014-01-19 17,28.80512046813965,1.7376195192337036,0.0,70.42682647705078
2014-01-19 18,29.16073989868164,1.7376195192337036,0.0,91.76829528808594
2014-01-19 19,32.539119720458984,0.0,0.0,0.0
2014-01-19 20,33.2503547668457,0.0,226.6260223388672,0.0
2014-01-19 21,0.0,1.7376195192337036,0.0,91.76829528808594
2014-01-19 22,27.738264083862305,0.0,172.256103515625,0.0
2014-01-19 23,26.49359893798828,0.0,155.48780822753906,0.0
2014-01-20 00,25.248933792114258,1.7376195192337036,132.1138153076172,0.0
2014-01-20 01,0.0,1.7376195192337036,107.21544647216797,63.719512939453125
2014-01-20 02,0.0,1.7376195192337036,97.05284881591797,55.79268264770508
2014-01-20 03,0.0,1.5204169750213623,89.43089294433594,0.0
2014-01-20 04,22.759601593017578,1.7376195192337036,0.0,56.70731735229492
2014-01-20 05,0.0,1.7376195192337036,0.0,57.317073822021484
2014-01-20 06,25.604551315307617,1.7376195192337036,0.0,61.280487060546875
2014-01-20 07,0.0,0.0,115.34552764892578,67.07317352294922
2014-01-20 08,0.0,0.0,0.0,0.0
2014-01-20 09,31.827880859375,0.0,92.98780822753906,0.0
2014-01-20 10,31.472261428833008,1.7376195192337036,103.65853881835938,0.0
2014-01-20 11,30.761024475097656,0.0,0.0,0.0
2014-01-20 12,0.0,1.3032145500183105,127.5406494140625,0.0
2014-01-20 13,31.294452667236328,1.5204169750213623,93.49593353271484,70.42682647705078
2014-01-20 14,30.938833236694336,0.0,0.0,65.8536605834961
2014-01-20 15,29.516359329223633,1.5204169750213623,100.60975646972656,74.08536529541016
2014-01-20 16,28.98293113708496,1.7376195192337036,107.21544647216797,79.8780517578125
2014-01-20 17,0.0,1.7376195192337036,140.7520294189453,0.0
2014-01-20 18,0.0,0.0,184.9593505859375,110.36585235595703
2014-01-20 19,0.0,0.0,246.44308471679688,0.0
2014-01-20 20,34.67283248901367,1.7376195192337036,235.77235412597656,106.40243530273438
2014-01-20 21,32.18349838256836,1.7376195192337036,234.756103515625,0.0
2014-01-20 22,0.0,1.7376195192337036,195.6300811767578,0.0
2014-01-20 23,26.849218368530273,1.7376195192337036,0.0,85.67073059082031
2014-01-21 00,25.071123123168945,0.0,139.22764587402344,75.30487823486328
2014-01-21 01,0.0,1.7376195192337036,107.72357940673828,66.15853881835938
2014-01-21 02,0.0,1.7376195192337036,0.0,62.80487823486328
2014-01-21 03,22.759601593017578,1.7376195192337036,105.18292999267578,70.42682647705078
2014-01-21 04,23.29302978515625,1.7376195192337036,0.0,60.975608825683594
2014-01-21 05,22.937410354614258,0.0,92.98780822753906,0.0
2014-01-21 06,0.0,0.0,0.0,67.3780517578125
2014-01-21 07,0.0,0.0,0.0,0.0
2014-01-21 08,0.0,1.7376195192337036,98.06910705566406,0.0
2014-01-21 09,30.583215713500977,0.0,101.11788940429688,57.0121955871582
2014-01-21 10,0.0,1.5204169750213623,121.4430923461914,59.75609588623047
2014-01-21 11,22.759601593017578,0.0,126.0162582397461,62.19512176513672
2014-01-21 12,0.0,1.3032145500183105,0.0,0.0
2014-01-21 13,0.0,1.7376195192337036,113.3130111694336,0.0
2014-01-21 14,29.16073989868164,1.7376195192337036,0.0,0.0
2014-01-21 15,27.560455322265625,1.7376195192337036,122.96747589111328,73.4756088256836
2014-01-21 16,27.382646560668945,0.0,130.081298828125,71.95121765136719
2014-01-21 17,28.80512046813965,1.7376195192337036,141.26016235351562,0.0
2014-01-21 18,30.938833236694336,2.1720242500305176,196.64634704589844,0.0
2014-01-21 19,34.67283248901367,1.7376195192337036,0.0,124.69512176513672
2014-01-21 20,33.96159362792969,0.0,242.3780517578125,108.53658294677734
2014-01-21 21,32.539119720458984,1.7376195192337036,230.18292236328125,0.0
2014-01-21 22,28.271692276000977,1.7376195192337036,187.5,89.93902587890625
2014-01-21 23,0.0,1.7376195192337036,158.53659057617188,89.32926940917969
2014-01-22 00,25.071123123168945,1.7376195192337036,0.0,79.26829528808594
2014-01-22 01,23.11522102355957,1.7376195192337036,123.9837417602539,75.60975646972656
2014-01-22 02,22.937410354614258,0.0,105.69105529785156,66.15853881835938
2014-01-22 03,22.5817928314209,1.7376195192337036,100.60975646972656,0.0
2014-01-22 04,0.0,0.0,95.52845764160156,0.0
2014-01-22 05,0.0,1.7376195192337036,88.92276763916016,66.76829528808594
2014-01-22 06,0.0,1.7376195192337036,89.93902587890625,65.8536605834961
2014-01-22 07,0.0,0.0,0.0,0.0
2014-01-22 08,33.2503547668457,1.7376195192337036,105.69105529785156,61.585365295410156
2014-01-22 09,0.0,1.7376195192337036,0.0,0.0
2014-01-22 10,30.938833236694336,1.5204169750213623,0.0,51.524391174316406
2014-01-22 11,0.0,1.5204169750213623,117.88617706298828,46.95121765136719
2014-01-22 12,0.0,0.0,0.0,51.82926940917969
2014-01-22 13,30.761024475097656,1.7376195192337036,105.69105529785156,42.378047943115234
2014-01-22 14,0.0,0.0,0.0,0.0
2014-01-22 15,0.0,0.0,110.77235412597656,0.0
2014-01-22 16,0.0,0.0,101.11788940429688,0.0
2014-01-22 17,29.16073989868164,0.0,0.0,70.42682647705078
2014-01-22 18,31.650070190429688,2.606429100036621,0.0,106.40243530273438
2014-01-22 19,0.0,1.7376195192337036,0.0,0.0
2014-01-22 20,33.2503547668457,0.0,0.0,0.0
2014-01-22 21,31.650070190429688,1.7376195192337036,229.1666717529297,0.0
2014-01-22 22,0.0,1.7376195192337036,0.0,89.93902587890625
2014-01-22 23,26.849218368530273,0.0,170.22357177734375,90.54878234863281
2014-01-23 00,25.071123123168945,1.7376195192337036,0.0,0.0
2014-01-23 01,23.29302978515625,1.7376195192337036,118.90243530273438,0.0
2014-01-23 02,0.0,0.0,112.29674530029297,64.63414764404297
2014-01-23 03,22.5817928314209,0.0,103.15040588378906,71.03658294677734
2014-01-23 04,22.937410354614258,1.7376195192337036,0.0,0.0
2014-01-23 05,0.0,1.7376195192337036,90.95528411865234,63.719512939453125
2014-01-23 06,25.248933792114258,1.7376195192337036,0.0,0.0
2014-01-23 07,33.2503547668457,0.0,110.26422882080078,75.30487823486328
2014-01-23 08,32.894737243652344,1.7376195192337036,99.59349822998047,65.54878234863281
2014-01-23 09,0.0,0.0,0.0,69.20731353759766
2014-01-23 10,32.894737243652344,1.7376195192337036,135.16259765625,67.3780517578125
2014-01-23 11,0.0,1.7376195192337036,131.60569763183594,73.78048706054688
2014-01-23 12,33.072547912597656,1.7376195192337036,0.0,0.0
2014-01-23 13,0.0,1.7376195192337036,101.62601470947266,53.35365676879883
2014-01-23 14,30.227596282958984,1.5204169750213623,116.36178588867188,54.878047943115234
2014-01-23 15,29.33854866027832,1.5204169750213623,106.19918823242188,57.92683029174805
2014-01-23 16,28.98293113708496,0.0,108.23170471191406,63.10975646972656
2014-01-23 17,29.871976852416992,0.0,126.0162582397461,0.0
2014-01-23 18,31.827880859375,1.5204169750213623,189.02438354492188,0.0
2014-01-23 19,0.0,1.7376195192337036,269.3089294433594,0.0
2014-01-23 20,35.02845001220703,1.9548219442367554,261.1788635253906,0.0
2014-01-23 21,32.18349838256836,1.7376195192337036,238.82113647460938,90.54878234863281
2014-01-23 22,28.44950294494629,0.0,209.85772705078125,0.0
2014-01-23 23,0.0,1.7376195192337036,177.8455352783203,88.71951293945312
2014-01-24 00,25.071123123168945,1.7376195192337036,0.0,0.0
2014-01-24 01,0.0,1.7376195192337036,0.0,60.06097412109375
2014-01-24 02,23.29302978515625,1.7376195192337036,107.21544647216797,55.79268264770508
2014-01-24 03,22.759601593017578,0.0,111.28048706054688,0.0
2014-01-24 04,23.11522102355957,1.7376195192337036,0.0,0.0
2014-01-24 05,23.11522102355957,1.7376195192337036,0.0,53.04878234863281
2014-01-24 06,25.78236198425293,0.0,0.0,62.80487823486328
2014-01-24 07,0.0,0.0,109.75609588623047,65.54878234863281
2014-01-24 08,0.0,1.7376195192337036,110.77235412597656,0.0
2014-01-24 09,33.072547912597656,0.8688097596168518,0.0,61.585365295410156
2014-01-24 10,32.36130905151367,0.0,123.9837417602539,0.0
2014-01-24 11,0.0,1.3032145500183105,131.09756469726562,68.29268646240234
2014-01-24 12,0.0,1.3032145500183105,130.5894317626953,0.0
2014-01-24 13,0.0,1.7376195192337036,0.0,0.0
2014-01-24 14,0.0,0.0,0.0,0.0
2014-01-24 15,0.0,1.7376195192337036,120.42682647705078,0.0
2014-01-24 16,29.694168090820312,1.7376195192337036,0.0,0.0
2014-01-24 17,0.0,0.0,147.35772705078125,77.13414764404297
2014-01-24 18,31.294452667236328,0.0,201.21951293945312,98.78048706054688
2014-01-24 19,0.0,0.0,266.2601623535156,108.84146118164062
2014-01-24 20,33.428165435791016,2.823631525039673,249.4918670654297,112.19512176513672
2014-01-24 21,30.227596282958984,1.7376195192337036,0.0,99.69512176513672
2014-01-24 22,27.738264083862305,1.7376195192337036,206.80894470214844,80.48780822753906
2014-01-24 23,26.849218368530273,1.7376195192337036,192.581298828125,88.41463470458984
2014-01-25 00,25.78236198425293,0.0,0.0,0.0
2014-01-25 01,23.648649215698242,1.7376195192337036,123.9837417602539,0.0
2014-01-25 02,23.47083854675293,0.0,111.28048706054688,56.40243911743164
2014-01-25 03,22.759601593017578,1.7376195192337036,0.0,61.89024353027344
2014-01-25 04,23.11522102355957,1.7376195192337036,0.0,53.96341323852539
2014-01-25 05,22.5817928314209,2.1720242500305176,0.0,0.0
2014-01-25 06,0.0,1.7376195192337036,103.65853881835938,0.0
2014-01-25 07,25.426742553710938,0.0,98.57723236083984,65.24390411376953
2014-01-25 08,0.0,2.1720242500305176,99.08536529541016,0.0
2014-01-25 09,0.0,3.0408339500427246,132.6219482421875,62.5
2014-01-25 10,0.0,1.9548219442367554,166.6666717529297,64.63414764404297
2014-01-25 11,33.428165435791016,0.0,0.0,0.0
2014-01-25 12,34.139404296875,1.7376195192337036,0.0,66.76829528808594
2014-01-25 13,36.27311706542969,1.7376195192337036,175.30487060546875,69.20731353759766
2014-01-25 14,33.428165435791016,1.7376195192337036,163.10975646972656,0.0
2014-01-25 15,0.0,0.0,167.68292236328125,78.65853881835938
2014-01-25 16,30.049787521362305,1.7376195192337036,184.4512176513672,73.78048706054688
2014-01-25 17,30.049787521362305,1.9548219442367554,200.7113800048828,77.13414764404297
2014-01-25 18,0.0,0.0,217.98780822753906,89.93902587890625
2014-01-25 19,0.0,0.0,0.0,0.0
2014-01-25 20,32.36130905151367,1.7376195192337036,0.0,98.78048706054688
2014-01-25 21,29.871976852416992,1.7376195192337036,212.39837646484375,83.84146118164062
2014-01-25 22,0.0,1.7376195192337036,0.0,0.0
2014-01-25 23,0.0,1.7376195192337036,191.05691528320312,69.51219177246094
2014-01-26 00,0.0,0.0,0.0,71.6463394165039
2014-01-26 01,24.182077407836914,3.4752390384674072,140.243896484375,64.32926940917969
2014-01-26 02,23.648649215698242,1.7376195192337036,125.50813293457031,63.719512939453125
2014-01-26 03,0.0,1.5204169750213623,122.4593505859375,53.35365676879883
2014-01-26 04,0.0,0.0,0.0,49.39024353027344
2014-01-26 05,0.0,0.0,98.06910705566406,54.57316970825195
2014-01-26 06,0.0,0.0,97.05284881591797,0.0
2014-01-26 07,24.182077407836914,1.7376195192337036,0.0,61.585365295410156
2014-01-26 08,0.0,0.0,85.36585235595703,0.0
2014-01-26 09,33.783782958984375,0.0,0.0,61.280487060546875
2014-01-26 10,34.85063934326172,0.0,0.0,0.0
2014-01-26 11,36.095306396484375,0.0,0.0,78.96341705322266
2014-01-26 12,0.0,0.0,165.65040588378906,84.75609588623047
2014-01-26 13,0.0,0.0,142.27642822265625,0.0
2014-01-26 14,0.0,1.7376195192337036,153.45529174804688,0.0
2014-01-26 15,0.0,1.5204169750213623,0.0,0.0
2014-01-26 16,30.227596282958984,0.0,119.41056823730469,0.0
2014-01-26 17,0.0,0.0,0.0,0.0
2014-01-26 18,0.0,0.0,0.0,90.54878234863281
2014-01-26 19,0.0,0.0,0.0,0.0
2014-01-26 20,33.428165435791016,0.0,229.1666717529297,0.0
2014-01-26 21,0.0,0.0,205.2845458984375,0.0
2014-01-26 22,27.204835891723633,0.0,188.51626586914062,73.17073059082031
2014-01-26 23,0.0,0.0,173.78048706054688,0.0
2014-01-27 00,24.715505599975586,0.0,154.47154235839844,65.24390411376953
2014-01-27 01,0.0,0.0,118.3943099975586,0.0
2014-01-27 02,23.29302978515625,1.7376195192337036,0.0,49.69512176513672
2014-01-27 03,0.0,1.5204169750213623,104.16666412353516,0.0
2014-01-27 04,0.0,1.7376195192337036,96.03658294677734,0.0
2014-01-27 05,0.0,1.7376195192337036,0.0,56.09756088256836
2014-01-27 06,25.78236198425293,0.0,101.11788940429688,0.0
2014-01-27 07,0.0,0.0,115.8536605834961,64.93902587890625
2014-01-27 08,35.206260681152344,0.0,0.0,58.84146499633789
2014-01-27 09,33.072547912597656,0.0,108.73983764648438,0.0
2014-01-27 10,0.0,0.0,115.8536605834961,0.0
2014-01-27 11,32.18349838256836,1.3032145500183105,0.0,0.0
2014-01-27 12,32.36130905151367,1.3032145500183105,106.70731353759766,72.56097412109375
2014-01-27 13,33.072547912597656,1.5204169750213623,0.0,59.45121765136719
2014-01-27 14,31.650070190429688,1.3032145500183105,0.0,0.0
2014-01-27 15,0.0,1.5204169750213623,110.77235412597656,0.0
2014-01-27 16,28.62731170654297,1.7376195192337036,119.41056823730469,77.43902587890625
2014-01-27 17,29.33854866027832,1.7376195192337036,0.0,82.01219177246094
2014-01-27 18,0.0,2.1720242500305176,0.0,0.0
2014-01-27 19,33.428165435791016,0.0,243.39430236816406,117.68292999267578
2014-01-27 20,35.38406753540039,0.0,0.0,0.0
2014-01-27 21,32.36130905151367,1.7376195192337036,0.0,0.0
2014-01-27 22,28.271692276000977,0.0,177.8455352783203,78.65853881835938
2014-01-27 23,26.849218368530273,1.7376195192337036,154.47154235839844,0.0
2014-01-28 00,24.893314361572266,0.0,0.0,65.8536605834961
2014-01-28 01,23.29302978515625,0.0,0.0,60.67073059082031
2014-01-28 02,0.0,0.0,115.8536605834961,56.09756088256836
2014-01-28 03,0.0,0.0,0.0,0.0
2014-01-28 04,22.937410354614258,0.0,103.15040588378906,50.60975646972656
2014-01-28 05,22.759601593017578,0.0,97.56097412109375,0.0
2014-01-28 06,25.426742553710938,0.0,100.60975646972656,64.93902587890625
2014-01-28 07,0.0,0.0,120.42682647705078,0.0
2014-01-28 08,33.2503547668457,0.0,100.60975646972656,58.84146499633789
2014-01-28 09,0.0,1.7376195192337036,0.0,57.0121955871582
2014-01-28 10,30.227596282958984,1.5204169750213623,119.918701171875,56.70731735229492
2014-01-28 11,29.871976852416992,1.5204169750213623,0.0,58.53658676147461
2014-01-28 12,0.0,1.3032145500183105,0.0,58.84146499633789
2014-01-28 13,0.0,0.0,111.78861999511719,57.92683029174805
2014-01-28 14,30.049787521362305,1.7376195192337036,111.28048706054688,0.0
2014-01-28 15,0.0,0.0,0.0,74.39024353027344
2014-01-28 16,0.0,1.7376195192337036,0.0,76.21951293945312
2014-01-28 17,28.44950294494629,1.7376195192337036,0.0,76.21951293945312
2014-01-28 18,0.0,0.0,201.21951293945312,103.3536605834961
2014-01-28 19,0.0,0.0,0.0,0.0
2014-01-28 20,34.31721115112305,0.0,248.47561645507812,104.57317352294922
2014-01-28 21,32.00569152832031,1.7376195192337036,0.0,86.89024353027344
2014-01-28 22,28.093883514404297,0.0,0.0,77.74390411376953
2014-01-28 23,26.849218368530273,1.7376195192337036,171.7479705810547,0.0
2014-01-29 00,0.0,0.0,139.22764587402344,66.76829528808594
2014-01-29 01,0.0,1.7376195192337036,136.17886352539062,56.70731735229492
2014-01-29 02,23.47083854675293,1.5204169750213623,118.90243530273438,0.0
2014-01-29 03,22.759601593017578,1.7376195192337036,111.78861999511719,53.04878234863281
2014-01-29 04,0.0,1.7376195192337036,102.64227294921875,50.60975646972656
2014-01-29 05,0.0,0.0,0.0,56.70731735229492
2014-01-29 06,25.426742553710938,0.0,105.69105529785156,60.67073059082031
2014-01-29 07,33.60597610473633,1.7376195192337036,118.90243530273438,0.0
2014-01-29 08,33.072547912597656,1.7376195192337036,0.0,59.14634323120117
2014-01-29 09,32.00569152832031,1.7376195192337036,110.26422882080078,0.0
2014-01-29 10,30.227596282958984,1.5204169750213623,113.3130111694336,59.14634323120117
2014-01-29 11,30.227596282958984,0.0,0.0,62.80487823486328
2014-01-29 12,31.472261428833008,1.5204169750213623,0.0,68.29268646240234
2014-01-29 13,0.0,1.7376195192337036,105.69105529785156,58.84146499633789
2014-01-29 14,30.227596282958984,1.5204169750213623,96.54471588134766,0.0
2014-01-29 15,28.62731170654297,0.0,0.0,63.719512939453125
2014-01-29 16,0.0,0.0,0.0,0.0
2014-01-29 17,28.093883514404297,2.1720242500305176,0.0,67.3780517578125
2014-01-29 18,0.0,0.0,0.0,0.0
2014-01-29 19,33.428165435791016,0.0,268.2926940917969,0.0
2014-01-29 20,0.0,1.7376195192337036,0.0,114.0243911743164
2014-01-29 21,31.11664390563965,1.7376195192337036,0.0,107.92682647705078
2014-01-29 22,28.271692276000977,1.7376195192337036,219.51219177246094,94.81707000732422
2014-01-29 23,26.849218368530273,0.0,0.0,0.0
2014-01-30 00,24.715505599975586,1.7376195192337036,141.26016235351562,64.93902587890625
2014-01-30 01,23.11522102355957,0.0,112.29674530029297,0.0
2014-01-30 02,22.937410354614258,0.0,0.0,54.26829147338867
2014-01-30 03,22.403982162475586,0.0,107.72357940673828,0.0
2014-01-30 04,22.937410354614258,1.7376195192337036,0.0,55.182926177978516
2014-01-30 05,22.759601593017578,1.7376195192337036,97.56097412109375,0.0
2014-01-30 06,0.0,0.0,0.0,0.0
2014-01-30 07,34.31721115112305,0.0,113.82113647460938,0.0
2014-01-30 08,33.428165435791016,1.7376195192337036,0.0,64.32926940917969
2014-01-30 09,0.0,1.9548219442367554,105.69105529785156,63.10975646972656
2014-01-30 10,30.583215713500977,1.7376195192337036,109.24797058105469,0.0
2014-01-30 11,0.0,0.0,0.0,65.24390411376953
2014-01-30 12,30.583215713500977,1.7376195192337036,0.0,0.0
2014-01-30 13,31.294452667236328,1.7376195192337036,112.29674530029297,0.0
2014-01-30 14,0.0,1.5204169750213623,116.86991882324219,0.0
2014-01-30 15,28.62731170654297,0.0,121.4430923461914,70.42682647705078
2014-01-30 16,28.98293113708496,0.0,110.26422882080078,0.0
2014-01-30 17,28.62731170654297,1.7376195192337036,148.3739776611328,79.8780517578125
2014-01-30 18,30.938833236694336,1.5204169750213623,202.23577880859375,96.95121765136719
2014-01-30 19,33.428165435791016,1.7376195192337036,0.0,115.54878234863281
2014-01-30 20,0.0,0.0,289.1260070800781,0.0
2014-01-30 21,0.0,0.0,0.0,94.81707000732422
2014-01-30 22,28.44950294494629,1.7376195192337036,210.36585998535156,87.5
2014-01-30 23,27.204835891723633,0.0,172.256103515625,78.3536605834961
2014-01-31 00,0.0,1.7376195192337036,0.0,62.5
2014-01-31 01,0.0,1.7376195192337036,118.90243530273438,60.36585235595703
2014-01-31 02,23.29302978515625,1.7376195192337036,0.0,0.0
2014-01-31 03,22.759601593017578,1.7376195192337036,104.67479705810547,55.4878044128418
2014-01-31 04,0.0,0.0,0.0,53.65853500366211
2014-01-31 05,0.0,1.7376195192337036,0.0,61.280487060546875
2014-01-31 06,25.78236198425293,0.0,0.0,63.10975646972656
2014-01-31 07,34.67283248901367,1.7376195192337036,110.26422882080078,0.0
2014-01-31 08,33.072547912597656,1.7376195192337036,110.77235412597656,65.24390411376953
2014-01-31 09,31.827880859375,0.8688097596168518,107.72357940673828,76.5243911743164
2014-01-31 10,30.938833236694336,1.3032145500183105,0.0,73.4756088256836
2014-01-31 11,0.0,0.0,108.23170471191406,0.0
2014-01-31 12,0.0,1.3032145500183105,127.03252410888672,78.04878234863281
2014-01-31 13,30.938833236694336,1.7376195192337036,0.0,69.81707000732422
2014-01-31 14,29.516359329223633,0.0,109.75609588623047,75.0
2014-01-31 15,29.16073989868164,1.7376195192337036,126.5243911743164,75.60975646972656
2014-01-31 16,28.80512046813965,1.7376195192337036,145.32521057128906,0.0
2014-01-31 17,29.16073989868164,1.5204169750213623,0.0,78.3536605834961
2014-01-31 18,30.227596282958984,2.1720242500305176,206.80894470214844,97.25609588623047
2014-01-31 19,31.11664390563965,1.7376195192337036,250.5081329345703,107.6219482421875
2014-01-31 20,0.0,2.823631525039673,0.0,0.0
2014-01-31 21,0.0,0.0,0.0,0.0
2014-01-31 22,0.0,1.7376195192337036,220.52845764160156,0.0
2014-01-31 23,26.67140769958496,1.7376195192337036,0.0,0.0
2014-02-01 00,0.0,0.0,0.0,0.0
2014-02-01 01,23.826457977294922,1.7376195192337036,132.1138153076172,0.0
2014-02-01 02,23.47083854675293,1.7376195192337036,0.0,0.0
2014-02-01 03,22.759601593017578,1.7376195192337036,127.03252410888672,0.0
2014-02-01 04,22.937410354614258,0.0,0.0,0.0
2014-02-01 05,0.0,2.1720242500305176,108.73983764648438,55.79268264770508
2014-02-01 06,0.0,1.7376195192337036,0.0,54.26829147338867
2014-02-01 07,0.0,1.7376195192337036,0.0,49.085365295410156
2014-02-01 08,0.0,2.1720242500305176,100.60975646972656,48.780487060546875
2014-02-01 09,0.0,3.0408339500427246,0.0,52.43902587890625
2014-02-01 10,0.0,0.0,0.0,0.0
2014-02-01 11,35.206260681152344,0.0,0.0,0.0
2014-02-01 12,35.206260681152344,1.7376195192337036,0.0,57.92683029174805
2014-02-01 13,34.31721115112305,1.7376195192337036,200.7113800048828,59.14634323120117
2014-02-01 14,0.0,1.7376195192337036,0.0,0.0
2014-02-01 15,0.0,0.0,0.0,64.93902587890625
2014-02-01 16,30.938833236694336,1.7376195192337036,161.5853729248047,64.0243911743164
2014-02-01 17,30.227596282958984,1.9548219442367554,165.65040588378906,72.56097412109375
2014-02-01 18,30.405405044555664,1.7376195192337036,0.0,87.5
2014-02-01 19,32.18349838256836,1.7376195192337036,0.0,97.25609588623047
2014-02-01 20,31.472261428833008,0.0,0.0,0.0
2014-02-01 21,29.516359329223633,1.7376195192337036,214.43089294433594,89.63414764404297
2014-02-01 22,0.0,1.7376195192337036,206.80894470214844,0.0
2014-02-01 23,26.3157901763916,1.7376195192337036,204.26829528808594,89.32926940917969
2014-02-02 00,25.96017074584961,0.0,169.7154541015625,80.79268646240234
2014-02-02 01,0.0,3.4752390384674072,0.0,0.0
2014-02-02 02,23.648649215698242,0.0,0.0,0.0
2014-02-02 03,0.0,1.5204169750213623,0.0,60.67073059082031
2014-02-02 04,23.11522102355957,1.5204169750213623,107.21544647216797,0.0
2014-02-02 05,0.0,1.7376195192337036,0.0,57.92683029174805
2014-02-02 06,23.29302978515625,1.7376195192337036,91.46341705322266,55.4878044128418
2014-02-02 07,24.0042667388916,0.0,0.0,55.182926177978516
2014-02-02 08,0.0,1.7376195192337036,0.0,52.13414764404297
2014-02-02 09,33.60597610473633,0.0,114.83739471435547,0.0
2014-02-02 10,36.095306396484375,1.7376195192337036,152.43902587890625,61.89024353027344
2014-02-02 11,36.62873458862305,0.0,183.94308471679688,59.75609588623047
2014-02-02 12,0.0,0.0,0.0,62.80487823486328
2014-02-02 13,35.02845001220703,0.0,0.0,0.0
2014-02-02 14,32.71692657470703,1.7376195192337036,0.0,58.23170852661133
2014-02-02 15,31.294452667236328,1.5204169750213623,132.6219482421875,61.89024353027344
2014-02-02 16,29.694168090820312,0.0,144.30894470214844,0.0
2014-02-02 17,29.871976852416992,1.7376195192337036,161.5853729248047,0.0
2014-02-02 18,0.0,0.0,206.30081176757812,82.6219482421875
2014-02-02 19,32.36130905151367,1.9548219442367554,238.31300354003906,103.96341705322266
2014-02-02 20,32.71692657470703,0.0,0.0,103.65853881835938
2014-02-02 21,0.0,0.0,0.0,100.91463470458984
2014-02-02 22,28.093883514404297,1.7376195192337036,0.0,90.54878234863281
2014-02-02 23,26.67140769958496,1.7376195192337036,200.7113800048828,85.06097412109375
2014-02-03 00,25.071123123168945,1.7376195192337036,189.5325164794922,67.07317352294922
2014-02-03 01,24.359886169433594,1.7376195192337036,144.81707763671875,0.0
2014-02-03 02,23.648649215698242,0.0,116.36178588867188,62.80487823486328
2014-02-03 03,0.0,1.5204169750213623,0.0,0.0
2014-02-03 04,23.29302978515625,0.0,114.32926940917969,0.0
2014-02-03 05,0.0,0.0,0.0,0.0
2014-02-03 06,0.0,1.7376195192337036,107.72357940673828,62.5
2014-02-03 07,34.31721115112305,1.7376195192337036,124.49186706542969,0.0
2014-02-03 08,34.139404296875,1.7376195192337036,0.0,0.0
2014-02-03 09,34.85063934326172,1.7376195192337036,0.0,58.53658676147461
2014-02-03 10,34.139404296875,0.0,130.5894317626953,0.0
2014-02-03 11,0.0,0.0,127.5406494140625,61.280487060546875
2014-02-03 12,30.761024475097656,0.0,0.0,0.0
2014-02-03 13,31.11664390563965,0.0,0.0,0.0
2014-02-03 14,0.0,1.3032145500183105,97.05284881591797,0.0
2014-02-03 15,29.16073989868164,1.5204169750213623,120.42682647705078,0.0
2014-02-03 16,28.093883514404297,0.0,127.5406494140625,0.0
2014-02-03 17,0.0,1.7376195192337036,135.6707305908203,0.0
2014-02-03 18,30.227596282958984,0.0,0.0,105.48780822753906
2014-02-03 19,33.072547912597656,1.7376195192337036,276.930908203125,0.0
2014-02-03 20,0.0,1.7376195192337036,0.0,117.68292999267578
2014-02-03 21,32.00569152832031,0.0,0.0,0.0
2014-02-03 22,0.0,1.7376195192337036,210.36585998535156,98.4756088256836
2014-02-03 23,26.67140769958496,0.0,0.0,0.0
2014-02-04 00,24.715505599975586,1.7376195192337036,146.84959411621094,74.08536529541016
2014-02-04 01,23.648649215698242,1.7376195192337036,119.918701171875,0.0
2014-02-04 02,0.0,0.0,108.23170471191406,63.719512939453125
2014-02-04 03,22.937410354614258,1.7376195192337036,0.0,63.719512939453125
2014-02-04 04,23.11522102355957,1.7376195192337036,98.57723236083984,60.36585235595703
2014-02-04 05,0.0,0.0,97.05284881591797,62.19512176513672
2014-02-04 06,0.0,0.0,0.0,0.0
2014-02-04 07,34.139404296875,1.7376195192337036,0.0,0.0
2014-02-04 08,33.2503547668457,0.0,0.0,71.34146118164062
2014-02-04 09,31.11664390563965,0.0,0.0,66.76829528808594
2014-02-04 10,0.0,1.5204169750213623,0.0,58.53658676147461
2014-02-04 11,0.0,1.5204169750213623,0.0,0.0
2014-02-04 12,29.871976852416992,1.3032145500183105,135.16259765625,0.0
2014-02-04 13,0.0,1.7376195192337036,0.0,0.0
2014-02-04 14,29.516359329223633,1.7376195192337036,122.96747589111328,66.46341705322266
2014-02-04 15,0.0,1.7376195192337036,0.0,0.0
2014-02-04 16,27.204835891723633,1.7376195192337036,131.09756469726562,82.6219482421875
2014-02-04 17,27.916074752807617,0.0,158.02845764160156,87.19512176513672
2014-02-04 18,30.583215713500977,0.0,0.0,0.0
2014-02-04 19,0.0,0.0,0.0,127.74390411376953
2014-02-04 20,0.0,1.7376195192337036,269.81707763671875,0.0
2014-02-04 21,30.405405044555664,1.7376195192337036,0.0,0.0
2014-02-04 22,28.093883514404297,0.0,0.0,80.79268646240234
2014-02-04 23,0.0,1.7376195192337036,188.0081329345703,76.5243911743164
2014-02-05 00,24.893314361572266,1.7376195192337036,161.07723999023438,66.76829528808594
2014-02-05 01,23.47083854675293,1.7376195192337036,135.16259765625,67.3780517578125
2014-02-05 02,0.0,0.0,116.36178588867188,0.0
2014-02-05 03,22.5817928314209,1.7376195192337036,0.0,59.75609588623047
2014-02-05 04,0.0,1.7376195192337036,113.3130111694336,0.0
2014-02-05 05,0.0,1.7376195192337036,102.13414764404297,0.0
2014-02-05 06,27.027027130126953,0.0,0.0,69.81707000732422
2014-02-05 07,35.38406753540039,1.7376195192337036,125.0,72.86585235595703
2014-02-05 08,34.31721115112305,1.7376195192337036,126.5243911743164,65.24390411376953
2014-02-05 09,31.294452667236328,1.7376195192337036,114.83739471435547,0.0
2014-02-05 10,30.227596282958984,1.5204169750213623,0.0,0.0
2014-02-05 11,0.0,0.0,0.0,74.39024353027344
2014-02-05 12,30.405405044555664,1.5204169750213623,117.88617706298828,0.0
2014-02-05 13,0.0,1.7376195192337036,101.11788940429688,53.96341323852539
2014-02-05 14,0.0,1.5204169750213623,0.0,0.0
2014-02-05 15,0.0,1.5204169750213623,0.0,68.90243530273438
2014-02-05 16,0.0,1.7376195192337036,0.0,63.414634704589844
2014-02-05 17,28.80512046813965,0.0,127.03252410888672,69.51219177246094
2014-02-05 18,30.583215713500977,0.0,180.89430236816406,0.0
2014-02-05 19,0.0,0.0,243.39430236816406,115.8536605834961
2014-02-05 20,35.02845001220703,0.0,0.0,0.0
2014-02-05 21,0.0,0.0,0.0,98.4756088256836
2014-02-05 22,27.916074752807617,1.7376195192337036,227.13414001464844,89.32926940917969
2014-02-05 23,26.67140769958496,1.7376195192337036,200.2032470703125,0.0
2014-02-06 00,25.248933792114258,0.0,161.5853729248047,73.4756088256836
2014-02-06 01,0.0,1.7376195192337036,0.0,0.0
2014-02-06 02,0.0,0.0,0.0,0.0
2014-02-06 03,0.0,1.7376195192337036,0.0,59.75609588623047
2014-02-06 04,23.11522102355957,1.7376195192337036,0.0,55.182926177978516
2014-02-06 05,22.937410354614258,1.7376195192337036,0.0,0.0
2014-02-06 06,25.604551315307617,1.7376195192337036,0.0,62.80487823486328
2014-02-06 07,0.0,1.7376195192337036,120.42682647705078,73.4756088256836
2014-02-06 08,32.71692657470703,0.0,0.0,0.0
2014-02-06 09,0.0,1.9548219442367554,0.0,67.68292999267578
2014-02-06 10,29.516359329223633,0.0,131.09756469726562,69.20731353759766
2014-02-06 11,24.182077407836914,0.0,122.4593505859375,70.1219482421875
2014-02-06 12,0.0,1.7376195192337036,135.16259765625,0.0
2014-02-06 13,11.201991081237793,0.0,0.0,0.0
2014-02-06 14,0.0,1.5204169750213623,0.0,0.0
2014-02-06 15,8.001422882080078,0.0,0.0,0.0
2014-02-06 16,0.0,0.0,0.0,0.0
2014-02-06 17,0.0,0.0,134.6544647216797,85.06097412109375
2014-02-06 18,0.0,0.0,186.48373413085938,102.13414764404297
2014-02-06 19,13.33570384979248,0.0,272.8658447265625,117.07317352294922
2014-02-06 20,13.513513565063477,0.0,292.1748046875,0.0
2014-02-06 21,0.0,1.7376195192337036,0.0,0.0
2014-02-06 22,0.0,1.7376195192337036,0.0,0.0
2014-02-06 23,0.0,1.7376195192337036,0.0,0.0
2014-02-07 00,5.156472206115723,1.7376195192337036,162.60162353515625,65.8536605834961
2014-02-07 01,0.0,1.7376195192337036,133.63821411132812,66.76829528808594
2014-02-07 02,0.0,0.0,0.0,63.10975646972656
2014-02-07 03,2.4893314838409424,1.7376195192337036,110.26422882080078,57.621952056884766
2014-02-07 04,0.0,1.7376195192337036,0.0,0.0
2014-02-07 05,0.0,1.7376195192337036,0.0,61.89024353027344
2014-02-07 06,5.3342814445495605,1.7376195192337036,0.0,0.0
2014-02-07 07,0.0,0.0,0.0,0.0
2014-02-07 08,13.869132041931152,1.7376195192337036,119.918701171875,59.14634323120117
2014-02-07 09,24.893314361572266,0.8688097596168518,119.918701171875,74.08536529541016
2014-02-07 10,0.0,0.0,0.0,0.0
2014-02-07 11,27.916074752807617,1.3032145500183105,0.0,0.0
2014-02-07 12,28.62731170654297,0.0,0.0,61.280487060546875
2014-02-07 13,28.093883514404297,0.0,114.32926940917969,59.14634323120117
2014-02-07 14,0.0,0.0,0.0,0.0
2014-02-07 15,27.560455322265625,0.0,0.0,62.19512176513672
2014-02-07 16,27.027027130126953,1.7376195192337036,0.0,67.68292999267578
2014-02-07 17,0.0,0.0,153.45529174804688,75.91463470458984
2014-02-07 18,28.271692276000977,0.0,0.0,0.0
2014-02-07 19,29.33854866027832,0.0,268.8008117675781,99.08536529541016
2014-02-07 20,31.11664390563965,2.823631525039673,0.0,0.0
2014-02-07 21,29.871976852416992,0.0,0.0,93.59756469726562
2014-02-07 22,25.96017074584961,0.0,0.0,0.0
2014-02-07 23,24.359886169433594,1.7376195192337036,209.85772705078125,86.89024353027344
2014-02-08 00,23.648649215698242,0.0,174.2886199951172,71.03658294677734
2014-02-08 01,0.0,0.0,0.0,65.8536605834961
2014-02-08 02,0.0,0.0,0.0,57.92683029174805
2014-02-08 03,20.62588882446289,1.7376195192337036,112.29674530029297,55.4878044128418
2014-02-08 04,20.981508255004883,1.7376195192337036,102.64227294921875,0.0
2014-02-08 05,20.80369758605957,0.0,0.0,57.0121955871582
2014-02-08 06,0.0,0.0,102.13414764404297,29.268293380737305
2014-02-08 07,22.5817928314209,1.7376195192337036,95.52845764160156,0.0
2014-02-08 08,0.0,2.1720242500305176,0.0,0.0
2014-02-08 09,30.405405044555664,3.0408339500427246,0.0,61.89024353027344
2014-02-08 10,31.650070190429688,0.0,0.0,0.0
2014-02-08 11,31.650070190429688,0.0,0.0,58.23170852661133
2014-02-08 12,32.18349838256836,0.0,202.23577880859375,61.280487060546875
2014-02-08 13,32.36130905151367,1.7376195192337036,185.4674835205078,53.65853500366211
2014-02-08 14,0.0,0.0,189.5325164794922,58.53658676147461
2014-02-08 15,0.0,0.0,201.72764587402344,0.0
2014-02-08 16,28.62731170654297,1.7376195192337036,176.8292694091797,0.0
2014-02-08 17,28.093883514404297,0.0,0.0,64.93902587890625
2014-02-08 18,29.694168090820312,1.7376195192337036,207.82521057128906,74.08536529541016
2014-02-08 19,0.0,1.7376195192337036,239.3292694091797,94.51219177246094
2014-02-08 20,29.871976852416992,1.7376195192337036,0.0,0.0
2014-02-08 21,0.0,1.7376195192337036,203.2520294189453,83.23170471191406
2014-02-08 22,25.604551315307617,0.0,0.0,87.80487823486328
2014-02-08 23,24.715505599975586,0.0,209.34959411621094,0.0
2014-02-09 00,0.0,1.7376195192337036,192.581298828125,77.43902587890625
2014-02-09 01,0.0,0.0,0.0,65.24390411376953
2014-02-09 02,21.514936447143555,1.7376195192337036,131.60569763183594,62.5
2014-02-09 03,20.80369758605957,0.0,127.5406494140625,60.06097412109375
2014-02-09 04,0.0,0.0,114.32926940917969,59.45121765136719
2014-02-09 05,20.80369758605957,1.7376195192337036,103.15040588378906,59.45121765136719
2014-02-09 06,21.337125778198242,1.7376195192337036,0.0,0.0
2014-02-09 07,0.0,1.7376195192337036,0.0,49.085365295410156
2014-02-09 08,0.0,1.7376195192337036,97.05284881591797,0.0
2014-02-09 09,0.0,0.0,120.9349594116211,0.0
2014-02-09 10,31.472261428833008,0.0,0.0,0.0
2014-02-09 11,33.60597610473633,1.7376195192337036,0.0,75.91463470458984
2014-02-09 12,0.0,1.7376195192337036,226.11788940429688,75.30487823486328
2014-02-09 13,0.0,0.0,182.418701171875,0.0
2014-02-09 14,0.0,0.0,168.69918823242188,0.0
2014-02-09 15,0.0,1.5204169750213623,159.55284118652344,0.0
2014-02-09 16,0.0,1.7376195192337036,151.93089294433594,0.0
2014-02-09 17,0.0,0.0,163.10975646972656,58.84146499633789
2014-02-09 18,27.560455322265625,0.0,0.0,77.74390411376953
2014-02-09 19,0.0,0.0,251.01626586914062,100.60975646972656
2014-02-09 20,30.405405044555664,0.0,0.0,88.10975646972656
2014-02-09 21,0.0,1.7376195192337036,241.36178588867188,83.53658294677734
2014-02-09 22,0.0,0.0,0.0,89.0243911743164
2014-02-09 23,0.0,0.0,165.65040588378906,82.92682647705078
2014-02-10 00,0.0,0.0,140.7520294189453,0.0
2014-02-10 01,0.0,1.7376195192337036,0.0,0.0
2014-02-10 02,20.981508255004883,0.0,114.32926940917969,56.70731735229492
2014-02-10 03,20.62588882446289,0.0,0.0,59.75609588623047
2014-02-10 04,0.0,1.7376195192337036,0.0,0.0
2014-02-10 05,20.80369758605957,0.0,106.70731353759766,54.26829147338867
2014-02-10 06,0.0,1.7376195192337036,101.11788940429688,0.0
2014-02-10 07,31.827880859375,0.0,113.3130111694336,0.0
2014-02-10 08,0.0,0.0,121.4430923461914,55.79268264770508
2014-02-10 09,0.0,1.7376195192337036,0.0,0.0
2014-02-10 10,29.871976852416992,0.0,122.96747589111328,54.57316970825195
2014-02-10 11,29.33854866027832,1.3032145500183105,0.0,0.0
2014-02-10 12,0.0,0.0,119.918701171875,74.08536529541016
2014-02-10 13,0.0,1.5204169750213623,0.0,58.53658676147461
2014-02-10 14,28.62731170654297,0.0,0.0,66.15853881835938
2014-02-10 15,26.849218368530273,0.0,96.03658294677734,72.25609588623047
2014-02-10 16,27.204835891723633,1.7376195192337036,0.0,83.23170471191406
2014-02-10 17,0.0,1.7376195192337036,0.0,0.0
2014-02-10 18,29.16073989868164,0.0,179.3699188232422,105.48780822753906
2014-02-10 19,32.539119720458984,0.0,258.1300964355469,0.0
2014-02-10 20,32.894737243652344,0.0,0.0,111.28048706054688
2014-02-10 21,30.583215713500977,1.7376195192337036,222.56097412109375,100.30487823486328
2014-02-10 22,26.49359893798828,1.7376195192337036,0.0,0.0
2014-02-10 23,0.0,1.7376195192337036,176.8292694091797,82.01219177246094
2014-02-11 00,22.5817928314209,1.7376195192337036,155.99594116210938,0.0
2014-02-11 01,0.0,1.7376195192337036,121.95121765136719,0.0
2014-02-11 02,21.159317016601562,1.7376195192337036,110.77235412597656,0.0
2014-02-11 03,20.62588882446289,0.0,0.0,59.45121765136719
2014-02-11 04,20.981508255004883,1.7376195192337036,105.69105529785156,58.53658676147461
2014-02-11 05,0.0,1.7376195192337036,101.62601470947266,64.93902587890625
2014-02-11 06,22.937410354614258,0.0,101.62601470947266,0.0
2014-02-11 07,31.650070190429688,1.7376195192337036,112.80487823486328,0.0
2014-02-11 08,0.0,1.7376195192337036,106.19918823242188,0.0
2014-02-11 09,27.916074752807617,0.0,0.0,65.8536605834961
2014-02-11 10,0.0,1.5204169750213623,121.95121765136719,63.10975646972656
2014-02-11 11,27.027027130126953,0.0,119.41056823730469,0.0
2014-02-11 12,0.0,0.0,121.4430923461914,0.0
2014-02-11 13,28.271692276000977,0.0,112.80487823486328,68.90243530273438
2014-02-11 14,0.0,0.0,0.0,0.0
2014-02-11 15,0.0,1.7376195192337036,0.0,0.0
2014-02-11 16,25.604551315307617,0.0,114.32926940917969,0.0
2014-02-11 17,26.49359893798828,0.0,138.71951293945312,0.0
2014-02-11 18,29.16073989868164,2.1720242500305176,177.33740234375,73.78048706054688
2014-02-11 19,32.18349838256836,1.7376195192337036,0.0,102.13414764404297
2014-02-11 20,0.0,0.0,268.2926940917969,98.17073059082031
2014-02-11 21,0.0,1.7376195192337036,0.0,0.0
2014-02-11 22,26.49359893798828,1.7376195192337036,225.10162353515625,86.89024353027344
2014-02-11 23,0.0,1.7376195192337036,0.0,87.80487823486328
2014-02-12 00,0.0,0.0,153.45529174804688,72.86585235595703
2014-02-12 01,21.159317016601562,1.7376195192337036,132.1138153076172,64.93902587890625
2014-02-12 02,20.80369758605957,0.0,111.28048706054688,57.317073822021484
2014-02-12 03,20.2702693939209,0.0,109.24797058105469,0.0
2014-02-12 04,0.0,1.7376195192337036,103.65853881835938,60.36585235595703
2014-02-12 05,0.0,1.7376195192337036,0.0,68.59756469726562
2014-02-12 06,0.0,1.7376195192337036,101.11788940429688,69.20731353759766
2014-02-12 07,31.294452667236328,0.0,0.0,67.68292999267578
2014-02-12 08,30.938833236694336,0.0,115.34552764892578,0.0
2014-02-12 09,0.0,0.0,0.0,62.80487823486328
2014-02-12 10,27.738264083862305,1.5204169750213623,139.73577880859375,61.585365295410156
2014-02-12 11,0.0,1.5204169750213623,156.50405883789062,72.86585235595703
2014-02-12 12,28.80512046813965,0.0,141.76829528808594,71.03658294677734
2014-02-12 13,0.0,1.7376195192337036,0.0,0.0
2014-02-12 14,28.44950294494629,0.0,0.0,66.46341705322266
2014-02-12 15,0.0,0.0,108.73983764648438,72.56097412109375
2014-02-12 16,26.13797950744629,0.0,0.0,86.89024353027344
2014-02-12 17,26.3157901763916,0.0,0.0,0.0
2014-02-12 18,28.44950294494629,0.0,0.0,0.0
2014-02-12 19,0.0,0.0,246.9512176513672,96.95121765136719
2014-02-12 20,0.0,1.7376195192337036,0.0,94.81707000732422
2014-02-12 21,0.0,0.0,240.85365295410156,90.54878234863281
2014-02-12 22,0.0,1.7376195192337036,0.0,91.76829528808594
2014-02-12 23,24.359886169433594,1.7376195192337036,0.0,78.65853881835938
2014-02-13 00,23.11522102355957,1.7376195192337036,0.0,0.0
2014-02-13 01,0.0,0.0,125.50813293457031,0.0
2014-02-13 02,0.0,1.7376195192337036,116.86991882324219,55.182926177978516
2014-02-13 03,0.0,1.7376195192337036,111.78861999511719,56.70731735229492
2014-02-13 04,0.0,1.7376195192337036,105.18292999267578,0.0
2014-02-13 05,20.44808006286621,0.0,98.57723236083984,0.0
2014-02-13 06,0.0,0.0,0.0,0.0
2014-02-13 07,31.650070190429688,1.7376195192337036,114.32926940917969,63.414634704589844
2014-02-13 08,30.761024475097656,1.7376195192337036,108.23170471191406,0.0
2014-02-13 09,28.44950294494629,1.9548219442367554,122.96747589111328,58.84146499633789
2014-02-13 10,0.0,1.7376195192337036,119.41056823730469,64.93902587890625
2014-02-13 11,28.80512046813965,1.7376195192337036,0.0,69.51219177246094
2014-02-13 12,0.0,1.7376195192337036,131.09756469726562,0.0
2014-02-13 13,28.98293113708496,1.7376195192337036,0.0,63.414634704589844
2014-02-13 14,28.44950294494629,1.5204169750213623,98.57723236083984,60.67073059082031
2014-02-13 15,26.849218368530273,1.5204169750213623,127.5406494140625,0.0
2014-02-13 16,26.3157901763916,0.0,133.1300811767578,72.56097412109375
2014-02-13 17,0.0,0.0,151.93089294433594,72.56097412109375
2014-02-13 18,28.44950294494629,1.5204169750213623,180.89430236816406,75.91463470458984
2014-02-13 19,0.0,0.0,245.93495178222656,103.04878234863281
2014-02-13 20,31.827880859375,1.9548219442367554,264.73577880859375,98.17073059082031
2014-02-13 21,0.0,1.7376195192337036,234.2479705810547,0.0
2014-02-13 22,26.49359893798828,0.0,222.05284118652344,81.70731353759766
2014-02-13 23,0.0,0.0,0.0,0.0
2014-02-14 00,0.0,0.0,153.96340942382812,0.0
2014-02-14 01,20.981508255004883,1.7376195192337036,125.0,0.0
2014-02-14 02,0.0,0.0,106.19918823242188,57.621952056884766
2014-02-14 03,0.0,1.7376195192337036,108.23170471191406,0.0
2014-02-14 04,20.44808006286621,0.0,103.65853881835938,54.26829147338867
2014-02-14 05,20.44808006286621,0.0,107.72357940673828,0.0
2014-02-14 06,0.0,1.7376195192337036,105.18292999267578,64.0243911743164
2014-02-14 07,0.0,1.7376195192337036,0.0,65.54878234863281
2014-02-14 08,30.583215713500977,1.7376195192337036,0.0,0.0
2014-02-14 09,29.33854866027832,0.8688097596168518,0.0,66.15853881835938
2014-02-14 10,28.62731170654297,1.3032145500183105,122.4593505859375,67.98780822753906
2014-02-14 11,29.33854866027832,1.3032145500183105,133.1300811767578,0.0
2014-02-14 12,0.0,1.3032145500183105,147.35772705078125,62.5
2014-02-14 13,28.271692276000977,1.7376195192337036,130.5894317626953,0.0
2014-02-14 14,27.916074752807617,1.7376195192337036,0.0,0.0
2014-02-14 15,27.382646560668945,0.0,159.55284118652344,66.76829528808594
2014-02-14 16,27.382646560668945,0.0,145.8333282470703,72.25609588623047
2014-02-14 17,26.3157901763916,1.5204169750213623,162.60162353515625,74.69512176513672
2014-02-14 18,0.0,2.1720242500305176,0.0,89.0243911743164
2014-02-14 19,0.0,1.7376195192337036,0.0,99.08536529541016
2014-02-14 20,0.0,2.823631525039673,0.0,90.54878234863281
2014-02-14 21,27.204835891723633,1.7376195192337036,239.83740234375,85.06097412109375
2014-02-14 22,25.071123123168945,0.0,214.43089294433594,77.74390411376953
2014-02-14 23,24.359886169433594,1.7376195192337036,189.02438354492188,75.0
2014-02-15 00,0.0,0.0,0.0,0.0
2014-02-15 01,0.0,1.7376195192337036,0.0,0.0
2014-02-15 02,21.159317016601562,0.0,0.0,63.414634704589844
2014-02-15 03,20.80369758605957,0.0,121.4430923461914,59.75609588623047
2014-02-15 04,20.80369758605957,1.7376195192337036,0.0,56.70731735229492
2014-02-15 05,0.0,2.1720242500305176,0.0,61.585365295410156
2014-02-15 06,0.0,0.0,0.0,0.0
2014-02-15 07,22.759601593017578,1.7376195192337036,88.41463470458984,0.0
2014-02-15 08,0.0,2.1720242500305176,104.16666412353516,60.975608825683594
2014-02-15 09,0.0,0.0,121.4430923461914,0.0
2014-02-15 10,32.71692657470703,0.0,167.17478942871094,0.0
2014-02-15 11,0.0,1.7376195192337036,182.418701171875,62.80487823486328
2014-02-15 12,0.0,1.7376195192337036,169.7154541015625,62.19512176513672
2014-02-15 13,0.0,0.0,152.43902587890625,63.414634704589844
2014-02-15 14,0.0,0.0,149.89837646484375,74.69512176513672
2014-02-15 15,0.0,1.7376195192337036,0.0,0.0
2014-02-15 16,0.0,1.7376195192337036,146.84959411621094,71.34146118164062
2014-02-15 17,0.0,0.0,169.2073211669922,0.0
2014-02-15 18,28.62731170654297,0.0,0.0,72.86585235595703
2014-02-15 19,0.0,0.0,0.0,0.0
2014-02-15 20,29.694168090820312,1.7376195192337036,0.0,0.0
2014-02-15 21,27.382646560668945,1.7376195192337036,213.92276000976562,0.0
2014-02-15 22,0.0,1.7376195192337036,194.6138153076172,0.0
2014-02-15 23,0.0,0.0,195.6300811767578,91.46341705322266
2014-02-16 00,0.0,1.7376195192337036,174.7967529296875,80.48780822753906
2014-02-16 01,0.0,3.4752390384674072,143.80081176757812,70.42682647705078
2014-02-16 02,21.337125778198242,0.0,0.0,0.0
2014-02-16 03,20.62588882446289,1.5204169750213623,116.36178588867188,0.0
2014-02-16 04,0.0,1.5204169750213623,101.62601470947266,63.414634704589844
2014-02-16 05,0.0,1.7376195192337036,0.0,0.0
2014-02-16 06,0.0,1.7376195192337036,0.0,65.8536605834961
2014-02-16 07,22.226173400878906,0.0,88.41463470458984,58.84146499633789
2014-02-16 08,25.96017074584961,0.0,0.0,55.4878044128418
2014-02-16 09,31.650070190429688,0.0,119.41056823730469,0.0
2014-02-16 10,0.0,1.7376195192337036,0.0,64.32926940917969
2014-02-16 11,32.894737243652344,1.7376195192337036,0.0,71.34146118164062
2014-02-16 12,32.71692657470703,1.7376195192337036,186.9918670654297,80.79268646240234
2014-02-16 13,33.072547912597656,1.7376195192337036,139.22764587402344,0.0
2014-02-16 14,0.0,0.0,121.95121765136719,0.0
2014-02-16 15,0.0,1.5204169750213623,116.36178588867188,56.70731735229492
2014-02-16 16,27.916074752807617,0.0,128.0487823486328,53.65853500366211
2014-02-16 17,27.916074752807617,1.7376195192337036,0.0,63.10975646972656
2014-02-16 18,0.0,1.7376195192337036,165.14227294921875,0.0
2014-02-16 19,30.938833236694336,1.9548219442367554,0.0,91.15853881835938
2014-02-16 20,0.0,0.0,229.1666717529297,90.54878234863281
2014-02-16 21,28.44950294494629,1.7376195192337036,0.0,0.0
2014-02-16 22,25.604551315307617,1.7376195192337036,0.0,0.0
2014-02-16 23,24.715505599975586,0.0,171.23983764648438,0.0
2014-02-17 00,0.0,1.7376195192337036,152.43902587890625,76.5243911743164
2014-02-17 01,0.0,1.7376195192337036,124.49186706542969,67.98780822753906
2014-02-17 02,0.0,1.7376195192337036,109.75609588623047,0.0
2014-02-17 03,20.80369758605957,0.0,0.0,0.0
2014-02-17 04,20.981508255004883,1.7376195192337036,96.03658294677734,0.0
2014-02-17 05,20.80369758605957,1.7376195192337036,94.00406646728516,66.76829528808594
2014-02-17 06,0.0,0.0,98.06910705566406,0.0
2014-02-17 07,32.00569152832031,0.0,105.18292999267578,0.0
2014-02-17 08,0.0,0.0,0.0,61.585365295410156
2014-02-17 09,29.871976852416992,1.7376195192337036,114.32926940917969,0.0
2014-02-17 10,0.0,1.7376195192337036,121.95121765136719,0.0
2014-02-17 11,27.738264083862305,1.3032145500183105,0.0,0.0
2014-02-17 12,0.0,0.0,0.0,82.6219482421875
2014-02-17 13,27.560455322265625,0.0,114.83739471435547,75.0
2014-02-17 14,27.382646560668945,1.3032145500183105,114.83739471435547,75.30487823486328
2014-02-17 15,26.3157901763916,1.5204169750213623,0.0,73.17073059082031
2014-02-17 16,25.78236198425293,0.0,0.0,0.0
2014-02-17 17,25.78236198425293,1.7376195192337036,0.0,79.26829528808594
2014-02-17 18,0.0,0.0,0.0,99.39024353027344
2014-02-17 19,30.583215713500977,1.7376195192337036,0.0,128.0487823486328
2014-02-17 20,32.539119720458984,1.7376195192337036,0.0,114.63414764404297
2014-02-17 21,0.0,1.7376195192337036,0.0,99.39024353027344
2014-02-17 22,25.96017074584961,0.0,236.28048706054688,102.74390411376953
2014-02-17 23,0.0,1.7376195192337036,0.0,0.0
2014-02-18 00,0.0,0.0,0.0,70.42682647705078
2014-02-18 01,0.0,0.0,0.0,0.0
2014-02-18 02,0.0,1.7376195192337036,122.4593505859375,65.24390411376953
2014-02-18 03,20.62588882446289,0.0,0.0,65.24390411376953
2014-02-18 04,20.80369758605957,1.7376195192337036,0.0,60.67073059082031
2014-02-18 05,0.0,1.7376195192337036,112.80487823486328,67.07317352294922
2014-02-18 06,0.0,1.7376195192337036,113.82113647460938,72.56097412109375
2014-02-18 07,32.71692657470703,1.7376195192337036,0.0,67.98780822753906
2014-02-18 08,0.0,0.0,131.09756469726562,64.0243911743164
2014-02-18 09,29.871976852416992,1.7376195192337036,0.0,0.0
2014-02-18 10,30.049787521362305,0.0,121.95121765136719,61.89024353027344
2014-02-18 11,0.0,0.0,116.86991882324219,64.32926940917969
2014-02-18 12,30.583215713500977,1.3032145500183105,109.24797058105469,0.0
2014-02-18 13,0.0,1.7376195192337036,0.0,51.82926940917969
2014-02-18 14,27.916074752807617,1.7376195192337036,101.11788940429688,0.0
2014-02-18 15,26.67140769958496,1.7376195192337036,124.49186706542969,59.75609588623047
2014-02-18 16,26.13797950744629,1.7376195192337036,122.96747589111328,0.0
2014-02-18 17,23.648649215698242,1.7376195192337036,123.9837417602539,71.34146118164062
2014-02-18 18,0.0,2.1720242500305176,162.60162353515625,0.0
2014-02-18 19,0.0,1.7376195192337036,0.0,0.0
2014-02-18 20,27.560455322265625,1.7376195192337036,255.081298828125,0.0
2014-02-18 21,25.78236198425293,0.0,238.31300354003906,0.0
2014-02-18 22,23.29302978515625,0.0,200.7113800048828,0.0
2014-02-18 23,0.0,0.0,182.9268341064453,89.63414764404297
2014-02-19 00,19.381223678588867,1.7376195192337036,165.14227294921875,0.0
2014-02-19 01,17.603130340576172,1.7376195192337036,0.0,62.80487823486328
2014-02-19 02,0.0,1.5204169750213623,114.83739471435547,61.280487060546875
2014-02-19 03,16.714082717895508,0.0,0.0,0.0
2014-02-19 04,0.0,0.0,0.0,57.92683029174805
2014-02-19 05,0.0,0.0,108.73983764648438,0.0
2014-02-19 06,0.0,0.0,106.19918823242188,68.90243530273438
2014-02-19 07,0.0,1.7376195192337036,104.67479705810547,67.07317352294922
2014-02-19 08,27.738264083862305,0.0,112.80487823486328,63.414634704589844
2014-02-19 09,0.0,0.0,0.0,63.10975646972656
2014-02-19 10,0.0,0.0,126.5243911743164,0.0
2014-02-19 11,0.0,0.0,117.88617706298828,0.0
2014-02-19 12,24.893314361572266,1.5204169750213623,113.82113647460938,64.0243911743164
2014-02-19 13,24.182077407836914,0.0,93.49593353271484,0.0
2014-02-19 14,24.715505599975586,1.5204169750213623,0.0,0.0
2014-02-19 15,23.11522102355957,1.5204169750213623,0.0,0.0
2014-02-19 16,22.759601593017578,1.7376195192337036,117.88617706298828,60.975608825683594
2014-02-19 17,22.937410354614258,2.1720242500305176,135.6707305908203,71.6463394165039
2014-02-19 18,25.78236198425293,2.606429100036621,0.0,0.0
2014-02-19 19,27.382646560668945,0.0,239.3292694091797,0.0
2014-02-19 20,0.0,1.7376195192337036,245.4268341064453,104.26829528808594
2014-02-19 21,0.0,1.7376195192337036,0.0,0.0
2014-02-19 22,22.5817928314209,0.0,0.0,0.0
2014-02-19 23,0.0,1.7376195192337036,182.9268341064453,0.0
2014-02-20 00,19.203413009643555,1.7376195192337036,0.0,73.17073059082031
2014-02-20 01,0.0,1.7376195192337036,0.0,67.98780822753906
2014-02-20 02,17.42531967163086,0.0,0.0,62.19512176513672
2014-02-20 03,16.891891479492188,1.7376195192337036,0.0,65.8536605834961
2014-02-20 04,17.24751091003418,0.0,110.26422882080078,60.06097412109375
2014-02-20 05,16.891891479492188,1.7376195192337036,104.16666412353516,67.68292999267578
2014-02-20 06,19.91465187072754,0.0,109.75609588623047,0.0
2014-02-20 07,28.44950294494629,1.7376195192337036,105.18292999267578,61.89024353027344
2014-02-20 08,0.0,0.0,99.59349822998047,60.67073059082031
2014-02-20 09,25.071123123168945,1.9548219442367554,0.0,58.84146499633789
2014-02-20 10,25.426742553710938,0.0,0.0,0.0
2014-02-20 11,0.0,1.7376195192337036,118.90243530273438,69.20731353759766
2014-02-20 12,24.715505599975586,0.0,0.0,0.0
2014-02-20 13,24.182077407836914,0.0,0.0,62.5
2014-02-20 14,0.0,0.0,105.69105529785156,0.0
2014-02-20 15,0.0,0.0,0.0,68.59756469726562
2014-02-20 16,21.870553970336914,0.0,0.0,0.0
2014-02-20 17,22.5817928314209,1.7376195192337036,0.0,69.20731353759766
2014-02-20 18,25.071123123168945,0.0,172.256103515625,77.13414764404297
2014-02-20 19,26.849218368530273,1.7376195192337036,278.9634094238281,0.0
2014-02-20 20,0.0,0.0,269.3089294433594,0.0
2014-02-20 21,25.426742553710938,1.7376195192337036,235.77235412597656,102.13414764404297
2014-02-20 22,22.403982162475586,1.7376195192337036,208.84146118164062,0.0
2014-02-20 23,20.981508255004883,0.0,168.69918823242188,83.53658294677734
2014-02-21 00,0.0,0.0,0.0,0.0
2014-02-21 01,17.42531967163086,1.7376195192337036,132.1138153076172,66.76829528808594
2014-02-21 02,0.0,1.7376195192337036,113.82113647460938,0.0
2014-02-21 03,16.891891479492188,0.0,0.0,0.0
2014-02-21 04,17.24751091003418,1.7376195192337036,112.29674530029297,56.40243911743164
2014-02-21 05,17.0697021484375,1.7376195192337036,103.65853881835938,0.0
2014-02-21 06,20.09246063232422,0.0,111.78861999511719,60.06097412109375
2014-02-21 07,0.0,1.7376195192337036,104.67479705810547,56.70731735229492
2014-02-21 08,0.0,0.0,115.8536605834961,60.67073059082031
2014-02-21 09,0.0,0.8688097596168518,0.0,64.0243911743164
2014-02-21 10,0.0,1.3032145500183105,116.36178588867188,0.0
2014-02-21 11,25.248933792114258,0.0,115.34552764892578,0.0
2014-02-21 12,25.426742553710938,1.3032145500183105,110.77235412597656,69.81707000732422
2014-02-21 13,24.893314361572266,1.7376195192337036,0.0,0.0
2014-02-21 14,0.0,1.7376195192337036,0.0,60.06097412109375
2014-02-21 15,0.0,1.7376195192337036,0.0,63.719512939453125
2014-02-21 16,0.0,0.0,114.32926940917969,69.81707000732422
2014-02-21 17,23.29302978515625,1.5204169750213623,0.0,0.0
2014-02-21 18,0.0,0.0,167.17478942871094,80.18292999267578
2014-02-21 19,27.560455322265625,1.7376195192337036,0.0,109.1463394165039
2014-02-21 20,0.0,2.823631525039673,262.7032470703125,110.9756088256836
2014-02-21 21,0.0,0.0,0.0,0.0
2014-02-21 22,0.0,1.7376195192337036,220.02032470703125,0.0
2014-02-21 23,20.62588882446289,1.7376195192337036,194.10569763183594,82.01219177246094
2014-02-22 00,0.0,1.7376195192337036,0.0,0.0
2014-02-22 01,0.0,0.0,142.7845458984375,66.15853881835938
2014-02-22 02,17.42531967163086,1.7376195192337036,122.4593505859375,61.280487060546875
2014-02-22 03,16.714082717895508,1.7376195192337036,117.3780517578125,58.84146499633789
2014-02-22 04,0.0,0.0,112.29674530029297,57.621952056884766
2014-02-22 05,0.0,0.0,110.26422882080078,0.0
2014-02-22 06,17.603130340576172,0.0,0.0,55.4878044128418
2014-02-22 07,19.559032440185547,0.0,89.93902587890625,0.0
2014-02-22 08,24.182077407836914,0.0,0.0,45.73170852661133
2014-02-22 09,0.0,0.0,131.60569763183594,48.780487060546875
2014-02-22 10,0.0,1.9548219442367554,167.17478942871094,56.70731735229492
2014-02-22 11,0.0,1.7376195192337036,170.22357177734375,62.5
2014-02-22 12,0.0,1.7376195192337036,178.86178588867188,0.0
2014-02-22 13,30.049787521362305,1.7376195192337036,0.0,56.40243911743164
2014-02-22 14,28.271692276000977,0.0,0.0,58.23170852661133
2014-02-22 15,0.0,1.7376195192337036,172.256103515625,0.0
2014-02-22 16,24.537694931030273,1.7376195192337036,169.2073211669922,67.68292999267578
2014-02-22 17,0.0,1.9548219442367554,159.04470825195312,0.0
2014-02-22 18,0.0,1.7376195192337036,0.0,77.13414764404297
2014-02-22 19,25.96017074584961,0.0,0.0,0.0
2014-02-22 20,25.96017074584961,1.7376195192337036,228.15040588378906,104.57317352294922
2014-02-22 21,23.648649215698242,1.7376195192337036,214.93902587890625,100.60975646972656
2014-02-22 22,22.048364639282227,1.7376195192337036,0.0,0.0
2014-02-22 23,0.0,0.0,0.0,0.0
2014-02-23 00,19.381223678588867,1.7376195192337036,155.48780822753906,81.40243530273438
2014-02-23 01,17.603130340576172,3.4752390384674072,127.5406494140625,0.0
2014-02-23 02,17.95874786376953,0.0,109.75609588623047,0.0
2014-02-23 03,17.0697021484375,1.5204169750213623,106.19918823242188,60.06097412109375
2014-02-23 04,17.0697021484375,1.5204169750213623,108.23170471191406,0.0
2014-02-23 05,16.714082717895508,1.7376195192337036,0.0,0.0
2014-02-23 06,0.0,1.7376195192337036,105.18292999267578,54.26829147338867
2014-02-23 07,0.0,1.7376195192337036,87.39837646484375,42.9878044128418
2014-02-23 08,22.048364639282227,1.7376195192337036,108.73983764648438,0.0
2014-02-23 09,0.0,0.0,120.42682647705078,46.64634323120117
2014-02-23 10,29.516359329223633,1.7376195192337036,163.61788940429688,0.0
2014-02-23 11,0.0,1.7376195192337036,216.97154235839844,59.45121765136719
2014-02-23 12,0.0,1.7376195192337036,199.69512939453125,61.280487060546875
2014-02-23 13,28.80512046813965,0.0,144.30894470214844,49.085365295410156
2014-02-23 14,27.916074752807617,1.7376195192337036,130.081298828125,49.39024353027344
2014-02-23 15,0.0,0.0,122.4593505859375,54.878047943115234
2014-02-23 16,24.182077407836914,0.0,0.0,50.0
2014-02-23 17,22.937410354614258,0.0,114.83739471435547,51.524391174316406
2014-02-23 18,25.604551315307617,0.0,0.0,63.719512939453125
2014-02-23 19,0.0,1.9548219442367554,205.7926788330078,89.93902587890625
2014-02-23 20,26.67140769958496,1.7376195192337036,200.2032470703125,0.0
2014-02-23 21,0.0,0.0,199.18699645996094,85.36585235595703
2014-02-23 22,0.0,1.7376195192337036,195.6300811767578,0.0
2014-02-23 23,0.0,0.0,0.0,70.42682647705078
2014-02-24 00,18.669986724853516,1.7376195192337036,137.7032470703125,57.317073822021484
2014-02-24 01,17.603130340576172,0.0,0.0,59.45121765136719
2014-02-24 02,0.0,1.7376195192337036,0.0,58.53658676147461
2014-02-24 03,16.891891479492188,1.5204169750213623,98.06910705566406,57.621952056884766
2014-02-24 04,0.0,0.0,99.59349822998047,0.0
2014-02-24 05,17.0697021484375,0.0,0.0,56.70731735229492
2014-02-24 06,19.91465187072754,1.7376195192337036,0.0,0.0
2014-02-24 07,28.62731170654297,0.0,102.13414764404297,55.182926177978516
2014-02-24 08,27.916074752807617,1.7376195192337036,0.0,54.26829147338867
2014-02-24 09,26.849218368530273,1.7376195192337036,108.23170471191406,0.0
2014-02-24 10,25.78236198425293,0.0,115.34552764892578,58.53658676147461
2014-02-24 11,0.0,0.0,0.0,61.280487060546875
2014-02-24 12,24.359886169433594,0.0,0.0,61.89024353027344
2014-02-24 13,0.0,1.5204169750213623,0.0,59.75609588623047
2014-02-24 14,24.537694931030273,0.0,95.02032470703125,57.621952056884766
2014-02-24 15,23.47083854675293,1.5204169750213623,0.0,69.51219177246094
2014-02-24 16,22.937410354614258,1.7376195192337036,108.23170471191406,0.0
2014-02-24 17,23.29302978515625,1.7376195192337036,0.0,0.0
2014-02-24 18,25.071123123168945,0.0,0.0,65.24390411376953
2014-02-24 19,28.271692276000977,0.0,0.0,98.17073059082031
2014-02-24 20,0.0,1.7376195192337036,0.0,98.78048706054688
2014-02-24 21,27.204835891723633,1.7376195192337036,213.92276000976562,96.95121765136719
2014-02-24 22,23.648649215698242,1.7376195192337036,201.21951293945312,88.41463470458984
2014-02-24 23,20.80369758605957,0.0,0.0,0.0
2014-02-25 00,0.0,0.0,149.89837646484375,0.0
2014-02-25 01,0.0,1.7376195192337036,116.86991882324219,56.70731735229492
2014-02-25 02,17.0697021484375,1.7376195192337036,107.21544647216797,53.65853500366211
2014-02-25 03,16.536273956298828,1.7376195192337036,0.0,54.26829147338867
2014-02-25 04,0.0,1.7376195192337036,0.0,54.57316970825195
2014-02-25 05,17.0697021484375,1.7376195192337036,96.03658294677734,0.0
2014-02-25 06,19.91465187072754,1.7376195192337036,97.56097412109375,59.75609588623047
2014-02-25 07,27.916074752807617,1.7376195192337036,103.15040588378906,55.182926177978516
2014-02-25 08,27.560455322265625,1.7376195192337036,98.57723236083984,0.0
2014-02-25 09,0.0,1.7376195192337036,96.54471588134766,53.04878234863281
2014-02-25 10,24.182077407836914,0.0,107.72357940673828,0.0
2014-02-25 11,24.537694931030273,1.5204169750213623,0.0,0.0
2014-02-25 12,24.0042667388916,0.0,114.83739471435547,0.0
2014-02-25 13,23.648649215698242,1.7376195192337036,99.59349822998047,53.65853500366211
2014-02-25 14,24.0042667388916,0.0,101.62601470947266,61.89024353027344
2014-02-25 15,22.759601593017578,0.0,0.0,66.15853881835938
2014-02-25 16,0.0,0.0,0.0,0.0
2014-02-25 17,22.759601593017578,1.7376195192337036,0.0,73.4756088256836
2014-02-25 18,0.0,0.0,0.0,0.0
2014-02-25 19,28.44950294494629,1.7376195192337036,252.5406494140625,0.0
2014-02-25 20,29.16073989868164,0.0,263.7195129394531,99.39024353027344
2014-02-25 21,0.0,1.7376195192337036,217.98780822753906,94.81707000732422
2014-02-25 22,0.0,1.7376195192337036,212.90650939941406,0.0
2014-02-25 23,20.981508255004883,1.7376195192337036,0.0,79.57317352294922
2014-02-26 00,18.847795486450195,1.7376195192337036,139.22764587402344,69.81707000732422
2014-02-26 01,0.0,0.0,114.32926940917969,0.0
2014-02-26 02,0.0,1.5204169750213623,113.82113647460938,0.0
2014-02-26 03,16.536273956298828,0.0,106.19918823242188,0.0
2014-02-26 04,0.0,1.7376195192337036,107.72357940673828,0.0
2014-02-26 05,0.0,1.7376195192337036,0.0,59.75609588623047
2014-02-26 06,19.91465187072754,1.7376195192337036,0.0,59.14634323120117
2014-02-26 07,28.62731170654297,1.7376195192337036,0.0,55.4878044128418
2014-02-26 08,27.916074752807617,0.0,0.0,59.14634323120117
2014-02-26 09,25.78236198425293,1.7376195192337036,123.4756088256836,0.0
2014-02-26 10,24.359886169433594,1.5204169750213623,0.0,53.35365676879883
2014-02-26 11,0.0,0.0,0.0,0.0
2014-02-26 12,0.0,0.0,0.0,60.06097412109375
2014-02-26 13,23.826457977294922,1.7376195192337036,102.64227294921875,0.0
2014-02-26 14,0.0,1.5204169750213623,97.56097412109375,56.09756088256836
2014-02-26 15,0.0,0.0,97.56097412109375,53.96341323852539
2014-02-26 16,0.0,0.0,0.0,52.74390411376953
2014-02-26 17,0.0,2.1720242500305176,132.6219482421875,57.0121955871582
2014-02-26 18,0.0,2.606429100036621,167.68292236328125,0.0
2014-02-26 19,28.98293113708496,1.7376195192337036,242.3780517578125,0.0
2014-02-26 20,0.0,0.0,245.93495178222656,101.82926940917969
2014-02-26 21,0.0,1.7376195192337036,223.57723999023438,0.0
2014-02-26 22,0.0,1.7376195192337036,207.31707763671875,86.28048706054688
2014-02-26 23,21.514936447143555,1.7376195192337036,176.8292694091797,0.0
2014-02-27 00,19.203413009643555,0.0,158.53659057617188,0.0
2014-02-27 01,0.0,0.0,126.0162582397461,72.56097412109375
2014-02-27 02,0.0,1.7376195192337036,0.0,62.5
2014-02-27 03,17.0697021484375,0.0,108.23170471191406,60.67073059082031
2014-02-27 04,0.0,1.7376195192337036,0.0,0.0
2014-02-27 05,17.0697021484375,0.0,104.67479705810547,0.0
2014-02-27 06,20.2702693939209,1.7376195192337036,0.0,0.0
2014-02-27 07,27.916074752807617,1.7376195192337036,0.0,60.36585235595703
2014-02-27 08,27.738264083862305,0.0,109.24797058105469,52.43902587890625
2014-02-27 09,0.0,0.0,113.3130111694336,56.09756088256836
2014-02-27 10,23.826457977294922,1.7376195192337036,133.1300811767578,56.40243911743164
2014-02-27 11,24.0042667388916,1.7376195192337036,132.6219482421875,0.0
2014-02-27 12,24.715505599975586,1.7376195192337036,0.0,0.0
2014-02-27 13,0.0,1.7376195192337036,0.0,39.93902587890625
2014-02-27 14,22.937410354614258,0.0,113.3130111694336,0.0
2014-02-27 15,24.537694931030273,0.0,119.41056823730469,0.0
2014-02-27 16,24.537694931030273,0.0,0.0,47.25609588623047
2014-02-27 17,25.248933792114258,1.7376195192337036,123.4756088256836,0.0
2014-02-27 18,24.537694931030273,0.0,153.96340942382812,63.719512939453125
2014-02-27 19,0.0,1.7376195192337036,247.4593505859375,90.8536605834961
2014-02-27 20,27.560455322265625,0.0,0.0,0.0
2014-02-27 21,0.0,1.7376195192337036,208.3333282470703,92.98780822753906
2014-02-27 22,0.0,0.0,0.0,89.0243911743164
2014-02-27 23,20.80369758605957,1.7376195192337036,174.2886199951172,76.82926940917969
2014-02-28 00,0.0,0.0,0.0,64.93902587890625
2014-02-28 01,17.42531967163086,0.0,119.918701171875,60.67073059082031
2014-02-28 02,17.42531967163086,1.7376195192337036,0.0,57.92683029174805
2014-02-28 03,16.891891479492188,0.0,103.15040588378906,57.0121955871582
2014-02-28 04,17.24751091003418,0.0,102.64227294921875,0.0
2014-02-28 05,0.0,0.0,104.16666412353516,59.75609588623047
2014-02-28 06,19.91465187072754,0.0,103.15040588378906,57.92683029174805
2014-02-28 07,0.0,1.7376195192337036,0.0,56.09756088256836
2014-02-28 08,0.0,0.0,0.0,0.0
2014-02-28 09,25.78236198425293,0.8688097596168518,96.54471588134766,50.0
2014-02-28 10,24.893314361572266,1.3032145500183105,0.0,51.82926940917969
2014-02-28 11,0.0,0.0,0.0,53.04878234863281
2014-02-28 12,0.0,1.3032145500183105,0.0,50.60975646972656
2014-02-28 13,25.248933792114258,1.7376195192337036,0.0,49.39024353027344
2014-02-28 14,24.537694931030273,1.7376195192337036,106.19918823242188,46.95121765136719
2014-02-28 15,0.0,1.7376195192337036,0.0,0.0
2014-02-28 16,0.0,0.0,111.78861999511719,58.53658676147461
2014-02-28 17,22.937410354614258,1.5204169750213623,132.6219482421875,59.14634323120117
2014-02-28 18,25.071123123168945,0.0,0.0,0.0
2014-02-28 19,0.0,0.0,232.2154541015625,90.54878234863281
2014-02-28 20,26.3157901763916,0.0,0.0,97.56097412109375
2014-02-28 21,24.182077407836914,0.0,214.43089294433594,89.63414764404297
2014-02-28 22,21.692745208740234,1.7376195192337036,0.0,80.48780822753906
2014-02-28 23,20.981508255004883,0.0,0.0,86.28048706054688
2014-03-01 00,19.203413009643555,1.7376195192337036,0.0,78.96341705322266
2014-03-01 01,17.78093910217285,1.7376195192337036,122.4593505859375,63.10975646972656
2014-03-01 02,17.42531967163086,0.0,110.26422882080078,0.0
2014-03-01 03,0.0,1.7376195192337036,0.0,0.0
2014-03-01 04,0.0,0.0,0.0,57.0121955871582
2014-03-01 05,0.0,0.0,98.57723236083984,58.84146499633789
2014-03-01 06,17.603130340576172,1.7376195192337036,78.25202941894531,0.0
2014-03-01 07,0.0,0.0,0.0,48.17073059082031
2014-03-01 08,22.937410354614258,2.1720242500305176,89.93902587890625,53.65853500366211
2014-03-01 09,25.96017074584961,0.0,0.0,57.317073822021484
2014-03-01 10,28.093883514404297,1.9548219442367554,144.81707763671875,65.8536605834961
2014-03-01 11,28.093883514404297,1.7376195192337036,169.7154541015625,0.0
2014-03-01 12,0.0,0.0,155.99594116210938,67.07317352294922
2014-03-01 13,0.0,1.7376195192337036,0.0,64.93902587890625
2014-03-01 14,27.204835891723633,0.0,0.0,80.48780822753906
2014-03-01 15,25.426742553710938,1.7376195192337036,0.0,0.0
2014-03-01 16,24.182077407836914,1.7376195192337036,178.35365295410156,71.6463394165039
2014-03-01 17,0.0,1.9548219442367554,188.0081329345703,71.34146118164062
2014-03-01 18,23.826457977294922,0.0,192.0731658935547,64.32926940917969
2014-03-01 19,0.0,1.7376195192337036,233.73983764648438,86.58536529541016
2014-03-01 20,0.0,1.7376195192337036,215.44715881347656,97.25609588623047
2014-03-01 21,0.0,0.0,197.1544647216797,97.86585235595703
2014-03-01 22,0.0,1.7376195192337036,0.0,90.54878234863281
2014-03-01 23,0.0,0.0,173.78048706054688,84.75609588623047
2014-03-02 00,19.203413009643555,0.0,154.47154235839844,0.0
2014-03-02 01,17.78093910217285,0.0,121.4430923461914,62.19512176513672
2014-03-02 02,17.42531967163086,0.0,0.0,55.182926177978516
2014-03-02 03,0.0,0.0,0.0,57.317073822021484
2014-03-02 04,0.0,1.5204169750213623,0.0,53.65853500366211
2014-03-02 05,16.891891479492188,1.7376195192337036,0.0,56.70731735229492
2014-03-02 06,0.0,0.0,0.0,48.475608825683594
2014-03-02 07,18.136558532714844,0.0,76.21951293945312,0.0
2014-03-02 08,21.159317016601562,1.7376195192337036,0.0,0.0
2014-03-02 09,25.248933792114258,1.7376195192337036,127.03252410888672,46.34146499633789
2014-03-02 10,0.0,0.0,147.35772705078125,49.085365295410156
2014-03-02 11,29.16073989868164,0.0,0.0,51.219512939453125
2014-03-02 12,0.0,0.0,176.32113647460938,60.975608825683594
2014-03-02 13,27.382646560668945,0.0,143.80081176757812,58.84146499633789
2014-03-02 14,25.604551315307617,1.7376195192337036,0.0,54.57316970825195
2014-03-02 15,0.0,1.5204169750213623,136.17886352539062,0.0
2014-03-02 16,22.403982162475586,1.7376195192337036,121.95121765136719,64.63414764404297
2014-03-02 17,0.0,1.7376195192337036,0.0,64.0243911743164
2014-03-02 18,0.0,0.0,0.0,63.414634704589844
2014-03-02 19,25.426742553710938,1.9548219442367554,0.0,76.21951293945312
2014-03-02 20,24.537694931030273,1.7376195192337036,0.0,0.0
2014-03-02 21,23.826457977294922,1.7376195192337036,0.0,77.43902587890625
2014-03-02 22,0.0,1.7376195192337036,200.2032470703125,0.0
2014-03-02 23,20.2702693939209,1.7376195192337036,174.7967529296875,73.78048706054688
2014-03-03 00,18.669986724853516,1.7376195192337036,0.0,0.0
2014-03-03 01,0.0,1.7376195192337036,0.0,55.4878044128418
2014-03-03 02,16.891891479492188,0.0,0.0,57.317073822021484
2014-03-03 03,16.536273956298828,0.0,104.67479705810547,60.36585235595703
2014-03-03 04,0.0,1.7376195192337036,101.11788940429688,57.92683029174805
2014-03-03 05,17.0697021484375,1.7376195192337036,98.57723236083984,0.0
2014-03-03 06,18.492176055908203,0.0,87.90650177001953,0.0
2014-03-03 07,0.0,0.0,0.0,51.524391174316406
2014-03-03 08,0.0,0.0,0.0,0.0
2014-03-03 09,0.0,0.0,0.0,56.40243911743164
2014-03-03 10,27.382646560668945,0.0,139.22764587402344,61.280487060546875
2014-03-03 11,0.0,1.3032145500183105,133.1300811767578,0.0
2014-03-03 12,27.204835891723633,1.3032145500183105,0.0,66.76829528808594
2014-03-03 13,0.0,0.0,129.06504821777344,73.78048706054688
2014-03-03 14,0.0,0.0,0.0,0.0
2014-03-03 15,23.47083854675293,1.5204169750213623,0.0,0.0
2014-03-03 16,0.0,0.0,128.55691528320312,0.0
2014-03-03 17,0.0,1.7376195192337036,135.6707305908203,0.0
2014-03-03 18,0.0,2.1720242500305176,0.0,0.0
2014-03-03 19,25.78236198425293,1.7376195192337036,225.10162353515625,92.07317352294922
2014-03-03 20,0.0,1.7376195192337036,218.49594116210938,96.03658294677734
2014-03-03 21,0.0,1.7376195192337036,196.13821411132812,0.0
2014-03-03 22,22.226173400878906,0.0,0.0,0.0
2014-03-03 23,0.0,1.7376195192337036,165.65040588378906,80.18292999267578
2014-03-04 00,0.0,0.0,0.0,0.0
2014-03-04 01,17.603130340576172,1.7376195192337036,0.0,72.56097412109375
2014-03-04 02,0.0,0.0,0.0,64.32926940917969
2014-03-04 03,16.891891479492188,1.7376195192337036,103.65853881835938,60.06097412109375
2014-03-04 04,17.24751091003418,1.7376195192337036,96.03658294677734,0.0
2014-03-04 05,16.891891479492188,0.0,98.06910705566406,0.0
2014-03-04 06,17.78093910217285,1.7376195192337036,83.33333587646484,0.0
2014-03-04 07,20.2702693939209,1.7376195192337036,0.0,45.121952056884766
2014-03-04 08,23.29302978515625,0.0,74.69512176513672,0.0
2014-03-04 09,25.78236198425293,1.7376195192337036,99.08536529541016,0.0
2014-03-04 10,0.0,0.0,127.03252410888672,68.59756469726562
2014-03-04 11,0.0,0.0,0.0,0.0
2014-03-04 12,28.093883514404297,0.0,168.69918823242188,83.23170471191406
2014-03-04 13,28.44950294494629,0.0,133.1300811767578,72.25609588623047
2014-03-04 14,26.67140769958496,0.0,141.76829528808594,72.25609588623047
2014-03-04 15,23.648649215698242,0.0,0.0,70.1219482421875
2014-03-04 16,0.0,0.0,133.1300811767578,0.0
2014-03-04 17,21.692745208740234,1.7376195192337036,145.8333282470703,75.30487823486328
2014-03-04 18,0.0,2.1720242500305176,168.69918823242188,0.0
2014-03-04 19,0.0,0.0,230.69105529785156,0.0
2014-03-04 20,0.0,0.0,224.59349060058594,102.13414764404297
2014-03-04 21,24.182077407836914,0.0,228.15040588378906,96.6463394165039
2014-03-04 22,0.0,1.7376195192337036,202.743896484375,99.39024353027344
2014-03-04 23,20.62588882446289,1.7376195192337036,0.0,85.06097412109375
2014-03-05 00,18.847795486450195,0.0,0.0,71.03658294677734
2014-03-05 01,0.0,1.7376195192337036,0.0,61.585365295410156
2014-03-05 02,0.0,0.0,116.86991882324219,0.0
2014-03-05 03,0.0,1.7376195192337036,114.32926940917969,59.14634323120117
2014-03-05 04,17.0697021484375,1.7376195192337036,0.0,55.79268264770508
2014-03-05 05,0.0,0.0,0.0,0.0
2014-03-05 06,18.669986724853516,0.0,0.0,51.219512939453125
2014-03-05 07,25.071123123168945,1.7376195192337036,0.0,44.817073822021484
2014-03-05 08,0.0,1.7376195192337036,105.69105529785156,44.20731735229492
2014-03-05 09,0.0,0.0,0.0,0.0
2014-03-05 10,24.893314361572266,1.5204169750213623,0.0,61.280487060546875
2014-03-05 11,25.78236198425293,0.0,107.72357940673828,65.8536605834961
2014-03-05 12,25.604551315307617,1.5204169750213623,117.3780517578125,0.0
2014-03-05 13,0.0,1.7376195192337036,102.64227294921875,48.17073059082031
2014-03-05 14,24.537694931030273,1.5204169750213623,97.05284881591797,52.43902587890625
2014-03-05 15,0.0,0.0,103.15040588378906,0.0
2014-03-05 16,22.5817928314209,1.7376195192337036,101.62601470947266,58.84146499633789
2014-03-05 17,22.759601593017578,0.0,113.3130111694336,63.719512939453125
2014-03-05 18,24.715505599975586,0.0,129.5731658935547,67.3780517578125
2014-03-05 19,28.271692276000977,1.7376195192337036,0.0,0.0
2014-03-05 20,28.80512046813965,0.0,228.65853881835938,95.73170471191406
2014-03-05 21,0.0,1.7376195192337036,0.0,84.75609588623047
2014-03-05 22,22.937410354614258,0.0,197.66259765625,0.0
2014-03-05 23,0.0,0.0,0.0,0.0
2014-03-06 00,0.0,0.0,142.27642822265625,0.0
2014-03-06 01,17.42531967163086,1.7376195192337036,114.83739471435547,58.84146499633789
2014-03-06 02,17.24751091003418,1.7376195192337036,104.67479705810547,53.35365676879883
2014-03-06 03,16.714082717895508,1.7376195192337036,0.0,54.57316970825195
2014-03-06 04,0.0,1.7376195192337036,100.60975646972656,52.13414764404297
2014-03-06 05,17.0697021484375,1.7376195192337036,101.62601470947266,0.0
2014-03-06 06,19.736841201782227,1.7376195192337036,0.0,57.0121955871582
2014-03-06 07,0.0,1.7376195192337036,0.0,53.96341323852539
2014-03-06 08,27.738264083862305,0.0,123.9837417602539,54.878047943115234
2014-03-06 09,0.0,1.9548219442367554,112.80487823486328,53.35365676879883
2014-03-06 10,0.0,0.0,118.3943099975586,0.0
2014-03-06 11,25.604551315307617,1.7376195192337036,0.0,0.0
2014-03-06 12,0.0,0.0,111.28048706054688,0.0
2014-03-06 13,0.0,1.7376195192337036,106.19918823242188,0.0
2014-03-06 14,0.0,1.5204169750213623,105.18292999267578,41.15853500366211
2014-03-06 15,0.0,1.5204169750213623,100.60975646972656,37.80487823486328
2014-03-06 16,22.5817928314209,1.7376195192337036,0.0,0.0
2014-03-06 17,22.937410354614258,0.0,111.28048706054688,44.20731735229492
2014-03-06 18,0.0,1.5204169750213623,142.7845458984375,0.0
2014-03-06 19,28.80512046813965,0.0,239.3292694091797,80.79268646240234
2014-03-06 20,28.44950294494629,1.9548219442367554,248.47561645507812,85.9756088256836
2014-03-06 21,0.0,0.0,0.0,0.0
2014-03-06 22,22.403982162475586,0.0,0.0,81.09756469726562
2014-03-06 23,21.159317016601562,0.0,166.6666717529297,73.4756088256836
2014-03-07 00,18.847795486450195,1.7376195192337036,152.94715881347656,0.0
2014-03-07 01,17.42531967163086,1.7376195192337036,116.36178588867188,53.65853500366211
2014-03-07 02,16.891891479492188,1.7376195192337036,112.29674530029297,49.69512176513672
2014-03-07 03,0.0,1.7376195192337036,0.0,52.43902587890625
2014-03-07 04,17.0697021484375,0.0,0.0,0.0
2014-03-07 05,0.0,1.7376195192337036,0.0,49.69512176513672
2014-03-07 06,19.559032440185547,1.7376195192337036,0.0,0.0
2014-03-07 07,0.0,1.7376195192337036,0.0,0.0
2014-03-07 08,0.0,1.7376195192337036,112.29674530029297,46.03658676147461
2014-03-07 09,25.96017074584961,0.0,0.0,0.0
2014-03-07 10,0.0,1.3032145500183105,122.4593505859375,0.0
2014-03-07 11,27.204835891723633,0.0,0.0,56.09756088256836
2014-03-07 12,0.0,0.0,100.10162353515625,56.09756088256836
2014-03-07 13,24.715505599975586,1.7376195192337036,96.54471588134766,0.0
2014-03-07 14,24.893314361572266,1.7376195192337036,97.56097412109375,41.15853500366211
2014-03-07 15,24.359886169433594,1.7376195192337036,90.95528411865234,0.0
2014-03-07 16,0.0,0.0,94.00406646728516,40.85365676879883
2014-03-07 17,23.648649215698242,1.5204169750213623,0.0,0.0
2014-03-07 18,25.071123123168945,0.0,125.50813293457031,0.0
2014-03-07 19,0.0,0.0,0.0,89.93902587890625
2014-03-07 20,27.204835891723633,0.0,0.0,0.0
2014-03-07 21,23.826457977294922,1.7376195192337036,195.1219482421875,0.0
2014-03-07 22,0.0,0.0,188.0081329345703,0.0
2014-03-07 23,0.0,1.7376195192337036,170.22357177734375,65.8536605834961
2014-03-08 00,19.381223678588867,0.0,154.47154235839844,0.0
2014-03-08 01,17.78093910217285,1.7376195192337036,128.0487823486328,0.0
2014-03-08 02,17.603130340576172,1.7376195192337036,129.5731658935547,47.56097412109375
2014-03-08 03,0.0,0.0,117.3780517578125,52.13414764404297
2014-03-08 04,0.0,1.7376195192337036,0.0,47.25609588623047
2014-03-08 05,0.0,2.1720242500305176,0.0,52.43902587890625
2014-03-08 06,0.0,0.0,0.0,0.0
2014-03-08 07,21.692745208740234,0.0,88.92276763916016,42.378047943115234
2014-03-08 08,0.0,0.0,0.0,42.378047943115234
2014-03-08 09,29.694168090820312,0.0,0.0,0.0
2014-03-08 10,0.0,1.9548219442367554,150.9146270751953,40.24390411376953
2014-03-08 11,28.093883514404297,0.0,137.19512939453125,0.0
2014-03-08 12,29.16073989868164,1.7376195192337036,144.81707763671875,0.0
2014-03-08 13,28.62731170654297,0.0,145.32521057128906,45.121952056884766
2014-03-08 14,0.0,1.7376195192337036,0.0,40.54878234863281
2014-03-08 15,0.0,1.7376195192337036,0.0,60.36585235595703
2014-03-08 16,25.604551315307617,1.7376195192337036,123.4756088256836,50.60975646972656
2014-03-08 17,0.0,1.9548219442367554,145.8333282470703,42.682926177978516
2014-03-08 18,25.96017074584961,0.0,140.243896484375,0.0
2014-03-08 19,28.62731170654297,1.7376195192337036,218.49594116210938,75.60975646972656
2014-03-08 20,27.204835891723633,0.0,0.0,0.0
2014-03-08 21,24.0042667388916,1.7376195192337036,0.0,70.42682647705078
2014-03-08 22,0.0,1.7376195192337036,0.0,76.5243911743164
2014-03-08 23,20.62588882446289,1.7376195192337036,151.93089294433594,71.95121765136719
2014-03-09 00,0.0,1.7376195192337036,136.68699645996094,57.0121955871582
2014-03-09 01,17.78093910217285,3.4752390384674072,119.918701171875,50.30487823486328
2014-03-09 02,0.0,0.0,111.78861999511719,0.0
2014-03-09 03,0.0,1.5204169750213623,0.0,45.42683029174805
2014-03-09 04,16.891891479492188,1.5204169750213623,0.0,0.0
2014-03-09 05,0.0,1.7376195192337036,106.19918823242188,0.0
2014-03-09 06,17.24751091003418,1.7376195192337036,0.0,46.03658676147461
2014-03-09 07,18.136558532714844,1.7376195192337036,0.0,0.0
2014-03-09 08,21.870553970336914,0.0,0.0,0.0
2014-03-09 09,0.0,0.0,0.0,42.378047943115234
2014-03-09 10,0.0,1.7376195192337036,146.84959411621094,0.0
2014-03-09 11,29.16073989868164,1.7376195192337036,0.0,0.0
2014-03-09 12,0.0,1.7376195192337036,156.50405883789062,0.0
2014-03-09 13,28.271692276000977,1.7376195192337036,0.0,49.39024353027344
2014-03-09 14,28.093883514404297,0.0,0.0,45.73170852661133
2014-03-09 15,0.0,1.5204169750213623,0.0,48.17073059082031
2014-03-09 16,24.359886169433594,1.7376195192337036,107.21544647216797,0.0
2014-03-09 17,23.826457977294922,0.0,101.62601470947266,51.82926940917969
2014-03-09 18,24.359886169433594,0.0,119.918701171875,51.524391174316406
2014-03-09 19,26.67140769958496,1.9548219442367554,167.68292236328125,0.0
2014-03-09 20,27.738264083862305,1.7376195192337036,0.0,79.26829528808594
2014-03-09 21,25.071123123168945,1.7376195192337036,165.65040588378906,70.1219482421875
2014-03-09 22,0.0,1.7376195192337036,0.0,0.0
2014-03-09 23,20.44808006286621,1.7376195192337036,0.0,59.75609588623047
2014-03-10 00,0.0,1.7376195192337036,134.14634704589844,0.0
2014-03-10 01,0.0,0.0,107.72357940673828,0.0
2014-03-10 02,0.0,0.0,0.0,0.0
2014-03-10 03,17.0697021484375,1.5204169750213623,102.64227294921875,0.0
2014-03-10 04,16.891891479492188,0.0,91.97154235839844,45.121952056884766
2014-03-10 05,16.891891479492188,0.0,97.05284881591797,0.0
2014-03-10 06,0.0,1.7376195192337036,0.0,50.0
2014-03-10 07,29.516359329223633,0.0,103.65853881835938,46.95121765136719
2014-03-10 08,28.271692276000977,1.7376195192337036,102.64227294921875,45.42683029174805
2014-03-10 09,27.027027130126953,0.0,0.0,39.024391174316406
2014-03-10 10,25.96017074584961,0.0,100.60975646972656,42.378047943115234
2014-03-10 11,25.604551315307617,0.0,102.13414764404297,0.0
2014-03-10 12,0.0,0.0,111.78861999511719,0.0
2014-03-10 13,25.248933792114258,0.0,100.60975646972656,0.0
2014-03-10 14,0.0,1.3032145500183105,0.0,0.0
2014-03-10 15,23.826457977294922,1.5204169750213623,90.95528411865234,39.024391174316406
2014-03-10 16,23.29302978515625,1.7376195192337036,88.92276763916016,0.0
2014-03-10 17,0.0,0.0,98.57723236083984,40.54878234863281
2014-03-10 18,26.13797950744629,0.0,0.0,48.780487060546875
2014-03-10 19,0.0,0.0,193.59756469726562,0.0
2014-03-10 20,27.560455322265625,0.0,199.69512939453125,0.0
2014-03-10 21,0.0,0.0,0.0,0.0
2014-03-10 22,23.11522102355957,1.7376195192337036,163.61788940429688,65.8536605834961
2014-03-10 23,20.80369758605957,1.7376195192337036,153.45529174804688,0.0
2014-03-11 00,18.669986724853516,0.0,0.0,49.69512176513672
2014-03-11 01,0.0,1.7376195192337036,107.21544647216797,0.0
2014-03-11 02,13.1578950881958,0.0,0.0,45.73170852661133
2014-03-11 03,16.891891479492188,0.0,91.46341705322266,52.13414764404297
2014-03-11 04,0.0,0.0,0.0,0.0
2014-03-11 05,0.0,0.0,0.0,51.82926940917969
2014-03-11 06,0.0,1.7376195192337036,77.23577117919922,48.780487060546875
2014-03-11 07,29.516359329223633,1.7376195192337036,0.0,43.29268264770508
2014-03-11 08,28.44950294494629,1.7376195192337036,0.0,40.85365676879883
2014-03-11 09,27.204835891723633,0.0,0.0,36.89024353027344
2014-03-11 10,0.0,1.5204169750213623,105.69105529785156,0.0
2014-03-11 11,25.071123123168945,1.5204169750213623,0.0,0.0
2014-03-11 12,25.071123123168945,0.0,0.0,39.32926940917969
2014-03-11 13,0.0,1.7376195192337036,0.0,30.182926177978516
2014-03-11 14,24.359886169433594,1.7376195192337036,86.38211059570312,0.0
2014-03-11 15,23.11522102355957,0.0,0.0,41.46341323852539
2014-03-11 16,23.826457977294922,1.7376195192337036,89.93902587890625,0.0
2014-03-11 17,23.648649215698242,0.0,0.0,39.63414764404297
2014-03-11 18,27.560455322265625,2.1720242500305176,120.9349594116211,47.86585235595703
2014-03-11 19,0.0,1.7376195192337036,0.0,0.0
2014-03-11 20,28.093883514404297,1.7376195192337036,201.72764587402344,78.04878234863281
2014-03-11 21,0.0,1.7376195192337036,184.9593505859375,67.98780822753906
2014-03-11 22,23.29302978515625,1.7376195192337036,175.81300354003906,0.0
2014-03-11 23,20.981508255004883,1.7376195192337036,0.0,0.0
2014-03-12 00,0.0,0.0,126.5243911743164,53.65853500366211
2014-03-12 01,17.603130340576172,0.0,0.0,0.0
2014-03-12 02,17.42531967163086,0.0,0.0,46.34146499633789
2014-03-12 03,16.714082717895508,1.7376195192337036,0.0,46.03658676147461
2014-03-12 04,17.0697021484375,0.0,98.06910705566406,50.30487823486328
2014-03-12 05,0.0,1.7376195192337036,0.0,0.0
2014-03-12 06,0.0,1.7376195192337036,83.84146118164062,46.34146499633789
2014-03-12 07,30.049787521362305,0.0,99.08536529541016,46.64634323120117
2014-03-12 08,29.33854866027832,0.0,95.52845764160156,49.69512176513672
2014-03-12 09,27.204835891723633,0.0,96.54471588134766,0.0
2014-03-12 10,25.071123123168945,1.5204169750213623,100.10162353515625,46.95121765136719
2014-03-12 11,25.604551315307617,0.0,91.97154235839844,0.0
2014-03-12 12,25.78236198425293,1.5204169750213623,94.00406646728516,47.56097412109375
2014-03-12 13,24.359886169433594,0.0,84.34959411621094,35.36585235595703
2014-03-12 14,0.0,1.5204169750213623,89.93902587890625,38.10975646972656
2014-03-12 15,23.11522102355957,0.0,0.0,0.0
2014-03-12 16,24.182077407836914,0.0,101.11788940429688,0.0
2014-03-12 17,23.29302978515625,2.1720242500305176,0.0,43.29268264770508
2014-03-12 18,0.0,0.0,141.76829528808594,0.0
2014-03-12 19,0.0,0.0,0.0,0.0
2014-03-12 20,28.093883514404297,1.7376195192337036,194.10569763183594,0.0
2014-03-12 21,26.3157901763916,1.7376195192337036,0.0,0.0
2014-03-12 22,22.759601593017578,1.7376195192337036,0.0,0.0
2014-03-12 23,20.80369758605957,0.0,142.27642822265625,0.0
2014-03-13 00,18.669986724853516,0.0,133.1300811767578,0.0
2014-03-13 01,17.42531967163086,1.7376195192337036,107.72357940673828,0.0
2014-03-13 02,0.0,0.0,111.78861999511719,44.817073822021484
2014-03-13 03,16.714082717895508,0.0,0.0,0.0
2014-03-13 04,16.891891479492188,1.7376195192337036,102.64227294921875,44.20731735229492
2014-03-13 05,17.0697021484375,1.7376195192337036,98.57723236083984,50.0
2014-03-13 06,20.62588882446289,0.0,80.79268646240234,46.34146499633789
2014-03-13 07,29.871976852416992,1.7376195192337036,0.0,0.0
2014-03-13 08,0.0,1.7376195192337036,0.0,41.76829147338867
2014-03-13 09,0.0,0.0,0.0,43.59756088256836
2014-03-13 10,0.0,1.7376195192337036,0.0,0.0
2014-03-13 11,25.96017074584961,0.0,0.0,38.10975646972656
2014-03-13 12,25.96017074584961,1.7376195192337036,0.0,0.0
2014-03-13 13,0.0,1.7376195192337036,85.36585235595703,0.0
2014-03-13 14,25.071123123168945,1.5204169750213623,82.31707000732422,29.878047943115234
2014-03-13 15,25.071123123168945,1.5204169750213623,89.43089294433594,33.84146499633789
2014-03-13 16,24.182077407836914,0.0,80.79268646240234,33.23170852661133
2014-03-13 17,24.182077407836914,0.0,0.0,0.0
2014-03-13 18,0.0,0.0,117.3780517578125,45.121952056884766
2014-03-13 19,0.0,1.7376195192337036,189.5325164794922,73.4756088256836
2014-03-13 20,0.0,0.0,0.0,0.0
2014-03-13 21,25.426742553710938,1.7376195192337036,168.19105529785156,69.51219177246094
2014-03-13 22,22.937410354614258,0.0,0.0,0.0
2014-03-13 23,20.80369758605957,0.0,153.96340942382812,65.8536605834961
2014-03-14 00,19.025604248046875,1.7376195192337036,141.76829528808594,46.34146499633789
2014-03-14 01,17.42531967163086,1.7376195192337036,0.0,0.0
2014-03-14 02,17.24751091003418,0.0,100.60975646972656,0.0
2014-03-14 03,16.536273956298828,1.7376195192337036,103.65853881835938,44.817073822021484
2014-03-14 04,0.0,0.0,97.56097412109375,0.0
2014-03-14 05,0.0,1.7376195192337036,101.11788940429688,0.0
2014-03-14 06,0.0,1.7376195192337036,83.33333587646484,34.75609588623047
2014-03-14 07,30.405405044555664,0.0,103.65853881835938,39.024391174316406
2014-03-14 08,0.0,1.7376195192337036,0.0,39.63414764404297
2014-03-14 09,0.0,0.8688097596168518,0.0,38.10975646972656
2014-03-14 10,26.49359893798828,0.0,117.88617706298828,0.0
2014-03-14 11,27.916074752807617,1.3032145500183105,0.0,42.9878044128418
2014-03-14 12,0.0,1.3032145500183105,113.3130111694336,47.56097412109375
2014-03-14 13,0.0,0.0,0.0,39.32926940917969
2014-03-14 14,0.0,0.0,101.11788940429688,0.0
2014-03-14 15,25.248933792114258,1.7376195192337036,109.75609588623047,47.25609588623047
2014-03-14 16,24.537694931030273,0.0,0.0,45.73170852661133
2014-03-14 17,0.0,0.0,0.0,51.219512939453125
2014-03-14 18,25.426742553710938,2.1720242500305176,125.50813293457031,58.84146499633789
2014-03-14 19,0.0,1.7376195192337036,192.581298828125,72.86585235595703
2014-03-14 20,0.0,2.823631525039673,0.0,71.6463394165039
2014-03-14 21,0.0,1.7376195192337036,177.33740234375,0.0
2014-03-14 22,0.0,0.0,162.09349060058594,0.0
2014-03-14 23,20.80369758605957,1.7376195192337036,0.0,65.8536605834961
2014-03-15 00,0.0,0.0,0.0,55.79268264770508
2014-03-15 01,0.0,0.0,112.80487823486328,0.0
2014-03-15 02,0.0,1.7376195192337036,0.0,0.0
2014-03-15 03,16.891891479492188,1.7376195192337036,0.0,0.0
2014-03-15 04,17.24751091003418,1.7376195192337036,97.05284881591797,0.0
2014-03-15 05,0.0,0.0,0.0,41.76829147338867
2014-03-15 06,20.62588882446289,0.0,77.74390411376953,36.585365295410156
2014-03-15 07,0.0,0.0,86.89024353027344,0.0
2014-03-15 08,0.0,2.1720242500305176,108.73983764648438,0.0
2014-03-15 09,29.871976852416992,3.0408339500427246,0.0,0.0
2014-03-15 10,29.871976852416992,1.9548219442367554,139.22764587402344,0.0
2014-03-15 11,30.227596282958984,0.0,0.0,0.0
2014-03-15 12,30.583215713500977,0.0,0.0,30.792682647705078
2014-03-15 13,0.0,0.0,130.5894317626953,34.45121765136719
2014-03-15 14,27.916074752807617,0.0,117.3780517578125,37.5
2014-03-15 15,27.204835891723633,0.0,133.63821411132812,0.0
2014-03-15 16,0.0,0.0,0.0,41.76829147338867
2014-03-15 17,27.738264083862305,1.9548219442367554,123.4756088256836,0.0
2014-03-15 18,0.0,1.7376195192337036,135.6707305908203,0.0
2014-03-15 19,0.0,1.7376195192337036,199.18699645996094,69.81707000732422
2014-03-15 20,28.62731170654297,0.0,190.5487823486328,0.0
2014-03-15 21,24.893314361572266,0.0,0.0,90.54878234863281
2014-03-15 22,22.5817928314209,1.7376195192337036,155.99594116210938,85.67073059082031
2014-03-15 23,21.692745208740234,1.7376195192337036,0.0,73.17073059082031
2014-03-16 00,0.0,1.7376195192337036,142.7845458984375,0.0
2014-03-16 01,18.847795486450195,0.0,0.0,58.53658676147461
2014-03-16 02,18.314367294311523,0.0,105.69105529785156,0.0
2014-03-16 03,0.0,1.5204169750213623,92.47967529296875,0.0
2014-03-16 04,17.24751091003418,0.0,94.51219177246094,0.0
2014-03-16 05,17.603130340576172,1.7376195192337036,0.0,0.0
2014-03-16 06,0.0,1.7376195192337036,76.72764587402344,43.29268264770508
2014-03-16 07,20.2702693939209,1.7376195192337036,75.71138000488281,28.35365867614746
2014-03-16 08,0.0,0.0,90.95528411865234,30.182926177978516
2014-03-16 09,0.0,1.7376195192337036,107.72357940673828,35.36585235595703
2014-03-16 10,30.405405044555664,1.7376195192337036,0.0,0.0
2014-03-16 11,0.0,1.7376195192337036,0.0,36.280487060546875
2014-03-16 12,32.36130905151367,0.0,165.65040588378906,0.0
2014-03-16 13,30.583215713500977,0.0,125.50813293457031,35.67073059082031
2014-03-16 14,28.093883514404297,0.0,117.3780517578125,0.0
2014-03-16 15,0.0,1.5204169750213623,0.0,0.0
2014-03-16 16,26.3157901763916,0.0,0.0,32.92683029174805
2014-03-16 17,27.204835891723633,1.7376195192337036,108.73983764648438,38.10975646972656
2014-03-16 18,30.227596282958984,1.7376195192337036,118.90243530273438,0.0
2014-03-16 19,29.16073989868164,0.0,165.65040588378906,0.0
2014-03-16 20,27.382646560668945,0.0,165.14227294921875,72.86585235595703
2014-03-16 21,26.3157901763916,1.7376195192337036,0.0,0.0
2014-03-16 22,23.29302978515625,1.7376195192337036,0.0,0.0
2014-03-16 23,22.048364639282227,1.7376195192337036,130.5894317626953,63.719512939453125
2014-03-17 00,20.44808006286621,1.7376195192337036,126.0162582397461,0.0
2014-03-17 01,18.847795486450195,1.7376195192337036,0.0,53.96341323852539
2014-03-17 02,18.314367294311523,1.7376195192337036,98.06910705566406,52.74390411376953
2014-03-17 03,0.0,1.5204169750213623,101.62601470947266,0.0
2014-03-17 04,18.314367294311523,0.0,96.03658294677734,53.35365676879883
2014-03-17 05,0.0,1.7376195192337036,98.57723236083984,52.13414764404297
2014-03-17 06,0.0,0.0,0.0,44.20731735229492
2014-03-17 07,32.18349838256836,0.0,97.05284881591797,0.0
2014-03-17 08,30.227596282958984,0.0,93.49593353271484,40.85365676879883
2014-03-17 09,27.738264083862305,0.0,96.54471588134766,0.0
2014-03-17 10,26.849218368530273,1.7376195192337036,0.0,37.19512176513672
2014-03-17 11,28.80512046813965,1.3032145500183105,91.97154235839844,38.10975646972656
2014-03-17 12,28.44950294494629,1.3032145500183105,77.74390411376953,0.0
2014-03-17 13,0.0,0.0,0.0,33.23170852661133
2014-03-17 14,25.78236198425293,1.3032145500183105,0.0,0.0
2014-03-17 15,0.0,1.5204169750213623,74.69512176513672,38.719512939453125
2014-03-17 16,24.359886169433594,0.0,95.52845764160156,0.0
2014-03-17 17,0.0,0.0,94.00406646728516,39.024391174316406
2014-03-17 18,26.3157901763916,2.1720242500305176,110.26422882080078,43.59756088256836
2014-03-17 19,0.0,1.7376195192337036,183.43495178222656,63.414634704589844
2014-03-17 20,27.204835891723633,0.0,185.4674835205078,0.0
2014-03-17 21,26.13797950744629,0.0,181.40243530273438,76.21951293945312
2014-03-17 22,23.29302978515625,1.7376195192337036,166.6666717529297,0.0
2014-03-17 23,0.0,0.0,0.0,70.42682647705078
2014-03-18 00,19.381223678588867,1.7376195192337036,0.0,0.0
2014-03-18 01,17.78093910217285,1.7376195192337036,107.72357940673828,52.43902587890625
2014-03-18 02,17.78093910217285,1.7376195192337036,102.64227294921875,0.0
2014-03-18 03,17.24751091003418,0.0,102.13414764404297,48.17073059082031
2014-03-18 04,17.78093910217285,0.0,0.0,50.0
2014-03-18 05,0.0,0.0,0.0,0.0
2014-03-18 06,22.937410354614258,1.7376195192337036,82.31707000732422,48.780487060546875
2014-03-18 07,31.294452667236328,0.0,0.0,50.30487823486328
2014-03-18 08,29.33854866027832,0.0,0.0,49.39024353027344
2014-03-18 09,0.0,1.7376195192337036,95.52845764160156,39.024391174316406
2014-03-18 10,0.0,0.0,0.0,0.0
2014-03-18 11,0.0,1.5204169750213623,0.0,31.09756088256836
2014-03-18 12,0.0,0.0,110.77235412597656,37.80487823486328
2014-03-18 13,24.0042667388916,0.0,98.57723236083984,0.0
2014-03-18 14,0.0,0.0,0.0,0.0
2014-03-18 15,22.937410354614258,1.7376195192337036,86.38211059570312,39.63414764404297
2014-03-18 16,23.826457977294922,1.7376195192337036,0.0,0.0
2014-03-18 17,26.49359893798828,1.7376195192337036,0.0,41.15853500366211
2014-03-18 18,27.916074752807617,2.1720242500305176,126.0162582397461,42.9878044128418
2014-03-18 19,28.98293113708496,0.0,0.0,0.0
2014-03-18 20,0.0,1.7376195192337036,0.0,67.3780517578125
2014-03-18 21,0.0,0.0,172.76422119140625,67.68292999267578
2014-03-18 22,0.0,1.7376195192337036,0.0,0.0
2014-03-18 23,0.0,0.0,0.0,57.621952056884766
2014-03-19 00,19.559032440185547,1.7376195192337036,137.19512939453125,50.0
2014-03-19 01,18.314367294311523,1.7376195192337036,116.36178588867188,0.0
2014-03-19 02,0.0,1.5204169750213623,0.0,0.0
2014-03-19 03,17.24751091003418,1.7376195192337036,0.0,44.5121955871582
2014-03-19 04,17.78093910217285,1.7376195192337036,105.69105529785156,45.42683029174805
2014-03-19 05,18.314367294311523,1.7376195192337036,103.65853881835938,0.0
2014-03-19 06,0.0,1.7376195192337036,83.33333587646484,45.73170852661133
2014-03-19 07,0.0,1.7376195192337036,100.10162353515625,44.817073822021484
2014-03-19 08,32.894737243652344,1.7376195192337036,0.0,0.0
2014-03-19 09,28.271692276000977,0.0,0.0,0.0
2014-03-19 10,0.0,0.0,0.0,33.23170852661133
2014-03-19 11,28.271692276000977,1.5204169750213623,99.08536529541016,0.0
2014-03-19 12,25.96017074584961,0.0,104.16666412353516,38.10975646972656
2014-03-19 13,25.248933792114258,0.0,99.59349822998047,0.0
2014-03-19 14,25.071123123168945,1.5204169750213623,0.0,35.36585235595703
2014-03-19 15,0.0,1.5204169750213623,115.8536605834961,0.0
2014-03-19 16,27.382646560668945,1.7376195192337036,111.28048706054688,32.317073822021484
2014-03-19 17,27.738264083862305,2.1720242500305176,123.4756088256836,0.0
2014-03-19 18,0.0,0.0,156.50405883789062,0.0
2014-03-19 19,28.80512046813965,1.7376195192337036,195.6300811767578,65.24390411376953
2014-03-19 20,27.204835891723633,0.0,199.69512939453125,0.0
2014-03-19 21,25.96017074584961,1.7376195192337036,172.256103515625,0.0
2014-03-19 22,23.47083854675293,0.0,161.5853729248047,0.0
2014-03-19 23,21.692745208740234,1.7376195192337036,150.9146270751953,59.45121765136719
2014-03-20 00,19.559032440185547,0.0,134.14634704589844,53.04878234863281
2014-03-20 01,18.136558532714844,1.7376195192337036,0.0,47.25609588623047
2014-03-20 02,17.78093910217285,1.7376195192337036,0.0,44.5121955871582
2014-03-20 03,17.0697021484375,1.7376195192337036,95.02032470703125,0.0
2014-03-20 04,17.78093910217285,0.0,0.0,46.34146499633789
2014-03-20 05,18.136558532714844,0.0,92.98780822753906,43.90243911743164
2014-03-20 06,22.937410354614258,0.0,83.84146118164062,0.0
2014-03-20 07,31.650070190429688,1.7376195192337036,0.0,36.585365295410156
2014-03-20 08,0.0,0.0,104.16666412353516,0.0
2014-03-20 09,28.093883514404297,0.0,0.0,37.5
2014-03-20 10,0.0,1.7376195192337036,106.70731353759766,0.0
2014-03-20 11,26.67140769958496,0.0,98.06910705566406,0.0
2014-03-20 12,26.13797950744629,1.7376195192337036,101.11788940429688,0.0
2014-03-20 13,25.426742553710938,1.7376195192337036,108.73983764648438,36.585365295410156
2014-03-20 14,24.359886169433594,0.0,0.0,0.0
2014-03-20 15,0.0,0.0,0.0,0.0
2014-03-20 16,22.937410354614258,0.0,0.0,0.0
2014-03-20 17,25.604551315307617,0.0,0.0,0.0
2014-03-20 18,27.204835891723633,1.5204169750213623,137.7032470703125,43.29268264770508
2014-03-20 19,29.516359329223633,1.7376195192337036,203.76016235351562,66.76829528808594
2014-03-20 20,28.271692276000977,1.9548219442367554,214.93902587890625,0.0
2014-03-20 21,27.027027130126953,1.7376195192337036,198.1707305908203,0.0
2014-03-20 22,0.0,0.0,0.0,0.0
2014-03-20 23,0.0,1.7376195192337036,154.47154235839844,56.40243911743164
2014-03-21 00,20.09246063232422,1.7376195192337036,130.5894317626953,49.39024353027344
2014-03-21 01,19.025604248046875,0.0,0.0,48.17073059082031
2014-03-21 02,17.78093910217285,0.0,106.70731353759766,0.0
2014-03-21 03,17.24751091003418,1.7376195192337036,0.0,44.817073822021484
2014-03-21 04,17.603130340576172,0.0,99.59349822998047,0.0
2014-03-21 05,17.78093910217285,0.0,101.62601470947266,0.0
2014-03-21 06,0.0,1.7376195192337036,83.84146118164062,0.0
2014-03-21 07,0.0,1.7376195192337036,0.0,42.07316970825195
2014-03-21 08,28.62731170654297,1.7376195192337036,0.0,0.0
2014-03-21 09,26.67140769958496,0.0,0.0,49.39024353027344
2014-03-21 10,0.0,1.3032145500183105,0.0,0.0
2014-03-21 11,0.0,1.3032145500183105,104.67479705810547,52.43902587890625
2014-03-21 12,24.715505599975586,1.3032145500183105,104.16666412353516,0.0
2014-03-21 13,0.0,1.7376195192337036,99.08536529541016,46.34146499633789
2014-03-21 14,0.0,0.0,91.46341705322266,0.0
2014-03-21 15,0.0,1.7376195192337036,0.0,0.0
2014-03-21 16,0.0,0.0,105.69105529785156,54.26829147338867
2014-03-21 17,22.759601593017578,1.5204169750213623,106.19918823242188,0.0
2014-03-21 18,0.0,2.1720242500305176,143.2926788330078,56.40243911743164
2014-03-21 19,0.0,1.7376195192337036,187.5,73.4756088256836
2014-03-21 20,0.0,2.823631525039673,201.72764587402344,79.57317352294922
2014-03-21 21,24.0042667388916,0.0,179.8780517578125,78.65853881835938
2014-03-21 22,0.0,0.0,167.68292236328125,0.0
2014-03-21 23,20.44808006286621,1.7376195192337036,168.19105529785156,66.76829528808594
2014-03-22 00,19.381223678588867,1.7376195192337036,151.93089294433594,0.0
2014-03-22 01,17.78093910217285,0.0,118.90243530273438,0.0
2014-03-22 02,17.603130340576172,1.7376195192337036,106.19918823242188,46.64634323120117
2014-03-22 03,17.0697021484375,0.0,107.21544647216797,46.03658676147461
2014-03-22 04,0.0,0.0,0.0,47.56097412109375
2014-03-22 05,0.0,2.1720242500305176,107.21544647216797,49.085365295410156
2014-03-22 06,0.0,1.7376195192337036,0.0,45.121952056884766
2014-03-22 07,21.514936447143555,1.7376195192337036,83.84146118164062,48.17073059082031
2014-03-22 08,0.0,0.0,0.0,0.0
2014-03-22 09,29.694168090820312,0.0,116.36178588867188,50.60975646972656
2014-03-22 10,0.0,1.9548219442367554,0.0,0.0
2014-03-22 11,0.0,0.0,156.50405883789062,42.378047943115234
2014-03-22 12,28.093883514404297,1.7376195192337036,0.0,0.0
2014-03-22 13,27.382646560668945,1.7376195192337036,152.43902587890625,0.0
2014-03-22 14,27.027027130126953,1.7376195192337036,139.73577880859375,47.56097412109375
2014-03-22 15,25.96017074584961,0.0,148.3739776611328,48.17073059082031
2014-03-22 16,24.0042667388916,1.7376195192337036,0.0,0.0
2014-03-22 17,0.0,1.9548219442367554,157.52032470703125,45.73170852661133
2014-03-22 18,24.715505599975586,1.7376195192337036,142.7845458984375,0.0
2014-03-22 19,27.027027130126953,1.7376195192337036,0.0,67.68292999267578
2014-03-22 20,0.0,1.7376195192337036,0.0,73.4756088256836
2014-03-22 21,0.0,1.7376195192337036,0.0,63.719512939453125
2014-03-22 22,22.403982162475586,0.0,175.81300354003906,0.0
2014-03-22 23,0.0,1.7376195192337036,0.0,75.91463470458984
2014-03-23 00,19.203413009643555,0.0,151.42276000976562,62.19512176513672
2014-03-23 01,18.314367294311523,3.4752390384674072,119.918701171875,53.65853500366211
2014-03-23 02,0.0,1.7376195192337036,114.32926940917969,50.0
2014-03-23 03,0.0,1.5204169750213623,114.32926940917969,44.817073822021484
2014-03-23 04,0.0,1.5204169750213623,0.0,45.42683029174805
2014-03-23 05,17.42531967163086,0.0,104.67479705810547,46.64634323120117
2014-03-23 06,18.669986724853516,0.0,77.23577117919922,0.0
2014-03-23 07,0.0,0.0,78.25202941894531,40.24390411376953
2014-03-23 08,0.0,0.0,0.0,0.0
2014-03-23 09,27.382646560668945,1.7376195192337036,98.57723236083984,39.32926940917969
2014-03-23 10,30.405405044555664,1.7376195192337036,0.0,42.378047943115234
2014-03-23 11,0.0,1.7376195192337036,160.06097412109375,0.0
2014-03-23 12,29.16073989868164,1.7376195192337036,0.0,0.0
2014-03-23 13,28.62731170654297,1.7376195192337036,0.0,58.84146499633789
2014-03-23 14,26.67140769958496,0.0,0.0,0.0
2014-03-23 15,26.3157901763916,0.0,0.0,46.34146499633789
2014-03-23 16,0.0,1.7376195192337036,109.24797058105469,48.475608825683594
2014-03-23 17,24.715505599975586,0.0,114.32926940917969,52.74390411376953
2014-03-23 18,0.0,1.7376195192337036,125.50813293457031,59.45121765136719
2014-03-23 19,27.916074752807617,1.9548219442367554,184.9593505859375,0.0
2014-03-23 20,0.0,0.0,211.89024353027344,0.0
2014-03-23 21,0.0,0.0,0.0,0.0
2014-03-23 22,23.648649215698242,1.7376195192337036,0.0,67.3780517578125
2014-03-23 23,0.0,0.0,154.97967529296875,63.414634704589844
2014-03-24 00,19.203413009643555,1.7376195192337036,129.06504821777344,52.13414764404297
2014-03-24 01,17.95874786376953,1.7376195192337036,0.0,49.69512176513672
2014-03-24 02,17.603130340576172,0.0,0.0,50.0
2014-03-24 03,0.0,1.5204169750213623,98.06910705566406,46.95121765136719
2014-03-24 04,0.0,0.0,100.10162353515625,45.42683029174805
2014-03-24 05,17.78093910217285,1.7376195192337036,97.56097412109375,52.74390411376953
2014-03-24 06,21.870553970336914,1.7376195192337036,0.0,47.86585235595703
2014-03-24 07,0.0,1.7376195192337036,102.13414764404297,52.13414764404297
2014-03-24 08,28.44950294494629,0.0,100.10162353515625,0.0
2014-03-24 09,26.49359893798828,1.7376195192337036,0.0,55.4878044128418
2014-03-24 10,0.0,1.7376195192337036,117.3780517578125,66.46341705322266
2014-03-24 11,24.359886169433594,0.0,0.0,67.3780517578125
2014-03-24 12,24.359886169433594,1.3032145500183105,101.62601470947266,60.36585235595703
2014-03-24 13,0.0,0.0,0.0,0.0
2014-03-24 14,0.0,0.0,86.38211059570312,60.975608825683594
2014-03-24 15,0.0,0.0,0.0,0.0
2014-03-24 16,0.0,0.0,0.0,64.0243911743164
2014-03-24 17,0.0,1.7376195192337036,110.77235412597656,63.719512939453125
2014-03-24 18,24.893314361572266,0.0,146.34146118164062,73.17073059082031
2014-03-24 19,27.738264083862305,0.0,207.31707763671875,0.0
2014-03-24 20,27.027027130126953,1.7376195192337036,0.0,0.0
2014-03-24 21,0.0,0.0,0.0,86.58536529541016
2014-03-24 22,23.29302978515625,0.0,0.0,82.31707000732422
2014-03-24 23,20.62588882446289,1.7376195192337036,149.89837646484375,0.0
2014-03-25 00,0.0,1.7376195192337036,0.0,0.0
2014-03-25 01,17.78093910217285,1.7376195192337036,110.26422882080078,0.0
2014-03-25 02,0.0,1.7376195192337036,0.0,0.0
2014-03-25 03,0.0,0.0,105.69105529785156,60.975608825683594
2014-03-25 04,17.24751091003418,1.7376195192337036,0.0,57.317073822021484
2014-03-25 05,0.0,0.0,0.0,0.0
2014-03-25 06,21.514936447143555,1.7376195192337036,0.0,51.82926940917969
2014-03-25 07,29.33854866027832,1.7376195192337036,111.28048706054688,53.35365676879883
2014-03-25 08,28.093883514404297,0.0,0.0,0.0
2014-03-25 09,25.604551315307617,0.0,0.0,49.39024353027344
2014-03-25 10,25.071123123168945,1.5204169750213623,114.32926940917969,0.0
2014-03-25 11,24.715505599975586,0.0,0.0,52.13414764404297
2014-03-25 12,23.826457977294922,0.0,0.0,0.0
2014-03-25 13,24.715505599975586,0.0,0.0,58.23170852661133
2014-03-25 14,23.648649215698242,0.0,101.62601470947266,0.0
2014-03-25 15,22.048364639282227,1.7376195192337036,112.80487823486328,0.0
2014-03-25 16,21.337125778198242,0.0,102.13414764404297,70.1219482421875
2014-03-25 17,0.0,0.0,112.80487823486328,63.414634704589844
2014-03-25 18,24.893314361572266,2.1720242500305176,150.9146270751953,0.0
2014-03-25 19,0.0,1.7376195192337036,0.0,0.0
2014-03-25 20,0.0,1.7376195192337036,0.0,0.0
2014-03-25 21,26.13797950744629,1.7376195192337036,0.0,0.0
2014-03-25 22,23.29302978515625,1.7376195192337036,0.0,0.0
2014-03-25 23,20.981508255004883,0.0,161.5853729248047,82.31707000732422
2014-03-26 00,19.025604248046875,1.7376195192337036,140.7520294189453,0.0
2014-03-26 01,17.24751091003418,1.7376195192337036,0.0,67.68292999267578
2014-03-26 02,0.0,0.0,112.29674530029297,58.84146499633789
2014-03-26 03,16.714082717895508,0.0,108.23170471191406,65.54878234863281
2014-03-26 04,17.24751091003418,1.7376195192337036,0.0,53.04878234863281
2014-03-26 05,17.24751091003418,1.7376195192337036,0.0,0.0
2014-03-26 06,20.80369758605957,0.0,0.0,0.0
2014-03-26 07,29.871976852416992,0.0,106.19918823242188,0.0
2014-03-26 08,27.738264083862305,1.7376195192337036,0.0,52.43902587890625
2014-03-26 09,26.49359893798828,1.7376195192337036,102.13414764404297,0.0
2014-03-26 10,0.0,0.0,127.5406494140625,46.64634323120117
2014-03-26 11,0.0,0.0,121.4430923461914,46.95121765136719
2014-03-26 12,24.359886169433594,1.5204169750213623,121.95121765136719,0.0
2014-03-26 13,0.0,1.7376195192337036,108.73983764648438,0.0
2014-03-26 14,25.071123123168945,1.5204169750213623,102.13414764404297,55.182926177978516
2014-03-26 15,0.0,0.0,92.47967529296875,0.0
2014-03-26 16,22.5817928314209,0.0,106.19918823242188,57.92683029174805
2014-03-26 17,0.0,2.1720242500305176,117.88617706298828,60.67073059082031
2014-03-26 18,0.0,0.0,151.42276000976562,65.24390411376953
2014-03-26 19,0.0,1.7376195192337036,208.84146118164062,0.0
2014-03-26 20,27.027027130126953,1.7376195192337036,0.0,0.0
2014-03-26 21,0.0,0.0,0.0,0.0
2014-03-26 22,0.0,1.7376195192337036,0.0,88.41463470458984
2014-03-26 23,20.62588882446289,1.7376195192337036,0.0,77.13414764404297
2014-03-27 00,0.0,0.0,0.0,0.0
2014-03-27 01,0.0,0.0,0.0,55.4878044128418
2014-03-27 02,0.0,1.7376195192337036,0.0,0.0
2014-03-27 03,16.891891479492188,1.7376195192337036,108.73983764648438,57.621952056884766
2014-03-27 04,0.0,1.7376195192337036,0.0,53.04878234863281
2014-03-27 05,17.603130340576172,1.7376195192337036,104.67479705810547,0.0
2014-03-27 06,20.44808006286621,0.0,77.74390411376953,56.70731735229492
2014-03-27 07,0.0,1.7376195192337036,105.69105529785156,56.09756088256836
2014-03-27 08,0.0,1.7376195192337036,111.28048706054688,54.26829147338867
2014-03-27 09,0.0,0.0,105.18292999267578,51.219512939453125
2014-03-27 10,0.0,0.0,0.0,51.219512939453125
2014-03-27 11,26.49359893798828,1.7376195192337036,0.0,56.09756088256836
2014-03-27 12,25.78236198425293,1.7376195192337036,0.0,57.92683029174805
2014-03-27 13,25.78236198425293,1.7376195192337036,115.8536605834961,54.26829147338867
2014-03-27 14,24.182077407836914,0.0,97.56097412109375,0.0
2014-03-27 15,0.0,1.5204169750213623,99.08536529541016,0.0
2014-03-27 16,0.0,1.7376195192337036,113.3130111694336,0.0
2014-03-27 17,0.0,0.0,0.0,66.46341705322266
2014-03-27 18,24.0042667388916,0.0,137.7032470703125,0.0
2014-03-27 19,27.382646560668945,0.0,229.67478942871094,0.0
2014-03-27 20,28.80512046813965,1.9548219442367554,231.7073211669922,116.46341705322266
2014-03-27 21,0.0,1.7376195192337036,196.64634704589844,104.26829528808594
2014-03-27 22,22.403982162475586,1.7376195192337036,0.0,87.5
2014-03-27 23,20.2702693939209,1.7376195192337036,0.0,0.0
2014-03-28 00,0.0,1.7376195192337036,0.0,0.0
2014-03-28 01,17.42531967163086,1.7376195192337036,0.0,0.0
2014-03-28 02,16.891891479492188,0.0,0.0,0.0
2014-03-28 03,16.536273956298828,1.7376195192337036,0.0,63.719512939453125
2014-03-28 04,17.0697021484375,1.7376195192337036,109.24797058105469,57.621952056884766
2014-03-28 05,0.0,0.0,106.19918823242188,0.0
2014-03-28 06,0.0,1.7376195192337036,89.93902587890625,54.878047943115234
2014-03-28 07,0.0,0.0,101.11788940429688,0.0
2014-03-28 08,0.0,0.0,0.0,55.182926177978516
2014-03-28 09,26.849218368530273,0.0,0.0,0.0
2014-03-28 10,24.893314361572266,0.0,0.0,0.0
2014-03-28 11,25.071123123168945,1.3032145500183105,127.03252410888672,0.0
2014-03-28 12,25.426742553710938,1.3032145500183105,121.4430923461914,0.0
2014-03-28 13,25.248933792114258,1.7376195192337036,111.28048706054688,61.280487060546875
2014-03-28 14,0.0,0.0,96.54471588134766,0.0
2014-03-28 15,22.937410354614258,0.0,0.0,0.0
2014-03-28 16,22.5817928314209,0.0,122.96747589111328,66.76829528808594
2014-03-28 17,24.893314361572266,1.5204169750213623,0.0,0.0
2014-03-28 18,0.0,0.0,145.32521057128906,76.82926940917969
2014-03-28 19,27.738264083862305,0.0,0.0,100.30487823486328
2014-03-28 20,28.093883514404297,2.823631525039673,230.18292236328125,104.8780517578125
2014-03-28 21,25.426742553710938,1.7376195192337036,0.0,0.0
2014-03-28 22,0.0,1.7376195192337036,0.0,0.0
2014-03-28 23,20.62588882446289,1.7376195192337036,0.0,81.09756469726562
2014-03-29 00,19.381223678588867,1.7376195192337036,152.43902587890625,80.18292999267578
2014-03-29 01,0.0,1.7376195192337036,132.6219482421875,68.90243530273438
2014-03-29 02,0.0,1.7376195192337036,120.42682647705078,60.975608825683594
2014-03-29 03,0.0,1.7376195192337036,116.86991882324219,62.19512176513672
2014-03-29 04,0.0,1.7376195192337036,0.0,54.26829147338867
2014-03-29 05,17.24751091003418,0.0,107.21544647216797,0.0
2014-03-29 06,18.492176055908203,1.7376195192337036,71.6463394165039,0.0
2014-03-29 07,0.0,0.0,92.47967529296875,52.74390411376953
2014-03-29 08,24.359886169433594,2.1720242500305176,100.60975646972656,0.0
2014-03-29 09,0.0,0.0,112.80487823486328,0.0
2014-03-29 10,28.62731170654297,1.9548219442367554,144.81707763671875,58.53658676147461
2014-03-29 11,0.0,0.0,0.0,49.69512176513672
2014-03-29 12,28.98293113708496,0.0,156.50405883789062,49.69512176513672
2014-03-29 13,28.271692276000977,0.0,138.2113800048828,0.0
2014-03-29 14,26.67140769958496,0.0,119.41056823730469,0.0
2014-03-29 15,0.0,1.7376195192337036,0.0,53.04878234863281
2014-03-29 16,24.537694931030273,0.0,0.0,48.17073059082031
2014-03-29 17,24.537694931030273,1.9548219442367554,145.32521057128906,46.95121765136719
2014-03-29 18,0.0,1.7376195192337036,0.0,0.0
2014-03-29 19,26.3157901763916,1.7376195192337036,221.54470825195312,0.0
2014-03-29 20,26.13797950744629,1.7376195192337036,229.1666717529297,0.0
2014-03-29 21,0.0,0.0,0.0,92.68292999267578
2014-03-29 22,22.759601593017578,1.7376195192337036,0.0,85.9756088256836
2014-03-29 23,20.981508255004883,1.7376195192337036,173.27235412597656,75.91463470458984
2014-03-30 00,0.0,1.7376195192337036,154.97967529296875,68.90243530273438
2014-03-30 01,0.0,0.0,0.0,0.0
2014-03-30 02,0.0,0.0,126.0162582397461,55.79268264770508
2014-03-30 03,17.24751091003418,1.5204169750213623,117.88617706298828,58.84146499633789
2014-03-30 04,0.0,0.0,111.78861999511719,0.0
2014-03-30 05,17.24751091003418,0.0,0.0,51.524391174316406
2014-03-30 06,17.78093910217285,1.7376195192337036,103.15040588378906,0.0
2014-03-30 07,18.314367294311523,1.7376195192337036,91.97154235839844,0.0
2014-03-30 08,20.44808006286621,0.0,86.89024353027344,0.0
2014-03-30 09,23.11522102355957,1.7376195192337036,0.0,55.4878044128418
2014-03-30 10,0.0,1.7376195192337036,118.3943099975586,49.69512176513672
2014-03-30 11,28.44950294494629,1.7376195192337036,185.97561645507812,0.0
2014-03-30 12,0.0,1.7376195192337036,193.0894317626953,0.0
2014-03-30 13,28.44950294494629,1.7376195192337036,152.43902587890625,64.0243911743164
2014-03-30 14,28.271692276000977,1.7376195192337036,133.63821411132812,58.84146499633789
2014-03-30 15,27.738264083862305,1.5204169750213623,0.0,0.0
2014-03-30 16,23.648649215698242,1.7376195192337036,123.4756088256836,56.70731735229492
2014-03-30 17,23.648649215698242,0.0,130.5894317626953,49.085365295410156
2014-03-30 18,22.937410354614258,1.7376195192337036,0.0,0.0
2014-03-30 19,25.604551315307617,1.9548219442367554,0.0,71.03658294677734
2014-03-30 20,0.0,0.0,204.26829528808594,73.4756088256836
2014-03-30 21,26.49359893798828,0.0,0.0,83.84146118164062
2014-03-30 22,0.0,0.0,0.0,0.0
2014-03-30 23,0.0,0.0,171.7479705810547,0.0
2014-03-31 00,19.559032440185547,0.0,154.97967529296875,61.585365295410156
2014-03-31 01,17.78093910217285,1.7376195192337036,0.0,0.0
2014-03-31 02,16.891891479492188,0.0,112.80487823486328,56.09756088256836
2014-03-31 03,16.536273956298828,0.0,107.21544647216797,0.0
2014-03-31 04,16.714082717895508,1.7376195192337036,109.24797058105469,58.23170852661133
2014-03-31 05,0.0,0.0,109.24797058105469,52.13414764404297
2014-03-31 06,19.736841201782227,1.7376195192337036,111.78861999511719,0.0
2014-03-31 07,28.271692276000977,0.0,108.23170471191406,0.0
2014-03-31 08,0.0,1.7376195192337036,112.29674530029297,57.621952056884766
2014-03-31 09,24.359886169433594,0.0,101.11788940429688,0.0
2014-03-31 10,24.537694931030273,1.7376195192337036,107.72357940673828,0.0
2014-03-31 11,24.537694931030273,0.0,100.10162353515625,51.524391174316406
2014-03-31 12,24.182077407836914,0.0,0.0,62.19512176513672
2014-03-31 13,24.359886169433594,1.5204169750213623,0.0,0.0
2014-03-31 14,23.29302978515625,0.0,95.52845764160156,55.79268264770508
2014-03-31 15,21.514936447143555,1.5204169750213623,0.0,62.5
2014-03-31 16,21.514936447143555,0.0,105.69105529785156,0.0
2014-03-31 17,22.403982162475586,1.7376195192337036,0.0,56.70731735229492
2014-03-31 18,0.0,0.0,0.0,64.32926940917969
2014-03-31 19,25.78236198425293,1.7376195192337036,0.0,67.98780822753906
2014-03-31 20,0.0,0.0,219.00405883789062,79.57317352294922
2014-03-31 21,0.0,0.0,0.0,89.63414764404297
2014-03-31 22,0.0,1.7376195192337036,182.9268341064453,0.0
2014-03-31 23,21.514936447143555,1.7376195192337036,0.0,0.0
2014-04-01 00,0.0,0.0,147.86585998535156,66.15853881835938
2014-04-01 01,17.78093910217285,1.7376195192337036,0.0,59.75609588623047
2014-04-01 02,0.0,1.7376195192337036,0.0,0.0
2014-04-01 03,0.0,0.0,113.3130111694336,0.0
2014-04-01 04,0.0,1.7376195192337036,0.0,0.0
2014-04-01 05,17.0697021484375,1.7376195192337036,108.23170471191406,54.26829147338867
2014-04-01 06,0.0,0.0,0.0,55.182926177978516
2014-04-01 07,0.0,0.0,119.918701171875,0.0
2014-04-01 08,0.0,1.7376195192337036,113.82113647460938,56.70731735229492
2014-04-01 09,0.0,0.0,0.0,55.182926177978516
2014-04-01 10,0.0,1.5204169750213623,121.4430923461914,56.40243911743164
2014-04-01 11,23.648649215698242,0.0,132.1138153076172,56.09756088256836
2014-04-01 12,0.0,1.3032145500183105,128.55691528320312,0.0
2014-04-01 13,0.0,1.7376195192337036,112.80487823486328,56.70731735229492
2014-04-01 14,0.0,0.0,0.0,56.40243911743164
2014-04-01 15,21.692745208740234,1.7376195192337036,111.78861999511719,0.0
2014-04-01 16,21.870553970336914,0.0,113.3130111694336,0.0
2014-04-01 17,22.5817928314209,1.7376195192337036,0.0,0.0
2014-04-01 18,0.0,2.1720242500305176,174.7967529296875,0.0
2014-04-01 19,0.0,0.0,248.98373413085938,0.0
2014-04-01 20,28.093883514404297,1.7376195192337036,244.918701171875,0.0
2014-04-01 21,0.0,0.0,0.0,0.0
2014-04-01 22,0.0,0.0,0.0,0.0
2014-04-01 23,21.514936447143555,0.0,169.2073211669922,80.79268646240234
2014-04-02 00,0.0,0.0,162.60162353515625,0.0
2014-04-02 01,17.78093910217285,1.7376195192337036,0.0,70.42682647705078
2014-04-02 02,0.0,1.5204169750213623,116.86991882324219,66.76829528808594
2014-04-02 03,0.0,1.7376195192337036,114.32926940917969,63.414634704589844
2014-04-02 04,16.714082717895508,1.7376195192337036,112.29674530029297,0.0
2014-04-02 05,17.42531967163086,1.7376195192337036,111.78861999511719,60.975608825683594
2014-04-02 06,19.736841201782227,1.7376195192337036,0.0,0.0
2014-04-02 07,28.80512046813965,1.7376195192337036,104.16666412353516,63.414634704589844
2014-04-02 08,0.0,1.7376195192337036,0.0,0.0
2014-04-02 09,25.248933792114258,1.7376195192337036,110.26422882080078,58.23170852661133
2014-04-02 10,24.715505599975586,1.5204169750213623,118.3943099975586,0.0
2014-04-02 11,0.0,0.0,0.0,0.0
2014-04-02 12,0.0,1.5204169750213623,0.0,0.0
2014-04-02 13,23.826457977294922,1.7376195192337036,104.16666412353516,45.121952056884766
2014-04-02 14,24.0042667388916,0.0,95.02032470703125,53.35365676879883
2014-04-02 15,22.937410354614258,1.5204169750213623,98.06910705566406,0.0
2014-04-02 16,0.0,0.0,0.0,46.64634323120117
2014-04-02 17,22.403982162475586,2.1720242500305176,0.0,53.65853500366211
2014-04-02 18,24.893314361572266,0.0,131.60569763183594,0.0
2014-04-02 19,0.0,1.7376195192337036,0.0,64.32926940917969
2014-04-02 20,0.0,1.7376195192337036,0.0,78.96341705322266
2014-04-02 21,26.3157901763916,1.7376195192337036,200.2032470703125,93.29268646240234
2014-04-02 22,23.47083854675293,1.7376195192337036,0.0,0.0
2014-04-02 23,21.514936447143555,1.7376195192337036,170.22357177734375,73.4756088256836
2014-04-03 00,0.0,1.7376195192337036,143.80081176757812,0.0
2014-04-03 01,0.0,1.7376195192337036,0.0,67.68292999267578
2014-04-03 02,0.0,1.7376195192337036,112.80487823486328,0.0
2014-04-03 03,16.536273956298828,1.7376195192337036,0.0,57.317073822021484
2014-04-03 04,0.0,0.0,108.73983764648438,0.0
2014-04-03 05,17.0697021484375,1.7376195192337036,111.78861999511719,0.0
2014-04-03 06,0.0,0.0,0.0,60.06097412109375
2014-04-03 07,0.0,1.7376195192337036,104.16666412353516,57.317073822021484
2014-04-03 08,27.027027130126953,1.7376195192337036,0.0,58.23170852661133
2014-04-03 09,25.071123123168945,1.9548219442367554,105.69105529785156,59.14634323120117
2014-04-03 10,0.0,0.0,117.88617706298828,58.84146499633789
2014-04-03 11,0.0,0.0,122.96747589111328,51.524391174316406
2014-04-03 12,0.0,1.7376195192337036,0.0,52.43902587890625
2014-04-03 13,24.537694931030273,1.7376195192337036,106.70731353759766,44.5121955871582
2014-04-03 14,0.0,1.5204169750213623,104.16666412353516,0.0
2014-04-03 15,0.0,1.5204169750213623,0.0,50.0
2014-04-03 16,0.0,1.7376195192337036,109.75609588623047,53.96341323852539
2014-04-03 17,22.403982162475586,1.7376195192337036,102.64227294921875,0.0
2014-04-03 18,0.0,1.5204169750213623,0.0,0.0
2014-04-03 19,0.0,1.7376195192337036,0.0,62.19512176513672
2014-04-03 20,27.027027130126953,1.9548219442367554,195.1219482421875,78.65853881835938
2014-04-03 21,0.0,1.7376195192337036,213.92276000976562,87.5
2014-04-03 22,23.47083854675293,0.0,0.0,87.19512176513672
2014-04-03 23,21.514936447143555,0.0,169.2073211669922,0.0
2014-04-04 00,19.381223678588867,1.7376195192337036,0.0,0.0
2014-04-04 01,0.0,0.0,0.0,54.26829147338867
2014-04-04 02,16.714082717895508,1.7376195192337036,0.0,45.73170852661133
2014-04-04 03,16.180654525756836,1.7376195192337036,107.72357940673828,0.0
2014-04-04 04,0.0,0.0,0.0,54.26829147338867
2014-04-04 05,17.0697021484375,0.0,111.28048706054688,51.524391174316406
2014-04-04 06,19.559032440185547,1.7376195192337036,108.23170471191406,56.40243911743164
2014-04-04 07,28.271692276000977,0.0,107.21544647216797,0.0
2014-04-04 08,0.0,0.0,0.0,60.67073059082031
2014-04-04 09,0.0,0.0,105.69105529785156,59.14634323120117
2014-04-04 10,23.826457977294922,1.3032145500183105,0.0,57.621952056884766
2014-04-04 11,0.0,0.0,120.9349594116211,0.0
2014-04-04 12,24.359886169433594,0.0,116.86991882324219,0.0
2014-04-04 13,24.182077407836914,1.7376195192337036,0.0,0.0
2014-04-04 14,23.826457977294922,1.7376195192337036,127.5406494140625,58.53658676147461
2014-04-04 15,22.403982162475586,0.0,108.73983764648438,0.0
2014-04-04 16,21.692745208740234,0.0,121.4430923461914,67.07317352294922
2014-04-04 17,0.0,0.0,127.5406494140625,0.0
2014-04-04 18,0.0,2.1720242500305176,0.0,0.0
2014-04-04 19,24.893314361572266,0.0,0.0,93.29268646240234
2014-04-04 20,24.893314361572266,2.823631525039673,0.0,0.0
2014-04-04 21,23.47083854675293,0.0,197.66259765625,108.23170471191406
2014-04-04 22,22.226173400878906,0.0,0.0,103.65853881835938
2014-04-04 23,0.0,0.0,174.7967529296875,102.13414764404297
2014-04-05 00,19.203413009643555,0.0,0.0,0.0
2014-04-05 01,0.0,0.0,129.06504821777344,82.31707000732422
2014-04-05 02,17.0697021484375,1.7376195192337036,0.0,77.74390411376953
2014-04-05 03,16.891891479492188,1.7376195192337036,113.3130111694336,0.0
2014-04-05 04,16.714082717895508,0.0,0.0,68.59756469726562
2014-04-05 05,0.0,2.1720242500305176,0.0,59.45121765136719
2014-04-05 06,0.0,1.7376195192337036,102.13414764404297,0.0
2014-04-05 07,19.559032440185547,0.0,89.43089294433594,45.73170852661133
2014-04-05 08,0.0,0.0,103.65853881835938,44.5121955871582
2014-04-05 09,26.13797950744629,3.0408339500427246,139.73577880859375,48.17073059082031
2014-04-05 10,29.516359329223633,1.9548219442367554,164.63414001464844,52.74390411376953
2014-04-05 11,29.516359329223633,0.0,166.6666717529297,62.5
2014-04-05 12,0.0,1.7376195192337036,189.5325164794922,63.414634704589844
2014-04-05 13,29.516359329223633,0.0,0.0,0.0
2014-04-05 14,28.271692276000977,0.0,174.2886199951172,67.07317352294922
2014-04-05 15,0.0,0.0,176.32113647460938,0.0
2014-04-05 16,24.893314361572266,1.7376195192337036,159.04470825195312,69.81707000732422
2014-04-05 17,0.0,0.0,160.06097412109375,0.0
2014-04-05 18,0.0,0.0,0.0,0.0
2014-04-05 19,26.13797950744629,1.7376195192337036,203.2520294189453,0.0
2014-04-05 20,0.0,1.7376195192337036,230.18292236328125,74.39024353027344
2014-04-05 21,24.893314361572266,1.7376195192337036,201.72764587402344,0.0
2014-04-05 22,22.5817928314209,1.7376195192337036,0.0,87.19512176513672
2014-04-05 23,0.0,0.0,0.0,88.10975646972656
2014-04-06 00,20.2702693939209,1.7376195192337036,163.10975646972656,76.21951293945312
2014-04-06 01,18.314367294311523,0.0,0.0,0.0
2014-04-06 02,17.24751091003418,0.0,0.0,57.0121955871582
2014-04-06 03,0.0,1.5204169750213623,128.0487823486328,0.0
2014-04-06 04,0.0,1.5204169750213623,108.73983764648438,49.69512176513672
2014-04-06 05,17.24751091003418,1.7376195192337036,0.0,0.0
2014-04-06 06,0.0,0.0,0.0,0.0
2014-04-06 07,18.847795486450195,1.7376195192337036,0.0,48.780487060546875
2014-04-06 08,0.0,1.7376195192337036,0.0,49.085365295410156
2014-04-06 09,25.96017074584961,1.7376195192337036,0.0,47.86585235595703
2014-04-06 10,0.0,1.7376195192337036,0.0,54.57316970825195
2014-04-06 11,0.0,0.0,181.40243530273438,0.0
2014-04-06 12,0.0,1.7376195192337036,175.81300354003906,65.8536605834961
2014-04-06 13,29.871976852416992,0.0,157.01219177246094,64.0243911743164
2014-04-06 14,27.916074752807617,0.0,146.34146118164062,0.0
2014-04-06 15,26.849218368530273,0.0,0.0,42.9878044128418
2014-04-06 16,25.248933792114258,1.7376195192337036,0.0,39.32926940917969
2014-04-06 17,0.0,0.0,119.41056823730469,37.19512176513672
2014-04-06 18,25.248933792114258,1.7376195192337036,0.0,0.0
2014-04-06 19,27.204835891723633,1.9548219442367554,0.0,0.0
2014-04-06 20,29.16073989868164,0.0,185.4674835205078,0.0
2014-04-06 21,26.849218368530273,0.0,192.581298828125,82.92682647705078
2014-04-06 22,0.0,0.0,188.51626586914062,0.0
2014-04-06 23,21.692745208740234,0.0,165.14227294921875,70.73170471191406
2014-04-07 00,0.0,0.0,139.22764587402344,59.75609588623047
2014-04-07 01,17.78093910217285,0.0,0.0,0.0
2014-04-07 02,17.0697021484375,0.0,110.77235412597656,50.60975646972656
2014-04-07 03,0.0,0.0,0.0,49.69512176513672
2014-04-07 04,0.0,1.7376195192337036,104.16666412353516,0.0
2014-04-07 05,0.0,0.0,112.80487823486328,53.65853500366211
2014-04-07 06,19.025604248046875,0.0,96.03658294677734,50.0
2014-04-07 07,27.027027130126953,1.7376195192337036,92.98780822753906,44.5121955871582
2014-04-07 08,28.98293113708496,1.7376195192337036,102.64227294921875,0.0
2014-04-07 09,0.0,1.7376195192337036,0.0,44.5121955871582
2014-04-07 10,27.738264083862305,1.7376195192337036,113.3130111694336,0.0
2014-04-07 11,27.382646560668945,0.0,111.78861999511719,0.0
2014-04-07 12,28.62731170654297,1.3032145500183105,0.0,0.0
2014-04-07 13,26.849218368530273,1.5204169750213623,107.21544647216797,53.35365676879883
2014-04-07 14,26.3157901763916,0.0,0.0,0.0
2014-04-07 15,24.0042667388916,1.5204169750213623,0.0,59.14634323120117
2014-04-07 16,0.0,1.7376195192337036,0.0,53.35365676879883
2014-04-07 17,0.0,1.7376195192337036,121.4430923461914,55.79268264770508
2014-04-07 18,0.0,2.1720242500305176,0.0,0.0
2014-04-07 19,26.67140769958496,0.0,0.0,58.23170852661133
2014-04-07 20,29.16073989868164,0.0,194.6138153076172,0.0
2014-04-07 21,0.0,1.7376195192337036,0.0,84.45121765136719
2014-04-07 22,0.0,0.0,0.0,0.0
2014-04-07 23,21.692745208740234,0.0,164.1260223388672,78.3536605834961
2014-04-08 00,20.09246063232422,1.7376195192337036,0.0,65.8536605834961
2014-04-08 01,18.314367294311523,0.0,120.9349594116211,56.70731735229492
2014-04-08 02,0.0,0.0,121.4430923461914,0.0
2014-04-08 03,16.891891479492188,1.7376195192337036,107.72357940673828,55.79268264770508
2014-04-08 04,0.0,1.7376195192337036,105.69105529785156,54.26829147338867
2014-04-08 05,17.0697021484375,1.7376195192337036,106.19918823242188,54.26829147338867
2014-04-08 06,20.09246063232422,1.7376195192337036,0.0,52.13414764404297
2014-04-08 07,25.78236198425293,0.0,104.16666412353516,52.43902587890625
2014-04-08 08,28.80512046813965,0.0,110.26422882080078,47.86585235595703
2014-04-08 09,0.0,0.0,0.0,0.0
2014-04-08 10,0.0,1.5204169750213623,116.86991882324219,43.90243911743164
2014-04-08 11,26.49359893798828,1.5204169750213623,111.28048706054688,44.5121955871582
2014-04-08 12,0.0,0.0,0.0,0.0
2014-04-08 13,0.0,1.7376195192337036,101.62601470947266,32.621952056884766
2014-04-08 14,0.0,1.7376195192337036,0.0,0.0
2014-04-08 15,23.11522102355957,1.7376195192337036,102.64227294921875,0.0
2014-04-08 16,22.937410354614258,1.7376195192337036,104.67479705810547,0.0
2014-04-08 17,23.29302978515625,1.7376195192337036,105.18292999267578,0.0
2014-04-08 18,25.426742553710938,2.1720242500305176,0.0,42.682926177978516
2014-04-08 19,29.16073989868164,0.0,176.32113647460938,0.0
2014-04-08 20,0.0,1.7376195192337036,0.0,0.0
2014-04-08 21,27.204835891723633,0.0,0.0,68.90243530273438
2014-04-08 22,0.0,0.0,0.0,0.0
2014-04-08 23,21.870553970336914,0.0,0.0,63.719512939453125
2014-04-09 00,19.91465187072754,0.0,132.6219482421875,48.780487060546875
2014-04-09 01,17.78093910217285,0.0,0.0,44.817073822021484
2014-04-09 02,0.0,0.0,0.0,42.682926177978516
2014-04-09 03,16.891891479492188,0.0,0.0,44.20731735229492
2014-04-09 04,17.0697021484375,1.7376195192337036,95.52845764160156,0.0
2014-04-09 05,0.0,1.7376195192337036,92.98780822753906,0.0
2014-04-09 06,19.381223678588867,0.0,0.0,0.0
2014-04-09 07,26.49359893798828,1.7376195192337036,0.0,38.719512939453125
2014-04-09 08,27.916074752807617,1.7376195192337036,88.92276763916016,37.80487823486328
2014-04-09 09,27.027027130126953,0.0,94.00406646728516,0.0
2014-04-09 10,0.0,0.0,0.0,38.10975646972656
2014-04-09 11,0.0,1.5204169750213623,0.0,34.45121765136719
2014-04-09 12,25.248933792114258,0.0,120.42682647705078,36.89024353027344
2014-04-09 13,26.67140769958496,1.7376195192337036,111.78861999511719,0.0
2014-04-09 14,0.0,1.5204169750213623,106.19918823242188,36.280487060546875
2014-04-09 15,0.0,1.5204169750213623,105.18292999267578,38.719512939453125
2014-04-09 16,22.759601593017578,0.0,112.29674530029297,0.0
2014-04-09 17,0.0,2.1720242500305176,0.0,0.0
2014-04-09 18,25.248933792114258,0.0,132.6219482421875,46.64634323120117
2014-04-09 19,27.916074752807617,0.0,174.7967529296875,54.57316970825195
2014-04-09 20,29.16073989868164,1.7376195192337036,0.0,0.0
2014-04-09 21,26.13797950744629,1.7376195192337036,168.69918823242188,0.0
2014-04-09 22,23.29302978515625,0.0,160.06097412109375,0.0
2014-04-09 23,0.0,1.7376195192337036,0.0,62.80487823486328
2014-04-10 00,19.381223678588867,0.0,0.0,0.0
2014-04-10 01,17.24751091003418,1.7376195192337036,111.78861999511719,0.0
2014-04-10 02,17.24751091003418,1.7376195192337036,109.75609588623047,0.0
2014-04-10 03,16.714082717895508,0.0,112.29674530029297,0.0
2014-04-10 04,16.891891479492188,1.7376195192337036,108.73983764648438,0.0
2014-04-10 05,16.891891479492188,1.7376195192337036,0.0,43.59756088256836
2014-04-10 06,0.0,1.7376195192337036,99.59349822998047,0.0
2014-04-10 07,25.96017074584961,0.0,0.0,37.5
2014-04-10 08,0.0,0.0,102.13414764404297,0.0
2014-04-10 09,0.0,0.0,0.0,0.0
2014-04-10 10,27.738264083862305,0.0,107.21544647216797,37.80487823486328
2014-04-10 11,27.382646560668945,0.0,0.0,40.24390411376953
2014-04-10 12,0.0,0.0,0.0,0.0
2014-04-10 13,0.0,1.7376195192337036,109.75609588623047,0.0
2014-04-10 14,25.248933792114258,0.0,0.0,25.0
2014-04-10 15,23.648649215698242,0.0,98.57723236083984,30.182926177978516
2014-04-10 16,0.0,1.7376195192337036,99.59349822998047,0.0
2014-04-10 17,0.0,0.0,114.83739471435547,0.0
2014-04-10 18,25.426742553710938,1.5204169750213623,125.0,0.0
2014-04-10 19,28.80512046813965,1.7376195192337036,0.0,0.0
2014-04-10 20,0.0,1.9548219442367554,168.69918823242188,0.0
2014-04-10 21,0.0,1.7376195192337036,0.0,66.15853881835938
2014-04-10 22,0.0,1.7376195192337036,174.7967529296875,66.76829528808594
2014-04-10 23,15.647226333618164,0.0,159.55284118652344,0.0
2014-04-11 00,22.937410354614258,1.7376195192337036,0.0,48.17073059082031
2014-04-11 01,0.0,1.7376195192337036,0.0,44.5121955871582
2014-04-11 02,18.847795486450195,1.7376195192337036,107.72357940673828,42.682926177978516
2014-04-11 03,18.492176055908203,0.0,0.0,40.85365676879883
2014-04-11 04,18.669986724853516,1.7376195192337036,101.11788940429688,39.63414764404297
2014-04-11 05,18.847795486450195,1.7376195192337036,100.60975646972656,39.024391174316406
2014-04-11 06,20.80369758605957,1.7376195192337036,0.0,0.0
2014-04-11 07,0.0,1.7376195192337036,0.0,30.487804412841797
2014-04-11 08,30.405405044555664,1.7376195192337036,92.47967529296875,43.59756088256836
2014-04-11 09,28.271692276000977,0.8688097596168518,0.0,41.46341323852539
2014-04-11 10,26.67140769958496,0.0,109.75609588623047,0.0
2014-04-11 11,25.96017074584961,0.0,0.0,0.0
2014-04-11 12,25.78236198425293,1.3032145500183105,86.89024353027344,39.63414764404297
2014-04-11 13,25.604551315307617,1.7376195192337036,0.0,30.487804412841797
2014-04-11 14,25.96017074584961,1.7376195192337036,98.06910705566406,27.134145736694336
2014-04-11 15,23.648649215698242,1.7376195192337036,0.0,31.707317352294922
2014-04-11 16,25.248933792114258,0.0,118.3943099975586,0.0
2014-04-11 17,25.78236198425293,0.0,105.69105529785156,0.0
2014-04-11 18,27.027027130126953,2.1720242500305176,122.96747589111328,32.317073822021484
2014-04-11 19,0.0,0.0,154.97967529296875,43.90243911743164
2014-04-11 20,0.0,2.823631525039673,163.10975646972656,42.9878044128418
2014-04-11 21,27.916074752807617,1.7376195192337036,170.73170471191406,0.0
2014-04-11 22,25.604551315307617,1.7376195192337036,159.04470825195312,56.70731735229492
2014-04-11 23,0.0,1.7376195192337036,157.52032470703125,56.40243911743164
2014-04-12 00,0.0,1.7376195192337036,0.0,48.780487060546875
2014-04-12 01,0.0,0.0,0.0,41.46341323852539
2014-04-12 02,18.847795486450195,0.0,110.77235412597656,37.5
2014-04-12 03,0.0,1.7376195192337036,112.29674530029297,37.5
2014-04-12 04,18.669986724853516,1.7376195192337036,105.69105529785156,33.53658676147461
2014-04-12 05,18.847795486450195,2.1720242500305176,101.11788940429688,34.45121765136719
2014-04-12 06,0.0,1.7376195192337036,84.85772705078125,30.487804412841797
2014-04-12 07,0.0,0.0,94.51219177246094,23.780487060546875
2014-04-12 08,0.0,0.0,104.67479705810547,0.0
2014-04-12 09,0.0,3.0408339500427246,0.0,32.92683029174805
2014-04-12 10,0.0,1.9548219442367554,0.0,38.10975646972656
2014-04-12 11,32.539119720458984,1.7376195192337036,150.9146270751953,38.10975646972656
2014-04-12 12,0.0,0.0,131.09756469726562,33.84146499633789
2014-04-12 13,0.0,1.7376195192337036,0.0,0.0
2014-04-12 14,0.0,1.7376195192337036,125.0,0.0
2014-04-12 15,26.849218368530273,1.7376195192337036,125.0,34.14634323120117
2014-04-12 16,27.027027130126953,1.7376195192337036,0.0,32.0121955871582
2014-04-12 17,26.67140769958496,1.9548219442367554,105.69105529785156,28.35365867614746
2014-04-12 18,26.67140769958496,0.0,112.29674530029297,27.134145736694336
2014-04-12 19,0.0,1.7376195192337036,152.43902587890625,37.19512176513672
2014-04-12 20,27.916074752807617,0.0,155.48780822753906,49.39024353027344
2014-04-12 21,0.0,0.0,151.93089294433594,0.0
2014-04-12 22,25.604551315307617,0.0,143.2926788330078,57.92683029174805
2014-04-12 23,24.0042667388916,0.0,147.86585998535156,57.92683029174805
2014-04-13 00,0.0,1.7376195192337036,139.73577880859375,54.26829147338867
2014-04-13 01,20.62588882446289,0.0,0.0,0.0
2014-04-13 02,19.203413009643555,0.0,99.59349822998047,39.024391174316406
2014-04-13 03,0.0,1.5204169750213623,95.02032470703125,35.975608825683594
2014-04-13 04,18.847795486450195,1.5204169750213623,100.60975646972656,0.0
2014-04-13 05,0.0,1.7376195192337036,100.10162353515625,35.975608825683594
2014-04-13 06,0.0,0.0,75.71138000488281,30.487804412841797
2014-04-13 07,22.226173400878906,1.7376195192337036,0.0,0.0
2014-04-13 08,0.0,1.7376195192337036,86.89024353027344,28.963415145874023
2014-04-13 09,29.16073989868164,1.7376195192337036,99.08536529541016,42.9878044128418
2014-04-13 10,0.0,1.7376195192337036,128.55691528320312,54.26829147338867
2014-04-13 11,27.916074752807617,1.7376195192337036,153.96340942382812,0.0
2014-04-13 12,30.938833236694336,0.0,0.0,67.07317352294922
2014-04-13 13,0.0,1.7376195192337036,0.0,35.36585235595703
2014-04-13 14,28.44950294494629,0.0,116.86991882324219,31.09756088256836
2014-04-13 15,27.916074752807617,0.0,0.0,28.658536911010742
2014-04-13 16,0.0,1.7376195192337036,107.72357940673828,0.0
2014-04-13 17,0.0,1.7376195192337036,100.10162353515625,22.560976028442383
2014-04-13 18,25.96017074584961,1.7376195192337036,0.0,22.560976028442383
2014-04-13 19,31.11664390563965,0.0,113.82113647460938,0.0
2014-04-13 20,0.0,1.7376195192337036,143.2926788330078,34.14634323120117
2014-04-13 21,0.0,1.7376195192337036,0.0,55.182926177978516
2014-04-13 22,0.0,1.7376195192337036,141.76829528808594,0.0
2014-04-13 23,24.537694931030273,0.0,145.8333282470703,52.74390411376953
2014-04-14 00,0.0,0.0,0.0,0.0
2014-04-14 01,0.0,0.0,0.0,36.89024353027344
2014-04-14 02,18.847795486450195,0.0,0.0,34.75609588623047
2014-04-14 03,0.0,1.5204169750213623,91.97154235839844,32.0121955871582
2014-04-14 04,18.669986724853516,0.0,0.0,35.06097412109375
2014-04-14 05,18.669986724853516,1.7376195192337036,0.0,35.36585235595703
2014-04-14 06,21.514936447143555,1.7376195192337036,0.0,0.0
2014-04-14 07,28.44950294494629,0.0,0.0,0.0
2014-04-14 08,31.294452667236328,1.7376195192337036,0.0,31.40243911743164
2014-04-14 09,26.49359893798828,1.7376195192337036,77.23577117919922,0.0
2014-04-14 10,0.0,1.7376195192337036,0.0,28.04878044128418
2014-04-14 11,0.0,1.3032145500183105,95.02032470703125,0.0
2014-04-14 12,0.0,0.0,0.0,41.76829147338867
2014-04-14 13,27.560455322265625,0.0,87.90650177001953,43.29268264770508
2014-04-14 14,0.0,1.3032145500183105,0.0,36.280487060546875
2014-04-14 15,24.715505599975586,1.5204169750213623,0.0,37.80487823486328
2014-04-14 16,25.426742553710938,1.7376195192337036,89.93902587890625,32.0121955871582
2014-04-14 17,25.248933792114258,0.0,100.10162353515625,0.0
2014-04-14 18,28.271692276000977,2.1720242500305176,118.90243530273438,0.0
2014-04-14 19,30.405405044555664,0.0,169.7154541015625,49.085365295410156
2014-04-14 20,32.18349838256836,0.0,170.73170471191406,0.0
2014-04-14 21,28.44950294494629,0.0,174.2886199951172,0.0
2014-04-14 22,0.0,0.0,0.0,0.0
2014-04-14 23,23.648649215698242,1.7376195192337036,0.0,0.0
2014-04-15 00,22.759601593017578,1.7376195192337036,129.5731658935547,0.0
2014-04-15 01,19.381223678588867,0.0,112.29674530029297,0.0
2014-04-15 02,0.0,1.7376195192337036,0.0,0.0
2014-04-15 03,18.314367294311523,1.7376195192337036,101.11788940429688,0.0
2014-04-15 04,18.669986724853516,0.0,92.98780822753906,36.585365295410156
2014-04-15 05,18.847795486450195,0.0,95.52845764160156,0.0
2014-04-15 06,21.514936447143555,0.0,83.33333587646484,32.317073822021484
2014-04-15 07,27.738264083862305,1.7376195192337036,0.0,0.0
2014-04-15 08,0.0,1.7376195192337036,80.28455352783203,36.89024353027344
2014-04-15 09,0.0,1.7376195192337036,86.89024353027344,0.0
2014-04-15 10,0.0,0.0,0.0,31.707317352294922
2014-04-15 11,27.204835891723633,1.5204169750213623,96.54471588134766,33.53658676147461
2014-04-15 12,0.0,1.3032145500183105,110.26422882080078,33.84146499633789
2014-04-15 13,26.67140769958496,0.0,0.0,31.09756088256836
2014-04-15 14,0.0,1.7376195192337036,0.0,0.0
2014-04-15 15,24.182077407836914,1.7376195192337036,89.43089294433594,34.14634323120117
2014-04-15 16,0.0,1.7376195192337036,0.0,0.0
2014-04-15 17,0.0,1.7376195192337036,0.0,0.0
2014-04-15 18,0.0,0.0,116.36178588867188,0.0
2014-04-15 19,0.0,1.7376195192337036,151.42276000976562,43.90243911743164
2014-04-15 20,17.42531967163086,1.7376195192337036,0.0,44.817073822021484
2014-04-15 21,0.0,1.7376195192337036,0.0,65.54878234863281
2014-04-15 22,0.0,1.7376195192337036,159.04470825195312,58.84146499633789
2014-04-15 23,8.890469551086426,0.0,135.6707305908203,53.04878234863281
2014-04-16 00,6.223328590393066,1.7376195192337036,131.60569763183594,40.54878234863281
2014-04-16 01,0.0,0.0,118.90243530273438,0.0
2014-04-16 02,3.0227596759796143,1.5204169750213623,106.19918823242188,0.0
2014-04-16 03,0.0,0.0,0.0,0.0
2014-04-16 04,0.0,0.0,99.08536529541016,0.0
2014-04-16 05,0.0,1.7376195192337036,101.62601470947266,0.0
2014-04-16 06,0.0,0.0,0.0,30.487804412841797
2014-04-16 07,0.0,0.0,0.0,0.0
2014-04-16 08,14.224751472473145,1.7376195192337036,77.23577117919922,31.40243911743164
2014-04-16 09,26.49359893798828,1.7376195192337036,0.0,0.0
2014-04-16 10,0.0,0.0,0.0,0.0
2014-04-16 11,28.271692276000977,1.5204169750213623,100.10162353515625,37.19512176513672
2014-04-16 12,26.67140769958496,1.5204169750213623,93.49593353271484,33.23170852661133
2014-04-16 13,25.96017074584961,0.0,0.0,0.0
2014-04-16 14,0.0,1.5204169750213623,81.30081176757812,32.0121955871582
2014-04-16 15,25.071123123168945,1.5204169750213623,82.31707000732422,0.0
2014-04-16 16,24.715505599975586,1.7376195192337036,82.82520294189453,0.0
2014-04-16 17,25.426742553710938,2.1720242500305176,89.93902587890625,36.585365295410156
2014-04-16 18,25.78236198425293,2.606429100036621,104.67479705810547,43.59756088256836
2014-04-16 19,28.98293113708496,1.7376195192337036,136.17886352539062,49.39024353027344
2014-04-16 20,0.0,1.7376195192337036,155.48780822753906,0.0
2014-04-16 21,25.78236198425293,1.7376195192337036,166.6666717529297,63.719512939453125
2014-04-16 22,23.11522102355957,0.0,158.02845764160156,0.0
2014-04-16 23,22.5817928314209,0.0,149.39024353027344,54.878047943115234
2014-04-17 00,20.44808006286621,1.7376195192337036,0.0,0.0
2014-04-17 01,17.78093910217285,1.7376195192337036,0.0,0.0
2014-04-17 02,17.0697021484375,1.7376195192337036,93.49593353271484,0.0
2014-04-17 03,16.891891479492188,0.0,0.0,33.84146499633789
2014-04-17 04,17.24751091003418,0.0,94.51219177246094,0.0
2014-04-17 05,0.0,0.0,93.49593353271484,0.0
2014-04-17 06,19.736841201782227,0.0,0.0,0.0
2014-04-17 07,25.248933792114258,0.0,0.0,0.0
2014-04-17 08,0.0,1.7376195192337036,0.0,0.0
2014-04-17 09,31.11664390563965,1.9548219442367554,84.34959411621094,27.439023971557617
2014-04-17 10,31.472261428833008,1.7376195192337036,104.16666412353516,40.24390411376953
2014-04-17 11,0.0,0.0,104.16666412353516,39.32926940917969
2014-04-17 12,0.0,0.0,108.23170471191406,37.19512176513672
2014-04-17 13,0.0,0.0,100.60975646972656,0.0
2014-04-17 14,0.0,1.5204169750213623,0.0,31.40243911743164
2014-04-17 15,25.604551315307617,1.5204169750213623,114.32926940917969,34.75609588623047
2014-04-17 16,0.0,1.7376195192337036,102.64227294921875,0.0
2014-04-17 17,27.204835891723633,0.0,106.70731353759766,37.80487823486328
2014-04-17 18,29.16073989868164,1.5204169750213623,127.03252410888672,0.0
2014-04-17 19,29.871976852416992,0.0,141.26016235351562,0.0
2014-04-17 20,27.738264083862305,1.9548219442367554,0.0,45.121952056884766
2014-04-17 21,26.49359893798828,1.7376195192337036,0.0,62.19512176513672
2014-04-17 22,23.47083854675293,1.7376195192337036,159.04470825195312,0.0
2014-04-17 23,0.0,1.7376195192337036,0.0,57.317073822021484
2014-04-18 00,0.0,1.7376195192337036,128.0487823486328,48.780487060546875
2014-04-18 01,18.314367294311523,0.0,0.0,0.0
2014-04-18 02,0.0,1.7376195192337036,0.0,0.0
2014-04-18 03,0.0,1.7376195192337036,102.13414764404297,0.0
2014-04-18 04,0.0,0.0,93.49593353271484,0.0
2014-04-18 05,0.0,1.7376195192337036,93.49593353271484,33.53658676147461
2014-04-18 06,0.0,0.0,82.82520294189453,25.30487823486328
2014-04-18 07,0.0,0.0,78.25202941894531,23.170732498168945
2014-04-18 08,25.248933792114258,1.7376195192337036,92.47967529296875,0.0
2014-04-18 09,29.33854866027832,0.8688097596168518,110.77235412597656,0.0
2014-04-18 10,0.0,0.0,0.0,43.59756088256836
2014-04-18 11,0.0,0.0,0.0,42.682926177978516
2014-04-18 12,0.0,1.3032145500183105,123.9837417602539,0.0
2014-04-18 13,0.0,0.0,115.8536605834961,37.19512176513672
2014-04-18 14,27.027027130126953,1.7376195192337036,0.0,35.06097412109375
2014-04-18 15,0.0,1.7376195192337036,0.0,44.817073822021484
2014-04-18 16,24.359886169433594,1.7376195192337036,123.4756088256836,40.85365676879883
2014-04-18 17,24.715505599975586,1.5204169750213623,0.0,34.45121765136719
2014-04-18 18,25.248933792114258,2.1720242500305176,132.1138153076172,32.317073822021484
2014-04-18 19,27.382646560668945,0.0,0.0,0.0
2014-04-18 20,0.0,2.823631525039673,164.63414001464844,0.0
2014-04-18 21,24.537694931030273,1.7376195192337036,0.0,64.32926940917969
2014-04-18 22,22.403982162475586,0.0,152.94715881347656,54.26829147338867
2014-04-18 23,0.0,1.7376195192337036,131.60569763183594,56.70731735229492
2014-04-19 00,20.44808006286621,0.0,133.63821411132812,50.914634704589844
2014-04-19 01,0.0,0.0,103.65853881835938,0.0
2014-04-19 02,0.0,1.7376195192337036,86.89024353027344,0.0
2014-04-19 03,16.891891479492188,0.0,93.49593353271484,34.45121765136719
2014-04-19 04,17.0697021484375,1.7376195192337036,85.87398529052734,33.53658676147461
2014-04-19 05,0.0,2.1720242500305176,87.90650177001953,32.92683029174805
2014-04-19 06,0.0,0.0,73.17073059082031,25.914634704589844
2014-04-19 07,0.0,1.7376195192337036,0.0,20.731706619262695
2014-04-19 08,24.0042667388916,2.1720242500305176,0.0,25.30487823486328
2014-04-19 09,0.0,3.0408339500427246,0.0,33.84146499633789
2014-04-19 10,28.093883514404297,0.0,113.3130111694336,38.414634704589844
2014-04-19 11,28.271692276000977,1.7376195192337036,121.95121765136719,38.10975646972656
2014-04-19 12,0.0,1.7376195192337036,0.0,0.0
2014-04-19 13,0.0,1.7376195192337036,128.0487823486328,0.0
2014-04-19 14,28.80512046813965,1.7376195192337036,118.3943099975586,42.682926177978516
2014-04-19 15,0.0,0.0,144.30894470214844,34.45121765136719
2014-04-19 16,25.604551315307617,1.7376195192337036,132.1138153076172,31.707317352294922
2014-04-19 17,24.715505599975586,1.9548219442367554,140.243896484375,28.963415145874023
2014-04-19 18,26.49359893798828,1.7376195192337036,131.09756469726562,30.182926177978516
2014-04-19 19,27.560455322265625,1.7376195192337036,0.0,0.0
2014-04-19 20,0.0,1.7376195192337036,0.0,0.0
2014-04-19 21,0.0,1.7376195192337036,0.0,0.0
2014-04-19 22,0.0,0.0,148.3739776611328,56.09756088256836
2014-04-19 23,0.0,0.0,155.48780822753906,55.4878044128418
2014-04-20 00,20.80369758605957,1.7376195192337036,0.0,56.40243911743164
2014-04-20 01,0.0,0.0,127.5406494140625,42.9878044128418
2014-04-20 02,0.0,0.0,0.0,39.63414764404297
2014-04-20 03,16.714082717895508,1.5204169750213623,101.11788940429688,0.0
2014-04-20 04,17.0697021484375,1.5204169750213623,94.00406646728516,0.0
2014-04-20 05,17.0697021484375,0.0,0.0,33.84146499633789
2014-04-20 06,0.0,0.0,74.1869888305664,0.0
2014-04-20 07,0.0,0.0,79.77642059326172,22.2560977935791
2014-04-20 08,21.514936447143555,1.7376195192337036,107.72357940673828,25.30487823486328
2014-04-20 09,25.071123123168945,0.0,113.3130111694336,28.35365867614746
2014-04-20 10,28.80512046813965,0.0,122.4593505859375,25.914634704589844
2014-04-20 11,30.227596282958984,1.7376195192337036,119.41056823730469,0.0
2014-04-20 12,30.583215713500977,1.7376195192337036,114.83739471435547,35.06097412109375
2014-04-20 13,26.13797950744629,0.0,90.95528411865234,0.0
2014-04-20 14,24.0042667388916,1.7376195192337036,76.72764587402344,20.731706619262695
2014-04-20 15,0.0,1.5204169750213623,0.0,29.268293380737305
2014-04-20 16,22.937410354614258,1.7376195192337036,72.66260528564453,27.134145736694336
2014-04-20 17,22.937410354614258,1.7376195192337036,0.0,0.0
2014-04-20 18,0.0,1.7376195192337036,82.31707000732422,0.0
2014-04-20 19,25.248933792114258,0.0,0.0,25.0
2014-04-20 20,25.426742553710938,1.7376195192337036,110.77235412597656,0.0
2014-04-20 21,25.248933792114258,1.7376195192337036,126.5243911743164,48.475608825683594
2014-04-20 22,0.0,0.0,0.0,48.17073059082031
2014-04-20 23,22.226173400878906,1.7376195192337036,135.16259765625,0.0
2014-04-21 00,20.62588882446289,1.7376195192337036,0.0,0.0
2014-04-21 01,18.669986724853516,1.7376195192337036,115.8536605834961,0.0
2014-04-21 02,0.0,0.0,91.97154235839844,35.36585235595703
2014-04-21 03,0.0,1.5204169750213623,0.0,0.0
2014-04-21 04,17.42531967163086,0.0,86.38211059570312,31.707317352294922
2014-04-21 05,18.314367294311523,1.7376195192337036,96.03658294677734,32.317073822021484
2014-04-21 06,20.981508255004883,1.7376195192337036,67.07317352294922,0.0
2014-04-21 07,0.0,0.0,0.0,22.2560977935791
2014-04-21 08,29.33854866027832,1.7376195192337036,73.67886352539062,23.780487060546875
2014-04-21 09,0.0,0.0,108.73983764648438,0.0
2014-04-21 10,0.0,1.7376195192337036,129.5731658935547,0.0
2014-04-21 11,0.0,0.0,128.0487823486328,32.621952056884766
2014-04-21 12,0.0,0.0,0.0,0.0
2014-04-21 13,27.738264083862305,0.0,109.75609588623047,0.0
2014-04-21 14,27.560455322265625,1.3032145500183105,107.21544647216797,22.865854263305664
2014-04-21 15,24.893314361572266,0.0,0.0,20.731706619262695
2014-04-21 16,0.0,1.7376195192337036,0.0,20.121952056884766
2014-04-21 17,23.648649215698242,1.7376195192337036,119.918701171875,30.792682647705078
2014-04-21 18,0.0,2.1720242500305176,0.0,30.182926177978516
2014-04-21 19,0.0,0.0,0.0,0.0
2014-04-21 20,28.44950294494629,0.0,137.19512939453125,44.5121955871582
2014-04-21 21,27.204835891723633,0.0,0.0,65.8536605834961
2014-04-21 22,24.0042667388916,1.7376195192337036,141.26016235351562,70.42682647705078
2014-04-21 23,22.048364639282227,1.7376195192337036,146.34146118164062,0.0
2014-04-22 00,19.91465187072754,1.7376195192337036,130.081298828125,50.0
2014-04-22 01,0.0,0.0,0.0,0.0
2014-04-22 02,0.0,0.0,0.0,40.24390411376953
2014-04-22 03,16.714082717895508,1.7376195192337036,0.0,41.15853500366211
2014-04-22 04,17.0697021484375,0.0,92.47967529296875,0.0
2014-04-22 05,17.42531967163086,0.0,0.0,39.32926940917969
2014-04-22 06,0.0,1.7376195192337036,75.20325469970703,0.0
2014-04-22 07,29.516359329223633,0.0,85.36585235595703,0.0
2014-04-22 08,28.62731170654297,1.7376195192337036,0.0,36.280487060546875
2014-04-22 09,25.96017074584961,0.0,82.31707000732422,0.0
2014-04-22 10,0.0,0.0,0.0,45.121952056884766
2014-04-22 11,0.0,1.5204169750213623,87.90650177001953,35.06097412109375
2014-04-22 12,24.537694931030273,0.0,81.80894470214844,0.0
2014-04-22 13,0.0,1.7376195192337036,85.36585235595703,37.80487823486328
2014-04-22 14,25.426742553710938,0.0,76.21951293945312,36.585365295410156
2014-04-22 15,0.0,0.0,89.93902587890625,36.585365295410156
2014-04-22 16,0.0,0.0,78.76016235351562,35.975608825683594
2014-04-22 17,24.359886169433594,1.7376195192337036,0.0,0.0
2014-04-22 18,25.071123123168945,0.0,121.4430923461914,42.378047943115234
2014-04-22 19,0.0,1.7376195192337036,164.1260223388672,0.0
2014-04-22 20,28.44950294494629,1.7376195192337036,173.27235412597656,63.719512939453125
2014-04-22 21,27.560455322265625,1.7376195192337036,0.0,0.0
2014-04-22 22,24.359886169433594,1.7376195192337036,0.0,0.0
2014-04-22 23,22.226173400878906,1.7376195192337036,0.0,0.0
2014-04-23 00,0.0,0.0,0.0,0.0
2014-04-23 01,0.0,0.0,109.24797058105469,53.96341323852539
2014-04-23 02,17.42531967163086,0.0,105.18292999267578,51.219512939453125
2014-04-23 03,16.891891479492188,1.7376195192337036,0.0,0.0
2014-04-23 04,0.0,0.0,99.59349822998047,0.0
2014-04-23 05,17.603130340576172,1.7376195192337036,0.0,0.0
2014-04-23 06,20.62588882446289,1.7376195192337036,0.0,41.46341323852539
2014-04-23 07,28.98293113708496,1.7376195192337036,92.47967529296875,42.682926177978516
2014-04-23 08,0.0,1.7376195192337036,0.0,41.76829147338867
2014-04-23 09,0.0,0.0,91.97154235839844,37.80487823486328
2014-04-23 10,26.13797950744629,1.5204169750213623,104.16666412353516,30.487804412841797
2014-04-23 11,27.560455322265625,0.0,90.44715118408203,30.487804412841797
2014-04-23 12,0.0,1.5204169750213623,0.0,33.84146499633789
2014-04-23 13,27.382646560668945,1.7376195192337036,0.0,34.45121765136719
2014-04-23 14,0.0,0.0,82.82520294189453,0.0
2014-04-23 15,25.071123123168945,1.5204169750213623,0.0,0.0
2014-04-23 16,25.426742553710938,1.7376195192337036,97.05284881591797,30.792682647705078
2014-04-23 17,25.248933792114258,0.0,0.0,31.09756088256836
2014-04-23 18,0.0,2.606429100036621,121.95121765136719,0.0
2014-04-23 19,30.405405044555664,0.0,158.53659057617188,43.29268264770508
2014-04-23 20,31.294452667236328,1.7376195192337036,158.02845764160156,0.0
2014-04-23 21,30.049787521362305,0.0,177.8455352783203,52.43902587890625
2014-04-23 22,27.204835891723633,0.0,153.45529174804688,0.0
2014-04-23 23,24.715505599975586,0.0,143.2926788330078,56.70731735229492
2014-04-24 00,0.0,0.0,135.16259765625,0.0
2014-04-24 01,20.62588882446289,1.7376195192337036,0.0,0.0
2014-04-24 02,19.559032440185547,0.0,109.24797058105469,37.19512176513672
2014-04-24 03,0.0,0.0,0.0,0.0
2014-04-24 04,19.736841201782227,1.7376195192337036,95.52845764160156,35.36585235595703
2014-04-24 05,20.2702693939209,0.0,0.0,35.06097412109375
2014-04-24 06,0.0,0.0,0.0,24.69512176513672
2014-04-24 07,33.783782958984375,0.0,0.0,26.829267501831055
2014-04-24 08,0.0,0.0,101.11788940429688,33.84146499633789
2014-04-24 09,28.98293113708496,1.9548219442367554,104.67479705810547,0.0
2014-04-24 10,0.0,0.0,0.0,41.15853500366211
2014-04-24 11,0.0,1.7376195192337036,0.0,36.89024353027344
2014-04-24 12,26.13797950744629,0.0,0.0,0.0
2014-04-24 13,0.0,0.0,97.56097412109375,41.15853500366211
2014-04-24 14,27.560455322265625,1.5204169750213623,89.93902587890625,0.0
2014-04-24 15,26.3157901763916,1.5204169750213623,88.92276763916016,40.85365676879883
2014-04-24 16,0.0,1.7376195192337036,85.87398529052734,30.792682647705078
2014-04-24 17,26.13797950744629,0.0,0.0,0.0
2014-04-24 18,27.382646560668945,0.0,114.32926940917969,42.682926177978516
2014-04-24 19,28.44950294494629,1.7376195192337036,0.0,43.90243911743164
2014-04-24 20,28.80512046813965,0.0,0.0,52.43902587890625
2014-04-24 21,27.382646560668945,1.7376195192337036,172.76422119140625,0.0
2014-04-24 22,25.604551315307617,1.7376195192337036,167.17478942871094,0.0
2014-04-24 23,0.0,1.7376195192337036,153.96340942382812,0.0
2014-04-25 00,0.0,1.7376195192337036,0.0,54.878047943115234
2014-04-25 01,20.981508255004883,0.0,117.88617706298828,45.121952056884766
2014-04-25 02,19.91465187072754,0.0,105.69105529785156,0.0
2014-04-25 03,0.0,1.7376195192337036,0.0,0.0
2014-04-25 04,0.0,0.0,0.0,43.29268264770508
2014-04-25 05,20.09246063232422,1.7376195192337036,96.54471588134766,37.80487823486328
2014-04-25 06,0.0,1.7376195192337036,75.71138000488281,0.0
2014-04-25 07,23.29302978515625,1.7376195192337036,78.25202941894531,0.0
2014-04-25 08,0.0,1.7376195192337036,88.41463470458984,35.67073059082031
2014-04-25 09,30.583215713500977,0.8688097596168518,0.0,0.0
2014-04-25 10,0.0,0.0,138.2113800048828,0.0
2014-04-25 11,31.472261428833008,1.3032145500183105,0.0,0.0
2014-04-25 12,0.0,1.3032145500183105,0.0,0.0
2014-04-25 13,32.00569152832031,1.7376195192337036,0.0,41.15853500366211
2014-04-25 14,0.0,1.7376195192337036,124.49186706542969,43.90243911743164
2014-04-25 15,28.271692276000977,0.0,139.73577880859375,0.0
2014-04-25 16,27.738264083862305,1.7376195192337036,146.84959411621094,43.90243911743164
2014-04-25 17,27.738264083862305,1.5204169750213623,0.0,45.42683029174805
2014-04-25 18,0.0,0.0,151.93089294433594,0.0
2014-04-25 19,29.694168090820312,1.7376195192337036,180.89430236816406,43.90243911743164
2014-04-25 20,31.11664390563965,2.823631525039673,0.0,0.0
2014-04-25 21,28.44950294494629,1.7376195192337036,0.0,0.0
2014-04-25 22,0.0,1.7376195192337036,158.53659057617188,69.81707000732422
2014-04-25 23,0.0,0.0,148.3739776611328,0.0
2014-04-26 00,0.0,0.0,0.0,63.10975646972656
2014-04-26 01,0.0,1.7376195192337036,0.0,52.74390411376953
2014-04-26 02,19.559032440185547,0.0,0.0,47.25609588623047
2014-04-26 03,19.559032440185547,0.0,104.16666412353516,46.34146499633789
2014-04-26 04,0.0,0.0,105.69105529785156,0.0
2014-04-26 05,0.0,2.1720242500305176,105.69105529785156,44.20731735229492
2014-04-26 06,0.0,1.7376195192337036,76.72764587402344,37.80487823486328
2014-04-26 07,22.759601593017578,1.7376195192337036,0.0,35.06097412109375
2014-04-26 08,0.0,0.0,0.0,42.378047943115234
2014-04-26 09,28.98293113708496,3.0408339500427246,0.0,0.0
2014-04-26 10,31.827880859375,1.9548219442367554,0.0,41.15853500366211
2014-04-26 11,0.0,1.7376195192337036,129.5731658935547,46.03658676147461
2014-04-26 12,30.049787521362305,1.7376195192337036,0.0,51.219512939453125
2014-04-26 13,31.827880859375,1.7376195192337036,130.081298828125,45.73170852661133
2014-04-26 14,0.0,0.0,118.3943099975586,51.219512939453125
2014-04-26 15,27.738264083862305,0.0,108.23170471191406,0.0
2014-04-26 16,26.13797950744629,0.0,117.88617706298828,0.0
2014-04-26 17,26.3157901763916,1.9548219442367554,0.0,37.80487823486328
2014-04-26 18,27.560455322265625,0.0,130.5894317626953,45.73170852661133
2014-04-26 19,27.916074752807617,1.7376195192337036,150.9146270751953,58.84146499633789
2014-04-26 20,28.271692276000977,0.0,150.9146270751953,60.975608825683594
2014-04-26 21,0.0,0.0,0.0,64.93902587890625
2014-04-26 22,24.893314361572266,1.7376195192337036,0.0,0.0
2014-04-26 23,23.826457977294922,0.0,0.0,0.0
2014-04-27 00,0.0,1.7376195192337036,143.80081176757812,0.0
2014-04-27 01,0.0,0.0,0.0,56.40243911743164
2014-04-27 02,0.0,0.0,109.75609588623047,58.23170852661133
2014-04-27 03,19.203413009643555,0.0,106.70731353759766,55.4878044128418
2014-04-27 04,0.0,1.5204169750213623,105.69105529785156,44.20731735229492
2014-04-27 05,0.0,0.0,0.0,0.0
2014-04-27 06,20.44808006286621,0.0,75.20325469970703,30.487804412841797
2014-04-27 07,21.870553970336914,1.7376195192337036,86.38211059570312,0.0
2014-04-27 08,0.0,1.7376195192337036,0.0,27.134145736694336
2014-04-27 09,0.0,0.0,100.60975646972656,31.707317352294922
2014-04-27 10,30.938833236694336,1.7376195192337036,0.0,33.84146499633789
2014-04-27 11,32.18349838256836,1.7376195192337036,163.61788940429688,0.0
2014-04-27 12,33.2503547668457,0.0,0.0,41.46341323852539
2014-04-27 13,32.18349838256836,0.0,120.9349594116211,39.32926940917969
2014-04-27 14,30.405405044555664,1.7376195192337036,111.28048706054688,0.0
2014-04-27 15,0.0,1.5204169750213623,0.0,0.0
2014-04-27 16,0.0,1.7376195192337036,97.05284881591797,41.15853500366211
2014-04-27 17,28.093883514404297,0.0,103.15040588378906,34.45121765136719
2014-04-27 18,0.0,1.7376195192337036,0.0,37.19512176513672
2014-04-27 19,30.049787521362305,1.9548219442367554,133.63821411132812,43.59756088256836
2014-04-27 20,30.405405044555664,1.7376195192337036,144.81707763671875,0.0
2014-04-27 21,0.0,1.7376195192337036,174.7967529296875,69.81707000732422
2014-04-27 22,0.0,1.7376195192337036,158.53659057617188,69.20731353759766
2014-04-27 23,24.893314361572266,1.7376195192337036,153.96340942382812,0.0
2014-04-28 00,22.937410354614258,1.7376195192337036,138.2113800048828,53.96341323852539
2014-04-28 01,20.44808006286621,0.0,0.0,44.817073822021484
2014-04-28 02,19.381223678588867,1.7376195192337036,0.0,0.0
2014-04-28 03,0.0,0.0,101.11788940429688,0.0
2014-04-28 04,0.0,1.7376195192337036,95.52845764160156,0.0
2014-04-28 05,19.736841201782227,1.7376195192337036,0.0,0.0
2014-04-28 06,0.0,0.0,76.21951293945312,0.0
2014-04-28 07,0.0,1.7376195192337036,92.47967529296875,39.63414764404297
2014-04-28 08,0.0,1.7376195192337036,0.0,0.0
2014-04-28 09,30.583215713500977,1.7376195192337036,91.97154235839844,39.93902587890625
2014-04-28 10,0.0,0.0,0.0,40.85365676879883
2014-04-28 11,29.516359329223633,0.0,0.0,0.0
2014-04-28 12,29.16073989868164,0.0,0.0,0.0
2014-04-28 13,27.916074752807617,1.5204169750213623,98.06910705566406,36.89024353027344
2014-04-28 14,27.382646560668945,1.3032145500183105,0.0,0.0
2014-04-28 15,0.0,1.5204169750213623,88.41463470458984,0.0
2014-04-28 16,0.0,0.0,0.0,0.0
2014-04-28 17,28.44950294494629,1.7376195192337036,88.92276763916016,0.0
2014-04-28 18,29.33854866027832,2.1720242500305176,108.73983764648438,0.0
2014-04-28 19,0.0,0.0,141.26016235351562,50.914634704589844
2014-04-28 20,0.0,1.7376195192337036,151.42276000976562,51.82926940917969
2014-04-28 21,30.049787521362305,0.0,164.63414001464844,58.53658676147461
2014-04-28 22,27.204835891723633,1.7376195192337036,161.5853729248047,0.0
2014-04-28 23,0.0,1.7376195192337036,0.0,64.0243911743164
2014-04-29 00,0.0,1.7376195192337036,125.50813293457031,0.0
2014-04-29 01,0.0,0.0,109.75609588623047,52.43902587890625
2014-04-29 02,19.91465187072754,0.0,0.0,0.0
2014-04-29 03,19.381223678588867,0.0,97.56097412109375,43.29268264770508
2014-04-29 04,19.736841201782227,1.7376195192337036,96.03658294677734,0.0
2014-04-29 05,20.2702693939209,1.7376195192337036,0.0,43.29268264770508
2014-04-29 06,0.0,0.0,0.0,0.0
2014-04-29 07,34.31721115112305,0.0,88.92276763916016,42.07316970825195
2014-04-29 08,32.00569152832031,1.7376195192337036,0.0,39.63414764404297
2014-04-29 09,31.472261428833008,0.0,91.97154235839844,37.80487823486328
2014-04-29 10,30.405405044555664,1.5204169750213623,93.49593353271484,35.36585235595703
2014-04-29 11,0.0,0.0,0.0,39.93902587890625
2014-04-29 12,0.0,1.3032145500183105,0.0,45.42683029174805
2014-04-29 13,0.0,0.0,86.89024353027344,0.0
2014-04-29 14,0.0,0.0,0.0,0.0
2014-04-29 15,0.0,1.7376195192337036,0.0,0.0
2014-04-29 16,26.49359893798828,0.0,0.0,35.06097412109375
2014-04-29 17,27.738264083862305,1.7376195192337036,106.19918823242188,40.24390411376953
2014-04-29 18,0.0,2.1720242500305176,129.5731658935547,44.20731735229492
2014-04-29 19,32.00569152832031,0.0,0.0,0.0
2014-04-29 20,31.11664390563965,1.7376195192337036,0.0,64.32926940917969
2014-04-29 21,29.694168090820312,1.7376195192337036,0.0,0.0
2014-04-29 22,27.738264083862305,1.7376195192337036,0.0,77.43902587890625
2014-04-29 23,25.248933792114258,0.0,0.0,64.63414764404297
2014-04-30 00,22.403982162475586,1.7376195192337036,131.09756469726562,57.92683029174805
2014-04-30 01,20.44808006286621,1.7376195192337036,109.75609588623047,0.0
2014-04-30 02,20.2702693939209,1.5204169750213623,0.0,46.95121765136719
2014-04-30 03,19.736841201782227,0.0,101.62601470947266,0.0
2014-04-30 04,0.0,1.7376195192337036,98.57723236083984,39.93902587890625
2014-04-30 05,0.0,1.7376195192337036,95.52845764160156,0.0
2014-04-30 06,23.826457977294922,1.7376195192337036,75.20325469970703,31.707317352294922
2014-04-30 07,35.91749572753906,0.0,0.0,0.0
2014-04-30 08,0.0,1.7376195192337036,0.0,0.0
2014-04-30 09,0.0,1.7376195192337036,0.0,0.0
2014-04-30 10,29.516359329223633,0.0,100.60975646972656,35.36585235595703
2014-04-30 11,30.049787521362305,0.0,103.65853881835938,36.280487060546875
2014-04-30 12,29.871976852416992,0.0,96.54471588134766,0.0
2014-04-30 13,29.33854866027832,1.7376195192337036,0.0,0.0
2014-04-30 14,28.62731170654297,1.5204169750213623,0.0,36.89024353027344
2014-04-30 15,0.0,1.5204169750213623,88.41463470458984,0.0
2014-04-30 16,0.0,1.7376195192337036,96.03658294677734,0.0
2014-04-30 17,27.560455322265625,0.0,0.0,0.0
2014-04-30 18,29.871976852416992,2.606429100036621,115.34552764892578,0.0
2014-04-30 19,31.294452667236328,1.7376195192337036,137.19512939453125,0.0
2014-04-30 20,30.227596282958984,0.0,146.84959411621094,0.0
2014-04-30 21,29.871976852416992,0.0,0.0,58.23170852661133
2014-04-30 22,26.67140769958496,1.7376195192337036,0.0,63.719512939453125
2014-04-30 23,0.0,1.7376195192337036,138.2113800048828,64.0243911743164
2014-05-01 00,0.0,1.7376195192337036,106.19918823242188,0.0
2014-05-01 01,0.0,0.0,0.0,42.07316970825195
2014-05-01 02,0.0,1.7376195192337036,0.0,37.5
2014-05-01 03,19.91465187072754,1.7376195192337036,0.0,0.0
2014-05-01 04,20.2702693939209,0.0,87.90650177001953,0.0
2014-05-01 05,20.80369758605957,1.7376195192337036,88.41463470458984,36.585365295410156
2014-05-01 06,0.0,1.7376195192337036,0.0,22.865854263305664
2014-05-01 07,0.0,1.7376195192337036,67.581298828125,0.0
2014-05-01 08,0.0,1.7376195192337036,81.80894470214844,0.0
2014-05-01 09,32.71692657470703,1.9548219442367554,101.62601470947266,0.0
2014-05-01 10,33.60597610473633,1.7376195192337036,132.1138153076172,23.780487060546875
2014-05-01 11,0.0,0.0,127.5406494140625,29.878047943115234
2014-05-01 12,33.783782958984375,1.7376195192337036,120.9349594116211,0.0
2014-05-01 13,32.18349838256836,1.7376195192337036,0.0,30.487804412841797
2014-05-01 14,0.0,1.5204169750213623,0.0,0.0
2014-05-01 15,0.0,1.5204169750213623,102.64227294921875,0.0
2014-05-01 16,27.560455322265625,1.7376195192337036,95.52845764160156,0.0
2014-05-01 17,0.0,1.7376195192337036,100.10162353515625,27.439023971557617
2014-05-01 18,31.294452667236328,1.5204169750213623,106.19918823242188,26.829267501831055
2014-05-01 19,0.0,1.7376195192337036,150.40650939941406,35.67073059082031
2014-05-01 20,30.405405044555664,1.9548219442367554,133.1300811767578,35.975608825683594
2014-05-01 21,29.871976852416992,1.7376195192337036,148.3739776611328,54.57316970825195
2014-05-01 22,0.0,1.7376195192337036,0.0,0.0
2014-05-01 23,25.78236198425293,0.0,133.63821411132812,59.45121765136719
2014-05-02 00,24.0042667388916,0.0,117.88617706298828,42.07316970825195
2014-05-02 01,0.0,1.7376195192337036,0.0,40.54878234863281
2014-05-02 02,20.981508255004883,0.0,94.51219177246094,0.0
2014-05-02 03,20.44808006286621,1.7376195192337036,0.0,35.975608825683594
2014-05-02 04,20.44808006286621,1.7376195192337036,0.0,35.36585235595703
2014-05-02 05,0.0,0.0,0.0,34.75609588623047
2014-05-02 06,24.715505599975586,1.7376195192337036,69.61382293701172,26.524391174316406
2014-05-02 07,33.60597610473633,0.0,0.0,26.219512939453125
2014-05-02 08,34.139404296875,1.7376195192337036,85.36585235595703,26.829267501831055
2014-05-02 09,0.0,0.0,100.10162353515625,0.0
2014-05-02 10,28.093883514404297,1.3032145500183105,0.0,29.268293380737305
2014-05-02 11,27.916074752807617,1.3032145500183105,91.46341705322266,0.0
2014-05-02 12,0.0,1.3032145500183105,0.0,0.0
2014-05-02 13,0.0,1.7376195192337036,86.38211059570312,0.0
2014-05-02 14,0.0,1.7376195192337036,87.90650177001953,27.439023971557617
2014-05-02 15,0.0,1.7376195192337036,0.0,0.0
2014-05-02 16,0.0,0.0,88.41463470458984,32.92683029174805
2014-05-02 17,27.204835891723633,1.5204169750213623,101.62601470947266,0.0
2014-05-02 18,28.44950294494629,0.0,105.18292999267578,32.0121955871582
2014-05-02 19,30.761024475097656,0.0,0.0,0.0
2014-05-02 20,30.761024475097656,0.0,129.06504821777344,0.0
2014-05-02 21,27.382646560668945,1.7376195192337036,0.0,51.524391174316406
2014-05-02 22,24.715505599975586,0.0,154.47154235839844,51.524391174316406
2014-05-02 23,23.11522102355957,1.7376195192337036,131.60569763183594,52.43902587890625
2014-05-03 00,0.0,0.0,131.09756469726562,43.59756088256836
2014-05-03 01,18.847795486450195,0.0,113.3130111694336,0.0
2014-05-03 02,0.0,0.0,0.0,0.0
2014-05-03 03,0.0,0.0,0.0,35.975608825683594
2014-05-03 04,0.0,1.7376195192337036,0.0,32.317073822021484
2014-05-03 05,17.0697021484375,0.0,86.89024353027344,33.53658676147461
2014-05-03 06,19.736841201782227,0.0,61.99187088012695,0.0
2014-05-03 07,0.0,1.7376195192337036,0.0,0.0
2014-05-03 08,0.0,2.1720242500305176,88.41463470458984,0.0
2014-05-03 09,0.0,0.0,0.0,28.04878044128418
2014-05-03 10,30.049787521362305,0.0,118.3943099975586,30.792682647705078
2014-05-03 11,29.694168090820312,0.0,139.22764587402344,26.829267501831055
2014-05-03 12,30.227596282958984,1.7376195192337036,0.0,0.0
2014-05-03 13,29.33854866027832,0.0,113.3130111694336,27.439023971557617
2014-05-03 14,28.271692276000977,0.0,0.0,33.23170852661133
2014-05-03 15,0.0,1.7376195192337036,120.9349594116211,0.0
2014-05-03 16,28.62731170654297,0.0,120.42682647705078,38.719512939453125
2014-05-03 17,27.916074752807617,1.9548219442367554,119.918701171875,35.975608825683594
2014-05-03 18,29.516359329223633,1.7376195192337036,133.63821411132812,0.0
2014-05-03 19,0.0,1.7376195192337036,151.93089294433594,39.024391174316406
2014-05-03 20,0.0,1.7376195192337036,157.52032470703125,0.0
2014-05-03 21,0.0,0.0,0.0,0.0
2014-05-03 22,25.96017074584961,1.7376195192337036,0.0,0.0
2014-05-03 23,24.715505599975586,1.7376195192337036,143.2926788330078,56.70731735229492
2014-05-04 00,22.759601593017578,1.7376195192337036,147.35772705078125,0.0
2014-05-04 01,19.381223678588867,0.0,118.90243530273438,0.0
2014-05-04 02,0.0,0.0,0.0,38.719512939453125
2014-05-04 03,0.0,1.5204169750213623,0.0,33.53658676147461
2014-05-04 04,0.0,1.5204169750213623,0.0,33.23170852661133
2014-05-04 05,0.0,1.7376195192337036,92.47967529296875,0.0
2014-05-04 06,19.203413009643555,1.7376195192337036,54.36991882324219,21.64634132385254
2014-05-04 07,0.0,1.7376195192337036,0.0,23.170732498168945
2014-05-04 08,26.67140769958496,0.0,95.52845764160156,25.914634704589844
2014-05-04 09,0.0,1.7376195192337036,97.56097412109375,0.0
2014-05-04 10,35.739688873291016,0.0,0.0,28.658536911010742
2014-05-04 11,34.31721115112305,1.7376195192337036,123.4756088256836,32.621952056884766
2014-05-04 12,32.539119720458984,1.7376195192337036,117.3780517578125,29.573171615600586
2014-05-04 13,27.738264083862305,1.7376195192337036,100.10162353515625,0.0
2014-05-04 14,26.3157901763916,1.7376195192337036,96.54471588134766,20.426828384399414
2014-05-04 15,0.0,0.0,90.95528411865234,27.7439022064209
2014-05-04 16,26.3157901763916,0.0,88.41463470458984,25.30487823486328
2014-05-04 17,28.271692276000977,0.0,0.0,27.134145736694336
2014-05-04 18,0.0,1.7376195192337036,98.06910705566406,0.0
2014-05-04 19,0.0,1.9548219442367554,0.0,0.0
2014-05-04 20,35.5618782043457,1.7376195192337036,126.5243911743164,36.280487060546875
2014-05-04 21,30.049787521362305,1.7376195192337036,149.39024353027344,0.0
2014-05-04 22,0.0,1.7376195192337036,148.88211059570312,56.09756088256836
2014-05-04 23,23.29302978515625,0.0,0.0,0.0
2014-05-05 00,0.0,1.7376195192337036,121.4430923461914,43.29268264770508
2014-05-05 01,18.136558532714844,0.0,103.65853881835938,36.585365295410156
2014-05-05 02,0.0,0.0,94.51219177246094,32.621952056884766
2014-05-05 03,0.0,1.5204169750213623,0.0,0.0
2014-05-05 04,17.24751091003418,1.7376195192337036,84.34959411621094,0.0
2014-05-05 05,17.42531967163086,0.0,91.97154235839844,31.40243911743164
2014-05-05 06,22.5817928314209,1.7376195192337036,70.1219482421875,0.0
2014-05-05 07,33.428165435791016,1.7376195192337036,87.90650177001953,28.658536911010742
2014-05-05 08,0.0,0.0,0.0,0.0
2014-05-05 09,0.0,0.0,0.0,21.64634132385254
2014-05-05 10,27.560455322265625,1.7376195192337036,0.0,25.609756469726562
2014-05-05 11,28.093883514404297,1.3032145500183105,102.64227294921875,29.573171615600586
2014-05-05 12,0.0,0.0,97.56097412109375,30.487804412841797
2014-05-05 13,27.382646560668945,1.5204169750213623,95.52845764160156,26.219512939453125
2014-05-05 14,27.204835891723633,1.3032145500183105,83.33333587646484,28.658536911010742
2014-05-05 15,0.0,1.5204169750213623,0.0,0.0
2014-05-05 16,0.0,1.7376195192337036,0.0,0.0
2014-05-05 17,25.426742553710938,0.0,0.0,0.0
2014-05-05 18,29.16073989868164,2.1720242500305176,0.0,40.24390411376953
2014-05-05 19,32.36130905151367,0.0,146.34146118164062,48.17073059082031
2014-05-05 20,33.96159362792969,1.7376195192337036,153.96340942382812,42.07316970825195
2014-05-05 21,0.0,1.7376195192337036,159.55284118652344,58.23170852661133
2014-05-05 22,27.027027130126953,1.7376195192337036,143.2926788330078,56.70731735229492
2014-05-05 23,0.0,1.7376195192337036,132.1138153076172,0.0
2014-05-06 00,20.2702693939209,1.7376195192337036,120.9349594116211,47.25609588623047
2014-05-06 01,17.95874786376953,1.7376195192337036,108.23170471191406,0.0
2014-05-06 02,0.0,1.7376195192337036,0.0,39.93902587890625
2014-05-06 03,0.0,0.0,0.0,39.93902587890625
2014-05-06 04,16.891891479492188,1.7376195192337036,90.95528411865234,36.89024353027344
2014-05-06 05,17.78093910217285,1.7376195192337036,0.0,39.63414764404297
2014-05-06 06,0.0,1.7376195192337036,71.6463394165039,26.829267501831055
2014-05-06 07,33.60597610473633,0.0,92.47967529296875,32.0121955871582
2014-05-06 08,31.294452667236328,0.0,0.0,0.0
2014-05-06 09,0.0,0.0,79.77642059326172,33.23170852661133
2014-05-06 10,0.0,1.5204169750213623,0.0,29.573171615600586
2014-05-06 11,26.13797950744629,0.0,0.0,0.0
2014-05-06 12,25.78236198425293,1.3032145500183105,0.0,35.67073059082031
2014-05-06 13,25.248933792114258,1.7376195192337036,87.39837646484375,27.134145736694336
2014-05-06 14,27.204835891723633,1.7376195192337036,0.0,27.7439022064209
2014-05-06 15,24.0042667388916,0.0,77.74390411376953,33.53658676147461
2014-05-06 16,0.0,1.7376195192337036,77.74390411376953,0.0
2014-05-06 17,24.715505599975586,0.0,0.0,0.0
2014-05-06 18,28.271692276000977,2.1720242500305176,0.0,0.0
2014-05-06 19,0.0,1.7376195192337036,142.7845458984375,0.0
2014-05-06 20,0.0,1.7376195192337036,0.0,0.0
2014-05-06 21,28.271692276000977,1.7376195192337036,158.02845764160156,54.26829147338867
2014-05-06 22,25.426742553710938,1.7376195192337036,160.56910705566406,60.06097412109375
2014-05-06 23,0.0,1.7376195192337036,132.1138153076172,48.17073059082031
2014-05-07 00,20.2702693939209,1.7376195192337036,0.0,0.0
2014-05-07 01,0.0,1.7376195192337036,99.08536529541016,40.85365676879883
2014-05-07 02,17.42531967163086,0.0,98.06910705566406,0.0
2014-05-07 03,16.714082717895508,1.7376195192337036,0.0,35.67073059082031
2014-05-07 04,17.0697021484375,1.7376195192337036,0.0,32.621952056884766
2014-05-07 05,17.603130340576172,1.7376195192337036,90.44715118408203,32.317073822021484
2014-05-07 06,0.0,0.0,72.15447235107422,23.170732498168945
2014-05-07 07,0.0,1.7376195192337036,0.0,27.439023971557617
2014-05-07 08,33.60597610473633,1.7376195192337036,0.0,0.0
2014-05-07 09,27.204835891723633,0.0,92.98780822753906,26.219512939453125
2014-05-07 10,0.0,1.5204169750213623,99.59349822998047,0.0
2014-05-07 11,29.516359329223633,1.5204169750213623,91.46341705322266,26.829267501831055
2014-05-07 12,0.0,0.0,94.00406646728516,0.0
2014-05-07 13,27.382646560668945,0.0,0.0,0.0
2014-05-07 14,27.027027130126953,0.0,87.39837646484375,0.0
2014-05-07 15,25.071123123168945,1.5204169750213623,0.0,35.36585235595703
2014-05-07 16,0.0,1.7376195192337036,86.89024353027344,0.0
2014-05-07 17,0.0,0.0,0.0,0.0
2014-05-07 18,28.80512046813965,0.0,0.0,0.0
2014-05-07 19,0.0,0.0,151.42276000976562,0.0
2014-05-07 20,0.0,1.7376195192337036,167.17478942871094,39.32926940917969
2014-05-07 21,30.049787521362305,0.0,172.256103515625,49.69512176513672
2014-05-07 22,27.560455322265625,0.0,157.01219177246094,64.32926940917969
2014-05-07 23,27.382646560668945,0.0,133.1300811767578,60.06097412109375
2014-05-08 00,22.048364639282227,1.7376195192337036,0.0,40.85365676879883
2014-05-08 01,0.0,1.7376195192337036,102.64227294921875,43.29268264770508
2014-05-08 02,0.0,0.0,99.59349822998047,37.5
2014-05-08 03,0.0,0.0,96.54471588134766,35.975608825683594
2014-05-08 04,0.0,0.0,97.05284881591797,34.45121765136719
2014-05-08 05,0.0,0.0,0.0,0.0
2014-05-08 06,0.0,0.0,73.17073059082031,22.865854263305664
2014-05-08 07,0.0,0.0,0.0,35.67073059082031
2014-05-08 08,34.31721115112305,0.0,0.0,0.0
2014-05-08 09,27.738264083862305,0.0,88.92276763916016,0.0
2014-05-08 10,26.49359893798828,0.0,98.06910705566406,0.0
2014-05-08 11,26.3157901763916,0.0,97.05284881591797,41.15853500366211
2014-05-08 12,26.3157901763916,1.7376195192337036,102.13414764404297,0.0
2014-05-08 13,0.0,0.0,83.84146118164062,36.89024353027344
2014-05-08 14,24.182077407836914,0.0,98.57723236083984,31.09756088256836
2014-05-08 15,0.0,0.0,0.0,0.0
2014-05-08 16,0.0,1.7376195192337036,90.95528411865234,29.268293380737305
2014-05-08 17,28.093883514404297,0.0,0.0,0.0
2014-05-08 18,28.98293113708496,1.5204169750213623,106.70731353759766,42.9878044128418
2014-05-08 19,29.871976852416992,1.7376195192337036,134.6544647216797,49.085365295410156
2014-05-08 20,30.761024475097656,1.9548219442367554,147.86585998535156,54.26829147338867
2014-05-08 21,27.027027130126953,1.7376195192337036,168.19105529785156,0.0
2014-05-08 22,26.13797950744629,1.7376195192337036,0.0,61.585365295410156
2014-05-08 23,0.0,1.7376195192337036,142.27642822265625,0.0
2014-05-09 00,0.0,0.0,123.4756088256836,53.65853500366211
2014-05-09 01,0.0,1.7376195192337036,106.70731353759766,47.56097412109375
2014-05-09 02,17.42531967163086,1.7376195192337036,0.0,46.34146499633789
2014-05-09 03,17.24751091003418,1.7376195192337036,102.13414764404297,41.46341323852539
2014-05-09 04,17.42531967163086,1.7376195192337036,0.0,42.9878044128418
2014-05-09 05,18.314367294311523,0.0,0.0,45.121952056884766
2014-05-09 06,23.826457977294922,0.0,0.0,34.75609588623047
2014-05-09 07,33.783782958984375,1.7376195192337036,95.02032470703125,38.10975646972656
2014-05-09 08,31.294452667236328,0.0,95.52845764160156,0.0
2014-05-09 09,28.44950294494629,0.8688097596168518,0.0,0.0
2014-05-09 10,27.738264083862305,0.0,0.0,31.707317352294922
2014-05-09 11,0.0,1.3032145500183105,108.73983764648438,33.84146499633789
2014-05-09 12,26.849218368530273,0.0,100.60975646972656,0.0
2014-05-09 13,26.3157901763916,1.7376195192337036,99.59349822998047,0.0
2014-05-09 14,0.0,1.7376195192337036,84.34959411621094,0.0
2014-05-09 15,27.382646560668945,0.0,87.39837646484375,29.878047943115234
2014-05-09 16,24.0042667388916,1.7376195192337036,0.0,29.573171615600586
2014-05-09 17,0.0,1.5204169750213623,0.0,0.0
2014-05-09 18,29.694168090820312,2.1720242500305176,112.29674530029297,36.585365295410156
2014-05-09 19,0.0,0.0,159.55284118652344,0.0
2014-05-09 20,0.0,0.0,156.50405883789062,0.0
2014-05-09 21,0.0,1.7376195192337036,151.93089294433594,50.914634704589844
2014-05-09 22,26.67140769958496,0.0,0.0,55.79268264770508
2014-05-09 23,0.0,1.7376195192337036,0.0,0.0
2014-05-10 00,0.0,0.0,131.60569763183594,42.682926177978516
2014-05-10 01,19.91465187072754,1.7376195192337036,0.0,0.0
2014-05-10 02,18.847795486450195,0.0,114.83739471435547,0.0
2014-05-10 03,17.78093910217285,1.7376195192337036,0.0,32.92683029174805
2014-05-10 04,17.603130340576172,1.7376195192337036,0.0,0.0
2014-05-10 05,18.847795486450195,2.1720242500305176,93.49593353271484,36.280487060546875
2014-05-10 06,21.514936447143555,1.7376195192337036,74.69512176513672,22.560976028442383
2014-05-10 07,27.204835891723633,1.7376195192337036,84.85772705078125,0.0
2014-05-10 08,29.516359329223633,2.1720242500305176,105.18292999267578,26.219512939453125
2014-05-10 09,30.405405044555664,0.0,114.32926940917969,29.573171615600586
2014-05-10 10,0.0,0.0,0.0,36.280487060546875
2014-05-10 11,0.0,1.7376195192337036,130.081298828125,28.963415145874023
2014-05-10 12,33.60597610473633,1.7376195192337036,122.4593505859375,0.0
2014-05-10 13,0.0,1.7376195192337036,105.69105529785156,35.67073059082031
2014-05-10 14,0.0,1.7376195192337036,0.0,33.84146499633789
2014-05-10 15,27.027027130126953,1.7376195192337036,111.28048706054688,36.89024353027344
2014-05-10 16,0.0,0.0,0.0,29.573171615600586
2014-05-10 17,28.80512046813965,1.9548219442367554,116.36178588867188,30.792682647705078
2014-05-10 18,0.0,1.7376195192337036,126.0162582397461,0.0
2014-05-10 19,28.093883514404297,1.7376195192337036,0.0,35.67073059082031
2014-05-10 20,29.16073989868164,0.0,150.40650939941406,0.0
2014-05-10 21,26.3157901763916,1.7376195192337036,134.14634704589844,0.0
2014-05-10 22,24.715505599975586,0.0,143.2926788330078,49.39024353027344
2014-05-10 23,23.648649215698242,0.0,142.7845458984375,51.524391174316406
2014-05-11 00,21.514936447143555,1.7376195192337036,137.19512939453125,0.0
2014-05-11 01,19.559032440185547,0.0,127.5406494140625,39.93902587890625
2014-05-11 02,19.203413009643555,0.0,112.29674530029297,37.19512176513672
2014-05-11 03,16.891891479492188,1.5204169750213623,102.13414764404297,38.719512939453125
2014-05-11 04,0.0,1.5204169750213623,0.0,33.23170852661133
2014-05-11 05,17.95874786376953,0.0,95.02032470703125,0.0
2014-05-11 06,20.2702693939209,1.7376195192337036,0.0,23.475608825683594
2014-05-11 07,0.0,1.7376195192337036,0.0,23.475608825683594
2014-05-11 08,26.49359893798828,1.7376195192337036,0.0,20.121952056884766
2014-05-11 09,30.227596282958984,0.0,0.0,30.792682647705078
2014-05-11 10,32.894737243652344,0.0,0.0,29.573171615600586
2014-05-11 11,0.0,1.7376195192337036,148.88211059570312,28.963415145874023
2014-05-11 12,0.0,1.7376195192337036,138.71951293945312,0.0
2014-05-11 13,30.405405044555664,0.0,110.26422882080078,27.134145736694336
2014-05-11 14,0.0,1.7376195192337036,107.72357940673828,0.0
2014-05-11 15,26.849218368530273,1.5204169750213623,97.56097412109375,27.7439022064209
2014-05-11 16,27.382646560668945,1.7376195192337036,99.08536529541016,34.45121765136719
2014-05-11 17,0.0,1.7376195192337036,0.0,0.0
2014-05-11 18,28.271692276000977,1.7376195192337036,105.69105529785156,33.84146499633789
2014-05-11 19,30.227596282958984,0.0,132.6219482421875,35.67073059082031
2014-05-11 20,32.36130905151367,1.7376195192337036,136.68699645996094,38.719512939453125
2014-05-11 21,0.0,1.7376195192337036,0.0,0.0
2014-05-11 22,0.0,0.0,153.45529174804688,60.36585235595703
2014-05-11 23,23.826457977294922,0.0,137.19512939453125,0.0
2014-05-12 00,21.337125778198242,0.0,125.50813293457031,41.46341323852539
2014-05-12 01,0.0,1.7376195192337036,0.0,39.024391174316406
2014-05-12 02,0.0,1.7376195192337036,0.0,35.06097412109375
2014-05-12 03,17.24751091003418,0.0,101.62601470947266,32.317073822021484
2014-05-12 04,17.24751091003418,1.7376195192337036,96.03658294677734,32.92683029174805
2014-05-12 05,18.492176055908203,1.7376195192337036,88.92276763916016,34.45121765136719
2014-05-12 06,23.29302978515625,1.7376195192337036,68.08943176269531,23.170732498168945
2014-05-12 07,0.0,1.7376195192337036,0.0,0.0
2014-05-12 08,33.072547912597656,0.0,85.36585235595703,0.0
2014-05-12 09,27.916074752807617,0.0,0.0,18.59756088256836
2014-05-12 10,0.0,1.7376195192337036,99.08536529541016,0.0
2014-05-12 11,0.0,1.3032145500183105,94.51219177246094,0.0
2014-05-12 12,0.0,0.0,95.02032470703125,0.0
2014-05-12 13,0.0,0.0,91.97154235839844,26.219512939453125
2014-05-12 14,26.49359893798828,1.3032145500183105,0.0,23.780487060546875
2014-05-12 15,24.537694931030273,0.0,0.0,35.06097412109375
2014-05-12 16,0.0,0.0,0.0,38.10975646972656
2014-05-12 17,0.0,1.7376195192337036,0.0,35.67073059082031
2014-05-12 18,0.0,0.0,106.70731353759766,46.03658676147461
2014-05-12 19,0.0,0.0,0.0,0.0
2014-05-12 20,34.31721115112305,0.0,129.5731658935547,42.07316970825195
2014-05-12 21,29.16073989868164,0.0,157.52032470703125,50.60975646972656
2014-05-12 22,0.0,1.7376195192337036,0.0,60.36585235595703
2014-05-12 23,23.47083854675293,1.7376195192337036,141.26016235351562,46.34146499633789
2014-05-13 00,0.0,1.7376195192337036,0.0,42.9878044128418
2014-05-13 01,0.0,1.7376195192337036,102.13414764404297,0.0
2014-05-13 02,0.0,1.7376195192337036,0.0,38.414634704589844
2014-05-13 03,17.42531967163086,0.0,0.0,34.75609588623047
2014-05-13 04,0.0,1.7376195192337036,0.0,36.89024353027344
2014-05-13 05,0.0,1.7376195192337036,0.0,36.280487060546875
2014-05-13 06,24.0042667388916,0.0,69.61382293701172,27.134145736694336
2014-05-13 07,35.02845001220703,1.7376195192337036,90.44715118408203,31.09756088256836
2014-05-13 08,31.827880859375,1.7376195192337036,0.0,0.0
2014-05-13 09,27.738264083862305,1.7376195192337036,0.0,23.170732498168945
2014-05-13 10,27.382646560668945,1.5204169750213623,101.62601470947266,27.439023971557617
2014-05-13 11,28.62731170654297,1.5204169750213623,0.0,29.573171615600586
2014-05-13 12,0.0,1.3032145500183105,88.41463470458984,30.487804412841797
2014-05-13 13,0.0,0.0,0.0,0.0
2014-05-13 14,25.78236198425293,1.7376195192337036,76.72764587402344,25.0
2014-05-13 15,24.182077407836914,0.0,0.0,27.7439022064209
2014-05-13 16,24.359886169433594,1.7376195192337036,0.0,30.182926177978516
2014-05-13 17,26.3157901763916,0.0,99.59349822998047,32.0121955871582
2014-05-13 18,29.33854866027832,0.0,124.49186706542969,35.975608825683594
2014-05-13 19,32.894737243652344,0.0,0.0,46.95121765136719
2014-05-13 20,35.5618782043457,0.0,150.40650939941406,44.5121955871582
2014-05-13 21,0.0,0.0,159.04470825195312,50.0
2014-05-13 22,0.0,1.7376195192337036,179.8780517578125,63.10975646972656
2014-05-13 23,24.0042667388916,0.0,0.0,56.09756088256836
2014-05-14 00,21.159317016601562,0.0,0.0,39.63414764404297
2014-05-14 01,0.0,1.7376195192337036,0.0,0.0
2014-05-14 02,0.0,1.5204169750213623,0.0,0.0
2014-05-14 03,17.42531967163086,1.7376195192337036,0.0,0.0
2014-05-14 04,0.0,1.7376195192337036,96.54471588134766,0.0
2014-05-14 05,18.492176055908203,0.0,89.93902587890625,34.14634323120117
2014-05-14 06,24.182077407836914,1.7376195192337036,69.61382293701172,22.560976028442383
2014-05-14 07,35.38406753540039,1.7376195192337036,95.52845764160156,26.829267501831055
2014-05-14 08,33.60597610473633,1.7376195192337036,0.0,35.06097412109375
2014-05-14 09,0.0,1.7376195192337036,0.0,0.0
2014-05-14 10,30.405405044555664,1.5204169750213623,96.54471588134766,32.621952056884766
2014-05-14 11,0.0,1.5204169750213623,99.59349822998047,36.585365295410156
2014-05-14 12,0.0,0.0,0.0,34.75609588623047
2014-05-14 13,27.560455322265625,1.7376195192337036,0.0,32.0121955871582
2014-05-14 14,27.916074752807617,0.0,0.0,0.0
2014-05-14 15,26.67140769958496,1.5204169750213623,87.39837646484375,0.0
2014-05-14 16,26.3157901763916,1.7376195192337036,92.47967529296875,0.0
2014-05-14 17,0.0,2.1720242500305176,0.0,37.5
2014-05-14 18,32.894737243652344,2.606429100036621,132.1138153076172,42.9878044128418
2014-05-14 19,0.0,0.0,0.0,0.0
2014-05-14 20,33.072547912597656,1.7376195192337036,0.0,0.0
2014-05-14 21,29.516359329223633,1.7376195192337036,0.0,0.0
2014-05-14 22,26.49359893798828,0.0,154.97967529296875,0.0
2014-05-14 23,0.0,0.0,0.0,0.0
2014-05-15 00,0.0,1.7376195192337036,128.0487823486328,0.0
2014-05-15 01,19.559032440185547,0.0,0.0,0.0
2014-05-15 02,19.025604248046875,1.7376195192337036,0.0,41.46341323852539
2014-05-15 03,0.0,1.7376195192337036,102.13414764404297,36.585365295410156
2014-05-15 04,0.0,0.0,100.10162353515625,35.67073059082031
2014-05-15 05,19.203413009643555,0.0,87.90650177001953,38.719512939453125
2014-05-15 06,0.0,1.7376195192337036,75.71138000488281,0.0
2014-05-15 07,36.27311706542969,0.0,97.05284881591797,0.0
2014-05-15 08,0.0,1.7376195192337036,87.90650177001953,32.317073822021484
2014-05-15 09,30.049787521362305,0.0,90.95528411865234,0.0
2014-05-15 10,27.560455322265625,1.7376195192337036,102.13414764404297,0.0
2014-05-15 11,27.027027130126953,1.7376195192337036,100.60975646972656,0.0
2014-05-15 12,26.67140769958496,1.7376195192337036,96.03658294677734,0.0
2014-05-15 13,25.426742553710938,1.7376195192337036,98.57723236083984,30.182926177978516
2014-05-15 14,0.0,1.5204169750213623,88.92276763916016,28.963415145874023
2014-05-15 15,19.736841201782227,0.0,105.69105529785156,34.14634323120117
2014-05-15 16,0.0,1.7376195192337036,100.60975646972656,0.0
2014-05-15 17,27.738264083862305,1.7376195192337036,0.0,34.45121765136719
2014-05-15 18,0.0,1.5204169750213623,0.0,0.0
2014-05-15 19,0.0,0.0,0.0,50.914634704589844
2014-05-15 20,37.33997344970703,0.0,166.6666717529297,43.59756088256836
2014-05-15 21,0.0,1.7376195192337036,160.56910705566406,0.0
2014-05-15 22,0.0,0.0,0.0,0.0
2014-05-15 23,26.49359893798828,1.7376195192337036,0.0,59.14634323120117
2014-05-16 00,22.226173400878906,1.7376195192337036,133.63821411132812,43.59756088256836
2014-05-16 01,19.025604248046875,1.7376195192337036,0.0,43.29268264770508
2014-05-16 02,0.0,1.7376195192337036,104.16666412353516,0.0
2014-05-16 03,17.0697021484375,1.7376195192337036,100.60975646972656,0.0
2014-05-16 04,0.0,1.7376195192337036,0.0,37.19512176513672
2014-05-16 05,19.559032440185547,0.0,88.92276763916016,0.0
2014-05-16 06,25.071123123168945,1.7376195192337036,0.0,21.95121955871582
2014-05-16 07,35.02845001220703,1.7376195192337036,97.56097412109375,28.658536911010742
2014-05-16 08,34.49502182006836,0.0,0.0,33.84146499633789
2014-05-16 09,0.0,0.8688097596168518,0.0,25.609756469726562
2014-05-16 10,28.62731170654297,0.0,105.18292999267578,27.134145736694336
2014-05-16 11,28.44950294494629,0.0,94.51219177246094,0.0
2014-05-16 12,28.98293113708496,1.3032145500183105,0.0,0.0
2014-05-16 13,0.0,1.7376195192337036,94.51219177246094,30.487804412841797
2014-05-16 14,26.3157901763916,0.0,0.0,27.134145736694336
2014-05-16 15,0.0,1.7376195192337036,96.03658294677734,0.0
2014-05-16 16,0.0,0.0,0.0,49.085365295410156
2014-05-16 17,27.916074752807617,0.0,0.0,47.56097412109375
2014-05-16 18,0.0,2.1720242500305176,116.36178588867188,0.0
2014-05-16 19,33.428165435791016,1.7376195192337036,144.81707763671875,0.0
2014-05-16 20,34.31721115112305,2.823631525039673,0.0,48.475608825683594
2014-05-16 21,0.0,0.0,165.65040588378906,0.0
2014-05-16 22,26.67140769958496,0.0,0.0,0.0
2014-05-16 23,0.0,1.7376195192337036,0.0,0.0
2014-05-17 00,0.0,1.7376195192337036,0.0,0.0
2014-05-17 01,0.0,1.7376195192337036,0.0,44.5121955871582
2014-05-17 02,19.203413009643555,1.7376195192337036,0.0,38.414634704589844
2014-05-17 03,0.0,0.0,99.59349822998047,36.89024353027344
2014-05-17 04,17.42531967163086,1.7376195192337036,94.51219177246094,0.0
2014-05-17 05,19.91465187072754,2.1720242500305176,85.87398529052734,38.10975646972656
2014-05-17 06,24.359886169433594,0.0,0.0,0.0
2014-05-17 07,28.271692276000977,0.0,95.52845764160156,28.963415145874023
2014-05-17 08,30.761024475097656,2.1720242500305176,96.54471588134766,0.0
2014-05-17 09,35.91749572753906,0.0,0.0,32.92683029174805
2014-05-17 10,33.96159362792969,0.0,0.0,0.0
2014-05-17 11,0.0,1.7376195192337036,125.0,0.0
2014-05-17 12,31.827880859375,0.0,128.0487823486328,0.0
2014-05-17 13,29.33854866027832,0.0,114.83739471435547,31.09756088256836
2014-05-17 14,0.0,1.7376195192337036,129.5731658935547,0.0
2014-05-17 15,26.67140769958496,1.7376195192337036,127.03252410888672,40.54878234863281
2014-05-17 16,27.204835891723633,1.7376195192337036,129.5731658935547,0.0
2014-05-17 17,28.80512046813965,0.0,0.0,40.85365676879883
2014-05-17 18,0.0,0.0,0.0,38.719512939453125
2014-05-17 19,0.0,1.7376195192337036,153.45529174804688,0.0
2014-05-17 20,36.62873458862305,1.7376195192337036,0.0,0.0
2014-05-17 21,33.2503547668457,1.7376195192337036,159.04470825195312,54.878047943115234
2014-05-17 22,0.0,1.7376195192337036,135.16259765625,0.0
2014-05-17 23,0.0,0.0,0.0,56.70731735229492
2014-05-18 00,0.0,0.0,144.30894470214844,0.0
2014-05-18 01,20.2702693939209,0.0,118.90243530273438,42.9878044128418
2014-05-18 02,18.669986724853516,0.0,112.29674530029297,36.280487060546875
2014-05-18 03,0.0,1.5204169750213623,102.13414764404297,32.92683029174805
2014-05-18 04,17.78093910217285,1.5204169750213623,92.98780822753906,34.75609588623047
2014-05-18 05,0.0,1.7376195192337036,84.85772705078125,0.0
2014-05-18 06,22.937410354614258,0.0,0.0,0.0
2014-05-18 07,26.67140769958496,0.0,0.0,0.0
2014-05-18 08,0.0,1.7376195192337036,99.08536529541016,24.390243530273438
2014-05-18 09,30.938833236694336,1.7376195192337036,98.06910705566406,27.134145736694336
2014-05-18 10,33.60597610473633,1.7376195192337036,0.0,31.707317352294922
2014-05-18 11,0.0,0.0,0.0,0.0
2014-05-18 12,0.0,1.7376195192337036,0.0,37.19512176513672
2014-05-18 13,32.00569152832031,1.7376195192337036,88.41463470458984,35.36585235595703
2014-05-18 14,28.093883514404297,1.7376195192337036,0.0,0.0
2014-05-18 15,0.0,0.0,87.90650177001953,23.170732498168945
2014-05-18 16,28.44950294494629,0.0,82.31707000732422,27.439023971557617
2014-05-18 17,0.0,0.0,92.98780822753906,0.0
2014-05-18 18,28.271692276000977,1.7376195192337036,103.15040588378906,0.0
2014-05-18 19,32.894737243652344,1.9548219442367554,122.4593505859375,40.24390411376953
2014-05-18 20,0.0,1.7376195192337036,141.26016235351562,0.0
2014-05-18 21,32.00569152832031,1.7376195192337036,0.0,0.0
2014-05-18 22,0.0,1.7376195192337036,150.40650939941406,0.0
2014-05-18 23,26.67140769958496,0.0,141.26016235351562,0.0
2014-05-19 00,0.0,0.0,0.0,0.0
2014-05-19 01,22.403982162475586,1.7376195192337036,106.70731353759766,0.0
2014-05-19 02,0.0,0.0,101.11788940429688,36.585365295410156
2014-05-19 03,16.714082717895508,1.5204169750213623,101.62601470947266,33.23170852661133
2014-05-19 04,0.0,0.0,0.0,0.0
2014-05-19 05,19.381223678588867,0.0,80.79268646240234,33.84146499633789
2014-05-19 06,0.0,0.0,0.0,22.2560977935791
2014-05-19 07,34.49502182006836,1.7376195192337036,82.82520294189453,32.0121955871582
2014-05-19 08,0.0,1.7376195192337036,0.0,0.0
2014-05-19 09,30.227596282958984,1.7376195192337036,0.0,0.0
2014-05-19 10,0.0,0.0,0.0,0.0
2014-05-19 11,0.0,0.0,0.0,35.67073059082031
2014-05-19 12,24.893314361572266,0.0,102.13414764404297,0.0
2014-05-19 13,24.0042667388916,1.5204169750213623,100.10162353515625,36.585365295410156
2014-05-19 14,0.0,0.0,88.41463470458984,34.14634323120117
2014-05-19 15,23.648649215698242,1.5204169750213623,90.95528411865234,0.0
2014-05-19 16,23.648649215698242,0.0,0.0,0.0
2014-05-19 17,0.0,1.7376195192337036,90.95528411865234,0.0
2014-05-19 18,25.604551315307617,2.1720242500305176,0.0,46.95121765136719
2014-05-19 19,0.0,1.7376195192337036,146.34146118164062,0.0
2014-05-19 20,28.98293113708496,0.0,0.0,0.0
2014-05-19 21,0.0,1.7376195192337036,0.0,0.0
2014-05-19 22,26.13797950744629,0.0,153.45529174804688,54.878047943115234
2014-05-19 23,0.0,1.7376195192337036,138.2113800048828,51.82926940917969
2014-05-20 00,0.0,0.0,0.0,42.07316970825195
2014-05-20 01,18.492176055908203,0.0,101.62601470947266,41.15853500366211
2014-05-20 02,0.0,0.0,0.0,33.23170852661133
2014-05-20 03,0.0,0.0,0.0,0.0
2014-05-20 04,0.0,1.7376195192337036,0.0,32.621952056884766
2014-05-20 05,19.203413009643555,1.7376195192337036,80.79268646240234,31.09756088256836
2014-05-20 06,0.0,1.7376195192337036,0.0,0.0
2014-05-20 07,35.02845001220703,1.7376195192337036,0.0,0.0
2014-05-20 08,29.33854866027832,0.0,93.49593353271484,28.963415145874023
2014-05-20 09,25.78236198425293,1.7376195192337036,78.25202941894531,29.268293380737305
2014-05-20 10,24.182077407836914,0.0,0.0,35.36585235595703
2014-05-20 11,24.0042667388916,0.0,94.51219177246094,43.90243911743164
2014-05-20 12,0.0,1.3032145500183105,0.0,48.780487060546875
2014-05-20 13,24.359886169433594,0.0,0.0,0.0
2014-05-20 14,23.826457977294922,1.7376195192337036,0.0,0.0
2014-05-20 15,0.0,0.0,0.0,0.0
2014-05-20 16,23.29302978515625,1.7376195192337036,0.0,46.34146499633789
2014-05-20 17,23.11522102355957,1.7376195192337036,88.92276763916016,0.0
2014-05-20 18,23.648649215698242,0.0,0.0,55.79268264770508
2014-05-20 19,0.0,1.7376195192337036,151.93089294433594,0.0
2014-05-20 20,26.849218368530273,1.7376195192337036,168.69918823242188,55.79268264770508
2014-05-20 21,26.13797950744629,1.7376195192337036,0.0,63.719512939453125
2014-05-20 22,24.182077407836914,0.0,0.0,64.63414764404297
2014-05-20 23,23.29302978515625,1.7376195192337036,136.17886352539062,59.45121765136719
2014-05-21 00,21.159317016601562,0.0,0.0,49.39024353027344
2014-05-21 01,0.0,0.0,0.0,49.085365295410156
2014-05-21 02,17.0697021484375,1.5204169750213623,92.47967529296875,42.378047943115234
2014-05-21 03,16.536273956298828,1.7376195192337036,0.0,0.0
2014-05-21 04,17.0697021484375,0.0,89.93902587890625,40.54878234863281
2014-05-21 05,17.95874786376953,0.0,86.38211059570312,40.85365676879883
2014-05-21 06,22.403982162475586,0.0,0.0,29.878047943115234
2014-05-21 07,33.428165435791016,1.7376195192337036,86.89024353027344,0.0
2014-05-21 08,28.271692276000977,1.7376195192337036,84.85772705078125,33.23170852661133
2014-05-21 09,25.071123123168945,0.0,94.51219177246094,30.182926177978516
2014-05-21 10,23.11522102355957,1.5204169750213623,110.77235412597656,0.0
2014-05-21 11,0.0,1.5204169750213623,0.0,41.15853500366211
2014-05-21 12,23.29302978515625,0.0,105.69105529785156,56.09756088256836
2014-05-21 13,24.182077407836914,0.0,0.0,40.24390411376953
2014-05-21 14,0.0,1.5204169750213623,0.0,37.19512176513672
2014-05-21 15,0.0,1.5204169750213623,96.54471588134766,44.817073822021484
2014-05-21 16,22.937410354614258,0.0,0.0,35.67073059082031
2014-05-21 17,20.44808006286621,0.0,0.0,42.682926177978516
2014-05-21 18,23.11522102355957,0.0,0.0,0.0
2014-05-21 19,27.560455322265625,1.7376195192337036,164.63414001464844,63.10975646972656
2014-05-21 20,27.916074752807617,1.7376195192337036,165.65040588378906,55.79268264770508
2014-05-21 21,0.0,1.7376195192337036,0.0,63.414634704589844
2014-05-21 22,25.78236198425293,0.0,154.47154235839844,0.0
2014-05-21 23,24.0042667388916,0.0,127.5406494140625,0.0
2014-05-22 00,21.159317016601562,1.7376195192337036,0.0,55.182926177978516
2014-05-22 01,17.95874786376953,0.0,99.59349822998047,0.0
2014-05-22 02,0.0,0.0,96.03658294677734,48.475608825683594
2014-05-22 03,0.0,1.7376195192337036,0.0,46.64634323120117
2014-05-22 04,0.0,1.7376195192337036,0.0,0.0
2014-05-22 05,18.314367294311523,1.7376195192337036,79.77642059326172,0.0
2014-05-22 06,0.0,0.0,67.581298828125,31.707317352294922
2014-05-22 07,33.96159362792969,0.0,0.0,41.46341323852539
2014-05-22 08,29.694168090820312,1.7376195192337036,0.0,36.280487060546875
2014-05-22 09,27.204835891723633,1.9548219442367554,0.0,29.878047943115234
2014-05-22 10,24.893314361572266,0.0,102.64227294921875,27.134145736694336
2014-05-22 11,0.0,1.7376195192337036,94.00406646728516,0.0
2014-05-22 12,0.0,1.7376195192337036,92.98780822753906,0.0
2014-05-22 13,0.0,0.0,81.30081176757812,39.93902587890625
2014-05-22 14,0.0,1.5204169750213623,79.26829528808594,37.5
2014-05-22 15,0.0,0.0,0.0,31.09756088256836
2014-05-22 16,0.0,1.7376195192337036,92.47967529296875,33.84146499633789
2014-05-22 17,0.0,1.7376195192337036,90.95528411865234,0.0
2014-05-22 18,24.537694931030273,1.5204169750213623,102.13414764404297,45.121952056884766
2014-05-22 19,28.44950294494629,0.0,172.76422119140625,45.42683029174805
2014-05-22 20,0.0,1.9548219442367554,169.2073211669922,0.0
2014-05-22 21,28.62731170654297,0.0,146.84959411621094,59.45121765136719
2014-05-22 22,27.204835891723633,0.0,0.0,67.07317352294922
2014-05-22 23,25.426742553710938,1.7376195192337036,137.7032470703125,57.317073822021484
2014-05-23 00,22.048364639282227,1.7376195192337036,0.0,51.219512939453125
2014-05-23 01,0.0,0.0,0.0,49.69512176513672
2014-05-23 02,0.0,0.0,0.0,47.25609588623047
2014-05-23 03,16.891891479492188,1.7376195192337036,0.0,0.0
2014-05-23 04,17.42531967163086,0.0,86.38211059570312,45.73170852661133
2014-05-23 05,19.025604248046875,0.0,0.0,46.34146499633789
2014-05-23 06,0.0,1.7376195192337036,61.99187088012695,0.0
2014-05-23 07,0.0,0.0,77.23577117919922,39.024391174316406
2014-05-23 08,0.0,0.0,83.33333587646484,40.85365676879883
2014-05-23 09,27.027027130126953,0.8688097596168518,91.46341705322266,35.975608825683594
2014-05-23 10,26.67140769958496,1.3032145500183105,111.78861999511719,0.0
2014-05-23 11,0.0,0.0,108.23170471191406,0.0
2014-05-23 12,25.604551315307617,1.3032145500183105,97.56097412109375,0.0
2014-05-23 13,0.0,1.7376195192337036,97.05284881591797,0.0
2014-05-23 14,0.0,1.7376195192337036,0.0,0.0
2014-05-23 15,23.826457977294922,1.7376195192337036,96.03658294677734,0.0
2014-05-23 16,23.47083854675293,0.0,99.08536529541016,37.5
2014-05-23 17,0.0,1.5204169750213623,95.52845764160156,0.0
2014-05-23 18,25.426742553710938,0.0,120.42682647705078,0.0
2014-05-23 19,0.0,0.0,0.0,45.121952056884766
2014-05-23 20,27.560455322265625,0.0,154.97967529296875,0.0
2014-05-23 21,0.0,0.0,0.0,48.780487060546875
2014-05-23 22,23.47083854675293,1.7376195192337036,141.76829528808594,0.0
2014-05-23 23,25.248933792114258,1.7376195192337036,131.09756469726562,0.0
2014-05-24 00,22.403982162475586,0.0,0.0,0.0
2014-05-24 01,0.0,0.0,103.65853881835938,0.0
2014-05-24 02,18.847795486450195,0.0,97.56097412109375,0.0
2014-05-24 03,17.78093910217285,1.7376195192337036,91.97154235839844,40.24390411376953
2014-05-24 04,0.0,0.0,84.85772705078125,40.54878234863281
2014-05-24 05,0.0,2.1720242500305176,77.74390411376953,41.46341323852539
2014-05-24 06,22.226173400878906,1.7376195192337036,50.81300735473633,29.878047943115234
2014-05-24 07,27.027027130126953,1.7376195192337036,0.0,28.35365867614746
2014-05-24 08,27.560455322265625,2.1720242500305176,0.0,0.0
2014-05-24 09,0.0,3.0408339500427246,99.59349822998047,0.0
2014-05-24 10,28.62731170654297,1.9548219442367554,125.50813293457031,35.06097412109375
2014-05-24 11,29.694168090820312,0.0,0.0,0.0
2014-05-24 12,0.0,1.7376195192337036,141.26016235351562,31.09756088256836
2014-05-24 13,0.0,1.7376195192337036,0.0,39.93902587890625
2014-05-24 14,28.271692276000977,1.7376195192337036,106.70731353759766,39.024391174316406
2014-05-24 15,28.093883514404297,1.7376195192337036,107.21544647216797,35.06097412109375
2014-05-24 16,0.0,1.7376195192337036,0.0,26.219512939453125
2014-05-24 17,26.849218368530273,0.0,0.0,32.92683029174805
2014-05-24 18,0.0,1.7376195192337036,0.0,34.14634323120117
2014-05-24 19,0.0,0.0,147.86585998535156,45.73170852661133
2014-05-24 20,0.0,0.0,132.1138153076172,42.682926177978516
2014-05-24 21,0.0,1.7376195192337036,119.41056823730469,53.04878234863281
2014-05-24 22,24.715505599975586,1.7376195192337036,131.09756469726562,0.0
2014-05-24 23,27.027027130126953,1.7376195192337036,132.1138153076172,63.10975646972656
2014-05-25 00,22.937410354614258,1.7376195192337036,127.5406494140625,60.36585235595703
2014-05-25 01,0.0,0.0,0.0,53.04878234863281
2014-05-25 02,18.492176055908203,0.0,0.0,49.085365295410156
2014-05-25 03,0.0,0.0,90.44715118408203,43.29268264770508
2014-05-25 04,17.603130340576172,0.0,0.0,0.0
2014-05-25 05,18.314367294311523,1.7376195192337036,72.15447235107422,0.0
2014-05-25 06,0.0,0.0,49.796749114990234,0.0
2014-05-25 07,0.0,0.0,0.0,27.134145736694336
2014-05-25 08,26.3157901763916,0.0,77.74390411376953,26.829267501831055
2014-05-25 09,29.694168090820312,1.7376195192337036,82.82520294189453,26.829267501831055
2014-05-25 10,31.472261428833008,1.7376195192337036,0.0,0.0
2014-05-25 11,31.827880859375,1.7376195192337036,0.0,34.14634323120117
2014-05-25 12,0.0,1.7376195192337036,144.30894470214844,46.34146499633789
2014-05-25 13,29.33854866027832,1.7376195192337036,121.4430923461914,0.0
2014-05-25 14,28.44950294494629,1.7376195192337036,110.77235412597656,34.14634323120117
2014-05-25 15,27.027027130126953,0.0,0.0,30.182926177978516
2014-05-25 16,27.560455322265625,1.7376195192337036,92.47967529296875,0.0
2014-05-25 17,25.78236198425293,1.7376195192337036,0.0,27.439023971557617
2014-05-25 18,28.62731170654297,1.7376195192337036,102.64227294921875,30.182926177978516
2014-05-25 19,29.516359329223633,1.9548219442367554,113.82113647460938,35.06097412109375
2014-05-25 20,30.761024475097656,1.7376195192337036,0.0,0.0
2014-05-25 21,0.0,1.7376195192337036,139.22764587402344,44.817073822021484
2014-05-25 22,0.0,1.7376195192337036,137.7032470703125,52.43902587890625
2014-05-25 23,24.537694931030273,1.7376195192337036,0.0,0.0
2014-05-26 00,22.759601593017578,1.7376195192337036,127.5406494140625,0.0
2014-05-26 01,19.025604248046875,1.7376195192337036,103.65853881835938,38.719512939453125
2014-05-26 02,0.0,1.7376195192337036,91.46341705322266,39.63414764404297
2014-05-26 03,17.95874786376953,1.5204169750213623,0.0,37.19512176513672
2014-05-26 04,18.847795486450195,0.0,80.28455352783203,40.85365676879883
2014-05-26 05,19.736841201782227,0.0,72.66260528564453,40.54878234863281
2014-05-26 06,0.0,1.7376195192337036,0.0,29.878047943115234
2014-05-26 07,0.0,1.7376195192337036,77.74390411376953,33.23170852661133
2014-05-26 08,31.827880859375,1.7376195192337036,0.0,32.621952056884766
2014-05-26 09,27.916074752807617,1.7376195192337036,0.0,23.780487060546875
2014-05-26 10,27.916074752807617,0.0,106.19918823242188,23.780487060546875
2014-05-26 11,28.44950294494629,1.3032145500183105,0.0,34.45121765136719
2014-05-26 12,0.0,1.3032145500183105,0.0,47.25609588623047
2014-05-26 13,0.0,0.0,81.80894470214844,32.317073822021484
2014-05-26 14,0.0,1.3032145500183105,0.0,0.0
2014-05-26 15,26.13797950744629,1.5204169750213623,0.0,41.15853500366211
2014-05-26 16,0.0,0.0,88.41463470458984,0.0
2014-05-26 17,27.027027130126953,0.0,0.0,46.64634323120117
2014-05-26 18,28.093883514404297,0.0,0.0,0.0
2014-05-26 19,0.0,1.7376195192337036,0.0,51.524391174316406
2014-05-26 20,31.650070190429688,1.7376195192337036,0.0,53.96341323852539
2014-05-26 21,28.98293113708496,0.0,0.0,57.92683029174805
2014-05-26 22,25.78236198425293,1.7376195192337036,150.40650939941406,0.0
2014-05-26 23,0.0,0.0,132.6219482421875,0.0
2014-05-27 00,22.759601593017578,1.7376195192337036,0.0,0.0
2014-05-27 01,19.381223678588867,0.0,0.0,0.0
2014-05-27 02,18.669986724853516,0.0,0.0,0.0
2014-05-27 03,17.95874786376953,1.7376195192337036,91.97154235839844,37.80487823486328
2014-05-27 04,19.203413009643555,0.0,93.49593353271484,0.0
2014-05-27 05,21.870553970336914,1.7376195192337036,0.0,0.0
2014-05-27 06,25.071123123168945,1.7376195192337036,0.0,28.35365867614746
2014-05-27 07,0.0,1.7376195192337036,0.0,0.0
2014-05-27 08,31.827880859375,0.0,96.03658294677734,0.0
2014-05-27 09,26.849218368530273,1.7376195192337036,0.0,27.7439022064209
2014-05-27 10,0.0,0.0,97.56097412109375,0.0
2014-05-27 11,27.204835891723633,1.5204169750213623,0.0,42.07316970825195
2014-05-27 12,25.96017074584961,1.3032145500183105,109.75609588623047,39.63414764404297
2014-05-27 13,27.916074752807617,1.7376195192337036,95.02032470703125,35.67073059082031
2014-05-27 14,26.13797950744629,1.7376195192337036,0.0,31.707317352294922
2014-05-27 15,23.826457977294922,0.0,93.49593353271484,39.024391174316406
2014-05-27 16,0.0,0.0,91.46341705322266,0.0
2014-05-27 17,0.0,0.0,98.06910705566406,0.0
2014-05-27 18,25.78236198425293,2.1720242500305176,116.86991882324219,0.0
2014-05-27 19,27.738264083862305,1.7376195192337036,177.8455352783203,55.4878044128418
2014-05-27 20,28.093883514404297,0.0,178.86178588867188,51.82926940917969
2014-05-27 21,0.0,0.0,149.89837646484375,0.0
2014-05-27 22,23.826457977294922,1.7376195192337036,0.0,0.0
2014-05-27 23,23.29302978515625,0.0,0.0,62.80487823486328
2014-05-28 00,20.62588882446289,1.7376195192337036,127.5406494140625,49.39024353027344
2014-05-28 01,17.78093910217285,0.0,101.62601470947266,42.9878044128418
2014-05-28 02,17.0697021484375,0.0,95.52845764160156,42.378047943115234
2014-05-28 03,0.0,0.0,0.0,0.0
2014-05-28 04,0.0,1.7376195192337036,92.98780822753906,38.10975646972656
2014-05-28 05,0.0,1.7376195192337036,80.79268646240234,39.93902587890625
2014-05-28 06,0.0,1.7376195192337036,68.59756469726562,28.04878044128418
2014-05-28 07,34.67283248901367,1.7376195192337036,0.0,33.53658676147461
2014-05-28 08,29.16073989868164,1.7376195192337036,98.06910705566406,35.67073059082031
2014-05-28 09,27.738264083862305,1.7376195192337036,0.0,33.53658676147461
2014-05-28 10,25.96017074584961,1.5204169750213623,0.0,42.07316970825195
2014-05-28 11,0.0,0.0,89.43089294433594,50.60975646972656
2014-05-28 12,24.537694931030273,0.0,0.0,0.0
2014-05-28 13,24.359886169433594,0.0,87.90650177001953,36.280487060546875
2014-05-28 14,24.0042667388916,1.5204169750213623,0.0,38.719512939453125
2014-05-28 15,23.47083854675293,0.0,82.31707000732422,0.0
2014-05-28 16,23.648649215698242,1.7376195192337036,85.87398529052734,0.0
2014-05-28 17,23.47083854675293,2.1720242500305176,95.02032470703125,45.42683029174805
2014-05-28 18,25.96017074584961,2.606429100036621,0.0,50.60975646972656
2014-05-28 19,27.738264083862305,0.0,152.94715881347656,62.19512176513672
2014-05-28 20,28.80512046813965,1.7376195192337036,0.0,57.92683029174805
2014-05-28 21,0.0,1.7376195192337036,0.0,0.0
2014-05-28 22,25.96017074584961,1.7376195192337036,161.5853729248047,0.0
2014-05-28 23,24.359886169433594,1.7376195192337036,0.0,58.84146499633789
2014-05-29 00,22.937410354614258,0.0,0.0,0.0
2014-05-29 01,18.669986724853516,1.7376195192337036,102.64227294921875,50.30487823486328
2014-05-29 02,0.0,1.7376195192337036,0.0,42.07316970825195
2014-05-29 03,0.0,0.0,97.56097412109375,0.0
2014-05-29 04,18.492176055908203,0.0,94.51219177246094,38.10975646972656
2014-05-29 05,0.0,0.0,83.84146118164062,39.32926940917969
2014-05-29 06,24.0042667388916,1.7376195192337036,0.0,26.219512939453125
2014-05-29 07,0.0,1.7376195192337036,91.46341705322266,33.84146499633789
2014-05-29 08,29.694168090820312,1.7376195192337036,86.38211059570312,36.280487060546875
2014-05-29 09,26.49359893798828,1.9548219442367554,86.89024353027344,32.317073822021484
2014-05-29 10,0.0,0.0,110.26422882080078,36.280487060546875
2014-05-29 11,0.0,1.7376195192337036,112.29674530029297,0.0
2014-05-29 12,24.182077407836914,1.7376195192337036,104.16666412353516,42.9878044128418
2014-05-29 13,24.359886169433594,1.7376195192337036,99.08536529541016,36.585365295410156
2014-05-29 14,0.0,1.5204169750213623,90.95528411865234,0.0
2014-05-29 15,0.0,1.5204169750213623,0.0,40.24390411376953
2014-05-29 16,0.0,0.0,88.41463470458984,0.0
2014-05-29 17,0.0,1.7376195192337036,98.57723236083984,49.69512176513672
2014-05-29 18,25.96017074584961,1.5204169750213623,0.0,58.23170852661133
2014-05-29 19,0.0,1.7376195192337036,0.0,0.0
2014-05-29 20,0.0,0.0,161.07723999023438,0.0
2014-05-29 21,0.0,0.0,151.93089294433594,0.0
2014-05-29 22,24.359886169433594,0.0,151.42276000976562,71.95121765136719
2014-05-29 23,24.359886169433594,0.0,130.081298828125,0.0
2014-05-30 00,19.736841201782227,1.7376195192337036,126.0162582397461,50.30487823486328
2014-05-30 01,20.09246063232422,0.0,111.28048706054688,0.0
2014-05-30 02,17.603130340576172,1.7376195192337036,107.72357940673828,39.93902587890625
2014-05-30 03,17.78093910217285,1.7376195192337036,0.0,38.719512939453125
2014-05-30 04,18.314367294311523,0.0,0.0,0.0
2014-05-30 05,19.91465187072754,0.0,0.0,36.89024353027344
2014-05-30 06,0.0,1.7376195192337036,69.61382293701172,27.439023971557617
2014-05-30 07,0.0,1.7376195192337036,92.98780822753906,32.317073822021484
2014-05-30 08,0.0,1.7376195192337036,0.0,0.0
2014-05-30 09,28.44950294494629,0.8688097596168518,98.06910705566406,25.609756469726562
2014-05-30 10,27.027027130126953,0.0,101.62601470947266,27.134145736694336
2014-05-30 11,27.204835891723633,1.3032145500183105,96.03658294677734,0.0
2014-05-30 12,28.44950294494629,0.0,99.08536529541016,0.0
2014-05-30 13,28.62731170654297,0.0,0.0,0.0
2014-05-30 14,27.738264083862305,1.7376195192337036,88.92276763916016,0.0
2014-05-30 15,26.67140769958496,1.7376195192337036,0.0,0.0
2014-05-30 16,26.849218368530273,1.7376195192337036,104.67479705810547,34.75609588623047
2014-05-30 17,28.62731170654297,0.0,100.60975646972656,31.707317352294922
2014-05-30 18,0.0,2.1720242500305176,104.67479705810547,33.23170852661133
2014-05-30 19,0.0,1.7376195192337036,139.73577880859375,42.07316970825195
2014-05-30 20,29.871976852416992,2.823631525039673,0.0,0.0
2014-05-30 21,0.0,1.7376195192337036,0.0,0.0
2014-05-30 22,25.78236198425293,0.0,0.0,57.317073822021484
2014-05-30 23,24.359886169433594,1.7376195192337036,143.80081176757812,62.19512176513672
2014-05-31 00,0.0,0.0,130.5894317626953,46.95121765136719
2014-05-31 01,22.5817928314209,1.7376195192337036,0.0,0.0
2014-05-31 02,20.62588882446289,1.7376195192337036,92.47967529296875,0.0
2014-05-31 03,19.203413009643555,1.7376195192337036,0.0,34.14634323120117
2014-05-31 04,19.91465187072754,1.7376195192337036,0.0,0.0
2014-05-31 05,20.2702693939209,0.0,72.15447235107422,0.0
2014-05-31 06,24.537694931030273,1.7376195192337036,0.0,23.780487060546875
2014-05-31 07,27.916074752807617,1.7376195192337036,0.0,24.085365295410156
2014-05-31 08,29.871976852416992,0.0,88.92276763916016,26.219512939453125
2014-05-31 09,33.428165435791016,3.0408339500427246,0.0,27.439023971557617
2014-05-31 10,32.18349838256836,1.9548219442367554,0.0,0.0
2014-05-31 11,31.650070190429688,1.7376195192337036,126.5243911743164,31.707317352294922
2014-05-31 12,32.71692657470703,1.7376195192337036,0.0,33.53658676147461
2014-05-31 13,29.33854866027832,0.0,109.24797058105469,0.0
2014-05-31 14,0.0,1.7376195192337036,118.3943099975586,0.0
2014-05-31 15,27.560455322265625,1.7376195192337036,105.18292999267578,0.0
2014-05-31 16,0.0,1.7376195192337036,112.80487823486328,31.09756088256836
2014-05-31 17,28.093883514404297,1.9548219442367554,0.0,0.0
2014-05-31 18,28.62731170654297,0.0,126.0162582397461,0.0
2014-05-31 19,0.0,0.0,0.0,44.20731735229492
2014-05-31 20,29.16073989868164,0.0,0.0,47.56097412109375
2014-05-31 21,0.0,1.7376195192337036,0.0,0.0
2014-05-31 22,25.96017074584961,0.0,0.0,0.0
2014-05-31 23,25.426742553710938,0.0,150.9146270751953,0.0
2014-06-01 00,24.0042667388916,1.7376195192337036,0.0,0.0
2014-06-01 01,0.0,0.0,112.29674530029297,42.378047943115234
2014-06-01 02,0.0,0.0,0.0,38.414634704589844
2014-06-01 03,17.0697021484375,1.5204169750213623,0.0,0.0
2014-06-01 04,0.0,0.0,0.0,34.75609588623047
2014-06-01 05,0.0,0.0,71.13821411132812,32.621952056884766
2014-06-01 06,0.0,1.7376195192337036,0.0,0.0
2014-06-01 07,0.0,0.0,76.72764587402344,0.0
2014-06-01 08,27.027027130126953,1.7376195192337036,0.0,0.0
2014-06-01 09,0.0,1.7376195192337036,96.03658294677734,19.817073822021484
2014-06-01 10,35.91749572753906,1.7376195192337036,0.0,0.0
2014-06-01 11,0.0,1.7376195192337036,142.7845458984375,0.0
2014-06-01 12,34.67283248901367,0.0,0.0,25.0
2014-06-01 13,30.405405044555664,0.0,0.0,0.0
2014-06-01 14,28.271692276000977,1.7376195192337036,87.90650177001953,32.317073822021484
2014-06-01 15,0.0,0.0,88.41463470458984,27.134145736694336
2014-06-01 16,0.0,1.7376195192337036,95.02032470703125,23.780487060546875
2014-06-01 17,0.0,1.7376195192337036,85.87398529052734,0.0
2014-06-01 18,28.98293113708496,1.7376195192337036,0.0,0.0
2014-06-01 19,0.0,1.9548219442367554,123.9837417602539,0.0
2014-06-01 20,33.783782958984375,0.0,137.19512939453125,36.280487060546875
2014-06-01 21,0.0,0.0,132.1138153076172,46.03658676147461
2014-06-01 22,27.204835891723633,1.7376195192337036,144.81707763671875,0.0
2014-06-01 23,0.0,0.0,137.19512939453125,47.25609588623047
2014-06-02 00,23.47083854675293,1.7376195192337036,114.32926940917969,40.54878234863281
2014-06-02 01,19.025604248046875,0.0,96.03658294677734,36.89024353027344
2014-06-02 02,0.0,0.0,92.47967529296875,34.45121765136719
2014-06-02 03,17.603130340576172,0.0,91.46341705322266,32.621952056884766
2014-06-02 04,18.669986724853516,1.7376195192337036,0.0,0.0
2014-06-02 05,21.337125778198242,0.0,74.69512176513672,33.53658676147461
2014-06-02 06,0.0,1.7376195192337036,65.54878234863281,23.170732498168945
2014-06-02 07,36.80654525756836,0.0,82.31707000732422,27.439023971557617
2014-06-02 08,33.428165435791016,1.7376195192337036,95.02032470703125,29.878047943115234
2014-06-02 09,28.98293113708496,1.7376195192337036,86.89024353027344,23.475608825683594
2014-06-02 10,27.916074752807617,0.0,0.0,0.0
2014-06-02 11,27.027027130126953,1.3032145500183105,102.13414764404297,0.0
2014-06-02 12,0.0,1.3032145500183105,95.02032470703125,33.84146499633789
2014-06-02 13,0.0,1.5204169750213623,0.0,32.0121955871582
2014-06-02 14,0.0,1.3032145500183105,95.02032470703125,29.573171615600586
2014-06-02 15,0.0,1.5204169750213623,99.59349822998047,30.487804412841797
2014-06-02 16,0.0,0.0,99.08536529541016,0.0
2014-06-02 17,28.271692276000977,1.7376195192337036,107.21544647216797,0.0
2014-06-02 18,30.405405044555664,0.0,128.0487823486328,50.0
2014-06-02 19,30.227596282958984,1.7376195192337036,162.09349060058594,0.0
2014-06-02 20,0.0,1.7376195192337036,0.0,0.0
2014-06-02 21,29.16073989868164,0.0,0.0,57.621952056884766
2014-06-02 22,0.0,0.0,0.0,65.24390411376953
2014-06-02 23,0.0,1.7376195192337036,152.94715881347656,57.92683029174805
2014-06-03 00,23.47083854675293,1.7376195192337036,0.0,49.085365295410156
2014-06-03 01,0.0,0.0,0.0,41.76829147338867
2014-06-03 02,19.203413009643555,1.7376195192337036,0.0,38.719512939453125
2014-06-03 03,17.78093910217285,0.0,0.0,35.975608825683594
2014-06-03 04,0.0,1.7376195192337036,94.00406646728516,37.19512176513672
2014-06-03 05,22.048364639282227,1.7376195192337036,80.28455352783203,34.75609588623047
2014-06-03 06,25.604551315307617,1.7376195192337036,0.0,23.780487060546875
2014-06-03 07,36.80654525756836,1.7376195192337036,85.36585235595703,0.0
2014-06-03 08,33.2503547668457,1.7376195192337036,0.0,0.0
2014-06-03 09,0.0,0.0,88.41463470458984,0.0
2014-06-03 10,29.33854866027832,0.0,0.0,33.53658676147461
2014-06-03 11,27.916074752807617,0.0,0.0,0.0
2014-06-03 12,28.80512046813965,0.0,0.0,40.54878234863281
2014-06-03 13,0.0,1.7376195192337036,0.0,0.0
2014-06-03 14,27.204835891723633,0.0,82.82520294189453,28.04878044128418
2014-06-03 15,0.0,0.0,92.47967529296875,0.0
2014-06-03 16,25.96017074584961,1.7376195192337036,95.52845764160156,31.40243911743164
2014-06-03 17,26.3157901763916,0.0,86.38211059570312,0.0
2014-06-03 18,28.98293113708496,2.1720242500305176,0.0,0.0
2014-06-03 19,31.650070190429688,0.0,0.0,0.0
2014-06-03 20,33.60597610473633,1.7376195192337036,168.19105529785156,0.0
2014-06-03 21,30.405405044555664,1.7376195192337036,0.0,0.0
2014-06-03 22,27.382646560668945,0.0,157.01219177246094,57.92683029174805
2014-06-03 23,0.0,1.7376195192337036,0.0,51.82926940917969
2014-06-04 00,22.759601593017578,1.7376195192337036,0.0,42.07316970825195
2014-06-04 01,18.847795486450195,1.7376195192337036,97.56097412109375,40.54878234863281
2014-06-04 02,17.603130340576172,1.5204169750213623,0.0,0.0
2014-06-04 03,0.0,0.0,89.43089294433594,34.14634323120117
2014-06-04 04,0.0,0.0,0.0,0.0
2014-06-04 05,19.736841201782227,1.7376195192337036,80.79268646240234,0.0
2014-06-04 06,25.426742553710938,0.0,67.07317352294922,24.390243530273438
2014-06-04 07,37.33997344970703,1.7376195192337036,84.85772705078125,29.573171615600586
2014-06-04 08,31.650070190429688,0.0,0.0,0.0
2014-06-04 09,0.0,1.7376195192337036,104.16666412353516,27.7439022064209
2014-06-04 10,0.0,1.5204169750213623,92.47967529296875,30.182926177978516
2014-06-04 11,26.67140769958496,0.0,102.64227294921875,0.0
2014-06-04 12,26.67140769958496,1.5204169750213623,105.69105529785156,33.53658676147461
2014-06-04 13,26.3157901763916,1.7376195192337036,87.90650177001953,0.0
2014-06-04 14,0.0,1.5204169750213623,81.80894470214844,27.134145736694336
2014-06-04 15,27.027027130126953,1.5204169750213623,92.47967529296875,0.0
2014-06-04 16,24.537694931030273,1.7376195192337036,86.38211059570312,0.0
2014-06-04 17,0.0,2.1720242500305176,0.0,35.975608825683594
2014-06-04 18,27.027027130126953,0.0,96.54471588134766,0.0
2014-06-04 19,28.80512046813965,1.7376195192337036,148.88211059570312,53.04878234863281
2014-06-04 20,0.0,1.7376195192337036,130.5894317626953,58.23170852661133
2014-06-04 21,31.472261428833008,1.7376195192337036,134.6544647216797,48.780487060546875
2014-06-04 22,0.0,0.0,163.61788940429688,62.19512176513672
2014-06-04 23,0.0,1.7376195192337036,0.0,0.0
2014-06-05 00,23.11522102355957,1.7376195192337036,122.4593505859375,0.0
2014-06-05 01,0.0,1.7376195192337036,0.0,0.0
2014-06-05 02,0.0,1.7376195192337036,0.0,0.0
2014-06-05 03,17.24751091003418,1.7376195192337036,92.98780822753906,35.67073059082031
2014-06-05 04,19.025604248046875,1.7376195192337036,0.0,34.75609588623047
2014-06-05 05,0.0,0.0,79.77642059326172,34.75609588623047
2014-06-05 06,25.604551315307617,1.7376195192337036,73.17073059082031,24.69512176513672
2014-06-05 07,36.80654525756836,1.7376195192337036,0.0,35.67073059082031
2014-06-05 08,31.827880859375,0.0,0.0,38.719512939453125
2014-06-05 09,27.916074752807617,1.9548219442367554,99.08536529541016,0.0
2014-06-05 10,0.0,1.7376195192337036,114.83739471435547,33.84146499633789
2014-06-05 11,27.560455322265625,0.0,0.0,37.5
2014-06-05 12,25.96017074584961,1.7376195192337036,110.26422882080078,0.0
2014-06-05 13,0.0,1.7376195192337036,0.0,0.0
2014-06-05 14,24.715505599975586,0.0,0.0,35.975608825683594
2014-06-05 15,27.382646560668945,1.5204169750213623,88.92276763916016,40.54878234863281
2014-06-05 16,0.0,0.0,79.77642059326172,0.0
2014-06-05 17,28.98293113708496,1.7376195192337036,110.77235412597656,0.0
2014-06-05 18,28.98293113708496,1.5204169750213623,0.0,47.56097412109375
2014-06-05 19,30.761024475097656,0.0,173.27235412597656,48.780487060546875
2014-06-05 20,31.294452667236328,1.9548219442367554,146.34146118164062,51.524391174316406
2014-06-05 21,29.16073989868164,1.7376195192337036,143.2926788330078,0.0
2014-06-05 22,27.560455322265625,0.0,0.0,0.0
2014-06-05 23,24.715505599975586,0.0,0.0,0.0
2014-06-06 00,23.29302978515625,1.7376195192337036,114.83739471435547,37.80487823486328
2014-06-06 01,19.381223678588867,0.0,96.03658294677734,0.0
2014-06-06 02,18.136558532714844,1.7376195192337036,0.0,36.280487060546875
2014-06-06 03,17.78093910217285,1.7376195192337036,90.44715118408203,0.0
2014-06-06 04,18.847795486450195,0.0,0.0,0.0
2014-06-06 05,20.62588882446289,1.7376195192337036,74.69512176513672,0.0
2014-06-06 06,26.3157901763916,0.0,0.0,24.390243530273438
2014-06-06 07,0.0,1.7376195192337036,84.34959411621094,0.0
2014-06-06 08,29.694168090820312,0.0,0.0,0.0
2014-06-06 09,26.67140769958496,0.8688097596168518,90.44715118408203,0.0
2014-06-06 10,26.3157901763916,0.0,108.73983764648438,0.0
2014-06-06 11,25.426742553710938,1.3032145500183105,0.0,0.0
2014-06-06 12,24.0042667388916,0.0,0.0,0.0
2014-06-06 13,24.359886169433594,1.7376195192337036,96.54471588134766,0.0
2014-06-06 14,23.826457977294922,1.7376195192337036,0.0,35.975608825683594
2014-06-06 15,23.11522102355957,0.0,0.0,32.92683029174805
2014-06-06 16,0.0,1.7376195192337036,102.13414764404297,34.75609588623047
2014-06-06 17,0.0,0.0,0.0,39.32926940917969
2014-06-06 18,23.826457977294922,2.1720242500305176,116.86991882324219,44.5121955871582
2014-06-06 19,0.0,1.7376195192337036,131.09756469726562,51.219512939453125
2014-06-06 20,27.204835891723633,0.0,158.53659057617188,49.39024353027344
2014-06-06 21,0.0,0.0,0.0,52.74390411376953
2014-06-06 22,23.648649215698242,1.7376195192337036,148.3739776611328,63.719512939453125
2014-06-06 23,23.47083854675293,1.7376195192337036,154.97967529296875,61.89024353027344
2014-06-07 00,22.759601593017578,0.0,141.26016235351562,49.085365295410156
2014-06-07 01,18.492176055908203,0.0,116.86991882324219,0.0
2014-06-07 02,0.0,1.7376195192337036,0.0,42.682926177978516
2014-06-07 03,0.0,1.7376195192337036,0.0,39.024391174316406
2014-06-07 04,0.0,1.7376195192337036,97.56097412109375,36.89024353027344
2014-06-07 05,18.669986724853516,0.0,81.30081176757812,34.45121765136719
2014-06-07 06,21.514936447143555,1.7376195192337036,63.00812911987305,24.085365295410156
2014-06-07 07,0.0,0.0,81.30081176757812,0.0
2014-06-07 08,26.849218368530273,0.0,96.03658294677734,34.45121765136719
2014-06-07 09,29.516359329223633,3.0408339500427246,105.69105529785156,0.0
2014-06-07 10,27.560455322265625,1.9548219442367554,125.50813293457031,0.0
2014-06-07 11,27.916074752807617,0.0,119.41056823730469,44.817073822021484
2014-06-07 12,28.271692276000977,0.0,126.0162582397461,39.63414764404297
2014-06-07 13,28.093883514404297,0.0,117.3780517578125,0.0
2014-06-07 14,26.3157901763916,1.7376195192337036,0.0,0.0
2014-06-07 15,0.0,1.7376195192337036,121.4430923461914,35.36585235595703
2014-06-07 16,0.0,0.0,108.23170471191406,0.0
2014-06-07 17,23.826457977294922,1.9548219442367554,0.0,32.0121955871582
2014-06-07 18,24.182077407836914,1.7376195192337036,115.8536605834961,0.0
2014-06-07 19,28.271692276000977,1.7376195192337036,125.0,34.45121765136719
2014-06-07 20,0.0,0.0,133.63821411132812,0.0
2014-06-07 21,26.3157901763916,0.0,133.63821411132812,43.29268264770508
2014-06-07 22,23.29302978515625,0.0,0.0,51.524391174316406
2014-06-07 23,0.0,1.7376195192337036,0.0,0.0
2014-06-08 00,22.759601593017578,0.0,129.5731658935547,0.0
2014-06-08 01,18.847795486450195,0.0,0.0,0.0
2014-06-08 02,0.0,0.0,103.65853881835938,0.0
2014-06-08 03,0.0,0.0,96.03658294677734,35.36585235595703
2014-06-08 04,0.0,1.5204169750213623,0.0,0.0
2014-06-08 05,18.847795486450195,0.0,82.31707000732422,31.09756088256836
2014-06-08 06,21.514936447143555,1.7376195192337036,54.36991882324219,21.341463088989258
2014-06-08 07,0.0,1.7376195192337036,0.0,0.0
2014-06-08 08,0.0,1.7376195192337036,0.0,0.0
2014-06-08 09,26.849218368530273,0.0,108.73983764648438,0.0
2014-06-08 10,0.0,0.0,125.50813293457031,0.0
2014-06-08 11,0.0,1.7376195192337036,144.81707763671875,37.5
2014-06-08 12,0.0,1.7376195192337036,0.0,50.30487823486328
2014-06-08 13,28.44950294494629,1.7376195192337036,104.67479705810547,0.0
2014-06-08 14,26.3157901763916,1.7376195192337036,97.56097412109375,32.92683029174805
2014-06-08 15,26.49359893798828,1.5204169750213623,94.00406646728516,0.0
2014-06-08 16,25.071123123168945,1.7376195192337036,0.0,27.439023971557617
2014-06-08 17,0.0,1.7376195192337036,92.47967529296875,24.69512176513672
2014-06-08 18,0.0,1.7376195192337036,0.0,25.609756469726562
2014-06-08 19,27.560455322265625,1.9548219442367554,116.86991882324219,32.317073822021484
2014-06-08 20,0.0,1.7376195192337036,0.0,0.0
2014-06-08 21,0.0,1.7376195192337036,0.0,0.0
2014-06-08 22,25.426742553710938,1.7376195192337036,0.0,0.0
2014-06-08 23,24.715505599975586,1.7376195192337036,145.32521057128906,51.82926940917969
2014-06-09 00,22.048364639282227,1.7376195192337036,0.0,45.121952056884766
2014-06-09 01,0.0,1.7376195192337036,0.0,39.63414764404297
2014-06-09 02,0.0,1.7376195192337036,98.06910705566406,39.63414764404297
2014-06-09 03,17.24751091003418,0.0,0.0,0.0
2014-06-09 04,18.314367294311523,1.7376195192337036,0.0,0.0
2014-06-09 05,19.381223678588867,1.7376195192337036,71.13821411132812,0.0
2014-06-09 06,0.0,0.0,0.0,22.865854263305664
2014-06-09 07,30.761024475097656,1.7376195192337036,0.0,26.829267501831055
2014-06-09 08,0.0,1.7376195192337036,81.80894470214844,0.0
2014-06-09 09,27.204835891723633,0.0,0.0,24.390243530273438
2014-06-09 10,0.0,0.0,109.24797058105469,25.30487823486328
2014-06-09 11,0.0,1.3032145500183105,0.0,32.0121955871582
2014-06-09 12,27.382646560668945,0.0,104.67479705810547,0.0
2014-06-09 13,24.893314361572266,1.5204169750213623,104.16666412353516,29.878047943115234
2014-06-09 14,0.0,1.3032145500183105,0.0,30.182926177978516
2014-06-09 15,0.0,1.5204169750213623,91.97154235839844,28.658536911010742
2014-06-09 16,24.359886169433594,1.7376195192337036,0.0,0.0
2014-06-09 17,24.537694931030273,1.7376195192337036,98.06910705566406,0.0
2014-06-09 18,0.0,2.1720242500305176,102.64227294921875,0.0
2014-06-09 19,0.0,0.0,149.89837646484375,0.0
2014-06-09 20,0.0,1.7376195192337036,146.34146118164062,0.0
2014-06-09 21,0.0,0.0,0.0,0.0
2014-06-09 22,25.96017074584961,0.0,143.2926788330078,54.57316970825195
2014-06-09 23,25.071123123168945,1.7376195192337036,0.0,0.0
2014-06-10 00,23.11522102355957,0.0,115.34552764892578,0.0
2014-06-10 01,19.559032440185547,1.7376195192337036,0.0,0.0
2014-06-10 02,18.669986724853516,0.0,93.49593353271484,38.719512939453125
2014-06-10 03,17.603130340576172,0.0,94.51219177246094,34.75609588623047
2014-06-10 04,0.0,0.0,0.0,0.0
2014-06-10 05,21.337125778198242,1.7376195192337036,0.0,33.53658676147461
2014-06-10 06,23.29302978515625,1.7376195192337036,0.0,24.390243530273438
2014-06-10 07,24.715505599975586,1.7376195192337036,75.71138000488281,0.0
2014-06-10 08,26.3157901763916,0.0,0.0,0.0
2014-06-10 09,27.560455322265625,0.0,97.56097412109375,21.95121955871582
2014-06-10 10,29.694168090820312,1.5204169750213623,120.9349594116211,0.0
2014-06-10 11,31.294452667236328,0.0,0.0,0.0
2014-06-10 12,0.0,1.3032145500183105,0.0,31.09756088256836
2014-06-10 13,0.0,0.0,115.34552764892578,29.268293380737305
2014-06-10 14,28.62731170654297,1.7376195192337036,113.3130111694336,25.0
2014-06-10 15,28.98293113708496,0.0,0.0,25.914634704589844
2014-06-10 16,0.0,1.7376195192337036,0.0,0.0
2014-06-10 17,26.849218368530273,0.0,110.26422882080078,24.085365295410156
2014-06-10 18,29.516359329223633,0.0,0.0,0.0
2014-06-10 19,31.294452667236328,1.7376195192337036,123.9837417602539,36.89024353027344
2014-06-10 20,0.0,1.7376195192337036,0.0,39.93902587890625
2014-06-10 21,29.33854866027832,1.7376195192337036,0.0,0.0
2014-06-10 22,27.027027130126953,1.7376195192337036,157.52032470703125,55.4878044128418
2014-06-10 23,25.071123123168945,0.0,0.0,53.96341323852539
2014-06-11 00,23.648649215698242,1.7376195192337036,120.42682647705078,41.46341323852539
2014-06-11 01,18.847795486450195,1.7376195192337036,106.70731353759766,39.024391174316406
2014-06-11 02,17.78093910217285,0.0,99.59349822998047,37.80487823486328
2014-06-11 03,17.42531967163086,1.7376195192337036,95.02032470703125,0.0
2014-06-11 04,0.0,1.7376195192337036,86.38211059570312,35.36585235595703
2014-06-11 05,0.0,1.7376195192337036,0.0,0.0
2014-06-11 06,25.426742553710938,0.0,0.0,24.390243530273438
2014-06-11 07,33.60597610473633,1.7376195192337036,88.92276763916016,28.963415145874023
2014-06-11 08,33.60597610473633,1.7376195192337036,95.52845764160156,28.35365867614746
2014-06-11 09,31.472261428833008,1.7376195192337036,96.54471588134766,0.0
2014-06-11 10,28.62731170654297,0.0,0.0,0.0
2014-06-11 11,29.16073989868164,0.0,92.47967529296875,0.0
2014-06-11 12,27.916074752807617,1.5204169750213623,117.3780517578125,29.878047943115234
2014-06-11 13,27.916074752807617,0.0,108.73983764648438,0.0
2014-06-11 14,0.0,0.0,90.95528411865234,28.35365867614746
2014-06-11 15,24.893314361572266,1.5204169750213623,0.0,23.475608825683594
2014-06-11 16,27.204835891723633,1.7376195192337036,100.60975646972656,0.0
2014-06-11 17,0.0,0.0,100.10162353515625,0.0
2014-06-11 18,0.0,0.0,120.9349594116211,0.0
2014-06-11 19,0.0,1.7376195192337036,161.5853729248047,41.76829147338867
2014-06-11 20,38.05120849609375,0.0,0.0,39.63414764404297
2014-06-11 21,35.02845001220703,0.0,160.06097412109375,50.30487823486328
2014-06-11 22,0.0,1.7376195192337036,170.73170471191406,67.68292999267578
2014-06-11 23,26.3157901763916,1.7376195192337036,0.0,0.0
2014-06-12 00,0.0,1.7376195192337036,129.06504821777344,44.20731735229492
2014-06-12 01,0.0,1.7376195192337036,109.75609588623047,0.0
2014-06-12 02,0.0,1.7376195192337036,105.18292999267578,39.32926940917969
2014-06-12 03,18.136558532714844,0.0,94.00406646728516,0.0
2014-06-12 04,0.0,0.0,0.0,35.975608825683594
2014-06-12 05,0.0,1.7376195192337036,0.0,31.40243911743164
2014-06-12 06,0.0,1.7376195192337036,69.1056900024414,25.0
2014-06-12 07,0.0,0.0,0.0,0.0
2014-06-12 08,33.96159362792969,1.7376195192337036,97.05284881591797,28.963415145874023
2014-06-12 09,32.71692657470703,1.9548219442367554,94.00406646728516,0.0
2014-06-12 10,0.0,1.7376195192337036,0.0,35.36585235595703
2014-06-12 11,0.0,1.7376195192337036,106.19918823242188,37.5
2014-06-12 12,27.382646560668945,1.7376195192337036,0.0,43.29268264770508
2014-06-12 13,27.916074752807617,1.7376195192337036,108.73983764648438,32.0121955871582
2014-06-12 14,29.33854866027832,1.5204169750213623,0.0,32.317073822021484
2014-06-12 15,0.0,1.5204169750213623,101.62601470947266,0.0
2014-06-12 16,28.271692276000977,0.0,105.18292999267578,39.93902587890625
2014-06-12 17,27.204835891723633,1.7376195192337036,113.3130111694336,42.07316970825195
2014-06-12 18,30.227596282958984,1.5204169750213623,0.0,46.95121765136719
2014-06-12 19,36.450923919677734,0.0,146.84959411621094,0.0
2014-06-12 20,35.91749572753906,0.0,0.0,41.46341323852539
2014-06-12 21,30.583215713500977,0.0,0.0,42.9878044128418
2014-06-12 22,27.027027130126953,0.0,0.0,0.0
2014-06-12 23,26.49359893798828,1.7376195192337036,154.47154235839844,50.60975646972656
2014-06-13 00,0.0,1.7376195192337036,132.6219482421875,42.9878044128418
2014-06-13 01,0.0,1.7376195192337036,0.0,37.5
2014-06-13 02,19.025604248046875,1.7376195192337036,110.77235412597656,37.80487823486328
2014-06-13 03,17.78093910217285,0.0,0.0,0.0
2014-06-13 04,0.0,1.7376195192337036,0.0,0.0
2014-06-13 05,22.226173400878906,0.0,84.85772705078125,0.0
2014-06-13 06,0.0,0.0,71.6463394165039,22.865854263305664
2014-06-13 07,27.560455322265625,1.7376195192337036,0.0,26.219512939453125
2014-06-13 08,29.33854866027832,0.0,115.34552764892578,0.0
2014-06-13 09,30.938833236694336,0.0,132.6219482421875,0.0
2014-06-13 10,32.894737243652344,1.3032145500183105,0.0,32.0121955871582
2014-06-13 11,32.71692657470703,0.0,139.73577880859375,0.0
2014-06-13 12,30.227596282958984,1.3032145500183105,0.0,0.0
2014-06-13 13,28.271692276000977,0.0,134.14634704589844,0.0
2014-06-13 14,0.0,1.7376195192337036,117.88617706298828,0.0
2014-06-13 15,28.271692276000977,0.0,108.23170471191406,39.63414764404297
2014-06-13 16,0.0,1.7376195192337036,0.0,34.75609588623047
2014-06-13 17,29.694168090820312,0.0,108.23170471191406,35.36585235595703
2014-06-13 18,33.96159362792969,2.1720242500305176,125.0,0.0
2014-06-13 19,38.22901916503906,0.0,151.93089294433594,43.90243911743164
2014-06-13 20,0.0,2.823631525039673,163.61788940429688,39.024391174316406
2014-06-13 21,32.539119720458984,1.7376195192337036,0.0,38.10975646972656
2014-06-13 22,27.560455322265625,1.7376195192337036,146.34146118164062,0.0
2014-06-13 23,27.027027130126953,1.7376195192337036,0.0,48.17073059082031
2014-06-14 00,24.893314361572266,1.7376195192337036,121.95121765136719,48.475608825683594
2014-06-14 01,20.80369758605957,1.7376195192337036,0.0,44.20731735229492
2014-06-14 02,18.847795486450195,0.0,0.0,42.07316970825195
2014-06-14 03,0.0,0.0,0.0,0.0
2014-06-14 04,18.314367294311523,1.7376195192337036,0.0,37.5
2014-06-14 05,21.514936447143555,2.1720242500305176,78.25202941894531,32.621952056884766
2014-06-14 06,24.359886169433594,0.0,0.0,0.0
2014-06-14 07,28.093883514404297,1.7376195192337036,0.0,0.0
2014-06-14 08,28.80512046813965,0.0,89.43089294433594,22.865854263305664
2014-06-14 09,0.0,0.0,0.0,30.487804412841797
2014-06-14 10,0.0,1.9548219442367554,123.9837417602539,0.0
2014-06-14 11,31.827880859375,1.7376195192337036,128.0487823486328,0.0
2014-06-14 12,0.0,0.0,152.43902587890625,36.89024353027344
2014-06-14 13,30.049787521362305,1.7376195192337036,141.26016235351562,0.0
2014-06-14 14,27.738264083862305,0.0,0.0,35.67073059082031
2014-06-14 15,27.560455322265625,0.0,115.34552764892578,0.0
2014-06-14 16,0.0,0.0,0.0,41.46341323852539
2014-06-14 17,28.98293113708496,1.9548219442367554,124.49186706542969,39.024391174316406
2014-06-14 18,0.0,0.0,0.0,36.585365295410156
2014-06-14 19,38.05120849609375,1.7376195192337036,139.73577880859375,41.76829147338867
2014-06-14 20,0.0,0.0,148.88211059570312,52.13414764404297
2014-06-14 21,33.96159362792969,0.0,0.0,0.0
2014-06-14 22,29.694168090820312,1.7376195192337036,0.0,55.182926177978516
2014-06-14 23,28.80512046813965,0.0,155.48780822753906,48.17073059082031
2014-06-15 00,27.916074752807617,0.0,0.0,0.0
2014-06-15 01,0.0,0.0,117.3780517578125,52.43902587890625
2014-06-15 02,0.0,0.0,110.26422882080078,47.25609588623047
2014-06-15 03,0.0,1.5204169750213623,0.0,50.0
2014-06-15 04,19.91465187072754,1.5204169750213623,0.0,41.76829147338867
2014-06-15 05,0.0,0.0,0.0,38.414634704589844
2014-06-15 06,25.248933792114258,1.7376195192337036,59.45121765136719,27.134145736694336
2014-06-15 07,0.0,1.7376195192337036,0.0,32.92683029174805
2014-06-15 08,28.093883514404297,1.7376195192337036,0.0,0.0
2014-06-15 09,31.650070190429688,0.0,90.95528411865234,0.0
2014-06-15 10,33.2503547668457,1.7376195192337036,0.0,32.92683029174805
2014-06-15 11,32.894737243652344,1.7376195192337036,0.0,37.5
2014-06-15 12,34.31721115112305,1.7376195192337036,125.50813293457031,47.86585235595703
2014-06-15 13,31.650070190429688,0.0,0.0,36.89024353027344
2014-06-15 14,27.738264083862305,0.0,101.62601470947266,39.32926940917969
2014-06-15 15,27.382646560668945,0.0,0.0,34.45121765136719
2014-06-15 16,27.916074752807617,1.7376195192337036,0.0,34.45121765136719
2014-06-15 17,0.0,1.7376195192337036,112.29674530029297,0.0
2014-06-15 18,32.00569152832031,0.0,100.10162353515625,39.93902587890625
2014-06-15 19,38.762447357177734,1.9548219442367554,0.0,49.085365295410156
2014-06-15 20,0.0,1.7376195192337036,0.0,43.29268264770508
2014-06-15 21,34.139404296875,1.7376195192337036,159.04470825195312,50.60975646972656
2014-06-15 22,32.18349838256836,1.7376195192337036,0.0,0.0
2014-06-15 23,27.560455322265625,0.0,0.0,0.0
2014-06-16 00,25.96017074584961,1.7376195192337036,126.0162582397461,60.67073059082031
2014-06-16 01,0.0,1.7376195192337036,107.72357940673828,50.0
2014-06-16 02,0.0,1.7376195192337036,104.16666412353516,47.86585235595703
2014-06-16 03,0.0,1.5204169750213623,93.49593353271484,44.817073822021484
2014-06-16 04,18.492176055908203,1.7376195192337036,94.51219177246094,48.475608825683594
2014-06-16 05,20.981508255004883,1.7376195192337036,0.0,40.85365676879883
2014-06-16 06,0.0,1.7376195192337036,0.0,0.0
2014-06-16 07,34.139404296875,1.7376195192337036,89.43089294433594,0.0
2014-06-16 08,0.0,0.0,89.43089294433594,31.09756088256836
2014-06-16 09,31.827880859375,0.0,86.38211059570312,27.7439022064209
2014-06-16 10,0.0,1.7376195192337036,0.0,27.134145736694336
2014-06-16 11,0.0,1.3032145500183105,106.70731353759766,30.792682647705078
2014-06-16 12,0.0,1.3032145500183105,97.05284881591797,30.487804412841797
2014-06-16 13,26.49359893798828,1.5204169750213623,92.98780822753906,31.09756088256836
2014-06-16 14,0.0,1.3032145500183105,0.0,0.0
2014-06-16 15,28.093883514404297,1.5204169750213623,94.51219177246094,41.46341323852539
2014-06-16 16,0.0,0.0,0.0,0.0
2014-06-16 17,0.0,1.7376195192337036,113.82113647460938,37.19512176513672
2014-06-16 18,28.093883514404297,2.1720242500305176,136.17886352539062,43.90243911743164
2014-06-16 19,35.02845001220703,0.0,0.0,57.317073822021484
2014-06-16 20,0.0,0.0,132.6219482421875,0.0
2014-06-16 21,33.2503547668457,1.7376195192337036,0.0,67.98780822753906
2014-06-16 22,27.560455322265625,0.0,163.61788940429688,0.0
2014-06-16 23,26.49359893798828,1.7376195192337036,141.26016235351562,0.0
2014-06-17 00,24.182077407836914,1.7376195192337036,123.9837417602539,51.524391174316406
2014-06-17 01,0.0,0.0,108.73983764648438,0.0
2014-06-17 02,19.025604248046875,0.0,100.60975646972656,0.0
2014-06-17 03,18.314367294311523,1.7376195192337036,95.52845764160156,41.15853500366211
2014-06-17 04,19.736841201782227,0.0,0.0,0.0
2014-06-17 05,23.826457977294922,1.7376195192337036,0.0,36.89024353027344
2014-06-17 06,26.849218368530273,1.7376195192337036,64.53252410888672,28.658536911010742
2014-06-17 07,31.827880859375,1.7376195192337036,84.34959411621094,41.76829147338867
2014-06-17 08,0.0,1.7376195192337036,78.25202941894531,35.67073059082031
2014-06-17 09,0.0,1.7376195192337036,99.08536529541016,0.0
2014-06-17 10,27.382646560668945,1.5204169750213623,110.26422882080078,0.0
2014-06-17 11,0.0,1.5204169750213623,0.0,0.0
2014-06-17 12,0.0,1.3032145500183105,106.19918823242188,0.0
2014-06-17 13,27.560455322265625,1.7376195192337036,106.70731353759766,32.317073822021484
2014-06-17 14,26.3157901763916,1.7376195192337036,0.0,41.15853500366211
2014-06-17 15,24.893314361572266,1.7376195192337036,100.60975646972656,49.085365295410156
2014-06-17 16,24.182077407836914,1.7376195192337036,0.0,46.64634323120117
2014-06-17 17,0.0,0.0,98.06910705566406,53.96341323852539
2014-06-17 18,29.33854866027832,0.0,129.06504821777344,0.0
2014-06-17 19,32.894737243652344,1.7376195192337036,183.94308471679688,0.0
2014-06-17 20,33.783782958984375,1.7376195192337036,0.0,0.0
2014-06-17 21,31.11664390563965,1.7376195192337036,0.0,0.0
2014-06-17 22,0.0,1.7376195192337036,0.0,97.56097412109375
2014-06-17 23,0.0,0.0,0.0,0.0
2014-06-18 00,24.182077407836914,0.0,120.9349594116211,53.04878234863281
2014-06-18 01,20.2702693939209,0.0,100.10162353515625,47.25609588623047
2014-06-18 02,17.95874786376953,1.5204169750213623,0.0,47.25609588623047
2014-06-18 03,0.0,1.7376195192337036,87.39837646484375,0.0
2014-06-18 04,18.847795486450195,1.7376195192337036,92.47967529296875,46.34146499633789
2014-06-18 05,22.403982162475586,0.0,71.6463394165039,0.0
2014-06-18 06,26.13797950744629,1.7376195192337036,0.0,0.0
2014-06-18 07,32.539119720458984,1.7376195192337036,79.77642059326172,0.0
2014-06-18 08,0.0,1.7376195192337036,0.0,33.84146499633789
2014-06-18 09,28.093883514404297,1.7376195192337036,0.0,0.0
2014-06-18 10,26.849218368530273,0.0,0.0,0.0
2014-06-18 11,0.0,1.5204169750213623,99.08536529541016,33.23170852661133
2014-06-18 12,28.62731170654297,0.0,101.11788940429688,33.53658676147461
2014-06-18 13,0.0,1.7376195192337036,107.72357940673828,26.829267501831055
2014-06-18 14,0.0,1.5204169750213623,0.0,32.317073822021484
2014-06-18 15,28.271692276000977,0.0,87.90650177001953,44.5121955871582
2014-06-18 16,25.96017074584961,1.7376195192337036,101.62601470947266,46.03658676147461
2014-06-18 17,0.0,0.0,93.49593353271484,39.93902587890625
2014-06-18 18,28.44950294494629,0.0,0.0,0.0
2014-06-18 19,32.539119720458984,0.0,159.04470825195312,53.04878234863281
2014-06-18 20,33.96159362792969,0.0,160.06097412109375,0.0
2014-06-18 21,32.00569152832031,1.7376195192337036,140.7520294189453,42.378047943115234
2014-06-18 22,28.093883514404297,1.7376195192337036,142.7845458984375,66.15853881835938
2014-06-18 23,27.560455322265625,1.7376195192337036,130.5894317626953,0.0
2014-06-19 00,24.715505599975586,1.7376195192337036,112.29674530029297,42.9878044128418
2014-06-19 01,0.0,0.0,0.0,42.9878044128418
2014-06-19 02,0.0,1.7376195192337036,0.0,40.54878234863281
2014-06-19 03,18.669986724853516,0.0,91.97154235839844,37.80487823486328
2014-06-19 04,0.0,0.0,85.36585235595703,42.07316970825195
2014-06-19 05,0.0,0.0,0.0,0.0
2014-06-19 06,26.3157901763916,1.7376195192337036,60.46747970581055,21.64634132385254
2014-06-19 07,34.31721115112305,0.0,0.0,0.0
2014-06-19 08,0.0,0.0,88.92276763916016,0.0
2014-06-19 09,0.0,1.9548219442367554,0.0,0.0
2014-06-19 10,27.560455322265625,1.7376195192337036,90.95528411865234,41.76829147338867
2014-06-19 11,28.093883514404297,0.0,0.0,0.0
2014-06-19 12,27.738264083862305,1.7376195192337036,0.0,39.32926940917969
2014-06-19 13,27.204835891723633,1.7376195192337036,0.0,35.975608825683594
2014-06-19 14,27.027027130126953,0.0,92.47967529296875,39.024391174316406
2014-06-19 15,24.0042667388916,1.5204169750213623,92.47967529296875,0.0
2014-06-19 16,26.13797950744629,1.7376195192337036,85.87398529052734,0.0
2014-06-19 17,0.0,0.0,86.38211059570312,0.0
2014-06-19 18,27.916074752807617,1.5204169750213623,103.15040588378906,46.34146499633789
2014-06-19 19,32.00569152832031,1.7376195192337036,143.80081176757812,0.0
2014-06-19 20,36.27311706542969,1.9548219442367554,150.40650939941406,58.23170852661133
2014-06-19 21,0.0,0.0,0.0,60.36585235595703
2014-06-19 22,27.560455322265625,1.7376195192337036,142.7845458984375,75.0
2014-06-19 23,0.0,1.7376195192337036,126.0162582397461,0.0
2014-06-20 00,24.537694931030273,1.7376195192337036,125.0,52.43902587890625
2014-06-20 01,20.80369758605957,1.7376195192337036,0.0,0.0
2014-06-20 02,0.0,1.7376195192337036,0.0,44.20731735229492
2014-06-20 03,18.847795486450195,1.7376195192337036,0.0,0.0
2014-06-20 04,19.736841201782227,0.0,84.34959411621094,41.76829147338867
2014-06-20 05,0.0,0.0,0.0,35.36585235595703
2014-06-20 06,25.96017074584961,1.7376195192337036,0.0,0.0
2014-06-20 07,32.71692657470703,0.0,0.0,30.182926177978516
2014-06-20 08,32.539119720458984,1.7376195192337036,0.0,0.0
2014-06-20 09,28.271692276000977,0.8688097596168518,81.80894470214844,0.0
2014-06-20 10,27.382646560668945,0.0,0.0,28.963415145874023
2014-06-20 11,0.0,1.3032145500183105,0.0,34.14634323120117
2014-06-20 12,0.0,1.3032145500183105,106.70731353759766,0.0
2014-06-20 13,0.0,1.7376195192337036,0.0,0.0
2014-06-20 14,27.027027130126953,0.0,92.98780822753906,0.0
2014-06-20 15,26.13797950744629,0.0,0.0,37.5
2014-06-20 16,28.093883514404297,1.7376195192337036,0.0,38.719512939453125
2014-06-20 17,27.382646560668945,1.5204169750213623,102.13414764404297,0.0
2014-06-20 18,27.204835891723633,0.0,0.0,0.0
2014-06-20 19,0.0,1.7376195192337036,142.7845458984375,0.0
2014-06-20 20,30.938833236694336,0.0,150.40650939941406,44.5121955871582
2014-06-20 21,27.382646560668945,1.7376195192337036,140.243896484375,0.0
2014-06-20 22,24.893314361572266,0.0,157.52032470703125,56.70731735229492
2014-06-20 23,25.248933792114258,0.0,139.22764587402344,0.0
2014-06-21 00,0.0,1.7376195192337036,134.6544647216797,46.03658676147461
2014-06-21 01,20.44808006286621,0.0,115.34552764892578,0.0
2014-06-21 02,0.0,0.0,95.52845764160156,36.280487060546875
2014-06-21 03,0.0,1.7376195192337036,0.0,0.0
2014-06-21 04,0.0,0.0,84.34959411621094,0.0
2014-06-21 05,0.0,2.1720242500305176,0.0,31.707317352294922
2014-06-21 06,0.0,1.7376195192337036,55.38617706298828,21.341463088989258
2014-06-21 07,27.027027130126953,0.0,75.71138000488281,0.0
2014-06-21 08,0.0,0.0,98.06910705566406,34.45121765136719
2014-06-21 09,28.62731170654297,3.0408339500427246,0.0,28.35365867614746
2014-06-21 10,0.0,0.0,107.21544647216797,0.0
2014-06-21 11,0.0,1.7376195192337036,104.67479705810547,0.0
2014-06-21 12,28.62731170654297,1.7376195192337036,120.42682647705078,0.0
2014-06-21 13,27.560455322265625,1.7376195192337036,0.0,0.0
2014-06-21 14,28.271692276000977,0.0,108.73983764648438,40.85365676879883
2014-06-21 15,27.204835891723633,1.7376195192337036,100.10162353515625,32.317073822021484
2014-06-21 16,0.0,0.0,0.0,28.35365867614746
2014-06-21 17,0.0,1.9548219442367554,0.0,33.23170852661133
2014-06-21 18,0.0,0.0,0.0,34.14634323120117
2014-06-21 19,30.938833236694336,1.7376195192337036,0.0,37.5
2014-06-21 20,33.428165435791016,0.0,0.0,30.792682647705078
2014-06-21 21,28.271692276000977,1.7376195192337036,121.4430923461914,40.54878234863281
2014-06-21 22,27.204835891723633,1.7376195192337036,131.09756469726562,52.13414764404297
2014-06-21 23,27.204835891723633,1.7376195192337036,0.0,54.26829147338867
2014-06-22 00,25.248933792114258,0.0,129.06504821777344,46.03658676147461
2014-06-22 01,0.0,0.0,109.75609588623047,37.19512176513672
2014-06-22 02,0.0,0.0,0.0,0.0
2014-06-22 03,18.492176055908203,1.5204169750213623,98.57723236083984,0.0
2014-06-22 04,19.91465187072754,1.5204169750213623,94.51219177246094,0.0
2014-06-22 05,0.0,0.0,0.0,0.0
2014-06-22 06,0.0,1.7376195192337036,54.878047943115234,0.0
2014-06-22 07,25.604551315307617,1.7376195192337036,74.69512176513672,0.0
2014-06-22 08,25.071123123168945,1.7376195192337036,0.0,0.0
2014-06-22 09,27.204835891723633,1.7376195192337036,96.54471588134766,20.426828384399414
2014-06-22 10,28.44950294494629,0.0,114.32926940917969,29.268293380737305
2014-06-22 11,28.093883514404297,1.7376195192337036,126.5243911743164,30.182926177978516
2014-06-22 12,28.80512046813965,1.7376195192337036,134.14634704589844,0.0
2014-06-22 13,0.0,1.7376195192337036,106.70731353759766,0.0
2014-06-22 14,27.916074752807617,0.0,0.0,26.524391174316406
2014-06-22 15,25.96017074584961,0.0,0.0,23.170732498168945
2014-06-22 16,0.0,1.7376195192337036,84.85772705078125,0.0
2014-06-22 17,0.0,1.7376195192337036,86.38211059570312,27.7439022064209
2014-06-22 18,25.071123123168945,1.7376195192337036,96.54471588134766,31.40243911743164
2014-06-22 19,25.96017074584961,0.0,0.0,31.707317352294922
2014-06-22 20,27.916074752807617,1.7376195192337036,0.0,34.14634323120117
2014-06-22 21,27.916074752807617,1.7376195192337036,0.0,40.24390411376953
2014-06-22 22,27.916074752807617,0.0,146.34146118164062,46.64634323120117
2014-06-22 23,0.0,1.7376195192337036,0.0,48.780487060546875
2014-06-23 00,0.0,1.7376195192337036,135.16259765625,46.34146499633789
2014-06-23 01,24.182077407836914,1.7376195192337036,0.0,0.0
2014-06-23 02,0.0,1.7376195192337036,95.52845764160156,38.10975646972656
2014-06-23 03,20.44808006286621,0.0,0.0,0.0
2014-06-23 04,0.0,1.7376195192337036,89.93902587890625,0.0
2014-06-23 05,0.0,0.0,73.17073059082031,31.09756088256836
2014-06-23 06,26.13797950744629,0.0,0.0,0.0
2014-06-23 07,31.650070190429688,0.0,79.77642059326172,26.829267501831055
2014-06-23 08,31.472261428833008,1.7376195192337036,84.34959411621094,31.707317352294922
2014-06-23 09,0.0,0.0,0.0,0.0
2014-06-23 10,28.98293113708496,1.7376195192337036,101.11788940429688,0.0
2014-06-23 11,30.227596282958984,0.0,95.02032470703125,26.219512939453125
2014-06-23 12,0.0,0.0,94.00406646728516,0.0
2014-06-23 13,28.98293113708496,1.5204169750213623,101.11788940429688,31.40243911743164
2014-06-23 14,27.738264083862305,1.3032145500183105,0.0,27.134145736694336
2014-06-23 15,0.0,1.5204169750213623,82.82520294189453,34.14634323120117
2014-06-23 16,26.3157901763916,0.0,0.0,34.14634323120117
2014-06-23 17,0.0,1.7376195192337036,101.62601470947266,35.36585235595703
2014-06-23 18,0.0,2.1720242500305176,0.0,42.682926177978516
2014-06-23 19,0.0,1.7376195192337036,135.6707305908203,0.0
2014-06-23 20,31.11664390563965,0.0,150.40650939941406,47.25609588623047
2014-06-23 21,29.516359329223633,1.7376195192337036,0.0,0.0
2014-06-23 22,27.204835891723633,0.0,152.94715881347656,0.0
2014-06-23 23,0.0,0.0,120.9349594116211,0.0
2014-06-24 00,0.0,1.7376195192337036,123.4756088256836,44.817073822021484
2014-06-24 01,21.870553970336914,1.7376195192337036,104.16666412353516,0.0
2014-06-24 02,20.62588882446289,1.7376195192337036,91.46341705322266,0.0
2014-06-24 03,20.2702693939209,0.0,87.90650177001953,36.280487060546875
2014-06-24 04,21.159317016601562,0.0,0.0,33.23170852661133
2014-06-24 05,21.514936447143555,1.7376195192337036,69.61382293701172,32.621952056884766
2014-06-24 06,0.0,1.7376195192337036,0.0,0.0
2014-06-24 07,31.11664390563965,0.0,0.0,30.487804412841797
2014-06-24 08,31.11664390563965,1.7376195192337036,0.0,0.0
2014-06-24 09,0.0,0.0,0.0,0.0
2014-06-24 10,29.16073989868164,1.5204169750213623,105.18292999267578,35.06097412109375
2014-06-24 11,0.0,1.5204169750213623,105.69105529785156,0.0
2014-06-24 12,28.98293113708496,0.0,101.62601470947266,33.84146499633789
2014-06-24 13,0.0,1.7376195192337036,101.11788940429688,0.0
2014-06-24 14,27.204835891723633,0.0,104.67479705810547,0.0
2014-06-24 15,0.0,0.0,0.0,41.15853500366211
2014-06-24 16,27.560455322265625,1.7376195192337036,109.75609588623047,42.9878044128418
2014-06-24 17,26.849218368530273,1.7376195192337036,93.49593353271484,0.0
2014-06-24 18,27.916074752807617,0.0,0.0,42.07316970825195
2014-06-24 19,31.472261428833008,1.7376195192337036,137.7032470703125,0.0
2014-06-24 20,0.0,1.7376195192337036,143.2926788330078,0.0
2014-06-24 21,0.0,0.0,149.39024353027344,0.0
2014-06-24 22,27.738264083862305,1.7376195192337036,162.09349060058594,0.0
2014-06-24 23,28.271692276000977,1.7376195192337036,0.0,0.0
2014-06-25 00,0.0,1.7376195192337036,119.918701171875,47.56097412109375
2014-06-25 01,0.0,1.7376195192337036,0.0,0.0
2014-06-25 02,0.0,1.5204169750213623,90.44715118408203,41.76829147338867
2014-06-25 03,20.2702693939209,1.7376195192337036,92.47967529296875,0.0
2014-06-25 04,21.514936447143555,0.0,0.0,0.0
2014-06-25 05,0.0,0.0,80.79268646240234,34.75609588623047
2014-06-25 06,0.0,1.7376195192337036,62.5,25.30487823486328
2014-06-25 07,32.00569152832031,1.7376195192337036,0.0,0.0
2014-06-25 08,32.894737243652344,1.7376195192337036,87.39837646484375,31.09756088256836
2014-06-25 09,29.694168090820312,0.0,99.59349822998047,33.84146499633789
2014-06-25 10,0.0,1.5204169750213623,118.3943099975586,35.06097412109375
2014-06-25 11,28.80512046813965,1.5204169750213623,106.19918823242188,34.75609588623047
2014-06-25 12,0.0,1.5204169750213623,97.56097412109375,0.0
2014-06-25 13,27.916074752807617,1.7376195192337036,90.44715118408203,27.7439022064209
2014-06-25 14,28.271692276000977,0.0,94.00406646728516,28.04878044128418
2014-06-25 15,0.0,0.0,96.54471588134766,32.92683029174805
2014-06-25 16,27.916074752807617,1.7376195192337036,0.0,38.10975646972656
2014-06-25 17,28.62731170654297,0.0,83.84146118164062,0.0
2014-06-25 18,29.871976852416992,2.606429100036621,99.59349822998047,49.085365295410156
2014-06-25 19,0.0,0.0,0.0,51.524391174316406
2014-06-25 20,31.650070190429688,1.7376195192337036,140.243896484375,0.0
2014-06-25 21,30.583215713500977,1.7376195192337036,148.88211059570312,49.69512176513672
2014-06-25 22,29.516359329223633,0.0,159.04470825195312,58.84146499633789
2014-06-25 23,0.0,1.7376195192337036,128.0487823486328,0.0
2014-06-26 00,25.604551315307617,1.7376195192337036,121.95121765136719,46.34146499633789
2014-06-26 01,22.226173400878906,1.7376195192337036,0.0,43.59756088256836
2014-06-26 02,0.0,1.7376195192337036,0.0,0.0
2014-06-26 03,0.0,0.0,0.0,35.975608825683594
2014-06-26 04,0.0,1.7376195192337036,0.0,35.06097412109375
2014-06-26 05,24.715505599975586,1.7376195192337036,74.69512176513672,33.53658676147461
2014-06-26 06,0.0,1.7376195192337036,65.0406494140625,25.609756469726562
2014-06-26 07,0.0,0.0,83.84146118164062,31.09756088256836
2014-06-26 08,34.31721115112305,1.7376195192337036,83.33333587646484,31.707317352294922
2014-06-26 09,29.694168090820312,1.9548219442367554,0.0,0.0
2014-06-26 10,0.0,1.7376195192337036,106.70731353759766,33.84146499633789
2014-06-26 11,30.583215713500977,0.0,0.0,0.0
2014-06-26 12,32.539119720458984,1.7376195192337036,105.69105529785156,0.0
2014-06-26 13,0.0,1.7376195192337036,0.0,0.0
2014-06-26 14,0.0,0.0,0.0,0.0
2014-06-26 15,27.916074752807617,1.5204169750213623,0.0,33.23170852661133
2014-06-26 16,0.0,1.7376195192337036,105.18292999267578,33.53658676147461
2014-06-26 17,27.204835891723633,1.7376195192337036,0.0,32.0121955871582
2014-06-26 18,28.80512046813965,1.5204169750213623,0.0,40.85365676879883
2014-06-26 19,33.96159362792969,0.0,0.0,52.74390411376953
2014-06-26 20,0.0,1.9548219442367554,140.243896484375,0.0
2014-06-26 21,31.827880859375,1.7376195192337036,157.01219177246094,0.0
2014-06-26 22,30.049787521362305,1.7376195192337036,0.0,0.0
2014-06-26 23,28.98293113708496,0.0,132.6219482421875,57.317073822021484
2014-06-27 00,24.893314361572266,1.7376195192337036,120.42682647705078,44.817073822021484
2014-06-27 01,0.0,1.7376195192337036,103.15040588378906,38.414634704589844
2014-06-27 02,0.0,0.0,91.46341705322266,0.0
2014-06-27 03,0.0,1.7376195192337036,89.43089294433594,33.53658676147461
2014-06-27 04,21.514936447143555,1.7376195192337036,89.43089294433594,0.0
2014-06-27 05,0.0,0.0,0.0,31.707317352294922
2014-06-27 06,0.0,1.7376195192337036,62.5,0.0
2014-06-27 07,0.0,1.7376195192337036,88.41463470458984,32.317073822021484
2014-06-27 08,36.62873458862305,1.7376195192337036,0.0,37.5
2014-06-27 09,0.0,0.8688097596168518,0.0,40.54878234863281
2014-06-27 10,29.516359329223633,1.3032145500183105,0.0,0.0
2014-06-27 11,0.0,1.3032145500183105,107.21544647216797,41.46341323852539
2014-06-27 12,0.0,1.3032145500183105,107.72357940673828,0.0
2014-06-27 13,0.0,0.0,106.19918823242188,30.487804412841797
2014-06-27 14,0.0,0.0,87.90650177001953,33.23170852661133
2014-06-27 15,0.0,1.7376195192337036,95.52845764160156,34.14634323120117
2014-06-27 16,0.0,1.7376195192337036,0.0,30.182926177978516
2014-06-27 17,0.0,1.5204169750213623,0.0,38.10975646972656
2014-06-27 18,31.650070190429688,0.0,101.62601470947266,47.25609588623047
2014-06-27 19,34.31721115112305,1.7376195192337036,0.0,65.24390411376953
2014-06-27 20,35.91749572753906,2.823631525039673,147.35772705078125,51.219512939453125
2014-06-27 21,32.18349838256836,1.7376195192337036,0.0,53.65853500366211
2014-06-27 22,29.871976852416992,1.7376195192337036,151.93089294433594,54.26829147338867
2014-06-27 23,0.0,1.7376195192337036,0.0,0.0
2014-06-28 00,0.0,1.7376195192337036,118.3943099975586,0.0
2014-06-28 01,23.11522102355957,0.0,0.0,44.817073822021484
2014-06-28 02,22.226173400878906,0.0,0.0,41.46341323852539
2014-06-28 03,0.0,1.7376195192337036,91.46341705322266,37.5
2014-06-28 04,0.0,1.7376195192337036,83.84146118164062,0.0
2014-06-28 05,24.715505599975586,2.1720242500305176,0.0,36.280487060546875
2014-06-28 06,0.0,1.7376195192337036,59.45121765136719,25.609756469726562
2014-06-28 07,30.405405044555664,1.7376195192337036,0.0,0.0
2014-06-28 08,30.583215713500977,2.1720242500305176,89.43089294433594,29.878047943115234
2014-06-28 09,32.00569152832031,3.0408339500427246,100.60975646972656,0.0
2014-06-28 10,32.539119720458984,0.0,135.6707305908203,0.0
2014-06-28 11,33.60597610473633,0.0,118.90243530273438,0.0
2014-06-28 12,0.0,1.7376195192337036,112.29674530029297,32.317073822021484
2014-06-28 13,0.0,1.7376195192337036,0.0,31.09756088256836
2014-06-28 14,0.0,0.0,123.9837417602539,35.67073059082031
2014-06-28 15,29.16073989868164,0.0,0.0,34.45121765136719
2014-06-28 16,30.583215713500977,1.7376195192337036,107.21544647216797,29.573171615600586
2014-06-28 17,30.583215713500977,0.0,0.0,23.780487060546875
2014-06-28 18,0.0,0.0,0.0,0.0
2014-06-28 19,0.0,1.7376195192337036,137.19512939453125,34.75609588623047
2014-06-28 20,33.072547912597656,0.0,135.6707305908203,0.0
2014-06-28 21,30.761024475097656,1.7376195192337036,120.9349594116211,32.621952056884766
2014-06-28 22,0.0,1.7376195192337036,124.49186706542969,0.0
2014-06-28 23,0.0,1.7376195192337036,124.49186706542969,0.0
2014-06-29 00,26.3157901763916,0.0,121.4430923461914,42.07316970825195
2014-06-29 01,0.0,0.0,103.15040588378906,37.5
2014-06-29 02,22.5817928314209,0.0,96.03658294677734,37.80487823486328
2014-06-29 03,22.226173400878906,1.5204169750213623,90.44715118408203,34.45121765136719
2014-06-29 04,0.0,1.5204169750213623,0.0,32.92683029174805
2014-06-29 05,0.0,1.7376195192337036,0.0,0.0
2014-06-29 06,25.604551315307617,0.0,59.9593505859375,0.0
2014-06-29 07,0.0,0.0,0.0,20.426828384399414
2014-06-29 08,29.516359329223633,0.0,80.28455352783203,20.426828384399414
2014-06-29 09,32.00569152832031,1.7376195192337036,0.0,0.0
2014-06-29 10,32.894737243652344,0.0,117.88617706298828,25.30487823486328
2014-06-29 11,34.67283248901367,1.7376195192337036,150.40650939941406,33.53658676147461
2014-06-29 12,36.095306396484375,1.7376195192337036,128.0487823486328,36.280487060546875
2014-06-29 13,33.2503547668457,1.7376195192337036,0.0,0.0
2014-06-29 14,0.0,1.7376195192337036,101.62601470947266,0.0
2014-06-29 15,0.0,1.5204169750213623,0.0,0.0
2014-06-29 16,29.16073989868164,0.0,0.0,25.609756469726562
2014-06-29 17,0.0,0.0,90.95528411865234,29.573171615600586
2014-06-29 18,0.0,1.7376195192337036,0.0,30.792682647705078
2014-06-29 19,35.02845001220703,0.0,113.3130111694336,0.0
2014-06-29 20,0.0,0.0,122.96747589111328,0.0
2014-06-29 21,32.539119720458984,0.0,130.081298828125,33.53658676147461
2014-06-29 22,31.472261428833008,1.7376195192337036,0.0,0.0
2014-06-29 23,29.871976852416992,1.7376195192337036,136.68699645996094,0.0
2014-06-30 00,0.0,1.7376195192337036,0.0,41.15853500366211
2014-06-30 01,0.0,0.0,0.0,0.0
2014-06-30 02,20.62588882446289,0.0,0.0,0.0
2014-06-30 03,0.0,1.5204169750213623,97.05284881591797,35.67073059082031
2014-06-30 04,21.159317016601562,0.0,0.0,32.0121955871582
2014-06-30 05,0.0,1.7376195192337036,0.0,32.621952056884766
2014-06-30 06,27.204835891723633,1.7376195192337036,65.0406494140625,20.731706619262695
2014-06-30 07,0.0,0.0,0.0,26.219512939453125
2014-06-30 08,0.0,1.7376195192337036,79.77642059326172,26.829267501831055
2014-06-30 09,0.0,0.0,82.82520294189453,0.0
2014-06-30 10,33.783782958984375,1.7376195192337036,89.43089294433594,0.0
2014-06-30 11,32.894737243652344,0.0,91.46341705322266,32.621952056884766
2014-06-30 12,0.0,1.3032145500183105,88.92276763916016,0.0
2014-06-30 13,29.516359329223633,0.0,0.0,0.0
2014-06-30 14,31.11664390563965,0.0,98.06910705566406,28.04878044128418
2014-06-30 15,0.0,1.5204169750213623,0.0,0.0
2014-06-30 16,0.0,1.7376195192337036,0.0,33.84146499633789
2014-06-30 17,29.33854866027832,1.7376195192337036,93.49593353271484,39.93902587890625
2014-06-30 18,0.0,0.0,113.82113647460938,44.5121955871582
2014-06-30 19,32.539119720458984,1.7376195192337036,155.48780822753906,44.817073822021484
2014-06-30 20,0.0,1.7376195192337036,157.52032470703125,45.121952056884766
2014-06-30 21,0.0,0.0,147.86585998535156,44.5121955871582
2014-06-30 22,30.227596282958984,0.0,0.0,57.621952056884766
2014-06-30 23,0.0,0.0,125.50813293457031,0.0
2014-07-01 00,26.67140769958496,0.0,0.0,40.85365676879883
2014-07-01 01,0.0,1.7376195192337036,102.64227294921875,37.19512176513672
2014-07-01 02,21.159317016601562,0.0,91.46341705322266,36.280487060546875
2014-07-01 03,20.981508255004883,0.0,87.90650177001953,0.0
2014-07-01 04,0.0,0.0,85.87398529052734,35.67073059082031
2014-07-01 05,25.426742553710938,1.7376195192337036,74.1869888305664,31.09756088256836
2014-07-01 06,0.0,0.0,64.0243911743164,23.780487060546875
2014-07-01 07,0.0,1.7376195192337036,86.38211059570312,0.0
2014-07-01 08,0.0,1.7376195192337036,84.34959411621094,0.0
2014-07-01 09,29.694168090820312,0.0,0.0,27.7439022064209
2014-07-01 10,29.694168090820312,1.5204169750213623,0.0,0.0
2014-07-01 11,0.0,0.0,0.0,0.0
2014-07-01 12,27.916074752807617,0.0,100.60975646972656,34.75609588623047
2014-07-01 13,0.0,1.7376195192337036,99.59349822998047,27.134145736694336
2014-07-01 14,27.382646560668945,0.0,94.00406646728516,30.792682647705078
2014-07-01 15,26.3157901763916,0.0,86.38211059570312,0.0
2014-07-01 16,0.0,1.7376195192337036,95.02032470703125,38.10975646972656
2014-07-01 17,27.916074752807617,0.0,87.90650177001953,35.36585235595703
2014-07-01 18,31.11664390563965,0.0,0.0,39.63414764404297
2014-07-01 19,31.294452667236328,0.0,0.0,0.0
2014-07-01 20,33.072547912597656,1.7376195192337036,148.3739776611328,46.95121765136719
2014-07-01 21,30.583215713500977,0.0,135.16259765625,42.9878044128418
2014-07-01 22,28.98293113708496,1.7376195192337036,162.09349060058594,55.79268264770508
2014-07-01 23,30.227596282958984,0.0,129.06504821777344,55.4878044128418
2014-07-02 00,27.204835891723633,0.0,116.86991882324219,0.0
2014-07-02 01,22.937410354614258,0.0,0.0,0.0
2014-07-02 02,21.337125778198242,1.5204169750213623,0.0,0.0
2014-07-02 03,0.0,1.7376195192337036,88.41463470458984,35.36585235595703
2014-07-02 04,0.0,1.7376195192337036,0.0,0.0
2014-07-02 05,0.0,1.7376195192337036,0.0,0.0
2014-07-02 06,28.093883514404297,0.0,0.0,23.780487060546875
2014-07-02 07,0.0,0.0,0.0,0.0
2014-07-02 08,33.60597610473633,1.7376195192337036,80.79268646240234,0.0
2014-07-02 09,0.0,0.0,98.06910705566406,0.0
2014-07-02 10,28.98293113708496,1.5204169750213623,0.0,0.0
2014-07-02 11,28.80512046813965,0.0,0.0,0.0
2014-07-02 12,28.44950294494629,0.0,0.0,0.0
2014-07-02 13,27.916074752807617,1.7376195192337036,0.0,29.268293380737305
2014-07-02 14,0.0,1.5204169750213623,0.0,0.0
2014-07-02 15,27.204835891723633,1.5204169750213623,90.95528411865234,42.682926177978516
2014-07-02 16,0.0,0.0,94.51219177246094,0.0
2014-07-02 17,0.0,2.1720242500305176,0.0,42.07316970825195
2014-07-02 18,29.694168090820312,2.606429100036621,0.0,45.121952056884766
2014-07-02 19,31.11664390563965,0.0,0.0,0.0
2014-07-02 20,31.650070190429688,0.0,0.0,0.0
2014-07-02 21,0.0,0.0,146.34146118164062,38.10975646972656
2014-07-02 22,0.0,0.0,0.0,0.0
2014-07-02 23,0.0,1.7376195192337036,145.32521057128906,0.0
2014-07-03 00,26.13797950744629,1.7376195192337036,128.55691528320312,0.0
2014-07-03 01,21.870553970336914,1.7376195192337036,102.64227294921875,0.0
2014-07-03 02,20.44808006286621,1.7376195192337036,0.0,37.5
2014-07-03 03,0.0,0.0,0.0,0.0
2014-07-03 04,0.0,0.0,82.31707000732422,32.92683029174805
2014-07-03 05,24.182077407836914,0.0,75.20325469970703,34.75609588623047
2014-07-03 06,27.382646560668945,0.0,58.94308853149414,22.560976028442383
2014-07-03 07,32.36130905151367,1.7376195192337036,0.0,28.658536911010742
2014-07-03 08,0.0,0.0,0.0,0.0
2014-07-03 09,0.0,1.9548219442367554,81.80894470214844,25.0
2014-07-03 10,30.938833236694336,1.7376195192337036,0.0,23.475608825683594
2014-07-03 11,30.938833236694336,0.0,0.0,28.04878044128418
2014-07-03 12,31.294452667236328,0.0,102.13414764404297,31.40243911743164
2014-07-03 13,0.0,1.7376195192337036,90.44715118408203,0.0
2014-07-03 14,0.0,0.0,0.0,29.573171615600586
2014-07-03 15,28.271692276000977,1.5204169750213623,0.0,37.5
2014-07-03 16,0.0,1.7376195192337036,112.29674530029297,0.0
2014-07-03 17,0.0,1.7376195192337036,106.19918823242188,38.414634704589844
2014-07-03 18,0.0,1.5204169750213623,117.88617706298828,44.817073822021484
2014-07-03 19,0.0,1.7376195192337036,150.9146270751953,55.182926177978516
2014-07-03 20,0.0,0.0,143.2926788330078,46.95121765136719
2014-07-03 21,0.0,1.7376195192337036,146.84959411621094,0.0
2014-07-03 22,29.16073989868164,0.0,161.07723999023438,0.0
2014-07-03 23,0.0,0.0,0.0,64.32926940917969
2014-07-04 00,26.3157901763916,1.7376195192337036,0.0,52.43902587890625
2014-07-04 01,22.226173400878906,0.0,0.0,47.56097412109375
2014-07-04 02,21.870553970336914,1.7376195192337036,97.05284881591797,44.817073822021484
2014-07-04 03,0.0,1.7376195192337036,90.95528411865234,0.0
2014-07-04 04,22.048364639282227,1.7376195192337036,86.89024353027344,0.0
2014-07-04 05,0.0,0.0,72.15447235107422,40.24390411376953
2014-07-04 06,27.382646560668945,1.7376195192337036,0.0,0.0
2014-07-04 07,33.2503547668457,0.0,82.31707000732422,38.719512939453125
2014-07-04 08,34.49502182006836,1.7376195192337036,77.23577117919922,38.719512939453125
2014-07-04 09,33.60597610473633,0.8688097596168518,88.41463470458984,0.0
2014-07-04 10,0.0,0.0,107.72357940673828,32.317073822021484
2014-07-04 11,0.0,0.0,0.0,32.317073822021484
2014-07-04 12,32.18349838256836,0.0,100.10162353515625,34.45121765136719
2014-07-04 13,31.294452667236328,1.7376195192337036,0.0,32.92683029174805
2014-07-04 14,0.0,1.7376195192337036,83.84146118164062,32.317073822021484
2014-07-04 15,28.44950294494629,1.7376195192337036,91.46341705322266,0.0
2014-07-04 16,28.271692276000977,1.7376195192337036,100.60975646972656,36.585365295410156
2014-07-04 17,29.694168090820312,0.0,108.23170471191406,0.0
2014-07-04 18,32.00569152832031,2.1720242500305176,125.0,0.0
2014-07-04 19,34.85063934326172,1.7376195192337036,142.7845458984375,46.64634323120117
2014-07-04 20,0.0,2.823631525039673,139.73577880859375,0.0
2014-07-04 21,0.0,0.0,0.0,0.0
2014-07-04 22,0.0,1.7376195192337036,153.96340942382812,64.0243911743164
2014-07-04 23,31.11664390563965,1.7376195192337036,0.0,61.585365295410156
2014-07-05 00,27.738264083862305,1.7376195192337036,0.0,53.96341323852539
2014-07-05 01,22.937410354614258,1.7376195192337036,118.90243530273438,48.475608825683594
2014-07-05 02,0.0,0.0,0.0,42.378047943115234
2014-07-05 03,21.692745208740234,1.7376195192337036,91.46341705322266,0.0
2014-07-05 04,22.5817928314209,1.7376195192337036,0.0,40.24390411376953
2014-07-05 05,0.0,2.1720242500305176,81.30081176757812,0.0
2014-07-05 06,0.0,1.7376195192337036,0.0,0.0
2014-07-05 07,0.0,0.0,0.0,0.0
2014-07-05 08,30.761024475097656,2.1720242500305176,100.60975646972656,33.23170852661133
2014-07-05 09,0.0,3.0408339500427246,107.21544647216797,0.0
2014-07-05 10,36.095306396484375,1.9548219442367554,0.0,46.34146499633789
2014-07-05 11,35.206260681152344,1.7376195192337036,119.41056823730469,0.0
2014-07-05 12,33.96159362792969,0.0,119.41056823730469,45.73170852661133
2014-07-05 13,33.072547912597656,0.0,115.34552764892578,38.414634704589844
2014-07-05 14,31.827880859375,1.7376195192337036,0.0,0.0
2014-07-05 15,0.0,0.0,123.4756088256836,45.121952056884766
2014-07-05 16,0.0,0.0,123.4756088256836,0.0
2014-07-05 17,0.0,1.9548219442367554,0.0,52.43902587890625
2014-07-05 18,0.0,0.0,128.0487823486328,48.17073059082031
2014-07-05 19,0.0,0.0,0.0,46.34146499633789
2014-07-05 20,0.0,0.0,121.95121765136719,0.0
2014-07-05 21,31.650070190429688,0.0,0.0,0.0
2014-07-05 22,29.694168090820312,0.0,0.0,64.0243911743164
2014-07-05 23,29.694168090820312,1.7376195192337036,0.0,0.0
2014-07-06 00,28.62731170654297,1.7376195192337036,135.16259765625,0.0
2014-07-06 01,0.0,0.0,0.0,52.74390411376953
2014-07-06 02,22.937410354614258,0.0,0.0,0.0
2014-07-06 03,0.0,1.5204169750213623,91.46341705322266,0.0
2014-07-06 04,22.5817928314209,1.5204169750213623,92.98780822753906,43.90243911743164
2014-07-06 05,24.715505599975586,1.7376195192337036,80.28455352783203,0.0
2014-07-06 06,26.67140769958496,1.7376195192337036,0.0,0.0
2014-07-06 07,26.67140769958496,1.7376195192337036,73.67886352539062,33.84146499633789
2014-07-06 08,0.0,1.7376195192337036,0.0,31.40243911743164
2014-07-06 09,0.0,1.7376195192337036,92.47967529296875,30.487804412841797
2014-07-06 10,0.0,1.7376195192337036,132.6219482421875,30.487804412841797
2014-07-06 11,0.0,0.0,0.0,43.90243911743164
2014-07-06 12,0.0,0.0,139.22764587402344,46.34146499633789
2014-07-06 13,30.405405044555664,1.7376195192337036,0.0,0.0
2014-07-06 14,0.0,1.7376195192337036,98.06910705566406,25.914634704589844
2014-07-06 15,0.0,0.0,101.62601470947266,25.30487823486328
2014-07-06 16,0.0,0.0,0.0,0.0
2014-07-06 17,27.204835891723633,1.7376195192337036,0.0,26.219512939453125
2014-07-06 18,28.80512046813965,1.7376195192337036,0.0,0.0
2014-07-06 19,30.049787521362305,1.9548219442367554,104.67479705810547,40.54878234863281
2014-07-06 20,0.0,0.0,127.5406494140625,34.45121765136719
2014-07-06 21,0.0,0.0,111.28048706054688,42.9878044128418
2014-07-06 22,0.0,0.0,0.0,61.89024353027344
2014-07-06 23,0.0,1.7376195192337036,131.09756469726562,60.36585235595703
2014-07-07 00,0.0,1.7376195192337036,127.5406494140625,48.780487060546875
2014-07-07 01,22.403982162475586,1.7376195192337036,106.19918823242188,44.817073822021484
2014-07-07 02,0.0,0.0,96.54471588134766,0.0
2014-07-07 03,21.159317016601562,1.5204169750213623,95.02032470703125,0.0
2014-07-07 04,22.048364639282227,1.7376195192337036,0.0,39.63414764404297
2014-07-07 05,0.0,0.0,0.0,37.19512176513672
2014-07-07 06,27.560455322265625,0.0,63.00812911987305,28.04878044128418
2014-07-07 07,0.0,1.7376195192337036,80.28455352783203,0.0
2014-07-07 08,0.0,1.7376195192337036,82.82520294189453,33.84146499633789
2014-07-07 09,0.0,1.7376195192337036,0.0,0.0
2014-07-07 10,32.36130905151367,1.7376195192337036,0.0,32.0121955871582
2014-07-07 11,0.0,1.3032145500183105,0.0,29.573171615600586
2014-07-07 12,31.650070190429688,0.0,111.28048706054688,30.792682647705078
2014-07-07 13,0.0,1.5204169750213623,0.0,23.475608825683594
2014-07-07 14,30.405405044555664,0.0,0.0,22.560976028442383
2014-07-07 15,0.0,0.0,0.0,32.92683029174805
2014-07-07 16,0.0,1.7376195192337036,103.65853881835938,0.0
2014-07-07 17,0.0,0.0,92.98780822753906,38.414634704589844
2014-07-07 18,31.650070190429688,2.1720242500305176,116.86991882324219,0.0
2014-07-07 19,32.894737243652344,1.7376195192337036,141.76829528808594,0.0
2014-07-07 20,36.27311706542969,1.7376195192337036,0.0,0.0
2014-07-07 21,32.539119720458984,0.0,164.1260223388672,39.32926940917969
2014-07-07 22,30.405405044555664,1.7376195192337036,173.27235412597656,0.0
2014-07-07 23,30.405405044555664,1.7376195192337036,146.84959411621094,0.0
2014-07-08 00,27.027027130126953,0.0,133.1300811767578,42.682926177978516
2014-07-08 01,22.403982162475586,0.0,115.8536605834961,38.10975646972656
2014-07-08 02,20.981508255004883,1.7376195192337036,0.0,36.585365295410156
2014-07-08 03,21.514936447143555,0.0,101.62601470947266,34.14634323120117
2014-07-08 04,0.0,1.7376195192337036,0.0,33.84146499633789
2014-07-08 05,0.0,1.7376195192337036,0.0,0.0
2014-07-08 06,28.98293113708496,0.0,80.79268646240234,0.0
2014-07-08 07,33.428165435791016,1.7376195192337036,0.0,0.0
2014-07-08 08,34.85063934326172,1.7376195192337036,87.39837646484375,28.963415145874023
2014-07-08 09,31.472261428833008,1.7376195192337036,100.10162353515625,28.658536911010742
2014-07-08 10,32.00569152832031,1.5204169750213623,0.0,25.609756469726562
2014-07-08 11,0.0,1.5204169750213623,120.42682647705078,29.878047943115234
2014-07-08 12,33.428165435791016,1.3032145500183105,112.80487823486328,0.0
2014-07-08 13,0.0,1.7376195192337036,99.08536529541016,33.84146499633789
2014-07-08 14,0.0,1.7376195192337036,101.62601470947266,0.0
2014-07-08 15,32.71692657470703,0.0,0.0,39.024391174316406
2014-07-08 16,30.761024475097656,1.7376195192337036,98.57723236083984,0.0
2014-07-08 17,0.0,1.7376195192337036,100.10162353515625,0.0
2014-07-08 18,0.0,2.1720242500305176,121.4430923461914,0.0
2014-07-08 19,38.58463668823242,0.0,0.0,57.621952056884766
2014-07-08 20,40.5405387878418,1.7376195192337036,157.01219177246094,52.74390411376953
2014-07-08 21,35.206260681152344,1.7376195192337036,157.52032470703125,49.39024353027344
2014-07-08 22,0.0,0.0,158.02845764160156,0.0
2014-07-08 23,33.783782958984375,1.7376195192337036,0.0,0.0
2014-07-09 00,30.761024475097656,1.7376195192337036,0.0,0.0
2014-07-09 01,26.49359893798828,0.0,105.69105529785156,39.024391174316406
2014-07-09 02,25.604551315307617,1.5204169750213623,91.97154235839844,36.280487060546875
2014-07-09 03,24.715505599975586,0.0,0.0,34.45121765136719
2014-07-09 04,26.849218368530273,1.7376195192337036,86.89024353027344,0.0
2014-07-09 05,0.0,1.7376195192337036,80.79268646240234,35.67073059082031
2014-07-09 06,32.894737243652344,1.7376195192337036,0.0,22.2560977935791
2014-07-09 07,39.82930374145508,1.7376195192337036,86.38211059570312,27.7439022064209
2014-07-09 08,41.07396697998047,0.0,86.38211059570312,0.0
2014-07-09 09,36.80654525756836,1.7376195192337036,86.89024353027344,27.7439022064209
2014-07-09 10,0.0,0.0,0.0,0.0
2014-07-09 11,35.38406753540039,0.0,0.0,0.0
2014-07-09 12,33.783782958984375,1.5204169750213623,96.03658294677734,32.317073822021484
2014-07-09 13,33.428165435791016,0.0,0.0,0.0
2014-07-09 14,0.0,1.5204169750213623,84.34959411621094,26.219512939453125
2014-07-09 15,32.18349838256836,0.0,0.0,0.0
2014-07-09 16,33.60597610473633,1.7376195192337036,84.85772705078125,36.585365295410156
2014-07-09 17,0.0,2.1720242500305176,0.0,0.0
2014-07-09 18,37.87339782714844,0.0,106.19918823242188,50.914634704589844
2014-07-09 19,0.0,1.7376195192337036,131.09756469726562,0.0
2014-07-09 20,44.09672927856445,1.7376195192337036,0.0,70.42682647705078
2014-07-09 21,0.0,1.7376195192337036,151.93089294433594,0.0
2014-07-09 22,34.139404296875,1.7376195192337036,0.0,71.6463394165039
2014-07-09 23,0.0,1.7376195192337036,0.0,0.0
2014-07-10 00,0.0,0.0,0.0,0.0
2014-07-10 01,0.0,1.7376195192337036,106.19918823242188,47.25609588623047
2014-07-10 02,27.916074752807617,0.0,85.36585235595703,0.0
2014-07-10 03,0.0,0.0,88.92276763916016,40.54878234863281
2014-07-10 04,0.0,1.7376195192337036,83.84146118164062,41.15853500366211
2014-07-10 05,0.0,0.0,77.74390411376953,42.07316970825195
2014-07-10 06,0.0,0.0,64.0243911743164,29.268293380737305
2014-07-10 07,0.0,0.0,89.43089294433594,0.0
2014-07-10 08,0.0,1.7376195192337036,86.89024353027344,48.780487060546875
2014-07-10 09,36.984352111816406,0.0,0.0,0.0
2014-07-10 10,0.0,0.0,0.0,0.0
2014-07-10 11,0.0,0.0,86.38211059570312,0.0
2014-07-10 12,34.31721115112305,1.7376195192337036,92.98780822753906,0.0
2014-07-10 13,33.783782958984375,0.0,93.49593353271484,34.75609588623047
2014-07-10 14,36.095306396484375,1.5204169750213623,0.0,0.0
2014-07-10 15,0.0,1.5204169750213623,92.98780822753906,42.9878044128418
2014-07-10 16,33.60597610473633,1.7376195192337036,0.0,0.0
2014-07-10 17,0.0,0.0,111.28048706054688,0.0
2014-07-10 18,37.16216278076172,0.0,0.0,66.76829528808594
2014-07-10 19,0.0,1.7376195192337036,0.0,67.98780822753906
2014-07-10 20,44.630157470703125,1.9548219442367554,0.0,0.0
2014-07-10 21,41.60739517211914,1.7376195192337036,151.42276000976562,0.0
2014-07-10 22,0.0,1.7376195192337036,165.65040588378906,0.0
2014-07-10 23,0.0,0.0,133.63821411132812,63.719512939453125
2014-07-11 00,0.0,0.0,137.7032470703125,63.10975646972656
2014-07-11 01,26.849218368530273,0.0,111.78861999511719,0.0
2014-07-11 02,25.071123123168945,1.7376195192337036,97.05284881591797,0.0
2014-07-11 03,25.248933792114258,1.7376195192337036,95.52845764160156,0.0
2014-07-11 04,27.204835891723633,1.7376195192337036,0.0,45.73170852661133
2014-07-11 05,0.0,0.0,0.0,43.90243911743164
2014-07-11 06,33.072547912597656,1.7376195192337036,72.66260528564453,28.658536911010742
2014-07-11 07,39.118064880371094,1.7376195192337036,83.33333587646484,0.0
2014-07-11 08,41.25177764892578,0.0,0.0,56.70731735229492
2014-07-11 09,38.58463668823242,0.0,92.98780822753906,43.29268264770508
2014-07-11 10,37.33997344970703,1.3032145500183105,0.0,0.0
2014-07-11 11,0.0,1.3032145500183105,107.21544647216797,50.30487823486328
2014-07-11 12,33.60597610473633,1.3032145500183105,115.34552764892578,49.085365295410156
2014-07-11 13,0.0,0.0,95.52845764160156,0.0
2014-07-11 14,32.894737243652344,1.7376195192337036,98.57723236083984,52.74390411376953
2014-07-11 15,34.31721115112305,0.0,0.0,49.085365295410156
2014-07-11 16,34.67283248901367,0.0,0.0,45.73170852661133
2014-07-11 17,0.0,0.0,104.67479705810547,52.43902587890625
2014-07-11 18,0.0,2.1720242500305176,116.36178588867188,0.0
2014-07-11 19,0.0,0.0,0.0,0.0
2014-07-11 20,0.0,2.823631525039673,0.0,67.07317352294922
2014-07-11 21,40.89616012573242,1.7376195192337036,160.06097412109375,58.84146499633789
2014-07-11 22,34.85063934326172,1.7376195192337036,162.60162353515625,77.74390411376953
2014-07-11 23,33.783782958984375,0.0,0.0,88.10975646972656
2014-07-12 00,33.60597610473633,0.0,0.0,65.54878234863281
2014-07-12 01,0.0,0.0,0.0,56.40243911743164
2014-07-12 02,28.093883514404297,0.0,101.11788940429688,50.30487823486328
2014-07-12 03,0.0,0.0,0.0,46.03658676147461
2014-07-12 04,0.0,1.7376195192337036,95.02032470703125,46.03658676147461
2014-07-12 05,0.0,0.0,82.31707000732422,0.0
2014-07-12 06,33.2503547668457,1.7376195192337036,70.1219482421875,34.45121765136719
2014-07-12 07,35.739688873291016,1.7376195192337036,92.47967529296875,42.378047943115234
2014-07-12 08,36.450923919677734,0.0,0.0,58.23170852661133
2014-07-12 09,39.47368240356445,3.0408339500427246,0.0,48.17073059082031
2014-07-12 10,0.0,1.9548219442367554,0.0,0.0
2014-07-12 11,0.0,0.0,122.4593505859375,0.0
2014-07-12 12,39.651493072509766,0.0,121.4430923461914,0.0
2014-07-12 13,0.0,1.7376195192337036,0.0,0.0
2014-07-12 14,0.0,1.7376195192337036,0.0,45.73170852661133
2014-07-12 15,35.38406753540039,1.7376195192337036,0.0,34.75609588623047
2014-07-12 16,0.0,0.0,120.42682647705078,36.89024353027344
2014-07-12 17,0.0,0.0,0.0,0.0
2014-07-12 18,0.0,1.7376195192337036,0.0,62.5
2014-07-12 19,0.0,0.0,0.0,0.0
2014-07-12 20,41.60739517211914,1.7376195192337036,0.0,0.0
2014-07-12 21,0.0,1.7376195192337036,134.6544647216797,58.84146499633789
2014-07-12 22,32.71692657470703,1.7376195192337036,144.30894470214844,88.10975646972656
2014-07-12 23,34.139404296875,1.7376195192337036,131.09756469726562,80.48780822753906
2014-07-13 00,0.0,0.0,140.243896484375,84.1463394165039
2014-07-13 01,28.271692276000977,0.0,0.0,0.0
2014-07-13 02,27.382646560668945,0.0,104.67479705810547,67.98780822753906
2014-07-13 03,26.3157901763916,1.5204169750213623,0.0,0.0
2014-07-13 04,0.0,0.0,104.16666412353516,66.15853881835938
2014-07-13 05,0.0,1.7376195192337036,0.0,63.10975646972656
2014-07-13 06,32.71692657470703,1.7376195192337036,63.00812911987305,54.57316970825195
2014-07-13 07,36.095306396484375,1.7376195192337036,78.25202941894531,0.0
2014-07-13 08,0.0,1.7376195192337036,95.02032470703125,67.68292999267578
2014-07-13 09,38.05120849609375,1.7376195192337036,103.65853881835938,0.0
2014-07-13 10,0.0,0.0,0.0,59.75609588623047
2014-07-13 11,40.007110595703125,1.7376195192337036,127.03252410888672,0.0
2014-07-13 12,0.0,0.0,121.95121765136719,0.0
2014-07-13 13,38.05120849609375,0.0,103.65853881835938,40.24390411376953
2014-07-13 14,0.0,0.0,97.05284881591797,35.975608825683594
2014-07-13 15,33.072547912597656,1.5204169750213623,94.00406646728516,33.23170852661133
2014-07-13 16,0.0,1.7376195192337036,87.90650177001953,0.0
2014-07-13 17,33.428165435791016,1.7376195192337036,0.0,0.0
2014-07-13 18,37.16216278076172,1.7376195192337036,98.57723236083984,37.80487823486328
2014-07-13 19,40.71834945678711,0.0,115.34552764892578,0.0
2014-07-13 20,40.007110595703125,1.7376195192337036,0.0,57.0121955871582
2014-07-13 21,0.0,1.7376195192337036,142.7845458984375,0.0
2014-07-13 22,33.96159362792969,0.0,166.6666717529297,83.84146118164062
2014-07-13 23,0.0,0.0,137.19512939453125,85.06097412109375
2014-07-14 00,0.0,1.7376195192337036,0.0,73.78048706054688
2014-07-14 01,26.67140769958496,0.0,119.918701171875,71.34146118164062
2014-07-14 02,25.78236198425293,0.0,0.0,63.414634704589844
2014-07-14 03,0.0,0.0,107.72357940673828,59.75609588623047
2014-07-14 04,27.560455322265625,1.7376195192337036,108.23170471191406,63.414634704589844
2014-07-14 05,0.0,1.7376195192337036,95.02032470703125,0.0
2014-07-14 06,33.428165435791016,1.7376195192337036,70.1219482421875,0.0
2014-07-14 07,0.0,1.7376195192337036,94.51219177246094,0.0
2014-07-14 08,0.0,1.7376195192337036,91.46341705322266,65.54878234863281
2014-07-14 09,0.0,1.7376195192337036,0.0,56.09756088256836
2014-07-14 10,38.05120849609375,0.0,0.0,68.59756469726562
2014-07-14 11,37.51778030395508,0.0,125.0,0.0
2014-07-14 12,0.0,1.3032145500183105,0.0,58.23170852661133
2014-07-14 13,34.49502182006836,1.5204169750213623,0.0,0.0
2014-07-14 14,0.0,1.3032145500183105,119.918701171875,62.19512176513672
2014-07-14 15,0.0,1.5204169750213623,101.62601470947266,60.06097412109375
2014-07-14 16,0.0,1.7376195192337036,121.4430923461914,53.04878234863281
2014-07-14 17,33.783782958984375,1.7376195192337036,0.0,62.80487823486328
2014-07-14 18,0.0,0.0,118.90243530273438,72.86585235595703
2014-07-14 19,0.0,0.0,0.0,0.0
2014-07-14 20,42.8520622253418,1.7376195192337036,174.2886199951172,89.63414764404297
2014-07-14 21,38.94025421142578,0.0,0.0,0.0
2014-07-14 22,33.428165435791016,1.7376195192337036,0.0,92.07317352294922
2014-07-14 23,0.0,0.0,0.0,88.10975646972656
2014-07-15 00,33.072547912597656,0.0,149.89837646484375,78.96341705322266
2014-07-15 01,27.382646560668945,1.7376195192337036,118.3943099975586,0.0
2014-07-15 02,0.0,1.7376195192337036,0.0,67.98780822753906
2014-07-15 03,25.78236198425293,1.7376195192337036,109.75609588623047,0.0
2014-07-15 04,0.0,0.0,0.0,0.0
2014-07-15 05,29.516359329223633,0.0,0.0,65.8536605834961
2014-07-15 06,33.428165435791016,0.0,0.0,55.79268264770508
2014-07-15 07,40.5405387878418,1.7376195192337036,93.49593353271484,60.67073059082031
2014-07-15 08,40.5405387878418,1.7376195192337036,0.0,71.03658294677734
2014-07-15 09,0.0,1.7376195192337036,0.0,62.19512176513672
2014-07-15 10,35.206260681152344,1.5204169750213623,0.0,0.0
2014-07-15 11,33.96159362792969,1.5204169750213623,102.13414764404297,0.0
2014-07-15 12,0.0,0.0,0.0,33.23170852661133
2014-07-15 13,33.428165435791016,1.7376195192337036,0.0,0.0
2014-07-15 14,0.0,1.7376195192337036,0.0,0.0
2014-07-15 15,31.11664390563965,1.7376195192337036,111.28048706054688,0.0
2014-07-15 16,30.583215713500977,0.0,119.41056823730469,0.0
2014-07-15 17,32.36130905151367,0.0,106.19918823242188,45.73170852661133
2014-07-15 18,0.0,2.1720242500305176,0.0,0.0
2014-07-15 19,41.60739517211914,0.0,140.243896484375,0.0
2014-07-15 20,42.14082336425781,1.7376195192337036,0.0,0.0
2014-07-15 21,38.05120849609375,1.7376195192337036,165.65040588378906,0.0
2014-07-15 22,34.67283248901367,0.0,0.0,77.74390411376953
2014-07-15 23,32.71692657470703,1.7376195192337036,140.7520294189453,0.0
2014-07-16 00,32.00569152832031,0.0,0.0,73.4756088256836
2014-07-16 01,26.13797950744629,1.7376195192337036,119.41056823730469,0.0
2014-07-16 02,0.0,1.5204169750213623,104.67479705810547,0.0
2014-07-16 03,25.071123123168945,0.0,103.15040588378906,0.0
2014-07-16 04,25.071123123168945,1.7376195192337036,105.69105529785156,0.0
2014-07-16 05,27.560455322265625,1.7376195192337036,89.93902587890625,44.5121955871582
2014-07-16 06,0.0,1.7376195192337036,0.0,44.817073822021484
2014-07-16 07,40.007110595703125,1.7376195192337036,102.13414764404297,56.40243911743164
2014-07-16 08,41.78520584106445,1.7376195192337036,0.0,60.67073059082031
2014-07-16 09,0.0,1.7376195192337036,0.0,59.75609588623047
2014-07-16 10,0.0,0.0,111.28048706054688,0.0
2014-07-16 11,0.0,1.5204169750213623,108.23170471191406,47.86585235595703
2014-07-16 12,34.31721115112305,1.5204169750213623,126.0162582397461,47.25609588623047
2014-07-16 13,33.96159362792969,1.7376195192337036,0.0,0.0
2014-07-16 14,33.428165435791016,1.5204169750213623,107.72357940673828,47.86585235595703
2014-07-16 15,0.0,0.0,0.0,50.60975646972656
2014-07-16 16,0.0,0.0,117.88617706298828,0.0
2014-07-16 17,35.02845001220703,0.0,0.0,0.0
2014-07-16 18,0.0,0.0,0.0,68.29268646240234
2014-07-16 19,0.0,0.0,146.34146118164062,79.26829528808594
2014-07-16 20,0.0,1.7376195192337036,0.0,77.13414764404297
2014-07-16 21,40.5405387878418,1.7376195192337036,161.5853729248047,61.280487060546875
2014-07-16 22,36.27311706542969,0.0,0.0,0.0
2014-07-16 23,33.96159362792969,0.0,145.8333282470703,81.40243530273438
2014-07-17 00,0.0,0.0,0.0,0.0
2014-07-17 01,26.849218368530273,1.7376195192337036,118.90243530273438,0.0
2014-07-17 02,24.893314361572266,1.7376195192337036,0.0,0.0
2014-07-17 03,0.0,1.7376195192337036,0.0,0.0
2014-07-17 04,0.0,0.0,0.0,0.0
2014-07-17 05,0.0,1.7376195192337036,0.0,0.0
2014-07-17 06,32.894737243652344,1.7376195192337036,64.0243911743164,29.878047943115234
2014-07-17 07,0.0,1.7376195192337036,80.28455352783203,0.0
2014-07-17 08,40.18492126464844,0.0,89.43089294433594,0.0
2014-07-17 09,35.739688873291016,1.9548219442367554,100.60975646972656,47.86585235595703
2014-07-17 10,33.2503547668457,0.0,102.64227294921875,53.65853500366211
2014-07-17 11,0.0,0.0,0.0,0.0
2014-07-17 12,0.0,1.7376195192337036,114.83739471435547,42.378047943115234
2014-07-17 13,0.0,1.7376195192337036,118.90243530273438,35.36585235595703
2014-07-17 14,0.0,1.5204169750213623,0.0,40.54878234863281
2014-07-17 15,0.0,1.5204169750213623,0.0,43.90243911743164
2014-07-17 16,30.761024475097656,1.7376195192337036,112.29674530029297,0.0
2014-07-17 17,0.0,0.0,0.0,53.65853500366211
2014-07-17 18,0.0,0.0,108.23170471191406,57.0121955871582
2014-07-17 19,40.71834945678711,0.0,0.0,70.73170471191406
2014-07-17 20,0.0,1.9548219442367554,0.0,65.24390411376953
2014-07-17 21,37.87339782714844,0.0,0.0,56.09756088256836
2014-07-17 22,0.0,1.7376195192337036,166.6666717529297,71.03658294677734
2014-07-17 23,33.60597610473633,0.0,151.42276000976562,75.60975646972656
2014-07-18 00,0.0,1.7376195192337036,0.0,0.0
2014-07-18 01,25.78236198425293,0.0,110.26422882080078,53.65853500366211
2014-07-18 02,0.0,0.0,94.51219177246094,47.86585235595703
2014-07-18 03,0.0,0.0,92.47967529296875,42.378047943115234
2014-07-18 04,0.0,1.7376195192337036,0.0,42.378047943115234
2014-07-18 05,0.0,1.7376195192337036,94.00406646728516,44.5121955871582
2014-07-18 06,32.36130905151367,1.7376195192337036,70.63008117675781,31.09756088256836
2014-07-18 07,0.0,0.0,0.0,0.0
2014-07-18 08,0.0,0.0,87.39837646484375,47.56097412109375
2014-07-18 09,35.38406753540039,0.8688097596168518,91.97154235839844,42.682926177978516
2014-07-18 10,33.60597610473633,1.3032145500183105,114.83739471435547,0.0
2014-07-18 11,0.0,1.3032145500183105,112.29674530029297,47.86585235595703
2014-07-18 12,0.0,1.3032145500183105,125.0,46.95121765136719
2014-07-18 13,0.0,1.7376195192337036,0.0,42.378047943115234
2014-07-18 14,0.0,1.7376195192337036,85.36585235595703,0.0
2014-07-18 15,0.0,0.0,92.98780822753906,44.20731735229492
2014-07-18 16,0.0,1.7376195192337036,0.0,0.0
2014-07-18 17,35.02845001220703,1.5204169750213623,99.59349822998047,0.0
2014-07-18 18,0.0,2.1720242500305176,0.0,55.4878044128418
2014-07-18 19,35.91749572753906,1.7376195192337036,0.0,63.719512939453125
2014-07-18 20,38.58463668823242,2.823631525039673,0.0,60.67073059082031
2014-07-18 21,0.0,0.0,0.0,0.0
2014-07-18 22,33.428165435791016,1.7376195192337036,158.02845764160156,64.32926940917969
2014-07-18 23,32.894737243652344,0.0,0.0,54.878047943115234
2014-07-19 00,33.783782958984375,1.7376195192337036,0.0,0.0
2014-07-19 01,28.44950294494629,1.7376195192337036,109.24797058105469,47.86585235595703
2014-07-19 02,27.916074752807617,0.0,97.56097412109375,44.20731735229492
2014-07-19 03,0.0,0.0,99.08536529541016,0.0
2014-07-19 04,28.44950294494629,1.7376195192337036,101.11788940429688,42.07316970825195
2014-07-19 05,29.516359329223633,0.0,0.0,0.0
2014-07-19 06,33.428165435791016,0.0,0.0,27.7439022064209
2014-07-19 07,0.0,0.0,86.89024353027344,31.09756088256836
2014-07-19 08,0.0,0.0,0.0,0.0
2014-07-19 09,33.96159362792969,3.0408339500427246,101.62601470947266,31.40243911743164
2014-07-19 10,34.31721115112305,1.9548219442367554,0.0,30.792682647705078
2014-07-19 11,33.60597610473633,1.7376195192337036,140.243896484375,32.317073822021484
2014-07-19 12,35.206260681152344,1.7376195192337036,0.0,0.0
2014-07-19 13,34.85063934326172,0.0,0.0,0.0
2014-07-19 14,33.96159362792969,1.7376195192337036,113.82113647460938,39.93902587890625
2014-07-19 15,0.0,1.7376195192337036,0.0,34.75609588623047
2014-07-19 16,33.60597610473633,0.0,0.0,0.0
2014-07-19 17,34.85063934326172,0.0,116.36178588867188,0.0
2014-07-19 18,0.0,1.7376195192337036,0.0,0.0
2014-07-19 19,37.69559097290039,1.7376195192337036,0.0,0.0
2014-07-19 20,38.05120849609375,1.7376195192337036,0.0,40.24390411376953
2014-07-19 21,0.0,1.7376195192337036,0.0,0.0
2014-07-19 22,33.783782958984375,1.7376195192337036,138.2113800048828,52.74390411376953
2014-07-19 23,0.0,1.7376195192337036,0.0,0.0
2014-07-20 00,0.0,1.7376195192337036,126.0162582397461,45.73170852661133
2014-07-20 01,27.738264083862305,0.0,103.15040588378906,50.0
2014-07-20 02,26.3157901763916,0.0,97.56097412109375,0.0
2014-07-20 03,25.96017074584961,0.0,0.0,39.63414764404297
2014-07-20 04,0.0,0.0,91.97154235839844,0.0
2014-07-20 05,27.560455322265625,1.7376195192337036,79.77642059326172,0.0
2014-07-20 06,0.0,1.7376195192337036,51.82926940917969,0.0
2014-07-20 07,0.0,0.0,66.0569076538086,25.609756469726562
2014-07-20 08,32.894737243652344,1.7376195192337036,72.15447235107422,25.0
2014-07-20 09,34.49502182006836,1.7376195192337036,82.31707000732422,24.390243530273438
2014-07-20 10,35.739688873291016,1.7376195192337036,0.0,26.524391174316406
2014-07-20 11,36.450923919677734,0.0,0.0,0.0
2014-07-20 12,0.0,1.7376195192337036,134.6544647216797,0.0
2014-07-20 13,34.85063934326172,0.0,0.0,0.0
2014-07-20 14,0.0,0.0,96.03658294677734,25.0
2014-07-20 15,32.36130905151367,1.5204169750213623,85.36585235595703,0.0
2014-07-20 16,32.71692657470703,1.7376195192337036,0.0,25.0
2014-07-20 17,33.072547912597656,1.7376195192337036,81.30081176757812,30.487804412841797
2014-07-20 18,0.0,1.7376195192337036,78.76016235351562,29.268293380737305
2014-07-20 19,41.07396697998047,1.9548219442367554,99.59349822998047,31.707317352294922
2014-07-20 20,0.0,0.0,0.0,0.0
2014-07-20 21,0.0,0.0,0.0,0.0
2014-07-20 22,33.072547912597656,0.0,146.84959411621094,58.23170852661133
2014-07-20 23,33.96159362792969,0.0,124.49186706542969,0.0
2014-07-21 00,0.0,0.0,0.0,0.0
2014-07-21 01,0.0,1.7376195192337036,99.08536529541016,39.024391174316406
2014-07-21 02,24.359886169433594,1.7376195192337036,89.93902587890625,36.280487060546875
2014-07-21 03,0.0,0.0,0.0,35.36585235595703
2014-07-21 04,24.893314361572266,0.0,90.95528411865234,35.67073059082031
2014-07-21 05,0.0,0.0,0.0,35.06097412109375
2014-07-21 06,0.0,1.7376195192337036,0.0,0.0
2014-07-21 07,0.0,0.0,85.87398529052734,0.0
2014-07-21 08,38.94025421142578,1.7376195192337036,73.17073059082031,0.0
2014-07-21 09,0.0,1.7376195192337036,92.47967529296875,26.524391174316406
2014-07-21 10,35.206260681152344,0.0,0.0,34.45121765136719
2014-07-21 11,0.0,1.3032145500183105,105.18292999267578,30.487804412841797
2014-07-21 12,33.60597610473633,1.3032145500183105,116.36178588867188,0.0
2014-07-21 13,0.0,0.0,94.51219177246094,28.658536911010742
2014-07-21 14,0.0,0.0,102.13414764404297,0.0
2014-07-21 15,32.539119720458984,0.0,99.59349822998047,0.0
2014-07-21 16,0.0,0.0,0.0,46.95121765136719
2014-07-21 17,33.428165435791016,0.0,101.62601470947266,0.0
2014-07-21 18,0.0,0.0,0.0,54.878047943115234
2014-07-21 19,40.89616012573242,1.7376195192337036,136.17886352539062,64.63414764404297
2014-07-21 20,40.5405387878418,0.0,0.0,55.182926177978516
2014-07-21 21,35.91749572753906,1.7376195192337036,153.96340942382812,0.0
2014-07-21 22,34.139404296875,1.7376195192337036,158.53659057617188,69.51219177246094
2014-07-21 23,0.0,1.7376195192337036,149.89837646484375,65.8536605834961
2014-07-22 00,0.0,1.7376195192337036,143.2926788330078,52.43902587890625
2014-07-22 01,26.49359893798828,1.7376195192337036,107.21544647216797,46.95121765136719
2014-07-22 02,0.0,0.0,0.0,45.73170852661133
2014-07-22 03,25.78236198425293,1.7376195192337036,97.05284881591797,44.817073822021484
2014-07-22 04,0.0,1.7376195192337036,0.0,43.29268264770508
2014-07-22 05,27.916074752807617,1.7376195192337036,91.97154235839844,0.0
2014-07-22 06,0.0,0.0,67.07317352294922,35.06097412109375
2014-07-22 07,37.16216278076172,1.7376195192337036,89.43089294433594,0.0
2014-07-22 08,0.0,0.0,0.0,0.0
2014-07-22 09,36.095306396484375,1.7376195192337036,0.0,36.280487060546875
2014-07-22 10,36.095306396484375,1.5204169750213623,120.42682647705078,0.0
2014-07-22 11,33.2503547668457,1.5204169750213623,117.3780517578125,0.0
2014-07-22 12,34.49502182006836,0.0,101.62601470947266,0.0
2014-07-22 13,0.0,1.7376195192337036,84.85772705078125,37.5
2014-07-22 14,0.0,0.0,105.18292999267578,0.0
2014-07-22 15,32.18349838256836,0.0,110.26422882080078,37.80487823486328
2014-07-22 16,0.0,1.7376195192337036,105.18292999267578,0.0
2014-07-22 17,34.67283248901367,0.0,94.00406646728516,46.03658676147461
2014-07-22 18,36.62873458862305,0.0,121.95121765136719,0.0
2014-07-22 19,40.89616012573242,1.7376195192337036,144.81707763671875,64.63414764404297
2014-07-22 20,42.318634033203125,0.0,142.27642822265625,63.10975646972656
2014-07-22 21,38.22901916503906,0.0,0.0,59.14634323120117
2014-07-22 22,0.0,1.7376195192337036,0.0,0.0
2014-07-22 23,35.739688873291016,0.0,0.0,63.719512939453125
2014-07-23 00,33.2503547668457,1.7376195192337036,0.0,52.13414764404297
2014-07-23 01,0.0,1.7376195192337036,114.32926940917969,46.03658676147461
2014-07-23 02,0.0,1.5204169750213623,105.69105529785156,0.0
2014-07-23 03,25.426742553710938,1.7376195192337036,98.57723236083984,41.46341323852539
2014-07-23 04,0.0,1.7376195192337036,0.0,41.15853500366211
2014-07-23 05,28.093883514404297,1.7376195192337036,97.05284881591797,44.20731735229492
2014-07-23 06,32.894737243652344,1.7376195192337036,67.581298828125,32.621952056884766
2014-07-23 07,37.51778030395508,1.7376195192337036,0.0,0.0
2014-07-23 08,41.429588317871094,1.7376195192337036,0.0,0.0
2014-07-23 09,0.0,1.7376195192337036,89.93902587890625,34.14634323120117
2014-07-23 10,34.31721115112305,0.0,118.90243530273438,0.0
2014-07-23 11,0.0,0.0,97.56097412109375,0.0
2014-07-23 12,0.0,0.0,0.0,52.13414764404297
2014-07-23 13,0.0,0.0,0.0,46.03658676147461
2014-07-23 14,0.0,0.0,113.3130111694336,42.9878044128418
2014-07-23 15,30.583215713500977,1.5204169750213623,0.0,40.85365676879883
2014-07-23 16,0.0,0.0,0.0,0.0
2014-07-23 17,34.85063934326172,0.0,0.0,47.86585235595703
2014-07-23 18,0.0,2.606429100036621,88.92276763916016,0.0
2014-07-23 19,37.33997344970703,0.0,131.60569763183594,59.14634323120117
2014-07-23 20,40.18492126464844,0.0,0.0,49.085365295410156
2014-07-23 21,0.0,1.7376195192337036,140.243896484375,53.35365676879883
2014-07-23 22,0.0,1.7376195192337036,0.0,66.76829528808594
2014-07-23 23,33.60597610473633,1.7376195192337036,0.0,0.0
2014-07-24 00,32.71692657470703,0.0,0.0,53.35365676879883
2014-07-24 01,0.0,1.7376195192337036,108.23170471191406,0.0
2014-07-24 02,0.0,0.0,96.03658294677734,44.20731735229492
2014-07-24 03,26.3157901763916,1.7376195192337036,95.52845764160156,42.378047943115234
2014-07-24 04,25.604551315307617,1.7376195192337036,91.46341705322266,0.0
2014-07-24 05,28.80512046813965,0.0,84.85772705078125,42.9878044128418
2014-07-24 06,0.0,1.7376195192337036,66.0569076538086,0.0
2014-07-24 07,36.984352111816406,0.0,0.0,0.0
2014-07-24 08,0.0,1.7376195192337036,82.82520294189453,34.75609588623047
2014-07-24 09,34.85063934326172,1.9548219442367554,0.0,0.0
2014-07-24 10,33.783782958984375,1.7376195192337036,99.08536529541016,44.817073822021484
2014-07-24 11,0.0,1.7376195192337036,98.06910705566406,0.0
2014-07-24 12,33.60597610473633,0.0,107.21544647216797,44.5121955871582
2014-07-24 13,33.783782958984375,0.0,0.0,0.0
2014-07-24 14,32.894737243652344,1.5204169750213623,0.0,34.14634323120117
2014-07-24 15,31.472261428833008,1.5204169750213623,0.0,32.0121955871582
2014-07-24 16,0.0,1.7376195192337036,0.0,41.15853500366211
2014-07-24 17,0.0,0.0,101.11788940429688,0.0
2014-07-24 18,35.5618782043457,0.0,122.96747589111328,59.45121765136719
2014-07-24 19,37.16216278076172,0.0,0.0,0.0
2014-07-24 20,0.0,0.0,165.65040588378906,0.0
2014-07-24 21,0.0,0.0,149.39024353027344,0.0
2014-07-24 22,33.2503547668457,0.0,148.88211059570312,85.36585235595703
2014-07-24 23,0.0,1.7376195192337036,124.49186706542969,83.53658294677734
2014-07-25 00,32.18349838256836,1.7376195192337036,144.30894470214844,75.60975646972656
2014-07-25 01,0.0,0.0,112.80487823486328,0.0
2014-07-25 02,24.715505599975586,0.0,0.0,68.90243530273438
2014-07-25 03,25.604551315307617,0.0,97.05284881591797,66.15853881835938
2014-07-25 04,0.0,1.7376195192337036,95.52845764160156,66.15853881835938
2014-07-25 05,29.16073989868164,0.0,87.39837646484375,68.59756469726562
2014-07-25 06,33.60597610473633,1.7376195192337036,63.00812911987305,57.317073822021484
2014-07-25 07,0.0,1.7376195192337036,87.39837646484375,64.63414764404297
2014-07-25 08,38.58463668823242,1.7376195192337036,100.60975646972656,70.42682647705078
2014-07-25 09,33.783782958984375,0.0,0.0,72.25609588623047
2014-07-25 10,33.072547912597656,1.3032145500183105,109.24797058105469,0.0
2014-07-25 11,0.0,0.0,111.78861999511719,64.93902587890625
2014-07-25 12,0.0,1.3032145500183105,116.36178588867188,0.0
2014-07-25 13,33.60597610473633,1.7376195192337036,103.15040588378906,0.0
2014-07-25 14,33.60597610473633,1.7376195192337036,109.75609588623047,45.121952056884766
2014-07-25 15,33.072547912597656,1.7376195192337036,101.62601470947266,53.96341323852539
2014-07-25 16,0.0,0.0,93.49593353271484,0.0
2014-07-25 17,33.96159362792969,1.5204169750213623,99.08536529541016,65.8536605834961
2014-07-25 18,0.0,0.0,0.0,59.45121765136719
2014-07-25 19,0.0,1.7376195192337036,141.76829528808594,56.70731735229492
2014-07-25 20,0.0,0.0,141.26016235351562,0.0
2014-07-25 21,34.67283248901367,1.7376195192337036,139.73577880859375,51.524391174316406
2014-07-25 22,0.0,0.0,0.0,73.17073059082031
2014-07-25 23,33.2503547668457,1.7376195192337036,0.0,78.3536605834961
2014-07-26 00,32.71692657470703,0.0,0.0,0.0
2014-07-26 01,26.849218368530273,1.7376195192337036,0.0,51.219512939453125
2014-07-26 02,25.071123123168945,0.0,0.0,0.0
2014-07-26 03,0.0,0.0,102.13414764404297,44.20731735229492
2014-07-26 04,0.0,0.0,102.64227294921875,41.76829147338867
2014-07-26 05,0.0,2.1720242500305176,94.51219177246094,0.0
2014-07-26 06,0.0,0.0,59.45121765136719,34.45121765136719
2014-07-26 07,34.139404296875,1.7376195192337036,0.0,34.14634323120117
2014-07-26 08,36.80654525756836,2.1720242500305176,91.46341705322266,0.0
2014-07-26 09,0.0,3.0408339500427246,101.62601470947266,43.59756088256836
2014-07-26 10,0.0,1.9548219442367554,116.86991882324219,0.0
2014-07-26 11,0.0,0.0,121.95121765136719,52.13414764404297
2014-07-26 12,37.51778030395508,0.0,0.0,43.59756088256836
2014-07-26 13,0.0,1.7376195192337036,116.36178588867188,40.54878234863281
2014-07-26 14,33.96159362792969,1.7376195192337036,115.8536605834961,41.15853500366211
2014-07-26 15,34.67283248901367,1.7376195192337036,124.49186706542969,0.0
2014-07-26 16,35.206260681152344,1.7376195192337036,94.51219177246094,49.39024353027344
2014-07-26 17,35.02845001220703,1.9548219442367554,98.57723236083984,0.0
2014-07-26 18,36.984352111816406,1.7376195192337036,0.0,0.0
2014-07-26 19,41.07396697998047,0.0,133.63821411132812,0.0
2014-07-26 20,41.429588317871094,0.0,133.1300811767578,0.0
2014-07-26 21,36.62873458862305,0.0,0.0,0.0
2014-07-26 22,32.71692657470703,0.0,142.27642822265625,89.63414764404297
2014-07-26 23,32.71692657470703,1.7376195192337036,0.0,0.0
2014-07-27 00,0.0,1.7376195192337036,134.14634704589844,67.98780822753906
2014-07-27 01,0.0,0.0,113.3130111694336,70.1219482421875
2014-07-27 02,0.0,0.0,0.0,0.0
2014-07-27 03,24.715505599975586,1.5204169750213623,100.10162353515625,0.0
2014-07-27 04,0.0,0.0,0.0,61.280487060546875
2014-07-27 05,0.0,1.7376195192337036,84.85772705078125,59.75609588623047
2014-07-27 06,32.18349838256836,1.7376195192337036,68.08943176269531,0.0
2014-07-27 07,31.11664390563965,0.0,69.1056900024414,0.0
2014-07-27 08,32.894737243652344,1.7376195192337036,85.36585235595703,42.682926177978516
2014-07-27 09,0.0,1.7376195192337036,89.93902587890625,44.20731735229492
2014-07-27 10,36.80654525756836,1.7376195192337036,0.0,0.0
2014-07-27 11,37.69559097290039,1.7376195192337036,0.0,44.20731735229492
2014-07-27 12,0.0,1.7376195192337036,0.0,36.280487060546875
2014-07-27 13,0.0,1.7376195192337036,0.0,0.0
2014-07-27 14,34.139404296875,0.0,0.0,39.024391174316406
2014-07-27 15,0.0,0.0,0.0,33.53658676147461
2014-07-27 16,33.60597610473633,1.7376195192337036,0.0,33.23170852661133
2014-07-27 17,0.0,0.0,80.28455352783203,0.0
2014-07-27 18,0.0,1.7376195192337036,83.33333587646484,0.0
2014-07-27 19,41.25177764892578,1.9548219442367554,115.34552764892578,0.0
2014-07-27 20,0.0,1.7376195192337036,117.3780517578125,53.35365676879883
2014-07-27 21,37.33997344970703,0.0,0.0,63.10975646972656
2014-07-27 22,33.428165435791016,1.7376195192337036,150.9146270751953,82.01219177246094
2014-07-27 23,35.02845001220703,0.0,144.30894470214844,0.0
2014-07-28 00,32.36130905151367,1.7376195192337036,137.7032470703125,74.69512176513672
2014-07-28 01,0.0,0.0,103.15040588378906,0.0
2014-07-28 02,0.0,0.0,0.0,0.0
2014-07-28 03,24.715505599975586,0.0,91.97154235839844,45.121952056884766
2014-07-28 04,25.071123123168945,0.0,98.57723236083984,0.0
2014-07-28 05,27.738264083862305,1.7376195192337036,89.43089294433594,42.9878044128418
2014-07-28 06,33.072547912597656,0.0,0.0,35.975608825683594
2014-07-28 07,35.739688873291016,1.7376195192337036,0.0,35.67073059082031
2014-07-28 08,40.18492126464844,1.7376195192337036,0.0,39.024391174316406
2014-07-28 09,0.0,0.0,80.79268646240234,43.90243911743164
2014-07-28 10,36.27311706542969,0.0,117.88617706298828,0.0
2014-07-28 11,0.0,0.0,0.0,57.317073822021484
2014-07-28 12,0.0,0.0,0.0,56.40243911743164
2014-07-28 13,35.38406753540039,0.0,113.3130111694336,44.20731735229492
2014-07-28 14,0.0,0.0,102.13414764404297,51.82926940917969
2014-07-28 15,33.2503547668457,1.5204169750213623,102.13414764404297,60.06097412109375
2014-07-28 16,0.0,1.7376195192337036,92.47967529296875,68.29268646240234
2014-07-28 17,0.0,0.0,0.0,0.0
2014-07-28 18,35.38406753540039,2.1720242500305176,112.80487823486328,0.0
2014-07-28 19,40.71834945678711,0.0,151.42276000976562,0.0
2014-07-28 20,41.429588317871094,1.7376195192337036,145.32521057128906,0.0
2014-07-28 21,36.62873458862305,0.0,0.0,0.0
2014-07-28 22,0.0,1.7376195192337036,154.97967529296875,0.0
2014-07-28 23,0.0,1.7376195192337036,131.60569763183594,88.71951293945312
2014-07-29 00,32.36130905151367,0.0,0.0,80.79268646240234
2014-07-29 01,0.0,1.7376195192337036,0.0,66.76829528808594
2014-07-29 02,0.0,0.0,96.54471588134766,0.0
2014-07-29 03,0.0,0.0,0.0,62.5
2014-07-29 04,25.604551315307617,0.0,98.57723236083984,0.0
2014-07-29 05,28.80512046813965,0.0,89.93902587890625,0.0
2014-07-29 06,33.072547912597656,0.0,60.975608825683594,51.219512939453125
2014-07-29 07,36.984352111816406,0.0,0.0,51.524391174316406
2014-07-29 08,39.118064880371094,0.0,86.38211059570312,62.19512176513672
2014-07-29 09,35.38406753540039,1.7376195192337036,0.0,0.0
2014-07-29 10,0.0,1.5204169750213623,117.88617706298828,49.085365295410156
2014-07-29 11,34.139404296875,0.0,111.28048706054688,46.03658676147461
2014-07-29 12,0.0,0.0,87.39837646484375,48.475608825683594
2014-07-29 13,33.2503547668457,1.7376195192337036,0.0,33.84146499633789
2014-07-29 14,32.539119720458984,0.0,87.39837646484375,33.53658676147461
2014-07-29 15,33.072547912597656,1.7376195192337036,91.46341705322266,37.5
2014-07-29 16,0.0,1.7376195192337036,99.08536529541016,0.0
2014-07-29 17,34.85063934326172,1.7376195192337036,94.00406646728516,54.57316970825195
2014-07-29 18,36.62873458862305,2.1720242500305176,97.05284881591797,0.0
2014-07-29 19,43.91891860961914,1.7376195192337036,144.81707763671875,61.585365295410156
2014-07-29 20,0.0,1.7376195192337036,0.0,76.21951293945312
2014-07-29 21,39.118064880371094,0.0,0.0,0.0
2014-07-29 22,0.0,1.7376195192337036,166.6666717529297,0.0
2014-07-29 23,0.0,1.7376195192337036,137.19512939453125,0.0
2014-07-30 00,32.539119720458984,0.0,0.0,0.0
2014-07-30 01,27.560455322265625,0.0,117.88617706298828,51.219512939453125
2014-07-30 02,26.13797950744629,0.0,0.0,48.780487060546875
2014-07-30 03,26.13797950744629,1.7376195192337036,0.0,45.42683029174805
2014-07-30 04,0.0,1.7376195192337036,99.08536529541016,49.39024353027344
2014-07-30 05,28.44950294494629,0.0,0.0,48.780487060546875
2014-07-30 06,0.0,0.0,72.66260528564453,37.80487823486328
2014-07-30 07,38.40682601928711,1.7376195192337036,82.31707000732422,0.0
2014-07-30 08,0.0,0.0,100.10162353515625,0.0
2014-07-30 09,0.0,0.0,93.49593353271484,45.73170852661133
2014-07-30 10,35.02845001220703,0.0,113.82113647460938,0.0
2014-07-30 11,34.139404296875,1.5204169750213623,106.19918823242188,59.75609588623047
2014-07-30 12,0.0,1.5204169750213623,108.73983764648438,0.0
2014-07-30 13,0.0,1.7376195192337036,90.44715118408203,50.914634704589844
2014-07-30 14,32.36130905151367,0.0,0.0,62.80487823486328
2014-07-30 15,31.472261428833008,1.5204169750213623,108.23170471191406,56.70731735229492
2014-07-30 16,32.894737243652344,1.7376195192337036,105.69105529785156,56.40243911743164
2014-07-30 17,36.095306396484375,2.1720242500305176,107.72357940673828,57.0121955871582
2014-07-30 18,35.206260681152344,2.606429100036621,131.09756469726562,72.25609588623047
2014-07-30 19,0.0,1.7376195192337036,158.53659057617188,74.08536529541016
2014-07-30 20,0.0,1.7376195192337036,160.56910705566406,0.0
2014-07-30 21,0.0,1.7376195192337036,0.0,78.96341705322266
2014-07-30 22,33.783782958984375,0.0,155.48780822753906,0.0
2014-07-30 23,0.0,1.7376195192337036,142.7845458984375,94.81707000732422
2014-07-31 00,32.18349838256836,0.0,137.19512939453125,92.98780822753906
2014-07-31 01,27.738264083862305,0.0,112.80487823486328,73.17073059082031
2014-07-31 02,25.248933792114258,1.7376195192337036,102.64227294921875,0.0
2014-07-31 03,25.071123123168945,0.0,96.03658294677734,0.0
2014-07-31 04,25.426742553710938,0.0,100.10162353515625,0.0
2014-07-31 05,28.271692276000977,1.7376195192337036,91.97154235839844,65.24390411376953
2014-07-31 06,33.428165435791016,0.0,64.53252410888672,0.0
2014-07-31 07,0.0,0.0,82.82520294189453,65.54878234863281
2014-07-31 08,0.0,1.7376195192337036,0.0,67.68292999267578
2014-07-31 09,33.96159362792969,1.9548219442367554,0.0,0.0
2014-07-31 10,33.2503547668457,0.0,0.0,51.524391174316406
2014-07-31 11,32.71692657470703,1.7376195192337036,109.24797058105469,0.0
2014-07-31 12,34.67283248901367,0.0,0.0,47.86585235595703
2014-07-31 13,0.0,0.0,96.54471588134766,37.80487823486328
2014-07-31 14,33.2503547668457,1.5204169750213623,0.0,0.0
2014-07-31 15,31.11664390563965,1.5204169750213623,106.19918823242188,0.0
2014-07-31 16,0.0,1.7376195192337036,0.0,0.0
2014-07-31 17,0.0,1.7376195192337036,106.19918823242188,67.68292999267578
2014-07-31 18,34.67283248901367,1.5204169750213623,124.49186706542969,75.91463470458984
2014-07-31 19,0.0,1.7376195192337036,155.99594116210938,82.01219177246094
2014-07-31 20,38.58463668823242,1.9548219442367554,0.0,86.89024353027344
2014-07-31 21,0.0,1.7376195192337036,139.73577880859375,0.0
2014-07-31 22,0.0,1.7376195192337036,0.0,76.82926940917969
2014-07-31 23,15.647226333618164,1.7376195192337036,0.0,0.0
2014-08-01 00,0.0,0.0,141.76829528808594,82.6219482421875
2014-08-01 01,27.382646560668945,0.0,109.75609588623047,0.0
2014-08-01 02,25.426742553710938,0.0,102.13414764404297,67.68292999267578
2014-08-01 03,0.0,1.7376195192337036,98.06910705566406,67.98780822753906
2014-08-01 04,25.426742553710938,1.7376195192337036,0.0,67.3780517578125
2014-08-01 05,0.0,1.7376195192337036,87.90650177001953,65.8536605834961
2014-08-01 06,32.894737243652344,1.7376195192337036,65.54878234863281,53.35365676879883
2014-08-01 07,0.0,1.7376195192337036,79.26829528808594,0.0
2014-08-01 08,37.87339782714844,1.7376195192337036,83.84146118164062,46.95121765136719
2014-08-01 09,0.0,0.0,0.0,50.914634704589844
2014-08-01 10,0.0,1.3032145500183105,0.0,0.0
2014-08-01 11,35.206260681152344,1.3032145500183105,113.3130111694336,42.682926177978516
2014-08-01 12,33.2503547668457,1.3032145500183105,98.57723236083984,46.34146499633789
2014-08-01 13,34.31721115112305,1.7376195192337036,97.05284881591797,0.0
2014-08-01 14,34.139404296875,0.0,0.0,0.0
2014-08-01 15,0.0,1.7376195192337036,0.0,47.25609588623047
2014-08-01 16,33.072547912597656,1.7376195192337036,95.52845764160156,38.10975646972656
2014-08-01 17,34.139404296875,1.5204169750213623,106.70731353759766,38.414634704589844
2014-08-01 18,34.49502182006836,2.1720242500305176,0.0,36.89024353027344
2014-08-01 19,35.206260681152344,1.7376195192337036,144.81707763671875,0.0
2014-08-01 20,37.69559097290039,2.823631525039673,0.0,0.0
2014-08-01 21,0.0,0.0,0.0,51.524391174316406
2014-08-01 22,0.0,0.0,0.0,62.5
2014-08-01 23,33.072547912597656,0.0,120.9349594116211,0.0
2014-08-02 00,0.0,0.0,0.0,58.23170852661133
2014-08-02 01,28.271692276000977,1.7376195192337036,0.0,47.25609588623047
2014-08-02 02,25.071123123168945,1.7376195192337036,0.0,44.5121955871582
2014-08-02 03,0.0,0.0,90.95528411865234,42.378047943115234
2014-08-02 04,25.248933792114258,1.7376195192337036,95.02032470703125,0.0
2014-08-02 05,0.0,2.1720242500305176,0.0,42.07316970825195
2014-08-02 06,32.00569152832031,0.0,0.0,34.14634323120117
2014-08-02 07,32.71692657470703,0.0,0.0,0.0
2014-08-02 08,33.2503547668457,0.0,85.87398529052734,0.0
2014-08-02 09,35.02845001220703,3.0408339500427246,0.0,30.182926177978516
2014-08-02 10,0.0,1.9548219442367554,129.5731658935547,32.92683029174805
2014-08-02 11,0.0,1.7376195192337036,129.5731658935547,38.414634704589844
2014-08-02 12,36.095306396484375,1.7376195192337036,124.49186706542969,37.80487823486328
2014-08-02 13,34.85063934326172,1.7376195192337036,115.34552764892578,0.0
2014-08-02 14,33.2503547668457,1.7376195192337036,120.42682647705078,34.45121765136719
2014-08-02 15,0.0,1.7376195192337036,108.23170471191406,0.0
2014-08-02 16,32.71692657470703,0.0,112.29674530029297,29.878047943115234
2014-08-02 17,0.0,1.9548219442367554,0.0,35.67073059082031
2014-08-02 18,33.428165435791016,1.7376195192337036,0.0,31.09756088256836
2014-08-02 19,35.206260681152344,0.0,134.6544647216797,31.40243911743164
2014-08-02 20,0.0,0.0,0.0,0.0
2014-08-02 21,31.827880859375,0.0,0.0,42.682926177978516
2014-08-02 22,0.0,1.7376195192337036,144.81707763671875,52.43902587890625
2014-08-02 23,32.539119720458984,1.7376195192337036,0.0,55.4878044128418
2014-08-03 00,0.0,1.7376195192337036,0.0,0.0
2014-08-03 01,0.0,0.0,0.0,45.42683029174805
2014-08-03 02,25.426742553710938,0.0,0.0,0.0
2014-08-03 03,0.0,1.5204169750213623,99.08536529541016,0.0
2014-08-03 04,25.426742553710938,0.0,0.0,0.0
2014-08-03 05,0.0,1.7376195192337036,0.0,37.5
2014-08-03 06,31.11664390563965,1.7376195192337036,67.581298828125,29.573171615600586
2014-08-03 07,30.227596282958984,0.0,0.0,25.914634704589844
2014-08-03 08,31.650070190429688,0.0,85.87398529052734,29.268293380737305
2014-08-03 09,34.67283248901367,0.0,0.0,26.829267501831055
2014-08-03 10,0.0,1.7376195192337036,0.0,0.0
2014-08-03 11,35.739688873291016,1.7376195192337036,0.0,38.719512939453125
2014-08-03 12,36.450923919677734,1.7376195192337036,138.2113800048828,0.0
2014-08-03 13,34.49502182006836,0.0,104.16666412353516,0.0
2014-08-03 14,32.894737243652344,1.7376195192337036,96.03658294677734,0.0
2014-08-03 15,0.0,0.0,0.0,22.865854263305664
2014-08-03 16,0.0,1.7376195192337036,84.34959411621094,26.524391174316406
2014-08-03 17,0.0,0.0,83.33333587646484,27.7439022064209
2014-08-03 18,35.02845001220703,1.7376195192337036,87.39837646484375,28.04878044128418
2014-08-03 19,0.0,1.9548219442367554,98.57723236083984,33.53658676147461
2014-08-03 20,41.60739517211914,1.7376195192337036,111.78861999511719,0.0
2014-08-03 21,34.85063934326172,1.7376195192337036,0.0,41.46341323852539
2014-08-03 22,0.0,1.7376195192337036,147.35772705078125,56.40243911743164
2014-08-03 23,33.072547912597656,0.0,0.0,0.0
2014-08-04 00,0.0,0.0,124.49186706542969,0.0
2014-08-04 01,0.0,0.0,106.70731353759766,37.5
2014-08-04 02,25.071123123168945,1.7376195192337036,0.0,37.19512176513672
2014-08-04 03,0.0,0.0,95.52845764160156,0.0
2014-08-04 04,25.426742553710938,0.0,0.0,0.0
2014-08-04 05,0.0,1.7376195192337036,88.41463470458984,34.45121765136719
2014-08-04 06,0.0,0.0,0.0,30.487804412841797
2014-08-04 07,0.0,0.0,81.80894470214844,28.35365867614746
2014-08-04 08,37.87339782714844,1.7376195192337036,83.33333587646484,0.0
2014-08-04 09,35.02845001220703,0.0,0.0,23.475608825683594
2014-08-04 10,35.5618782043457,1.7376195192337036,0.0,0.0
2014-08-04 11,32.71692657470703,0.0,105.69105529785156,0.0
2014-08-04 12,0.0,0.0,109.24797058105469,34.14634323120117
2014-08-04 13,35.02845001220703,1.5204169750213623,109.24797058105469,0.0
2014-08-04 14,0.0,0.0,0.0,0.0
2014-08-04 15,32.36130905151367,1.5204169750213623,96.54471588134766,0.0
2014-08-04 16,32.894737243652344,0.0,0.0,0.0
2014-08-04 17,32.71692657470703,1.7376195192337036,94.51219177246094,0.0
2014-08-04 18,0.0,2.1720242500305176,0.0,53.04878234863281
2014-08-04 19,40.71834945678711,0.0,0.0,49.085365295410156
2014-08-04 20,0.0,0.0,0.0,47.86585235595703
2014-08-04 21,34.139404296875,1.7376195192337036,145.32521057128906,45.121952056884766
2014-08-04 22,32.71692657470703,1.7376195192337036,0.0,59.45121765136719
2014-08-04 23,0.0,0.0,0.0,58.53658676147461
2014-08-05 00,0.0,0.0,117.88617706298828,51.82926940917969
2014-08-05 01,27.382646560668945,1.7376195192337036,103.15040588378906,45.121952056884766
2014-08-05 02,0.0,1.7376195192337036,94.00406646728516,41.76829147338867
2014-08-05 03,0.0,1.7376195192337036,91.97154235839844,0.0
2014-08-05 04,25.248933792114258,1.7376195192337036,92.47967529296875,38.414634704589844
2014-08-05 05,0.0,0.0,0.0,0.0
2014-08-05 06,0.0,0.0,59.9593505859375,0.0
2014-08-05 07,0.0,0.0,80.79268646240234,0.0
2014-08-05 08,0.0,1.7376195192337036,97.05284881591797,0.0
2014-08-05 09,34.67283248901367,1.7376195192337036,98.06910705566406,0.0
2014-08-05 10,0.0,0.0,121.4430923461914,31.09756088256836
2014-08-05 11,34.31721115112305,1.5204169750213623,0.0,31.40243911743164
2014-08-05 12,32.894737243652344,1.3032145500183105,107.72357940673828,33.53658676147461
2014-08-05 13,32.894737243652344,1.7376195192337036,0.0,30.182926177978516
2014-08-05 14,32.71692657470703,0.0,0.0,33.23170852661133
2014-08-05 15,30.405405044555664,0.0,87.90650177001953,0.0
2014-08-05 16,0.0,1.7376195192337036,0.0,37.5
2014-08-05 17,0.0,1.7376195192337036,90.44715118408203,0.0
2014-08-05 18,34.67283248901367,0.0,108.23170471191406,0.0
2014-08-05 19,38.05120849609375,0.0,125.0,0.0
2014-08-05 20,40.007110595703125,0.0,135.16259765625,0.0
2014-08-05 21,34.49502182006836,1.7376195192337036,0.0,57.92683029174805
2014-08-05 22,33.60597610473633,0.0,153.45529174804688,67.3780517578125
2014-08-05 23,33.428165435791016,1.7376195192337036,133.63821411132812,60.36585235595703
2014-08-06 00,33.428165435791016,0.0,122.4593505859375,54.57316970825195
2014-08-06 01,27.382646560668945,0.0,96.54471588134766,48.475608825683594
2014-08-06 02,20.2702693939209,1.5204169750213623,92.98780822753906,0.0
2014-08-06 03,0.0,0.0,0.0,0.0
2014-08-06 04,27.738264083862305,0.0,0.0,40.85365676879883
2014-08-06 05,29.16073989868164,1.7376195192337036,0.0,0.0
2014-08-06 06,32.894737243652344,0.0,74.1869888305664,34.45121765136719
2014-08-06 07,36.80654525756836,1.7376195192337036,85.87398529052734,32.621952056884766
2014-08-06 08,40.5405387878418,1.7376195192337036,97.05284881591797,33.84146499633789
2014-08-06 09,0.0,1.7376195192337036,0.0,35.36585235595703
2014-08-06 10,0.0,1.5204169750213623,0.0,40.54878234863281
2014-08-06 11,0.0,1.5204169750213623,0.0,40.85365676879883
2014-08-06 12,0.0,0.0,107.72357940673828,45.73170852661133
2014-08-06 13,32.894737243652344,1.7376195192337036,96.03658294677734,35.975608825683594
2014-08-06 14,0.0,0.0,100.10162353515625,0.0
2014-08-06 15,0.0,0.0,88.92276763916016,41.15853500366211
2014-08-06 16,0.0,0.0,0.0,0.0
2014-08-06 17,33.2503547668457,2.1720242500305176,0.0,0.0
2014-08-06 18,35.91749572753906,2.606429100036621,0.0,0.0
2014-08-06 19,41.60739517211914,1.7376195192337036,146.84959411621094,44.20731735229492
2014-08-06 20,0.0,1.7376195192337036,0.0,53.04878234863281
2014-08-06 21,0.0,1.7376195192337036,163.61788940429688,59.14634323120117
2014-08-06 22,0.0,1.7376195192337036,0.0,0.0
2014-08-06 23,0.0,0.0,130.081298828125,0.0
2014-08-07 00,0.0,0.0,128.0487823486328,50.60975646972656
2014-08-07 01,28.80512046813965,1.7376195192337036,0.0,43.90243911743164
2014-08-07 02,26.849218368530273,1.7376195192337036,102.13414764404297,40.85365676879883
2014-08-07 03,27.560455322265625,0.0,0.0,38.10975646972656
2014-08-07 04,0.0,1.7376195192337036,97.56097412109375,38.719512939453125
2014-08-07 05,28.44950294494629,1.7376195192337036,100.10162353515625,38.719512939453125
2014-08-07 06,0.0,1.7376195192337036,73.67886352539062,31.40243911743164
2014-08-07 07,35.02845001220703,1.7376195192337036,97.05284881591797,34.75609588623047
2014-08-07 08,37.33997344970703,1.7376195192337036,95.02032470703125,0.0
2014-08-07 09,34.31721115112305,0.0,97.56097412109375,34.45121765136719
2014-08-07 10,0.0,1.7376195192337036,109.75609588623047,0.0
2014-08-07 11,33.428165435791016,1.7376195192337036,0.0,35.975608825683594
2014-08-07 12,33.072547912597656,1.7376195192337036,0.0,0.0
2014-08-07 13,0.0,0.0,91.97154235839844,32.317073822021484
2014-08-07 14,0.0,1.5204169750213623,98.57723236083984,35.06097412109375
2014-08-07 15,32.00569152832031,1.5204169750213623,0.0,30.182926177978516
2014-08-07 16,0.0,1.7376195192337036,0.0,35.06097412109375
2014-08-07 17,0.0,0.0,110.26422882080078,45.121952056884766
2014-08-07 18,35.91749572753906,1.5204169750213623,113.3130111694336,50.0
2014-08-07 19,40.89616012573242,1.7376195192337036,129.5731658935547,53.35365676879883
2014-08-07 20,41.07396697998047,0.0,133.1300811767578,53.04878234863281
2014-08-07 21,37.87339782714844,0.0,0.0,0.0
2014-08-07 22,33.2503547668457,0.0,141.76829528808594,61.280487060546875
2014-08-07 23,33.2503547668457,1.7376195192337036,125.50813293457031,0.0
2014-08-08 00,0.0,1.7376195192337036,127.03252410888672,67.07317352294922
2014-08-08 01,28.44950294494629,0.0,103.65853881835938,46.34146499633789
2014-08-08 02,0.0,1.7376195192337036,0.0,41.76829147338867
2014-08-08 03,27.027027130126953,1.7376195192337036,0.0,0.0
2014-08-08 04,26.849218368530273,1.7376195192337036,95.02032470703125,40.54878234863281
2014-08-08 05,0.0,1.7376195192337036,89.43089294433594,0.0
2014-08-08 06,0.0,0.0,74.1869888305664,32.317073822021484
2014-08-08 07,0.0,1.7376195192337036,88.41463470458984,31.707317352294922
2014-08-08 08,41.429588317871094,1.7376195192337036,89.93902587890625,35.975608825683594
2014-08-08 09,36.095306396484375,0.8688097596168518,0.0,37.19512176513672
2014-08-08 10,0.0,1.3032145500183105,105.69105529785156,0.0
2014-08-08 11,0.0,1.3032145500183105,88.92276763916016,0.0
2014-08-08 12,0.0,0.0,97.05284881591797,43.59756088256836
2014-08-08 13,35.38406753540039,1.7376195192337036,94.51219177246094,42.682926177978516
2014-08-08 14,0.0,0.0,102.13414764404297,41.46341323852539
2014-08-08 15,32.539119720458984,1.7376195192337036,106.70731353759766,41.76829147338867
2014-08-08 16,0.0,0.0,99.08536529541016,43.90243911743164
2014-08-08 17,32.894737243652344,0.0,101.11788940429688,47.25609588623047
2014-08-08 18,35.02845001220703,2.1720242500305176,120.9349594116211,48.17073059082031
2014-08-08 19,38.94025421142578,0.0,0.0,46.64634323120117
2014-08-08 20,0.0,2.823631525039673,0.0,50.0
2014-08-08 21,35.02845001220703,1.7376195192337036,157.01219177246094,0.0
2014-08-08 22,33.2503547668457,1.7376195192337036,0.0,0.0
2014-08-08 23,0.0,0.0,129.06504821777344,54.878047943115234
2014-08-09 00,0.0,1.7376195192337036,0.0,0.0
2014-08-09 01,26.49359893798828,1.7376195192337036,102.64227294921875,0.0
2014-08-09 02,26.849218368530273,1.7376195192337036,89.93902587890625,48.475608825683594
2014-08-09 03,25.426742553710938,1.7376195192337036,95.52845764160156,42.682926177978516
2014-08-09 04,0.0,1.7376195192337036,0.0,40.85365676879883
2014-08-09 05,27.916074752807617,2.1720242500305176,0.0,39.32926940917969
2014-08-09 06,0.0,1.7376195192337036,61.99187088012695,32.621952056884766
2014-08-09 07,33.072547912597656,1.7376195192337036,77.74390411376953,27.7439022064209
2014-08-09 08,34.67283248901367,0.0,95.02032470703125,29.268293380737305
2014-08-09 09,34.31721115112305,0.0,0.0,0.0
2014-08-09 10,37.16216278076172,1.9548219442367554,0.0,36.89024353027344
2014-08-09 11,36.984352111816406,0.0,0.0,0.0
2014-08-09 12,0.0,0.0,127.5406494140625,0.0
2014-08-09 13,0.0,1.7376195192337036,0.0,0.0
2014-08-09 14,33.96159362792969,1.7376195192337036,101.62601470947266,0.0
2014-08-09 15,0.0,1.7376195192337036,125.0,37.19512176513672
2014-08-09 16,32.539119720458984,1.7376195192337036,125.0,39.024391174316406
2014-08-09 17,0.0,1.9548219442367554,0.0,39.93902587890625
2014-08-09 18,37.51778030395508,1.7376195192337036,133.63821411132812,0.0
2014-08-09 19,0.0,1.7376195192337036,132.6219482421875,40.24390411376953
2014-08-09 20,40.89616012573242,0.0,130.081298828125,0.0
2014-08-09 21,0.0,1.7376195192337036,0.0,58.53658676147461
2014-08-09 22,0.0,0.0,145.8333282470703,0.0
2014-08-09 23,33.60597610473633,0.0,130.5894317626953,51.82926940917969
2014-08-10 00,0.0,1.7376195192337036,0.0,51.82926940917969
2014-08-10 01,28.093883514404297,0.0,0.0,43.90243911743164
2014-08-10 02,0.0,0.0,0.0,42.378047943115234
2014-08-10 03,0.0,1.5204169750213623,0.0,39.93902587890625
2014-08-10 04,25.426742553710938,1.5204169750213623,0.0,35.36585235595703
2014-08-10 05,28.80512046813965,1.7376195192337036,0.0,0.0
2014-08-10 06,31.650070190429688,1.7376195192337036,0.0,30.182926177978516
2014-08-10 07,33.2503547668457,1.7376195192337036,0.0,23.780487060546875
2014-08-10 08,32.894737243652344,1.7376195192337036,97.56097412109375,0.0
2014-08-10 09,0.0,0.0,0.0,25.30487823486328
2014-08-10 10,0.0,1.7376195192337036,0.0,32.92683029174805
2014-08-10 11,37.16216278076172,1.7376195192337036,138.71951293945312,38.10975646972656
2014-08-10 12,37.87339782714844,1.7376195192337036,0.0,45.42683029174805
2014-08-10 13,35.206260681152344,0.0,104.16666412353516,43.90243911743164
2014-08-10 14,33.2503547668457,0.0,96.54471588134766,0.0
2014-08-10 15,0.0,1.5204169750213623,87.39837646484375,0.0
2014-08-10 16,32.539119720458984,0.0,92.47967529296875,35.975608825683594
2014-08-10 17,34.67283248901367,1.7376195192337036,89.93902587890625,35.67073059082031
2014-08-10 18,36.62873458862305,1.7376195192337036,0.0,37.80487823486328
2014-08-10 19,40.007110595703125,1.9548219442367554,115.34552764892578,37.80487823486328
2014-08-10 20,0.0,0.0,121.4430923461914,0.0
2014-08-10 21,0.0,0.0,135.16259765625,53.96341323852539
2014-08-10 22,0.0,0.0,136.17886352539062,0.0
2014-08-10 23,32.894737243652344,1.7376195192337036,123.4756088256836,51.82926940917969
2014-08-11 00,32.894737243652344,1.7376195192337036,0.0,48.780487060546875
2014-08-11 01,0.0,1.7376195192337036,99.08536529541016,38.10975646972656
2014-08-11 02,25.604551315307617,1.7376195192337036,0.0,39.024391174316406
2014-08-11 03,25.78236198425293,1.5204169750213623,89.93902587890625,36.585365295410156
2014-08-11 04,24.715505599975586,1.7376195192337036,0.0,36.280487060546875
2014-08-11 05,0.0,0.0,90.95528411865234,34.75609588623047
2014-08-11 06,31.827880859375,0.0,67.581298828125,0.0
2014-08-11 07,34.31721115112305,1.7376195192337036,0.0,30.182926177978516
2014-08-11 08,35.206260681152344,0.0,0.0,25.914634704589844
2014-08-11 09,33.783782958984375,0.0,92.47967529296875,0.0
2014-08-11 10,0.0,0.0,104.67479705810547,35.36585235595703
2014-08-11 11,32.71692657470703,1.3032145500183105,0.0,34.45121765136719
2014-08-11 12,33.96159362792969,0.0,0.0,34.45121765136719
2014-08-11 13,0.0,0.0,100.10162353515625,29.268293380737305
2014-08-11 14,32.18349838256836,1.3032145500183105,88.92276763916016,0.0
2014-08-11 15,30.761024475097656,1.5204169750213623,78.76016235351562,0.0
2014-08-11 16,30.227596282958984,0.0,95.02032470703125,0.0
2014-08-11 17,35.206260681152344,0.0,101.11788940429688,42.378047943115234
2014-08-11 18,34.67283248901367,2.1720242500305176,0.0,0.0
2014-08-11 19,0.0,1.7376195192337036,129.06504821777344,0.0
2014-08-11 20,35.739688873291016,0.0,132.6219482421875,44.817073822021484
2014-08-11 21,0.0,1.7376195192337036,0.0,55.4878044128418
2014-08-11 22,32.36130905151367,1.7376195192337036,0.0,59.75609588623047
2014-08-11 23,33.2503547668457,0.0,0.0,0.0
2014-08-12 00,0.0,0.0,0.0,49.085365295410156
2014-08-12 01,0.0,1.7376195192337036,100.60975646972656,0.0
2014-08-12 02,0.0,0.0,0.0,40.54878234863281
2014-08-12 03,25.426742553710938,1.7376195192337036,0.0,0.0
2014-08-12 04,25.96017074584961,0.0,85.87398529052734,0.0
2014-08-12 05,0.0,0.0,0.0,34.75609588623047
2014-08-12 06,0.0,0.0,64.0243911743164,32.0121955871582
2014-08-12 07,34.49502182006836,1.7376195192337036,78.25202941894531,30.487804412841797
2014-08-12 08,36.80654525756836,0.0,91.97154235839844,30.792682647705078
2014-08-12 09,0.0,0.0,86.89024353027344,32.0121955871582
2014-08-12 10,0.0,0.0,93.49593353271484,40.24390411376953
2014-08-12 11,0.0,1.5204169750213623,104.16666412353516,43.29268264770508
2014-08-12 12,32.36130905151367,0.0,106.19918823242188,44.817073822021484
2014-08-12 13,0.0,1.7376195192337036,105.69105529785156,0.0
2014-08-12 14,32.71692657470703,1.7376195192337036,86.38211059570312,43.29268264770508
2014-08-12 15,31.827880859375,1.7376195192337036,94.51219177246094,0.0
2014-08-12 16,31.650070190429688,1.7376195192337036,0.0,43.29268264770508
2014-08-12 17,33.96159362792969,0.0,97.56097412109375,0.0
2014-08-12 18,0.0,2.1720242500305176,0.0,0.0
2014-08-12 19,42.674251556396484,0.0,139.22764587402344,46.95121765136719
2014-08-12 20,41.60739517211914,1.7376195192337036,136.68699645996094,48.780487060546875
2014-08-12 21,0.0,0.0,152.43902587890625,53.65853500366211
2014-08-12 22,32.894737243652344,1.7376195192337036,0.0,0.0
2014-08-12 23,0.0,1.7376195192337036,119.41056823730469,0.0
2014-08-13 00,0.0,1.7376195192337036,0.0,50.0
2014-08-13 01,0.0,1.7376195192337036,97.56097412109375,39.93902587890625
2014-08-13 02,26.3157901763916,0.0,0.0,0.0
2014-08-13 03,0.0,0.0,97.56097412109375,38.414634704589844
2014-08-13 04,25.78236198425293,1.7376195192337036,89.93902587890625,39.024391174316406
2014-08-13 05,29.16073989868164,0.0,91.97154235839844,38.10975646972656
2014-08-13 06,0.0,1.7376195192337036,71.13821411132812,29.573171615600586
2014-08-13 07,33.96159362792969,1.7376195192337036,77.74390411376953,0.0
2014-08-13 08,0.0,0.0,82.82520294189453,25.914634704589844
2014-08-13 09,0.0,0.0,0.0,27.134145736694336
2014-08-13 10,0.0,1.5204169750213623,0.0,35.06097412109375
2014-08-13 11,0.0,0.0,0.0,35.975608825683594
2014-08-13 12,32.71692657470703,1.5204169750213623,104.16666412353516,38.414634704589844
2014-08-13 13,33.783782958984375,0.0,91.46341705322266,31.707317352294922
2014-08-13 14,0.0,1.5204169750213623,0.0,34.14634323120117
2014-08-13 15,31.472261428833008,1.5204169750213623,0.0,39.32926940917969
2014-08-13 16,0.0,1.7376195192337036,0.0,0.0
2014-08-13 17,0.0,2.1720242500305176,89.43089294433594,0.0
2014-08-13 18,0.0,2.606429100036621,102.13414764404297,35.975608825683594
2014-08-13 19,36.27311706542969,1.7376195192337036,0.0,40.54878234863281
2014-08-13 20,39.47368240356445,1.7376195192337036,144.81707763671875,48.780487060546875
2014-08-13 21,34.67283248901367,1.7376195192337036,152.43902587890625,47.86585235595703
2014-08-13 22,33.60597610473633,0.0,146.84959411621094,60.36585235595703
2014-08-13 23,32.71692657470703,1.7376195192337036,0.0,56.40243911743164
2014-08-14 00,0.0,1.7376195192337036,0.0,47.25609588623047
2014-08-14 01,28.62731170654297,1.7376195192337036,100.60975646972656,39.024391174316406
2014-08-14 02,26.13797950744629,1.7376195192337036,0.0,37.80487823486328
2014-08-14 03,0.0,0.0,91.97154235839844,0.0
2014-08-14 04,27.916074752807617,1.7376195192337036,0.0,0.0
2014-08-14 05,29.871976852416992,1.7376195192337036,85.87398529052734,36.585365295410156
2014-08-14 06,33.072547912597656,1.7376195192337036,67.07317352294922,31.09756088256836
2014-08-14 07,35.91749572753906,0.0,76.72764587402344,0.0
2014-08-14 08,38.94025421142578,1.7376195192337036,0.0,0.0
2014-08-14 09,0.0,0.0,0.0,29.268293380737305
2014-08-14 10,34.139404296875,1.7376195192337036,107.72357940673828,33.23170852661133
2014-08-14 11,0.0,0.0,0.0,39.024391174316406
2014-08-14 12,33.2503547668457,0.0,107.21544647216797,34.75609588623047
2014-08-14 13,0.0,0.0,109.75609588623047,32.621952056884766
2014-08-14 14,32.00569152832031,1.5204169750213623,103.65853881835938,34.45121765136719
2014-08-14 15,30.583215713500977,0.0,101.11788940429688,30.182926177978516
2014-08-14 16,0.0,0.0,101.62601470947266,0.0
2014-08-14 17,34.139404296875,1.7376195192337036,98.57723236083984,0.0
2014-08-14 18,34.139404296875,0.0,0.0,35.06097412109375
2014-08-14 19,37.51778030395508,0.0,0.0,39.93902587890625
2014-08-14 20,0.0,1.9548219442367554,0.0,49.39024353027344
2014-08-14 21,33.2503547668457,1.7376195192337036,142.7845458984375,0.0
2014-08-14 22,0.0,0.0,147.35772705078125,0.0
2014-08-14 23,0.0,0.0,0.0,0.0
2014-08-15 00,0.0,0.0,0.0,51.219512939453125
2014-08-15 01,26.3157901763916,0.0,101.62601470947266,0.0
2014-08-15 02,26.13797950744629,0.0,92.47967529296875,36.89024353027344
2014-08-15 03,25.604551315307617,1.7376195192337036,0.0,34.75609588623047
2014-08-15 04,0.0,0.0,0.0,0.0
2014-08-15 05,0.0,0.0,0.0,37.19512176513672
2014-08-15 06,0.0,1.7376195192337036,70.63008117675781,33.53658676147461
2014-08-15 07,32.36130905151367,0.0,66.5650405883789,25.609756469726562
2014-08-15 08,33.2503547668457,1.7376195192337036,0.0,0.0
2014-08-15 09,0.0,0.8688097596168518,103.65853881835938,24.085365295410156
2014-08-15 10,37.16216278076172,0.0,116.36178588867188,0.0
2014-08-15 11,37.16216278076172,1.3032145500183105,124.49186706542969,31.40243911743164
2014-08-15 12,0.0,0.0,129.06504821777344,30.487804412841797
2014-08-15 13,34.85063934326172,1.7376195192337036,90.44715118408203,0.0
2014-08-15 14,33.2503547668457,0.0,0.0,25.609756469726562
2014-08-15 15,33.2503547668457,0.0,0.0,23.475608825683594
2014-08-15 16,0.0,1.7376195192337036,80.79268646240234,23.780487060546875
2014-08-15 17,33.96159362792969,0.0,86.89024353027344,26.524391174316406
2014-08-15 18,35.02845001220703,2.1720242500305176,95.52845764160156,28.04878044128418
2014-08-15 19,38.94025421142578,1.7376195192337036,0.0,0.0
2014-08-15 20,0.0,2.823631525039673,119.41056823730469,0.0
2014-08-15 21,33.96159362792969,0.0,0.0,47.25609588623047
2014-08-15 22,0.0,0.0,144.81707763671875,56.40243911743164
2014-08-15 23,33.783782958984375,0.0,0.0,52.43902587890625
2014-08-16 00,32.71692657470703,0.0,125.50813293457031,49.69512176513672
2014-08-16 01,27.204835891723633,0.0,0.0,42.07316970825195
2014-08-16 02,0.0,0.0,0.0,37.5
2014-08-16 03,0.0,0.0,0.0,0.0
2014-08-16 04,0.0,1.7376195192337036,95.52845764160156,34.14634323120117
2014-08-16 05,0.0,0.0,90.44715118408203,0.0
2014-08-16 06,0.0,0.0,67.07317352294922,29.573171615600586
2014-08-16 07,34.139404296875,1.7376195192337036,68.59756469726562,24.085365295410156
2014-08-16 08,0.0,2.1720242500305176,0.0,0.0
2014-08-16 09,35.02845001220703,3.0408339500427246,85.87398529052734,26.829267501831055
2014-08-16 10,0.0,1.9548219442367554,0.0,0.0
2014-08-16 11,0.0,0.0,0.0,27.439023971557617
2014-08-16 12,0.0,1.7376195192337036,113.82113647460938,0.0
2014-08-16 13,33.96159362792969,1.7376195192337036,90.44715118408203,0.0
2014-08-16 14,32.71692657470703,1.7376195192337036,0.0,0.0
2014-08-16 15,0.0,1.7376195192337036,0.0,26.219512939453125
2014-08-16 16,0.0,0.0,0.0,26.219512939453125
2014-08-16 17,0.0,0.0,0.0,0.0
2014-08-16 18,0.0,1.7376195192337036,107.72357940673828,32.317073822021484
2014-08-16 19,42.49644470214844,0.0,0.0,34.45121765136719
2014-08-16 20,0.0,1.7376195192337036,143.2926788330078,0.0
2014-08-16 21,36.984352111816406,0.0,135.16259765625,47.56097412109375
2014-08-16 22,32.894737243652344,1.7376195192337036,136.68699645996094,50.0
2014-08-16 23,0.0,1.7376195192337036,0.0,47.86585235595703
2014-08-17 00,0.0,1.7376195192337036,117.88617706298828,50.30487823486328
2014-08-17 01,0.0,0.0,0.0,45.42683029174805
2014-08-17 02,27.738264083862305,0.0,103.15040588378906,42.682926177978516
2014-08-17 03,0.0,0.0,101.11788940429688,39.63414764404297
2014-08-17 04,25.96017074584961,0.0,94.51219177246094,0.0
2014-08-17 05,28.98293113708496,0.0,91.46341705322266,37.19512176513672
2014-08-17 06,32.36130905151367,1.7376195192337036,65.0406494140625,31.40243911743164
2014-08-17 07,32.894737243652344,0.0,74.1869888305664,26.829267501831055
2014-08-17 08,34.139404296875,1.7376195192337036,0.0,31.40243911743164
2014-08-17 09,34.85063934326172,1.7376195192337036,93.49593353271484,25.914634704589844
2014-08-17 10,36.27311706542969,1.7376195192337036,122.96747589111328,29.878047943115234
2014-08-17 11,0.0,1.7376195192337036,134.14634704589844,25.914634704589844
2014-08-17 12,0.0,0.0,120.42682647705078,24.085365295410156
2014-08-17 13,35.5618782043457,0.0,96.03658294677734,25.914634704589844
2014-08-17 14,32.71692657470703,0.0,0.0,29.573171615600586
2014-08-17 15,0.0,1.5204169750213623,0.0,23.170732498168945
2014-08-17 16,0.0,1.7376195192337036,0.0,0.0
2014-08-17 17,33.96159362792969,1.7376195192337036,79.77642059326172,0.0
2014-08-17 18,37.87339782714844,1.7376195192337036,78.25202941894531,0.0
2014-08-17 19,43.74110794067383,1.9548219442367554,101.62601470947266,33.84146499633789
2014-08-17 20,0.0,1.7376195192337036,115.34552764892578,0.0
2014-08-17 21,37.69559097290039,1.7376195192337036,141.76829528808594,0.0
2014-08-17 22,34.85063934326172,0.0,0.0,56.70731735229492
2014-08-17 23,34.49502182006836,1.7376195192337036,0.0,0.0
2014-08-18 00,33.072547912597656,0.0,124.49186706542969,0.0
2014-08-18 01,27.560455322265625,1.7376195192337036,0.0,38.719512939453125
2014-08-18 02,25.071123123168945,1.7376195192337036,93.49593353271484,35.06097412109375
2014-08-18 03,25.604551315307617,1.5204169750213623,93.49593353271484,35.975608825683594
2014-08-18 04,25.248933792114258,0.0,87.90650177001953,0.0
2014-08-18 05,0.0,0.0,87.90650177001953,0.0
2014-08-18 06,32.18349838256836,0.0,79.26829528808594,30.792682647705078
2014-08-18 07,33.96159362792969,1.7376195192337036,0.0,28.963415145874023
2014-08-18 08,37.33997344970703,0.0,101.11788940429688,0.0
2014-08-18 09,0.0,1.7376195192337036,102.13414764404297,27.439023971557617
2014-08-18 10,35.38406753540039,1.7376195192337036,118.90243530273438,36.89024353027344
2014-08-18 11,0.0,1.3032145500183105,113.82113647460938,0.0
2014-08-18 12,0.0,1.3032145500183105,109.75609588623047,0.0
2014-08-18 13,34.49502182006836,1.5204169750213623,110.26422882080078,30.792682647705078
2014-08-18 14,32.71692657470703,1.3032145500183105,89.93902587890625,0.0
2014-08-18 15,0.0,1.5204169750213623,0.0,37.80487823486328
2014-08-18 16,33.428165435791016,1.7376195192337036,105.18292999267578,0.0
2014-08-18 17,0.0,1.7376195192337036,98.06910705566406,49.69512176513672
2014-08-18 18,0.0,2.1720242500305176,103.15040588378906,0.0
2014-08-18 19,41.78520584106445,1.7376195192337036,0.0,0.0
2014-08-18 20,0.0,1.7376195192337036,137.7032470703125,0.0
2014-08-18 21,35.5618782043457,1.7376195192337036,0.0,55.182926177978516
2014-08-18 22,0.0,1.7376195192337036,0.0,0.0
2014-08-18 23,33.428165435791016,1.7376195192337036,133.63821411132812,54.26829147338867
2014-08-19 00,33.428165435791016,0.0,0.0,48.780487060546875
2014-08-19 01,27.560455322265625,1.7376195192337036,102.64227294921875,0.0
2014-08-19 02,26.49359893798828,0.0,0.0,0.0
2014-08-19 03,27.204835891723633,1.7376195192337036,101.62601470947266,35.36585235595703
2014-08-19 04,26.49359893798828,1.7376195192337036,95.02032470703125,35.67073059082031
2014-08-19 05,29.516359329223633,1.7376195192337036,89.43089294433594,36.280487060546875
2014-08-19 06,32.894737243652344,1.7376195192337036,76.21951293945312,32.317073822021484
2014-08-19 07,0.0,1.7376195192337036,0.0,31.40243911743164
2014-08-19 08,0.0,0.0,81.30081176757812,28.35365867614746
2014-08-19 09,0.0,1.7376195192337036,0.0,0.0
2014-08-19 10,34.31721115112305,1.5204169750213623,109.24797058105469,0.0
2014-08-19 11,32.71692657470703,1.5204169750213623,104.16666412353516,42.07316970825195
2014-08-19 12,32.36130905151367,1.3032145500183105,101.62601470947266,35.36585235595703
2014-08-19 13,0.0,0.0,0.0,0.0
2014-08-19 14,0.0,0.0,106.70731353759766,40.85365676879883
2014-08-19 15,0.0,1.7376195192337036,0.0,0.0
2014-08-19 16,35.206260681152344,0.0,95.02032470703125,50.914634704589844
2014-08-19 17,34.139404296875,0.0,0.0,0.0
2014-08-19 18,33.428165435791016,2.1720242500305176,105.18292999267578,56.40243911743164
2014-08-19 19,39.82930374145508,1.7376195192337036,120.42682647705078,0.0
2014-08-19 20,0.0,0.0,118.90243530273438,0.0
2014-08-19 21,34.31721115112305,0.0,0.0,70.73170471191406
2014-08-19 22,0.0,1.7376195192337036,0.0,71.95121765136719
2014-08-19 23,33.428165435791016,1.7376195192337036,143.2926788330078,66.76829528808594
2014-08-20 00,33.072547912597656,1.7376195192337036,0.0,63.719512939453125
2014-08-20 01,26.3157901763916,1.7376195192337036,0.0,43.29268264770508
2014-08-20 02,25.071123123168945,0.0,97.05284881591797,0.0
2014-08-20 03,25.604551315307617,0.0,100.60975646972656,35.975608825683594
2014-08-20 04,25.071123123168945,1.7376195192337036,94.00406646728516,36.89024353027344
2014-08-20 05,29.516359329223633,1.7376195192337036,0.0,38.719512939453125
2014-08-20 06,32.894737243652344,1.7376195192337036,76.21951293945312,32.92683029174805
2014-08-20 07,35.02845001220703,1.7376195192337036,0.0,26.829267501831055
2014-08-20 08,0.0,1.7376195192337036,0.0,0.0
2014-08-20 09,35.91749572753906,1.7376195192337036,0.0,38.414634704589844
2014-08-20 10,0.0,0.0,112.29674530029297,0.0
2014-08-20 11,0.0,1.5204169750213623,105.69105529785156,48.475608825683594
2014-08-20 12,32.894737243652344,0.0,90.95528411865234,0.0
2014-08-20 13,0.0,1.7376195192337036,92.98780822753906,0.0
2014-08-20 14,33.2503547668457,1.5204169750213623,89.43089294433594,33.84146499633789
2014-08-20 15,30.761024475097656,0.0,0.0,0.0
2014-08-20 16,0.0,0.0,0.0,0.0
2014-08-20 17,33.2503547668457,2.1720242500305176,0.0,49.69512176513672
2014-08-20 18,0.0,0.0,109.24797058105469,49.085365295410156
2014-08-20 19,43.207679748535156,0.0,0.0,57.621952056884766
2014-08-20 20,40.71834945678711,0.0,0.0,51.82926940917969
2014-08-20 21,0.0,1.7376195192337036,172.76422119140625,58.84146499633789
2014-08-20 22,33.2503547668457,1.7376195192337036,0.0,0.0
2014-08-20 23,0.0,0.0,0.0,81.40243530273438
2014-08-21 00,33.60597610473633,1.7376195192337036,0.0,0.0
2014-08-21 01,25.96017074584961,0.0,108.23170471191406,0.0
2014-08-21 02,25.604551315307617,0.0,91.97154235839844,51.524391174316406
2014-08-21 03,25.604551315307617,0.0,0.0,40.24390411376953
2014-08-21 04,24.893314361572266,1.7376195192337036,96.54471588134766,0.0
2014-08-21 05,28.271692276000977,1.7376195192337036,0.0,41.15853500366211
2014-08-21 06,0.0,1.7376195192337036,74.1869888305664,36.280487060546875
2014-08-21 07,0.0,0.0,75.20325469970703,0.0
2014-08-21 08,37.16216278076172,1.7376195192337036,87.90650177001953,35.36585235595703
2014-08-21 09,0.0,1.9548219442367554,94.51219177246094,0.0
2014-08-21 10,35.38406753540039,0.0,118.3943099975586,0.0
2014-08-21 11,0.0,1.7376195192337036,123.9837417602539,40.85365676879883
2014-08-21 12,32.894737243652344,0.0,0.0,0.0
2014-08-21 13,0.0,0.0,101.11788940429688,0.0
2014-08-21 14,0.0,0.0,0.0,0.0
2014-08-21 15,31.472261428833008,1.5204169750213623,92.98780822753906,0.0
2014-08-21 16,28.093883514404297,1.7376195192337036,101.11788940429688,37.5
2014-08-21 17,34.139404296875,0.0,94.00406646728516,41.76829147338867
2014-08-21 18,38.762447357177734,1.5204169750213623,0.0,51.524391174316406
2014-08-21 19,43.38549041748047,1.7376195192337036,140.7520294189453,48.475608825683594
2014-08-21 20,43.02987289428711,0.0,144.30894470214844,43.59756088256836
2014-08-21 21,36.62873458862305,1.7376195192337036,0.0,0.0
2014-08-21 22,34.67283248901367,1.7376195192337036,0.0,61.585365295410156
2014-08-21 23,34.31721115112305,0.0,121.95121765136719,66.15853881835938
2014-08-22 00,0.0,1.7376195192337036,0.0,0.0
2014-08-22 01,29.871976852416992,0.0,99.59349822998047,39.63414764404297
2014-08-22 02,28.62731170654297,0.0,0.0,39.63414764404297
2014-08-22 03,26.49359893798828,0.0,98.57723236083984,39.024391174316406
2014-08-22 04,25.96017074584961,0.0,98.57723236083984,37.80487823486328
2014-08-22 05,0.0,1.7376195192337036,90.44715118408203,0.0
2014-08-22 06,34.67283248901367,1.7376195192337036,74.1869888305664,34.75609588623047
2014-08-22 07,0.0,1.7376195192337036,81.30081176757812,0.0
2014-08-22 08,0.0,0.0,79.77642059326172,42.682926177978516
2014-08-22 09,0.0,0.8688097596168518,0.0,0.0
2014-08-22 10,34.49502182006836,1.3032145500183105,120.9349594116211,40.54878234863281
2014-08-22 11,34.49502182006836,1.3032145500183105,0.0,0.0
2014-08-22 12,32.71692657470703,1.3032145500183105,119.41056823730469,37.80487823486328
2014-08-22 13,0.0,1.7376195192337036,0.0,36.89024353027344
2014-08-22 14,0.0,1.7376195192337036,0.0,0.0
2014-08-22 15,0.0,0.0,97.56097412109375,0.0
2014-08-22 16,30.938833236694336,0.0,96.54471588134766,38.10975646972656
2014-08-22 17,0.0,1.5204169750213623,91.97154235839844,0.0
2014-08-22 18,0.0,2.1720242500305176,106.70731353759766,0.0
2014-08-22 19,0.0,1.7376195192337036,131.09756469726562,53.65853500366211
2014-08-22 20,40.71834945678711,2.823631525039673,0.0,46.95121765136719
2014-08-22 21,0.0,0.0,153.45529174804688,0.0
2014-08-22 22,33.96159362792969,1.7376195192337036,154.47154235839844,51.82926940917969
2014-08-22 23,33.428165435791016,0.0,0.0,54.878047943115234
2014-08-23 00,0.0,0.0,125.50813293457031,0.0
2014-08-23 01,28.80512046813965,1.7376195192337036,109.75609588623047,0.0
2014-08-23 02,0.0,1.7376195192337036,95.52845764160156,41.15853500366211
2014-08-23 03,26.49359893798828,0.0,95.52845764160156,0.0
2014-08-23 04,0.0,1.7376195192337036,92.47967529296875,34.14634323120117
2014-08-23 05,28.62731170654297,0.0,86.89024353027344,0.0
2014-08-23 06,33.072547912597656,1.7376195192337036,0.0,30.792682647705078
2014-08-23 07,31.827880859375,0.0,0.0,0.0
2014-08-23 08,0.0,2.1720242500305176,95.52845764160156,0.0
2014-08-23 09,34.49502182006836,3.0408339500427246,0.0,0.0
2014-08-23 10,0.0,1.9548219442367554,0.0,40.54878234863281
2014-08-23 11,36.984352111816406,1.7376195192337036,0.0,42.378047943115234
2014-08-23 12,0.0,0.0,0.0,0.0
2014-08-23 13,34.49502182006836,1.7376195192337036,102.13414764404297,27.7439022064209
2014-08-23 14,0.0,1.7376195192337036,0.0,35.06097412109375
2014-08-23 15,32.18349838256836,0.0,108.23170471191406,32.621952056884766
2014-08-23 16,33.783782958984375,0.0,0.0,37.5
2014-08-23 17,35.206260681152344,1.9548219442367554,123.4756088256836,35.975608825683594
2014-08-23 18,0.0,1.7376195192337036,0.0,39.024391174316406
2014-08-23 19,39.82930374145508,0.0,148.88211059570312,42.9878044128418
2014-08-23 20,39.295875549316406,1.7376195192337036,0.0,48.780487060546875
2014-08-23 21,0.0,1.7376195192337036,164.1260223388672,53.04878234863281
2014-08-23 22,32.71692657470703,1.7376195192337036,0.0,61.89024353027344
2014-08-23 23,33.60597610473633,1.7376195192337036,122.4593505859375,55.4878044128418
2014-08-24 00,0.0,1.7376195192337036,121.4430923461914,0.0
2014-08-24 01,27.560455322265625,0.0,0.0,0.0
2014-08-24 02,0.0,0.0,0.0,43.90243911743164
2014-08-24 03,0.0,1.5204169750213623,100.10162353515625,41.15853500366211
2014-08-24 04,0.0,1.5204169750213623,0.0,39.93902587890625
2014-08-24 05,28.44950294494629,1.7376195192337036,0.0,39.32926940917969
2014-08-24 06,0.0,0.0,74.1869888305664,35.975608825683594
2014-08-24 07,0.0,1.7376195192337036,0.0,28.35365867614746
2014-08-24 08,33.60597610473633,1.7376195192337036,0.0,0.0
2014-08-24 09,35.206260681152344,1.7376195192337036,0.0,33.84146499633789
2014-08-24 10,36.80654525756836,0.0,117.3780517578125,0.0
2014-08-24 11,38.22901916503906,1.7376195192337036,124.49186706542969,0.0
2014-08-24 12,0.0,0.0,0.0,44.20731735229492
2014-08-24 13,35.02845001220703,0.0,0.0,39.024391174316406
2014-08-24 14,0.0,0.0,97.05284881591797,24.390243530273438
2014-08-24 15,0.0,1.5204169750213623,98.06910705566406,26.524391174316406
2014-08-24 16,0.0,1.7376195192337036,80.28455352783203,0.0
2014-08-24 17,33.2503547668457,1.7376195192337036,77.23577117919922,0.0
2014-08-24 18,35.5618782043457,1.7376195192337036,0.0,42.07316970825195
2014-08-24 19,41.07396697998047,1.9548219442367554,108.73983764648438,0.0
2014-08-24 20,0.0,0.0,0.0,45.73170852661133
2014-08-24 21,34.85063934326172,1.7376195192337036,138.71951293945312,60.975608825683594
2014-08-24 22,0.0,1.7376195192337036,0.0,65.54878234863281
2014-08-24 23,0.0,1.7376195192337036,117.3780517578125,0.0
2014-08-25 00,33.783782958984375,1.7376195192337036,135.16259765625,52.43902587890625
2014-08-25 01,27.382646560668945,1.7376195192337036,98.57723236083984,46.34146499633789
2014-08-25 02,26.849218368530273,0.0,93.49593353271484,44.20731735229492
2014-08-25 03,0.0,0.0,95.02032470703125,0.0
2014-08-25 04,24.893314361572266,1.7376195192337036,0.0,0.0
2014-08-25 05,0.0,1.7376195192337036,0.0,39.32926940917969
2014-08-25 06,0.0,0.0,80.28455352783203,0.0
2014-08-25 07,0.0,1.7376195192337036,69.1056900024414,29.878047943115234
2014-08-25 08,35.739688873291016,1.7376195192337036,0.0,36.585365295410156
2014-08-25 09,0.0,1.7376195192337036,95.52845764160156,0.0
2014-08-25 10,34.85063934326172,0.0,101.62601470947266,45.121952056884766
2014-08-25 11,0.0,0.0,111.78861999511719,0.0
2014-08-25 12,0.0,0.0,120.42682647705078,0.0
2014-08-25 13,34.139404296875,0.0,0.0,33.53658676147461
2014-08-25 14,33.60597610473633,1.3032145500183105,0.0,41.76829147338867
2014-08-25 15,0.0,0.0,94.00406646728516,0.0
2014-08-25 16,31.827880859375,0.0,99.59349822998047,56.09756088256836
2014-08-25 17,32.894737243652344,0.0,113.3130111694336,60.06097412109375
2014-08-25 18,34.49502182006836,2.1720242500305176,128.55691528320312,57.92683029174805
2014-08-25 19,39.82930374145508,0.0,0.0,58.53658676147461
2014-08-25 20,40.18492126464844,0.0,134.6544647216797,44.817073822021484
2014-08-25 21,0.0,0.0,154.97967529296875,0.0
2014-08-25 22,33.783782958984375,0.0,147.35772705078125,58.53658676147461
2014-08-25 23,32.894737243652344,1.7376195192337036,0.0,0.0
2014-08-26 00,0.0,0.0,126.0162582397461,0.0
2014-08-26 01,0.0,1.7376195192337036,0.0,45.73170852661133
2014-08-26 02,25.248933792114258,1.7376195192337036,0.0,0.0
2014-08-26 03,25.248933792114258,0.0,91.46341705322266,0.0
2014-08-26 04,25.426742553710938,1.7376195192337036,91.97154235839844,0.0
2014-08-26 05,27.916074752807617,1.7376195192337036,88.41463470458984,40.24390411376953
2014-08-26 06,33.2503547668457,1.7376195192337036,79.26829528808594,0.0
2014-08-26 07,0.0,0.0,0.0,28.963415145874023
2014-08-26 08,0.0,1.7376195192337036,0.0,31.40243911743164
2014-08-26 09,35.38406753540039,1.7376195192337036,108.23170471191406,0.0
2014-08-26 10,35.02845001220703,0.0,111.28048706054688,0.0
2014-08-26 11,33.783782958984375,1.5204169750213623,0.0,47.86585235595703
2014-08-26 12,0.0,0.0,107.21544647216797,0.0
2014-08-26 13,0.0,0.0,121.4430923461914,42.378047943115234
2014-08-26 14,0.0,0.0,101.62601470947266,0.0
2014-08-26 15,0.0,0.0,97.05284881591797,50.30487823486328
2014-08-26 16,31.294452667236328,0.0,0.0,55.4878044128418
2014-08-26 17,32.539119720458984,0.0,0.0,0.0
2014-08-26 18,35.02845001220703,0.0,0.0,60.67073059082031
2014-08-26 19,38.94025421142578,0.0,142.27642822265625,0.0
2014-08-26 20,40.5405387878418,0.0,0.0,0.0
2014-08-26 21,0.0,0.0,0.0,61.585365295410156
2014-08-26 22,33.072547912597656,0.0,135.6707305908203,0.0
2014-08-26 23,33.428165435791016,1.7376195192337036,0.0,0.0
2014-08-27 00,33.072547912597656,1.7376195192337036,0.0,50.914634704589844
2014-08-27 01,27.738264083862305,0.0,106.19918823242188,45.42683029174805
2014-08-27 02,24.537694931030273,0.0,0.0,0.0
2014-08-27 03,24.359886169433594,0.0,0.0,0.0
2014-08-27 04,24.537694931030273,0.0,96.03658294677734,41.76829147338867
2014-08-27 05,27.204835891723633,1.7376195192337036,0.0,41.15853500366211
2014-08-27 06,0.0,1.7376195192337036,83.84146118164062,39.024391174316406
2014-08-27 07,0.0,0.0,81.30081176757812,0.0
2014-08-27 08,37.16216278076172,0.0,75.71138000488281,32.621952056884766
2014-08-27 09,35.5618782043457,1.7376195192337036,83.84146118164062,0.0
2014-08-27 10,34.85063934326172,1.5204169750213623,0.0,0.0
2014-08-27 11,32.36130905151367,1.5204169750213623,103.15040588378906,33.53658676147461
2014-08-27 12,32.00569152832031,0.0,114.83739471435547,38.719512939453125
2014-08-27 13,0.0,1.7376195192337036,0.0,0.0
2014-08-27 14,0.0,0.0,0.0,31.09756088256836
2014-08-27 15,31.11664390563965,0.0,103.65853881835938,40.85365676879883
2014-08-27 16,0.0,1.7376195192337036,107.72357940673828,0.0
2014-08-27 17,33.072547912597656,2.1720242500305176,102.13414764404297,0.0
2014-08-27 18,35.5618782043457,2.606429100036621,119.918701171875,45.42683029174805
2014-08-27 19,40.5405387878418,0.0,0.0,0.0
2014-08-27 20,41.963016510009766,1.7376195192337036,150.9146270751953,0.0
2014-08-27 21,0.0,0.0,162.60162353515625,0.0
2014-08-27 22,0.0,1.7376195192337036,0.0,56.09756088256836
2014-08-27 23,0.0,0.0,0.0,52.43902587890625
2014-08-28 00,33.60597610473633,0.0,0.0,0.0
2014-08-28 01,25.96017074584961,1.7376195192337036,104.67479705810547,44.817073822021484
2014-08-28 02,24.537694931030273,1.7376195192337036,91.46341705322266,40.24390411376953
2014-08-28 03,24.537694931030273,1.7376195192337036,0.0,0.0
2014-08-28 04,24.893314361572266,0.0,0.0,0.0
2014-08-28 05,0.0,0.0,82.31707000732422,38.719512939453125
2014-08-28 06,32.36130905151367,0.0,77.23577117919922,0.0
2014-08-28 07,34.31721115112305,1.7376195192337036,0.0,28.35365867614746
2014-08-28 08,36.80654525756836,1.7376195192337036,89.43089294433594,31.40243911743164
2014-08-28 09,35.206260681152344,1.9548219442367554,0.0,0.0
2014-08-28 10,35.5618782043457,0.0,0.0,0.0
2014-08-28 11,0.0,0.0,130.081298828125,0.0
2014-08-28 12,12.980085372924805,1.7376195192337036,0.0,41.76829147338867
2014-08-28 13,0.0,0.0,91.97154235839844,39.024391174316406
2014-08-28 14,13.1578950881958,1.5204169750213623,102.64227294921875,38.10975646972656
2014-08-28 15,0.0,1.5204169750213623,88.92276763916016,39.93902587890625
2014-08-28 16,0.0,0.0,88.41463470458984,40.54878234863281
2014-08-28 17,0.0,1.7376195192337036,90.95528411865234,0.0
2014-08-28 18,0.0,0.0,0.0,46.34146499633789
2014-08-28 19,21.514936447143555,0.0,154.47154235839844,40.54878234863281
2014-08-28 20,0.0,1.9548219442367554,143.80081176757812,0.0
2014-08-28 21,0.0,1.7376195192337036,148.3739776611328,57.92683029174805
2014-08-28 22,14.402560234069824,0.0,145.8333282470703,54.878047943115234
2014-08-28 23,0.0,1.7376195192337036,130.081298828125,55.182926177978516
2014-08-29 00,14.758179664611816,0.0,0.0,0.0
2014-08-29 01,0.0,1.7376195192337036,102.64227294921875,0.0
2014-08-29 02,0.0,1.7376195192337036,91.46341705322266,39.32926940917969
2014-08-29 03,6.5789475440979,1.7376195192337036,89.93902587890625,40.24390411376953
2014-08-29 04,6.756756782531738,1.7376195192337036,87.90650177001953,37.5
2014-08-29 05,0.0,1.7376195192337036,86.89024353027344,39.024391174316406
2014-08-29 06,0.0,1.7376195192337036,76.72764587402344,0.0
2014-08-29 07,0.0,1.7376195192337036,82.82520294189453,27.134145736694336
2014-08-29 08,18.136558532714844,0.0,82.31707000732422,35.06097412109375
2014-08-29 09,0.0,0.0,98.06910705566406,31.40243911743164
2014-08-29 10,35.206260681152344,1.3032145500183105,0.0,0.0
2014-08-29 11,0.0,0.0,0.0,0.0
2014-08-29 12,33.2503547668457,1.3032145500183105,106.70731353759766,0.0
2014-08-29 13,0.0,0.0,0.0,24.390243530273438
2014-08-29 14,33.428165435791016,1.7376195192337036,96.03658294677734,39.93902587890625
2014-08-29 15,32.36130905151367,1.7376195192337036,82.31707000732422,0.0
2014-08-29 16,31.294452667236328,1.7376195192337036,0.0,0.0
2014-08-29 17,33.2503547668457,1.5204169750213623,0.0,46.34146499633789
2014-08-29 18,0.0,2.1720242500305176,123.9837417602539,0.0
2014-08-29 19,35.91749572753906,1.7376195192337036,123.4756088256836,0.0
2014-08-29 20,37.69559097290039,2.823631525039673,147.35772705078125,42.378047943115234
2014-08-29 21,32.894737243652344,1.7376195192337036,0.0,0.0
2014-08-29 22,34.67283248901367,1.7376195192337036,0.0,0.0
2014-08-29 23,33.783782958984375,1.7376195192337036,143.2926788330078,0.0
2014-08-30 00,0.0,1.7376195192337036,136.68699645996094,57.92683029174805
2014-08-30 01,27.382646560668945,0.0,0.0,49.39024353027344
2014-08-30 02,0.0,1.7376195192337036,0.0,42.07316970825195
2014-08-30 03,25.604551315307617,0.0,96.54471588134766,38.10975646972656
2014-08-30 04,25.78236198425293,0.0,0.0,0.0
2014-08-30 05,0.0,0.0,94.51219177246094,0.0
2014-08-30 06,0.0,1.7376195192337036,0.0,0.0
2014-08-30 07,32.539119720458984,1.7376195192337036,75.20325469970703,25.30487823486328
2014-08-30 08,34.49502182006836,2.1720242500305176,0.0,34.75609588623047
2014-08-30 09,36.62873458862305,3.0408339500427246,95.52845764160156,41.15853500366211
2014-08-30 10,39.118064880371094,0.0,119.41056823730469,43.29268264770508
2014-08-30 11,40.18492126464844,0.0,0.0,39.024391174316406
2014-08-30 12,37.69559097290039,0.0,0.0,35.67073059082031
2014-08-30 13,0.0,1.7376195192337036,117.88617706298828,35.06097412109375
2014-08-30 14,0.0,0.0,0.0,35.975608825683594
2014-08-30 15,0.0,1.7376195192337036,106.19918823242188,0.0
2014-08-30 16,32.71692657470703,1.7376195192337036,0.0,39.63414764404297
2014-08-30 17,0.0,1.9548219442367554,95.52845764160156,38.10975646972656
2014-08-30 18,35.91749572753906,0.0,0.0,42.9878044128418
2014-08-30 19,0.0,1.7376195192337036,0.0,0.0
2014-08-30 20,0.0,0.0,131.09756469726562,48.780487060546875
2014-08-30 21,34.49502182006836,1.7376195192337036,125.0,58.84146499633789
2014-08-30 22,33.072547912597656,1.7376195192337036,0.0,0.0
2014-08-30 23,33.428165435791016,1.7376195192337036,114.32926940917969,0.0
2014-08-31 00,33.428165435791016,0.0,115.34552764892578,0.0
2014-08-31 01,28.271692276000977,0.0,99.59349822998047,46.64634323120117
2014-08-31 02,26.849218368530273,0.0,0.0,43.29268264770508
2014-08-31 03,0.0,1.5204169750213623,84.85772705078125,0.0
2014-08-31 04,26.3157901763916,0.0,83.33333587646484,40.54878234863281
2014-08-31 05,0.0,0.0,85.36585235595703,0.0
2014-08-31 06,33.2503547668457,0.0,72.66260528564453,37.19512176513672
2014-08-31 07,0.0,1.7376195192337036,67.07317352294922,27.7439022064209
2014-08-31 08,0.0,0.0,89.93902587890625,27.7439022064209
2014-08-31 09,0.0,1.7376195192337036,0.0,0.0
2014-08-31 10,38.40682601928711,0.0,121.95121765136719,27.134145736694336
2014-08-31 11,0.0,1.7376195192337036,0.0,0.0
2014-08-31 12,38.05120849609375,1.7376195192337036,0.0,0.0
2014-08-31 13,35.38406753540039,1.7376195192337036,0.0,29.878047943115234
2014-08-31 14,32.894737243652344,0.0,100.10162353515625,24.390243530273438
2014-08-31 15,32.894737243652344,1.5204169750213623,94.00406646728516,26.219512939453125
2014-08-31 16,0.0,0.0,86.38211059570312,0.0
2014-08-31 17,33.783782958984375,1.7376195192337036,87.39837646484375,35.06097412109375
2014-08-31 18,35.91749572753906,0.0,0.0,36.585365295410156
2014-08-31 19,38.40682601928711,1.9548219442367554,109.75609588623047,0.0
2014-08-31 20,40.71834945678711,1.7376195192337036,129.06504821777344,0.0
2014-08-31 21,35.38406753540039,1.7376195192337036,149.39024353027344,61.280487060546875
2014-08-31 22,34.139404296875,1.7376195192337036,139.73577880859375,64.32926940917969
2014-08-31 23,0.0,1.7376195192337036,126.5243911743164,0.0
2014-09-01 00,0.0,1.7376195192337036,0.0,46.34146499633789
2014-09-01 01,27.382646560668945,0.0,104.67479705810547,42.378047943115234
2014-09-01 02,24.715505599975586,0.0,94.51219177246094,0.0
2014-09-01 03,0.0,0.0,89.43089294433594,0.0
2014-09-01 04,0.0,0.0,0.0,0.0
2014-09-01 05,0.0,0.0,0.0,0.0
2014-09-01 06,0.0,0.0,0.0,35.975608825683594
2014-09-01 07,35.5618782043457,0.0,84.34959411621094,0.0
2014-09-01 08,0.0,0.0,96.54471588134766,0.0
2014-09-01 09,36.984352111816406,0.0,0.0,30.182926177978516
2014-09-01 10,35.02845001220703,1.7376195192337036,0.0,33.84146499633789
2014-09-01 11,34.85063934326172,1.3032145500183105,107.72357940673828,35.06097412109375
2014-09-01 12,0.0,0.0,129.5731658935547,38.414634704589844
2014-09-01 13,34.31721115112305,1.5204169750213623,106.70731353759766,0.0
2014-09-01 14,32.71692657470703,1.3032145500183105,0.0,45.73170852661133
2014-09-01 15,0.0,1.5204169750213623,98.57723236083984,51.82926940917969
2014-09-01 16,31.11664390563965,1.7376195192337036,106.19918823242188,0.0
2014-09-01 17,0.0,1.7376195192337036,0.0,53.35365676879883
2014-09-01 18,35.739688873291016,2.1720242500305176,140.243896484375,57.317073822021484
2014-09-01 19,0.0,1.7376195192337036,160.56910705566406,0.0
2014-09-01 20,44.09672927856445,1.7376195192337036,188.0081329345703,0.0
2014-09-01 21,0.0,1.7376195192337036,0.0,72.56097412109375
2014-09-01 22,33.96159362792969,1.7376195192337036,0.0,75.60975646972656
2014-09-01 23,33.072547912597656,0.0,133.63821411132812,0.0
2014-09-02 00,34.31721115112305,1.7376195192337036,114.83739471435547,65.24390411376953
2014-09-02 01,0.0,0.0,0.0,53.35365676879883
2014-09-02 02,25.604551315307617,0.0,98.57723236083984,47.86585235595703
2014-09-02 03,0.0,1.7376195192337036,92.98780822753906,42.9878044128418
2014-09-02 04,24.715505599975586,1.7376195192337036,95.02032470703125,43.29268264770508
2014-09-02 05,28.44950294494629,1.7376195192337036,0.0,44.5121955871582
2014-09-02 06,33.428165435791016,1.7376195192337036,0.0,42.682926177978516
2014-09-02 07,0.0,1.7376195192337036,0.0,36.280487060546875
2014-09-02 08,38.22901916503906,1.7376195192337036,93.49593353271484,0.0
2014-09-02 09,35.739688873291016,1.7376195192337036,0.0,33.84146499633789
2014-09-02 10,0.0,0.0,112.80487823486328,0.0
2014-09-02 11,34.139404296875,0.0,97.56097412109375,40.54878234863281
2014-09-02 12,0.0,1.3032145500183105,0.0,48.475608825683594
2014-09-02 13,35.38406753540039,1.7376195192337036,92.98780822753906,0.0
2014-09-02 14,33.96159362792969,1.7376195192337036,94.00406646728516,41.46341323852539
2014-09-02 15,0.0,0.0,0.0,0.0
2014-09-02 16,0.0,1.7376195192337036,0.0,44.817073822021484
2014-09-02 17,33.783782958984375,1.7376195192337036,0.0,50.914634704589844
2014-09-02 18,0.0,0.0,132.6219482421875,0.0
2014-09-02 19,39.47368240356445,0.0,166.6666717529297,60.06097412109375
2014-09-02 20,41.25177764892578,1.7376195192337036,0.0,56.09756088256836
2014-09-02 21,0.0,1.7376195192337036,0.0,62.80487823486328
2014-09-02 22,33.783782958984375,1.7376195192337036,0.0,64.63414764404297
2014-09-02 23,0.0,0.0,131.60569763183594,60.67073059082031
2014-09-03 00,0.0,1.7376195192337036,0.0,51.82926940917969
2014-09-03 01,27.027027130126953,1.7376195192337036,110.77235412597656,46.64634323120117
2014-09-03 02,25.071123123168945,1.5204169750213623,99.08536529541016,0.0
2014-09-03 03,0.0,0.0,94.51219177246094,43.29268264770508
2014-09-03 04,25.248933792114258,0.0,0.0,0.0
2014-09-03 05,0.0,1.7376195192337036,94.51219177246094,44.20731735229492
2014-09-03 06,32.00569152832031,1.7376195192337036,0.0,42.378047943115234
2014-09-03 07,0.0,0.0,83.33333587646484,33.53658676147461
2014-09-03 08,38.05120849609375,0.0,100.10162353515625,0.0
2014-09-03 09,34.31721115112305,1.7376195192337036,0.0,29.573171615600586
2014-09-03 10,0.0,1.5204169750213623,0.0,33.53658676147461
2014-09-03 11,0.0,1.5204169750213623,137.7032470703125,32.0121955871582
2014-09-03 12,32.539119720458984,0.0,0.0,0.0
2014-09-03 13,0.0,1.7376195192337036,0.0,33.84146499633789
2014-09-03 14,33.96159362792969,1.5204169750213623,92.47967529296875,0.0
2014-09-03 15,32.00569152832031,1.5204169750213623,0.0,35.67073059082031
2014-09-03 16,0.0,0.0,95.52845764160156,40.54878234863281
2014-09-03 17,0.0,0.0,104.16666412353516,0.0
2014-09-03 18,36.095306396484375,0.0,108.23170471191406,48.475608825683594
2014-09-03 19,38.94025421142578,0.0,0.0,47.86585235595703
2014-09-03 20,0.0,1.7376195192337036,149.39024353027344,0.0
2014-09-03 21,34.85063934326172,1.7376195192337036,145.32521057128906,59.45121765136719
2014-09-03 22,0.0,1.7376195192337036,143.80081176757812,0.0
2014-09-03 23,0.0,1.7376195192337036,136.17886352539062,0.0
2014-09-04 00,0.0,0.0,110.77235412597656,48.780487060546875
2014-09-04 01,0.0,0.0,100.10162353515625,42.378047943115234
2014-09-04 02,0.0,0.0,93.49593353271484,0.0
2014-09-04 03,5.3342814445495605,1.7376195192337036,93.49593353271484,39.024391174316406
2014-09-04 04,0.0,0.0,86.89024353027344,0.0
2014-09-04 05,0.0,1.7376195192337036,87.39837646484375,37.19512176513672
2014-09-04 06,0.0,1.7376195192337036,77.74390411376953,35.975608825683594
2014-09-04 07,0.0,0.0,83.84146118164062,0.0
2014-09-04 08,38.762447357177734,0.0,86.89024353027344,31.40243911743164
2014-09-04 09,35.38406753540039,1.9548219442367554,87.39837646484375,0.0
2014-09-04 10,35.91749572753906,1.7376195192337036,110.26422882080078,0.0
2014-09-04 11,35.38406753540039,1.7376195192337036,109.24797058105469,0.0
2014-09-04 12,33.428165435791016,0.0,115.34552764892578,42.9878044128418
2014-09-04 13,33.96159362792969,0.0,0.0,0.0
2014-09-04 14,33.96159362792969,1.5204169750213623,101.62601470947266,34.45121765136719
2014-09-04 15,31.294452667236328,1.5204169750213623,94.51219177246094,34.45121765136719
2014-09-04 16,0.0,0.0,86.89024353027344,0.0
2014-09-04 17,0.0,0.0,97.05284881591797,0.0
2014-09-04 18,35.206260681152344,1.5204169750213623,0.0,0.0
2014-09-04 19,40.007110595703125,1.7376195192337036,0.0,48.780487060546875
2014-09-04 20,40.71834945678711,1.9548219442367554,0.0,46.34146499633789
2014-09-04 21,35.91749572753906,1.7376195192337036,0.0,0.0
2014-09-04 22,33.072547912597656,1.7376195192337036,148.88211059570312,0.0
2014-09-04 23,0.0,1.7376195192337036,135.6707305908203,0.0
2014-09-05 00,33.428165435791016,0.0,123.4756088256836,47.56097412109375
2014-09-05 01,25.78236198425293,1.7376195192337036,103.65853881835938,0.0
2014-09-05 02,24.715505599975586,1.7376195192337036,99.59349822998047,0.0
2014-09-05 03,24.537694931030273,1.7376195192337036,98.06910705566406,37.19512176513672
2014-09-05 04,0.0,1.7376195192337036,97.56097412109375,35.975608825683594
2014-09-05 05,28.80512046813965,1.7376195192337036,102.13414764404297,38.719512939453125
2014-09-05 06,33.428165435791016,1.7376195192337036,0.0,36.89024353027344
2014-09-05 07,35.91749572753906,1.7376195192337036,81.80894470214844,28.04878044128418
2014-09-05 08,38.40682601928711,1.7376195192337036,0.0,29.878047943115234
2014-09-05 09,0.0,0.8688097596168518,84.85772705078125,32.0121955871582
2014-09-05 10,34.85063934326172,0.0,108.23170471191406,34.14634323120117
2014-09-05 11,33.072547912597656,1.3032145500183105,0.0,34.75609588623047
2014-09-05 12,33.2503547668457,1.3032145500183105,0.0,0.0
2014-09-05 13,32.894737243652344,1.7376195192337036,0.0,0.0
2014-09-05 14,32.539119720458984,1.7376195192337036,90.44715118408203,0.0
2014-09-05 15,30.049787521362305,1.7376195192337036,94.51219177246094,27.134145736694336
2014-09-05 16,34.139404296875,0.0,96.03658294677734,41.76829147338867
2014-09-05 17,33.428165435791016,0.0,0.0,46.03658676147461
2014-09-05 18,35.206260681152344,2.1720242500305176,0.0,53.35365676879883
2014-09-05 19,37.16216278076172,1.7376195192337036,134.14634704589844,48.780487060546875
2014-09-05 20,38.22901916503906,2.823631525039673,163.61788940429688,0.0
2014-09-05 21,0.0,1.7376195192337036,145.8333282470703,0.0
2014-09-05 22,0.0,0.0,0.0,61.280487060546875
2014-09-05 23,0.0,0.0,132.6219482421875,52.43902587890625
2014-09-06 00,33.428165435791016,0.0,0.0,0.0
2014-09-06 01,28.093883514404297,1.7376195192337036,102.64227294921875,40.85365676879883
2014-09-06 02,0.0,1.7376195192337036,93.49593353271484,0.0
2014-09-06 03,26.849218368530273,0.0,94.00406646728516,33.84146499633789
2014-09-06 04,26.3157901763916,0.0,90.95528411865234,35.06097412109375
2014-09-06 05,28.98293113708496,2.1720242500305176,91.46341705322266,35.36585235595703
2014-09-06 06,32.71692657470703,1.7376195192337036,86.89024353027344,34.75609588623047
2014-09-06 07,0.0,0.0,75.20325469970703,0.0
2014-09-06 08,32.539119720458984,0.0,99.08536529541016,28.963415145874023
2014-09-06 09,32.36130905151367,3.0408339500427246,92.47967529296875,30.792682647705078
2014-09-06 10,0.0,0.0,116.36178588867188,31.40243911743164
2014-09-06 11,32.36130905151367,0.0,0.0,35.67073059082031
2014-09-06 12,33.072547912597656,0.0,0.0,37.80487823486328
2014-09-06 13,32.36130905151367,0.0,0.0,34.14634323120117
2014-09-06 14,31.827880859375,1.7376195192337036,0.0,0.0
2014-09-06 15,31.472261428833008,0.0,111.78861999511719,30.182926177978516
2014-09-06 16,0.0,1.7376195192337036,97.56097412109375,0.0
2014-09-06 17,0.0,1.9548219442367554,108.23170471191406,36.280487060546875
2014-09-06 18,0.0,0.0,0.0,33.23170852661133
2014-09-06 19,0.0,1.7376195192337036,126.5243911743164,32.621952056884766
2014-09-06 20,0.0,1.7376195192337036,0.0,42.07316970825195
2014-09-06 21,32.36130905151367,0.0,159.04470825195312,0.0
2014-09-06 22,0.0,0.0,0.0,0.0
2014-09-06 23,31.650070190429688,1.7376195192337036,0.0,0.0
2014-09-07 00,31.11664390563965,0.0,0.0,45.121952056884766
2014-09-07 01,25.96017074584961,0.0,0.0,44.817073822021484
2014-09-07 02,24.715505599975586,0.0,0.0,0.0
2014-09-07 03,0.0,0.0,0.0,34.75609588623047
2014-09-07 04,24.537694931030273,1.5204169750213623,97.56097412109375,35.67073059082031
2014-09-07 05,27.738264083862305,1.7376195192337036,0.0,0.0
2014-09-07 06,0.0,0.0,0.0,32.0121955871582
2014-09-07 07,29.694168090820312,0.0,66.0569076538086,24.085365295410156
2014-09-07 08,0.0,0.0,0.0,23.475608825683594
2014-09-07 09,0.0,1.7376195192337036,104.67479705810547,25.30487823486328
2014-09-07 10,0.0,0.0,119.918701171875,34.14634323120117
2014-09-07 11,0.0,1.7376195192337036,0.0,0.0
2014-09-07 12,33.96159362792969,0.0,132.1138153076172,45.73170852661133
2014-09-07 13,0.0,1.7376195192337036,110.77235412597656,33.53658676147461
2014-09-07 14,32.00569152832031,1.7376195192337036,109.24797058105469,26.829267501831055
2014-09-07 15,31.472261428833008,1.5204169750213623,94.00406646728516,0.0
2014-09-07 16,0.0,1.7376195192337036,0.0,0.0
2014-09-07 17,30.405405044555664,0.0,90.95528411865234,28.35365867614746
2014-09-07 18,31.472261428833008,0.0,0.0,0.0
2014-09-07 19,0.0,1.9548219442367554,124.49186706542969,0.0
2014-09-07 20,0.0,0.0,153.96340942382812,35.36585235595703
2014-09-07 21,32.894737243652344,1.7376195192337036,149.39024353027344,48.17073059082031
2014-09-07 22,32.18349838256836,1.7376195192337036,139.73577880859375,50.914634704589844
2014-09-07 23,31.650070190429688,1.7376195192337036,136.68699645996094,54.57316970825195
2014-09-08 00,32.36130905151367,0.0,125.0,0.0
2014-09-08 01,24.715505599975586,1.7376195192337036,0.0,0.0
2014-09-08 02,23.648649215698242,1.7376195192337036,93.49593353271484,0.0
2014-09-08 03,23.648649215698242,0.0,91.97154235839844,35.36585235595703
2014-09-08 04,0.0,0.0,85.36585235595703,37.19512176513672
2014-09-08 05,0.0,1.7376195192337036,84.34959411621094,34.75609588623047
2014-09-08 06,29.516359329223633,1.7376195192337036,75.20325469970703,0.0
2014-09-08 07,0.0,0.0,0.0,30.182926177978516
2014-09-08 08,33.428165435791016,0.0,0.0,0.0
2014-09-08 09,0.0,1.7376195192337036,0.0,25.609756469726562
2014-09-08 10,33.072547912597656,1.7376195192337036,0.0,32.621952056884766
2014-09-08 11,32.00569152832031,0.0,100.60975646972656,0.0
2014-09-08 12,0.0,0.0,0.0,39.93902587890625
2014-09-08 13,31.827880859375,0.0,0.0,0.0
2014-09-08 14,0.0,1.3032145500183105,98.57723236083984,0.0
2014-09-08 15,32.00569152832031,1.5204169750213623,85.87398529052734,43.29268264770508
2014-09-08 16,30.227596282958984,1.7376195192337036,93.49593353271484,47.86585235595703
2014-09-08 17,30.049787521362305,1.7376195192337036,94.00406646728516,51.82926940917969
2014-09-08 18,32.18349838256836,2.1720242500305176,0.0,0.0
2014-09-08 19,0.0,1.7376195192337036,129.06504821777344,57.0121955871582
2014-09-08 20,0.0,0.0,160.56910705566406,62.80487823486328
2014-09-08 21,33.2503547668457,1.7376195192337036,157.52032470703125,0.0
2014-09-08 22,31.650070190429688,0.0,147.35772705078125,0.0
2014-09-08 23,31.472261428833008,1.7376195192337036,0.0,0.0
2014-09-09 00,30.938833236694336,0.0,122.4593505859375,52.74390411376953
2014-09-09 01,0.0,1.7376195192337036,0.0,0.0
2014-09-09 02,24.0042667388916,1.7376195192337036,96.03658294677734,0.0
2014-09-09 03,0.0,1.7376195192337036,93.49593353271484,40.85365676879883
2014-09-09 04,0.0,1.7376195192337036,91.46341705322266,0.0
2014-09-09 05,0.0,1.7376195192337036,0.0,0.0
2014-09-09 06,0.0,1.7376195192337036,87.90650177001953,0.0
2014-09-09 07,34.67283248901367,1.7376195192337036,87.90650177001953,0.0
2014-09-09 08,0.0,0.0,0.0,37.80487823486328
2014-09-09 09,33.2503547668457,0.0,0.0,33.53658676147461
2014-09-09 10,33.428165435791016,0.0,96.03658294677734,37.19512176513672
2014-09-09 11,33.96159362792969,1.5204169750213623,0.0,0.0
2014-09-09 12,0.0,0.0,0.0,0.0
2014-09-09 13,0.0,1.7376195192337036,104.67479705810547,28.963415145874023
2014-09-09 14,0.0,0.0,0.0,34.75609588623047
2014-09-09 15,29.694168090820312,0.0,86.89024353027344,0.0
2014-09-09 16,29.516359329223633,1.7376195192337036,80.79268646240234,42.07316970825195
2014-09-09 17,30.227596282958984,1.7376195192337036,0.0,47.56097412109375
2014-09-09 18,32.18349838256836,2.1720242500305176,110.77235412597656,47.25609588623047
2014-09-09 19,34.31721115112305,0.0,144.81707763671875,0.0
2014-09-09 20,34.49502182006836,0.0,157.01219177246094,0.0
2014-09-09 21,32.71692657470703,0.0,171.7479705810547,0.0
2014-09-09 22,32.894737243652344,1.7376195192337036,142.7845458984375,0.0
2014-09-09 23,0.0,0.0,0.0,58.23170852661133
2014-09-10 00,0.0,0.0,0.0,0.0
2014-09-10 01,25.426742553710938,0.0,106.70731353759766,0.0
2014-09-10 02,24.893314361572266,1.5204169750213623,0.0,0.0
2014-09-10 03,0.0,1.7376195192337036,97.05284881591797,37.19512176513672
2014-09-10 04,0.0,0.0,96.03658294677734,34.45121765136719
2014-09-10 05,0.0,0.0,95.52845764160156,39.024391174316406
2014-09-10 06,30.583215713500977,1.7376195192337036,88.92276763916016,39.63414764404297
2014-09-10 07,0.0,1.7376195192337036,95.52845764160156,0.0
2014-09-10 08,0.0,1.7376195192337036,90.44715118408203,30.182926177978516
2014-09-10 09,32.18349838256836,1.7376195192337036,83.33333587646484,29.268293380737305
2014-09-10 10,0.0,0.0,94.51219177246094,0.0
2014-09-10 11,0.0,0.0,105.18292999267578,31.40243911743164
2014-09-10 12,0.0,1.5204169750213623,0.0,32.621952056884766
2014-09-10 13,0.0,0.0,94.51219177246094,31.40243911743164
2014-09-10 14,0.0,1.5204169750213623,0.0,36.280487060546875
2014-09-10 15,0.0,1.5204169750213623,84.85772705078125,0.0
2014-09-10 16,0.0,0.0,84.34959411621094,0.0
2014-09-10 17,0.0,2.1720242500305176,95.52845764160156,0.0
2014-09-10 18,29.871976852416992,2.606429100036621,123.4756088256836,0.0
2014-09-10 19,33.783782958984375,1.7376195192337036,154.97967529296875,55.4878044128418
2014-09-10 20,0.0,1.7376195192337036,162.60162353515625,57.317073822021484
2014-09-10 21,0.0,0.0,161.07723999023438,0.0
2014-09-10 22,30.583215713500977,0.0,148.88211059570312,67.68292999267578
2014-09-10 23,30.049787521362305,0.0,0.0,0.0
2014-09-11 00,29.33854866027832,1.7376195192337036,118.3943099975586,51.82926940917969
2014-09-11 01,24.182077407836914,0.0,0.0,0.0
2014-09-11 02,23.29302978515625,0.0,92.47967529296875,41.15853500366211
2014-09-11 03,23.648649215698242,1.7376195192337036,0.0,38.414634704589844
2014-09-11 04,23.826457977294922,0.0,95.02032470703125,39.32926940917969
2014-09-11 05,26.849218368530273,0.0,88.92276763916016,0.0
2014-09-11 06,0.0,0.0,0.0,0.0
2014-09-11 07,0.0,0.0,84.34959411621094,29.878047943115234
2014-09-11 08,0.0,1.7376195192337036,0.0,0.0
2014-09-11 09,0.0,0.0,91.46341705322266,0.0
2014-09-11 10,30.583215713500977,1.7376195192337036,89.93902587890625,34.75609588623047
2014-09-11 11,0.0,1.7376195192337036,0.0,38.719512939453125
2014-09-11 12,0.0,1.7376195192337036,111.78861999511719,42.07316970825195
2014-09-11 13,0.0,1.7376195192337036,94.51219177246094,30.487804412841797
2014-09-11 14,29.516359329223633,1.5204169750213623,96.03658294677734,36.585365295410156
2014-09-11 15,0.0,0.0,81.30081176757812,40.85365676879883
2014-09-11 16,0.0,1.7376195192337036,85.36585235595703,0.0
2014-09-11 17,29.516359329223633,1.7376195192337036,86.89024353027344,0.0
2014-09-11 18,0.0,1.5204169750213623,112.80487823486328,53.35365676879883
2014-09-11 19,35.206260681152344,1.7376195192337036,0.0,64.63414764404297
2014-09-11 20,0.0,0.0,169.2073211669922,67.68292999267578
2014-09-11 21,32.36130905151367,0.0,0.0,68.59756469726562
2014-09-11 22,30.049787521362305,0.0,0.0,60.975608825683594
2014-09-11 23,28.62731170654297,0.0,133.1300811767578,51.82926940917969
2014-09-12 00,0.0,1.7376195192337036,125.50813293457031,47.56097412109375
2014-09-12 01,24.182077407836914,0.0,107.21544647216797,46.95121765136719
2014-09-12 02,23.29302978515625,1.7376195192337036,102.13414764404297,0.0
2014-09-12 03,23.648649215698242,1.7376195192337036,96.03658294677734,0.0
2014-09-12 04,23.826457977294922,1.7376195192337036,0.0,0.0
2014-09-12 05,25.78236198425293,1.7376195192337036,0.0,0.0
2014-09-12 06,28.62731170654297,1.7376195192337036,0.0,37.19512176513672
2014-09-12 07,36.27311706542969,0.0,0.0,0.0
2014-09-12 08,35.206260681152344,1.7376195192337036,0.0,0.0
2014-09-12 09,0.0,0.0,0.0,0.0
2014-09-12 10,0.0,1.3032145500183105,109.24797058105469,0.0
2014-09-12 11,0.0,0.0,107.72357940673828,0.0
2014-09-12 12,0.0,0.0,99.59349822998047,0.0
2014-09-12 13,30.761024475097656,0.0,0.0,34.45121765136719
2014-09-12 14,31.294452667236328,0.0,0.0,0.0
2014-09-12 15,0.0,1.7376195192337036,98.57723236083984,0.0
2014-09-12 16,0.0,1.7376195192337036,0.0,42.682926177978516
2014-09-12 17,0.0,1.5204169750213623,101.11788940429688,43.59756088256836
2014-09-12 18,30.227596282958984,0.0,0.0,42.9878044128418
2014-09-12 19,33.60597610473633,0.0,0.0,48.17073059082031
2014-09-12 20,0.0,2.823631525039673,172.76422119140625,0.0
2014-09-12 21,0.0,1.7376195192337036,165.14227294921875,57.621952056884766
2014-09-12 22,0.0,1.7376195192337036,161.07723999023438,65.24390411376953
2014-09-12 23,0.0,1.7376195192337036,139.22764587402344,0.0
2014-09-13 00,0.0,0.0,134.14634704589844,52.74390411376953
2014-09-13 01,24.893314361572266,1.7376195192337036,106.19918823242188,48.780487060546875
2014-09-13 02,0.0,1.7376195192337036,98.06910705566406,0.0
2014-09-13 03,23.648649215698242,0.0,0.0,38.10975646972656
2014-09-13 04,0.0,0.0,0.0,0.0
2014-09-13 05,25.78236198425293,0.0,78.76016235351562,37.80487823486328
2014-09-13 06,26.67140769958496,1.7376195192337036,77.23577117919922,38.414634704589844
2014-09-13 07,28.80512046813965,0.0,0.0,0.0
2014-09-13 08,32.18349838256836,2.1720242500305176,0.0,0.0
2014-09-13 09,35.739688873291016,3.0408339500427246,107.21544647216797,0.0
2014-09-13 10,0.0,1.9548219442367554,0.0,39.024391174316406
2014-09-13 11,33.2503547668457,1.7376195192337036,0.0,0.0
2014-09-13 12,0.0,1.7376195192337036,127.5406494140625,39.93902587890625
2014-09-13 13,0.0,1.7376195192337036,0.0,37.80487823486328
2014-09-13 14,33.60597610473633,0.0,115.8536605834961,34.45121765136719
2014-09-13 15,33.2503547668457,1.7376195192337036,110.77235412597656,37.5
2014-09-13 16,30.583215713500977,0.0,102.64227294921875,0.0
2014-09-13 17,0.0,1.9548219442367554,103.65853881835938,0.0
2014-09-13 18,30.227596282958984,1.7376195192337036,111.28048706054688,44.20731735229492
2014-09-13 19,0.0,1.7376195192337036,0.0,0.0
2014-09-13 20,0.0,1.7376195192337036,0.0,0.0
2014-09-13 21,0.0,1.7376195192337036,144.81707763671875,57.317073822021484
2014-09-13 22,0.0,0.0,128.55691528320312,58.84146499633789
2014-09-13 23,29.16073989868164,1.7376195192337036,0.0,0.0
2014-09-14 00,28.093883514404297,1.7376195192337036,119.41056823730469,46.95121765136719
2014-09-14 01,0.0,0.0,0.0,44.20731735229492
2014-09-14 02,24.0042667388916,0.0,105.18292999267578,39.93902587890625
2014-09-14 03,0.0,1.5204169750213623,0.0,37.19512176513672
2014-09-14 04,24.0042667388916,1.5204169750213623,86.38211059570312,0.0
2014-09-14 05,0.0,1.7376195192337036,0.0,0.0
2014-09-14 06,26.67140769958496,0.0,80.28455352783203,0.0
2014-09-14 07,27.560455322265625,1.7376195192337036,0.0,0.0
2014-09-14 08,0.0,1.7376195192337036,82.82520294189453,26.219512939453125
2014-09-14 09,0.0,1.7376195192337036,98.06910705566406,0.0
2014-09-14 10,35.5618782043457,1.7376195192337036,0.0,31.707317352294922
2014-09-14 11,34.85063934326172,1.7376195192337036,147.86585998535156,0.0
2014-09-14 12,35.02845001220703,1.7376195192337036,125.50813293457031,0.0
2014-09-14 13,33.60597610473633,1.7376195192337036,123.9837417602539,34.14634323120117
2014-09-14 14,0.0,0.0,103.65853881835938,28.04878044128418
2014-09-14 15,0.0,1.5204169750213623,0.0,28.963415145874023
2014-09-14 16,0.0,1.7376195192337036,98.57723236083984,0.0
2014-09-14 17,29.516359329223633,0.0,0.0,28.04878044128418
2014-09-14 18,31.827880859375,0.0,0.0,0.0
2014-09-14 19,0.0,1.9548219442367554,122.4593505859375,33.23170852661133
2014-09-14 20,33.60597610473633,1.7376195192337036,0.0,0.0
2014-09-14 21,31.827880859375,1.7376195192337036,160.06097412109375,56.70731735229492
2014-09-14 22,30.049787521362305,0.0,139.73577880859375,0.0
2014-09-14 23,29.516359329223633,0.0,133.1300811767578,55.182926177978516
2014-09-15 00,28.44950294494629,1.7376195192337036,114.32926940917969,47.25609588623047
2014-09-15 01,24.893314361572266,0.0,95.02032470703125,41.15853500366211
2014-09-15 02,23.826457977294922,1.7376195192337036,85.87398529052734,0.0
2014-09-15 03,23.826457977294922,0.0,89.43089294433594,39.63414764404297
2014-09-15 04,0.0,0.0,0.0,36.585365295410156
2014-09-15 05,25.96017074584961,1.7376195192337036,85.36585235595703,37.19512176513672
2014-09-15 06,30.583215713500977,1.7376195192337036,77.23577117919922,37.5
2014-09-15 07,0.0,1.7376195192337036,86.38211059570312,0.0
2014-09-15 08,34.49502182006836,0.0,0.0,0.0
2014-09-15 09,32.894737243652344,1.7376195192337036,91.97154235839844,0.0
2014-09-15 10,32.539119720458984,0.0,0.0,30.487804412841797
2014-09-15 11,30.049787521362305,0.0,104.67479705810547,30.792682647705078
2014-09-15 12,30.049787521362305,0.0,0.0,38.414634704589844
2014-09-15 13,32.18349838256836,0.0,0.0,32.0121955871582
2014-09-15 14,0.0,1.3032145500183105,87.90650177001953,0.0
2014-09-15 15,28.44950294494629,0.0,0.0,0.0
2014-09-15 16,28.44950294494629,0.0,99.59349822998047,39.32926940917969
2014-09-15 17,0.0,1.7376195192337036,104.67479705810547,0.0
2014-09-15 18,31.11664390563965,2.1720242500305176,123.4756088256836,0.0
2014-09-15 19,32.894737243652344,0.0,0.0,0.0
2014-09-15 20,33.96159362792969,1.7376195192337036,0.0,0.0
2014-09-15 21,31.827880859375,1.7376195192337036,0.0,65.8536605834961
2014-09-15 22,29.694168090820312,1.7376195192337036,142.27642822265625,66.15853881835938
2014-09-15 23,28.093883514404297,1.7376195192337036,0.0,55.79268264770508
2014-09-16 00,0.0,0.0,0.0,0.0
2014-09-16 01,0.0,1.7376195192337036,0.0,42.682926177978516
2014-09-16 02,0.0,1.7376195192337036,88.41463470458984,0.0
2014-09-16 03,0.0,0.0,83.84146118164062,37.5
2014-09-16 04,0.0,1.7376195192337036,85.87398529052734,36.280487060546875
2014-09-16 05,25.78236198425293,1.7376195192337036,84.34959411621094,0.0
2014-09-16 06,28.62731170654297,0.0,82.82520294189453,34.75609588623047
2014-09-16 07,0.0,0.0,84.85772705078125,31.40243911743164
2014-09-16 08,33.428165435791016,1.7376195192337036,90.44715118408203,31.707317352294922
2014-09-16 09,32.894737243652344,1.7376195192337036,81.80894470214844,0.0
2014-09-16 10,0.0,1.5204169750213623,84.85772705078125,33.23170852661133
2014-09-16 11,32.36130905151367,1.5204169750213623,94.51219177246094,0.0
2014-09-16 12,0.0,1.3032145500183105,0.0,0.0
2014-09-16 13,0.0,0.0,87.90650177001953,27.7439022064209
2014-09-16 14,0.0,0.0,0.0,0.0
2014-09-16 15,0.0,1.7376195192337036,82.31707000732422,0.0
2014-09-16 16,28.093883514404297,1.7376195192337036,85.87398529052734,45.121952056884766
2014-09-16 17,29.16073989868164,0.0,86.89024353027344,0.0
2014-09-16 18,30.938833236694336,2.1720242500305176,115.8536605834961,49.085365295410156
2014-09-16 19,35.206260681152344,0.0,0.0,48.475608825683594
2014-09-16 20,0.0,1.7376195192337036,0.0,64.93902587890625
2014-09-16 21,31.827880859375,1.7376195192337036,168.69918823242188,0.0
2014-09-16 22,0.0,1.7376195192337036,162.09349060058594,61.280487060546875
2014-09-16 23,28.271692276000977,1.7376195192337036,0.0,51.82926940917969
2014-09-17 00,26.67140769958496,0.0,0.0,46.95121765136719
2014-09-17 01,0.0,1.7376195192337036,0.0,0.0
2014-09-17 02,0.0,1.5204169750213623,89.43089294433594,35.975608825683594
2014-09-17 03,23.648649215698242,1.7376195192337036,89.43089294433594,36.89024353027344
2014-09-17 04,0.0,1.7376195192337036,0.0,34.14634323120117
2014-09-17 05,0.0,1.7376195192337036,82.31707000732422,0.0
2014-09-17 06,29.33854866027832,1.7376195192337036,89.93902587890625,0.0
2014-09-17 07,37.69559097290039,1.7376195192337036,88.92276763916016,34.14634323120117
2014-09-17 08,34.67283248901367,1.7376195192337036,0.0,35.06097412109375
2014-09-17 09,32.18349838256836,0.0,89.43089294433594,30.182926177978516
2014-09-17 10,31.827880859375,1.5204169750213623,90.95528411865234,32.92683029174805
2014-09-17 11,31.11664390563965,1.5204169750213623,89.43089294433594,32.0121955871582
2014-09-17 12,0.0,1.5204169750213623,87.39837646484375,40.24390411376953
2014-09-17 13,30.049787521362305,1.7376195192337036,86.38211059570312,0.0
2014-09-17 14,0.0,0.0,85.87398529052734,0.0
2014-09-17 15,28.80512046813965,0.0,80.79268646240234,0.0
2014-09-17 16,28.44950294494629,1.7376195192337036,83.33333587646484,46.64634323120117
2014-09-17 17,28.44950294494629,2.1720242500305176,0.0,44.817073822021484
2014-09-17 18,31.472261428833008,2.606429100036621,0.0,0.0
2014-09-17 19,0.0,1.7376195192337036,0.0,49.69512176513672
2014-09-17 20,34.31721115112305,0.0,165.14227294921875,57.621952056884766
2014-09-17 21,33.60597610473633,1.7376195192337036,165.65040588378906,0.0
2014-09-17 22,0.0,0.0,148.88211059570312,0.0
2014-09-17 23,0.0,0.0,130.081298828125,54.878047943115234
2014-09-18 00,0.0,0.0,0.0,44.20731735229492
2014-09-18 01,24.182077407836914,0.0,85.87398529052734,41.76829147338867
2014-09-18 02,23.29302978515625,1.7376195192337036,0.0,39.32926940917969
2014-09-18 03,23.826457977294922,1.7376195192337036,88.92276763916016,36.585365295410156
2014-09-18 04,23.648649215698242,1.7376195192337036,0.0,0.0
2014-09-18 05,0.0,1.7376195192337036,84.85772705078125,0.0
2014-09-18 06,28.98293113708496,1.7376195192337036,86.38211059570312,38.10975646972656
2014-09-18 07,0.0,0.0,0.0,35.67073059082031
2014-09-18 08,0.0,1.7376195192337036,0.0,0.0
2014-09-18 09,0.0,1.9548219442367554,84.85772705078125,35.36585235595703
2014-09-18 10,32.36130905151367,1.7376195192337036,0.0,0.0
2014-09-18 11,0.0,0.0,110.26422882080078,36.89024353027344
2014-09-18 12,29.33854866027832,0.0,0.0,0.0
2014-09-18 13,0.0,1.7376195192337036,0.0,35.36585235595703
2014-09-18 14,29.516359329223633,1.5204169750213623,85.36585235595703,0.0
2014-09-18 15,0.0,0.0,77.23577117919922,42.378047943115234
2014-09-18 16,0.0,1.7376195192337036,0.0,0.0
2014-09-18 17,28.44950294494629,1.7376195192337036,109.75609588623047,0.0
2014-09-18 18,0.0,1.5204169750213623,139.22764587402344,0.0
2014-09-18 19,0.0,0.0,163.10975646972656,63.10975646972656
2014-09-18 20,0.0,1.9548219442367554,172.256103515625,58.84146499633789
2014-09-18 21,32.71692657470703,1.7376195192337036,157.52032470703125,65.24390411376953
2014-09-18 22,29.16073989868164,1.7376195192337036,0.0,62.5
2014-09-18 23,0.0,1.7376195192337036,127.5406494140625,59.75609588623047
2014-09-19 00,0.0,0.0,118.90243530273438,0.0
2014-09-19 01,0.0,0.0,0.0,46.95121765136719
2014-09-19 02,23.29302978515625,1.7376195192337036,83.33333587646484,0.0
2014-09-19 03,23.826457977294922,1.7376195192337036,88.41463470458984,40.85365676879883
2014-09-19 04,0.0,0.0,80.28455352783203,38.10975646972656
2014-09-19 05,25.426742553710938,1.7376195192337036,85.87398529052734,0.0
2014-09-19 06,28.271692276000977,1.7376195192337036,0.0,37.80487823486328
2014-09-19 07,36.984352111816406,0.0,84.34959411621094,34.75609588623047
2014-09-19 08,34.31721115112305,0.0,93.49593353271484,0.0
2014-09-19 09,0.0,0.8688097596168518,0.0,37.19512176513672
2014-09-19 10,0.0,0.0,0.0,44.817073822021484
2014-09-19 11,0.0,1.3032145500183105,96.54471588134766,0.0
2014-09-19 12,30.938833236694336,1.3032145500183105,113.3130111694336,47.25609588623047
2014-09-19 13,30.938833236694336,1.7376195192337036,108.23170471191406,0.0
2014-09-19 14,30.938833236694336,0.0,0.0,0.0
2014-09-19 15,29.16073989868164,0.0,0.0,0.0
2014-09-19 16,30.405405044555664,1.7376195192337036,0.0,0.0
2014-09-19 17,0.0,0.0,95.02032470703125,0.0
2014-09-19 18,0.0,0.0,0.0,47.25609588623047
2014-09-19 19,34.67283248901367,1.7376195192337036,147.86585998535156,53.04878234863281
2014-09-19 20,33.428165435791016,0.0,176.8292694091797,0.0
2014-09-19 21,32.36130905151367,1.7376195192337036,164.63414001464844,56.70731735229492
2014-09-19 22,28.98293113708496,1.7376195192337036,153.96340942382812,0.0
2014-09-19 23,0.0,1.7376195192337036,0.0,0.0
2014-09-20 00,0.0,1.7376195192337036,0.0,0.0
2014-09-20 01,0.0,0.0,98.06910705566406,0.0
2014-09-20 02,23.29302978515625,1.7376195192337036,85.87398529052734,0.0
2014-09-20 03,23.29302978515625,1.7376195192337036,0.0,0.0
2014-09-20 04,0.0,1.7376195192337036,80.28455352783203,38.414634704589844
2014-09-20 05,26.13797950744629,2.1720242500305176,0.0,38.10975646972656
2014-09-20 06,25.604551315307617,0.0,74.69512176513672,0.0
2014-09-20 07,0.0,0.0,70.63008117675781,29.878047943115234
2014-09-20 08,0.0,2.1720242500305176,0.0,33.84146499633789
2014-09-20 09,0.0,3.0408339500427246,0.0,34.75609588623047
2014-09-20 10,33.60597610473633,1.9548219442367554,0.0,0.0
2014-09-20 11,0.0,1.7376195192337036,140.7520294189453,54.26829147338867
2014-09-20 12,0.0,0.0,139.22764587402344,49.39024353027344
2014-09-20 13,0.0,1.7376195192337036,107.21544647216797,39.93902587890625
2014-09-20 14,0.0,1.7376195192337036,104.16666412353516,46.34146499633789
2014-09-20 15,33.072547912597656,1.7376195192337036,118.90243530273438,0.0
2014-09-20 16,0.0,1.7376195192337036,0.0,41.46341323852539
2014-09-20 17,30.227596282958984,1.9548219442367554,117.3780517578125,47.86585235595703
2014-09-20 18,30.405405044555664,1.7376195192337036,128.0487823486328,48.17073059082031
2014-09-20 19,34.31721115112305,0.0,0.0,55.182926177978516
2014-09-20 20,34.31721115112305,1.7376195192337036,166.6666717529297,58.84146499633789
2014-09-20 21,31.11664390563965,1.7376195192337036,133.63821411132812,0.0
2014-09-20 22,28.62731170654297,1.7376195192337036,0.0,50.30487823486328
2014-09-20 23,27.916074752807617,1.7376195192337036,133.1300811767578,48.17073059082031
2014-09-21 00,26.849218368530273,1.7376195192337036,0.0,49.085365295410156
2014-09-21 01,24.0042667388916,0.0,101.62601470947266,0.0
2014-09-21 02,23.11522102355957,0.0,0.0,40.54878234863281
2014-09-21 03,23.11522102355957,0.0,91.46341705322266,37.19512176513672
2014-09-21 04,0.0,1.5204169750213623,83.84146118164062,36.280487060546875
2014-09-21 05,24.893314361572266,0.0,0.0,35.975608825683594
2014-09-21 06,24.537694931030273,1.7376195192337036,82.31707000732422,39.024391174316406
2014-09-21 07,26.3157901763916,0.0,0.0,27.7439022064209
2014-09-21 08,0.0,0.0,75.20325469970703,27.7439022064209
2014-09-21 09,0.0,1.7376195192337036,96.03658294677734,0.0
2014-09-21 10,0.0,0.0,127.5406494140625,37.80487823486328
2014-09-21 11,34.139404296875,0.0,160.06097412109375,55.182926177978516
2014-09-21 12,34.139404296875,1.7376195192337036,153.45529174804688,55.4878044128418
2014-09-21 13,33.783782958984375,1.7376195192337036,0.0,33.23170852661133
2014-09-21 14,34.67283248901367,0.0,97.05284881591797,26.219512939453125
2014-09-21 15,32.00569152832031,0.0,0.0,25.914634704589844
2014-09-21 16,0.0,1.7376195192337036,0.0,24.390243530273438
2014-09-21 17,30.227596282958984,0.0,0.0,0.0
2014-09-21 18,30.938833236694336,1.7376195192337036,102.13414764404297,33.53658676147461
2014-09-21 19,0.0,1.9548219442367554,0.0,41.15853500366211
2014-09-21 20,34.139404296875,1.7376195192337036,0.0,57.621952056884766
2014-09-21 21,32.36130905151367,0.0,148.3739776611328,0.0
2014-09-21 22,28.98293113708496,0.0,129.5731658935547,57.92683029174805
2014-09-21 23,28.271692276000977,0.0,124.49186706542969,57.92683029174805
2014-09-22 00,26.13797950744629,0.0,0.0,50.30487823486328
2014-09-22 01,0.0,0.0,0.0,0.0
2014-09-22 02,23.11522102355957,1.7376195192337036,0.0,0.0
2014-09-22 03,0.0,1.5204169750213623,91.46341705322266,34.45121765136719
2014-09-22 04,23.29302978515625,0.0,86.38211059570312,0.0
2014-09-22 05,25.071123123168945,0.0,0.0,33.23170852661133
2014-09-22 06,27.916074752807617,1.7376195192337036,0.0,36.585365295410156
2014-09-22 07,36.62873458862305,0.0,0.0,33.23170852661133
2014-09-22 08,33.96159362792969,1.7376195192337036,95.52845764160156,0.0
2014-09-22 09,33.2503547668457,1.7376195192337036,98.06910705566406,30.182926177978516
2014-09-22 10,0.0,1.7376195192337036,107.21544647216797,32.0121955871582
2014-09-22 11,32.71692657470703,1.3032145500183105,0.0,36.89024353027344
2014-09-22 12,31.294452667236328,0.0,105.18292999267578,51.82926940917969
2014-09-22 13,31.11664390563965,1.5204169750213623,98.06910705566406,37.5
2014-09-22 14,30.405405044555664,1.3032145500183105,0.0,0.0
2014-09-22 15,29.16073989868164,1.5204169750213623,84.34959411621094,0.0
2014-09-22 16,29.516359329223633,1.7376195192337036,93.49593353271484,41.76829147338867
2014-09-22 17,29.516359329223633,1.7376195192337036,0.0,42.378047943115234
2014-09-22 18,0.0,2.1720242500305176,111.28048706054688,0.0
2014-09-22 19,35.5618782043457,0.0,157.52032470703125,0.0
2014-09-22 20,34.139404296875,1.7376195192337036,0.0,0.0
2014-09-22 21,0.0,1.7376195192337036,0.0,0.0
2014-09-22 22,0.0,0.0,152.43902587890625,66.15853881835938
2014-09-22 23,0.0,1.7376195192337036,0.0,58.84146499633789
2014-09-23 00,0.0,1.7376195192337036,0.0,0.0
2014-09-23 01,0.0,1.7376195192337036,0.0,43.90243911743164
2014-09-23 02,0.0,0.0,0.0,40.24390411376953
2014-09-23 03,23.29302978515625,0.0,0.0,35.67073059082031
2014-09-23 04,23.648649215698242,1.7376195192337036,89.93902587890625,0.0
2014-09-23 05,0.0,0.0,86.89024353027344,35.975608825683594
2014-09-23 06,27.738264083862305,0.0,0.0,35.975608825683594
2014-09-23 07,36.80654525756836,1.7376195192337036,91.46341705322266,39.32926940917969
2014-09-23 08,34.49502182006836,1.7376195192337036,88.92276763916016,33.84146499633789
2014-09-23 09,0.0,0.0,95.02032470703125,28.658536911010742
2014-09-23 10,0.0,1.5204169750213623,0.0,31.40243911743164
2014-09-23 11,31.472261428833008,0.0,0.0,38.414634704589844
2014-09-23 12,30.583215713500977,0.0,0.0,0.0
2014-09-23 13,0.0,1.7376195192337036,0.0,0.0
2014-09-23 14,30.583215713500977,1.7376195192337036,0.0,0.0
2014-09-23 15,0.0,1.7376195192337036,85.36585235595703,30.487804412841797
2014-09-23 16,0.0,1.7376195192337036,0.0,38.414634704589844
2014-09-23 17,30.583215713500977,1.7376195192337036,0.0,36.585365295410156
2014-09-23 18,32.18349838256836,2.1720242500305176,124.49186706542969,51.219512939453125
2014-09-23 19,0.0,0.0,0.0,0.0
2014-09-23 20,0.0,0.0,189.5325164794922,60.06097412109375
2014-09-23 21,0.0,1.7376195192337036,0.0,60.67073059082031
2014-09-23 22,29.516359329223633,0.0,154.47154235839844,0.0
2014-09-23 23,0.0,1.7376195192337036,0.0,50.0
2014-09-24 00,0.0,1.7376195192337036,0.0,39.93902587890625
2014-09-24 01,23.648649215698242,0.0,0.0,0.0
2014-09-24 02,22.937410354614258,1.5204169750213623,0.0,0.0
2014-09-24 03,23.11522102355957,1.7376195192337036,88.41463470458984,0.0
2014-09-24 04,23.648649215698242,1.7376195192337036,87.39837646484375,39.024391174316406
2014-09-24 05,0.0,1.7376195192337036,0.0,38.719512939453125
2014-09-24 06,28.44950294494629,0.0,87.90650177001953,36.89024353027344
2014-09-24 07,37.51778030395508,1.7376195192337036,0.0,36.280487060546875
2014-09-24 08,0.0,1.7376195192337036,89.43089294433594,31.707317352294922
2014-09-24 09,0.0,1.7376195192337036,0.0,0.0
2014-09-24 10,0.0,1.5204169750213623,0.0,0.0
2014-09-24 11,31.11664390563965,0.0,0.0,29.573171615600586
2014-09-24 12,31.827880859375,1.5204169750213623,91.46341705322266,0.0
2014-09-24 13,0.0,1.7376195192337036,0.0,23.780487060546875
2014-09-24 14,0.0,0.0,0.0,23.780487060546875
2014-09-24 15,29.16073989868164,0.0,90.44715118408203,29.573171615600586
2014-09-24 16,27.738264083862305,1.7376195192337036,96.03658294677734,34.45121765136719
2014-09-24 17,0.0,2.1720242500305176,0.0,0.0
2014-09-24 18,27.560455322265625,0.0,0.0,53.96341323852539
2014-09-24 19,0.0,0.0,143.80081176757812,55.79268264770508
2014-09-24 20,0.0,1.7376195192337036,177.8455352783203,0.0
2014-09-24 21,28.62731170654297,0.0,150.40650939941406,63.10975646972656
2014-09-24 22,25.78236198425293,1.7376195192337036,154.47154235839844,61.280487060546875
2014-09-24 23,23.826457977294922,1.7376195192337036,0.0,53.65853500366211
2014-09-25 00,22.403982162475586,1.7376195192337036,110.77235412597656,0.0
2014-09-25 01,0.0,1.7376195192337036,96.03658294677734,39.024391174316406
2014-09-25 02,19.736841201782227,0.0,84.85772705078125,38.719512939453125
2014-09-25 03,19.381223678588867,1.7376195192337036,87.39837646484375,0.0
2014-09-25 04,0.0,1.7376195192337036,83.33333587646484,33.53658676147461
2014-09-25 05,22.5817928314209,0.0,85.36585235595703,0.0
2014-09-25 06,0.0,1.7376195192337036,90.95528411865234,35.975608825683594
2014-09-25 07,33.783782958984375,1.7376195192337036,0.0,34.45121765136719
2014-09-25 08,31.472261428833008,1.7376195192337036,85.36585235595703,28.04878044128418
2014-09-25 09,0.0,1.9548219442367554,83.33333587646484,27.134145736694336
2014-09-25 10,28.093883514404297,1.7376195192337036,102.13414764404297,0.0
2014-09-25 11,0.0,1.7376195192337036,0.0,32.92683029174805
2014-09-25 12,0.0,1.7376195192337036,93.49593353271484,0.0
2014-09-25 13,27.560455322265625,1.7376195192337036,94.00406646728516,0.0
2014-09-25 14,0.0,1.5204169750213623,72.66260528564453,34.45121765136719
2014-09-25 15,25.96017074584961,1.5204169750213623,0.0,0.0
2014-09-25 16,0.0,1.7376195192337036,81.30081176757812,39.024391174316406
2014-09-25 17,0.0,1.7376195192337036,87.90650177001953,44.5121955871582
2014-09-25 18,0.0,0.0,108.73983764648438,52.74390411376953
2014-09-25 19,29.694168090820312,0.0,168.69918823242188,64.32926940917969
2014-09-25 20,30.761024475097656,1.9548219442367554,0.0,0.0
2014-09-25 21,28.62731170654297,0.0,165.65040588378906,64.0243911743164
2014-09-25 22,0.0,1.7376195192337036,0.0,66.15853881835938
2014-09-25 23,0.0,1.7376195192337036,117.3780517578125,57.92683029174805
2014-09-26 00,22.048364639282227,1.7376195192337036,109.24797058105469,0.0
2014-09-26 01,19.559032440185547,1.7376195192337036,0.0,38.719512939453125
2014-09-26 02,0.0,1.7376195192337036,0.0,36.89024353027344
2014-09-26 03,19.203413009643555,1.7376195192337036,88.92276763916016,34.45121765136719
2014-09-26 04,0.0,0.0,88.41463470458984,0.0
2014-09-26 05,21.514936447143555,0.0,87.39837646484375,37.5
2014-09-26 06,23.826457977294922,1.7376195192337036,89.43089294433594,40.85365676879883
2014-09-26 07,33.428165435791016,1.7376195192337036,77.74390411376953,0.0
2014-09-26 08,30.761024475097656,1.7376195192337036,0.0,0.0
2014-09-26 09,0.0,0.8688097596168518,84.34959411621094,0.0
2014-09-26 10,0.0,1.3032145500183105,0.0,31.09756088256836
2014-09-26 11,29.516359329223633,0.0,89.93902587890625,0.0
2014-09-26 12,29.16073989868164,1.3032145500183105,0.0,31.707317352294922
2014-09-26 13,26.849218368530273,1.7376195192337036,96.54471588134766,23.170732498168945
2014-09-26 14,16.714082717895508,1.7376195192337036,0.0,0.0
2014-09-26 15,26.67140769958496,1.7376195192337036,0.0,32.0121955871582
2014-09-26 16,0.0,1.7376195192337036,88.92276763916016,35.06097412109375
2014-09-26 17,26.49359893798828,1.5204169750213623,0.0,33.84146499633789
2014-09-26 18,27.027027130126953,2.1720242500305176,0.0,42.07316970825195
2014-09-26 19,0.0,0.0,0.0,0.0
2014-09-26 20,30.227596282958984,0.0,172.76422119140625,0.0
2014-09-26 21,0.0,0.0,0.0,56.70731735229492
2014-09-26 22,25.248933792114258,1.7376195192337036,147.35772705078125,57.92683029174805
2014-09-26 23,24.359886169433594,0.0,124.49186706542969,0.0
2014-09-27 00,0.0,1.7376195192337036,115.34552764892578,0.0
2014-09-27 01,20.2702693939209,1.7376195192337036,0.0,38.10975646972656
2014-09-27 02,0.0,1.7376195192337036,0.0,36.585365295410156
2014-09-27 03,19.025604248046875,0.0,0.0,36.280487060546875
2014-09-27 04,0.0,1.7376195192337036,87.39837646484375,0.0
2014-09-27 05,21.159317016601562,0.0,0.0,34.45121765136719
2014-09-27 06,21.514936447143555,1.7376195192337036,81.80894470214844,35.06097412109375
2014-09-27 07,0.0,1.7376195192337036,0.0,26.524391174316406
2014-09-27 08,0.0,2.1720242500305176,88.92276763916016,0.0
2014-09-27 09,0.0,3.0408339500427246,108.73983764648438,33.53658676147461
2014-09-27 10,30.938833236694336,1.9548219442367554,124.49186706542969,34.75609588623047
2014-09-27 11,29.33854866027832,1.7376195192337036,0.0,39.32926940917969
2014-09-27 12,28.80512046813965,0.0,127.5406494140625,42.682926177978516
2014-09-27 13,0.0,1.7376195192337036,111.28048706054688,0.0
2014-09-27 14,10.13513469696045,1.7376195192337036,109.24797058105469,35.36585235595703
2014-09-27 15,10.490754127502441,0.0,119.918701171875,0.0
2014-09-27 16,30.227596282958984,1.7376195192337036,0.0,38.414634704589844
2014-09-27 17,0.0,1.9548219442367554,133.63821411132812,44.817073822021484
2014-09-27 18,30.049787521362305,0.0,0.0,0.0
2014-09-27 19,30.227596282958984,0.0,157.52032470703125,55.4878044128418
2014-09-27 20,0.0,1.7376195192337036,190.0406494140625,64.63414764404297
2014-09-27 21,0.0,1.7376195192337036,145.32521057128906,62.5
2014-09-27 22,0.0,1.7376195192337036,126.5243911743164,0.0
2014-09-27 23,26.13797950744629,1.7376195192337036,0.0,57.0121955871582
2014-09-28 00,0.0,1.7376195192337036,117.88617706298828,0.0
2014-09-28 01,21.337125778198242,0.0,94.00406646728516,0.0
2014-09-28 02,20.44808006286621,0.0,0.0,39.024391174316406
2014-09-28 03,20.44808006286621,1.5204169750213623,0.0,0.0
2014-09-28 04,20.62588882446289,1.5204169750213623,86.38211059570312,34.14634323120117
2014-09-28 05,22.226173400878906,1.7376195192337036,88.92276763916016,0.0
2014-09-28 06,22.5817928314209,1.7376195192337036,75.20325469970703,34.45121765136719
2014-09-28 07,0.0,1.7376195192337036,73.67886352539062,27.439023971557617
2014-09-28 08,27.738264083862305,0.0,86.89024353027344,28.35365867614746
2014-09-28 09,31.294452667236328,1.7376195192337036,99.08536529541016,31.707317352294922
2014-09-28 10,32.18349838256836,0.0,123.9837417602539,31.40243911743164
2014-09-28 11,0.0,0.0,0.0,0.0
2014-09-28 12,33.2503547668457,0.0,164.1260223388672,46.34146499633789
2014-09-28 13,0.0,0.0,0.0,0.0
2014-09-28 14,0.0,0.0,110.26422882080078,32.317073822021484
2014-09-28 15,29.871976852416992,1.5204169750213623,0.0,0.0
2014-09-28 16,0.0,1.7376195192337036,0.0,0.0
2014-09-28 17,29.516359329223633,0.0,0.0,33.23170852661133
2014-09-28 18,30.049787521362305,0.0,0.0,0.0
2014-09-28 19,32.00569152832031,0.0,0.0,37.19512176513672
2014-09-28 20,32.00569152832031,1.7376195192337036,187.5,52.74390411376953
2014-09-28 21,0.0,0.0,156.50405883789062,56.09756088256836
2014-09-28 22,0.0,1.7376195192337036,154.97967529296875,52.74390411376953
2014-09-28 23,26.67140769958496,0.0,0.0,46.95121765136719
2014-09-29 00,24.0042667388916,0.0,111.78861999511719,40.24390411376953
2014-09-29 01,20.981508255004883,1.7376195192337036,0.0,37.5
2014-09-29 02,20.62588882446289,1.7376195192337036,86.38211059570312,0.0
2014-09-29 03,20.44808006286621,1.5204169750213623,0.0,33.23170852661133
2014-09-29 04,0.0,0.0,74.1869888305664,0.0
2014-09-29 05,22.5817928314209,0.0,0.0,32.621952056884766
2014-09-29 06,0.0,0.0,0.0,34.75609588623047
2014-09-29 07,33.96159362792969,1.7376195192337036,0.0,0.0
2014-09-29 08,32.539119720458984,1.7376195192337036,96.54471588134766,29.573171615600586
2014-09-29 09,30.761024475097656,1.7376195192337036,0.0,27.134145736694336
2014-09-29 10,29.516359329223633,1.7376195192337036,0.0,0.0
2014-09-29 11,29.694168090820312,0.0,95.02032470703125,30.792682647705078
2014-09-29 12,0.0,1.3032145500183105,98.06910705566406,32.0121955871582
2014-09-29 13,0.0,1.5204169750213623,88.92276763916016,28.658536911010742
2014-09-29 14,27.027027130126953,1.3032145500183105,83.84146118164062,30.182926177978516
2014-09-29 15,25.96017074584961,1.5204169750213623,88.41463470458984,0.0
2014-09-29 16,0.0,1.7376195192337036,98.57723236083984,0.0
2014-09-29 17,0.0,1.7376195192337036,100.10162353515625,0.0
2014-09-29 18,0.0,2.1720242500305176,119.41056823730469,45.121952056884766
2014-09-29 19,32.18349838256836,1.7376195192337036,159.55284118652344,0.0
2014-09-29 20,30.227596282958984,0.0,0.0,0.0
2014-09-29 21,28.80512046813965,1.7376195192337036,0.0,57.0121955871582
2014-09-29 22,25.96017074584961,0.0,0.0,0.0
2014-09-29 23,24.182077407836914,1.7376195192337036,118.3943099975586,0.0
2014-09-30 00,0.0,0.0,106.19918823242188,39.32926940917969
2014-09-30 01,19.91465187072754,1.7376195192337036,94.51219177246094,0.0
2014-09-30 02,0.0,1.7376195192337036,0.0,33.53658676147461
2014-09-30 03,18.669986724853516,1.7376195192337036,89.93902587890625,33.23170852661133
2014-09-30 04,0.0,0.0,88.41463470458984,34.45121765136719
2014-09-30 05,0.0,1.7376195192337036,83.84146118164062,32.92683029174805
2014-09-30 06,0.0,1.7376195192337036,95.02032470703125,35.975608825683594
2014-09-30 07,0.0,0.0,84.85772705078125,0.0
2014-09-30 08,0.0,0.0,85.36585235595703,0.0
2014-09-30 09,28.80512046813965,1.7376195192337036,0.0,29.268293380737305
2014-09-30 10,0.0,0.0,0.0,0.0
2014-09-30 11,27.560455322265625,1.5204169750213623,87.39837646484375,34.45121765136719
2014-09-30 12,0.0,0.0,0.0,0.0
2014-09-30 13,27.204835891723633,1.7376195192337036,78.76016235351562,0.0
2014-09-30 14,26.3157901763916,1.7376195192337036,80.79268646240234,0.0
2014-09-30 15,25.78236198425293,1.7376195192337036,74.69512176513672,0.0
2014-09-30 16,26.67140769958496,1.7376195192337036,74.1869888305664,0.0
2014-09-30 17,26.3157901763916,1.7376195192337036,91.97154235839844,42.9878044128418
2014-09-30 18,28.98293113708496,0.0,0.0,43.90243911743164
2014-09-30 19,0.0,1.7376195192337036,159.04470825195312,55.182926177978516
2014-09-30 20,29.871976852416992,1.7376195192337036,194.10569763183594,0.0
2014-09-30 21,0.0,1.7376195192337036,170.73170471191406,0.0
2014-09-30 22,26.49359893798828,0.0,148.88211059570312,0.0
2014-09-30 23,24.715505599975586,0.0,126.0162582397461,52.74390411376953
2014-10-01 00,23.11522102355957,1.7376195192337036,0.0,0.0
2014-10-01 01,19.91465187072754,1.7376195192337036,104.16666412353516,37.80487823486328
2014-10-01 02,19.381223678588867,1.5204169750213623,93.49593353271484,36.585365295410156
2014-10-01 03,18.847795486450195,0.0,86.89024353027344,34.45121765136719
2014-10-01 04,19.203413009643555,1.7376195192337036,0.0,36.280487060546875
2014-10-01 05,0.0,1.7376195192337036,0.0,33.84146499633789
2014-10-01 06,0.0,1.7376195192337036,82.82520294189453,36.280487060546875
2014-10-01 07,33.428165435791016,1.7376195192337036,0.0,39.93902587890625
2014-10-01 08,32.18349838256836,1.7376195192337036,0.0,33.84146499633789
2014-10-01 09,29.694168090820312,0.0,88.92276763916016,0.0
2014-10-01 10,0.0,1.5204169750213623,0.0,28.35365867614746
2014-10-01 11,28.98293113708496,1.5204169750213623,87.90650177001953,29.573171615600586
2014-10-01 12,0.0,1.5204169750213623,85.87398529052734,0.0
2014-10-01 13,30.049787521362305,1.7376195192337036,0.0,0.0
2014-10-01 14,0.0,1.5204169750213623,82.31707000732422,23.780487060546875
2014-10-01 15,25.96017074584961,1.5204169750213623,0.0,29.878047943115234
2014-10-01 16,26.13797950744629,0.0,0.0,0.0
2014-10-01 17,27.204835891723633,0.0,87.90650177001953,0.0
2014-10-01 18,0.0,2.606429100036621,0.0,0.0
2014-10-01 19,35.739688873291016,1.7376195192337036,0.0,49.69512176513672
2014-10-01 20,33.96159362792969,1.7376195192337036,0.0,0.0
2014-10-01 21,29.694168090820312,1.7376195192337036,0.0,0.0
2014-10-01 22,28.093883514404297,1.7376195192337036,0.0,59.14634323120117
2014-10-01 23,25.96017074584961,0.0,136.17886352539062,57.317073822021484
2014-10-02 00,24.182077407836914,0.0,124.49186706542969,0.0
2014-10-02 01,20.62588882446289,0.0,107.21544647216797,0.0
2014-10-02 02,19.736841201782227,1.7376195192337036,92.47967529296875,37.80487823486328
2014-10-02 03,19.559032440185547,0.0,0.0,35.67073059082031
2014-10-02 04,19.736841201782227,0.0,94.00406646728516,0.0
2014-10-02 05,0.0,0.0,86.38211059570312,0.0
2014-10-02 06,0.0,1.7376195192337036,0.0,0.0
2014-10-02 07,0.0,0.0,94.51219177246094,39.024391174316406
2014-10-02 08,0.0,1.7376195192337036,90.44715118408203,0.0
2014-10-02 09,30.227596282958984,0.0,0.0,29.573171615600586
2014-10-02 10,29.33854866027832,0.0,0.0,0.0
2014-10-02 11,29.516359329223633,0.0,85.36585235595703,41.15853500366211
2014-10-02 12,0.0,0.0,0.0,41.46341323852539
2014-10-02 13,28.62731170654297,1.7376195192337036,0.0,0.0
2014-10-02 14,27.738264083862305,0.0,89.93902587890625,0.0
2014-10-02 15,0.0,0.0,79.26829528808594,40.24390411376953
2014-10-02 16,30.761024475097656,1.7376195192337036,90.95528411865234,43.90243911743164
2014-10-02 17,30.227596282958984,0.0,0.0,0.0
2014-10-02 18,32.18349838256836,1.5204169750213623,103.65853881835938,0.0
2014-10-02 19,35.739688873291016,1.7376195192337036,0.0,61.89024353027344
2014-10-02 20,33.2503547668457,1.9548219442367554,0.0,79.8780517578125
2014-10-02 21,29.33854866027832,1.7376195192337036,175.30487060546875,0.0
2014-10-02 22,28.62731170654297,1.7376195192337036,161.5853729248047,0.0
2014-10-02 23,26.3157901763916,1.7376195192337036,0.0,53.04878234863281
2014-10-03 00,0.0,0.0,114.32926940917969,43.90243911743164
2014-10-03 01,0.0,0.0,101.62601470947266,40.54878234863281
2014-10-03 02,0.0,1.7376195192337036,0.0,38.10975646972656
2014-10-03 03,0.0,0.0,88.92276763916016,0.0
2014-10-03 04,0.0,1.7376195192337036,0.0,0.0
2014-10-03 05,0.0,1.7376195192337036,86.89024353027344,33.53658676147461
2014-10-03 06,0.0,0.0,0.0,35.36585235595703
2014-10-03 07,35.739688873291016,0.0,92.47967529296875,0.0
2014-10-03 08,34.31721115112305,1.7376195192337036,0.0,43.90243911743164
2014-10-03 09,31.650070190429688,0.8688097596168518,94.51219177246094,32.621952056884766
2014-10-03 10,0.0,0.0,96.54471588134766,0.0
2014-10-03 11,30.583215713500977,0.0,99.08536529541016,31.40243911743164
2014-10-03 12,27.204835891723633,1.3032145500183105,95.52845764160156,36.280487060546875
2014-10-03 13,0.0,0.0,88.41463470458984,32.0121955871582
2014-10-03 14,29.16073989868164,1.7376195192337036,0.0,38.414634704589844
2014-10-03 15,0.0,0.0,0.0,36.89024353027344
2014-10-03 16,0.0,1.7376195192337036,95.02032470703125,38.10975646972656
2014-10-03 17,31.11664390563965,1.5204169750213623,102.64227294921875,43.90243911743164
2014-10-03 18,30.583215713500977,2.1720242500305176,0.0,0.0
2014-10-03 19,0.0,1.7376195192337036,0.0,0.0
2014-10-03 20,0.0,0.0,209.85772705078125,64.0243911743164
2014-10-03 21,28.80512046813965,1.7376195192337036,160.06097412109375,57.317073822021484
2014-10-03 22,0.0,1.7376195192337036,164.63414001464844,0.0
2014-10-03 23,25.426742553710938,1.7376195192337036,142.7845458984375,0.0
2014-10-04 00,24.893314361572266,1.7376195192337036,124.49186706542969,0.0
2014-10-04 01,0.0,1.7376195192337036,100.60975646972656,45.121952056884766
2014-10-04 02,20.981508255004883,0.0,84.34959411621094,38.10975646972656
2014-10-04 03,0.0,0.0,0.0,35.06097412109375
2014-10-04 04,20.44808006286621,0.0,87.39837646484375,34.14634323120117
2014-10-04 05,24.0042667388916,0.0,85.87398529052734,0.0
2014-10-04 06,25.96017074584961,1.7376195192337036,81.30081176757812,0.0
2014-10-04 07,0.0,0.0,80.79268646240234,36.280487060546875
2014-10-04 08,29.871976852416992,0.0,105.18292999267578,39.024391174316406
2014-10-04 09,0.0,3.0408339500427246,99.59349822998047,0.0
2014-10-04 10,0.0,1.9548219442367554,0.0,0.0
2014-10-04 11,31.472261428833008,1.7376195192337036,114.32926940917969,36.585365295410156
2014-10-04 12,0.0,0.0,122.96747589111328,0.0
2014-10-04 13,0.0,1.7376195192337036,113.82113647460938,0.0
2014-10-04 14,29.871976852416992,0.0,113.82113647460938,32.621952056884766
2014-10-04 15,0.0,0.0,107.72357940673828,33.84146499633789
2014-10-04 16,28.62731170654297,0.0,0.0,33.23170852661133
2014-10-04 17,0.0,0.0,106.70731353759766,0.0
2014-10-04 18,32.18349838256836,0.0,103.65853881835938,0.0
2014-10-04 19,0.0,1.7376195192337036,0.0,46.34146499633789
2014-10-04 20,0.0,1.7376195192337036,0.0,0.0
2014-10-04 21,27.560455322265625,0.0,137.19512939453125,0.0
2014-10-04 22,26.13797950744629,1.7376195192337036,0.0,0.0
2014-10-04 23,0.0,1.7376195192337036,0.0,55.79268264770508
2014-10-05 00,24.537694931030273,1.7376195192337036,116.36178588867188,0.0
2014-10-05 01,21.692745208740234,0.0,104.67479705810547,41.15853500366211
2014-10-05 02,0.0,0.0,0.0,0.0
2014-10-05 03,19.736841201782227,1.5204169750213623,0.0,35.67073059082031
2014-10-05 04,0.0,0.0,85.87398529052734,0.0
2014-10-05 05,22.759601593017578,1.7376195192337036,0.0,34.45121765136719
2014-10-05 06,23.29302978515625,1.7376195192337036,82.82520294189453,36.280487060546875
2014-10-05 07,0.0,0.0,71.13821411132812,0.0
2014-10-05 08,26.849218368530273,0.0,79.77642059326172,28.658536911010742
2014-10-05 09,0.0,0.0,0.0,30.487804412841797
2014-10-05 10,31.11664390563965,0.0,134.6544647216797,34.14634323120117
2014-10-05 11,0.0,1.7376195192337036,0.0,37.80487823486328
2014-10-05 12,32.00569152832031,0.0,126.0162582397461,0.0
2014-10-05 13,0.0,1.7376195192337036,101.62601470947266,0.0
2014-10-05 14,0.0,0.0,0.0,28.963415145874023
2014-10-05 15,29.694168090820312,0.0,93.49593353271484,25.914634704589844
2014-10-05 16,27.916074752807617,0.0,86.38211059570312,24.69512176513672
2014-10-05 17,28.98293113708496,0.0,0.0,0.0
2014-10-05 18,28.98293113708496,0.0,87.39837646484375,34.75609588623047
2014-10-05 19,0.0,0.0,121.95121765136719,42.9878044128418
2014-10-05 20,28.98293113708496,0.0,0.0,53.65853500366211
2014-10-05 21,28.62731170654297,1.7376195192337036,0.0,50.914634704589844
2014-10-05 22,26.3157901763916,0.0,0.0,0.0
2014-10-05 23,24.893314361572266,0.0,117.88617706298828,0.0
2014-10-06 00,0.0,0.0,110.26422882080078,0.0
2014-10-06 01,20.981508255004883,0.0,0.0,0.0
2014-10-06 02,0.0,0.0,90.44715118408203,37.19512176513672
2014-10-06 03,19.559032440185547,1.5204169750213623,86.38211059570312,0.0
2014-10-06 04,0.0,1.7376195192337036,0.0,0.0
2014-10-06 05,23.11522102355957,1.7376195192337036,84.85772705078125,0.0
2014-10-06 06,27.382646560668945,1.7376195192337036,84.34959411621094,33.53658676147461
2014-10-06 07,37.87339782714844,0.0,87.39837646484375,37.80487823486328
2014-10-06 08,32.894737243652344,1.7376195192337036,104.16666412353516,0.0
2014-10-06 09,0.0,1.7376195192337036,0.0,29.573171615600586
2014-10-06 10,28.98293113708496,1.7376195192337036,0.0,0.0
2014-10-06 11,28.44950294494629,1.3032145500183105,100.10162353515625,32.92683029174805
2014-10-06 12,28.80512046813965,0.0,0.0,43.59756088256836
2014-10-06 13,0.0,0.0,97.56097412109375,38.414634704589844
2014-10-06 14,28.44950294494629,0.0,81.30081176757812,0.0
2014-10-06 15,0.0,1.5204169750213623,79.77642059326172,0.0
2014-10-06 16,26.3157901763916,0.0,92.47967529296875,45.73170852661133
2014-10-06 17,0.0,0.0,0.0,0.0
2014-10-06 18,0.0,2.1720242500305176,0.0,0.0
2014-10-06 19,31.472261428833008,0.0,0.0,0.0
2014-10-06 20,30.049787521362305,0.0,0.0,66.15853881835938
2014-10-06 21,0.0,0.0,157.52032470703125,58.23170852661133
2014-10-06 22,25.96017074584961,1.7376195192337036,141.76829528808594,0.0
2014-10-06 23,24.359886169433594,1.7376195192337036,0.0,0.0
2014-10-07 00,23.47083854675293,0.0,109.75609588623047,43.90243911743164
2014-10-07 01,20.09246063232422,1.7376195192337036,0.0,0.0
2014-10-07 02,19.736841201782227,1.7376195192337036,85.36585235595703,0.0
2014-10-07 03,0.0,0.0,83.33333587646484,0.0
2014-10-07 04,0.0,1.7376195192337036,86.89024353027344,37.5
2014-10-07 05,22.5817928314209,1.7376195192337036,0.0,33.53658676147461
2014-10-07 06,25.248933792114258,1.7376195192337036,0.0,35.67073059082031
2014-10-07 07,0.0,1.7376195192337036,85.36585235595703,37.5
2014-10-07 08,29.16073989868164,1.7376195192337036,94.00406646728516,36.585365295410156
2014-10-07 09,0.0,1.7376195192337036,0.0,34.14634323120117
2014-10-07 10,26.3157901763916,0.0,0.0,32.621952056884766
2014-10-07 11,0.0,1.5204169750213623,0.0,35.36585235595703
2014-10-07 12,0.0,0.0,98.06910705566406,42.07316970825195
2014-10-07 13,27.204835891723633,0.0,85.87398529052734,34.14634323120117
2014-10-07 14,26.49359893798828,0.0,77.23577117919922,32.0121955871582
2014-10-07 15,0.0,1.7376195192337036,0.0,0.0
2014-10-07 16,25.78236198425293,0.0,0.0,35.67073059082031
2014-10-07 17,25.96017074584961,0.0,88.41463470458984,0.0
2014-10-07 18,0.0,0.0,124.49186706542969,0.0
2014-10-07 19,0.0,0.0,176.8292694091797,0.0
2014-10-07 20,30.227596282958984,0.0,162.09349060058594,68.90243530273438
2014-10-07 21,0.0,0.0,0.0,0.0
2014-10-07 22,0.0,1.7376195192337036,0.0,57.0121955871582
2014-10-07 23,23.648649215698242,1.7376195192337036,130.5894317626953,53.96341323852539
2014-10-08 00,0.0,1.7376195192337036,109.24797058105469,42.682926177978516
2014-10-08 01,0.0,0.0,0.0,39.32926940917969
2014-10-08 02,0.0,1.5204169750213623,88.41463470458984,0.0
2014-10-08 03,0.0,1.7376195192337036,88.41463470458984,0.0
2014-10-08 04,0.0,1.7376195192337036,0.0,33.84146499633789
2014-10-08 05,22.403982162475586,1.7376195192337036,85.87398529052734,32.621952056884766
2014-10-08 06,0.0,0.0,0.0,0.0
2014-10-08 07,0.0,0.0,0.0,0.0
2014-10-08 08,0.0,0.0,92.47967529296875,32.92683029174805
2014-10-08 09,28.44950294494629,1.7376195192337036,87.90650177001953,29.878047943115234
2014-10-08 10,28.80512046813965,0.0,104.16666412353516,34.14634323120117
2014-10-08 11,0.0,1.5204169750213623,0.0,0.0
2014-10-08 12,28.093883514404297,1.5204169750213623,93.49593353271484,35.67073059082031
2014-10-08 13,0.0,1.7376195192337036,84.34959411621094,34.45121765136719
2014-10-08 14,27.204835891723633,1.5204169750213623,85.87398529052734,37.19512176513672
2014-10-08 15,0.0,0.0,0.0,38.414634704589844
2014-10-08 16,26.3157901763916,1.7376195192337036,91.46341705322266,44.817073822021484
2014-10-08 17,0.0,2.1720242500305176,115.34552764892578,46.03658676147461
2014-10-08 18,26.67140769958496,2.606429100036621,0.0,0.0
2014-10-08 19,31.827880859375,0.0,0.0,64.0243911743164
2014-10-08 20,30.405405044555664,0.0,0.0,0.0
2014-10-08 21,28.62731170654297,1.7376195192337036,144.81707763671875,64.32926940917969
2014-10-08 22,25.96017074584961,1.7376195192337036,0.0,65.54878234863281
2014-10-08 23,24.0042667388916,1.7376195192337036,0.0,55.182926177978516
2014-10-09 00,0.0,0.0,103.15040588378906,0.0
2014-10-09 01,19.91465187072754,1.7376195192337036,90.95528411865234,42.9878044128418
2014-10-09 02,19.381223678588867,0.0,87.39837646484375,0.0
2014-10-09 03,0.0,1.7376195192337036,87.39837646484375,0.0
2014-10-09 04,19.203413009643555,1.7376195192337036,81.30081176757812,39.93902587890625
2014-10-09 05,0.0,1.7376195192337036,87.39837646484375,39.32926940917969
2014-10-09 06,0.0,1.7376195192337036,81.80894470214844,0.0
2014-10-09 07,33.2503547668457,0.0,89.43089294433594,42.9878044128418
2014-10-09 08,30.227596282958984,0.0,96.03658294677734,0.0
2014-10-09 09,0.0,0.0,88.92276763916016,0.0
2014-10-09 10,0.0,0.0,91.97154235839844,33.23170852661133
2014-10-09 11,26.67140769958496,0.0,70.1219482421875,0.0
2014-10-09 12,25.96017074584961,1.7376195192337036,92.98780822753906,0.0
2014-10-09 13,25.78236198425293,1.7376195192337036,87.90650177001953,0.0
2014-10-09 14,26.13797950744629,1.5204169750213623,0.0,0.0
2014-10-09 15,0.0,1.5204169750213623,0.0,31.09756088256836
2014-10-09 16,25.248933792114258,0.0,74.69512176513672,37.19512176513672
2014-10-09 17,25.426742553710938,0.0,98.57723236083984,0.0
2014-10-09 18,27.738264083862305,1.5204169750213623,113.82113647460938,0.0
2014-10-09 19,30.761024475097656,1.7376195192337036,180.89430236816406,65.24390411376953
2014-10-09 20,31.294452667236328,0.0,0.0,0.0
2014-10-09 21,28.44950294494629,1.7376195192337036,162.09349060058594,0.0
2014-10-09 22,0.0,1.7376195192337036,152.94715881347656,0.0
2014-10-09 23,23.11522102355957,1.7376195192337036,0.0,0.0
2014-10-10 00,0.0,0.0,98.57723236083984,52.43902587890625
2014-10-10 01,19.559032440185547,1.7376195192337036,87.90650177001953,39.32926940917969
2014-10-10 02,0.0,1.7376195192337036,86.89024353027344,38.719512939453125
2014-10-10 03,0.0,1.7376195192337036,82.82520294189453,34.75609588623047
2014-10-10 04,18.847795486450195,1.7376195192337036,85.87398529052734,0.0
2014-10-10 05,21.337125778198242,0.0,84.34959411621094,35.06097412109375
2014-10-10 06,23.47083854675293,1.7376195192337036,79.77642059326172,39.32926940917969
2014-10-10 07,0.0,0.0,0.0,0.0
2014-10-10 08,0.0,1.7376195192337036,0.0,38.10975646972656
2014-10-10 09,29.16073989868164,0.8688097596168518,0.0,0.0
2014-10-10 10,0.0,1.3032145500183105,0.0,0.0
2014-10-10 11,0.0,1.3032145500183105,0.0,42.378047943115234
2014-10-10 12,27.204835891723633,0.0,91.46341705322266,0.0
2014-10-10 13,0.0,0.0,0.0,30.487804412841797
2014-10-10 14,27.027027130126953,1.7376195192337036,0.0,32.92683029174805
2014-10-10 15,25.604551315307617,1.7376195192337036,0.0,38.719512939453125
2014-10-10 16,0.0,1.7376195192337036,0.0,36.280487060546875
2014-10-10 17,26.67140769958496,0.0,84.34959411621094,44.20731735229492
2014-10-10 18,26.849218368530273,2.1720242500305176,109.24797058105469,0.0
2014-10-10 19,28.44950294494629,0.0,160.06097412109375,50.914634704589844
2014-10-10 20,30.405405044555664,2.823631525039673,0.0,0.0
2014-10-10 21,0.0,1.7376195192337036,0.0,56.40243911743164
2014-10-10 22,24.715505599975586,1.7376195192337036,0.0,55.4878044128418
2014-10-10 23,0.0,1.7376195192337036,129.5731658935547,53.65853500366211
2014-10-11 00,22.5817928314209,1.7376195192337036,103.65853881835938,0.0
2014-10-11 01,19.91465187072754,1.7376195192337036,0.0,39.63414764404297
2014-10-11 02,19.025604248046875,1.7376195192337036,0.0,0.0
2014-10-11 03,0.0,0.0,0.0,36.89024353027344
2014-10-11 04,18.847795486450195,1.7376195192337036,81.30081176757812,0.0
2014-10-11 05,0.0,0.0,0.0,34.14634323120117
2014-10-11 06,20.981508255004883,0.0,0.0,37.5
2014-10-11 07,23.11522102355957,0.0,71.13821411132812,33.23170852661133
2014-10-11 08,26.67140769958496,0.0,0.0,31.40243911743164
2014-10-11 09,30.227596282958984,0.0,0.0,42.682926177978516
2014-10-11 10,31.11664390563965,1.9548219442367554,130.5894317626953,0.0
2014-10-11 11,29.871976852416992,1.7376195192337036,114.32926940917969,0.0
2014-10-11 12,29.516359329223633,0.0,116.86991882324219,44.5121955871582
2014-10-11 13,0.0,0.0,0.0,0.0
2014-10-11 14,0.0,0.0,107.21544647216797,0.0
2014-10-11 15,0.0,1.7376195192337036,112.29674530029297,45.73170852661133
2014-10-11 16,0.0,1.7376195192337036,0.0,44.20731735229492
2014-10-11 17,27.382646560668945,0.0,121.95121765136719,47.56097412109375
2014-10-11 18,27.560455322265625,1.7376195192337036,122.4593505859375,0.0
2014-10-11 19,28.271692276000977,1.7376195192337036,155.48780822753906,0.0
2014-10-11 20,27.204835891723633,1.7376195192337036,172.76422119140625,70.1219482421875
2014-10-11 21,0.0,0.0,0.0,0.0
2014-10-11 22,24.537694931030273,1.7376195192337036,0.0,58.84146499633789
2014-10-11 23,0.0,1.7376195192337036,133.63821411132812,63.414634704589844
2014-10-12 00,22.226173400878906,1.7376195192337036,120.42682647705078,0.0
2014-10-12 01,0.0,0.0,0.0,42.682926177978516
2014-10-12 02,0.0,0.0,91.46341705322266,40.24390411376953
2014-10-12 03,19.025604248046875,1.5204169750213623,92.47967529296875,35.975608825683594
2014-10-12 04,18.847795486450195,0.0,0.0,0.0
2014-10-12 05,20.80369758605957,1.7376195192337036,83.33333587646484,32.92683029174805
2014-10-12 06,19.91465187072754,1.7376195192337036,76.21951293945312,34.75609588623047
2014-10-12 07,0.0,0.0,78.76016235351562,39.32926940917969
2014-10-12 08,0.0,1.7376195192337036,0.0,30.792682647705078
2014-10-12 09,0.0,1.7376195192337036,95.52845764160156,27.7439022064209
2014-10-12 10,29.694168090820312,1.7376195192337036,118.90243530273438,0.0
2014-10-12 11,0.0,1.7376195192337036,139.73577880859375,0.0
2014-10-12 12,30.405405044555664,1.7376195192337036,138.71951293945312,52.13414764404297
2014-10-12 13,30.583215713500977,1.7376195192337036,0.0,0.0
2014-10-12 14,0.0,1.7376195192337036,99.08536529541016,0.0
2014-10-12 15,0.0,1.5204169750213623,102.64227294921875,39.32926940917969
2014-10-12 16,25.604551315307617,1.7376195192337036,89.43089294433594,42.07316970825195
2014-10-12 17,25.071123123168945,1.7376195192337036,0.0,42.682926177978516
2014-10-12 18,26.49359893798828,1.7376195192337036,94.00406646728516,0.0
2014-10-12 19,29.33854866027832,0.0,158.53659057617188,72.25609588623047
2014-10-12 20,0.0,0.0,167.68292236328125,76.5243911743164
2014-10-12 21,27.738264083862305,0.0,0.0,75.91463470458984
2014-10-12 22,0.0,1.7376195192337036,0.0,75.60975646972656
2014-10-12 23,0.0,0.0,111.28048706054688,65.54878234863281
2014-10-13 00,0.0,0.0,100.60975646972656,52.74390411376953
2014-10-13 01,0.0,0.0,85.87398529052734,0.0
2014-10-13 02,18.847795486450195,1.7376195192337036,0.0,38.10975646972656
2014-10-13 03,18.669986724853516,0.0,79.26829528808594,0.0
2014-10-13 04,18.847795486450195,1.7376195192337036,82.31707000732422,36.585365295410156
2014-10-13 05,20.80369758605957,1.7376195192337036,75.71138000488281,36.585365295410156
2014-10-13 06,22.937410354614258,1.7376195192337036,81.30081176757812,35.36585235595703
2014-10-13 07,31.650070190429688,1.7376195192337036,89.93902587890625,0.0
2014-10-13 08,29.33854866027832,0.0,92.98780822753906,0.0
2014-10-13 09,28.271692276000977,1.7376195192337036,0.0,32.92683029174805
2014-10-13 10,25.78236198425293,0.0,0.0,0.0
2014-10-13 11,26.49359893798828,1.3032145500183105,83.33333587646484,43.29268264770508
2014-10-13 12,28.271692276000977,0.0,99.59349822998047,48.780487060546875
2014-10-13 13,27.916074752807617,1.5204169750213623,80.28455352783203,0.0
2014-10-13 14,0.0,1.3032145500183105,83.33333587646484,0.0
2014-10-13 15,0.0,1.5204169750213623,0.0,0.0
2014-10-13 16,0.0,0.0,0.0,0.0
2014-10-13 17,26.3157901763916,1.7376195192337036,101.11788940429688,67.07317352294922
2014-10-13 18,27.560455322265625,2.1720242500305176,129.06504821777344,0.0
2014-10-13 19,0.0,0.0,178.86178588867188,85.36585235595703
2014-10-13 20,0.0,1.7376195192337036,0.0,86.28048706054688
2014-10-13 21,27.916074752807617,1.7376195192337036,162.09349060058594,77.13414764404297
2014-10-13 22,0.0,0.0,143.2926788330078,0.0
2014-10-13 23,0.0,1.7376195192337036,0.0,68.90243530273438
2014-10-14 00,21.692745208740234,1.7376195192337036,91.46341705322266,52.13414764404297
2014-10-14 01,0.0,1.7376195192337036,79.77642059326172,49.69512176513672
2014-10-14 02,0.0,0.0,79.77642059326172,0.0
2014-10-14 03,0.0,0.0,0.0,0.0
2014-10-14 04,0.0,1.7376195192337036,0.0,39.32926940917969
2014-10-14 05,20.981508255004883,1.7376195192337036,77.74390411376953,0.0
2014-10-14 06,23.11522102355957,0.0,0.0,42.07316970825195
2014-10-14 07,30.405405044555664,1.7376195192337036,0.0,49.085365295410156
2014-10-14 08,29.871976852416992,1.7376195192337036,0.0,0.0
2014-10-14 09,28.44950294494629,0.0,0.0,0.0
2014-10-14 10,27.204835891723633,1.5204169750213623,72.66260528564453,0.0
2014-10-14 11,0.0,0.0,85.87398529052734,38.719512939453125
2014-10-14 12,0.0,1.3032145500183105,81.30081176757812,0.0
2014-10-14 13,0.0,1.7376195192337036,80.28455352783203,0.0
2014-10-14 14,26.13797950744629,1.7376195192337036,78.25202941894531,0.0
2014-10-14 15,25.604551315307617,1.7376195192337036,0.0,0.0
2014-10-14 16,25.78236198425293,1.7376195192337036,0.0,42.07316970825195
2014-10-14 17,0.0,1.7376195192337036,0.0,48.780487060546875
2014-10-14 18,0.0,2.1720242500305176,115.8536605834961,62.19512176513672
2014-10-14 19,30.405405044555664,1.7376195192337036,190.5487823486328,0.0
2014-10-14 20,29.516359329223633,1.7376195192337036,0.0,0.0
2014-10-14 21,27.560455322265625,1.7376195192337036,173.78048706054688,76.82926940917969
2014-10-14 22,0.0,0.0,146.84959411621094,66.15853881835938
2014-10-14 23,23.11522102355957,1.7376195192337036,128.55691528320312,0.0
2014-10-15 00,21.514936447143555,1.7376195192337036,112.29674530029297,47.86585235595703
2014-10-15 01,19.203413009643555,1.7376195192337036,90.95528411865234,0.0
2014-10-15 02,18.669986724853516,1.5204169750213623,91.97154235839844,39.32926940917969
2014-10-15 03,0.0,1.7376195192337036,82.31707000732422,36.280487060546875
2014-10-15 04,0.0,1.7376195192337036,0.0,0.0
2014-10-15 05,20.44808006286621,1.7376195192337036,82.82520294189453,35.67073059082031
2014-10-15 06,0.0,1.7376195192337036,87.39837646484375,0.0
2014-10-15 07,0.0,1.7376195192337036,90.95528411865234,0.0
2014-10-15 08,0.0,1.7376195192337036,110.26422882080078,35.67073059082031
2014-10-15 09,27.560455322265625,1.7376195192337036,0.0,0.0
2014-10-15 10,25.78236198425293,0.0,0.0,0.0
2014-10-15 11,26.3157901763916,1.5204169750213623,89.43089294433594,0.0
2014-10-15 12,26.3157901763916,1.5204169750213623,102.64227294921875,0.0
2014-10-15 13,27.027027130126953,0.0,90.44715118408203,50.914634704589844
2014-10-15 14,26.849218368530273,1.5204169750213623,102.13414764404297,0.0
2014-10-15 15,0.0,0.0,108.23170471191406,0.0
2014-10-15 16,0.0,1.7376195192337036,115.34552764892578,52.74390411376953
2014-10-15 17,0.0,0.0,107.72357940673828,56.09756088256836
2014-10-15 18,0.0,2.606429100036621,0.0,65.24390411376953
2014-10-15 19,0.0,1.7376195192337036,0.0,82.6219482421875
2014-10-15 20,30.049787521362305,1.7376195192337036,183.94308471679688,0.0
2014-10-15 21,0.0,0.0,0.0,76.82926940917969
2014-10-15 22,0.0,0.0,0.0,83.84146118164062
2014-10-15 23,23.29302978515625,1.7376195192337036,0.0,69.51219177246094
2014-10-16 00,21.870553970336914,1.7376195192337036,0.0,46.95121765136719
2014-10-16 01,0.0,0.0,88.41463470458984,45.42683029174805
2014-10-16 02,18.492176055908203,0.0,86.38211059570312,0.0
2014-10-16 03,18.492176055908203,1.7376195192337036,91.46341705322266,39.63414764404297
2014-10-16 04,0.0,1.7376195192337036,0.0,38.10975646972656
2014-10-16 05,21.159317016601562,1.7376195192337036,85.36585235595703,36.585365295410156
2014-10-16 06,23.29302978515625,0.0,0.0,0.0
2014-10-16 07,30.583215713500977,1.7376195192337036,99.59349822998047,0.0
2014-10-16 08,0.0,1.7376195192337036,97.05284881591797,0.0
2014-10-16 09,30.583215713500977,1.9548219442367554,0.0,0.0
2014-10-16 10,28.62731170654297,1.7376195192337036,100.10162353515625,39.93902587890625
2014-10-16 11,26.13797950744629,0.0,0.0,48.780487060546875
2014-10-16 12,26.67140769958496,1.7376195192337036,0.0,53.04878234863281
2014-10-16 13,0.0,1.7376195192337036,0.0,53.65853500366211
2014-10-16 14,0.0,0.0,0.0,0.0
2014-10-16 15,25.071123123168945,1.5204169750213623,0.0,0.0
2014-10-16 16,25.071123123168945,0.0,0.0,50.60975646972656
2014-10-16 17,26.3157901763916,1.7376195192337036,110.77235412597656,0.0
2014-10-16 18,0.0,0.0,0.0,64.63414764404297
2014-10-16 19,29.516359329223633,0.0,0.0,83.53658294677734
2014-10-16 20,29.16073989868164,1.9548219442367554,0.0,0.0
2014-10-16 21,28.80512046813965,1.7376195192337036,169.7154541015625,74.39024353027344
2014-10-16 22,25.071123123168945,1.7376195192337036,159.55284118652344,0.0
2014-10-16 23,23.47083854675293,0.0,137.19512939453125,67.3780517578125
2014-10-17 00,22.048364639282227,1.7376195192337036,0.0,53.04878234863281
2014-10-17 01,19.559032440185547,1.7376195192337036,92.98780822753906,0.0
2014-10-17 02,18.669986724853516,0.0,0.0,41.15853500366211
2014-10-17 03,18.492176055908203,0.0,0.0,37.80487823486328
2014-10-17 04,18.669986724853516,1.7376195192337036,0.0,36.280487060546875
2014-10-17 05,20.62588882446289,1.7376195192337036,90.95528411865234,36.89024353027344
2014-10-17 06,22.403982162475586,0.0,83.84146118164062,37.80487823486328
2014-10-17 07,0.0,0.0,98.06910705566406,0.0
2014-10-17 08,0.0,0.0,109.24797058105469,44.817073822021484
2014-10-17 09,28.80512046813965,0.0,0.0,37.19512176513672
2014-10-17 10,0.0,1.3032145500183105,0.0,41.15853500366211
2014-10-17 11,27.382646560668945,1.3032145500183105,99.59349822998047,42.682926177978516
2014-10-17 12,26.67140769958496,1.3032145500183105,0.0,0.0
2014-10-17 13,0.0,1.7376195192337036,90.95528411865234,41.15853500366211
2014-10-17 14,26.3157901763916,1.7376195192337036,0.0,41.15853500366211
2014-10-17 15,25.248933792114258,1.7376195192337036,79.26829528808594,48.17073059082031
2014-10-17 16,25.78236198425293,1.7376195192337036,109.75609588623047,47.86585235595703
2014-10-17 17,0.0,1.5204169750213623,107.21544647216797,0.0
2014-10-17 18,0.0,2.1720242500305176,138.2113800048828,60.06097412109375
2014-10-17 19,28.093883514404297,1.7376195192337036,189.02438354492188,0.0
2014-10-17 20,0.0,0.0,0.0,0.0
2014-10-17 21,26.3157901763916,1.7376195192337036,0.0,62.80487823486328
2014-10-17 22,24.182077407836914,0.0,144.81707763671875,63.10975646972656
2014-10-17 23,22.759601593017578,1.7376195192337036,144.30894470214844,60.975608825683594
2014-10-18 00,0.0,0.0,0.0,51.219512939453125
2014-10-18 01,19.559032440185547,1.7376195192337036,109.75609588623047,45.73170852661133
2014-10-18 02,0.0,1.7376195192337036,0.0,41.46341323852539
2014-10-18 03,0.0,0.0,0.0,35.36585235595703
2014-10-18 04,18.492176055908203,0.0,93.49593353271484,36.280487060546875
2014-10-18 05,20.44808006286621,2.1720242500305176,84.85772705078125,0.0
2014-10-18 06,20.44808006286621,0.0,92.98780822753906,35.67073059082031
2014-10-18 07,22.403982162475586,1.7376195192337036,85.36585235595703,33.53658676147461
2014-10-18 08,0.0,0.0,94.00406646728516,30.182926177978516
2014-10-18 09,29.516359329223633,3.0408339500427246,120.42682647705078,39.32926940917969
2014-10-18 10,30.583215713500977,0.0,0.0,0.0
2014-10-18 11,0.0,0.0,149.89837646484375,0.0
2014-10-18 12,30.405405044555664,1.7376195192337036,0.0,40.85365676879883
2014-10-18 13,31.294452667236328,0.0,0.0,39.63414764404297
2014-10-18 14,31.294452667236328,1.7376195192337036,141.76829528808594,47.86585235595703
2014-10-18 15,29.33854866027832,0.0,138.2113800048828,0.0
2014-10-18 16,26.67140769958496,1.7376195192337036,133.63821411132812,38.10975646972656
2014-10-18 17,26.13797950744629,1.9548219442367554,118.3943099975586,0.0
2014-10-18 18,0.0,0.0,151.42276000976562,43.59756088256836
2014-10-18 19,29.694168090820312,1.7376195192337036,200.2032470703125,0.0
2014-10-18 20,28.271692276000977,1.7376195192337036,0.0,0.0
2014-10-18 21,25.78236198425293,1.7376195192337036,0.0,58.23170852661133
2014-10-18 22,24.893314361572266,1.7376195192337036,152.94715881347656,0.0
2014-10-18 23,0.0,0.0,0.0,57.621952056884766
2014-10-19 00,22.937410354614258,0.0,0.0,52.13414764404297
2014-10-19 01,20.2702693939209,0.0,100.60975646972656,0.0
2014-10-19 02,19.559032440185547,0.0,0.0,42.07316970825195
2014-10-19 03,0.0,0.0,87.39837646484375,39.32926940917969
2014-10-19 04,0.0,0.0,88.92276763916016,35.975608825683594
2014-10-19 05,20.44808006286621,1.7376195192337036,97.05284881591797,35.36585235595703
2014-10-19 06,20.2702693939209,0.0,0.0,35.67073059082031
2014-10-19 07,0.0,0.0,81.80894470214844,33.53658676147461
2014-10-19 08,25.248933792114258,1.7376195192337036,91.46341705322266,0.0
2014-10-19 09,30.583215713500977,1.7376195192337036,96.54471588134766,31.40243911743164
2014-10-19 10,30.938833236694336,1.7376195192337036,137.19512939453125,35.975608825683594
2014-10-19 11,0.0,1.7376195192337036,0.0,0.0
2014-10-19 12,32.18349838256836,0.0,151.93089294433594,39.63414764404297
2014-10-19 13,0.0,1.7376195192337036,0.0,0.0
2014-10-19 14,0.0,0.0,98.06910705566406,0.0
2014-10-19 15,0.0,1.5204169750213623,0.0,27.439023971557617
2014-10-19 16,27.560455322265625,0.0,87.39837646484375,26.829267501831055
2014-10-19 17,26.49359893798828,1.7376195192337036,87.39837646484375,31.09756088256836
2014-10-19 18,0.0,1.7376195192337036,113.3130111694336,0.0
2014-10-19 19,31.11664390563965,1.9548219442367554,0.0,0.0
2014-10-19 20,30.049787521362305,1.7376195192337036,0.0,0.0
2014-10-19 21,0.0,1.7376195192337036,163.61788940429688,0.0
2014-10-19 22,0.0,0.0,0.0,0.0
2014-10-19 23,0.0,1.7376195192337036,0.0,49.39024353027344
2014-10-20 00,22.048364639282227,0.0,105.69105529785156,37.5
2014-10-20 01,0.0,1.7376195192337036,0.0,0.0
2014-10-20 02,18.847795486450195,1.7376195192337036,86.89024353027344,0.0
2014-10-20 03,18.669986724853516,1.5204169750213623,87.39837646484375,0.0
2014-10-20 04,18.847795486450195,1.7376195192337036,0.0,32.0121955871582
2014-10-20 05,20.44808006286621,1.7376195192337036,0.0,30.792682647705078
2014-10-20 06,23.47083854675293,0.0,0.0,0.0
2014-10-20 07,32.00569152832031,1.7376195192337036,89.43089294433594,39.93902587890625
2014-10-20 08,31.472261428833008,0.0,99.59349822998047,34.14634323120117
2014-10-20 09,0.0,0.0,90.95528411865234,30.182926177978516
2014-10-20 10,0.0,0.0,0.0,36.585365295410156
2014-10-20 11,31.650070190429688,0.0,87.90650177001953,42.378047943115234
2014-10-20 12,28.80512046813965,1.3032145500183105,103.15040588378906,0.0
2014-10-20 13,27.738264083862305,1.5204169750213623,0.0,34.45121765136719
2014-10-20 14,27.560455322265625,1.3032145500183105,0.0,0.0
2014-10-20 15,26.13797950744629,1.5204169750213623,0.0,40.54878234863281
2014-10-20 16,25.96017074584961,1.7376195192337036,90.44715118408203,40.54878234863281
2014-10-20 17,27.560455322265625,1.7376195192337036,87.39837646484375,0.0
2014-10-20 18,0.0,2.1720242500305176,0.0,0.0
2014-10-20 19,31.472261428833008,1.7376195192337036,179.3699188232422,82.6219482421875
2014-10-20 20,30.405405044555664,1.7376195192337036,179.8780517578125,69.51219177246094
2014-10-20 21,0.0,0.0,0.0,68.59756469726562
2014-10-20 22,0.0,1.7376195192337036,0.0,70.1219482421875
2014-10-20 23,23.826457977294922,1.7376195192337036,0.0,61.280487060546875
2014-10-21 00,22.759601593017578,0.0,0.0,43.59756088256836
2014-10-21 01,19.559032440185547,1.7376195192337036,0.0,0.0
2014-10-21 02,18.847795486450195,1.7376195192337036,0.0,35.67073059082031
2014-10-21 03,18.847795486450195,1.7376195192337036,88.92276763916016,0.0
2014-10-21 04,0.0,1.7376195192337036,81.30081176757812,0.0
2014-10-21 05,0.0,0.0,91.97154235839844,0.0
2014-10-21 06,0.0,0.0,0.0,34.75609588623047
2014-10-21 07,31.650070190429688,1.7376195192337036,95.52845764160156,0.0
2014-10-21 08,29.871976852416992,0.0,108.23170471191406,36.585365295410156
2014-10-21 09,0.0,1.7376195192337036,98.57723236083984,28.04878044128418
2014-10-21 10,27.916074752807617,0.0,108.73983764648438,29.573171615600586
2014-10-21 11,27.382646560668945,1.5204169750213623,0.0,28.35365867614746
2014-10-21 12,27.560455322265625,1.3032145500183105,98.57723236083984,35.06097412109375
2014-10-21 13,27.916074752807617,1.7376195192337036,89.93902587890625,28.963415145874023
2014-10-21 14,27.738264083862305,0.0,94.51219177246094,32.92683029174805
2014-10-21 15,26.13797950744629,0.0,80.28455352783203,38.719512939453125
2014-10-21 16,26.49359893798828,1.7376195192337036,93.49593353271484,0.0
2014-10-21 17,27.027027130126953,1.7376195192337036,92.47967529296875,0.0
2014-10-21 18,0.0,2.1720242500305176,121.95121765136719,54.57316970825195
2014-10-21 19,31.472261428833008,0.0,191.56504821777344,0.0
2014-10-21 20,0.0,1.7376195192337036,0.0,76.82926940917969
2014-10-21 21,28.80512046813965,0.0,0.0,73.4756088256836
2014-10-21 22,26.49359893798828,1.7376195192337036,151.93089294433594,64.63414764404297
2014-10-21 23,0.0,1.7376195192337036,0.0,59.45121765136719
2014-10-22 00,0.0,0.0,115.8536605834961,39.63414764404297
2014-10-22 01,20.09246063232422,1.7376195192337036,97.05284881591797,0.0
2014-10-22 02,19.381223678588867,1.5204169750213623,0.0,0.0
2014-10-22 03,0.0,0.0,0.0,0.0
2014-10-22 04,19.203413009643555,1.7376195192337036,80.79268646240234,0.0
2014-10-22 05,20.981508255004883,1.7376195192337036,0.0,0.0
2014-10-22 06,24.359886169433594,1.7376195192337036,83.84146118164062,35.67073059082031
2014-10-22 07,32.18349838256836,1.7376195192337036,0.0,44.20731735229492
2014-10-22 08,0.0,1.7376195192337036,98.06910705566406,29.878047943115234
2014-10-22 09,29.33854866027832,1.7376195192337036,0.0,27.439023971557617
2014-10-22 10,28.44950294494629,0.0,79.26829528808594,0.0
2014-10-22 11,27.204835891723633,1.5204169750213623,0.0,38.414634704589844
2014-10-22 12,0.0,1.5204169750213623,87.90650177001953,0.0
2014-10-22 13,28.80512046813965,1.7376195192337036,82.82520294189453,0.0
2014-10-22 14,0.0,0.0,0.0,31.707317352294922
2014-10-22 15,28.093883514404297,1.5204169750213623,81.30081176757812,43.29268264770508
2014-10-22 16,29.516359329223633,1.7376195192337036,0.0,51.82926940917969
2014-10-22 17,27.204835891723633,2.1720242500305176,0.0,57.0121955871582
2014-10-22 18,29.516359329223633,0.0,0.0,0.0
2014-10-22 19,0.0,1.7376195192337036,0.0,70.1219482421875
2014-10-22 20,30.583215713500977,0.0,0.0,68.29268646240234
2014-10-22 21,29.871976852416992,0.0,161.07723999023438,0.0
2014-10-22 22,27.560455322265625,0.0,155.99594116210938,0.0
2014-10-22 23,0.0,1.7376195192337036,0.0,0.0
2014-10-23 00,23.826457977294922,0.0,123.4756088256836,42.682926177978516
2014-10-23 01,0.0,1.7376195192337036,99.08536529541016,38.10975646972656
2014-10-23 02,0.0,1.7376195192337036,0.0,0.0
2014-10-23 03,18.847795486450195,1.7376195192337036,0.0,31.707317352294922
2014-10-23 04,0.0,1.7376195192337036,0.0,32.0121955871582
2014-10-23 05,22.226173400878906,0.0,81.30081176757812,0.0
2014-10-23 06,0.0,1.7376195192337036,0.0,0.0
2014-10-23 07,33.60597610473633,1.7376195192337036,104.67479705810547,44.20731735229492
2014-10-23 08,32.894737243652344,0.0,91.97154235839844,36.585365295410156
2014-10-23 09,29.516359329223633,0.0,97.56097412109375,27.7439022064209
2014-10-23 10,28.80512046813965,1.7376195192337036,97.56097412109375,25.30487823486328
2014-10-23 11,0.0,1.7376195192337036,0.0,29.573171615600586
2014-10-23 12,28.44950294494629,1.7376195192337036,0.0,0.0
2014-10-23 13,0.0,1.7376195192337036,92.47967529296875,27.7439022064209
2014-10-23 14,26.67140769958496,0.0,82.31707000732422,33.53658676147461
2014-10-23 15,25.96017074584961,1.5204169750213623,0.0,0.0
2014-10-23 16,27.027027130126953,0.0,81.80894470214844,0.0
2014-10-23 17,28.271692276000977,1.7376195192337036,90.95528411865234,48.475608825683594
2014-10-23 18,0.0,0.0,113.3130111694336,50.60975646972656
2014-10-23 19,0.0,1.7376195192337036,0.0,0.0
2014-10-23 20,0.0,1.9548219442367554,193.0894317626953,0.0
2014-10-23 21,0.0,1.7376195192337036,0.0,0.0
2014-10-23 22,27.382646560668945,1.7376195192337036,0.0,0.0
2014-10-23 23,24.715505599975586,0.0,125.50813293457031,58.23170852661133
2014-10-24 00,24.537694931030273,0.0,0.0,47.56097412109375
2014-10-24 01,20.44808006286621,0.0,96.03658294677734,37.19512176513672
2014-10-24 02,19.025604248046875,1.7376195192337036,90.95528411865234,34.14634323120117
2014-10-24 03,19.025604248046875,0.0,84.85772705078125,0.0
2014-10-24 04,19.203413009643555,1.7376195192337036,81.80894470214844,29.268293380737305
2014-10-24 05,21.159317016601562,0.0,81.30081176757812,31.40243911743164
2014-10-24 06,24.715505599975586,1.7376195192337036,91.97154235839844,0.0
2014-10-24 07,33.60597610473633,1.7376195192337036,0.0,43.90243911743164
2014-10-24 08,33.783782958984375,1.7376195192337036,98.06910705566406,42.07316970825195
2014-10-24 09,0.0,0.0,92.98780822753906,28.658536911010742
2014-10-24 10,29.871976852416992,0.0,0.0,0.0
2014-10-24 11,30.227596282958984,1.3032145500183105,95.02032470703125,32.0121955871582
2014-10-24 12,28.62731170654297,1.3032145500183105,0.0,0.0
2014-10-24 13,28.093883514404297,1.7376195192337036,88.41463470458984,35.36585235595703
2014-10-24 14,25.78236198425293,0.0,0.0,37.19512176513672
2014-10-24 15,24.893314361572266,1.7376195192337036,0.0,34.45121765136719
2014-10-24 16,25.248933792114258,1.7376195192337036,94.00406646728516,0.0
2014-10-24 17,0.0,1.5204169750213623,79.77642059326172,0.0
2014-10-24 18,0.0,0.0,0.0,0.0
2014-10-24 19,0.0,1.7376195192337036,0.0,66.76829528808594
2014-10-24 20,27.382646560668945,2.823631525039673,177.33740234375,63.10975646972656
2014-10-24 21,26.49359893798828,1.7376195192337036,0.0,0.0
2014-10-24 22,0.0,0.0,0.0,62.5
2014-10-24 23,0.0,1.7376195192337036,136.68699645996094,0.0
2014-10-25 00,22.5817928314209,1.7376195192337036,131.60569763183594,47.86585235595703
2014-10-25 01,19.203413009643555,1.7376195192337036,105.69105529785156,35.36585235595703
2014-10-25 02,17.42531967163086,0.0,0.0,36.280487060546875
2014-10-25 03,17.0697021484375,1.7376195192337036,88.92276763916016,34.45121765136719
2014-10-25 04,16.891891479492188,1.7376195192337036,85.36585235595703,32.317073822021484
2014-10-25 05,0.0,2.1720242500305176,80.79268646240234,0.0
2014-10-25 06,21.514936447143555,1.7376195192337036,0.0,32.92683029174805
2014-10-25 07,23.11522102355957,0.0,81.80894470214844,40.24390411376953
2014-10-25 08,0.0,2.1720242500305176,0.0,0.0
2014-10-25 09,0.0,3.0408339500427246,0.0,33.23170852661133
2014-10-25 10,0.0,1.9548219442367554,121.95121765136719,34.14634323120117
2014-10-25 11,29.871976852416992,0.0,127.03252410888672,0.0
2014-10-25 12,30.405405044555664,0.0,0.0,0.0
2014-10-25 13,0.0,0.0,0.0,41.76829147338867
2014-10-25 14,27.204835891723633,0.0,105.69105529785156,0.0
2014-10-25 15,0.0,0.0,0.0,0.0
2014-10-25 16,0.0,0.0,117.88617706298828,0.0
2014-10-25 17,27.738264083862305,1.9548219442367554,112.29674530029297,43.90243911743164
2014-10-25 18,29.694168090820312,0.0,124.49186706542969,51.524391174316406
2014-10-25 19,27.560455322265625,1.7376195192337036,175.30487060546875,64.63414764404297
2014-10-25 20,26.13797950744629,0.0,0.0,71.95121765136719
2014-10-25 21,25.78236198425293,1.7376195192337036,142.27642822265625,0.0
2014-10-25 22,23.648649215698242,1.7376195192337036,0.0,55.4878044128418
2014-10-25 23,23.29302978515625,1.7376195192337036,0.0,0.0
2014-10-26 00,22.403982162475586,0.0,0.0,56.09756088256836
2014-10-26 01,36.62873458862305,0.0,0.0,78.04878234863281
2014-10-26 02,0.0,0.0,0.0,34.75609588623047
2014-10-26 03,0.0,1.5204169750213623,0.0,32.317073822021484
2014-10-26 04,18.314367294311523,0.0,84.34959411621094,0.0
2014-10-26 05,0.0,1.7376195192337036,0.0,0.0
2014-10-26 06,20.981508255004883,0.0,75.20325469970703,35.36585235595703
2014-10-26 07,0.0,0.0,80.79268646240234,27.439023971557617
2014-10-26 08,0.0,0.0,0.0,26.829267501831055
2014-10-26 09,33.2503547668457,1.7376195192337036,136.17886352539062,30.182926177978516
2014-10-26 10,0.0,1.7376195192337036,146.34146118164062,29.268293380737305
2014-10-26 11,30.761024475097656,0.0,0.0,0.0
2014-10-26 12,29.871976852416992,1.7376195192337036,0.0,0.0
2014-10-26 13,28.093883514404297,1.7376195192337036,96.03658294677734,38.719512939453125
2014-10-26 14,0.0,0.0,97.56097412109375,38.719512939453125
2014-10-26 15,26.13797950744629,0.0,96.54471588134766,0.0
2014-10-26 16,25.96017074584961,1.7376195192337036,0.0,0.0
2014-10-26 17,0.0,0.0,110.26422882080078,43.29268264770508
2014-10-26 18,0.0,1.7376195192337036,149.89837646484375,60.36585235595703
2014-10-26 19,27.027027130126953,0.0,159.04470825195312,64.93902587890625
2014-10-26 20,26.849218368530273,0.0,159.55284118652344,61.585365295410156
2014-10-26 21,26.67140769958496,0.0,0.0,59.75609588623047
2014-10-26 22,23.11522102355957,0.0,138.2113800048828,0.0
2014-10-26 23,23.47083854675293,1.7376195192337036,123.9837417602539,0.0
2014-10-27 00,20.981508255004883,1.7376195192337036,105.18292999267578,35.36585235595703
2014-10-27 01,0.0,0.0,0.0,0.0
2014-10-27 02,0.0,1.7376195192337036,0.0,0.0
2014-10-27 03,17.0697021484375,1.5204169750213623,77.74390411376953,0.0
2014-10-27 04,18.136558532714844,0.0,83.33333587646484,32.92683029174805
2014-10-27 05,0.0,1.7376195192337036,78.76016235351562,32.621952056884766
2014-10-27 06,24.359886169433594,0.0,0.0,0.0
2014-10-27 07,0.0,0.0,0.0,0.0
2014-10-27 08,30.761024475097656,1.7376195192337036,0.0,0.0
2014-10-27 09,0.0,0.0,109.24797058105469,27.439023971557617
2014-10-27 10,0.0,0.0,0.0,30.487804412841797
2014-10-27 11,26.13797950744629,0.0,0.0,0.0
2014-10-27 12,25.78236198425293,0.0,83.33333587646484,0.0
2014-10-27 13,25.071123123168945,0.0,0.0,34.75609588623047
2014-10-27 14,26.13797950744629,1.3032145500183105,85.87398529052734,37.5
2014-10-27 15,0.0,1.5204169750213623,82.82520294189453,0.0
2014-10-27 16,0.0,1.7376195192337036,81.80894470214844,44.5121955871582
2014-10-27 17,0.0,0.0,0.0,0.0
2014-10-27 18,0.0,2.1720242500305176,176.32113647460938,74.39024353027344
2014-10-27 19,0.0,1.7376195192337036,0.0,75.91463470458984
2014-10-27 20,0.0,0.0,0.0,0.0
2014-10-27 21,27.027027130126953,1.7376195192337036,0.0,0.0
2014-10-27 22,23.47083854675293,1.7376195192337036,142.27642822265625,65.24390411376953
2014-10-27 23,22.759601593017578,0.0,133.1300811767578,56.09756088256836
2014-10-28 00,19.559032440185547,1.7376195192337036,104.16666412353516,0.0
2014-10-28 01,17.42531967163086,0.0,94.00406646728516,39.63414764404297
2014-10-28 02,16.891891479492188,1.7376195192337036,0.0,36.585365295410156
2014-10-28 03,16.714082717895508,0.0,81.80894470214844,34.14634323120117
2014-10-28 04,19.381223678588867,0.0,0.0,32.0121955871582
2014-10-28 05,20.80369758605957,0.0,82.31707000732422,35.06097412109375
2014-10-28 06,0.0,1.7376195192337036,0.0,0.0
2014-10-28 07,0.0,1.7376195192337036,0.0,38.10975646972656
2014-10-28 08,30.049787521362305,1.7376195192337036,94.00406646728516,34.45121765136719
2014-10-28 09,0.0,0.0,87.90650177001953,0.0
2014-10-28 10,0.0,1.5204169750213623,0.0,27.439023971557617
2014-10-28 11,0.0,0.0,0.0,0.0
2014-10-28 12,23.826457977294922,0.0,0.0,0.0
2014-10-28 13,24.182077407836914,0.0,0.0,0.0
2014-10-28 14,25.071123123168945,1.7376195192337036,78.76016235351562,32.621952056884766
2014-10-28 15,24.537694931030273,1.7376195192337036,72.66260528564453,0.0
2014-10-28 16,0.0,1.7376195192337036,79.26829528808594,40.24390411376953
2014-10-28 17,24.537694931030273,1.7376195192337036,88.92276763916016,45.42683029174805
2014-10-28 18,26.3157901763916,0.0,0.0,0.0
2014-10-28 19,0.0,1.7376195192337036,0.0,0.0
2014-10-28 20,0.0,1.7376195192337036,182.9268341064453,69.81707000732422
2014-10-28 21,25.604551315307617,1.7376195192337036,159.55284118652344,0.0
2014-10-28 22,0.0,0.0,155.48780822753906,0.0
2014-10-28 23,23.11522102355957,1.7376195192337036,124.49186706542969,0.0
2014-10-29 00,19.736841201782227,1.7376195192337036,111.78861999511719,39.32926940917969
2014-10-29 01,0.0,1.7376195192337036,100.60975646972656,0.0
2014-10-29 02,16.891891479492188,0.0,89.43089294433594,35.36585235595703
2014-10-29 03,0.0,1.7376195192337036,79.77642059326172,0.0
2014-10-29 04,18.136558532714844,0.0,78.25202941894531,30.487804412841797
2014-10-29 05,19.91465187072754,0.0,0.0,0.0
2014-10-29 06,22.5817928314209,0.0,0.0,32.0121955871582
2014-10-29 07,0.0,1.7376195192337036,94.51219177246094,0.0
2014-10-29 08,30.761024475097656,1.7376195192337036,0.0,0.0
2014-10-29 09,27.560455322265625,0.0,88.92276763916016,0.0
2014-10-29 10,0.0,0.0,85.87398529052734,0.0
2014-10-29 11,27.560455322265625,1.5204169750213623,0.0,22.560976028442383
2014-10-29 12,26.49359893798828,1.5204169750213623,76.21951293945312,25.30487823486328
2014-10-29 13,0.0,1.7376195192337036,78.25202941894531,21.341463088989258
2014-10-29 14,24.893314361572266,0.0,85.87398529052734,0.0
2014-10-29 15,24.537694931030273,0.0,0.0,0.0
2014-10-29 16,0.0,0.0,0.0,39.024391174316406
2014-10-29 17,25.96017074584961,2.1720242500305176,0.0,41.15853500366211
2014-10-29 18,29.16073989868164,2.606429100036621,0.0,75.0
2014-10-29 19,27.560455322265625,0.0,0.0,75.91463470458984
2014-10-29 20,27.916074752807617,1.7376195192337036,178.86178588867188,54.57316970825195
2014-10-29 21,0.0,0.0,171.7479705810547,58.23170852661133
2014-10-29 22,0.0,1.7376195192337036,140.7520294189453,0.0
2014-10-29 23,23.826457977294922,0.0,122.4593505859375,0.0
2014-10-30 00,0.0,1.7376195192337036,115.34552764892578,0.0
2014-10-30 01,0.0,0.0,0.0,0.0
2014-10-30 02,17.24751091003418,1.7376195192337036,0.0,0.0
2014-10-30 03,0.0,1.7376195192337036,0.0,34.45121765136719
2014-10-30 04,20.44808006286621,0.0,75.20325469970703,0.0
2014-10-30 05,21.692745208740234,0.0,82.31707000732422,33.23170852661133
2014-10-30 06,0.0,1.7376195192337036,74.1869888305664,0.0
2014-10-30 07,0.0,1.7376195192337036,96.54471588134766,34.75609588623047
2014-10-30 08,29.871976852416992,1.7376195192337036,103.15040588378906,32.92683029174805
2014-10-30 09,26.67140769958496,1.9548219442367554,0.0,0.0
2014-10-30 10,27.204835891723633,1.7376195192337036,0.0,28.04878044128418
2014-10-30 11,0.0,0.0,0.0,27.134145736694336
2014-10-30 12,0.0,0.0,103.15040588378906,0.0
2014-10-30 13,0.0,0.0,0.0,24.390243530273438
2014-10-30 14,0.0,1.5204169750213623,72.66260528564453,24.085365295410156
2014-10-30 15,23.648649215698242,0.0,87.90650177001953,33.23170852661133
2014-10-30 16,24.715505599975586,1.7376195192337036,83.84146118164062,36.280487060546875
2014-10-30 17,0.0,1.7376195192337036,96.54471588134766,50.60975646972656
2014-10-30 18,0.0,0.0,0.0,0.0
2014-10-30 19,0.0,0.0,199.18699645996094,84.45121765136719
2014-10-30 20,28.093883514404297,1.9548219442367554,182.418701171875,0.0
2014-10-30 21,0.0,0.0,170.73170471191406,60.36585235595703
2014-10-30 22,23.826457977294922,1.7376195192337036,0.0,54.57316970825195
2014-10-30 23,23.47083854675293,0.0,129.5731658935547,0.0
2014-10-31 00,20.62588882446289,1.7376195192337036,112.29674530029297,39.024391174316406
2014-10-31 01,18.492176055908203,1.7376195192337036,97.05284881591797,0.0
2014-10-31 02,17.0697021484375,1.7376195192337036,0.0,35.06097412109375
2014-10-31 03,0.0,1.7376195192337036,80.28455352783203,0.0
2014-10-31 04,0.0,0.0,0.0,0.0
2014-10-31 05,20.2702693939209,1.7376195192337036,0.0,0.0
2014-10-31 06,0.0,0.0,79.26829528808594,0.0
2014-10-31 07,31.650070190429688,0.0,85.87398529052734,0.0
2014-10-31 08,29.516359329223633,1.7376195192337036,0.0,32.621952056884766
2014-10-31 09,26.849218368530273,0.8688097596168518,0.0,32.0121955871582
2014-10-31 10,0.0,1.3032145500183105,84.34959411621094,32.317073822021484
2014-10-31 11,0.0,1.3032145500183105,97.56097412109375,0.0
2014-10-31 12,26.3157901763916,1.3032145500183105,0.0,22.2560977935791
2014-10-31 13,0.0,1.7376195192337036,90.44715118408203,0.0
2014-10-31 14,25.248933792114258,0.0,79.77642059326172,30.182926177978516
2014-10-31 15,24.715505599975586,0.0,0.0,33.84146499633789
2014-10-31 16,25.248933792114258,1.7376195192337036,89.43089294433594,38.10975646972656
2014-10-31 17,25.426742553710938,0.0,100.10162353515625,40.85365676879883
2014-10-31 18,25.426742553710938,2.1720242500305176,162.09349060058594,62.5
2014-10-31 19,0.0,0.0,191.05691528320312,0.0
2014-10-31 20,0.0,2.823631525039673,172.256103515625,0.0
2014-10-31 21,24.182077407836914,1.7376195192337036,156.50405883789062,0.0
2014-10-31 22,23.11522102355957,1.7376195192337036,0.0,0.0
2014-10-31 23,22.937410354614258,1.7376195192337036,124.49186706542969,44.817073822021484
2014-11-01 00,20.44808006286621,1.7376195192337036,116.36178588867188,0.0
2014-11-01 01,18.669986724853516,1.7376195192337036,109.75609588623047,39.63414764404297
2014-11-01 02,17.603130340576172,1.7376195192337036,0.0,0.0
2014-11-01 03,0.0,1.7376195192337036,85.36585235595703,31.707317352294922
2014-11-01 04,18.669986724853516,0.0,77.23577117919922,29.878047943115234
2014-11-01 05,19.91465187072754,2.1720242500305176,75.20325469970703,29.878047943115234
2014-11-01 06,19.91465187072754,1.7376195192337036,67.581298828125,0.0
2014-11-01 07,0.0,1.7376195192337036,0.0,0.0
2014-11-01 08,25.248933792114258,0.0,83.33333587646484,0.0
2014-11-01 09,28.98293113708496,3.0408339500427246,109.24797058105469,37.80487823486328
2014-11-01 10,0.0,0.0,0.0,0.0
2014-11-01 11,27.204835891723633,0.0,110.26422882080078,29.878047943115234
2014-11-01 12,0.0,0.0,118.90243530273438,32.92683029174805
2014-11-01 13,26.849218368530273,1.7376195192337036,108.73983764648438,0.0
2014-11-01 14,27.560455322265625,1.7376195192337036,0.0,0.0
2014-11-01 15,27.560455322265625,1.7376195192337036,119.41056823730469,33.53658676147461
2014-11-01 16,0.0,0.0,0.0,0.0
2014-11-01 17,24.182077407836914,1.9548219442367554,0.0,39.024391174316406
2014-11-01 18,0.0,1.7376195192337036,173.78048706054688,56.40243911743164
2014-11-01 19,25.426742553710938,1.7376195192337036,0.0,0.0
2014-11-01 20,26.49359893798828,1.7376195192337036,172.256103515625,61.280487060546875
2014-11-01 21,0.0,0.0,150.9146270751953,58.23170852661133
2014-11-01 22,22.759601593017578,1.7376195192337036,0.0,0.0
2014-11-01 23,22.403982162475586,1.7376195192337036,0.0,57.621952056884766
2014-11-02 00,20.80369758605957,1.7376195192337036,116.86991882324219,47.56097412109375
2014-11-02 01,18.669986724853516,0.0,96.03658294677734,0.0
2014-11-02 02,17.24751091003418,0.0,86.89024353027344,0.0
2014-11-02 03,17.0697021484375,1.5204169750213623,80.28455352783203,31.40243911743164
2014-11-02 04,0.0,0.0,81.30081176757812,0.0
2014-11-02 05,19.203413009643555,1.7376195192337036,0.0,0.0
2014-11-02 06,0.0,1.7376195192337036,0.0,32.317073822021484
2014-11-02 07,20.981508255004883,0.0,0.0,22.560976028442383
2014-11-02 08,24.359886169433594,0.0,82.82520294189453,0.0
2014-11-02 09,27.916074752807617,0.0,0.0,0.0
2014-11-02 10,29.694168090820312,1.7376195192337036,116.36178588867188,0.0
2014-11-02 11,29.516359329223633,1.7376195192337036,145.32521057128906,40.85365676879883
2014-11-02 12,0.0,1.7376195192337036,152.43902587890625,0.0
2014-11-02 13,28.093883514404297,0.0,0.0,0.0
2014-11-02 14,0.0,0.0,0.0,42.682926177978516
2014-11-02 15,25.78236198425293,1.5204169750213623,95.52845764160156,36.585365295410156
2014-11-02 16,24.715505599975586,1.7376195192337036,0.0,33.23170852661133
2014-11-02 17,25.248933792114258,0.0,103.15040588378906,39.024391174316406
2014-11-02 18,27.560455322265625,1.7376195192337036,153.45529174804688,0.0
2014-11-02 19,28.98293113708496,1.9548219442367554,0.0,67.98780822753906
2014-11-02 20,28.44950294494629,1.7376195192337036,174.7967529296875,65.8536605834961
2014-11-02 21,0.0,1.7376195192337036,161.07723999023438,0.0
2014-11-02 22,0.0,0.0,0.0,0.0
2014-11-02 23,0.0,1.7376195192337036,0.0,56.70731735229492
2014-11-03 00,0.0,1.7376195192337036,0.0,43.29268264770508
2014-11-03 01,18.314367294311523,1.7376195192337036,0.0,38.414634704589844
2014-11-03 02,16.714082717895508,1.7376195192337036,89.93902587890625,35.67073059082031
2014-11-03 03,16.714082717895508,1.5204169750213623,0.0,35.36585235595703
2014-11-03 04,0.0,1.7376195192337036,0.0,0.0
2014-11-03 05,19.025604248046875,1.7376195192337036,0.0,35.36585235595703
2014-11-03 06,22.048364639282227,1.7376195192337036,74.1869888305664,35.36585235595703
2014-11-03 07,30.049787521362305,0.0,0.0,38.10975646972656
2014-11-03 08,28.093883514404297,1.7376195192337036,95.52845764160156,38.719512939453125
2014-11-03 09,26.849218368530273,1.7376195192337036,103.15040588378906,34.45121765136719
2014-11-03 10,0.0,1.7376195192337036,105.18292999267578,49.39024353027344
2014-11-03 11,25.96017074584961,1.3032145500183105,0.0,54.57316970825195
2014-11-03 12,0.0,1.3032145500183105,0.0,0.0
2014-11-03 13,24.359886169433594,0.0,0.0,0.0
2014-11-03 14,0.0,1.3032145500183105,0.0,55.4878044128418
2014-11-03 15,0.0,1.5204169750213623,95.52845764160156,69.20731353759766
2014-11-03 16,0.0,1.7376195192337036,93.49593353271484,0.0
2014-11-03 17,22.5817928314209,1.7376195192337036,0.0,0.0
2014-11-03 18,25.071123123168945,0.0,0.0,97.56097412109375
2014-11-03 19,0.0,0.0,213.92276000976562,0.0
2014-11-03 20,0.0,0.0,0.0,77.43902587890625
2014-11-03 21,0.0,0.0,163.61788940429688,83.23170471191406
2014-11-03 22,22.403982162475586,1.7376195192337036,152.94715881347656,71.95121765136719
2014-11-03 23,20.981508255004883,1.7376195192337036,0.0,0.0
2014-11-04 00,19.381223678588867,1.7376195192337036,110.26422882080078,0.0
2014-11-04 01,17.24751091003418,1.7376195192337036,97.56097412109375,0.0
2014-11-04 02,0.0,1.7376195192337036,89.43089294433594,0.0
2014-11-04 03,16.536273956298828,1.7376195192337036,0.0,45.73170852661133
2014-11-04 04,17.95874786376953,0.0,77.74390411376953,0.0
2014-11-04 05,18.669986724853516,1.7376195192337036,0.0,43.90243911743164
2014-11-04 06,21.692745208740234,1.7376195192337036,0.0,49.39024353027344
2014-11-04 07,29.694168090820312,0.0,92.47967529296875,44.20731735229492
2014-11-04 08,28.62731170654297,1.7376195192337036,94.00406646728516,0.0
2014-11-04 09,26.49359893798828,0.0,87.90650177001953,39.32926940917969
2014-11-04 10,26.3157901763916,0.0,0.0,51.82926940917969
2014-11-04 11,0.0,1.5204169750213623,99.59349822998047,0.0
2014-11-04 12,0.0,1.3032145500183105,101.62601470947266,54.26829147338867
2014-11-04 13,22.5817928314209,1.7376195192337036,92.47967529296875,0.0
2014-11-04 14,23.29302978515625,0.0,0.0,46.64634323120117
2014-11-04 15,0.0,0.0,0.0,0.0
2014-11-04 16,0.0,0.0,88.41463470458984,50.60975646972656
2014-11-04 17,0.0,0.0,0.0,55.182926177978516
2014-11-04 18,0.0,2.1720242500305176,171.23983764648438,88.71951293945312
2014-11-04 19,28.80512046813965,0.0,0.0,96.6463394165039
2014-11-04 20,28.98293113708496,0.0,0.0,76.5243911743164
2014-11-04 21,0.0,0.0,175.30487060546875,0.0
2014-11-04 22,22.759601593017578,1.7376195192337036,0.0,0.0
2014-11-04 23,21.514936447143555,0.0,133.1300811767578,0.0
2014-11-05 00,19.559032440185547,1.7376195192337036,124.49186706542969,0.0
2014-11-05 01,0.0,0.0,0.0,49.39024353027344
2014-11-05 02,0.0,1.5204169750213623,0.0,45.73170852661133
2014-11-05 03,0.0,0.0,82.31707000732422,0.0
2014-11-05 04,0.0,1.7376195192337036,77.23577117919922,0.0
2014-11-05 05,18.492176055908203,1.7376195192337036,0.0,0.0
2014-11-05 06,21.337125778198242,0.0,73.67886352539062,47.86585235595703
2014-11-05 07,0.0,1.7376195192337036,92.47967529296875,42.9878044128418
2014-11-05 08,0.0,1.7376195192337036,91.97154235839844,0.0
2014-11-05 09,0.0,0.0,0.0,0.0
2014-11-05 10,0.0,1.5204169750213623,91.97154235839844,0.0
2014-11-05 11,25.604551315307617,1.5204169750213623,0.0,52.43902587890625
2014-11-05 12,24.537694931030273,0.0,95.52845764160156,0.0
2014-11-05 13,24.537694931030273,0.0,87.39837646484375,46.64634323120117
2014-11-05 14,24.0042667388916,0.0,0.0,44.5121955871582
2014-11-05 15,0.0,0.0,0.0,42.682926177978516
2014-11-05 16,0.0,1.7376195192337036,0.0,0.0
2014-11-05 17,23.11522102355957,2.1720242500305176,104.67479705810547,63.719512939453125
2014-11-05 18,0.0,2.606429100036621,0.0,0.0
2014-11-05 19,27.916074752807617,1.7376195192337036,0.0,0.0
2014-11-05 20,26.49359893798828,1.7376195192337036,0.0,82.92682647705078
2014-11-05 21,0.0,1.7376195192337036,204.77642822265625,74.69512176513672
2014-11-05 22,23.29302978515625,0.0,159.04470825195312,0.0
2014-11-05 23,21.159317016601562,0.0,0.0,75.0
2014-11-06 00,19.203413009643555,1.7376195192337036,115.34552764892578,0.0
2014-11-06 01,0.0,1.7376195192337036,95.02032470703125,53.65853500366211
2014-11-06 02,0.0,1.7376195192337036,88.41463470458984,51.524391174316406
2014-11-06 03,16.536273956298828,1.7376195192337036,0.0,0.0
2014-11-06 04,0.0,0.0,0.0,0.0
2014-11-06 05,18.669986724853516,1.7376195192337036,0.0,0.0
2014-11-06 06,0.0,0.0,78.76016235351562,55.79268264770508
2014-11-06 07,0.0,0.0,86.89024353027344,55.79268264770508
2014-11-06 08,0.0,1.7376195192337036,0.0,57.621952056884766
2014-11-06 09,26.67140769958496,1.9548219442367554,0.0,51.524391174316406
2014-11-06 10,0.0,0.0,0.0,0.0
2014-11-06 11,23.47083854675293,1.7376195192337036,0.0,58.23170852661133
2014-11-06 12,25.426742553710938,0.0,114.32926940917969,51.219512939453125
2014-11-06 13,0.0,1.7376195192337036,0.0,0.0
2014-11-06 14,24.182077407836914,0.0,0.0,45.73170852661133
2014-11-06 15,0.0,0.0,0.0,56.70731735229492
2014-11-06 16,0.0,0.0,99.59349822998047,53.96341323852539
2014-11-06 17,22.403982162475586,0.0,129.5731658935547,61.280487060546875
2014-11-06 18,24.537694931030273,0.0,0.0,0.0
2014-11-06 19,27.027027130126953,1.7376195192337036,0.0,0.0
2014-11-06 20,27.382646560668945,0.0,0.0,85.36585235595703
2014-11-06 21,25.78236198425293,1.7376195192337036,211.38211059570312,85.06097412109375
2014-11-06 22,0.0,1.7376195192337036,192.581298828125,81.70731353759766
2014-11-06 23,0.0,1.7376195192337036,136.17886352539062,77.13414764404297
2014-11-07 00,0.0,1.7376195192337036,126.5243911743164,57.317073822021484
2014-11-07 01,17.24751091003418,1.7376195192337036,98.06910705566406,54.26829147338867
2014-11-07 02,16.714082717895508,1.7376195192337036,89.43089294433594,49.085365295410156
2014-11-07 03,16.536273956298828,0.0,0.0,47.86585235595703
2014-11-07 04,17.24751091003418,1.7376195192337036,0.0,0.0
2014-11-07 05,0.0,1.7376195192337036,93.49593353271484,45.73170852661133
2014-11-07 06,20.981508255004883,1.7376195192337036,80.28455352783203,0.0
2014-11-07 07,0.0,1.7376195192337036,88.92276763916016,0.0
2014-11-07 08,27.560455322265625,0.0,100.10162353515625,49.69512176513672
2014-11-07 09,26.13797950744629,0.8688097596168518,0.0,46.64634323120117
2014-11-07 10,0.0,1.3032145500183105,114.32926940917969,0.0
2014-11-07 11,24.715505599975586,0.0,105.18292999267578,41.15853500366211
2014-11-07 12,25.071123123168945,0.0,0.0,39.93902587890625
2014-11-07 13,25.248933792114258,1.7376195192337036,94.00406646728516,35.36585235595703
2014-11-07 14,25.248933792114258,1.7376195192337036,83.84146118164062,35.67073059082031
2014-11-07 15,23.29302978515625,1.7376195192337036,0.0,0.0
2014-11-07 16,0.0,0.0,102.64227294921875,0.0
2014-11-07 17,0.0,0.0,119.918701171875,62.5
2014-11-07 18,0.0,2.1720242500305176,178.86178588867188,92.3780517578125
2014-11-07 19,0.0,1.7376195192337036,0.0,87.19512176513672
2014-11-07 20,0.0,0.0,199.69512939453125,80.48780822753906
2014-11-07 21,0.0,0.0,182.418701171875,0.0
2014-11-07 22,0.0,0.0,166.6666717529297,71.95121765136719
2014-11-07 23,20.981508255004883,0.0,137.19512939453125,73.17073059082031
2014-11-08 00,0.0,1.7376195192337036,0.0,0.0
2014-11-08 01,0.0,0.0,0.0,0.0
2014-11-08 02,0.0,1.7376195192337036,91.97154235839844,47.25609588623047
2014-11-08 03,16.891891479492188,0.0,85.87398529052734,0.0
2014-11-08 04,0.0,1.7376195192337036,0.0,45.73170852661133
2014-11-08 05,18.136558532714844,0.0,79.26829528808594,45.121952056884766
2014-11-08 06,18.136558532714844,1.7376195192337036,0.0,41.46341323852539
2014-11-08 07,0.0,0.0,0.0,37.19512176513672
2014-11-08 08,0.0,2.1720242500305176,0.0,0.0
2014-11-08 09,0.0,0.0,121.95121765136719,47.86585235595703
2014-11-08 10,29.33854866027832,0.0,0.0,0.0
2014-11-08 11,0.0,1.7376195192337036,146.34146118164062,57.621952056884766
2014-11-08 12,0.0,1.7376195192337036,133.1300811767578,0.0
2014-11-08 13,27.916074752807617,0.0,0.0,0.0
2014-11-08 14,26.3157901763916,0.0,135.6707305908203,0.0
2014-11-08 15,25.604551315307617,1.7376195192337036,0.0,0.0
2014-11-08 16,0.0,0.0,176.8292694091797,0.0
2014-11-08 17,0.0,1.9548219442367554,165.65040588378906,64.32926940917969
2014-11-08 18,25.604551315307617,1.7376195192337036,214.43089294433594,78.65853881835938
2014-11-08 19,25.426742553710938,0.0,0.0,83.53658294677734
2014-11-08 20,25.071123123168945,1.7376195192337036,192.0731658935547,0.0
2014-11-08 21,23.648649215698242,1.7376195192337036,189.5325164794922,0.0
2014-11-08 22,21.692745208740234,1.7376195192337036,154.47154235839844,75.60975646972656
2014-11-08 23,0.0,1.7376195192337036,150.40650939941406,0.0
2014-11-09 00,0.0,1.7376195192337036,142.27642822265625,65.8536605834961
2014-11-09 01,18.314367294311523,0.0,104.67479705810547,0.0
2014-11-09 02,17.0697021484375,0.0,91.97154235839844,45.73170852661133
2014-11-09 03,17.0697021484375,1.5204169750213623,88.92276763916016,0.0
2014-11-09 04,17.24751091003418,1.5204169750213623,82.31707000732422,0.0
2014-11-09 05,0.0,1.7376195192337036,84.85772705078125,0.0
2014-11-09 06,0.0,1.7376195192337036,0.0,41.15853500366211
2014-11-09 07,18.847795486450195,1.7376195192337036,72.15447235107422,34.45121765136719
2014-11-09 08,0.0,1.7376195192337036,0.0,34.75609588623047
2014-11-09 09,27.382646560668945,0.0,111.78861999511719,0.0
2014-11-09 10,0.0,0.0,141.76829528808594,53.65853500366211
2014-11-09 11,28.98293113708496,1.7376195192337036,0.0,56.70731735229492
2014-11-09 12,28.80512046813965,0.0,0.0,67.3780517578125
2014-11-09 13,27.916074752807617,1.7376195192337036,132.6219482421875,0.0
2014-11-09 14,26.49359893798828,1.7376195192337036,0.0,0.0
2014-11-09 15,25.426742553710938,1.5204169750213623,0.0,57.621952056884766
2014-11-09 16,23.47083854675293,0.0,134.14634704589844,64.0243911743164
2014-11-09 17,23.826457977294922,0.0,0.0,55.79268264770508
2014-11-09 18,25.604551315307617,1.7376195192337036,187.5,76.21951293945312
2014-11-09 19,27.027027130126953,1.9548219442367554,192.0731658935547,75.30487823486328
2014-11-09 20,0.0,1.7376195192337036,0.0,0.0
2014-11-09 21,25.426742553710938,0.0,0.0,71.95121765136719
2014-11-09 22,22.937410354614258,1.7376195192337036,0.0,73.78048706054688
2014-11-09 23,0.0,0.0,0.0,63.719512939453125
2014-11-10 00,19.025604248046875,0.0,118.90243530273438,0.0
2014-11-10 01,17.78093910217285,0.0,0.0,52.43902587890625
2014-11-10 02,0.0,1.7376195192337036,85.36585235595703,45.42683029174805
2014-11-10 03,16.714082717895508,1.5204169750213623,87.39837646484375,39.93902587890625
2014-11-10 04,17.0697021484375,1.7376195192337036,85.87398529052734,0.0
2014-11-10 05,0.0,0.0,82.31707000732422,42.9878044128418
2014-11-10 06,0.0,1.7376195192337036,84.85772705078125,44.817073822021484
2014-11-10 07,29.871976852416992,1.7376195192337036,98.06910705566406,40.24390411376953
2014-11-10 08,27.560455322265625,1.7376195192337036,93.49593353271484,42.378047943115234
2014-11-10 09,26.13797950744629,1.7376195192337036,97.56097412109375,42.378047943115234
2014-11-10 10,24.182077407836914,0.0,0.0,0.0
2014-11-10 11,0.0,1.3032145500183105,105.69105529785156,57.317073822021484
2014-11-10 12,0.0,0.0,116.36178588867188,58.84146499633789
2014-11-10 13,0.0,0.0,0.0,58.53658676147461
2014-11-10 14,0.0,0.0,87.39837646484375,0.0
2014-11-10 15,22.403982162475586,1.5204169750213623,99.08536529541016,71.03658294677734
2014-11-10 16,0.0,1.7376195192337036,104.67479705810547,74.39024353027344
2014-11-10 17,23.11522102355957,0.0,141.76829528808594,77.74390411376953
2014-11-10 18,25.604551315307617,0.0,208.84146118164062,92.3780517578125
2014-11-10 19,0.0,0.0,229.67478942871094,0.0
2014-11-10 20,28.093883514404297,1.7376195192337036,240.3455352783203,86.28048706054688
2014-11-10 21,25.96017074584961,1.7376195192337036,229.1666717529297,0.0
2014-11-10 22,0.0,1.7376195192337036,0.0,84.45121765136719
2014-11-10 23,20.981508255004883,0.0,147.35772705078125,0.0
2014-11-11 00,19.381223678588867,0.0,120.42682647705078,53.65853500366211
2014-11-11 01,0.0,0.0,0.0,0.0
2014-11-11 02,17.0697021484375,1.7376195192337036,84.85772705078125,53.04878234863281
2014-11-11 03,0.0,0.0,89.43089294433594,46.34146499633789
2014-11-11 04,0.0,1.7376195192337036,82.82520294189453,0.0
2014-11-11 05,18.492176055908203,1.7376195192337036,0.0,46.03658676147461
2014-11-11 06,0.0,1.7376195192337036,90.95528411865234,0.0
2014-11-11 07,29.33854866027832,1.7376195192337036,0.0,55.79268264770508
2014-11-11 08,0.0,1.7376195192337036,103.15040588378906,59.14634323120117
2014-11-11 09,27.204835891723633,0.0,0.0,55.182926177978516
2014-11-11 10,0.0,1.5204169750213623,104.67479705810547,58.23170852661133
2014-11-11 11,23.648649215698242,1.5204169750213623,117.88617706298828,0.0
2014-11-11 12,24.182077407836914,0.0,126.0162582397461,0.0
2014-11-11 13,0.0,0.0,0.0,0.0
2014-11-11 14,0.0,0.0,0.0,0.0
2014-11-11 15,23.11522102355957,1.7376195192337036,110.26422882080078,0.0
2014-11-11 16,22.759601593017578,1.7376195192337036,109.24797058105469,64.32926940917969
2014-11-11 17,23.11522102355957,1.7376195192337036,0.0,0.0
2014-11-11 18,25.248933792114258,2.1720242500305176,185.97561645507812,97.25609588623047
2014-11-11 19,28.093883514404297,1.7376195192337036,0.0,107.31707000732422
2014-11-11 20,27.560455322265625,0.0,217.98780822753906,87.80487823486328
2014-11-11 21,0.0,1.7376195192337036,0.0,81.70731353759766
2014-11-11 22,23.11522102355957,0.0,0.0,83.84146118164062
2014-11-11 23,0.0,1.7376195192337036,138.71951293945312,0.0
2014-11-12 00,18.847795486450195,0.0,116.36178588867188,0.0
2014-11-12 01,17.603130340576172,0.0,0.0,55.182926177978516
2014-11-12 02,0.0,1.5204169750213623,89.43089294433594,49.085365295410156
2014-11-12 03,16.536273956298828,0.0,86.89024353027344,47.25609588623047
2014-11-12 04,0.0,1.7376195192337036,83.84146118164062,0.0
2014-11-12 05,17.42531967163086,1.7376195192337036,88.92276763916016,46.03658676147461
2014-11-12 06,0.0,0.0,85.87398529052734,52.74390411376953
2014-11-12 07,29.16073989868164,0.0,91.97154235839844,53.35365676879883
2014-11-12 08,0.0,1.7376195192337036,97.56097412109375,57.317073822021484
2014-11-12 09,27.027027130126953,1.7376195192337036,104.67479705810547,46.64634323120117
2014-11-12 10,25.604551315307617,0.0,0.0,0.0
2014-11-12 11,24.893314361572266,1.5204169750213623,97.05284881591797,50.0
2014-11-12 12,24.893314361572266,0.0,0.0,50.914634704589844
2014-11-12 13,24.893314361572266,1.7376195192337036,79.77642059326172,0.0
2014-11-12 14,24.715505599975586,0.0,90.44715118408203,39.024391174316406
2014-11-12 15,23.11522102355957,1.5204169750213623,0.0,0.0
2014-11-12 16,22.403982162475586,1.7376195192337036,122.4593505859375,65.54878234863281
2014-11-12 17,23.47083854675293,2.1720242500305176,0.0,72.86585235595703
2014-11-12 18,25.071123123168945,2.606429100036621,199.18699645996094,0.0
2014-11-12 19,0.0,1.7376195192337036,0.0,82.01219177246094
2014-11-12 20,28.80512046813965,1.7376195192337036,244.918701171875,0.0
2014-11-12 21,0.0,1.7376195192337036,184.9593505859375,77.43902587890625
2014-11-12 22,0.0,1.7376195192337036,178.35365295410156,0.0
2014-11-12 23,21.337125778198242,1.7376195192337036,144.30894470214844,78.04878234863281
2014-11-13 00,0.0,1.7376195192337036,115.8536605834961,67.07317352294922
2014-11-13 01,17.42531967163086,1.7376195192337036,99.59349822998047,0.0
2014-11-13 02,16.891891479492188,1.7376195192337036,0.0,0.0
2014-11-13 03,16.536273956298828,0.0,90.44715118408203,0.0
2014-11-13 04,17.42531967163086,0.0,87.90650177001953,0.0
2014-11-13 05,17.95874786376953,1.7376195192337036,0.0,43.29268264770508
2014-11-13 06,20.44808006286621,1.7376195192337036,88.41463470458984,50.0
2014-11-13 07,0.0,0.0,0.0,0.0
2014-11-13 08,27.027027130126953,1.7376195192337036,0.0,52.13414764404297
2014-11-13 09,0.0,1.9548219442367554,100.10162353515625,0.0
2014-11-13 10,0.0,1.7376195192337036,0.0,0.0
2014-11-13 11,25.604551315307617,1.7376195192337036,88.92276763916016,53.96341323852539
2014-11-13 12,26.49359893798828,1.7376195192337036,93.49593353271484,57.92683029174805
2014-11-13 13,25.78236198425293,0.0,90.44715118408203,0.0
2014-11-13 14,23.11522102355957,0.0,0.0,50.0
2014-11-13 15,22.226173400878906,1.5204169750213623,0.0,0.0
2014-11-13 16,22.5817928314209,0.0,100.60975646972656,0.0
2014-11-13 17,0.0,0.0,135.6707305908203,70.42682647705078
2014-11-13 18,0.0,0.0,187.5,0.0
2014-11-13 19,27.916074752807617,0.0,0.0,0.0
2014-11-13 20,28.093883514404297,1.9548219442367554,245.93495178222656,82.01219177246094
2014-11-13 21,25.426742553710938,0.0,0.0,0.0
2014-11-13 22,0.0,0.0,175.81300354003906,0.0
2014-11-13 23,0.0,1.7376195192337036,0.0,0.0
2014-11-14 00,0.0,1.7376195192337036,126.0162582397461,0.0
2014-11-14 01,17.42531967163086,0.0,104.16666412353516,0.0
2014-11-14 02,16.714082717895508,1.7376195192337036,0.0,46.95121765136719
2014-11-14 03,16.536273956298828,1.7376195192337036,92.47967529296875,48.475608825683594
2014-11-14 04,16.714082717895508,1.7376195192337036,88.92276763916016,43.59756088256836
2014-11-14 05,17.24751091003418,1.7376195192337036,92.98780822753906,47.86585235595703
2014-11-14 06,20.09246063232422,1.7376195192337036,0.0,47.56097412109375
2014-11-14 07,0.0,1.7376195192337036,0.0,47.86585235595703
2014-11-14 08,27.382646560668945,1.7376195192337036,0.0,55.4878044128418
2014-11-14 09,25.96017074584961,0.8688097596168518,110.26422882080078,49.39024353027344
2014-11-14 10,25.071123123168945,1.3032145500183105,123.4756088256836,50.60975646972656
2014-11-14 11,0.0,1.3032145500183105,0.0,0.0
2014-11-14 12,0.0,0.0,90.95528411865234,56.09756088256836
2014-11-14 13,24.715505599975586,1.7376195192337036,90.44715118408203,0.0
2014-11-14 14,24.182077407836914,1.7376195192337036,97.56097412109375,0.0
2014-11-14 15,0.0,0.0,102.13414764404297,0.0
2014-11-14 16,0.0,1.7376195192337036,114.32926940917969,0.0
2014-11-14 17,23.826457977294922,1.5204169750213623,140.243896484375,63.719512939453125
2014-11-14 18,24.537694931030273,0.0,0.0,0.0
2014-11-14 19,0.0,1.7376195192337036,0.0,85.9756088256836
2014-11-14 20,25.248933792114258,0.0,203.76016235351562,81.40243530273438
2014-11-14 21,0.0,1.7376195192337036,187.5,0.0
2014-11-14 22,22.226173400878906,0.0,177.8455352783203,0.0
2014-11-14 23,20.981508255004883,0.0,148.88211059570312,73.78048706054688
2014-11-15 00,19.381223678588867,1.7376195192337036,0.0,0.0
2014-11-15 01,17.78093910217285,0.0,102.64227294921875,0.0
2014-11-15 02,17.24751091003418,1.7376195192337036,92.98780822753906,0.0
2014-11-15 03,16.714082717895508,1.7376195192337036,89.43089294433594,0.0
2014-11-15 04,17.0697021484375,0.0,80.28455352783203,44.5121955871582
2014-11-15 05,17.24751091003418,2.1720242500305176,84.34959411621094,0.0
2014-11-15 06,0.0,0.0,76.21951293945312,48.780487060546875
2014-11-15 07,21.870553970336914,1.7376195192337036,0.0,0.0
2014-11-15 08,25.604551315307617,2.1720242500305176,81.80894470214844,0.0
2014-11-15 09,28.98293113708496,3.0408339500427246,116.86991882324219,0.0
2014-11-15 10,29.16073989868164,1.9548219442367554,151.42276000976562,56.09756088256836
2014-11-15 11,28.44950294494629,1.7376195192337036,0.0,52.74390411376953
2014-11-15 12,26.849218368530273,1.7376195192337036,166.15853881835938,58.23170852661133
2014-11-15 13,27.027027130126953,1.7376195192337036,141.26016235351562,0.0
2014-11-15 14,0.0,0.0,123.9837417602539,56.40243911743164
2014-11-15 15,0.0,1.7376195192337036,144.30894470214844,0.0
2014-11-15 16,23.648649215698242,0.0,145.8333282470703,70.1219482421875
2014-11-15 17,24.182077407836914,0.0,0.0,69.51219177246094
2014-11-15 18,24.359886169433594,1.7376195192337036,0.0,0.0
2014-11-15 19,24.893314361572266,1.7376195192337036,0.0,71.03658294677734
2014-11-15 20,25.071123123168945,0.0,195.1219482421875,73.78048706054688
2014-11-15 21,0.0,1.7376195192337036,0.0,0.0
2014-11-15 22,0.0,0.0,149.89837646484375,66.46341705322266
2014-11-15 23,20.80369758605957,0.0,140.243896484375,0.0
2014-11-16 00,0.0,1.7376195192337036,133.63821411132812,62.19512176513672
2014-11-16 01,18.136558532714844,0.0,112.29674530029297,62.5
2014-11-16 02,17.24751091003418,0.0,99.59349822998047,54.26829147338867
2014-11-16 03,16.891891479492188,1.5204169750213623,0.0,45.121952056884766
2014-11-16 04,0.0,0.0,89.43089294433594,45.121952056884766
2014-11-16 05,17.24751091003418,1.7376195192337036,88.41463470458984,44.5121955871582
2014-11-16 06,0.0,1.7376195192337036,81.80894470214844,46.03658676147461
2014-11-16 07,0.0,0.0,0.0,43.90243911743164
2014-11-16 08,22.937410354614258,0.0,83.84146118164062,0.0
2014-11-16 09,28.98293113708496,0.0,0.0,0.0
2014-11-16 10,27.738264083862305,1.7376195192337036,0.0,53.04878234863281
2014-11-16 11,0.0,0.0,198.67886352539062,53.96341323852539
2014-11-16 12,0.0,1.7376195192337036,208.3333282470703,59.75609588623047
2014-11-16 13,30.405405044555664,1.7376195192337036,136.17886352539062,0.0
2014-11-16 14,27.738264083862305,1.7376195192337036,127.5406494140625,48.17073059082031
2014-11-16 15,26.849218368530273,0.0,0.0,0.0
2014-11-16 16,24.359886169433594,0.0,138.71951293945312,0.0
2014-11-16 17,24.0042667388916,1.7376195192337036,0.0,72.56097412109375
2014-11-16 18,25.071123123168945,0.0,190.5487823486328,0.0
2014-11-16 19,27.560455322265625,1.9548219442367554,200.2032470703125,72.86585235595703
2014-11-16 20,0.0,1.7376195192337036,225.10162353515625,70.73170471191406
2014-11-16 21,26.3157901763916,1.7376195192337036,194.6138153076172,0.0
2014-11-16 22,0.0,1.7376195192337036,163.61788940429688,72.25609588623047
2014-11-16 23,20.981508255004883,1.7376195192337036,145.32521057128906,65.54878234863281
2014-11-17 00,0.0,1.7376195192337036,120.9349594116211,0.0
2014-11-17 01,17.95874786376953,1.7376195192337036,0.0,0.0
2014-11-17 02,16.891891479492188,0.0,94.00406646728516,0.0
2014-11-17 03,16.714082717895508,0.0,0.0,46.95121765136719
2014-11-17 04,0.0,1.7376195192337036,86.38211059570312,0.0
2014-11-17 05,0.0,0.0,83.33333587646484,46.34146499633789
2014-11-17 06,20.62588882446289,1.7376195192337036,0.0,0.0
2014-11-17 07,0.0,1.7376195192337036,85.87398529052734,0.0
2014-11-17 08,27.560455322265625,1.7376195192337036,96.54471588134766,47.56097412109375
2014-11-17 09,26.67140769958496,1.7376195192337036,105.18292999267578,43.90243911743164
2014-11-17 10,0.0,0.0,118.90243530273438,0.0
2014-11-17 11,25.78236198425293,1.3032145500183105,109.24797058105469,0.0
2014-11-17 12,25.604551315307617,1.3032145500183105,0.0,49.39024353027344
2014-11-17 13,0.0,1.5204169750213623,0.0,0.0
2014-11-17 14,0.0,1.3032145500183105,0.0,0.0
2014-11-17 15,23.826457977294922,0.0,0.0,0.0
2014-11-17 16,24.182077407836914,1.7376195192337036,0.0,62.80487823486328
2014-11-17 17,24.537694931030273,0.0,138.71951293945312,67.98780822753906
2014-11-17 18,25.604551315307617,0.0,205.2845458984375,96.03658294677734
2014-11-17 19,28.44950294494629,1.7376195192337036,0.0,82.6219482421875
2014-11-17 20,0.0,1.7376195192337036,0.0,0.0
2014-11-17 21,0.0,1.7376195192337036,224.59349060058594,79.57317352294922
2014-11-17 22,0.0,1.7376195192337036,173.27235412597656,0.0
2014-11-17 23,21.514936447143555,0.0,146.84959411621094,72.56097412109375
2014-11-18 00,19.381223678588867,0.0,122.96747589111328,0.0
2014-11-18 01,0.0,1.7376195192337036,108.23170471191406,51.524391174316406
2014-11-18 02,17.0697021484375,1.7376195192337036,92.98780822753906,46.95121765136719
2014-11-18 03,0.0,0.0,94.51219177246094,0.0
2014-11-18 04,17.24751091003418,0.0,91.97154235839844,0.0
2014-11-18 05,17.603130340576172,0.0,90.95528411865234,48.17073059082031
2014-11-18 06,20.44808006286621,0.0,0.0,0.0
2014-11-18 07,0.0,1.7376195192337036,98.57723236083984,50.0
2014-11-18 08,28.093883514404297,1.7376195192337036,109.75609588623047,52.74390411376953
2014-11-18 09,0.0,1.7376195192337036,0.0,0.0
2014-11-18 10,24.893314361572266,1.5204169750213623,93.49593353271484,0.0
2014-11-18 11,23.648649215698242,1.5204169750213623,94.00406646728516,57.92683029174805
2014-11-18 12,24.182077407836914,0.0,0.0,0.0
2014-11-18 13,0.0,1.7376195192337036,95.52845764160156,0.0
2014-11-18 14,0.0,1.7376195192337036,85.87398529052734,56.40243911743164
2014-11-18 15,0.0,0.0,89.93902587890625,0.0
2014-11-18 16,22.759601593017578,0.0,90.95528411865234,0.0
2014-11-18 17,0.0,0.0,123.4756088256836,0.0
2014-11-18 18,25.248933792114258,2.1720242500305176,202.743896484375,82.6219482421875
2014-11-18 19,28.093883514404297,1.7376195192337036,269.3089294433594,87.80487823486328
2014-11-18 20,0.0,0.0,264.73577880859375,79.26829528808594
2014-11-18 21,25.96017074584961,1.7376195192337036,232.72357177734375,79.8780517578125
2014-11-18 22,0.0,1.7376195192337036,168.69918823242188,72.86585235595703
2014-11-18 23,20.981508255004883,1.7376195192337036,133.1300811767578,62.19512176513672
2014-11-19 00,0.0,1.7376195192337036,0.0,54.57316970825195
2014-11-19 01,17.603130340576172,1.7376195192337036,0.0,0.0
2014-11-19 02,16.891891479492188,1.5204169750213623,0.0,44.817073822021484
2014-11-19 03,0.0,1.7376195192337036,0.0,48.475608825683594
2014-11-19 04,16.891891479492188,1.7376195192337036,0.0,0.0
2014-11-19 05,17.603130340576172,1.7376195192337036,100.60975646972656,0.0
2014-11-19 06,0.0,0.0,91.97154235839844,0.0
2014-11-19 07,29.694168090820312,1.7376195192337036,0.0,51.219512939453125
2014-11-19 08,28.62731170654297,0.0,96.54471588134766,0.0
2014-11-19 09,27.027027130126953,0.0,95.52845764160156,0.0
2014-11-19 10,0.0,1.5204169750213623,0.0,63.414634704589844
2014-11-19 11,0.0,1.5204169750213623,0.0,65.54878234863281
2014-11-19 12,0.0,1.5204169750213623,0.0,55.4878044128418
2014-11-19 13,24.537694931030273,0.0,101.11788940429688,54.26829147338867
2014-11-19 14,23.826457977294922,1.5204169750213623,96.03658294677734,0.0
2014-11-19 15,23.648649215698242,1.5204169750213623,97.56097412109375,63.719512939453125
2014-11-19 16,0.0,1.7376195192337036,108.73983764648438,0.0
2014-11-19 17,24.537694931030273,2.1720242500305176,139.22764587402344,82.01219177246094
2014-11-19 18,0.0,0.0,175.81300354003906,91.76829528808594
2014-11-19 19,0.0,1.7376195192337036,237.80487060546875,0.0
2014-11-19 20,27.738264083862305,0.0,257.6219482421875,0.0
2014-11-19 21,26.49359893798828,0.0,213.92276000976562,0.0
2014-11-19 22,0.0,1.7376195192337036,0.0,80.79268646240234
2014-11-19 23,21.514936447143555,1.7376195192337036,145.32521057128906,78.3536605834961
2014-11-20 00,19.91465187072754,1.7376195192337036,113.3130111694336,0.0
2014-11-20 01,17.95874786376953,1.7376195192337036,0.0,0.0
2014-11-20 02,17.603130340576172,0.0,90.95528411865234,0.0
2014-11-20 03,17.0697021484375,1.7376195192337036,0.0,0.0
2014-11-20 04,17.42531967163086,0.0,0.0,50.30487823486328
2014-11-20 05,0.0,0.0,0.0,0.0
2014-11-20 06,21.337125778198242,1.7376195192337036,95.52845764160156,61.585365295410156
2014-11-20 07,29.516359329223633,0.0,0.0,53.04878234863281
2014-11-20 08,27.382646560668945,1.7376195192337036,103.65853881835938,52.74390411376953
2014-11-20 09,0.0,1.9548219442367554,97.05284881591797,50.914634704589844
2014-11-20 10,26.67140769958496,0.0,90.95528411865234,55.182926177978516
2014-11-20 11,0.0,0.0,101.11788940429688,55.182926177978516
2014-11-20 12,0.0,1.7376195192337036,0.0,0.0
2014-11-20 13,0.0,1.7376195192337036,0.0,50.914634704589844
2014-11-20 14,0.0,0.0,0.0,52.74390411376953
2014-11-20 15,0.0,1.5204169750213623,97.56097412109375,56.70731735229492
2014-11-20 16,24.182077407836914,1.7376195192337036,104.67479705810547,0.0
2014-11-20 17,0.0,0.0,0.0,74.69512176513672
2014-11-20 18,0.0,0.0,0.0,84.1463394165039
2014-11-20 19,0.0,1.7376195192337036,235.26422119140625,0.0
2014-11-20 20,29.694168090820312,1.9548219442367554,243.90243530273438,0.0
2014-11-20 21,0.0,0.0,202.23577880859375,73.78048706054688
2014-11-20 22,23.47083854675293,1.7376195192337036,0.0,0.0
2014-11-20 23,22.226173400878906,0.0,146.34146118164062,0.0
2014-11-21 00,20.2702693939209,1.7376195192337036,0.0,60.975608825683594
2014-11-21 01,18.314367294311523,1.7376195192337036,0.0,0.0
2014-11-21 02,17.42531967163086,1.7376195192337036,0.0,50.60975646972656
2014-11-21 03,16.891891479492188,0.0,92.98780822753906,0.0
2014-11-21 04,0.0,1.7376195192337036,86.89024353027344,48.780487060546875
2014-11-21 05,0.0,0.0,84.85772705078125,46.34146499633789
2014-11-21 06,21.337125778198242,1.7376195192337036,101.11788940429688,51.82926940917969
2014-11-21 07,0.0,1.7376195192337036,0.0,53.96341323852539
2014-11-21 08,0.0,0.0,118.90243530273438,0.0
2014-11-21 09,28.44950294494629,0.0,0.0,48.475608825683594
2014-11-21 10,27.560455322265625,1.3032145500183105,91.46341705322266,0.0
2014-11-21 11,0.0,0.0,0.0,51.524391174316406
2014-11-21 12,27.738264083862305,1.3032145500183105,87.90650177001953,46.95121765136719
2014-11-21 13,26.67140769958496,1.7376195192337036,104.16666412353516,38.10975646972656
2014-11-21 14,27.382646560668945,1.7376195192337036,0.0,45.42683029174805
2014-11-21 15,28.271692276000977,1.7376195192337036,0.0,0.0
2014-11-21 16,0.0,1.7376195192337036,110.77235412597656,53.04878234863281
2014-11-21 17,27.382646560668945,1.5204169750213623,0.0,64.93902587890625
2014-11-21 18,27.382646560668945,2.1720242500305176,0.0,0.0
2014-11-21 19,0.0,0.0,235.26422119140625,74.69512176513672
2014-11-21 20,0.0,2.823631525039673,226.11788940429688,0.0
2014-11-21 21,0.0,1.7376195192337036,0.0,70.42682647705078
2014-11-21 22,22.048364639282227,1.7376195192337036,0.0,0.0
2014-11-21 23,0.0,1.7376195192337036,0.0,63.414634704589844
2014-11-22 00,19.559032440185547,0.0,125.0,0.0
2014-11-22 01,17.95874786376953,1.7376195192337036,101.11788940429688,0.0
2014-11-22 02,0.0,1.7376195192337036,0.0,0.0
2014-11-22 03,17.0697021484375,0.0,94.00406646728516,44.5121955871582
2014-11-22 04,17.0697021484375,1.7376195192337036,0.0,0.0
2014-11-22 05,17.42531967163086,2.1720242500305176,88.41463470458984,44.817073822021484
2014-11-22 06,17.78093910217285,0.0,0.0,46.95121765136719
2014-11-22 07,20.09246063232422,0.0,74.1869888305664,43.90243911743164
2014-11-22 08,25.248933792114258,0.0,0.0,0.0
2014-11-22 09,0.0,3.0408339500427246,110.26422882080078,0.0
2014-11-22 10,28.271692276000977,0.0,0.0,49.69512176513672
2014-11-22 11,28.62731170654297,0.0,136.17886352539062,0.0
2014-11-22 12,0.0,1.7376195192337036,146.84959411621094,0.0
2014-11-22 13,26.67140769958496,0.0,163.61788940429688,54.26829147338867
2014-11-22 14,26.67140769958496,1.7376195192337036,146.84959411621094,0.0
2014-11-22 15,0.0,0.0,0.0,57.621952056884766
2014-11-22 16,0.0,1.7376195192337036,151.42276000976562,0.0
2014-11-22 17,0.0,1.9548219442367554,174.2886199951172,0.0
2014-11-22 18,25.426742553710938,1.7376195192337036,197.1544647216797,0.0
2014-11-22 19,0.0,0.0,221.03659057617188,71.6463394165039
2014-11-22 20,0.0,1.7376195192337036,0.0,0.0
2014-11-22 21,0.0,1.7376195192337036,190.5487823486328,66.15853881835938
2014-11-22 22,21.870553970336914,0.0,171.7479705810547,0.0
2014-11-22 23,0.0,0.0,0.0,76.5243911743164
2014-11-23 00,20.09246063232422,1.7376195192337036,0.0,65.54878234863281
2014-11-23 01,0.0,0.0,0.0,0.0
2014-11-23 02,17.42531967163086,0.0,105.18292999267578,52.74390411376953
2014-11-23 03,0.0,1.5204169750213623,0.0,0.0
2014-11-23 04,17.0697021484375,1.5204169750213623,0.0,46.64634323120117
2014-11-23 05,17.42531967163086,1.7376195192337036,87.39837646484375,44.817073822021484
2014-11-23 06,0.0,0.0,0.0,0.0
2014-11-23 07,0.0,0.0,80.28455352783203,0.0
2014-11-23 08,22.403982162475586,1.7376195192337036,0.0,0.0
2014-11-23 09,0.0,1.7376195192337036,106.70731353759766,48.17073059082031
2014-11-23 10,29.871976852416992,1.7376195192337036,0.0,0.0
2014-11-23 11,30.227596282958984,1.7376195192337036,186.48373413085938,57.0121955871582
2014-11-23 12,29.16073989868164,1.7376195192337036,0.0,59.75609588623047
2014-11-23 13,27.027027130126953,1.7376195192337036,0.0,56.40243911743164
2014-11-23 14,26.849218368530273,0.0,131.09756469726562,47.56097412109375
2014-11-23 15,24.893314361572266,1.5204169750213623,119.918701171875,0.0
2014-11-23 16,23.826457977294922,1.7376195192337036,0.0,49.085365295410156
2014-11-23 17,24.715505599975586,0.0,0.0,0.0
2014-11-23 18,0.0,0.0,190.5487823486328,0.0
2014-11-23 19,27.027027130126953,1.9548219442367554,194.10569763183594,66.76829528808594
2014-11-23 20,27.560455322265625,1.7376195192337036,0.0,60.36585235595703
2014-11-23 21,0.0,0.0,200.2032470703125,0.0
2014-11-23 22,22.937410354614258,1.7376195192337036,162.09349060058594,74.39024353027344
2014-11-23 23,20.981508255004883,1.7376195192337036,130.5894317626953,61.280487060546875
2014-11-24 00,19.203413009643555,1.7376195192337036,127.03252410888672,48.780487060546875
2014-11-24 01,0.0,1.7376195192337036,0.0,0.0
2014-11-24 02,0.0,0.0,87.90650177001953,42.378047943115234
2014-11-24 03,16.536273956298828,1.5204169750213623,85.36585235595703,0.0
2014-11-24 04,16.891891479492188,1.7376195192337036,0.0,0.0
2014-11-24 05,0.0,1.7376195192337036,0.0,0.0
2014-11-24 06,20.44808006286621,1.7376195192337036,0.0,0.0
2014-11-24 07,28.80512046813965,1.7376195192337036,91.46341705322266,0.0
2014-11-24 08,0.0,1.7376195192337036,105.69105529785156,51.82926940917969
2014-11-24 09,0.0,1.7376195192337036,0.0,0.0
2014-11-24 10,0.0,1.7376195192337036,0.0,0.0
2014-11-24 11,26.67140769958496,0.0,0.0,43.29268264770508
2014-11-24 12,0.0,1.3032145500183105,98.57723236083984,51.524391174316406
2014-11-24 13,26.13797950744629,0.0,0.0,0.0
2014-11-24 14,25.604551315307617,1.3032145500183105,0.0,46.34146499633789
2014-11-24 15,0.0,1.5204169750213623,0.0,53.96341323852539
2014-11-24 16,25.426742553710938,1.7376195192337036,0.0,54.26829147338867
2014-11-24 17,0.0,1.7376195192337036,125.50813293457031,67.3780517578125
2014-11-24 18,27.916074752807617,2.1720242500305176,197.66259765625,0.0
2014-11-24 19,0.0,1.7376195192337036,0.0,100.30487823486328
2014-11-24 20,0.0,0.0,231.7073211669922,84.45121765136719
2014-11-24 21,27.204835891723633,1.7376195192337036,204.77642822265625,0.0
2014-11-24 22,23.11522102355957,1.7376195192337036,0.0,0.0
2014-11-24 23,0.0,0.0,0.0,65.24390411376953
2014-11-25 00,19.025604248046875,1.7376195192337036,121.4430923461914,52.74390411376953
2014-11-25 01,0.0,1.7376195192337036,107.21544647216797,45.42683029174805
2014-11-25 02,16.891891479492188,0.0,0.0,0.0
2014-11-25 03,16.536273956298828,0.0,0.0,39.024391174316406
2014-11-25 04,0.0,0.0,90.44715118408203,39.024391174316406
2014-11-25 05,17.603130340576172,0.0,92.98780822753906,0.0
2014-11-25 06,20.44808006286621,0.0,95.02032470703125,44.20731735229492
2014-11-25 07,0.0,1.7376195192337036,103.15040588378906,48.475608825683594
2014-11-25 08,27.027027130126953,0.0,103.15040588378906,0.0
2014-11-25 09,25.78236198425293,0.0,97.56097412109375,44.817073822021484
2014-11-25 10,0.0,0.0,85.87398529052734,51.82926940917969
2014-11-25 11,0.0,0.0,87.90650177001953,56.70731735229492
2014-11-25 12,23.47083854675293,1.3032145500183105,96.03658294677734,0.0
2014-11-25 13,0.0,1.7376195192337036,100.10162353515625,41.76829147338867
2014-11-25 14,24.0042667388916,1.7376195192337036,79.77642059326172,44.817073822021484
2014-11-25 15,23.29302978515625,0.0,97.05284881591797,0.0
2014-11-25 16,23.648649215698242,0.0,0.0,0.0
2014-11-25 17,24.537694931030273,0.0,0.0,70.42682647705078
2014-11-25 18,0.0,0.0,178.86178588867188,80.18292999267578
2014-11-25 19,0.0,0.0,242.3780517578125,0.0
2014-11-25 20,26.49359893798828,0.0,0.0,86.89024353027344
2014-11-25 21,26.49359893798828,0.0,198.1707305908203,76.82926940917969
2014-11-25 22,22.5817928314209,1.7376195192337036,0.0,0.0
2014-11-25 23,0.0,1.7376195192337036,0.0,70.1219482421875
2014-11-26 00,0.0,0.0,0.0,59.14634323120117
2014-11-26 01,17.42531967163086,1.7376195192337036,0.0,0.0
2014-11-26 02,16.714082717895508,1.5204169750213623,92.98780822753906,46.03658676147461
2014-11-26 03,0.0,1.7376195192337036,0.0,47.56097412109375
2014-11-26 04,0.0,1.7376195192337036,0.0,0.0
2014-11-26 05,17.24751091003418,0.0,0.0,49.69512176513672
2014-11-26 06,20.09246063232422,0.0,0.0,0.0
2014-11-26 07,0.0,1.7376195192337036,105.18292999267578,58.53658676147461
2014-11-26 08,26.67140769958496,1.7376195192337036,103.15040588378906,53.96341323852539
2014-11-26 09,25.248933792114258,0.0,95.02032470703125,46.64634323120117
2014-11-26 10,25.248933792114258,0.0,99.08536529541016,0.0
2014-11-26 11,24.0042667388916,1.5204169750213623,94.00406646728516,53.65853500366211
2014-11-26 12,23.648649215698242,0.0,98.06910705566406,47.56097412109375
2014-11-26 13,0.0,1.7376195192337036,0.0,0.0
2014-11-26 14,0.0,0.0,0.0,46.34146499633789
2014-11-26 15,22.226173400878906,1.5204169750213623,91.46341705322266,58.53658676147461
2014-11-26 16,22.048364639282227,0.0,99.59349822998047,57.621952056884766
2014-11-26 17,0.0,2.1720242500305176,115.8536605834961,0.0
2014-11-26 18,24.359886169433594,0.0,0.0,88.10975646972656
2014-11-26 19,26.13797950744629,1.7376195192337036,248.98373413085938,90.54878234863281
2014-11-26 20,0.0,0.0,0.0,0.0
2014-11-26 21,25.248933792114258,1.7376195192337036,211.38211059570312,82.92682647705078
2014-11-26 22,22.937410354614258,1.7376195192337036,172.256103515625,84.45121765136719
2014-11-26 23,0.0,1.7376195192337036,147.86585998535156,0.0
2014-11-27 00,0.0,1.7376195192337036,113.82113647460938,0.0
2014-11-27 01,0.0,0.0,116.36178588867188,58.53658676147461
2014-11-27 02,16.714082717895508,0.0,0.0,0.0
2014-11-27 03,16.714082717895508,0.0,0.0,0.0
2014-11-27 04,16.891891479492188,1.7376195192337036,85.36585235595703,49.085365295410156
2014-11-27 05,0.0,1.7376195192337036,90.95528411865234,52.13414764404297
2014-11-27 06,0.0,0.0,91.97154235839844,0.0
2014-11-27 07,0.0,1.7376195192337036,93.49593353271484,0.0
2014-11-27 08,27.560455322265625,1.7376195192337036,97.05284881591797,52.74390411376953
2014-11-27 09,26.849218368530273,1.9548219442367554,0.0,53.96341323852539
2014-11-27 10,0.0,1.7376195192337036,91.46341705322266,50.0
2014-11-27 11,26.13797950744629,1.7376195192337036,99.59349822998047,0.0
2014-11-27 12,0.0,0.0,0.0,0.0
2014-11-27 13,0.0,1.7376195192337036,0.0,48.780487060546875
2014-11-27 14,23.826457977294922,1.5204169750213623,0.0,0.0
2014-11-27 15,23.29302978515625,1.5204169750213623,0.0,53.96341323852539
2014-11-27 16,0.0,1.7376195192337036,0.0,0.0
2014-11-27 17,0.0,0.0,118.90243530273438,80.48780822753906
2014-11-27 18,25.071123123168945,1.5204169750213623,0.0,96.6463394165039
2014-11-27 19,0.0,1.7376195192337036,0.0,99.08536529541016
2014-11-27 20,0.0,0.0,0.0,0.0
2014-11-27 21,0.0,1.7376195192337036,202.23577880859375,87.19512176513672
2014-11-27 22,22.759601593017578,0.0,175.30487060546875,84.1463394165039
2014-11-27 23,0.0,1.7376195192337036,0.0,0.0
2014-11-28 00,0.0,1.7376195192337036,0.0,0.0
2014-11-28 01,17.42531967163086,1.7376195192337036,0.0,53.96341323852539
2014-11-28 02,0.0,0.0,0.0,50.0
2014-11-28 03,0.0,1.7376195192337036,91.46341705322266,49.085365295410156
2014-11-28 04,16.891891479492188,0.0,0.0,50.60975646972656
2014-11-28 05,0.0,1.7376195192337036,92.47967529296875,54.26829147338867
2014-11-28 06,19.91465187072754,0.0,0.0,0.0
2014-11-28 07,28.44950294494629,1.7376195192337036,94.51219177246094,59.45121765136719
2014-11-28 08,27.916074752807617,1.7376195192337036,107.72357940673828,59.45121765136719
2014-11-28 09,26.849218368530273,0.0,0.0,58.53658676147461
2014-11-28 10,24.893314361572266,1.3032145500183105,101.62601470947266,0.0
2014-11-28 11,27.738264083862305,0.0,104.16666412353516,57.621952056884766
2014-11-28 12,0.0,0.0,122.4593505859375,0.0
2014-11-28 13,23.648649215698242,1.7376195192337036,0.0,0.0
2014-11-28 14,0.0,0.0,0.0,50.30487823486328
2014-11-28 15,22.937410354614258,1.7376195192337036,0.0,59.45121765136719
2014-11-28 16,23.29302978515625,1.7376195192337036,0.0,58.84146499633789
2014-11-28 17,0.0,1.5204169750213623,0.0,73.4756088256836
2014-11-28 18,24.715505599975586,2.1720242500305176,0.0,91.76829528808594
2014-11-28 19,25.604551315307617,0.0,215.44715881347656,0.0
2014-11-28 20,0.0,2.823631525039673,0.0,91.46341705322266
2014-11-28 21,24.359886169433594,1.7376195192337036,210.8739776611328,93.29268646240234
2014-11-28 22,22.403982162475586,1.7376195192337036,0.0,0.0
2014-11-28 23,21.159317016601562,1.7376195192337036,163.10975646972656,0.0
2014-11-29 00,0.0,0.0,0.0,78.04878234863281
2014-11-29 01,0.0,0.0,0.0,61.89024353027344
2014-11-29 02,17.24751091003418,1.7376195192337036,0.0,0.0
2014-11-29 03,16.714082717895508,0.0,94.00406646728516,47.86585235595703
2014-11-29 04,17.0697021484375,0.0,0.0,0.0
2014-11-29 05,0.0,2.1720242500305176,94.00406646728516,0.0
2014-11-29 06,0.0,0.0,90.95528411865234,51.524391174316406
2014-11-29 07,20.44808006286621,0.0,94.51219177246094,0.0
2014-11-29 08,0.0,2.1720242500305176,0.0,59.14634323120117
2014-11-29 09,29.516359329223633,0.0,134.14634704589844,60.36585235595703
2014-11-29 10,0.0,1.9548219442367554,160.06097412109375,54.878047943115234
2014-11-29 11,0.0,0.0,158.53659057617188,0.0
2014-11-29 12,28.98293113708496,1.7376195192337036,0.0,47.56097412109375
2014-11-29 13,28.80512046813965,1.7376195192337036,0.0,47.56097412109375
2014-11-29 14,27.916074752807617,0.0,137.19512939453125,53.96341323852539
2014-11-29 15,27.916074752807617,0.0,126.0162582397461,0.0
2014-11-29 16,26.67140769958496,0.0,143.2926788330078,0.0
2014-11-29 17,25.604551315307617,1.9548219442367554,169.2073211669922,71.03658294677734
2014-11-29 18,25.426742553710938,0.0,213.92276000976562,78.65853881835938
2014-11-29 19,27.560455322265625,0.0,214.93902587890625,87.19512176513672
2014-11-29 20,0.0,0.0,188.0081329345703,88.71951293945312
2014-11-29 21,0.0,1.7376195192337036,183.94308471679688,0.0
2014-11-29 22,22.5817928314209,1.7376195192337036,158.02845764160156,77.74390411376953
2014-11-29 23,22.403982162475586,0.0,167.68292236328125,75.30487823486328
2014-11-30 00,20.80369758605957,0.0,156.50405883789062,0.0
2014-11-30 01,0.0,0.0,0.0,0.0
2014-11-30 02,18.136558532714844,0.0,0.0,0.0
2014-11-30 03,17.603130340576172,0.0,97.05284881591797,0.0
2014-11-30 04,0.0,1.5204169750213623,95.02032470703125,0.0
2014-11-30 05,18.136558532714844,1.7376195192337036,93.49593353271484,0.0
2014-11-30 06,18.492176055908203,0.0,87.90650177001953,0.0
2014-11-30 07,20.2702693939209,0.0,82.31707000732422,46.64634323120117
2014-11-30 08,0.0,0.0,102.64227294921875,45.42683029174805
2014-11-30 09,0.0,1.7376195192337036,114.83739471435547,48.17073059082031
2014-11-30 10,0.0,1.7376195192337036,158.53659057617188,0.0
2014-11-30 11,29.694168090820312,1.7376195192337036,0.0,0.0
2014-11-30 12,30.049787521362305,0.0,164.1260223388672,53.35365676879883
2014-11-30 13,29.33854866027832,0.0,148.88211059570312,46.03658676147461
2014-11-30 14,27.027027130126953,1.7376195192337036,0.0,42.682926177978516
2014-11-30 15,25.071123123168945,1.5204169750213623,109.24797058105469,41.46341323852539
2014-11-30 16,0.0,0.0,0.0,0.0
2014-11-30 17,24.182077407836914,0.0,147.35772705078125,58.84146499633789
2014-11-30 18,24.537694931030273,0.0,179.3699188232422,0.0
2014-11-30 19,0.0,0.0,174.2886199951172,0.0
2014-11-30 20,0.0,1.7376195192337036,189.5325164794922,78.96341705322266
2014-11-30 21,24.715505599975586,1.7376195192337036,0.0,0.0
2014-11-30 22,22.937410354614258,1.7376195192337036,0.0,0.0
2014-11-30 23,0.0,0.0,131.60569763183594,67.98780822753906
2014-12-01 00,19.559032440185547,0.0,122.96747589111328,57.0121955871582
2014-12-01 01,0.0,1.7376195192337036,0.0,45.42683029174805
2014-12-01 02,16.891891479492188,0.0,0.0,41.15853500366211
2014-12-01 03,16.536273956298828,0.0,0.0,44.817073822021484
2014-12-01 04,16.714082717895508,0.0,99.59349822998047,45.42683029174805
2014-12-01 05,0.0,0.0,94.00406646728516,0.0
2014-12-01 06,20.44808006286621,0.0,0.0,0.0
2014-12-01 07,28.98293113708496,1.7376195192337036,106.19918823242188,0.0
2014-12-01 08,28.093883514404297,0.0,0.0,0.0
2014-12-01 09,0.0,1.7376195192337036,0.0,0.0
2014-12-01 10,0.0,1.7376195192337036,100.10162353515625,48.17073059082031
2014-12-01 11,0.0,1.3032145500183105,108.23170471191406,44.20731735229492
2014-12-01 12,0.0,1.3032145500183105,117.3780517578125,51.524391174316406
2014-12-01 13,0.0,1.5204169750213623,110.77235412597656,0.0
2014-12-01 14,24.893314361572266,0.0,100.60975646972656,55.182926177978516
2014-12-01 15,22.226173400878906,1.5204169750213623,0.0,0.0
2014-12-01 16,0.0,1.7376195192337036,98.06910705566406,0.0
2014-12-01 17,0.0,1.7376195192337036,131.60569763183594,69.51219177246094
2014-12-01 18,0.0,2.1720242500305176,0.0,86.89024353027344
2014-12-01 19,29.33854866027832,1.7376195192337036,228.65853881835938,0.0
2014-12-01 20,29.16073989868164,0.0,206.30081176757812,0.0
2014-12-01 21,0.0,1.7376195192337036,196.64634704589844,0.0
2014-12-01 22,22.937410354614258,0.0,172.76422119140625,85.36585235595703
2014-12-01 23,21.159317016601562,0.0,0.0,0.0
2014-12-02 00,0.0,0.0,129.06504821777344,58.23170852661133
2014-12-02 01,0.0,1.7376195192337036,113.82113647460938,55.4878044128418
2014-12-02 02,0.0,0.0,104.67479705810547,0.0
2014-12-02 03,16.536273956298828,1.7376195192337036,94.51219177246094,49.39024353027344
2014-12-02 04,0.0,0.0,89.43089294433594,0.0
2014-12-02 05,17.603130340576172,1.7376195192337036,99.08536529541016,54.878047943115234
2014-12-02 06,0.0,0.0,0.0,60.67073059082031
2014-12-02 07,28.80512046813965,0.0,0.0,62.80487823486328
2014-12-02 08,27.738264083862305,1.7376195192337036,0.0,0.0
2014-12-02 09,26.849218368530273,1.7376195192337036,0.0,46.34146499633789
2014-12-02 10,0.0,1.5204169750213623,84.85772705078125,55.4878044128418
2014-12-02 11,0.0,0.0,94.51219177246094,0.0
2014-12-02 12,0.0,1.3032145500183105,0.0,0.0
2014-12-02 13,24.359886169433594,1.7376195192337036,108.23170471191406,48.780487060546875
2014-12-02 14,23.648649215698242,1.7376195192337036,98.06910705566406,0.0
2014-12-02 15,0.0,1.7376195192337036,91.97154235839844,54.57316970825195
2014-12-02 16,0.0,1.7376195192337036,103.65853881835938,63.719512939453125
2014-12-02 17,23.826457977294922,1.7376195192337036,129.06504821777344,78.65853881835938
2014-12-02 18,0.0,0.0,174.2886199951172,99.39024353027344
2014-12-02 19,0.0,1.7376195192337036,0.0,101.82926940917969
2014-12-02 20,28.80512046813965,1.7376195192337036,0.0,0.0
2014-12-02 21,0.0,1.7376195192337036,0.0,96.95121765136719
2014-12-02 22,23.29302978515625,1.7376195192337036,198.1707305908203,0.0
2014-12-02 23,20.80369758605957,1.7376195192337036,0.0,83.84146118164062
2014-12-03 00,0.0,0.0,133.63821411132812,68.29268646240234
2014-12-03 01,17.42531967163086,1.7376195192337036,0.0,60.67073059082031
2014-12-03 02,16.714082717895508,1.5204169750213623,104.16666412353516,58.23170852661133
2014-12-03 03,16.180654525756836,1.7376195192337036,94.00406646728516,0.0
2014-12-03 04,0.0,1.7376195192337036,101.62601470947266,54.57316970825195
2014-12-03 05,17.24751091003418,0.0,0.0,54.878047943115234
2014-12-03 06,0.0,1.7376195192337036,0.0,53.04878234863281
2014-12-03 07,28.44950294494629,0.0,111.78861999511719,56.09756088256836
2014-12-03 08,0.0,1.7376195192337036,0.0,52.43902587890625
2014-12-03 09,0.0,1.7376195192337036,110.26422882080078,0.0
2014-12-03 10,0.0,0.0,0.0,51.524391174316406
2014-12-03 11,0.0,0.0,109.24797058105469,49.69512176513672
2014-12-03 12,0.0,0.0,123.4756088256836,0.0
2014-12-03 13,0.0,1.7376195192337036,112.29674530029297,41.76829147338867
2014-12-03 14,23.826457977294922,1.5204169750213623,87.90650177001953,45.121952056884766
2014-12-03 15,0.0,1.5204169750213623,84.85772705078125,0.0
2014-12-03 16,23.826457977294922,0.0,101.11788940429688,54.878047943115234
2014-12-03 17,23.826457977294922,2.1720242500305176,128.0487823486328,0.0
2014-12-03 18,25.071123123168945,2.606429100036621,0.0,0.0
2014-12-03 19,27.382646560668945,0.0,0.0,79.57317352294922
2014-12-03 20,28.80512046813965,1.7376195192337036,0.0,89.63414764404297
2014-12-03 21,26.13797950744629,0.0,0.0,83.53658294677734
2014-12-03 22,23.11522102355957,1.7376195192337036,185.97561645507812,88.71951293945312
2014-12-03 23,0.0,0.0,157.01219177246094,80.18292999267578
2014-12-04 00,18.847795486450195,0.0,130.081298828125,61.280487060546875
2014-12-04 01,0.0,0.0,0.0,0.0
2014-12-04 02,16.891891479492188,0.0,99.08536529541016,49.69512176513672
2014-12-04 03,16.358463287353516,1.7376195192337036,96.03658294677734,50.30487823486328
2014-12-04 04,0.0,1.7376195192337036,100.60975646972656,52.13414764404297
2014-12-04 05,17.24751091003418,0.0,97.56097412109375,0.0
2014-12-04 06,20.2702693939209,0.0,0.0,0.0
2014-12-04 07,27.916074752807617,1.7376195192337036,0.0,56.40243911743164
2014-12-04 08,27.916074752807617,1.7376195192337036,0.0,0.0
2014-12-04 09,26.3157901763916,1.9548219442367554,0.0,47.25609588623047
2014-12-04 10,26.67140769958496,0.0,0.0,0.0
2014-12-04 11,25.248933792114258,1.7376195192337036,0.0,45.42683029174805
2014-12-04 12,24.893314361572266,1.7376195192337036,113.3130111694336,44.20731735229492
2014-12-04 13,0.0,0.0,121.95121765136719,36.280487060546875
2014-12-04 14,23.29302978515625,1.5204169750213623,0.0,39.024391174316406
2014-12-04 15,0.0,0.0,108.23170471191406,47.86585235595703
2014-12-04 16,22.226173400878906,0.0,109.75609588623047,52.13414764404297
2014-12-04 17,0.0,1.7376195192337036,0.0,60.975608825683594
2014-12-04 18,0.0,1.5204169750213623,185.97561645507812,0.0
2014-12-04 19,28.093883514404297,1.7376195192337036,224.59349060058594,96.34146118164062
2014-12-04 20,29.16073989868164,0.0,196.64634704589844,0.0
2014-12-04 21,25.426742553710938,0.0,194.10569763183594,0.0
2014-12-04 22,22.5817928314209,1.7376195192337036,174.2886199951172,0.0
2014-12-04 23,20.80369758605957,1.7376195192337036,0.0,0.0
2014-12-05 00,0.0,1.7376195192337036,0.0,0.0
2014-12-05 01,0.0,1.7376195192337036,107.72357940673828,0.0
2014-12-05 02,16.536273956298828,1.7376195192337036,0.0,60.06097412109375
2014-12-05 03,16.358463287353516,0.0,99.59349822998047,53.65853500366211
2014-12-05 04,0.0,0.0,98.06910705566406,57.621952056884766
2014-12-05 05,17.24751091003418,1.7376195192337036,91.46341705322266,0.0
2014-12-05 06,19.736841201782227,1.7376195192337036,103.15040588378906,60.36585235595703
2014-12-05 07,28.271692276000977,0.0,105.18292999267578,0.0
2014-12-05 08,27.738264083862305,0.0,109.75609588623047,53.04878234863281
2014-12-05 09,0.0,0.0,0.0,59.14634323120117
2014-12-05 10,0.0,0.0,117.88617706298828,0.0
2014-12-05 11,26.67140769958496,1.3032145500183105,0.0,0.0
2014-12-05 12,0.0,1.3032145500183105,112.29674530029297,54.878047943115234
2014-12-05 13,25.071123123168945,0.0,111.28048706054688,0.0
2014-12-05 14,24.537694931030273,0.0,106.70731353759766,42.9878044128418
2014-12-05 15,0.0,0.0,95.52845764160156,0.0
2014-12-05 16,0.0,1.7376195192337036,0.0,47.56097412109375
2014-12-05 17,23.29302978515625,1.5204169750213623,120.42682647705078,71.03658294677734
2014-12-05 18,24.537694931030273,0.0,181.9105682373047,93.29268646240234
2014-12-05 19,25.78236198425293,1.7376195192337036,0.0,0.0
2014-12-05 20,25.78236198425293,2.823631525039673,236.28048706054688,89.93902587890625
2014-12-05 21,22.937410354614258,0.0,0.0,86.89024353027344
2014-12-05 22,21.870553970336914,1.7376195192337036,0.0,0.0
2014-12-05 23,20.62588882446289,1.7376195192337036,0.0,82.92682647705078
2014-12-06 00,19.381223678588867,0.0,138.2113800048828,81.70731353759766
2014-12-06 01,17.95874786376953,0.0,112.80487823486328,0.0
2014-12-06 02,17.0697021484375,1.7376195192337036,106.70731353759766,0.0
2014-12-06 03,16.536273956298828,1.7376195192337036,0.0,55.79268264770508
2014-12-06 04,0.0,1.7376195192337036,0.0,0.0
2014-12-06 05,17.603130340576172,0.0,90.95528411865234,60.975608825683594
2014-12-06 06,17.78093910217285,1.7376195192337036,96.03658294677734,56.40243911743164
2014-12-06 07,0.0,1.7376195192337036,91.46341705322266,56.09756088256836
2014-12-06 08,24.537694931030273,2.1720242500305176,0.0,56.70731735229492
2014-12-06 09,27.560455322265625,0.0,0.0,60.975608825683594
2014-12-06 10,28.44950294494629,1.9548219442367554,0.0,0.0
2014-12-06 11,28.62731170654297,0.0,151.93089294433594,55.79268264770508
2014-12-06 12,27.738264083862305,0.0,0.0,57.621952056884766
2014-12-06 13,0.0,0.0,147.86585998535156,0.0
2014-12-06 14,27.738264083862305,0.0,131.09756469726562,58.84146499633789
2014-12-06 15,25.96017074584961,1.7376195192337036,0.0,0.0
2014-12-06 16,0.0,0.0,0.0,53.65853500366211
2014-12-06 17,0.0,1.9548219442367554,172.256103515625,0.0
2014-12-06 18,0.0,1.7376195192337036,209.34959411621094,91.76829528808594
2014-12-06 19,25.248933792114258,1.7376195192337036,240.3455352783203,0.0
2014-12-06 20,24.359886169433594,1.7376195192337036,210.8739776611328,84.75609588623047
2014-12-06 21,0.0,0.0,0.0,86.28048706054688
2014-12-06 22,21.159317016601562,1.7376195192337036,179.8780517578125,0.0
2014-12-06 23,0.0,1.7376195192337036,0.0,101.21951293945312
2014-12-07 00,0.0,1.7376195192337036,0.0,85.67073059082031
2014-12-07 01,0.0,0.0,126.5243911743164,71.6463394165039
2014-12-07 02,0.0,0.0,0.0,59.75609588623047
2014-12-07 03,0.0,1.5204169750213623,100.60975646972656,56.70731735229492
2014-12-07 04,0.0,0.0,98.06910705566406,57.92683029174805
2014-12-07 05,0.0,0.0,95.02032470703125,57.92683029174805
2014-12-07 06,0.0,1.7376195192337036,90.95528411865234,0.0
2014-12-07 07,0.0,0.0,0.0,53.35365676879883
2014-12-07 08,22.226173400878906,0.0,0.0,0.0
2014-12-07 09,0.0,0.0,0.0,48.17073059082031
2014-12-07 10,27.916074752807617,0.0,0.0,51.82926940917969
2014-12-07 11,0.0,0.0,188.0081329345703,57.0121955871582
2014-12-07 12,0.0,0.0,170.22357177734375,55.79268264770508
2014-12-07 13,27.204835891723633,0.0,0.0,48.780487060546875
2014-12-07 14,26.13797950744629,1.7376195192337036,115.8536605834961,46.03658676147461
2014-12-07 15,24.893314361572266,1.5204169750213623,0.0,46.95121765136719
2014-12-07 16,22.759601593017578,0.0,0.0,0.0
2014-12-07 17,0.0,1.7376195192337036,150.9146270751953,64.0243911743164
2014-12-07 18,23.826457977294922,0.0,0.0,77.43902587890625
2014-12-07 19,0.0,1.9548219442367554,212.90650939941406,0.0
2014-12-07 20,0.0,1.7376195192337036,182.418701171875,80.18292999267578
2014-12-07 21,0.0,0.0,0.0,83.53658294677734
2014-12-07 22,21.337125778198242,1.7376195192337036,0.0,79.8780517578125
2014-12-07 23,0.0,0.0,160.56910705566406,76.82926940917969
2014-12-08 00,0.0,1.7376195192337036,0.0,85.36585235595703
2014-12-08 01,0.0,1.7376195192337036,0.0,74.69512176513672
2014-12-08 02,0.0,1.7376195192337036,103.15040588378906,0.0
2014-12-08 03,0.0,1.5204169750213623,98.57723236083984,63.719512939453125
2014-12-08 04,16.714082717895508,1.7376195192337036,97.56097412109375,66.15853881835938
2014-12-08 05,17.0697021484375,1.7376195192337036,0.0,0.0
2014-12-08 06,0.0,0.0,0.0,57.317073822021484
2014-12-08 07,18.136558532714844,0.0,81.30081176757812,58.84146499633789
2014-12-08 08,0.0,0.0,87.39837646484375,48.475608825683594
2014-12-08 09,0.0,0.0,107.21544647216797,0.0
2014-12-08 10,30.583215713500977,0.0,136.68699645996094,0.0
2014-12-08 11,0.0,1.3032145500183105,0.0,0.0
2014-12-08 12,31.294452667236328,1.3032145500183105,200.7113800048828,54.878047943115234
2014-12-08 13,0.0,1.5204169750213623,144.81707763671875,0.0
2014-12-08 14,27.027027130126953,1.3032145500183105,0.0,0.0
2014-12-08 15,0.0,0.0,0.0,53.04878234863281
2014-12-08 16,0.0,0.0,124.49186706542969,59.75609588623047
2014-12-08 17,23.648649215698242,1.7376195192337036,160.56910705566406,0.0
2014-12-08 18,25.071123123168945,2.1720242500305176,227.64227294921875,0.0
2014-12-08 19,0.0,0.0,0.0,0.0
2014-12-08 20,28.44950294494629,1.7376195192337036,227.13414001464844,0.0
2014-12-08 21,24.537694931030273,0.0,0.0,80.18292999267578
2014-12-08 22,22.226173400878906,0.0,0.0,0.0
2014-12-08 23,20.44808006286621,0.0,138.71951293945312,80.48780822753906
2014-12-09 00,0.0,0.0,125.50813293457031,64.93902587890625
2014-12-09 01,17.42531967163086,1.7376195192337036,0.0,64.0243911743164
2014-12-09 02,0.0,0.0,96.54471588134766,0.0
2014-12-09 03,16.536273956298828,1.7376195192337036,0.0,0.0
2014-12-09 04,16.891891479492188,0.0,0.0,60.36585235595703
2014-12-09 05,0.0,1.7376195192337036,94.00406646728516,59.14634323120117
2014-12-09 06,20.62588882446289,0.0,103.65853881835938,59.75609588623047
2014-12-09 07,0.0,0.0,107.21544647216797,66.76829528808594
2014-12-09 08,27.916074752807617,1.7376195192337036,0.0,56.40243911743164
2014-12-09 09,0.0,1.7376195192337036,101.62601470947266,46.03658676147461
2014-12-09 10,0.0,1.5204169750213623,86.89024353027344,50.914634704589844
2014-12-09 11,25.604551315307617,0.0,87.39837646484375,46.34146499633789
2014-12-09 12,25.071123123168945,1.3032145500183105,103.65853881835938,45.42683029174805
2014-12-09 13,25.071123123168945,1.7376195192337036,0.0,0.0
2014-12-09 14,24.893314361572266,0.0,98.57723236083984,48.475608825683594
2014-12-09 15,0.0,1.7376195192337036,104.67479705810547,57.92683029174805
2014-12-09 16,22.5817928314209,0.0,0.0,57.621952056884766
2014-12-09 17,23.47083854675293,1.7376195192337036,137.7032470703125,0.0
2014-12-09 18,0.0,0.0,0.0,0.0
2014-12-09 19,0.0,1.7376195192337036,229.1666717529297,102.74390411376953
2014-12-09 20,28.44950294494629,0.0,235.77235412597656,108.84146118164062
2014-12-09 21,0.0,1.7376195192337036,0.0,0.0
2014-12-09 22,22.759601593017578,1.7376195192337036,193.0894317626953,0.0
2014-12-09 23,0.0,1.7376195192337036,0.0,0.0
2014-12-10 00,18.847795486450195,1.7376195192337036,0.0,0.0
2014-12-10 01,17.42531967163086,1.7376195192337036,0.0,62.80487823486328
2014-12-10 02,16.714082717895508,1.5204169750213623,100.60975646972656,0.0
2014-12-10 03,16.180654525756836,1.7376195192337036,0.0,61.89024353027344
2014-12-10 04,0.0,1.7376195192337036,100.10162353515625,0.0
2014-12-10 05,0.0,0.0,104.67479705810547,0.0
2014-12-10 06,20.09246063232422,1.7376195192337036,108.73983764648438,67.07317352294922
2014-12-10 07,28.44950294494629,1.7376195192337036,0.0,0.0
2014-12-10 08,29.516359329223633,1.7376195192337036,0.0,60.975608825683594
2014-12-10 09,26.849218368530273,1.7376195192337036,100.60975646972656,53.96341323852539
2014-12-10 10,0.0,1.5204169750213623,0.0,0.0
2014-12-10 11,24.715505599975586,0.0,128.55691528320312,51.82926940917969
2014-12-10 12,24.359886169433594,1.5204169750213623,112.29674530029297,0.0
2014-12-10 13,0.0,1.7376195192337036,117.88617706298828,43.29268264770508
2014-12-10 14,24.359886169433594,1.5204169750213623,98.06910705566406,47.25609588623047
2014-12-10 15,0.0,1.5204169750213623,92.47967529296875,61.585365295410156
2014-12-10 16,0.0,1.7376195192337036,0.0,70.73170471191406
2014-12-10 17,23.826457977294922,2.1720242500305176,142.7845458984375,86.28048706054688
2014-12-10 18,25.071123123168945,2.606429100036621,0.0,0.0
2014-12-10 19,0.0,0.0,256.0975646972656,115.8536605834961
2014-12-10 20,29.516359329223633,1.7376195192337036,236.7886199951172,110.06097412109375
2014-12-10 21,25.78236198425293,1.7376195192337036,232.72357177734375,109.45121765136719
2014-12-10 22,23.47083854675293,1.7376195192337036,216.46340942382812,0.0
2014-12-10 23,0.0,1.7376195192337036,155.99594116210938,0.0
2014-12-11 00,0.0,1.7376195192337036,143.2926788330078,87.5
2014-12-11 01,17.95874786376953,1.7376195192337036,111.78861999511719,73.4756088256836
2014-12-11 02,0.0,0.0,103.65853881835938,0.0
2014-12-11 03,16.536273956298828,0.0,106.70731353759766,67.98780822753906
2014-12-11 04,0.0,1.7376195192337036,0.0,0.0
2014-12-11 05,18.492176055908203,1.7376195192337036,105.69105529785156,0.0
2014-12-11 06,0.0,1.7376195192337036,0.0,66.46341705322266
2014-12-11 07,0.0,1.7376195192337036,120.9349594116211,71.03658294677734
2014-12-11 08,28.98293113708496,0.0,0.0,57.621952056884766
2014-12-11 09,27.560455322265625,1.9548219442367554,0.0,0.0
2014-12-11 10,0.0,0.0,98.06910705566406,60.67073059082031
2014-12-11 11,27.382646560668945,1.7376195192337036,0.0,61.585365295410156
2014-12-11 12,26.13797950744629,1.7376195192337036,0.0,56.09756088256836
2014-12-11 13,0.0,1.7376195192337036,113.3130111694336,0.0
2014-12-11 14,24.359886169433594,1.5204169750213623,0.0,51.524391174316406
2014-12-11 15,23.826457977294922,1.5204169750213623,87.39837646484375,0.0
2014-12-11 16,24.359886169433594,1.7376195192337036,93.49593353271484,58.84146499633789
2014-12-11 17,0.0,0.0,145.8333282470703,0.0
2014-12-11 18,24.359886169433594,0.0,0.0,0.0
2014-12-11 19,27.204835891723633,1.7376195192337036,238.31300354003906,105.79268646240234
2014-12-11 20,27.916074752807617,1.9548219442367554,239.83740234375,104.57317352294922
2014-12-11 21,25.96017074584961,1.7376195192337036,240.85365295410156,98.78048706054688
2014-12-11 22,0.0,1.7376195192337036,0.0,101.5243911743164
2014-12-11 23,22.226173400878906,1.7376195192337036,0.0,0.0
2014-12-12 00,0.0,1.7376195192337036,133.63821411132812,0.0
2014-12-12 01,17.603130340576172,0.0,113.82113647460938,0.0
2014-12-12 02,17.0697021484375,1.7376195192337036,112.29674530029297,65.8536605834961
2014-12-12 03,0.0,0.0,104.67479705810547,0.0
2014-12-12 04,0.0,1.7376195192337036,0.0,0.0
2014-12-12 05,0.0,1.7376195192337036,0.0,66.46341705322266
2014-12-12 06,0.0,1.7376195192337036,115.8536605834961,0.0
2014-12-12 07,0.0,1.7376195192337036,121.4430923461914,0.0
2014-12-12 08,27.560455322265625,1.7376195192337036,108.73983764648438,0.0
2014-12-12 09,0.0,0.0,101.62601470947266,64.93902587890625
2014-12-12 10,0.0,1.3032145500183105,105.18292999267578,62.5
2014-12-12 11,0.0,0.0,98.06910705566406,58.84146499633789
2014-12-12 12,23.826457977294922,0.0,0.0,62.19512176513672
2014-12-12 13,0.0,0.0,0.0,0.0
2014-12-12 14,24.0042667388916,1.7376195192337036,134.6544647216797,0.0
2014-12-12 15,0.0,0.0,119.918701171875,0.0
2014-12-12 16,0.0,0.0,0.0,0.0
2014-12-12 17,0.0,1.5204169750213623,0.0,0.0
2014-12-12 18,24.0042667388916,2.1720242500305176,0.0,93.29268646240234
2014-12-12 19,24.182077407836914,0.0,0.0,0.0
2014-12-12 20,0.0,2.823631525039673,224.0853729248047,0.0
2014-12-12 21,0.0,1.7376195192337036,0.0,100.0
2014-12-12 22,0.0,1.7376195192337036,0.0,102.43902587890625
2014-12-12 23,0.0,1.7376195192337036,161.5853729248047,0.0
2014-12-13 00,0.0,0.0,0.0,0.0
2014-12-13 01,17.42531967163086,1.7376195192337036,131.09756469726562,76.21951293945312
2014-12-13 02,16.714082717895508,1.7376195192337036,0.0,72.25609588623047
2014-12-13 03,16.180654525756836,1.7376195192337036,112.29674530029297,67.68292999267578
2014-12-13 04,16.536273956298828,1.7376195192337036,108.23170471191406,63.10975646972656
2014-12-13 05,17.0697021484375,2.1720242500305176,106.70731353759766,0.0
2014-12-13 06,0.0,0.0,100.60975646972656,65.54878234863281
2014-12-13 07,18.847795486450195,0.0,102.13414764404297,59.75609588623047
2014-12-13 08,0.0,2.1720242500305176,113.3130111694336,58.53658676147461
2014-12-13 09,26.849218368530273,0.0,133.1300811767578,61.280487060546875
2014-12-13 10,28.62731170654297,1.9548219442367554,168.69918823242188,66.15853881835938
2014-12-13 11,29.33854866027832,0.0,162.09349060058594,64.0243911743164
2014-12-13 12,28.271692276000977,0.0,0.0,61.280487060546875
2014-12-13 13,28.093883514404297,1.7376195192337036,0.0,60.06097412109375
2014-12-13 14,0.0,0.0,0.0,0.0
2014-12-13 15,24.359886169433594,1.7376195192337036,0.0,67.68292999267578
2014-12-13 16,23.47083854675293,0.0,144.30894470214844,58.23170852661133
2014-12-13 17,22.937410354614258,0.0,177.33740234375,0.0
2014-12-13 18,23.648649215698242,1.7376195192337036,0.0,89.93902587890625
2014-12-13 19,24.893314361572266,1.7376195192337036,244.918701171875,0.0
2014-12-13 20,0.0,1.7376195192337036,0.0,97.56097412109375
2014-12-13 21,22.5817928314209,1.7376195192337036,219.51219177246094,0.0
2014-12-13 22,20.44808006286621,0.0,0.0,0.0
2014-12-13 23,0.0,1.7376195192337036,174.7967529296875,86.58536529541016
2014-12-14 00,19.203413009643555,1.7376195192337036,0.0,82.31707000732422
2014-12-14 01,17.95874786376953,0.0,146.84959411621094,76.21951293945312
2014-12-14 02,0.0,0.0,0.0,0.0
2014-12-14 03,16.358463287353516,0.0,115.34552764892578,64.93902587890625
2014-12-14 04,16.536273956298828,1.5204169750213623,113.82113647460938,65.24390411376953
2014-12-14 05,0.0,1.7376195192337036,103.65853881835938,66.46341705322266
2014-12-14 06,16.891891479492188,1.7376195192337036,0.0,0.0
2014-12-14 07,17.78093910217285,1.7376195192337036,110.26422882080078,60.36585235595703
2014-12-14 08,0.0,0.0,0.0,0.0
2014-12-14 09,27.560455322265625,0.0,138.71951293945312,0.0
2014-12-14 10,28.62731170654297,1.7376195192337036,0.0,0.0
2014-12-14 11,29.871976852416992,0.0,214.43089294433594,0.0
2014-12-14 12,30.049787521362305,0.0,189.02438354492188,70.1219482421875
2014-12-14 13,0.0,0.0,170.73170471191406,0.0
2014-12-14 14,26.67140769958496,0.0,166.15853881835938,60.67073059082031
2014-12-14 15,25.248933792114258,0.0,144.81707763671875,0.0
2014-12-14 16,0.0,1.7376195192337036,127.03252410888672,53.04878234863281
2014-12-14 17,23.29302978515625,0.0,162.09349060058594,65.54878234863281
2014-12-14 18,24.893314361572266,1.7376195192337036,0.0,92.68292999267578
2014-12-14 19,0.0,0.0,228.65853881835938,107.31707000732422
2014-12-14 20,0.0,0.0,217.98780822753906,95.42682647705078
2014-12-14 21,23.648649215698242,0.0,205.7926788330078,0.0
2014-12-14 22,22.5817928314209,1.7376195192337036,203.2520294189453,86.89024353027344
2014-12-14 23,20.62588882446289,1.7376195192337036,0.0,86.89024353027344
2014-12-15 00,18.669986724853516,1.7376195192337036,162.09349060058594,81.70731353759766
2014-12-15 01,0.0,1.7376195192337036,124.49186706542969,0.0
2014-12-15 02,16.714082717895508,1.7376195192337036,112.29674530029297,59.45121765136719
2014-12-15 03,0.0,1.5204169750213623,110.77235412597656,57.317073822021484
2014-12-15 04,0.0,0.0,112.80487823486328,0.0
2014-12-15 05,17.24751091003418,1.7376195192337036,0.0,0.0
2014-12-15 06,0.0,1.7376195192337036,0.0,58.53658676147461
2014-12-15 07,27.738264083862305,0.0,126.5243911743164,68.90243530273438
2014-12-15 08,27.027027130126953,0.0,125.0,53.35365676879883
2014-12-15 09,26.49359893798828,1.7376195192337036,0.0,0.0
2014-12-15 10,26.3157901763916,1.7376195192337036,121.4430923461914,0.0
2014-12-15 11,24.715505599975586,1.3032145500183105,0.0,52.43902587890625
2014-12-15 12,24.537694931030273,0.0,115.8536605834961,0.0
2014-12-15 13,0.0,1.5204169750213623,125.50813293457031,49.69512176513672
2014-12-15 14,24.715505599975586,1.3032145500183105,103.65853881835938,56.40243911743164
2014-12-15 15,0.0,0.0,98.57723236083984,65.8536605834961
2014-12-15 16,22.759601593017578,0.0,0.0,67.3780517578125
2014-12-15 17,0.0,1.7376195192337036,136.17886352539062,0.0
2014-12-15 18,0.0,2.1720242500305176,0.0,99.39024353027344
2014-12-15 19,26.67140769958496,0.0,0.0,105.48780822753906
2014-12-15 20,28.62731170654297,1.7376195192337036,228.65853881835938,0.0
2014-12-15 21,25.248933792114258,1.7376195192337036,0.0,119.20731353759766
2014-12-15 22,0.0,0.0,213.4146270751953,0.0
2014-12-15 23,20.80369758605957,0.0,0.0,102.13414764404297
2014-12-16 00,0.0,1.7376195192337036,149.89837646484375,76.5243911743164
2014-12-16 01,17.0697021484375,1.7376195192337036,0.0,64.32926940917969
2014-12-16 02,0.0,1.7376195192337036,107.72357940673828,0.0
2014-12-16 03,0.0,0.0,105.18292999267578,61.89024353027344
2014-12-16 04,16.536273956298828,1.7376195192337036,111.78861999511719,0.0
2014-12-16 05,0.0,1.7376195192337036,105.18292999267578,0.0
2014-12-16 06,0.0,1.7376195192337036,0.0,0.0
2014-12-16 07,0.0,1.7376195192337036,122.4593505859375,67.07317352294922
2014-12-16 08,0.0,1.7376195192337036,120.9349594116211,0.0
2014-12-16 09,24.537694931030273,1.7376195192337036,115.34552764892578,0.0
2014-12-16 10,0.0,1.5204169750213623,124.49186706542969,0.0
2014-12-16 11,24.182077407836914,0.0,0.0,60.67073059082031
2014-12-16 12,0.0,0.0,138.71951293945312,67.3780517578125
2014-12-16 13,0.0,1.7376195192337036,0.0,57.317073822021484
2014-12-16 14,0.0,0.0,0.0,0.0
2014-12-16 15,0.0,0.0,105.69105529785156,62.5
2014-12-16 16,21.337125778198242,1.7376195192337036,117.3780517578125,61.89024353027344
2014-12-16 17,0.0,1.7376195192337036,152.94715881347656,0.0
2014-12-16 18,0.0,0.0,199.18699645996094,96.6463394165039
2014-12-16 19,25.426742553710938,1.7376195192337036,0.0,103.3536605834961
2014-12-16 20,26.13797950744629,0.0,221.54470825195312,0.0
2014-12-16 21,0.0,1.7376195192337036,198.67886352539062,103.04878234863281
2014-12-16 22,0.0,0.0,0.0,0.0
2014-12-16 23,20.62588882446289,1.7376195192337036,167.17478942871094,92.68292999267578
2014-12-17 00,18.847795486450195,1.7376195192337036,142.27642822265625,0.0
2014-12-17 01,17.42531967163086,0.0,119.41056823730469,0.0
2014-12-17 02,0.0,0.0,98.06910705566406,60.06097412109375
2014-12-17 03,0.0,1.7376195192337036,0.0,54.26829147338867
2014-12-17 04,16.714082717895508,0.0,97.56097412109375,58.23170852661133
2014-12-17 05,17.42531967163086,1.7376195192337036,0.0,63.414634704589844
2014-12-17 06,0.0,1.7376195192337036,115.34552764892578,60.36585235595703
2014-12-17 07,26.67140769958496,0.0,0.0,62.5
2014-12-17 08,0.0,0.0,0.0,0.0
2014-12-17 09,0.0,1.7376195192337036,0.0,49.39024353027344
2014-12-17 10,27.027027130126953,1.5204169750213623,107.72357940673828,57.0121955871582
2014-12-17 11,0.0,0.0,120.42682647705078,0.0
2014-12-17 12,0.0,0.0,116.36178588867188,0.0
2014-12-17 13,24.537694931030273,1.7376195192337036,107.21544647216797,53.35365676879883
2014-12-17 14,0.0,1.5204169750213623,0.0,0.0
2014-12-17 15,23.648649215698242,0.0,0.0,0.0
2014-12-17 16,22.759601593017578,0.0,102.64227294921875,0.0
2014-12-17 17,22.937410354614258,2.1720242500305176,134.14634704589844,0.0
2014-12-17 18,24.0042667388916,2.606429100036621,193.59756469726562,0.0
2014-12-17 19,0.0,1.7376195192337036,227.64227294921875,0.0
2014-12-17 20,0.0,0.0,0.0,0.0
2014-12-17 21,24.537694931030273,1.7376195192337036,0.0,0.0
2014-12-17 22,0.0,1.7376195192337036,206.30081176757812,98.78048706054688
2014-12-17 23,20.44808006286621,1.7376195192337036,166.15853881835938,92.07317352294922
2014-12-18 00,19.203413009643555,1.7376195192337036,146.34146118164062,0.0
2014-12-18 01,17.42531967163086,1.7376195192337036,116.86991882324219,0.0
2014-12-18 02,0.0,1.7376195192337036,106.70731353759766,62.80487823486328
2014-12-18 03,0.0,0.0,0.0,60.67073059082031
2014-12-18 04,0.0,0.0,105.18292999267578,0.0
2014-12-18 05,17.78093910217285,1.7376195192337036,103.65853881835938,65.8536605834961
2014-12-18 06,19.736841201782227,0.0,105.18292999267578,67.07317352294922
2014-12-18 07,25.248933792114258,1.7376195192337036,115.8536605834961,0.0
2014-12-18 08,29.16073989868164,1.7376195192337036,0.0,59.45121765136719
2014-12-18 09,26.849218368530273,1.9548219442367554,112.80487823486328,51.219512939453125
2014-12-18 10,0.0,0.0,0.0,0.0
2014-12-18 11,25.96017074584961,1.7376195192337036,117.3780517578125,0.0
2014-12-18 12,0.0,0.0,127.03252410888672,60.06097412109375
2014-12-18 13,25.248933792114258,1.7376195192337036,114.32926940917969,58.23170852661133
2014-12-18 14,24.0042667388916,0.0,0.0,0.0
2014-12-18 15,22.937410354614258,0.0,0.0,65.8536605834961
2014-12-18 16,0.0,1.7376195192337036,120.9349594116211,75.60975646972656
2014-12-18 17,22.759601593017578,1.7376195192337036,155.48780822753906,84.1463394165039
2014-12-18 18,0.0,1.5204169750213623,212.90650939941406,96.95121765136719
2014-12-18 19,25.96017074584961,1.7376195192337036,247.9674835205078,103.65853881835938
2014-12-18 20,25.426742553710938,0.0,0.0,99.08536529541016
2014-12-18 21,23.826457977294922,0.0,236.28048706054688,89.32926940917969
2014-12-18 22,22.048364639282227,1.7376195192337036,220.52845764160156,103.96341705322266
2014-12-18 23,20.80369758605957,0.0,175.30487060546875,93.29268646240234
2014-12-19 00,19.203413009643555,1.7376195192337036,0.0,85.9756088256836
2014-12-19 01,17.42531967163086,1.7376195192337036,0.0,71.34146118164062
2014-12-19 02,0.0,0.0,108.23170471191406,60.06097412109375
2014-12-19 03,0.0,1.7376195192337036,0.0,64.0243911743164
2014-12-19 04,16.536273956298828,1.7376195192337036,98.06910705566406,63.719512939453125
2014-12-19 05,17.42531967163086,1.7376195192337036,101.11788940429688,67.07317352294922
2014-12-19 06,0.0,0.0,110.26422882080078,0.0
2014-12-19 07,24.182077407836914,1.7376195192337036,0.0,0.0
2014-12-19 08,29.694168090820312,1.7376195192337036,0.0,68.90243530273438
2014-12-19 09,0.0,0.0,0.0,0.0
2014-12-19 10,0.0,0.0,98.06910705566406,0.0
2014-12-19 11,27.916074752807617,0.0,0.0,0.0
2014-12-19 12,25.96017074584961,1.3032145500183105,0.0,58.23170852661133
2014-12-19 13,0.0,1.7376195192337036,115.34552764892578,0.0
2014-12-19 14,24.893314361572266,0.0,0.0,53.04878234863281
2014-12-19 15,23.11522102355957,1.7376195192337036,126.5243911743164,0.0
2014-12-19 16,0.0,1.7376195192337036,132.6219482421875,64.93902587890625
2014-12-19 17,0.0,0.0,151.42276000976562,89.93902587890625
2014-12-19 18,24.359886169433594,2.1720242500305176,216.46340942382812,0.0
2014-12-19 19,24.893314361572266,1.7376195192337036,226.6260223388672,107.01219177246094
2014-12-19 20,25.604551315307617,0.0,0.0,97.56097412109375
2014-12-19 21,0.0,0.0,212.90650939941406,0.0
2014-12-19 22,0.0,0.0,233.73983764648438,0.0
2014-12-19 23,20.09246063232422,1.7376195192337036,176.32113647460938,0.0
2014-12-20 00,0.0,0.0,156.50405883789062,85.9756088256836
2014-12-20 01,17.78093910217285,1.7376195192337036,0.0,0.0
2014-12-20 02,0.0,0.0,0.0,66.46341705322266
2014-12-20 03,16.358463287353516,0.0,111.28048706054688,62.80487823486328
2014-12-20 04,16.536273956298828,1.7376195192337036,0.0,72.25609588623047
2014-12-20 05,0.0,2.1720242500305176,103.15040588378906,70.42682647705078
2014-12-20 06,17.42531967163086,1.7376195192337036,102.13414764404297,65.24390411376953
2014-12-20 07,19.025604248046875,1.7376195192337036,106.70731353759766,0.0
2014-12-20 08,24.0042667388916,2.1720242500305176,109.75609588623047,65.24390411376953
2014-12-20 09,0.0,0.0,139.22764587402344,0.0
2014-12-20 10,0.0,0.0,0.0,54.878047943115234
2014-12-20 11,0.0,1.7376195192337036,0.0,45.121952056884766
2014-12-20 12,0.0,0.0,161.07723999023438,0.0
2014-12-20 13,27.738264083862305,0.0,158.53659057617188,0.0
2014-12-20 14,0.0,0.0,146.34146118164062,42.682926177978516
2014-12-20 15,0.0,0.0,0.0,45.42683029174805
2014-12-20 16,0.0,0.0,0.0,44.817073822021484
2014-12-20 17,0.0,0.0,179.3699188232422,0.0
2014-12-20 18,25.426742553710938,0.0,228.15040588378906,0.0
2014-12-20 19,0.0,0.0,232.72357177734375,0.0
2014-12-20 20,24.893314361572266,1.7376195192337036,0.0,92.3780517578125
2014-12-20 21,22.403982162475586,0.0,212.39837646484375,0.0
2014-12-20 22,21.337125778198242,1.7376195192337036,185.97561645507812,0.0
2014-12-20 23,20.80369758605957,1.7376195192337036,0.0,0.0
2014-12-21 00,19.381223678588867,0.0,0.0,0.0
2014-12-21 01,0.0,0.0,145.32521057128906,84.1463394165039
2014-12-21 02,17.24751091003418,0.0,131.09756469726562,0.0
2014-12-21 03,16.536273956298828,0.0,0.0,72.86585235595703
2014-12-21 04,16.891891479492188,0.0,126.5243911743164,70.1219482421875
2014-12-21 05,17.24751091003418,0.0,0.0,67.98780822753906
2014-12-21 06,17.0697021484375,0.0,0.0,64.32926940917969
2014-12-21 07,18.136558532714844,1.7376195192337036,0.0,0.0
2014-12-21 08,22.048364639282227,0.0,103.65853881835938,56.40243911743164
2014-12-21 09,27.204835891723633,1.7376195192337036,134.14634704589844,49.085365295410156
2014-12-21 10,0.0,1.7376195192337036,166.15853881835938,0.0
2014-12-21 11,27.916074752807617,0.0,0.0,0.0
2014-12-21 12,29.33854866027832,0.0,175.81300354003906,68.59756469726562
2014-12-21 13,28.62731170654297,0.0,130.081298828125,0.0
2014-12-21 14,0.0,0.0,0.0,0.0
2014-12-21 15,0.0,1.5204169750213623,0.0,0.0
2014-12-21 16,23.826457977294922,0.0,0.0,53.65853500366211
2014-12-21 17,23.29302978515625,0.0,130.081298828125,0.0
2014-12-21 18,0.0,1.7376195192337036,177.8455352783203,83.84146118164062
2014-12-21 19,25.604551315307617,0.0,0.0,90.8536605834961
2014-12-21 20,24.359886169433594,1.7376195192337036,206.80894470214844,0.0
2014-12-21 21,0.0,0.0,0.0,90.8536605834961
2014-12-21 22,0.0,1.7376195192337036,197.1544647216797,0.0
2014-12-21 23,20.2702693939209,0.0,161.07723999023438,84.75609588623047
2014-12-22 00,19.203413009643555,0.0,0.0,0.0
2014-12-22 01,17.42531967163086,1.7376195192337036,122.96747589111328,71.34146118164062
2014-12-22 02,16.714082717895508,0.0,117.88617706298828,0.0
2014-12-22 03,16.180654525756836,1.5204169750213623,0.0,0.0
2014-12-22 04,0.0,1.7376195192337036,100.60975646972656,71.34146118164062
2014-12-22 05,17.0697021484375,1.7376195192337036,114.83739471435547,0.0
2014-12-22 06,0.0,0.0,0.0,60.06097412109375
2014-12-22 07,22.759601593017578,1.7376195192337036,131.09756469726562,0.0
2014-12-22 08,29.16073989868164,1.7376195192337036,113.3130111694336,0.0
2014-12-22 09,27.382646560668945,1.7376195192337036,127.5406494140625,0.0
2014-12-22 10,0.0,0.0,107.72357940673828,83.53658294677734
2014-12-22 11,28.62731170654297,1.3032145500183105,122.96747589111328,0.0
2014-12-22 12,0.0,1.3032145500183105,138.2113800048828,75.60975646972656
2014-12-22 13,0.0,0.0,0.0,0.0
2014-12-22 14,0.0,0.0,120.42682647705078,0.0
2014-12-22 15,0.0,0.0,0.0,0.0
2014-12-22 16,0.0,1.7376195192337036,129.06504821777344,72.56097412109375
2014-12-22 17,0.0,1.7376195192337036,0.0,90.24390411376953
2014-12-22 18,0.0,2.1720242500305176,203.76016235351562,0.0
2014-12-22 19,25.96017074584961,1.7376195192337036,259.65447998046875,100.0
2014-12-22 20,26.49359893798828,0.0,0.0,94.51219177246094
2014-12-22 21,24.0042667388916,0.0,0.0,0.0
2014-12-22 22,22.048364639282227,1.7376195192337036,0.0,102.13414764404297
2014-12-22 23,0.0,1.7376195192337036,0.0,0.0
2014-12-23 00,0.0,1.7376195192337036,153.96340942382812,81.40243530273438
2014-12-23 01,0.0,1.7376195192337036,129.5731658935547,0.0
2014-12-23 02,0.0,1.7376195192337036,0.0,70.73170471191406
2014-12-23 03,16.180654525756836,1.7376195192337036,107.72357940673828,71.6463394165039
2014-12-23 04,16.536273956298828,1.7376195192337036,0.0,0.0
2014-12-23 05,17.0697021484375,1.7376195192337036,111.78861999511719,0.0
2014-12-23 06,18.314367294311523,0.0,0.0,0.0
2014-12-23 07,22.937410354614258,1.7376195192337036,120.9349594116211,71.6463394165039
2014-12-23 08,27.560455322265625,1.7376195192337036,103.15040588378906,0.0
2014-12-23 09,0.0,0.0,0.0,64.32926940917969
2014-12-23 10,0.0,1.5204169750213623,0.0,55.79268264770508
2014-12-23 11,27.382646560668945,0.0,127.5406494140625,65.54878234863281
2014-12-23 12,0.0,1.3032145500183105,127.5406494140625,0.0
2014-12-23 13,25.426742553710938,0.0,133.63821411132812,58.53658676147461
2014-12-23 14,25.426742553710938,1.7376195192337036,125.0,59.45121765136719
2014-12-23 15,23.648649215698242,0.0,0.0,67.07317352294922
2014-12-23 16,22.937410354614258,0.0,134.6544647216797,0.0
2014-12-23 17,0.0,1.7376195192337036,0.0,0.0
2014-12-23 18,0.0,0.0,228.65853881835938,107.92682647705078
2014-12-23 19,0.0,1.7376195192337036,0.0,0.0
2014-12-23 20,0.0,1.7376195192337036,0.0,0.0
2014-12-23 21,24.182077407836914,1.7376195192337036,236.28048706054688,101.82926940917969
2014-12-23 22,22.226173400878906,1.7376195192337036,233.23170471191406,98.4756088256836
2014-12-23 23,21.692745208740234,1.7376195192337036,192.581298828125,103.65853881835938
2014-12-24 00,0.0,0.0,151.42276000976562,90.24390411376953
2014-12-24 01,0.0,1.7376195192337036,142.7845458984375,0.0
2014-12-24 02,0.0,1.5204169750213623,0.0,68.90243530273438
2014-12-24 03,0.0,0.0,109.24797058105469,0.0
2014-12-24 04,16.714082717895508,1.7376195192337036,0.0,63.414634704589844
2014-12-24 05,17.0697021484375,1.7376195192337036,0.0,60.975608825683594
2014-12-24 06,0.0,1.7376195192337036,112.80487823486328,60.36585235595703
2014-12-24 07,20.09246063232422,1.7376195192337036,103.15040588378906,55.4878044128418
2014-12-24 08,24.893314361572266,1.7376195192337036,112.80487823486328,47.56097412109375
2014-12-24 09,28.093883514404297,1.7376195192337036,126.5243911743164,57.317073822021484
2014-12-24 10,30.227596282958984,1.5204169750213623,133.1300811767578,0.0
2014-12-24 11,28.271692276000977,0.0,167.68292236328125,70.73170471191406
2014-12-24 12,0.0,1.5204169750213623,0.0,0.0
2014-12-24 13,0.0,0.0,140.7520294189453,0.0
2014-12-24 14,26.849218368530273,1.5204169750213623,139.22764587402344,0.0
2014-12-24 15,0.0,1.5204169750213623,0.0,0.0
2014-12-24 16,27.738264083862305,1.7376195192337036,132.1138153076172,55.79268264770508
2014-12-24 17,28.80512046813965,0.0,0.0,65.8536605834961
2014-12-24 18,0.0,0.0,206.30081176757812,85.9756088256836
2014-12-24 19,26.49359893798828,0.0,201.72764587402344,0.0
2014-12-24 20,24.0042667388916,1.7376195192337036,180.3861846923828,96.95121765136719
2014-12-24 21,22.048364639282227,1.7376195192337036,0.0,93.29268646240234
2014-12-24 22,22.048364639282227,0.0,169.2073211669922,0.0
2014-12-24 23,0.0,1.7376195192337036,0.0,93.29268646240234
2014-12-25 00,0.0,0.4344048798084259,151.93089294433594,87.5
2014-12-25 01,20.2702693939209,0.0,161.5853729248047,0.0
2014-12-25 02,19.025604248046875,0.0,140.7520294189453,90.54878234863281
2014-12-25 03,17.24751091003418,0.0,130.081298828125,75.0
2014-12-25 04,17.0697021484375,0.0,0.0,67.07317352294922
2014-12-25 05,0.0,0.0,0.0,65.24390411376953
2014-12-25 06,17.24751091003418,0.0,0.0,0.0
2014-12-25 07,17.78093910217285,0.0,0.0,64.93902587890625
2014-12-25 08,0.0,0.0,68.08943176269531,54.57316970825195
2014-12-25 09,24.182077407836914,0.0,89.93902587890625,54.57316970825195
2014-12-25 10,29.694168090820312,0.0,122.4593505859375,55.182926177978516
2014-12-25 11,32.18349838256836,0.0,138.2113800048828,65.54878234863281
2014-12-25 12,0.0,0.0,181.9105682373047,64.93902587890625
2014-12-25 13,0.0,0.0,138.71951293945312,0.0
2014-12-25 14,25.071123123168945,0.0,107.72357940673828,0.0
2014-12-25 15,22.937410354614258,0.0,0.0,0.0
2014-12-25 16,22.937410354614258,0.0,114.32926940917969,0.0
2014-12-25 17,22.5817928314209,0.0,0.0,0.0
2014-12-25 18,22.5817928314209,0.0,166.15853881835938,76.21951293945312
2014-12-25 19,22.759601593017578,0.0,166.6666717529297,78.04878234863281
2014-12-25 20,23.29302978515625,0.0,0.0,82.31707000732422
2014-12-25 21,0.0,0.0,176.8292694091797,0.0
2014-12-25 22,0.0,0.0,175.30487060546875,84.1463394165039
2014-12-25 23,20.981508255004883,0.0,0.0,0.0
2014-12-26 00,0.0,1.3032145500183105,145.8333282470703,79.8780517578125
2014-12-26 01,0.0,0.0,0.0,0.0
2014-12-26 02,0.0,0.0,109.75609588623047,0.0
2014-12-26 03,0.0,0.0,0.0,0.0
2014-12-26 04,0.0,0.0,101.11788940429688,66.15853881835938
2014-12-26 05,0.0,1.7376195192337036,104.16666412353516,0.0
2014-12-26 06,17.42531967163086,1.7376195192337036,107.21544647216797,59.75609588623047
2014-12-26 07,19.381223678588867,0.0,105.69105529785156,0.0
2014-12-26 08,0.0,0.0,0.0,48.17073059082031
2014-12-26 09,27.204835891723633,0.8688097596168518,119.918701171875,0.0
2014-12-26 10,29.694168090820312,1.3032145500183105,125.0,68.29268646240234
2014-12-26 11,0.0,1.3032145500183105,161.07723999023438,0.0
2014-12-26 12,29.33854866027832,1.3032145500183105,0.0,62.19512176513672
2014-12-26 13,27.916074752807617,0.0,0.0,0.0
2014-12-26 14,26.849218368530273,0.0,115.34552764892578,0.0
2014-12-26 15,26.3157901763916,1.7376195192337036,112.80487823486328,58.53658676147461
2014-12-26 16,23.47083854675293,0.0,117.3780517578125,0.0
2014-12-26 17,0.0,0.0,155.48780822753906,72.25609588623047
2014-12-26 18,0.0,2.1720242500305176,195.1219482421875,99.69512176513672
2014-12-26 19,24.359886169433594,1.7376195192337036,223.06910705566406,0.0
2014-12-26 20,0.0,2.823631525039673,233.73983764648438,109.45121765136719
2014-12-26 21,0.0,1.7376195192337036,0.0,100.30487823486328
2014-12-26 22,0.0,1.7376195192337036,0.0,0.0
2014-12-26 23,20.44808006286621,1.7376195192337036,182.418701171875,97.56097412109375
2014-12-27 00,0.0,0.0,159.04470825195312,0.0
2014-12-27 01,17.78093910217285,1.7376195192337036,0.0,80.79268646240234
2014-12-27 02,0.0,0.0,116.86991882324219,77.13414764404297
2014-12-27 03,0.0,1.7376195192337036,111.78861999511719,75.0
2014-12-27 04,16.714082717895508,1.7376195192337036,104.16666412353516,0.0
2014-12-27 05,0.0,0.0,104.16666412353516,66.76829528808594
2014-12-27 06,17.42531967163086,1.7376195192337036,0.0,67.07317352294922
2014-12-27 07,0.0,1.7376195192337036,97.05284881591797,0.0
2014-12-27 08,0.0,0.0,97.05284881591797,60.36585235595703
2014-12-27 09,0.0,3.0408339500427246,140.7520294189453,0.0
2014-12-27 10,28.62731170654297,0.0,0.0,62.5
2014-12-27 11,0.0,0.0,0.0,62.5
2014-12-27 12,28.44950294494629,1.7376195192337036,0.0,58.84146499633789
2014-12-27 13,0.0,1.7376195192337036,173.78048706054688,60.975608825683594
2014-12-27 14,25.96017074584961,0.0,157.01219177246094,0.0
2014-12-27 15,25.071123123168945,0.0,0.0,0.0
2014-12-27 16,0.0,1.7376195192337036,141.76829528808594,0.0
2014-12-27 17,23.11522102355957,1.9548219442367554,0.0,75.60975646972656
2014-12-27 18,23.826457977294922,1.7376195192337036,218.49594116210938,100.60975646972656
2014-12-27 19,24.182077407836914,0.0,255.081298828125,106.70731353759766
2014-12-27 20,0.0,1.7376195192337036,0.0,0.0
2014-12-27 21,22.5817928314209,1.7376195192337036,209.85772705078125,102.74390411376953
2014-12-27 22,0.0,1.7376195192337036,180.3861846923828,0.0
2014-12-27 23,20.62588882446289,1.7376195192337036,198.1707305908203,0.0
2014-12-28 00,19.381223678588867,0.0,169.7154541015625,90.24390411376953
2014-12-28 01,17.95874786376953,0.0,136.17886352539062,0.0
2014-12-28 02,0.0,0.0,120.9349594116211,0.0
2014-12-28 03,16.358463287353516,1.5204169750213623,113.3130111694336,67.3780517578125
2014-12-28 04,16.714082717895508,1.5204169750213623,106.19918823242188,64.32926940917969
2014-12-28 05,0.0,0.0,0.0,62.19512176513672
2014-12-28 06,17.0697021484375,1.7376195192337036,110.77235412597656,61.585365295410156
2014-12-28 07,17.78093910217285,0.0,104.67479705810547,0.0
2014-12-28 08,20.2702693939209,0.0,86.38211059570312,52.43902587890625
2014-12-28 09,24.715505599975586,0.0,0.0,52.74390411376953
2014-12-28 10,28.271692276000977,1.7376195192337036,0.0,61.89024353027344
2014-12-28 11,29.33854866027832,1.7376195192337036,193.0894317626953,69.20731353759766
2014-12-28 12,29.33854866027832,1.7376195192337036,0.0,0.0
2014-12-28 13,0.0,1.7376195192337036,174.7967529296875,63.10975646972656
2014-12-28 14,0.0,0.0,0.0,56.70731735229492
2014-12-28 15,0.0,1.5204169750213623,133.1300811767578,0.0
2014-12-28 16,22.937410354614258,1.7376195192337036,130.5894317626953,0.0
2014-12-28 17,22.759601593017578,0.0,149.39024353027344,63.719512939453125
2014-12-28 18,0.0,1.7376195192337036,0.0,0.0
2014-12-28 19,0.0,1.9548219442367554,194.6138153076172,0.0
2014-12-28 20,0.0,0.0,203.76016235351562,0.0
2014-12-28 21,0.0,0.0,0.0,0.0
2014-12-28 22,21.692745208740234,0.0,176.8292694091797,0.0
2014-12-28 23,0.0,1.7376195192337036,155.99594116210938,0.0
2014-12-29 00,19.381223678588867,0.0,0.0,0.0
2014-12-29 01,17.78093910217285,1.7376195192337036,124.49186706542969,73.78048706054688
2014-12-29 02,0.0,1.7376195192337036,118.90243530273438,73.17073059082031
2014-12-29 03,16.358463287353516,0.0,0.0,0.0
2014-12-29 04,16.536273956298828,0.0,108.23170471191406,63.719512939453125
2014-12-29 05,0.0,1.7376195192337036,109.75609588623047,0.0
2014-12-29 06,0.0,0.0,0.0,65.8536605834961
2014-12-29 07,22.226173400878906,1.7376195192337036,114.32926940917969,0.0
2014-12-29 08,0.0,1.7376195192337036,0.0,53.96341323852539
2014-12-29 09,0.0,0.0,0.0,0.0
2014-12-29 10,28.44950294494629,1.7376195192337036,129.5731658935547,53.35365676879883
2014-12-29 11,0.0,1.3032145500183105,0.0,0.0
2014-12-29 12,26.67140769958496,1.3032145500183105,135.16259765625,57.0121955871582
2014-12-29 13,27.738264083862305,0.0,0.0,53.04878234863281
2014-12-29 14,0.0,0.0,114.83739471435547,0.0
2014-12-29 15,24.359886169433594,1.5204169750213623,0.0,0.0
2014-12-29 16,0.0,1.7376195192337036,0.0,66.76829528808594
2014-12-29 17,0.0,0.0,158.53659057617188,71.95121765136719
2014-12-29 18,23.826457977294922,0.0,220.02032470703125,0.0
2014-12-29 19,25.248933792114258,1.7376195192337036,0.0,106.40243530273438
2014-12-29 20,27.204835891723633,0.0,226.11788940429688,104.26829528808594
2014-12-29 21,0.0,0.0,224.0853729248047,0.0
2014-12-29 22,0.0,1.7376195192337036,223.06910705566406,110.67073059082031
2014-12-29 23,0.0,1.7376195192337036,0.0,107.01219177246094
2014-12-30 00,19.559032440185547,0.0,0.0,84.1463394165039
2014-12-30 01,17.603130340576172,0.0,0.0,80.79268646240234
2014-12-30 02,0.0,0.0,0.0,76.21951293945312
2014-12-30 03,16.358463287353516,0.0,121.95121765136719,78.04878234863281
2014-12-30 04,0.0,1.7376195192337036,107.21544647216797,71.6463394165039
2014-12-30 05,0.0,0.0,117.3780517578125,67.07317352294922
2014-12-30 06,18.136558532714844,1.7376195192337036,0.0,0.0
2014-12-30 07,22.048364639282227,0.0,0.0,65.24390411376953
2014-12-30 08,25.96017074584961,1.7376195192337036,0.0,0.0
2014-12-30 09,0.0,0.0,0.0,57.92683029174805
2014-12-30 10,0.0,0.0,120.42682647705078,0.0
2014-12-30 11,0.0,1.5204169750213623,0.0,64.32926940917969
2014-12-30 12,0.0,0.0,134.14634704589844,0.0
2014-12-30 13,27.560455322265625,1.7376195192337036,127.5406494140625,52.43902587890625
2014-12-30 14,27.027027130126953,1.7376195192337036,0.0,0.0
2014-12-30 15,23.29302978515625,1.7376195192337036,105.18292999267578,64.63414764404297
2014-12-30 16,22.937410354614258,0.0,0.0,0.0
2014-12-30 17,0.0,1.7376195192337036,125.50813293457031,85.36585235595703
2014-12-30 18,24.893314361572266,0.0,0.0,0.0
2014-12-30 19,24.359886169433594,1.7376195192337036,256.6056823730469,0.0
2014-12-30 20,26.13797950744629,0.0,235.26422119140625,0.0
2014-12-30 21,24.893314361572266,1.7376195192337036,242.3780517578125,85.06097412109375
2014-12-30 22,0.0,1.7376195192337036,215.95529174804688,91.76829528808594
2014-12-30 23,21.692745208740234,0.0,184.9593505859375,0.0
2014-12-31 00,0.0,0.0,174.7967529296875,0.0
2014-12-31 01,18.314367294311523,1.7376195192337036,146.84959411621094,72.86585235595703
2014-12-31 02,0.0,1.5204169750213623,117.3780517578125,71.03658294677734
2014-12-31 03,16.536273956298828,0.0,0.0,0.0
2014-12-31 04,16.714082717895508,1.7376195192337036,98.06910705566406,67.98780822753906
2014-12-31 05,17.78093910217285,1.7376195192337036,0.0,71.03658294677734
2014-12-31 06,18.314367294311523,1.7376195192337036,105.18292999267578,0.0
2014-12-31 07,0.0,1.7376195192337036,116.36178588867188,67.98780822753906
2014-12-31 08,24.359886169433594,0.0,0.0,63.414634704589844
2014-12-31 09,0.0,0.0,0.0,59.75609588623047
2014-12-31 10,0.0,0.0,135.6707305908203,0.0
2014-12-31 11,27.738264083862305,1.5204169750213623,145.8333282470703,0.0
2014-12-31 12,28.093883514404297,1.5204169750213623,172.76422119140625,72.25609588623047
2014-12-31 13,0.0,1.7376195192337036,0.0,59.45121765136719
2014-12-31 14,26.49359893798828,1.5204169750213623,136.68699645996094,64.0243911743164
2014-12-31 15,28.62731170654297,1.5204169750213623,0.0,60.975608825683594
2014-12-31 16,28.80512046813965,1.7376195192337036,154.47154235839844,66.46341705322266
2014-12-31 17,28.271692276000977,2.1720242500305176,166.6666717529297,0.0
2014-12-31 18,28.62731170654297,2.606429100036621,206.80894470214844,0.0
2014-12-31 19,0.0,0.0,0.0,0.0
2014-12-31 20,0.0,1.7376195192337036,186.48373413085938,92.07317352294922
2014-12-31 21,22.759601593017578,0.0,162.09349060058594,0.0
2014-12-31 22,22.048364639282227,1.7376195192337036,161.07723999023438,86.89024353027344
2014-12-31 23,21.337125778198242,0.0,161.5853729248047,83.84146118164062
