user_3,user_4,user_5,user_6
22.93741,2.8236315,120.804474,62.19512
23.64865,2.5907333,130.58943,57.621952
24.004267,2.606429,128.55692,58.488605
22.93741,2.4479883,107.21545,48.47561
22.581793,2.606429,102.48543,50.30488
22.581793,2.606429,98.89483,48.088173
22.403982,2.606429,82.31707,49.085365
22.581793,2.606429,75.203255,44.69095
23.115221,2.606429,73.17073,30.182926
25.071123,3.040834,89.939026,27.439024
29.694168,1.8016925,94.00407,33.23171
30.597504,2.0176523,112.296745,47.256096
38.584637,3.475239,129.57317,46.646343
35.917496,3.6924415,120.42683,41.76829
30.761023,4.3440485,96.544716,35.365852
28.093884,4.3440485,91.46342,37.5
26.671408,4.3440485,89.43089,38.719513
25.782362,3.6924415,98.57723,52.743904
24.174341,3.6924415,131.09756,55.182926
26.493599,4.1268463,156.50406,64.63415
27.382647,4.3440485,155.60947,78.35366
26.671408,4.3440485,174.28862,85.97561
25.071123,4.561251,175.30487,77.439026
24.182077,3.6924415,153.45529,71.95122
23.115221,3.475239,116.86992,58.225708
23.232286,3.475239,107.72358,57.079613
22.581793,3.475239,102.13415,48.780487
22.226173,2.568188,87.9065,52.43903
22.403982,3.475239,80.28455,49.64285
22.226173,3.475239,72.15447,46.951214
22.93741,3.475239,80.79269,51.219513
25.248934,3.475239,96.544716,49.390244
29.16074,3.2580364,99.085365,53.63869
30.405403,3.475239,101.11789,47.560974
22.987875,3.909644,98.06911,60.97561
32.005688,3.475239,133.3232,56.707317
32.716927,3.475239,101.11789,58.536587
31.472263,4.1268463,131.30959,65.33357
31.472263,4.3440485,89.43089,56.09756
28.271692,4.3440485,102.13415,60.97561
27.204836,2.3572483,109.756096,59.756096
26.849218,4.1268463,129.09293,64.39855
28.627312,2.7149453,185.46748,81.70731
30.405403,2.527567,233.73984,82.62194
32.894737,2.3915703,150.869,81.402435
35.408066,2.5152564,244.9187,75.914635
26.13798,4.3440485,198.67886,72.560974
24.715506,3.475239,142.8773,71.34146
23.470839,2.7778308,122.45935,68.29269
22.759602,2.6329696,101.626015,58.841465
22.226173,2.5570898,108.73984,51.219513
21.692745,3.475239,85.36585,53.658535
22.226173,3.475239,81.808945,49.390244
22.581793,2.5013378,82.8252,50.0
23.826458,3.475239,122.53169,53.658535
31.827883,3.475239,99.5935,54.557514
32.894737,1.8322111,97.560974,49.695118
28.80512,4.3440485,111.78862,50.0
23.47463,4.3440485,132.61382,65.77982
28.449503,4.3440485,84.349594,54.878048
22.41119,4.3440485,89.939026,58.23171
28.80512,2.1522977,90.955284,54.878048
28.271692,4.3440485,81.30081,53.611446
26.493599,4.3440485,90.44715,53.048782
22.650629,4.3440485,101.626015,51.82927
25.604551,2.5089219,120.93496,60.97561
25.857061,4.3440485,158.02846,80.48781
30.049788,4.3440485,207.31708,86.28049
32.53912,4.561251,223.0691,83.231705
28.982931,4.3440485,132.86531,65.861
25.96017,3.909644,197.15446,84.45122
24.004267,3.475239,133.13008,79.87805
22.93741,3.475239,145.14053,75.60976
23.880413,3.475239,124.78636,62.880745
28.55485,2.1045203,85.873985,54.878048
22.226173,3.475239,73.67886,46.951214
21.71489,3.475239,65.04065,44.817074
22.403982,3.475239,72.15447,44.817074
23.29303,3.475239,68.08943,44.207317
32.005688,3.475239,104.166664,55.783176
22.699799,3.909644,99.085365,47.865852
23.556559,4.3440485,134.49487,52.134148
30.761023,4.1268463,86.89024,60.060974
30.227596,2.0747986,75.203255,56.707317
28.80512,3.475239,76.21951,48.587334
29.338549,2.0869362,119.29243,53.353657
27.738264,4.3440485,127.87628,46.646343
26.493599,4.3440485,85.873985,42.987804
26.31579,4.3440485,92.98781,41.15854
26.671408,4.3440485,130.0813,61.890244
27.233051,4.561251,192.07317,80.79269
28.80512,4.561251,201.72765,90.85366
30.227596,2.6569653,201.21951,84.45122
28.449503,5.212858,190.04065,71.03659
26.740189,4.3440485,198.67886,71.34146
24.359886,2.7167082,162.60162,65.85366
22.93741,2.532086,136.17886,57.105473
23.115221,2.5563483,109.756096,56.09756
22.226173,3.475239,90.44715,50.30488
22.627218,3.475239,84.349594,56.09756
22.403982,2.4642632,76.727646,47.865852
28.049795,2.0266588,76.727646,42.217594
22.759602,2.5679166,79.268295,56.707317
23.29303,2.4805386,83.333336,52.743904
25.782362,3.909644,96.544716,54.39911
29.338549,4.995656,110.26423,53.353657
34.672832,1.8047476,123.98374,53.17316
34.85064,1.9219595,133.86943,56.09756
38.406826,1.6812506,117.37805,61.585365
35.73969,4.3440485,122.45935,50.609756
23.526236,4.3440485,115.85366,66.15854
31.29445,4.1268463,148.76595,69.20731
29.51636,4.3440485,122.967476,63.710995
28.093884,4.3440485,129.06505,79.87805
27.315998,4.561251,182.92683,96.95122
28.627312,4.7784534,166.27498,86.89024
29.694168,4.561251,178.86179,80.038086
27.382647,4.3440485,169.20732,80.18293
25.604551,4.3440485,153.96341,73.17073
24.359886,3.475239,146.8496,75.60976
23.470839,3.475239,133.13008,65.243904
23.29303,3.475239,119.9187,56.707317
22.759602,3.475239,99.5935,51.219513
22.403982,3.475239,93.49593,51.52439
22.226173,3.475239,85.873985,54.878048
22.581793,2.2285113,100.40084,52.43903
22.581793,3.475239,79.268295,49.425793
22.93741,3.475239,101.11789,53.86305
24.359886,3.909644,100.10162,45.121952
28.627312,3.909644,106.70731,57.669735
23.480354,4.3440485,124.49187,51.219513
37.339973,4.3440485,135.53629,67.0442
38.762447,4.3440485,147.35773,67.37805
38.05121,4.3440485,103.65854,57.621952
33.25035,4.3440485,101.626015,58.771084
23.419283,4.3440485,132.31662,65.65806
27.382647,4.3440485,108.73984,59.756096
27.382647,4.3440485,125.50814,69.81707
28.093884,2.61361,152.94716,78.35366
29.871977,4.561251,176.82927,74.39024
30.405403,4.7784534,164.17088,85.060974
28.093884,4.561251,172.2561,79.57317
25.96017,3.6924415,164.63414,72.79425
24.359886,3.475239,139.99255,68.902435
24.233854,3.475239,134.153,59.756096
23.29303,3.475239,92.98781,52.743904
22.38612,3.475239,82.8252,48.17073
22.048365,3.475239,121.75721,55.487804
22.403982,3.475239,76.727646,48.780487
22.403982,3.475239,112.33909,47.256096
24.004267,3.475239,120.90687,51.52439
24.1147,3.475239,130.64748,55.182926
34.495018,3.475239,91.97154,50.30488
28.179546,2.0329804,76.727646,50.914635
30.049788,2.8236315,84.349594,57.621952
29.694168,3.475239,136.65758,63.414635
23.201952,3.6924415,100.60976,60.365852
29.16074,1.9658856,110.47198,48.08439
28.627312,3.475239,83.333336,53.963413
27.560455,3.6924415,85.36585,51.354717
26.849218,2.4026506,96.03658,61.585365
26.849218,2.4388492,117.88618,63.109756
27.916075,3.6924415,154.47154,70.04981
31.65007,4.1268463,175.4276,102.743904
26.793188,6.2988706,214.4309,102.439026
30.227596,2.749238,191.05692,93.90243
26.849218,3.6924415,125.6224,63.12578
24.715506,3.475239,149.39024,82.62194
23.70883,3.475239,108.231705,63.719513
22.57567,3.475239,84.349594,53.353657
22.226173,3.475239,81.808945,52.743904
21.692745,3.475239,81.808945,50.059822
22.403982,3.475239,69.61382,47.242607
22.403982,3.475239,116.56396,50.30488
23.64865,3.475239,76.21951,55.487804
32.36131,3.475239,98.57723,54.274
33.428165,3.475239,93.49593,48.47561
30.405403,3.475239,123.77661,47.560974
28.20255,2.0805783,80.28455,53.048782
30.405403,3.475239,77.743904,49.282024
29.871977,3.909644,90.44715,53.62654
29.694168,4.1268463,83.333336,55.487804
28.627312,4.3440485,69.61382,53.353657
26.13798,3.909644,80.28455,55.487804
25.96017,4.3440485,97.560974,62.5
25.604551,4.3440485,142.1225,62.5
27.560455,4.1268463,177.3374,90.85366
30.583216,2.605074,216.97154,87.80488
33.428165,4.561251,215.44716,86.89024
30.049788,2.7094066,205.28455,90.54878
26.493599,3.475239,178.86179,80.48781
24.99844,3.475239,135.1626,75.0
23.470839,3.475239,102.13415,63.719513
22.759602,2.4978983,89.939026,45.954895
22.226173,3.475239,82.31707,49.813114
21.870554,2.5919771,80.28455,54.57317
23.938644,3.475239,125.58792,50.609756
22.403982,3.475239,73.67886,51.82927
23.826458,3.475239,75.71138,57.92683
33.605976,3.475239,102.64227,60.67073
33.25035,3.6924415,133.62299,55.182926
29.338549,4.3440485,91.46342,44.207317
28.627312,2.0624506,82.31707,48.17073
21.952208,4.3440485,78.25203,52.716515
22.276968,4.3440485,93.49593,47.865852
28.271692,4.3440485,87.39838,43.292683
22.07547,4.1268463,85.36585,45.121952
22.771822,4.3440485,105.18293,51.219513
25.426743,4.3440485,102.13415,56.707317
26.493599,2.6192777,119.41057,71.95122
28.271692,4.3440485,185.97562,85.36585
30.583216,2.612335,215.44716,85.67073
32.894737,2.460845,220.02032,87.5
34.514915,2.6389022,201.72765,80.18293
27.204836,2.7637506,177.84554,79.268295
18.847794,3.475239,136.17886,73.78049
5.156472,2.6466463,69.60768,63.719513
4.978663,3.475239,97.560974,55.182926
22.534548,3.475239,87.9065,51.79674
3.3783784,3.475239,85.873985,50.914635
3.5561879,3.475239,87.131325,52.743904
3.733997,3.475239,75.71138,52.743904
5.156472,3.475239,81.30081,54.596073
13.869132,2.8236315,110.772354,53.999706
14.224751,2.606429,102.64227,52.134148
10.135135,2.606429,92.98781,46.341465
25.390501,2.606429,76.21951,48.47561
8.89047,3.6924415,70.12195,52.416695
28.437876,1.9746479,113.86262,49.34155
9.957326,3.475239,78.76016,51.82927
9.779516,2.9232912,70.63008,45.42683
8.71266,3.475239,90.955284,55.64659
7.823613,3.475239,92.479675,52.43903
7.6458044,3.475239,105.691055,59.146343
24.645485,3.475239,148.61978,75.60976
12.268847,3.8075087,178.35365,84.45122
14.046942,5.8644657,203.25203,88.30236
26.927824,4.3440485,186.99187,77.743904
8.357041,4.3440485,109.87469,54.68189
6.2233286,3.475239,152.94716,77.13415
4.623044,3.475239,106.70731,57.621952
23.976881,3.475239,122.317665,45.42683
3.733997,3.475239,89.43089,48.47561
3.200569,3.1824467,86.38211,50.30488
3.3783784,3.475239,70.63008,50.30488
27.798157,1.9950439,69.10569,48.780487
5.3342814,3.0499587,74.18699,49.695118
15.113798,3.475239,92.479675,60.97561
15.825035,3.475239,108.01525,54.57317
12.446657,3.909644,110.178375,50.609756
13.869132,4.1268463,71.138214,46.646343
11.379801,3.475239,83.789474,39.32927
29.16074,4.3440485,97.05285,39.32927
28.627312,1.9905738,91.97154,42.378048
27.382647,2.0648348,82.31707,43.292683
23.352257,4.3440485,127.384186,42.987804
27.560455,4.3440485,123.32774,41.15854
27.738264,4.3440485,105.691055,49.085365
28.449503,2.4949977,170.7317,67.98781
28.449503,5.647263,215.44716,72.256096
30.583216,5.212858,212.90651,77.439026
27.916075,5.212858,175.30487,71.95122
25.171877,4.561251,145.32521,74.69512
24.715506,3.475239,127.032524,72.86585
23.088867,3.475239,95.020325,59.451218
22.427578,3.475239,80.79269,53.048782
22.759602,2.4749944,75.203255,50.914635
21.692745,3.475239,109.76221,46.341465
22.048365,2.1084764,90.729836,45.121952
22.581793,3.475239,59.451218,49.085365
22.93741,2.1138272,93.929924,42.414997
22.746428,3.475239,90.44715,41.15854
26.671408,3.475239,105.18293,39.32927
30.405403,4.561251,111.28049,46.646343
35.73969,1.741404,127.89711,47.256096
34.672832,3.475239,140.2439,65.16856
36.806545,3.475239,152.94716,53.658535
24.831629,3.6924415,147.86586,54.878048
34.139404,1.9884995,135.16096,58.841465
30.405403,3.909644,153.45529,71.13642
28.449503,4.995656,146.00757,57.317074
27.738264,4.3440485,147.35773,64.32927
28.271692,2.8012238,150.64296,86.28049
28.271692,5.430061,175.55159,87.19512
28.271692,4.995656,210.87398,88.10975
26.671408,4.561251,133.74197,66.14164
25.071123,3.909644,143.29268,67.352005
24.537695,2.457244,142.78455,58.774662
23.470839,3.475239,122.45935,61.585365
23.115221,3.475239,92.479675,58.536587
22.759602,3.475239,121.91055,53.963413
22.048365,2.2861898,98.986725,52.743904
22.242414,3.475239,74.69512,52.43903
22.403982,3.475239,67.5813,50.30488
22.759602,3.475239,70.63008,52.743904
22.93741,3.475239,77.743904,52.743904
24.537695,2.3621686,87.39838,44.929695
27.916075,3.6924415,103.65854,47.865852
29.705288,2.1926167,126.33773,58.536587
36.095306,4.3440485,155.99594,63.109756
38.406826,4.3440485,140.03754,53.353657
38.05121,4.3440485,111.28049,59.756096
34.31721,4.3440485,107.72358,60.519142
29.51636,4.3440485,115.85366,50.30488
27.382647,4.3440485,120.42683,43.59756
26.849218,4.3440485,130.19504,48.17073
28.982931,2.4430866,154.97968,70.12195
26.88563,4.3440485,190.54878,76.5244
30.049788,4.3440485,205.28455,79.57317
27.916075,4.3440485,193.59756,70.12195
25.96862,4.1268463,175.813,70.12195
24.359886,3.475239,151.42276,63.414635
30.020334,2.1755762,108.73984,60.060974
23.29303,3.475239,84.349594,49.957447
22.403982,2.52464,82.8252,44.49063
21.692745,3.475239,77.743904,49.177055
22.048365,2.535749,70.12195,41.50563
22.581793,3.475239,113.133095,48.17073
23.64865,3.475239,71.138214,53.963413
33.428165,3.040834,131.58366,53.353657
33.605976,2.8236315,108.231705,50.914635
29.045479,1.9258945,84.85773,42.987804
32.716927,3.909644,83.84146,46.951214
31.65007,3.475239,76.727646,50.0
29.338549,3.6924415,79.268295,56.40244
28.982931,4.3440485,63.00813,51.52439
27.132662,2.017984,59.451218,51.52439
27.027027,2.2063313,73.67886,41.96382
26.493599,4.3440485,74.69512,57.012196
26.493599,4.3440485,86.38211,55.09995
27.916075,4.561251,157.52032,81.70731
30.938831,2.5676718,209.85773,84.756096
32.53912,4.7784534,230.69106,100.0
29.51636,1.9621078,113.070946,49.004684
26.31579,3.6924415,157.54909,85.36585
24.537695,2.7519171,135.67073,71.95122
23.598572,3.475239,108.73984,57.92683
22.759602,3.475239,90.955284,51.58295
22.759602,3.475239,110.6598,45.42683
22.226173,3.475239,70.12195,45.73171
22.581793,3.475239,66.56504,50.609756
22.93741,3.475239,71.64634,45.73171
24.004267,3.475239,67.5813,46.59108
33.78378,1.9829502,132.12106,55.792683
34.31721,1.6438216,86.38211,41.76829
29.338549,3.475239,77.23577,48.785507
24.413788,2.8236315,75.71138,52.743904
26.541534,2.606429,117.56288,54.683487
28.449503,2.606429,127.58648,58.536587
28.449503,2.191131,75.71138,57.317074
27.738264,3.6924415,133.67552,57.621952
25.782362,4.1268463,136.73347,58.23171
23.18745,4.7784534,135.3264,66.76749
30.093199,2.2783167,115.85366,65.243904
27.738264,4.561251,132.32394,65.598434
30.405403,4.561251,232.72357,89.63415
32.1835,4.561251,228.1504,103.04878
29.694168,4.7784534,174.19244,98.78049
26.31579,4.1268463,175.30487,76.7683
24.182077,3.475239,116.33758,58.042496
22.93741,3.2580364,117.37805,61.280487
22.226173,3.475239,128.30739,60.060974
21.870554,3.475239,123.07115,56.09756
28.236729,2.1163924,78.25203,58.841465
21.514936,3.475239,116.72163,52.43903
22.226173,3.475239,70.12195,54.26829
23.470839,3.6924415,72.15447,58.23171
33.25035,4.3440485,142.58076,58.841465
32.894737,3.475239,98.57723,52.743904
29.338549,2.0271664,94.51219,48.47561
28.271692,4.561251,82.8252,50.0
27.382647,4.561251,138.38486,55.182926
22.138792,4.561251,83.84146,54.96203
27.204836,4.561251,79.268295,50.609756
21.766329,4.3440485,69.10569,49.085365
25.604551,2.321329,79.77642,53.658535
22.05829,4.561251,84.349594,46.341465
25.782362,4.3440485,100.60976,62.80488
27.560455,4.3440485,161.19951,86.89024
29.694168,2.6064727,223.57724,83.84146
30.049788,4.3440485,160.98303,84.14634
28.449503,4.3440485,192.5813,76.21951
25.604551,4.3440485,182.92683,75.60976
23.826458,4.561251,131.6057,74.69512
22.93741,3.475239,141.42044,71.34146
24.47793,3.040834,96.03658,56.40244
22.226173,3.475239,83.333336,50.609756
21.692745,3.040834,81.30081,53.658535
21.514936,3.2580364,69.10569,46.951214
21.888166,3.2580364,66.05691,45.738884
24.708206,3.2580364,123.993675,61.7831
32.53912,3.2580364,92.479675,56.40244
34.495018,3.909644,92.98781,45.73171
28.627312,1.9486276,81.808945,41.15854
27.916075,1.985951,106.9307,46.779915
21.839422,4.1268463,76.727646,48.17073
27.027027,2.2689042,80.28455,55.792683
27.916075,2.8236315,91.97154,53.658535
23.939339,3.6924415,129.52469,51.52439
25.426743,4.1268463,135.09624,57.317074
23.289902,3.909644,114.32927,60.50991
25.782362,4.3440485,149.43233,71.34146
28.982931,4.3440485,180.38618,84.756096
29.871977,4.561251,169.36621,93.29269
32.005688,5.647263,184.44746,101.82927
28.982931,5.647263,179.14754,89.02439
25.604551,4.3440485,176.82927,89.02439
24.359886,3.6924415,135.67073,64.41531
22.93741,2.606429,119.99317,64.02439
22.581793,2.5271077,94.51219,50.609756
22.403982,2.606429,99.085365,48.780487
21.692745,2.606429,87.39838,51.82927
28.944304,1.9539499,82.8252,46.036587
22.581793,2.606429,99.97465,47.865852
23.470839,2.4513588,69.61382,53.963413
32.53912,3.475239,96.544716,53.353657
29.595255,1.9941525,117.404076,48.780487
30.583216,1.9650494,82.8252,50.914635
29.694168,4.561251,78.76016,54.012264
28.449503,4.561251,131.90942,48.17073
28.271692,2.0751107,88.414635,47.560974
27.382647,4.3440485,81.30081,45.73171
26.671408,4.3440485,87.9065,55.050995
25.782362,4.3440485,95.52846,59.146343
25.604551,4.3440485,140.4256,60.97561
30.231758,2.2944872,119.41057,65.243904
27.382647,2.7388852,164.63414,80.18293
27.046715,4.561251,202.7439,82.92683
34.156322,2.682701,215.44716,89.939026
27.382647,5.212858,198.67886,86.42268
24.893314,4.7784534,181.40244,84.756096
24.004267,4.1268463,139.73578,66.87983
23.29303,3.475239,147.91579,78.35366
22.759602,3.475239,128.19153,59.451218
22.568476,3.475239,85.36585,51.219513
22.403982,3.475239,77.743904,49.012417
22.581793,3.475239,71.138214,51.52439
22.93741,3.475239,67.07317,53.963413
26.852152,2.1315672,62.5,57.621952
23.826458,2.122808,97.56081,43.90366
25.96017,4.1268463,83.84146,47.560974
28.982931,3.475239,129.88002,54.878048
30.938831,2.0616465,125.0,53.658535
33.25035,1.9537499,137.19513,56.40244
27.738264,4.3440485,129.06505,53.963413
18.669987,4.3440485,145.32521,50.0
21.337126,2.8060713,155.48781,58.841465
25.697159,4.3440485,167.68292,73.47561
9.423898,4.3440485,160.39592,83.53658
8.71266,4.3440485,172.2561,81.097565
10.312944,4.3440485,215.95529,92.68293
16.002846,4.3440485,230.18292,93.59756
29.338549,4.7784534,210.87398,95.42683
27.204836,4.3440485,158.82362,82.92683
25.604551,4.3440485,169.20732,76.5244
25.470852,4.3440485,161.58537,74.085365
23.64865,3.475239,136.17886,76.82927
24.80714,3.040834,106.70731,54.71195
22.759602,3.475239,96.03658,57.012196
22.226173,3.2580364,90.955284,55.487804
22.048365,3.475239,78.25203,49.33474
22.403982,3.2580364,77.23577,55.487804
22.759602,3.040834,70.12195,44.675808
22.93741,3.475239,113.12339,56.275017
24.537695,3.475239,81.808945,48.17073
28.627312,2.0922468,117.68896,53.658535
35.384068,1.8977858,135.31041,57.92683
38.05121,1.7863593,169.20732,63.414635
29.792324,2.5009544,141.50624,72.86585
38.22902,4.3440485,153.96341,74.39024
32.716927,4.1268463,126.52439,64.32927
28.982931,4.7784534,140.75203,63.109756
24.055475,4.561251,131.09756,67.68293
26.671408,4.3440485,130.58943,61.585365
28.093884,4.1268463,151.9309,74.39024
29.871977,4.7784534,157.19983,76.5244
31.116644,4.561251,172.76422,84.45122
32.792736,2.647531,173.27235,84.14634
27.28991,4.995656,174.28862,84.756096
24.715506,4.7784534,143.29268,70.59423
23.115221,3.475239,109.756096,65.54878
22.93741,3.475239,91.46342,54.57317
22.759602,3.475239,87.39838,53.658535
22.226173,2.6377466,83.84146,59.451218
22.226173,3.475239,71.64634,54.26829
22.581793,3.475239,71.64634,51.52439
27.849695,2.0282562,74.18699,41.66424
33.78378,1.9687389,132.91212,56.707317
32.716927,1.8873619,122.198906,52.179386
30.227596,4.3440485,132.07483,48.780487
31.116644,4.3440485,75.71138,55.792683
30.049788,4.3440485,76.21951,51.95522
29.338549,4.3440485,89.43089,54.819664
29.51636,4.3440485,82.8252,54.57317
28.80512,2.1102638,76.727646,53.353657
23.61698,4.3440485,136.88664,53.963413
26.671408,2.2538059,85.36585,53.048782
22.558214,4.3440485,95.52846,54.26829
28.982931,4.3440485,153.45529,78.96342
30.583216,4.3440485,168.44592,92.37805
25.51832,4.561251,169.73178,94.20731
29.338549,2.888951,193.08943,97.86585
25.96017,4.7784534,182.4187,86.28049
24.537695,4.3440485,159.55284,75.914635
22.93741,4.1268463,108.231705,62.19512
22.581793,3.475239,97.560974,58.841465
22.759602,3.475239,121.369736,54.26829
22.403982,3.475239,78.25203,51.82927
22.581793,3.475239,68.597565,57.92683
22.035961,3.475239,69.10569,52.743904
23.826458,4.561251,68.597565,53.65067
23.155123,3.475239,96.544716,60.060974
32.1835,3.475239,127.64002,48.17073
28.271692,2.1280668,84.349594,52.43903
22.190434,3.475239,75.71138,50.914635
21.98847,3.6924415,69.61382,56.09756
27.738264,2.1495676,78.25203,42.68645
28.80512,3.909644,133.25813,54.57317
28.449503,2.1999357,69.10569,58.841465
22.67788,4.3440485,84.349594,71.64634
25.604551,4.3440485,103.150406,70.42683
26.13798,4.3440485,134.14635,71.03659
28.80512,4.3440485,194.1057,83.03494
32.005688,4.3440485,165.69353,88.414635
32.894737,4.7784534,245.93495,96.64634
29.694168,4.561251,134.71529,66.55812
26.31579,4.3440485,223.57724,90.127815
24.537695,4.561251,165.6504,81.097565
23.115221,3.909644,118.39431,59.83733
22.581793,3.475239,98.06911,64.02439
22.403982,3.475239,90.955284,55.487804
21.337126,3.2580364,74.69512,58.841465
21.692745,3.2580364,69.61382,50.914635
27.860518,2.0558062,72.662605,53.048782
23.826458,3.475239,71.64634,47.209473
22.894903,3.475239,97.05285,54.514755
33.605976,1.8041104,88.92277,44.631607
29.871977,4.561251,83.84146,50.30488
30.761023,4.3440485,94.51219,56.392696
30.049788,4.3440485,95.52846,58.536587
29.871977,4.3440485,110.26423,60.060974
23.519312,4.3440485,134.88606,52.43903
27.560455,4.3440485,91.97154,60.060974
25.96017,4.3440485,101.11789,73.47561
25.604551,2.3472354,101.626015,48.656754
25.782362,2.4789886,124.26651,67.07317
28.093884,4.3440485,158.09592,80.48781
30.761023,2.584611,230.18292,88.414635
30.405403,4.3440485,232.21545,90.348564
28.627312,4.3440485,211.89024,85.060974
25.782362,3.1036777,152.36348,94.20731
24.182077,4.3440485,133.63821,92.68293
23.115221,3.475239,147.88239,78.65854
24.564814,3.2580364,133.86053,60.67073
22.581793,2.261283,101.51153,54.26829
22.226173,3.040834,73.67886,58.23171
23.081152,3.040834,71.64634,51.52439
22.581793,3.2580364,71.138214,50.914635
23.64865,2.4031036,79.268295,43.09651
32.53912,3.040834,98.57723,59.146343
32.36131,3.040834,99.085365,48.780487
28.627312,3.2580364,94.00407,44.512196
27.204836,3.040834,85.873985,53.658535
27.382647,4.1268463,131.88783,52.134148
21.842915,4.1268463,74.18699,52.134148
28.093884,2.0265992,67.07317,45.42683
27.560455,3.909644,68.597565,45.42683
26.31579,2.2247665,84.85773,49.695118
25.782362,2.2047973,111.214294,53.963413
25.782362,4.3440485,137.37161,57.012196
27.916075,4.561251,177.3374,75.60976
30.227596,4.561251,171.81099,96.64634
31.65007,6.081668,184.44746,91.46342
29.338549,6.2988706,216.46341,85.060974
25.782362,4.3440485,187.5,88.71951
25.622458,4.3440485,148.88211,83.231705
22.93741,3.6924415,112.80488,67.98781
22.581793,2.3456695,105.14759,56.09756
22.403982,3.475239,91.97154,53.353657
22.403982,3.2580364,81.30081,48.476475
22.403982,3.475239,79.268295,50.914635
22.759602,2.5134466,67.5813,53.963413
23.826458,3.475239,71.64634,55.182926
23.673944,3.040834,85.36585,56.40244
22.864475,3.475239,98.06911,46.036587
31.29445,3.475239,92.98781,47.865852
28.982931,3.475239,123.11053,62.22982
27.382647,3.909644,74.69512,49.494118
27.560455,4.1268463,96.544716,55.792683
28.982931,4.3440485,130.04317,47.256096
22.267277,4.3440485,93.49593,55.901485
26.671408,4.1268463,99.085365,51.219513
26.31579,4.3440485,111.28049,45.121952
27.560455,4.3440485,124.49187,49.085365
26.226826,4.1268463,176.32114,78.04878
26.725328,4.3440485,210.36586,77.439026
30.049788,4.995656,161.14035,78.04878
28.449503,4.561251,194.61382,75.60976
25.96017,4.3440485,172.2561,76.584
24.715506,4.3440485,151.42276,72.86585
23.826458,3.6924415,117.37805,59.288124
23.391956,3.2580364,98.06911,61.890244
22.93741,2.4919643,91.97154,46.41346
22.403982,3.475239,82.8252,49.390244
22.581793,3.040834,73.67886,45.553432
22.759602,3.040834,70.12195,43.90244
22.104998,3.475239,72.662605,51.219513
23.826458,3.475239,117.01863,49.085365
27.027027,3.475239,87.9065,51.442413
32.1835,4.7784534,99.5935,52.743904
24.257812,3.475239,127.032524,52.134148
38.406826,3.475239,127.032524,47.560974
39.651493,3.2580364,130.0813,37.80488
40.00711,3.6924415,129.57317,35.97561
38.762447,4.1268463,130.58943,49.695118
24.72675,4.1268463,141.7683,68.902435
30.583216,3.6924415,135.58844,59.146343
29.338549,3.475239,148.88211,67.702705
31.29445,4.995656,203.76016,80.48781
30.938831,5.212858,239.8374,90.80144
30.227596,4.3440485,232.21545,85.97561
25.69262,4.3440485,186.48373,81.47004
25.96017,4.3440485,150.1604,73.17073
24.893314,2.528254,121.8755,66.46342
24.004267,4.1268463,142.08237,65.85366
23.29303,3.2580364,110.3036,54.92392
23.29303,3.2580364,109.51741,54.55359
22.226173,3.040834,88.92277,43.59756
21.692745,3.909644,73.67886,51.101685
22.581793,4.1268463,63.00813,40.548782
22.581793,3.475239,65.04065,40.548782
23.90456,3.475239,125.20022,63.040634
23.163765,3.2580364,83.333336,43.292683
27.204836,4.3440485,123.31245,40.243904
31.29445,3.2580364,125.50814,59.756096
33.428165,3.2580364,167.17479,71.95122
36.628735,3.475239,145.92162,65.54878
36.095306,4.3440485,135.1626,63.414635
30.938831,2.2294097,119.9187,67.98781
28.271692,4.3440485,133.63821,63.109756
27.738264,4.561251,131.6057,50.914635
26.671408,4.3440485,151.42276,57.012196
28.271692,2.4453075,166.15854,65.54878
29.871977,2.3621771,171.74797,67.37805
30.405403,2.124088,189.53252,70.2826
28.271692,2.681092,193.08943,77.439026
25.96017,4.7784534,167.17479,75.30488
24.359886,4.561251,158.02846,72.97384
23.115221,4.3440485,132.62195,65.955765
22.759602,4.1268463,127.00783,62.91424
22.581793,3.2580364,86.89024,41.76829
21.870554,3.475239,81.808945,48.47561
22.048365,3.475239,109.96079,54.61381
22.759602,3.475239,66.56504,44.512196
24.182077,2.0769386,97.107666,43.437077
29.427559,2.0968003,104.166664,48.91763
34.85064,2.8236315,99.5935,52.43903
30.583216,3.2580364,87.9065,46.036587
21.681913,3.909644,69.10569,49.085365
29.871977,3.6924415,130.78769,53.658535
30.938831,3.6924415,83.333336,51.285805
30.761023,1.9265274,80.79269,49.390244
29.694168,1.9317863,112.85391,47.256096
22.482237,3.6924415,89.43089,53.09103
26.849218,3.475239,96.03658,50.914635
23.03872,3.6924415,100.10162,55.182926
29.16074,2.5717738,141.30562,75.0
31.65007,3.909644,208.84146,80.18293
32.894737,4.561251,195.63008,83.231705
30.405403,2.5587626,184.95935,81.402435
33.500584,2.4397013,177.84554,68.902435
24.715506,5.212858,140.75203,65.85366
23.115221,3.909644,132.77617,57.317074
29.506422,1.9879907,116.867676,50.30488
25.781298,2.606429,86.89024,47.53303
22.403982,3.040834,85.36585,48.52333
22.403982,3.040834,106.502525,48.17073
22.759602,3.040834,98.01758,40.548782
24.004267,3.040834,107.89818,47.256096
32.36131,1.893119,95.52846,50.609756
33.605976,1.8050088,94.00407,51.219513
29.694168,2.606429,75.203255,44.512196
29.871977,2.0305896,71.138214,51.52439
28.449503,2.3892267,79.77642,55.487804
28.449503,3.475239,86.38211,50.30488
29.16074,1.9797639,84.85773,45.73171
28.449503,3.475239,76.727646,49.085365
26.849218,3.040834,80.79269,49.695118
24.720404,3.2580364,127.414635,52.43903
22.714174,3.475239,88.414635,53.353657
29.338549,2.5198398,143.29268,77.743904
31.472263,2.617019,202.23578,92.37805
33.41504,2.7766287,212.90651,92.68293
26.939365,4.3440485,185.46748,80.18293
26.671408,4.3440485,197.15446,77.13415
24.537695,3.6924415,151.42276,66.46342
23.29303,2.8236315,117.88618,58.536587
25.887182,3.040834,127.81533,53.048782
22.759602,2.1211765,94.92017,47.865852
22.048365,3.040834,83.333336,50.30488
23.945011,3.040834,81.808945,45.121952
22.759602,3.2580364,71.64634,46.646343
24.359886,3.040834,78.76016,47.311245
34.139404,2.606429,105.691055,43.59756
34.139404,2.3892267,103.150406,49.587234
31.827883,2.3892267,90.44715,46.556213
26.877092,2.3892267,81.808945,45.73171
24.151436,2.8236315,69.10569,45.42683
29.338549,1.9807314,81.30081,45.42683
29.51636,3.2580364,81.808945,51.52439
28.449503,3.475239,75.71138,51.219513
26.671408,3.2580364,82.8252,54.26829
26.31579,3.2580364,84.349594,53.353657
22.955956,3.475239,98.57723,54.964153
28.449503,3.6924415,160.06097,73.17073
32.1835,5.430061,214.4309,79.57317
31.827883,4.3440485,209.85773,83.231705
26.419336,4.3440485,188.51627,70.731705
26.671408,4.1268463,175.30487,65.85366
24.893314,3.2580364,146.34146,55.792683
23.115221,3.2580364,115.34553,50.609756
22.581793,2.8236315,93.49593,50.12467
22.759602,3.2580364,84.85773,49.01043
22.048365,3.2580364,97.77344,39.634148
24.045826,3.040834,78.25203,38.414635
22.93741,2.4550133,73.17073,41.945023
24.182077,3.475239,114.07447,45.73171
26.330978,2.606429,89.939026,48.47561
36.273117,2.606429,91.97154,49.695118
31.65007,1.8196714,90.955284,44.512196
25.875027,2.606429,85.873985,49.695118
29.51636,2.606429,83.333336,38.109756
29.16074,2.606429,92.479675,38.109756
30.049788,1.94064,96.544716,43.59756
28.627312,2.8236315,77.743904,40.548782
26.19044,3.040834,117.57433,40.853657
26.493599,2.606429,93.49593,36.280487
30.135462,1.9668982,104.166664,43.292683
28.80512,2.57058,166.15854,76.82927
31.827883,4.3440485,221.03659,90.268845
33.605976,2.3490262,206.80894,81.70731
29.871977,4.561251,195.12195,71.64634
26.31579,4.3440485,169.20732,76.5244
24.893314,2.3995504,131.09756,55.53171
23.470839,3.040834,101.626015,53.005898
22.581793,3.2580364,84.349594,42.682926
22.581793,3.040834,81.30081,36.585365
22.048365,2.8236315,74.18699,44.911804
22.581793,3.2580364,65.04065,38.719513
22.759602,3.2580364,97.931625,39.02439
21.304762,4.1268463,61.483738,41.463413
33.605976,2.3892267,92.479675,53.353657
34.31721,2.3892267,99.5935,48.73182
30.405403,2.8236315,93.49593,46.951214
23.408003,3.040834,79.77642,52.43903
29.694168,3.040834,82.31707,56.707317
28.982931,3.2580364,97.05285,53.043545
28.627312,3.040834,106.70731,57.92683
27.916075,3.475239,133.34808,59.146343
26.849218,3.2580364,105.18293,61.585365
26.31579,2.4792702,113.31301,62.80488
27.027027,2.4819248,134.14635,66.15854
24.647472,3.475239,148.2667,75.0
28.80512,3.909644,207.31708,75.914635
30.049788,4.561251,228.1504,71.95122
28.093884,4.1268463,188.51627,80.686714
26.13798,4.561251,169.71545,71.34146
24.537695,4.561251,140.2439,68.2977
23.661951,3.909644,127.97319,64.04987
22.93741,3.475239,101.11789,46.951214
22.759602,3.040834,86.38211,42.07317
22.759602,3.040834,81.808945,46.646343
22.581793,2.1321542,94.167625,42.563404
28.143742,1.8351508,65.54878,38.414635
23.115221,3.040834,70.12195,46.951214
23.620996,3.909644,125.17609,45.42683
27.382647,3.040834,86.89024,42.07317
32.36131,1.9785372,111.78862,55.487804
33.605976,2.606429,118.902435,53.658535
33.78378,2.606429,112.80488,49.695118
35.917496,3.2580364,133.13008,50.914635
34.31721,3.475239,118.902435,47.560974
33.961594,1.8250823,126.01626,53.41343
31.827883,3.2580364,141.26016,50.914635
25.788721,3.475239,153.96341,50.30488
29.16074,3.2580364,128.27074,54.57317
27.044474,3.475239,187.5,69.51219
27.315998,5.647263,214.93903,69.51219
28.627312,4.995656,203.76016,74.085365
27.382647,4.3440485,147.75053,69.51219
33.799473,2.41768,177.84554,70.42683
24.537695,3.6924415,150.40651,63.414635
23.826458,3.2580364,125.431274,58.23171
23.115221,2.4929786,96.03658,50.609756
22.079329,3.475239,77.743904,42.378048
21.508121,3.475239,66.05691,36.890244
22.581793,3.475239,66.56504,46.48145
22.759602,3.2580364,58.43496,39.02439
22.93741,3.475239,58.94309,38.109756
23.470839,3.475239,66.56504,46.367287
25.782362,1.7949337,91.21261,36.280487
25.397585,2.8236315,89.939026,46.646343
36.095306,2.606429,127.032524,54.26829
39.295876,2.8236315,165.14227,50.0
40.362732,3.2580364,151.42276,53.963413
38.762447,1.4970988,118.39431,45.73171
34.495018,1.6342125,109.756096,38.414635
31.65007,3.6924415,107.21545,37.19512
28.093884,3.6924415,108.231705,43.90244
23.036707,4.1268463,110.772354,48.17073
23.984062,4.3440485,149.83986,68.902435
31.472263,4.561251,177.84554,79.67602
25.316515,5.212858,167.20312,80.18293
29.338549,4.561251,180.8943,80.22681
26.13798,4.995656,146.8496,67.07317
24.537695,4.7784534,129.57317,68.597565
23.64865,3.475239,103.65854,57.012196
24.110374,3.475239,122.366356,45.42683
22.403982,3.040834,85.873985,48.485363
21.870554,3.2580364,85.873985,50.0
21.692745,3.2580364,70.63008,41.76829
22.759602,3.2580364,67.07317,43.59756
23.64865,3.2580364,78.25203,49.695118
33.605976,3.040834,91.46342,50.265556
33.78378,2.606429,97.05285,52.43903
25.754786,2.606429,85.36585,46.91606
29.694168,3.040834,84.85773,50.30488
29.871977,3.2580364,122.67097,61.23491
29.16074,3.040834,91.97154,52.743904
30.049788,3.2580364,80.28455,50.30488
29.338549,3.475239,72.15447,47.638668
27.204836,2.1803498,79.77642,43.061516
26.849218,3.475239,123.766495,50.609756
27.204836,3.475239,90.44715,50.30488
28.80512,2.4560046,154.97968,68.902435
31.29445,2.533869,200.71138,81.70731
33.605976,4.561251,223.0691,78.96342
29.871977,4.561251,208.33333,72.560974
26.849218,4.561251,192.07317,74.39024
24.893314,4.3440485,135.67073,63.414635
23.470839,3.6924415,108.231705,60.365852
22.759602,3.475239,98.06911,47.560974
22.759602,3.2580364,99.15916,39.634148
24.7155,3.040834,90.955284,39.634148
22.581793,2.4781024,73.67886,42.218388
23.115221,1.946896,88.72667,39.939026
23.826458,3.6924415,79.268295,49.982033
34.85064,2.606429,92.479675,52.743904
23.672049,3.2580364,103.65854,55.084263
29.871977,2.606429,101.11789,46.341465
29.16074,2.0765867,88.92277,44.873817
29.04275,2.0098107,86.38211,50.30488
28.627312,3.475239,102.13415,51.82927
28.982931,3.475239,80.79269,49.085365
29.51636,3.475239,69.61382,46.894833
21.851751,3.475239,69.61382,45.121952
25.96017,3.475239,85.873985,50.678562
28.903059,2.057879,89.43089,51.52439
24.682251,3.6924415,131.09756,74.39024
31.827883,3.475239,190.54878,89.63415
33.78378,4.7784534,196.64635,98.78049
27.315998,4.561251,175.30487,92.07317
26.671408,2.7302375,175.30487,76.21951
24.715506,3.040834,129.78645,62.5
29.57453,2.1174958,100.10162,56.09756
23.115221,3.040834,88.414635,43.90244
22.759602,3.2580364,77.743904,41.76829
22.759602,2.4299486,71.64634,47.560974
22.759602,3.040834,73.67886,41.463413
29.209581,1.8524017,109.823105,43.59756
24.182077,3.040834,112.17459,50.0
35.56188,2.606429,90.955284,54.26829
36.628735,2.606429,89.43089,51.82927
26.384113,2.606429,94.51219,49.51081
29.16074,2.606429,74.69512,44.3711
29.16074,3.475239,77.743904,50.0
29.694168,3.6924415,83.84146,51.500587
29.16074,3.6924415,127.271,49.695118
29.404633,1.9066516,112.740364,45.121952
26.849218,3.6924415,88.414635,48.780487
26.849218,2.2704995,103.150406,54.26829
27.027027,4.1268463,108.231705,56.707317
24.775969,4.3440485,149.89838,64.939026
32.1835,4.3440485,211.38211,79.268295
34.139404,4.7784534,193.59756,94.51219
24.723438,4.995656,159.51122,75.0
26.493599,4.561251,187.5,81.65198
24.893314,2.6611295,128.36127,72.560974
23.470839,3.040834,105.18293,62.80488
22.93741,2.4429784,86.38211,48.17073
23.115221,3.040834,102.19952,43.292683
29.472887,2.0549226,119.855255,52.43903
23.129261,3.040834,71.64634,46.951214
22.93741,3.040834,69.10569,49.695118
22.232933,3.475239,74.18699,53.658535
35.56188,2.8236315,99.5935,54.57317
29.87575,2.0365734,102.64227,49.390244
31.827883,2.606429,118.42689,41.463413
23.674593,3.040834,84.349594,49.327393
29.567759,2.1286106,122.935905,55.182926
29.16074,3.475239,96.03658,53.353657
24.299267,3.040834,90.955284,49.085365
28.093884,3.2580364,72.15447,47.865852
27.027027,2.1368544,78.76016,47.256096
26.849218,3.040834,87.39838,49.892727
26.671408,3.040834,109.24797,55.488155
28.80512,3.475239,141.42296,69.20731
31.65007,3.2580364,215.95529,83.630005
34.31721,4.3440485,223.57724,89.939026
24.178827,4.3440485,154.85303,73.47561
26.849218,4.3440485,156.95032,80.18293
24.893314,4.3440485,149.39024,68.902435
23.115221,2.5833967,104.166664,56.09756
22.93741,2.8236315,88.414635,43.90244
22.93741,2.8236315,96.974,42.378048
22.759602,2.1430476,95.74748,49.085365
22.759602,1.954822,73.67886,43.59756
23.115221,1.954822,72.662605,44.817074
24.182077,2.1720243,73.67886,42.53242
35.73969,2.3892267,105.18293,52.743904
36.984352,2.606429,99.085365,53.353657
31.472263,2.1720243,87.39838,44.962055
30.227596,2.606429,80.28455,55.182926
29.51636,2.606429,83.84146,51.52439
29.51636,3.040834,96.03658,52.743904
24.52992,3.040834,94.51219,52.43903
28.093884,2.8236315,85.873985,52.43903
27.382647,3.2580364,125.14144,52.43903
25.485085,3.040834,123.90065,60.46222
24.359886,2.2308228,106.15962,54.57317
22.048365,3.909644,146.04361,72.86585
24.845263,3.909644,165.07275,91.768295
29.871977,3.475239,123.44317,62.37326
28.271692,3.475239,206.80894,82.84728
25.782362,3.6924415,181.40244,76.5244
24.537695,3.475239,145.4649,75.60976
23.470839,2.3892267,125.0,56.122433
22.93741,2.3892267,100.60976,52.743904
22.93741,2.3892267,90.44715,43.292683
22.759602,2.3892267,101.97411,51.219513
27.76196,2.1720243,75.71138,45.121952
23.29303,2.3892267,74.18699,46.036587
23.29303,1.954822,93.95162,41.780205
24.359886,2.3458092,81.30081,49.695118
28.271692,1.954822,85.873985,43.677113
35.20626,1.9624865,139.83257,62.5
37.873398,1.8504784,144.87535,64.939026
39.295876,2.3892267,141.26016,55.792683
40.00711,3.040834,140.2439,59.756096
38.406826,3.2580364,127.54066,53.658535
36.806545,3.6924415,136.687,57.621952
34.495018,3.475239,135.67073,64.32927
24.556492,3.2580364,117.88618,59.146343
32.894737,3.475239,117.37805,69.20731
32.005688,3.475239,175.30487,74.69585
32.1835,3.475239,234.7561,77.743904
30.761023,3.475239,223.57724,88.10975
27.399488,3.475239,207.31708,78.65854
25.604551,3.475239,173.27235,77.439026
24.893314,3.475239,139.73578,77.439026
23.826458,2.606429,114.32927,70.12195
27.389532,2.3892267,97.560974,57.012196
22.93741,2.3892267,95.020325,46.951214
22.403982,2.1720243,89.939026,46.341465
27.401848,2.1720243,79.268295,58.536587
22.759602,2.1720243,72.15447,51.52439
26.850498,2.1720243,66.56504,51.82927
23.470839,2.1720243,74.69512,53.658535
25.071123,2.1720243,102.970085,48.17073
32.36131,1.8972077,103.150406,52.43903
37.339973,1.940075,131.6057,73.47561
26.083014,2.8236315,120.857864,57.5235
28.716036,2.8236315,168.19106,81.097565
36.273117,2.8236315,152.22592,75.60976
31.827883,2.8236315,126.01626,61.585365
29.16074,2.2944891,125.50814,61.890244
27.027027,3.2580364,117.37335,59.136032
26.31579,2.508379,134.14635,62.80488
26.780092,5.8644657,164.12602,74.085365
28.80512,5.8644657,190.04065,71.64634
28.627312,2.2631395,206.30081,74.91991
27.382647,5.212858,186.48373,83.22535
25.426743,2.8355095,189.02438,76.5244
24.359886,0.86880976,152.94716,68.597565
23.115221,0.86880976,126.01626,64.02439
22.93741,0.86880976,105.18293,50.914635
22.759602,2.4236684,94.51219,45.73171
33.947697,0.86880976,84.85773,38.586758
34.036552,0.86880976,78.25203,43.90244
28.37821,1.9364088,77.23577,42.378048
23.470839,0.86880976,77.743904,50.914635
26.849218,1.0860121,89.43089,52.134148
30.049788,0.86880976,106.93416,51.52439
31.29445,0.86880976,89.939026,46.646343
33.072548,2.8236315,94.00407,58.23171
32.36131,3.475239,107.72358,63.719513
32.716927,2.8236315,118.902435,72.560974
29.721554,2.1921077,127.15596,58.23171
28.80512,2.606429,126.01626,60.060974
26.31579,2.606429,127.54066,69.51219
25.604551,2.606429,132.42316,68.29269
19.025604,2.8236315,128.04878,66.15854
27.738264,3.909644,182.4187,89.939026
27.43116,3.475239,231.19919,102.743904
30.049788,3.909644,216.46341,91.46342
27.738264,4.1268463,201.21951,84.11714
25.604551,2.933303,189.53252,82.31708
24.537695,2.8180635,148.37398,73.78049
23.29303,2.606429,128.04878,64.32927
22.759602,2.5185032,101.11789,48.51884
22.759602,2.606429,86.38211,47.568542
22.403982,2.606429,85.36585,52.43903
22.759602,2.606429,113.548805,59.756096
22.581793,2.606429,98.39691,48.045723
22.759602,2.4667885,83.84146,44.20215
26.45628,2.3892267,80.28455,53.963413
25.782362,2.3892267,88.92277,48.17073
28.621075,2.1720243,96.544716,50.0
31.29445,2.8236315,119.41057,59.756096
30.938831,2.3892267,134.65446,57.621952
32.53912,2.1720243,138.71951,57.621952
30.761023,2.0633187,133.63821,54.57317
30.049788,3.2580364,134.65446,48.47561
23.921465,3.475239,120.42683,56.09756
26.13798,3.2580364,123.98374,60.036278
26.31579,3.2580364,139.73578,53.048782
28.48881,3.2580364,187.5,64.02439
27.181835,4.1268463,223.57724,90.271805
29.16074,5.212858,210.87398,74.39024
27.560455,2.661486,201.21951,74.085365
24.52477,3.909644,155.5838,78.65854
25.34253,3.6924415,147.86586,75.914635
22.759602,2.6623924,113.82114,60.67073
22.759602,3.475239,102.13415,50.0
22.759602,2.3642075,85.873985,43.292683
21.870554,3.475239,87.39838,50.609756
21.870554,3.475239,76.21951,42.07317
22.581793,3.475239,74.18699,42.987804
23.29303,3.6924415,76.727646,50.0
24.925869,3.040834,102.64227,52.43903
31.472263,3.475239,128.71722,50.609756
30.583216,3.6924415,100.60976,49.390244
30.049788,2.8236315,131.60616,58.536587
23.272192,3.475239,106.19919,49.390244
30.227596,2.0024667,97.560974,46.595314
28.982931,3.2580364,95.020325,51.219513
29.086998,1.9069457,81.808945,43.59756
26.849218,3.475239,83.84146,46.341465
26.671408,2.1621149,86.38211,46.036587
26.671408,2.2329073,98.57723,49.085365
27.916075,2.572319,148.37398,72.560974
26.31579,4.3440485,232.72357,88.10975
32.53912,4.561251,242.88618,79.268295
28.80512,4.995656,206.80894,79.268295
26.13798,4.561251,161.8219,82.62194
24.359886,4.561251,133.13008,76.82927
23.29303,2.6551325,106.19919,62.5
22.759602,3.040834,104.34449,46.646343
22.759602,3.2580364,81.30081,45.73171
21.870554,2.5372114,80.28455,51.219513
21.870554,2.4178011,67.07317,43.90244
22.759602,3.475239,113.475815,48.47561
23.826458,2.4303021,72.15447,53.353657
34.495018,2.8236315,136.089,58.841465
34.31721,2.606429,126.85708,48.17073
29.162767,2.0286527,91.46342,45.728607
29.694168,2.8236315,77.743904,46.153137
24.893314,2.606429,114.0625,54.26829
29.367363,2.1399198,100.60976,55.792683
11.379801,3.0109746,79.268295,47.865852
22.403982,3.040834,74.18699,39.02439
24.846165,3.2580364,111.53367,35.97561
22.162306,3.475239,80.79269,41.15854
27.382647,3.475239,121.67656,46.951214
28.627312,3.6924415,135.67073,71.34146
32.36131,4.995656,167.27844,85.97561
32.1835,5.430061,221.03659,79.57317
26.78823,4.7784534,182.4187,70.12195
26.31579,2.7352912,158.02846,75.30488
24.14814,4.7784534,151.7048,68.29269
23.008118,4.3440485,110.772354,50.914635
22.759602,3.475239,85.36585,46.951214
28.501722,2.0253184,82.31707,43.555386
22.403982,3.475239,107.947975,43.292683
22.581793,3.475239,73.67886,48.210243
22.759602,3.475239,65.54878,45.121952
23.826458,2.3909538,73.67886,41.93903
34.31721,1.8338733,80.28455,56.09756
35.56188,3.040834,132.12659,50.30488
24.91447,3.040834,99.5935,49.085365
31.472263,3.2580364,92.479675,51.66516
31.116644,3.040834,71.64634,49.390244
30.227596,2.8236315,85.873985,48.17073
29.16074,3.2580364,78.25203,45.121952
29.16074,3.2580364,119.274475,44.817074
27.382647,3.040834,83.333336,41.463413
30.061913,1.9027392,100.10162,39.32927
27.560455,3.2580364,102.64227,41.15854
29.51636,3.475239,144.30894,59.451218
31.116644,4.561251,201.72765,82.31708
31.116644,4.995656,187.5,87.19512
28.80512,4.561251,152.84073,71.64634
25.708506,4.3440485,148.37398,84.14634
24.715506,4.3440485,117.88618,71.34146
23.64865,4.3440485,103.150406,66.15854
23.115221,3.909644,93.49593,53.353657
22.93741,2.606429,84.349594,49.085365
22.581793,2.606429,78.25203,45.680058
25.082758,2.8236315,82.8252,41.15854
23.472118,3.040834,72.662605,43.90244
22.759602,2.8236315,101.651634,50.52904
24.004267,3.040834,84.85773,46.341465
26.849218,3.040834,113.46586,56.491055
32.53912,3.040834,112.296745,47.256096
33.78378,3.2580364,122.967476,59.21317
34.672832,3.475239,116.361786,58.64713
34.139404,3.2580364,125.0,36.890244
23.999273,3.475239,123.303764,46.036587
33.961594,3.475239,114.837395,47.865852
29.51636,3.475239,125.47315,63.145542
27.560455,3.475239,139.73578,56.09756
24.84117,3.475239,139.73578,58.841465
28.627312,3.475239,163.61789,71.6012
26.766191,4.3440485,206.80894,73.47561
30.583216,4.7784534,160.95062,79.268295
27.738264,3.6924415,163.10976,69.51219
26.13798,2.8236315,147.86586,66.768295
25.604551,2.8236315,134.14635,63.109756
26.341076,3.040834,131.6057,58.23171
23.826458,3.2580364,107.21545,53.353657
23.115221,3.040834,95.020325,51.21463
22.93741,2.8236315,86.38211,41.76829
22.93741,2.8236315,81.808945,46.646343
23.115221,2.606429,74.69512,41.463413
23.29303,2.3056452,73.17073,42.378048
24.004267,2.606429,102.79945,46.646343
25.248934,3.2580364,111.65673,45.121952
28.093884,2.606429,107.21545,47.865852
31.65007,2.8236315,117.88618,52.743904
34.85064,3.040834,160.06097,62.80488
29.112944,2.8236315,158.02846,66.95499
35.56188,3.2580364,125.50814,61.585365
32.894737,3.2580364,111.28049,56.417088
28.271692,3.2580364,129.92235,57.621952
24.500044,3.2580364,113.82114,54.57317
26.849218,3.2580364,116.06336,58.501728
28.093884,3.475239,144.30894,66.80023
29.51636,2.4813423,178.86179,73.47561
18.847794,4.3440485,197.6626,82.128494
27.916075,4.7784534,177.84554,74.69512
25.782362,2.5946536,131.08035,71.95122
24.715506,3.040834,137.11278,68.597565
23.470839,2.3240263,107.911125,56.707317
22.759602,2.8236315,85.36585,51.219513
22.759602,2.606429,84.349594,44.817074
22.403982,2.530136,88.414635,45.764805
22.581793,2.606429,91.424805,40.853657
22.581793,2.8236315,78.25203,42.07317
23.64865,2.3892267,81.808945,45.73171
34.31721,2.3892267,79.77642,48.780487
33.605976,2.1720243,85.36585,48.47561
30.227596,1.9425637,115.05263,47.560974
30.227596,1.7376195,111.57672,46.31853
28.982931,1.954822,68.597565,39.902443
26.564413,2.3892267,77.743904,52.743904
29.694168,1.9421774,77.743904,44.512196
27.916075,2.8236315,108.28765,40.548782
24.391043,2.8236315,71.64634,45.73171
27.027027,3.040834,75.71138,46.951214
26.849218,3.6924415,94.51219,53.701126
25.1423,4.1268463,158.02846,62.80488
26.762852,3.909644,192.5813,80.79269
26.860743,4.3440485,203.25203,81.402435
30.049788,2.500442,197.6626,74.085365
26.671408,3.909644,175.30487,68.597565
26.589754,3.040834,136.17886,62.5
23.29303,3.2580364,116.86992,57.621952
23.115221,3.040834,92.479675,49.695118
22.93741,2.394498,79.77642,45.42683
22.403982,2.8236315,78.25203,42.682926
22.581793,2.606429,65.04065,39.02439
22.759602,2.8236315,92.307014,38.109756
23.826458,3.2580364,72.662605,46.071667
33.961594,3.040834,121.03921,40.243904
33.78378,3.2580364,91.97154,41.15854
30.049788,2.1720243,91.46342,41.463413
28.80512,2.1720243,89.43089,52.743904
23.545818,3.040834,78.76016,47.865852
28.982931,2.606429,114.62534,45.73171
28.449503,2.1239302,83.333336,43.93522
27.738264,2.606429,108.73009,43.59756
26.493599,2.3892267,86.38211,52.743904
26.13798,2.606429,100.10162,47.560974
26.31579,2.606429,106.19919,42.987804
28.271692,3.040834,118.902435,57.317074
32.36131,2.255583,141.48642,70.42683
34.866467,2.5934343,224.08537,81.097565
30.049788,3.475239,177.84554,82.92683
26.849218,2.6790173,146.8496,76.82927
24.715506,2.8236315,129.89786,66.15854
23.115221,2.606429,99.085365,53.048782
26.140028,2.606429,81.808945,42.987804
22.759602,2.606429,75.71138,42.987804
22.403982,2.393016,66.05691,44.512196
22.581793,2.606429,68.08943,39.02439
22.93741,2.606429,64.532524,39.32927
23.826458,2.606429,71.138214,47.865852
34.139404,1.7243124,93.49593,45.73171
36.450924,2.606429,96.03658,48.921448
30.227596,2.8236315,81.808945,43.292683
22.87336,3.040834,70.12195,53.048782
29.338549,2.606429,74.69512,50.609756
28.271692,3.6924415,79.268295,49.390244
22.130322,3.475239,77.23577,48.929455
27.916075,3.909644,90.955284,59.451218
26.493599,2.3126874,97.05285,56.09756
26.13798,3.2580364,92.479675,48.780487
26.31579,3.475239,105.18293,52.743904
27.916075,4.1268463,145.83333,62.80488
30.405403,5.430061,194.61382,73.78049
32.005688,4.1268463,217.98781,80.18293
35.062588,2.4469628,201.72765,68.597565
26.13798,2.7754164,173.78049,77.743904
24.182077,2.606429,160.5691,67.37805
23.115221,2.3892267,114.40429,60.97561
22.759602,2.3892267,95.020325,48.97883
22.581793,2.606429,99.068344,47.865852
21.870554,2.1720243,80.79269,49.085365
22.048365,2.5211372,77.743904,42.999847
22.759602,2.3892267,96.78533,46.036587
23.826458,2.8236315,71.138214,44.65825
32.53912,3.040834,79.268295,53.658535
32.36131,2.606429,88.414635,53.963413
28.449503,3.040834,95.020325,47.256096
27.738264,3.2580364,81.30081,49.390244
24.585287,2.8236315,84.349594,47.896698
28.271692,2.112927,88.414635,49.085365
27.916075,2.606429,80.28455,42.07317
27.382647,2.0271316,81.30081,41.76829
25.449074,2.606429,79.77642,52.743904
25.96017,3.040834,94.00407,48.47561
26.493599,3.2580364,113.31301,48.47561
27.738264,2.8236315,147.86586,72.560974
39.829304,1.8772012,215.44716,76.5244
38.940254,4.561251,138.07616,68.0301
26.752422,4.3440485,200.20325,73.78049
25.96017,4.3440485,157.01219,68.29269
25.756126,3.040834,122.45935,58.940903
23.115221,2.606429,93.49593,47.865852
22.759602,2.8236315,85.36585,43.59756
22.93741,2.606429,80.28455,40.243904
22.403982,2.8236315,71.64634,43.59756
22.226173,2.8236315,72.15447,39.634148
22.93741,2.606429,66.56504,38.109756
24.004267,2.8236315,74.18699,46.646343
29.131598,1.9453175,113.28981,46.646343
34.31721,2.3892267,98.57723,46.951214
28.449503,1.954822,85.873985,43.906326
27.916075,1.954822,86.38211,58.23171
27.672352,2.606429,132.23135,59.756096
28.271692,2.606429,96.03658,55.487804
29.16074,2.0883632,92.479675,46.020397
29.694168,2.0791826,109.756096,50.609756
27.204836,2.606429,122.07678,57.012196
25.96017,2.8236315,101.11789,53.658535
26.493599,2.606429,112.80488,52.43903
25.299036,3.2580364,134.65446,66.15854
28.982931,4.3440485,183.94308,85.36585
22.403982,3.6924415,160.39009,92.98781
9.423898,3.475239,185.97562,80.48781
13.691323,3.475239,176.82927,72.86585
28.806948,2.606429,150.40651,73.78049
27.222168,2.606429,113.82114,63.719513
22.93741,2.1720243,107.43991,58.536587
22.93741,2.3892267,97.87095,46.262695
22.403982,1.7376195,72.662605,48.47561
29.1469,1.7376195,66.05691,45.73171
22.581793,2.391658,63.516262,46.646343
22.93741,2.4589665,70.63008,41.491516
24.182077,3.040834,75.203255,46.951214
26.849218,3.2580364,83.84146,47.256096
32.1835,2.606429,125.0,44.512196
32.558613,2.163908,150.91463,53.048782
15.291608,3.475239,110.40551,57.012196
18.669987,3.2580364,129.57317,60.046978
17.78094,3.475239,121.95122,59.503796
15.825035,2.4990046,87.16243,56.40244
24.298002,3.475239,120.93496,67.98781
20.09246,3.909644,125.50814,57.621952
28.627312,5.212858,122.967476,58.23171
33.00452,2.3686748,166.15854,66.15854
30.227596,3.909644,191.56505,73.78049
30.405403,3.909644,208.33333,75.30488
26.600765,4.3440485,185.46748,74.69512
26.13798,3.2580364,166.15854,75.0
25.071123,2.606429,152.43903,77.13415
23.826458,2.6692762,121.95122,64.63415
28.305676,2.1720243,98.06911,58.841465
23.115221,2.606429,100.61677,48.833378
22.581793,2.1720243,83.333336,42.987804
22.581793,2.606429,79.77642,50.914635
23.115221,2.1720243,84.349594,45.02032
22.93741,2.3892267,83.84146,42.682926
29.23295,1.9600058,87.39838,46.341465
26.493599,1.954822,106.19919,44.512196
32.36131,1.7376195,123.47561,45.73171
38.762447,1.7376195,126.52439,58.841465
40.89616,2.606429,136.48213,57.03891
41.073967,2.606429,185.97562,72.560974
40.18492,2.8236315,145.83333,60.97561
36.806545,3.2580364,119.9187,56.09756
32.36131,3.475239,122.967476,59.756096
29.16074,2.1804357,109.756096,56.09756
28.627312,2.138336,120.42683,52.57791
29.338549,4.1268463,140.2439,57.317074
31.29445,5.212858,198.67886,87.41112
32.36131,5.212858,198.67886,87.308266
23.51497,5.212858,142.76965,69.745094
33.564293,2.5306938,181.40244,75.60976
25.426743,4.7784534,142.78455,66.768295
23.731117,4.3440485,141.10406,59.451218
23.470839,4.1268463,85.873985,54.26829
22.759602,3.475239,83.333336,43.59756
22.376411,3.475239,80.79269,50.0
21.840221,3.475239,72.662605,39.32927
22.93741,3.475239,68.08943,39.939026
24.004267,3.475239,123.93482,53.658535
35.02845,2.8236315,91.97154,49.390244
35.02845,2.3892267,98.57723,50.30488
19.381224,2.685811,80.28455,50.30488
22.048365,2.8236315,104.47644,50.0
30.227596,3.040834,79.268295,47.51787
30.405403,2.606429,105.18293,56.09756
30.405403,2.1720243,84.85773,52.743904
30.049788,1.954822,119.035904,52.134148
27.382647,1.7376195,110.846825,53.353657
26.493599,1.954822,95.52846,56.707317
27.027027,2.3892267,117.888336,56.09756
28.271692,3.040834,119.62249,58.940006
30.761023,4.7784534,225.10162,90.61831
33.25035,5.212858,229.67479,90.71778
35.255737,2.5318725,246.44308,78.35366
26.106848,4.3440485,198.17073,84.59501
24.893314,3.2580364,154.47154,72.256096
23.64865,2.606429,114.32927,54.598972
23.115221,2.606429,96.544716,46.646343
22.93741,2.606429,94.51219,42.07317
22.93741,2.2717814,84.85773,38.719513
25.670067,2.606429,78.25203,48.47561
23.115221,2.606429,78.25203,42.682926
24.537695,2.606429,77.743904,48.47561
36.628735,2.3892267,100.60976,46.341465
37.51778,1.555678,92.479675,46.951214
31.472263,2.3892267,94.51219,45.121952
30.049788,1.96566,88.92277,48.17073
29.871977,1.7376195,84.349594,53.048782
27.059357,2.3892267,115.7442,52.45905
26.567686,2.606429,92.98781,46.646343
28.271692,2.3892267,81.808945,41.463413
28.785559,2.1720243,111.49434,44.207317
27.027027,1.9528527,104.39262,45.42683
27.339806,2.606429,122.478355,51.219513
28.80512,2.606429,130.58943,55.792683
32.894737,2.606429,142.10039,69.51219
34.31721,3.475239,225.10162,80.79269
30.405403,4.3440485,214.93903,76.82927
27.382647,2.6282313,200.20325,71.64634
25.248934,2.606429,141.7683,62.80488
27.499134,2.606429,115.34553,53.353657
23.115221,2.606429,97.560974,50.60343
23.29303,2.606429,89.43089,43.90244
28.82784,1.8192273,106.020035,41.15854
22.93741,2.606429,74.69512,41.76829
22.93741,2.1720243,91.281075,43.90244
25.696009,2.606429,82.31707,51.52439
35.917496,2.606429,89.43089,48.47561
27.273308,2.606429,105.691055,50.914635
30.938831,3.2580364,87.39838,46.341465
28.80512,2.606429,86.38211,47.126583
28.449503,2.606429,74.18699,56.40244
28.982931,3.475239,82.31707,55.792683
28.982931,2.1656575,88.92277,55.487804
28.491415,2.0527124,85.36585,44.436707
26.31579,3.909644,128.75708,51.52439
26.31579,5.212858,84.349594,56.707317
22.50463,4.561251,93.49593,56.09756
28.80512,4.995656,152.4742,65.243904
31.29445,5.647263,199.187,93.59756
32.005688,5.430061,220.02032,91.0089
29.694168,4.995656,203.25203,85.060974
27.315998,4.7784534,190.54878,80.48781
24.811918,3.475239,136.687,67.37805
14.935988,3.1217074,105.691055,57.012196
22.93741,2.4224765,89.939026,47.560974
23.922632,3.475239,120.03817,44.207317
22.581793,3.2580364,70.63008,44.207317
23.115221,2.334117,73.17073,42.682926
23.470839,3.2580364,73.17073,43.90244
24.893314,3.2580364,78.76016,54.878048
23.22197,3.2580364,89.939026,50.609756
36.450924,3.475239,131.96632,62.056847
31.116644,3.475239,89.939026,44.207317
29.871977,4.1268463,96.03658,53.048782
29.694168,2.606429,82.31707,53.048782
28.982931,2.0731552,94.51219,48.47561
29.871977,3.2580364,84.349594,51.52439
28.627312,3.475239,67.07317,48.17073
27.204836,3.475239,76.727646,50.0
26.671408,4.1268463,73.67886,48.47561
26.849218,4.3440485,96.544716,57.621952
28.449503,4.3440485,133.13008,65.243904
31.65007,5.212858,202.7439,78.65854
33.605976,5.8644657,179.53194,90.243904
30.938831,5.647263,199.69513,76.5244
26.79416,5.647263,178.86179,66.46342
25.248934,3.909644,143.29268,66.15854
23.64865,3.909644,125.0,61.752476
23.115221,2.466199,97.05285,47.418335
23.115221,3.909644,85.873985,52.952652
22.581793,3.909644,77.23577,45.73171
21.651152,3.909644,73.17073,42.378048
23.115221,4.1268463,78.25203,47.256096
24.004267,2.2952473,80.79269,44.817074
36.273117,1.585064,85.36585,46.341465
37.162163,1.7190486,131.83679,50.30488
23.327204,3.2580364,90.955284,48.780487
30.761023,2.606429,120.80041,55.9242
31.65007,2.1720243,78.76016,51.52439
23.362736,3.040834,76.21951,51.52439
29.003647,1.9727364,84.85773,47.256096
30.405403,3.2580364,79.77642,48.854996
29.103659,1.8703594,82.8252,39.02439
22.349726,3.6924415,85.873985,52.09883
28.271692,2.1407535,90.955284,45.73061
29.51636,3.475239,132.7923,59.146343
30.761023,4.561251,216.46341,89.98151
32.1835,6.081668,226.62602,91.075005
34.715965,2.6166308,217.98781,81.70731
27.027027,4.995656,181.91057,81.097565
25.071123,3.2580364,168.19106,72.256096
24.004267,2.4782193,127.032524,54.882835
23.64865,3.2580364,98.06911,49.695118
23.470839,3.2580364,109.59231,54.65824
22.93741,3.2580364,81.30081,47.560974
23.115221,3.2580364,75.203255,42.378048
27.66991,2.0461147,73.17073,41.7001
23.64865,3.909644,123.13872,61.330322
23.693512,3.6924415,119.96861,40.548782
29.871977,3.2580364,95.52846,43.90244
35.917496,1.68484,120.42683,49.695118
39.295876,4.3440485,122.45935,50.0
38.05121,3.909644,115.34553,60.524452
39.651493,3.909644,144.81708,53.963413
40.00711,3.909644,123.98374,51.52439
38.05121,3.475239,99.085365,47.865852
33.78378,1.7376722,132.62195,42.378048
31.116644,3.2580364,123.98374,51.219513
31.116644,3.475239,111.28049,63.414635
32.1835,3.909644,138.21138,55.792683
26.790209,4.1268463,211.38211,67.37805
31.29445,4.1268463,203.76016,73.47561
28.271692,2.6073773,140.52472,74.085365
27.204836,3.6924415,125.78791,63.195
25.782362,2.3892267,154.97968,63.94401
24.537695,2.606429,119.41057,59.451218
24.004267,2.3892267,105.18293,55.182926
23.470839,2.3892267,100.279106,48.17073
23.470839,2.606429,94.51219,44.817074
23.115221,2.606429,84.85773,43.90244
23.64865,2.606429,76.727646,42.987804
23.64865,2.606429,68.597565,43.220047
24.182077,2.8236315,86.38211,36.890244
27.883192,2.3892267,109.902756,41.76829
33.78378,1.8957349,105.18293,57.317074
40.00711,1.5606661,121.44309,56.707317
30.05287,2.606429,160.5691,57.317074
41.251778,1.5326463,159.04471,57.317074
39.829304,3.2580364,137.75958,50.30488
37.51778,3.2580364,113.82114,43.59756
32.894737,3.2580364,127.06307,49.085365
30.583216,3.2580364,112.80488,47.865852
29.338549,3.6924415,125.417114,63.090656
24.201263,3.6924415,139.83466,62.80488
32.894737,4.7784534,180.38618,74.69512
32.53912,4.7784534,175.813,80.36241
29.871977,4.561251,166.66667,76.58
27.204836,4.7784534,155.99594,63.109756
25.782362,3.6924415,123.98374,63.109756
24.182077,3.475239,96.544716,54.878048
24.004267,3.2580364,80.28455,45.73171
23.470839,3.040834,74.18699,38.719513
23.115221,3.040834,71.138214,41.463413
23.29303,3.2580364,68.597565,41.76829
24.004267,1.9742018,93.3713,42.07317
25.248934,3.475239,68.597565,42.987804
37.69559,3.2580364,129.65782,44.512196
36.095306,3.475239,84.349594,52.134148
22.310432,3.909644,87.39838,48.47561
28.829195,1.887025,77.23577,42.378048
29.51636,1.9702266,113.592186,49.25448
29.51636,4.3440485,85.36585,46.951214
29.871977,3.909644,77.743904,50.429577
29.338549,2.0611145,81.808945,50.914635
27.560455,3.909644,87.9065,53.353657
27.027027,2.1716342,79.268295,42.639423
28.612192,2.0440052,85.873985,44.521656
30.793308,2.3377855,127.54066,69.51219
27.24869,4.7784534,180.38618,78.96342
34.31721,5.8644657,148.23509,72.04754
27.315998,4.7784534,185.97562,76.5244
27.738264,4.3440485,163.10976,74.31343
25.071123,3.040834,120.93496,59.756096
23.64865,3.2580364,98.06911,55.487804
23.45822,3.040834,75.71138,44.207317
23.29303,3.040834,106.26053,52.948814
23.115221,3.2580364,69.61382,42.378048
23.115221,2.2838304,63.516262,41.15854
23.64865,2.8236315,100.79593,44.512196
24.537695,3.2580364,105.78066,42.07317
36.806545,3.040834,79.77642,47.21589
36.806545,3.6924415,86.89024,48.17073
30.761023,1.8519288,87.9065,41.15854
30.938831,3.040834,71.64634,35.365852
30.405403,3.909644,118.03347,38.414635
29.694168,3.909644,73.67886,38.719513
29.338549,3.909644,127.90092,64.01333
29.338549,1.751743,102.34707,39.02439
27.382647,4.561251,71.64634,50.0
27.027027,2.153643,75.203255,49.085365
27.204836,4.3440485,125.758064,43.292683
28.982931,4.7784534,118.902435,49.695118
32.36131,5.212858,177.84554,65.54878
33.25035,5.212858,190.54878,78.35366
30.049788,5.647263,191.56505,75.60976
26.320766,4.995656,161.58537,77.13415
25.426743,3.475239,129.06505,62.19512
23.826458,3.040834,92.479675,50.0
25.396128,3.2580364,118.51866,40.548782
23.29303,3.040834,75.71138,39.02439
22.93741,3.040834,75.71138,46.390045
23.29303,3.040834,72.15447,36.280487
23.386084,3.040834,71.138214,41.15854
25.604551,3.475239,114.649536,43.292683
36.984352,3.040834,77.743904,46.748974
36.628735,3.475239,96.544716,45.121952
34.139404,3.2580364,119.56578,36.585365
31.472263,2.8236315,84.85773,36.280487
31.65007,2.8236315,111.99855,35.365852
32.716927,2.606429,70.12195,38.414635
30.583216,2.606429,72.662605,43.775726
30.049788,3.040834,74.69512,42.987804
26.849218,3.040834,71.138214,41.15854
26.671408,2.0401444,73.17073,39.634148
27.738264,3.040834,94.00407,43.292683
29.338549,3.475239,119.9187,57.621952
32.894737,3.909644,167.17479,66.15854
35.20626,5.430061,190.54878,68.29269
33.428165,4.7784534,155.61472,69.81707
26.003862,4.1268463,177.3374,69.20731
25.782362,2.606429,117.69164,56.40244
24.004267,2.606429,99.5935,50.30488
23.470839,2.8236315,102.226875,50.949043
23.470839,2.606429,93.34905,40.548782
23.115221,2.606429,100.86316,48.97998
23.29303,2.8236315,70.63008,39.634148
25.338043,2.606429,69.10569,38.414635
25.071123,2.3410292,73.17073,42.051105
35.384068,2.8236315,81.808945,43.90244
35.02845,2.606429,82.8252,53.048782
29.871977,2.8236315,95.52846,48.17073
29.16074,2.606429,88.414635,50.914635
25.83838,2.606429,89.43089,47.98434
29.694168,2.0649974,101.11789,47.95606
28.421806,2.089095,83.84146,53.658535
21.922861,3.475239,70.63008,47.289143
27.204836,3.475239,75.203255,51.52439
27.027027,3.475239,85.873985,50.486694
27.560455,3.2580364,94.51219,52.24844
24.23023,3.2580364,116.361786,63.719513
32.716927,3.909644,188.51627,77.439026
33.428165,4.995656,161.98848,77.439026
30.405403,4.995656,158.80241,74.39024
27.204836,3.909644,165.6504,73.704865
25.248934,3.2580364,138.71951,62.80488
24.004267,3.040834,103.65854,52.743904
28.945448,1.8567805,108.55318,43.59756
23.29303,3.040834,98.60224,40.243904
22.93741,3.909644,77.743904,51.392918
23.115221,3.2580364,74.18699,37.5
23.64865,2.2291033,70.12195,38.414635
24.715506,3.040834,72.15447,39.02439
25.149967,2.8236315,86.89024,44.817074
37.162163,3.040834,132.62491,49.695118
23.237574,3.2580364,86.89024,45.73171
30.405403,2.01816,85.36585,52.743904
29.871977,2.0222516,77.743904,50.914635
29.694168,2.0215538,72.15447,51.52439
25.068823,2.8236315,86.38211,44.512196
30.583216,2.8236315,86.38211,43.59756
28.093884,2.606429,78.76016,45.36558
28.80512,2.8236315,92.479675,48.17073
27.738264,3.040834,123.080505,52.43903
29.694168,3.040834,111.28049,55.182926
31.65007,2.215393,147.86586,66.768295
33.78378,5.212858,149.65851,59.146343
29.694168,4.3440485,169.20732,65.54878
27.204836,4.3440485,140.75203,61.585365
25.782362,3.040834,126.52439,56.09756
24.182077,2.390735,87.9065,51.82927
23.826458,3.2580364,103.13396,41.463413
23.64865,2.1045926,96.83808,43.45767
23.64865,2.8236315,62.5,39.634148
23.64865,3.040834,59.451218,36.890244
24.182077,2.8236315,65.54878,38.414635
24.004267,3.2580364,58.43496,35.365852
25.782362,4.1268463,61.99187,36.890244
29.16074,1.989029,76.727646,46.646343
30.189049,2.0657618,109.24797,50.609756
32.19018,1.7376195,124.49187,54.26829
40.00711,2.1720243,129.57317,58.23171
41.251778,2.3892267,139.9264,53.353657
30.41969,2.0399234,113.31301,46.951214
39.295876,1.5410634,107.72358,54.26829
27.649239,2.606429,125.79245,53.048782
30.049788,3.040834,119.9187,51.82927
24.5837,3.475239,135.67073,64.47624
30.405403,3.909644,134.80885,56.40244
32.005688,4.995656,208.84146,77.13415
32.36131,3.6924415,198.67886,70.42683
28.982931,3.475239,185.97562,62.80488
28.495775,3.040834,168.19106,58.841465
25.96017,2.4195144,147.86586,53.963413
24.182077,2.1720243,122.45935,54.476295
24.004267,2.8236315,105.18293,42.682926
23.470839,2.606429,92.479675,38.719513
27.118502,2.606429,110.59255,39.634148
23.115221,2.2093234,69.61382,36.585365
23.826458,2.606429,88.1123,33.841465
26.044464,2.3892267,57.92683,33.536587
25.93014,2.8236315,102.74019,32.012196
26.13798,2.8236315,77.23577,46.61391
32.36131,2.1720243,110.26423,40.853657
37.339973,1.5969806,123.47561,48.17073
39.118065,1.7376195,158.53659,56.707317
41.251778,1.954822,135.96216,53.527542
28.098984,2.3892267,114.32927,65.243904
36.628735,2.1720243,100.60976,47.551937
28.195246,2.3892267,106.70731,47.560974
29.51636,2.020222,117.316826,50.30488
29.338549,2.606429,98.57723,57.012196
30.405403,4.1268463,115.34553,65.243904
32.894737,4.561251,154.92397,71.95122
34.139404,4.561251,180.8943,69.81707
30.583216,4.1268463,148.64136,69.20731
27.738264,2.4778042,162.60162,66.768295
24.604729,3.475239,135.1626,61.280487
24.004267,2.3216808,89.43089,45.42683
24.004267,2.606429,80.28455,38.109756
25.36529,2.606429,67.5813,36.585365
22.93741,2.606429,68.597565,38.414635
23.115221,2.2253153,69.10569,35.97561
23.64865,2.606429,69.10569,36.890244
24.7987,2.606429,69.61382,43.4656
36.806545,1.954822,91.46342,45.121952
36.095306,1.6723278,92.98781,50.30488
31.65007,1.8998675,83.84146,43.442802
30.049788,1.7376195,121.588615,57.92683
30.049788,2.065669,80.79269,56.707317
30.583216,1.520417,75.71138,57.621952
30.227596,2.0057547,75.71138,53.048782
30.049788,1.9981114,68.08943,40.248222
20.44808,2.8236315,97.26029,47.988384
27.204836,3.2580364,73.67886,54.26829
28.988916,2.0678508,90.44715,52.43903
28.982931,3.475239,108.73984,58.23171
32.53912,3.6924415,152.68872,77.13415
34.139404,4.7784534,194.61382,67.98781
30.583216,4.3440485,191.56505,82.898735
27.204836,3.909644,152.43903,70.27094
25.604551,2.4535933,114.32927,59.146343
23.826458,2.606429,98.57723,46.036587
23.470839,2.8236315,79.77642,39.634148
23.29303,2.8236315,89.48907,35.67073
24.661789,2.606429,68.08943,43.243362
23.29303,2.8236315,63.516262,32.012196
23.826458,2.606429,65.04065,32.92683
25.426743,2.8236315,61.483738,32.621952
37.51778,3.2580364,76.727646,35.365852
36.984352,1.5066599,79.77642,43.90244
31.472263,1.7327697,86.89024,36.585365
31.472263,2.8236315,112.16501,35.67073
30.227596,3.2580364,120.01603,43.292683
21.950205,3.475239,72.15447,45.121952
30.938831,1.9300127,79.77642,50.0
30.405403,3.475239,70.63008,48.17073
28.627312,3.909644,70.12195,44.512196
27.916075,3.6924415,65.54878,40.243904
28.449503,1.9532199,75.203255,40.853657
30.405403,3.909644,108.73984,48.47561
35.02845,4.7784534,184.95935,75.914635
36.095306,4.995656,215.44716,80.18293
27.315598,5.212858,222.05284,91.07475
28.449503,4.1268463,179.36992,76.21951
26.493599,3.040834,146.34146,64.32927
24.182077,2.8236315,105.18293,53.50165
23.64865,2.338616,81.808945,45.42683
23.29303,3.040834,70.63008,44.858803
23.115221,3.040834,67.5813,38.414635
23.115221,2.232163,64.02439,38.719513
23.826458,2.8236315,104.67365,51.81509
25.071123,2.14191,63.516262,39.634148
37.339973,2.1720243,91.97154,45.121952
37.339973,1.6233609,128.3389,45.42683
31.116644,1.954822,86.38211,54.57317
30.405403,1.7376195,80.28455,52.43903
30.049788,2.022137,72.15447,51.82927
29.694168,2.8236315,76.727646,53.658535
30.405403,3.040834,73.67886,47.865852
30.761023,2.8236315,70.12195,47.560974
27.916075,3.040834,67.07317,53.658535
27.027027,2.8236315,74.18699,45.56007
29.043253,2.0548434,91.46342,51.219513
28.982931,2.8236315,118.902435,61.585365
32.005688,3.6924415,199.187,80.48781
27.087156,4.1268463,221.54471,89.76647
30.938831,3.475239,192.07317,76.21951
27.738264,2.2881498,182.92683,68.86087
30.449276,2.1720243,128.04878,55.792683
23.826458,1.954822,94.00407,46.196747
23.29303,2.1720243,87.9065,47.865852
23.29303,1.954822,80.28455,43.292683
22.93741,2.3892267,75.71138,44.416668
23.29303,2.379469,76.727646,45.73171
24.004267,1.954822,74.18699,42.987804
27.846966,2.1720243,77.23577,42.378048
38.584637,1.3032146,84.349594,47.256096
38.406826,1.520417,97.05285,46.646343
32.1835,1.9100016,93.49593,45.920105
30.049788,1.7376195,92.98781,41.76829
32.53912,1.7376195,83.84146,41.96064
31.65007,1.7376195,76.21951,59.451218
30.405403,2.1720243,77.23577,56.40244
30.227596,2.3892267,64.02439,48.47561
27.027027,2.115632,68.08943,46.646343
22.437748,3.2580364,74.69512,45.73171
28.75599,2.0400836,82.31707,53.658535
28.271692,4.1268463,103.65854,57.621952
32.36131,4.1268463,195.12195,83.231705
26.843578,6.5160728,221.54471,88.63554
30.405403,5.8644657,168.78441,71.64634
26.849218,2.687115,201.72765,72.256096
24.463667,3.475239,141.5985,66.46342
23.64865,3.2580364,105.18293,54.457195
22.93741,3.2580364,94.00407,51.517487
22.93741,3.475239,87.9065,42.987804
28.932222,1.9199883,81.30081,43.59756
22.759602,3.2580364,76.21951,46.341465
23.115221,2.419793,75.71138,49.695118
24.359886,3.475239,76.727646,42.682926
34.85064,3.2580364,130.26642,61.32653
36.095306,2.8236315,104.6748,48.47561
30.133305,1.951064,101.11789,44.512196
30.227596,2.606429,123.47401,50.30488
32.1835,2.606429,86.89024,54.57317
22.448086,3.2580364,78.25203,51.52439
31.29445,3.475239,94.51219,43.59756
31.65007,1.8931388,76.21951,41.713535
28.80512,3.6924415,77.743904,34.756096
26.849218,4.1268463,84.349594,36.280487
27.027027,2.2316232,91.97154,46.050407
31.451588,2.103803,131.6057,50.30488
28.982931,5.647263,178.35365,60.060974
30.049788,6.081668,195.12195,67.68293
26.829758,5.430061,183.94308,64.32927
25.604551,5.430061,178.35365,68.29269
24.359886,3.909644,146.8496,64.02439
23.64865,3.6924415,119.9187,59.146343
22.93741,3.909644,128.57494,52.743904
23.115221,3.6924415,118.13262,58.719124
22.581793,3.6924415,80.28455,40.243904
22.759602,3.909644,120.64364,59.973713
23.115221,2.2775989,73.67886,40.243904
21.537155,3.475239,67.07317,35.67073
24.715506,4.1268463,74.69512,40.243904
28.093884,3.475239,83.84146,45.73171
33.961594,3.475239,109.24797,47.256096
24.801668,3.2580364,115.85366,51.52439
36.095306,3.475239,117.37805,53.048782
23.661552,4.1268463,131.42732,49.695118
33.083477,2.0091941,150.91463,43.59756
32.1835,4.3440485,137.19513,53.963413
24.6971,4.1268463,150.40651,57.317074
28.80512,4.3440485,159.55284,54.878048
28.093884,4.561251,151.9309,62.5
28.449503,2.195323,122.030426,58.23171
29.51636,5.8644657,199.69513,63.109756
29.871977,5.212858,187.5,64.02439
28.093884,6.081668,171.74797,60.060974
26.13798,5.212858,175.30487,79.89386
25.071123,2.6043065,155.48781,63.109756
23.826458,3.2580364,121.44309,59.009624
23.29303,2.8236315,102.64227,44.512196
23.115221,3.2580364,96.544716,42.987804
22.759602,2.8236315,94.12236,41.15854
22.759602,3.2580364,82.8252,41.463413
22.93741,3.040834,69.10569,35.97561
23.115221,3.040834,66.05691,34.756096
23.64865,2.1843858,64.532524,36.585365
24.537695,3.909644,90.955284,39.32927
28.627312,3.2580364,110.26423,56.625454
32.716927,3.2580364,126.01626,60.22077
37.69559,1.5952709,127.93154,44.207317
41.073967,4.1268463,139.73578,47.560974
23.865564,3.475239,108.73984,37.5
33.072548,1.5743108,100.10162,29.878048
29.465063,1.7568481,86.38211,27.439024
28.627312,2.8236315,83.84146,26.829268
25.28915,3.040834,123.56334,60.389687
28.271692,2.8236315,108.231705,43.90244
30.049788,4.561251,140.2439,54.26829
31.827883,2.606429,188.00813,67.68293
33.66856,2.3554862,175.30487,64.63415
26.13798,3.2580364,154.47154,60.67073
30.457363,2.1720243,132.11382,56.352882
23.470839,3.475239,111.86917,45.42683
23.115221,3.040834,103.153824,44.512196
23.115221,3.040834,74.18699,40.548782
22.759602,2.8236315,67.5813,35.365852
22.93741,3.040834,64.532524,36.585365
27.89309,1.8732628,66.05691,39.32927
24.004267,3.040834,58.94309,42.258503
31.116644,2.3892267,106.67521,36.280487
35.56188,2.1720243,81.808945,43.125565
32.53912,2.1720243,82.8252,43.98625
32.36131,1.954822,95.020325,45.52868
31.65007,2.1720243,126.13607,53.353657
31.29445,2.606429,81.30081,56.40244
30.583216,3.040834,73.67886,49.085365
22.36561,3.040834,55.386177,46.036587
28.093884,2.8236315,72.662605,48.47561
24.893314,2.8236315,105.43089,51.95754
27.738264,3.040834,71.138214,51.82927
28.828583,2.0665135,91.46342,45.95897
31.116644,2.4454677,160.06097,77.743904
32.894737,2.40855,192.5813,80.79269
30.049788,4.995656,157.97346,73.78049
26.849218,4.7784534,175.813,71.95122
24.359886,4.1268463,120.42683,70.42683
19.381224,3.909644,116.093475,57.696823
19.559032,3.6924415,108.25337,45.73171
22.581793,3.6924415,70.12195,42.378048
27.916075,4.1268463,122.19146,41.15854
23.470839,3.475239,65.54878,40.243904
23.470839,4.1268463,61.99187,49.580936
24.182077,2.140407,60.46748,36.890244
30.049788,3.6924415,75.71138,42.07317
33.961594,3.909644,130.61899,48.47561
31.472263,1.878077,117.492355,46.341465
29.871977,3.909644,82.31707,38.414635
29.51636,4.1268463,82.8252,52.247887
28.51338,2.0383868,79.77642,52.743904
28.982931,3.475239,77.23577,49.390244
28.80512,3.909644,56.91057,48.47561
26.849218,3.475239,120.00768,46.341465
26.671408,2.0309374,75.203255,38.414635
26.31579,3.2580364,79.77642,48.344994
23.32087,3.6924415,114.32927,45.42683
31.116644,4.3440485,172.76422,77.92278
32.005688,3.909644,197.15446,71.03659
29.871977,3.909644,172.2561,76.12978
26.849218,2.523653,153.45529,65.85366
25.426743,3.2580364,118.902435,68.29269
24.359886,2.606429,103.667564,49.81116
23.64865,2.606429,104.500946,49.695118
23.29303,2.606429,65.04065,47.256096
23.115221,2.606429,63.00813,43.90244
23.29303,2.606429,100.55414,48.783794
23.470839,2.606429,61.483738,44.207317
24.359886,2.3892267,57.418697,39.634148
28.58568,1.954822,73.17073,42.378048
36.095306,2.3892267,81.808945,45.42683
32.894737,2.606429,85.873985,46.646343
32.53912,2.3892267,73.17073,45.73171
31.29445,2.606429,77.23577,44.953583
31.65007,1.8380264,87.39838,46.341465
24.71865,2.606429,65.54878,42.369858
30.405403,2.606429,59.451218,39.32927
28.271692,2.8236315,110.106964,41.76829
27.382647,3.040834,64.02439,44.265015
27.560455,2.8236315,114.28321,55.249123
24.48865,3.2580364,112.296745,47.560974
32.1835,2.216916,175.30487,65.85366
35.17889,2.1828883,195.63008,72.19208
30.583216,3.475239,191.05692,78.50586
27.261297,3.2580364,171.74797,67.37805
25.248934,2.7296007,129.06505,73.17073
24.004267,2.606429,95.020325,49.97203
23.29303,2.606429,79.268295,45.78216
27.684969,2.0000684,68.597565,40.26227
23.115221,2.606429,67.07317,49.390244
27.531847,1.896321,61.99187,41.15854
27.965244,1.8841025,64.02439,42.987804
24.359886,2.120107,60.46748,36.280487
30.405403,2.8236315,78.25203,46.457443
35.384068,2.606429,79.77642,44.92563
32.53912,2.606429,88.92277,31.707317
31.65007,2.606429,122.56922,56.393677
30.049788,1.785962,80.28455,34.451218
26.380604,2.606429,78.76016,32.012196
30.227596,1.6526446,78.76016,25.304878
29.694168,1.7276452,62.5,29.573172
27.560455,2.606429,76.21951,32.317074
27.204836,2.606429,95.57067,32.621952
28.093884,2.606429,89.939026,29.878048
27.916075,2.606429,104.166664,46.036587
30.049788,2.1163914,170.7317,65.28803
32.36131,4.1268463,197.15446,65.54878
29.51636,3.909644,145.37338,68.902435
25.661339,3.475239,159.04471,67.68293
24.893314,2.0778584,100.32971,44.679504
27.04497,2.3892267,87.9065,46.45796
23.64865,2.2839832,73.17073,43.59756
23.115221,2.606429,69.10569,36.890244
22.759602,2.606429,68.597565,38.414635
22.93741,2.2132604,65.04065,35.67073
23.115221,2.606429,63.516262,36.585365
24.182077,2.606429,60.46748,27.743902
30.938831,1.7376195,73.67886,27.134146
34.672832,1.954822,82.8252,29.878048
31.29445,1.6909901,82.31707,32.621952
32.36131,1.7135942,71.64634,38.719513
25.320366,2.606429,73.67886,47.560974
30.227596,2.606429,90.955284,48.17073
30.049788,2.606429,110.46764,38.719513
29.338549,3.2580364,84.85773,39.634148
27.916075,2.606429,112.29694,52.737625
27.204836,2.606429,69.61382,44.817074
27.560455,1.8777816,101.09794,42.378048
30.381767,2.0873783,115.85366,51.730064
29.51636,3.909644,188.51627,63.109756
31.472263,2.26058,195.12195,66.15854
28.982931,3.909644,182.92683,55.792683
25.382517,3.6924415,164.12602,55.182926
25.071123,2.4662917,134.65446,55.792683
24.359886,2.5246983,101.11789,57.92683
23.29303,2.3892267,83.84146,50.0
23.115221,2.4495623,73.17073,42.03834
22.93741,1.954822,68.08943,38.109756
22.93741,2.1720243,60.46748,34.756096
23.115221,2.247923,64.02439,37.5
23.29303,2.1438723,51.82927,33.841465
24.893314,2.8236315,63.516262,37.19512
26.972397,2.3892267,81.30081,40.548782
29.16074,2.3892267,102.64227,47.865852
31.65007,2.606429,118.12532,43.292683
33.072548,3.040834,128.55692,52.134148
24.819689,3.2580364,115.34553,46.646343
23.459583,3.909644,118.53031,38.109756
35.20626,3.2580364,113.82114,39.02439
32.894737,3.2580364,126.01626,39.02439
23.641668,3.475239,111.28049,46.036587
29.338549,3.475239,109.756096,40.853657
28.982931,3.475239,140.75203,65.90193
30.405403,4.995656,165.14227,59.146343
30.405403,4.995656,154.69531,70.42683
28.271692,4.995656,153.96341,63.414635
26.13798,4.561251,139.22765,63.109756
25.426743,3.6924415,128.04878,59.451218
24.182077,2.8236315,114.32927,53.963413
23.29303,2.3892267,98.136955,46.281418
22.93741,2.606429,76.21951,39.02439
22.759602,2.1720243,66.56504,37.5
22.759602,2.606429,61.99187,41.534645
22.93741,2.606429,65.54878,38.109756
23.115221,2.606429,85.84456,33.23171
24.359886,2.606429,91.960526,35.67073
25.241547,2.606429,77.743904,45.291756
31.116644,1.7376195,109.153015,44.207317
36.450924,1.7485397,130.75505,54.47146
29.576797,1.954822,120.764175,54.878048
37.69559,2.8236315,129.20303,45.42683
25.463257,2.8236315,87.9065,44.512196
38.584637,2.8236315,81.30081,41.463413
34.139404,2.606429,85.36585,42.987804
28.627312,2.606429,86.38211,40.853657
27.738264,2.606429,88.414635,41.463413
28.449503,3.2580364,122.374084,48.780487
29.338549,2.1571398,132.11382,53.658535
24.027462,3.909644,138.91817,59.756096
28.271692,3.909644,154.97968,70.845215
26.671408,3.6924415,143.80081,64.02439
25.248934,2.34709,111.78862,50.59879
24.004267,2.606429,91.46342,55.182926
23.29303,2.606429,72.15447,44.284893
29.095848,1.8182076,106.64415,40.548782
22.759602,2.110233,93.623695,42.238293
22.93741,2.606429,100.16145,48.608135
22.93741,2.4344373,63.00813,39.578274
23.64865,2.1698022,57.418697,36.280487
28.093884,1.954822,76.21951,41.492706
32.716927,1.7453417,77.743904,42.987804
31.116644,1.7376195,88.92277,43.149593
29.142076,1.954822,112.02791,47.256096
29.694168,2.3892267,92.479675,46.341465
30.583216,2.606429,88.92277,52.134148
31.827883,2.1720243,116.11122,44.207317
30.761023,2.606429,83.333336,49.695118
25.42741,2.606429,78.76016,55.182926
27.382647,2.606429,86.89024,47.699146
27.027027,2.606429,97.05285,49.841034
27.027027,2.8236315,131.4496,62.5
31.485891,2.606429,182.4187,71.93159
31.29445,3.6924415,197.6626,71.64634
24.474947,3.475239,141.54024,66.46342
26.493599,2.8236315,170.7317,70.02132
24.893314,1.954822,122.967476,64.63415
29.875055,1.954822,99.5935,54.26829
23.115221,2.4252672,82.8252,49.085365
23.29303,1.954822,93.880325,46.646343
22.581793,1.7376195,90.54719,39.228085
22.581793,1.7376195,72.662605,35.97561
23.115221,1.9094803,86.42217,37.5
23.64865,2.1720243,67.5813,32.621952
28.093884,2.1378627,86.89024,44.563328
31.827883,1.954822,88.414635,44.038788
30.938831,1.954822,97.560974,39.634148
30.405403,2.1720243,88.414635,45.23704
28.80512,2.606429,94.00407,46.036587
24.499443,3.040834,99.5935,53.07428
28.982931,3.475239,85.36585,48.17073
28.982931,3.475239,77.23577,50.609756
23.695341,3.040834,84.85773,53.353657
25.071123,2.606429,97.05285,50.441467
29.177614,2.1203039,98.57723,53.353657
8.357041,3.2580364,138.71951,63.414635
13.157895,4.7784534,201.21951,75.0
13.335704,4.1268463,219.00406,82.31708
26.794384,3.475239,179.36992,81.402435
7.4679947,3.5500228,157.52032,62.044533
27.735846,2.606429,126.01626,65.243904
4.978663,2.1720243,99.085365,56.40244
3.9118066,1.954822,83.333336,45.911346
3.733997,1.7376195,42.918774,42.07317
3.5561879,2.1720243,65.04065,43.88861
3.733997,2.3892267,64.532524,39.939026
4.089616,1.954822,56.91057,41.463413
4.8008533,2.7407088,54.36992,35.67073
8.89047,3.071802,82.31707,44.75654
16.002846,2.2595415,76.80069,46.036587
24.182077,1.7376195,91.97154,45.73171
12.802276,2.8994482,70.63008,45.42683
11.024181,3.475239,75.203255,52.43903
11.735419,3.15914,98.06911,46.987144
10.846372,3.2580364,87.9065,55.487804
22.376606,3.2580364,79.77642,49.310165
8.534851,3.2580364,84.349594,52.872673
8.89047,2.8236315,86.89024,54.57317
24.393864,3.040834,96.544716,59.451218
24.546497,3.475239,145.31586,71.95122
26.369694,3.6924415,176.32114,73.47561
29.338549,2.62302,145.91512,79.268295
27.49547,3.475239,192.5813,69.81707
24.004267,3.2580364,157.52032,60.67073
22.93741,2.6392784,129.06505,57.92683
21.870554,2.1720243,102.13415,47.560974
20.625889,1.954822,87.3887,39.61284
20.625889,1.9131048,78.080605,36.280487
20.09246,1.954822,75.203255,35.97561
28.810453,1.954822,70.63008,34.146343
20.625889,1.954822,75.178345,35.67073
21.159317,2.3892267,63.516262,31.09756
24.893314,2.3892267,76.21951,44.07932
30.227596,2.606429,78.76016,45.45966
29.871977,2.1720243,101.626015,36.280487
30.227596,3.2580364,87.9065,44.207317
29.871977,3.6924415,91.46342,46.951214
29.16074,3.475239,95.020325,57.317074
28.627312,1.9627496,110.678566,47.865852
24.182077,3.2580364,91.46342,45.73171
28.535427,2.1024528,82.8252,57.012196
22.581793,4.7784534,84.85773,58.838745
22.759684,4.3440485,96.544716,61.890244
24.92218,4.1268463,150.91463,64.63415
24.004267,4.1268463,195.12195,65.85366
26.98213,4.561251,203.76016,72.86585
22.403982,3.475239,198.67886,65.85366
28.837183,3.040834,176.82927,61.890244
19.559032,1.7376195,81.67981,36.367416
30.825146,1.7376195,100.60976,58.841465
17.78094,1.7376195,80.009445,47.865852
17.42532,2.670909,65.04065,40.853657
17.247509,2.6007438,61.483738,36.280487
17.247509,1.7376195,57.418697,36.280487
17.603128,1.7376195,57.418697,37.80488
17.78094,2.4817808,51.321136,31.40244
18.314367,1.7376195,65.54878,35.060974
20.09246,1.7376195,80.238266,42.987804
22.581793,2.606429,101.626015,49.085365
25.426743,2.1720243,112.296745,48.47561
28.271692,1.7376195,114.15547,54.878048
28.80512,1.7376195,124.49187,51.815582
31.37163,2.200726,135.67073,55.792683
26.190254,3.2580364,145.32521,57.012196
23.115221,3.475239,171.23984,73.300446
32.220726,2.3552046,151.42276,67.98781
22.759602,2.5982,144.81708,59.766663
23.115221,3.2580364,174.28862,62.5
29.60544,3.2580364,220.52846,68.597565
28.266472,3.475239,210.36586,70.12195
21.514936,3.475239,135.65683,67.68293
20.27027,2.8236315,160.5691,65.54878
32.029808,1.7376195,124.49187,64.939026
18.847794,2.1720243,98.959,60.97561
18.136559,2.9002454,88.414635,58.536587
28.195965,1.88727,68.597565,42.378048
28.939163,1.7376195,71.64634,39.860706
17.247509,1.7376195,61.99187,33.841465
17.603128,1.7376195,60.97561,38.187084
17.603128,2.3892267,49.288616,29.573172
19.025604,2.1720243,69.61382,41.620213
21.159317,1.954822,90.17979,47.560974
25.604551,2.1907783,111.080536,54.57317
29.338549,2.606429,120.42683,55.533405
32.53912,1.9245958,139.22765,49.695118
33.25035,1.9163735,124.49187,53.353657
32.005688,2.606429,127.032524,49.085365
29.338549,2.8236315,132.62195,46.646343
31.030905,2.1976945,128.55692,57.621952
23.470839,2.6334736,127.54066,59.756096
27.93294,2.606429,122.967476,53.353657
23.826458,3.2580364,127.52553,59.756096
24.537695,2.5184486,121.95411,66.46342
24.537695,3.909644,181.40244,77.439026
22.93741,2.889369,159.04471,71.03659
20.981508,3.0260105,156.50406,70.12195
19.914652,2.3892267,149.39024,62.774727
18.847794,1.7376195,117.37805,59.146343
23.29303,2.3892267,0.0,0.0
18.136559,1.7376195,96.544716,47.560974
17.603128,1.7376195,81.30081,42.630886
17.247509,1.7376195,70.353584,39.32927
17.247509,1.7376195,67.27291,37.5
17.603128,2.3892267,64.532524,41.441902
28.204868,2.1720243,96.49286,31.09756
18.314367,2.3892267,83.333336,36.890244
20.27027,1.7376195,107.72358,39.634148
31.693457,1.7376195,111.28049,45.121952
29.694168,2.1720243,122.967476,52.134148
26.774595,2.606429,100.60976,51.82927
27.382647,2.8236315,78.25203,44.207317
22.93741,2.8236315,75.203255,45.643555
22.226173,2.606429,68.597565,47.256096
21.337126,2.8236315,68.08943,50.30488
20.803698,2.8236315,71.64634,54.26829
20.981508,3.040834,78.76016,48.47561
23.531914,3.2580364,97.05285,54.57317
23.470839,3.475239,129.57317,61.645233
23.470839,2.7424982,154.47154,65.243904
21.514936,3.040834,147.86586,67.68293
20.09246,3.2580364,124.49187,64.939026
19.203413,2.8038414,100.10162,54.26829
18.314367,3.475239,85.36585,48.47561
17.603128,3.475239,64.532524,47.55064
21.379469,3.475239,60.46748,37.5
17.247509,3.475239,59.95935,34.451218
17.247509,3.475239,100.0307,50.385418
18.492174,3.475239,53.86179,34.146343
21.159317,2.2556958,58.94309,29.573172
21.20082,3.475239,58.43496,34.756096
24.715506,3.475239,91.46342,36.585365
26.31579,3.475239,115.34553,58.182545
27.027027,3.475239,129.57317,50.30488
27.027027,2.3996272,140.75203,59.756096
26.493599,3.475239,121.95122,46.646343
26.13798,3.475239,117.88618,47.256096
23.64865,3.475239,113.31301,41.76829
22.403982,3.475239,108.231705,42.987804
22.226173,3.475239,104.6748,44.817074
23.29303,3.909644,111.28049,46.341465
27.738264,4.561251,143.29268,50.609756
25.683237,3.909644,171.23984,60.060974
27.382647,2.5036116,133.11046,69.20731
22.759602,3.475239,182.4187,73.17073
20.44808,2.606429,118.39431,65.85366
19.381224,2.1720243,92.479675,52.134148
17.603128,2.606429,71.138214,43.59756
17.42532,1.954822,64.532524,39.54036
17.247509,1.954822,58.94309,35.060974
17.247509,2.5807352,59.451218,35.67073
17.247509,1.954822,58.94309,36.890244
18.669987,1.954822,68.08943,35.060974
28.80512,1.954822,76.21951,41.483685
28.627312,1.7376195,79.268295,41.50397
27.382647,1.7376195,85.873985,41.463413
25.96017,1.7376195,92.01292,40.548782
24.359886,1.954822,93.961914,44.207317
24.004267,1.954822,72.15447,43.90244
24.004267,2.1151347,97.11075,43.730927
24.004267,1.7376195,59.451218,42.378048
21.870554,1.7376195,68.08943,46.341465
21.159317,2.3892267,75.71138,48.47561
21.514936,2.606429,74.69512,42.987804
28.448112,1.9804399,113.968575,49.448177
27.382647,2.169445,116.6173,54.878048
26.030441,3.475239,160.06097,71.10899
27.560455,3.6924415,173.78049,69.81707
33.275818,2.1684093,166.15854,64.732414
20.803698,2.8153646,124.49187,58.841465
19.203413,2.1720243,99.085365,46.951214
17.78094,2.606429,86.89024,37.19512
17.603128,2.1720243,76.727646,31.707317
17.42532,2.1720243,67.11077,31.40244
17.42532,2.5279598,63.516262,31.40244
17.42532,2.1720243,63.00813,32.012196
28.256678,1.7544324,66.05691,30.182926
26.849218,1.954822,86.49477,31.09756
27.204836,1.7376195,81.808945,34.451218
22.048365,1.7376195,88.414635,44.058372
22.226173,1.7376195,78.76016,43.90244
28.47981,2.1720243,84.85773,37.5
23.470839,2.3143244,86.38211,41.15854
23.29303,2.606429,71.64634,39.02439
26.671408,2.606429,68.08943,40.853657
22.226173,2.606429,70.63008,37.5
21.692745,3.040834,76.727646,36.280487
21.870554,2.3378613,75.203255,38.109756
26.27588,2.606429,95.52846,49.570415
27.027027,4.3440485,133.63821,45.73171
30.405403,3.6924415,170.22357,56.707317
26.493599,3.475239,137.8995,65.85366
22.759602,3.6924415,162.09349,67.68293
20.803698,2.8236315,140.75203,62.091137
18.847794,1.954822,94.00407,54.26829
17.603128,2.2957382,82.1692,38.539154
17.603128,2.606429,78.76016,45.24702
17.42532,2.3892267,77.743904,34.451218
17.247509,2.3892267,71.138214,31.707317
17.42532,2.3892267,68.08943,35.67073
19.203413,2.4171002,75.203255,31.40244
28.982931,1.954822,90.955284,31.09756
29.51636,1.7376195,102.13415,34.451218
26.493599,1.7376195,100.10162,35.67073
29.181013,1.954822,102.10483,37.5
29.97301,1.7376195,82.8252,45.121952
23.29303,2.3751507,91.46342,45.73171
24.182077,2.8236315,71.138214,44.606583
23.29303,2.606429,60.46748,41.26463
21.692745,2.8236315,79.40335,29.573172
22.048365,2.606429,68.597565,42.898285
27.090317,2.606429,110.23733,39.634148
26.773155,2.606429,94.51219,45.42683
27.204836,3.040834,115.34553,57.92683
29.51636,3.6924415,158.02846,61.890244
23.524715,4.1268463,129.93542,64.77104
22.759602,3.6924415,161.58537,71.19131
20.27027,2.6715891,110.787704,68.29269
18.669987,2.1720243,92.98781,47.25814
17.603128,2.606429,74.69512,44.662872
17.247509,2.5944912,69.10569,34.756096
26.163725,2.606429,75.203255,30.792683
17.247509,2.606429,67.07317,33.841465
17.78094,2.606429,63.00813,32.92683
24.316383,2.8236315,60.97561,31.40244
27.909542,2.1720243,112.39552,49.45062
30.405403,1.9715533,89.43089,44.582943
29.581861,1.841398,90.44715,34.756096
25.248934,1.7376195,85.36585,40.548782
24.537695,1.954822,70.63008,45.42683
24.715506,2.1720243,81.808945,44.512196
25.612387,2.606429,73.67886,44.817074
24.893314,2.606429,65.04065,43.292683
23.29303,2.606429,59.451218,41.13638
22.226173,2.606429,76.21951,42.682926
22.581793,2.606429,84.85773,40.853657
23.64865,2.606429,106.70731,52.71949
25.071123,2.606429,138.21138,49.085365
28.80512,4.561251,174.28862,58.536587
24.057398,4.1268463,146.58264,66.46342
22.759602,3.475239,170.7317,72.79342
20.27027,2.606429,140.2439,61.445972
19.381224,2.5694537,102.784065,63.719513
28.45872,2.0100656,79.77642,49.085365
17.603128,2.606429,70.12195,36.585365
17.603128,2.606429,66.56504,39.32927
17.247509,2.3892267,63.00813,35.365852
17.42532,2.5864859,61.99187,36.585365
17.958748,2.8236315,64.02439,37.19512
18.847794,2.606429,64.02439,34.146343
22.759602,2.4815543,72.15447,41.7847
28.449503,1.7376195,105.691055,39.939026
32.36131,1.8048527,120.93496,42.378048
33.428165,1.7376195,114.32927,40.548782
34.85064,1.954822,104.6748,37.5
33.605976,2.606429,126.96285,57.652706
32.53912,2.606429,100.10162,38.414635
28.093884,2.3892267,111.78862,52.126778
25.604551,2.0593617,97.560974,33.23171
24.715506,2.1720243,93.49593,30.487804
25.071123,3.475239,90.955284,33.841465
28.627312,3.475239,115.34553,48.17073
30.938831,2.2276385,169.20732,61.585365
26.493599,2.6222289,183.43495,67.37805
21.514936,4.1268463,144.80597,66.46342
20.44808,3.2580364,134.65446,57.621952
30.006649,2.174572,111.78862,57.621952
22.829317,3.475239,92.98781,51.52439
17.78094,2.1699038,78.34365,43.90244
17.603128,3.475239,73.17073,39.02439
17.247509,2.7237227,66.05691,43.59756
17.603128,3.475239,63.00813,47.46503
17.78094,3.475239,58.94309,34.451218
18.136559,3.2580364,58.94309,33.841465
19.914652,2.515579,67.5813,40.548782
25.604551,3.475239,112.60106,42.987804
30.227596,1.9509789,105.691055,44.207317
24.373137,3.475239,132.11382,63.72993
34.85064,3.475239,126.52439,61.430378
28.789347,2.2498791,93.49593,66.15854
27.443954,2.3892267,95.52846,55.182926
26.071548,2.606429,89.43089,47.852238
28.61286,2.1685529,86.38211,61.890244
22.759602,3.909644,132.06288,57.317074
23.826458,4.1268463,113.82114,60.254612
27.027027,4.7784534,118.902435,57.92683
29.51636,2.3770707,154.47154,67.37805
25.426743,4.3440485,181.40244,80.18293
22.226173,3.475239,111.59988,55.36883
20.27027,2.606429,141.26016,78.96342
18.314367,2.1720243,107.21545,50.962082
28.73065,2.1720243,93.49593,48.17073
17.42532,2.606429,84.349594,43.292683
17.247509,2.606429,76.727646,45.73171
17.247509,2.3892267,74.69512,40.548782
17.603128,2.3892267,76.727646,43.615143
19.203413,2.3892267,76.21951,42.682926
30.761023,1.7376195,109.85697,44.817074
29.694168,1.7376195,88.414635,43.363567
24.893314,2.3892267,84.349594,46.951214
24.893314,1.7376195,79.268295,46.951214
25.287785,2.606429,70.12195,46.036587
24.359886,2.606429,95.52846,54.57317
25.071123,2.606429,75.71138,44.941517
24.359886,2.606429,105.3823,47.865852
22.048365,2.521611,70.12195,51.82927
26.5973,2.3892267,75.203255,45.121952
22.226173,2.3892267,78.76016,44.974354
23.826458,2.606429,102.37142,49.463634
27.916075,2.606429,145.83333,62.45687
30.227596,3.2580364,190.04065,79.268295
26.849218,2.6391194,206.80894,66.768295
22.581793,3.2580364,180.8943,69.20731
19.736841,2.606429,132.11382,68.29269
18.669987,2.3892267,90.955284,54.878048
17.42532,2.2110293,79.693756,44.512196
17.247509,1.7376195,76.21951,41.72459
17.42532,1.7376195,67.5813,36.890244
17.247509,2.3892267,66.05691,39.939026
17.603128,2.5482035,61.483738,34.146343
19.203413,1.954822,61.483738,36.890244
29.16074,1.7376195,73.17073,38.109756
29.694168,1.8992614,100.10162,40.548782
25.426743,2.3892267,76.727646,33.23171
24.004267,2.606429,92.294815,38.109756
26.021486,2.606429,77.743904,36.890244
23.29303,2.606429,83.333336,47.00739
28.571438,1.954822,70.63008,37.80488
28.854908,1.7376195,57.418697,40.243904
21.692745,1.7376195,67.5813,42.378048
20.981508,1.7376195,75.203255,41.351887
21.337126,1.7376195,72.15447,42.682926
29.71841,1.7376195,105.76965,43.292683
27.204836,3.6924415,140.75203,57.012196
34.407497,2.1837103,185.46748,69.39496
27.216106,3.475239,192.5813,80.18293
22.93741,3.2580364,140.99323,73.47561
20.09246,2.606429,122.967476,59.451218
18.847794,2.3892267,97.560974,51.52439
17.603128,2.1720243,87.39838,39.634148
17.603128,2.8498955,84.349594,44.96853
30.279139,1.7376195,79.268295,38.414635
30.40256,1.7376195,77.743904,32.012196
17.603128,1.954822,73.17073,32.92683
26.478941,2.3892267,70.63008,36.890244
29.529066,1.7376195,94.64697,33.23171
30.310411,1.7376195,80.28455,37.5
28.7494,1.7784096,72.662605,33.23171
23.826458,1.7376195,75.71138,37.19512
23.115221,1.7376195,83.22887,39.634148
22.93741,1.7376195,85.36585,43.59756
23.470839,1.7376195,87.39838,39.634148
22.759602,1.7376195,81.30081,46.646343
22.93741,2.1720243,79.77642,44.276196
21.159317,2.3892267,83.333336,46.036587
20.981508,2.1720243,79.77642,45.42683
22.93741,2.3892267,120.93496,55.792683
26.13798,2.606429,164.12602,67.33287
34.758205,2.3619714,193.08943,63.719513
25.604551,3.040834,194.61382,61.280487
27.391567,3.2580364,176.82927,71.95122
19.914652,2.606429,119.9187,73.47561
18.314367,2.606429,104.166664,62.19512
17.42532,2.8556383,90.955284,52.43903
27.423752,2.606429,117.95672,46.341465
17.247509,2.1720243,67.07317,47.865852
17.069702,1.7376195,65.54878,44.207317
17.42532,1.7376195,76.52885,45.73171
19.203413,2.3892267,63.516262,48.17073
29.235987,1.7376195,76.727646,40.90767
30.583216,1.7376195,85.36585,46.036587
25.248934,2.2098427,86.89024,42.987804
23.470839,1.7376195,94.085976,47.865852
30.966461,1.7376195,99.5935,53.658535
22.581793,2.606429,98.27779,47.844387
22.759602,2.606429,99.59002,48.505745
23.29303,2.606429,106.20012,51.219513
21.692745,2.606429,75.71138,44.78653
22.226173,2.606429,97.930084,47.80858
27.985783,2.036234,77.743904,42.336216
27.019222,2.606429,102.64227,50.609756
29.338549,2.606429,149.39024,56.707317
30.761023,3.909644,147.85529,69.81707
27.560455,4.3440485,130.70682,65.002625
22.93741,3.475239,175.813,76.82927
20.803698,3.040834,113.31301,67.07317
19.025604,3.040834,84.85773,57.317074
17.603128,2.606429,88.51557,47.560974
17.247509,2.606429,64.02439,42.709373
17.42532,2.606429,85.72097,45.42683
25.140568,2.606429,61.99187,36.890244
17.603128,2.3892267,75.99488,39.939026
19.203413,2.6124287,63.00813,44.207317
29.871977,1.8590499,72.15447,39.02439
32.53912,1.6939571,80.79269,39.02439
30.946674,1.7376195,91.46342,39.634148
26.13798,1.7376195,100.60976,42.378048
25.248934,1.7376195,87.39838,44.512196
29.98629,1.7376195,88.414635,43.333652
29.193958,1.7376195,109.96651,45.664703
24.893314,1.7376195,89.939026,48.17073
23.64865,2.606429,110.772354,42.987804
27.476921,2.606429,104.166664,42.07317
22.93741,2.606429,116.86992,47.256096
23.826458,2.606429,123.98374,54.878048
26.13798,3.6924415,172.2561,58.536587
28.627312,4.3440485,183.94308,80.48592
25.426743,4.561251,183.94308,72.256096
21.514936,3.909644,180.38618,74.085365
20.27027,3.005471,140.75203,67.68293
19.025604,2.606429,104.166664,65.85366
18.136559,1.7376195,91.97154,48.47561
17.42532,1.7376195,83.333336,41.463413
17.42532,2.7384694,74.69512,44.817074
17.247509,1.7376195,75.203255,36.585365
17.603128,1.7376195,67.275734,35.060974
18.314367,2.3892267,59.451218,40.14567
29.191206,1.6754072,72.662605,26.219515
23.64865,1.7376195,74.25597,29.573172
28.627312,1.7376195,104.166664,33.23171
30.049788,1.7376195,102.10173,39.32927
32.894737,1.7376195,117.15758,48.102398
35.384068,2.606429,132.11382,40.243904
33.25035,2.606429,116.772934,36.890244
31.827883,2.606429,117.37805,39.32927
29.338549,2.606429,131.6057,39.02439
27.560455,2.606429,118.39431,32.317074
25.782362,2.606429,116.361786,55.13916
25.782362,2.606429,116.361786,36.280487
28.093884,2.173434,117.37805,51.935204
30.405403,2.8236315,168.69919,51.82927
32.87321,2.3778818,166.15854,65.54878
22.581793,2.606429,151.42276,67.98781
20.803698,2.8199492,137.70325,59.756096
19.559032,2.7762341,115.85366,53.048782
18.492174,2.7944129,97.05285,47.846264
17.603128,1.7376195,93.49593,45.643257
17.42532,1.7376195,84.349594,38.414635
17.247509,1.7376195,79.268295,39.32927
17.603128,2.574765,68.597565,33.841465
29.42355,1.7376195,61.99187,28.658537
18.492174,1.7376195,71.138214,40.560055
22.048365,1.7376195,84.349594,22.256098
30.405403,1.6931673,96.544716,26.219515
35.73969,1.7376195,113.31301,34.146343
35.917496,1.7376195,112.27905,35.67073
35.917496,1.7376195,141.26016,39.939026
32.1488,1.7376195,109.24797,35.97561
32.005688,1.7376195,99.29977,32.317074
27.738264,1.7376195,90.44715,43.896114
29.44002,1.954822,77.23577,27.743902
24.182077,2.606429,82.31707,26.524391
24.537695,2.606429,79.77642,45.91767
27.560455,2.606429,96.03658,32.317074
32.894737,2.606429,125.50814,42.987804
29.075314,2.606429,144.81708,61.585365
23.29303,2.6155765,137.19513,55.792683
20.27027,1.7376195,92.01071,54.26829
18.669987,2.2616785,84.145706,39.280838
17.958748,1.7376195,92.479675,42.987804
17.42532,1.7376195,82.8252,39.939026
17.247509,1.7376195,72.15447,38.719513
17.069702,1.3032146,72.662605,33.841465
17.603128,1.520417,67.5813,38.799248
19.559032,1.520417,64.532524,27.439024
31.116644,1.7376195,93.53691,29.878048
32.005688,1.7376195,84.349594,33.23171
25.248934,1.7376195,75.71138,40.95102
24.715506,1.7376195,81.328514,32.92683
29.824001,1.7376195,73.17073,36.890244
24.893314,1.7376195,94.509346,40.436092
30.834156,1.520417,74.69512,38.719513
24.004267,1.3032146,70.63008,37.19512
22.048365,1.7376195,83.333336,38.109756
29.845058,1.7376195,70.12195,35.060974
23.115221,1.7376195,82.6933,38.109756
24.537695,1.7376195,92.98781,44.668793
26.880579,2.606429,111.01517,41.76829
31.29445,2.0186446,139.22765,57.27504
26.849218,2.606429,155.48781,65.056244
22.581793,2.8764024,152.94716,67.68293
20.09246,1.3032146,119.9187,64.02439
18.669987,1.520417,98.57723,45.59906
17.603128,2.7910247,76.21951,42.546967
17.247509,1.7376195,71.64634,38.719513
17.247509,1.7376195,69.12781,37.80488
17.247509,2.543979,75.203255,31.40244
28.985239,1.7376195,107.74202,44.777596
19.559032,1.7376195,69.10569,39.893566
30.377285,1.7376195,77.23577,28.353659
32.1835,1.672872,78.76016,33.841465
33.860622,1.0860121,89.939026,38.109756
25.426743,1.7376195,67.5813,30.182926
25.604551,1.7376195,63.00813,37.89754
27.027027,1.7376195,88.34484,34.451218
25.071123,2.0839899,71.138214,34.756096
24.004267,1.7376195,76.21951,41.463413
22.759602,2.2520878,76.21951,34.756096
22.226173,2.1890264,72.15447,30.487804
23.29303,1.7376195,73.67886,40.519848
25.96017,1.7376195,87.9065,36.890244
31.472263,1.954822,117.37805,37.19512
35.02845,2.1720243,145.32521,52.743904
29.871977,1.9529538,112.75524,48.9054
32.756477,1.954822,149.39024,53.963413
31.640583,1.7376195,112.296745,51.82927
18.847794,1.7376195,92.479675,42.682926
30.496185,1.7376195,80.28455,33.23171
17.42532,1.7376195,73.67886,30.792683
17.42532,1.7376195,61.01328,28.353659
17.247509,1.3032146,78.25203,39.967953
17.958748,1.7376195,74.69512,41.526386
20.27027,1.520417,65.54878,26.524391
32.894737,1.520417,86.89024,29.573172
32.894737,1.954822,78.76016,33.23171
28.271692,1.954822,84.349594,31.40244
28.982931,1.7376195,81.30081,32.621952
31.391672,1.7376195,96.03658,30.792683
29.871977,1.7376195,87.39838,33.23171
26.849218,1.7376195,80.79269,34.756096
25.96017,1.7376195,71.138214,33.536587
30.400057,1.7376195,83.84146,43.59756
23.826458,1.520417,83.333336,31.707317
23.29303,1.7376195,83.84146,36.280487
25.96017,2.3046741,98.57723,47.781246
32.446968,1.7376195,124.49187,49.695118
29.894495,2.3892267,140.2439,59.864586
34.41573,2.1836588,180.8943,52.134148
23.64865,2.8236315,154.47154,62.80488
20.625889,1.7376195,114.837395,50.65255
19.025604,1.7376195,92.98781,40.853657
17.958748,1.520417,81.30081,41.96676
17.603128,2.8027947,74.18699,42.21542
17.42532,1.520417,75.51267,33.05803
17.247509,1.7376195,72.15447,32.621952
29.91142,1.7376195,71.64634,32.012196
20.44808,1.7376195,61.99187,38.25044
32.36131,1.7376195,76.21951,31.707317
30.927046,1.7376195,86.38211,32.92683
26.849218,1.7376195,79.77642,22.256098
25.071123,2.3221037,73.67886,41.96535
24.537695,1.7376195,79.493416,32.012196
30.843534,1.520417,76.21951,40.548782
25.071123,1.7376195,83.84146,32.012196
24.893314,2.3555706,77.23577,42.985806
23.115221,1.520417,74.69512,39.726902
22.403982,2.2991917,80.79269,36.280487
23.470839,2.4523947,88.92277,45.66716
26.493599,2.1161098,110.772354,39.634148
29.871977,2.0145583,133.63821,45.121952
33.605976,1.7376195,156.50406,47.560974
27.204836,2.3892267,157.01219,51.219513
33.473392,1.7376195,147.35773,59.451218
20.44808,1.7376195,114.32927,49.695118
18.669987,2.6112247,90.955284,41.463413
17.958748,1.7376195,83.84146,34.451218
17.42532,1.7376195,75.203255,29.878048
17.603128,1.7376195,63.516262,38.702
17.42532,1.7376195,75.71138,30.182926
18.314367,1.7376195,72.15447,40.7687
20.625889,1.7376195,58.94309,27.134146
32.53912,1.7376195,116.36094,47.78
30.793411,1.7376195,86.89024,33.536587
19.914652,1.7376195,85.36585,33.23171
31.29445,1.7376195,79.77642,31.40244
29.694168,1.7376195,71.138214,39.472733
30.583216,1.7376195,83.84146,34.451218
30.227596,1.7376195,68.08943,32.621952
30.227596,1.7376195,55.386177,35.060974
29.51636,1.7376195,76.727646,35.365852
28.627312,1.954822,84.349594,43.567123
28.80512,1.6784568,95.32974,33.23171
29.51636,2.3892267,104.52255,37.5
32.005688,3.040834,127.08671,50.30488
33.605976,3.6924415,134.14635,64.947174
28.627312,3.475239,159.04471,58.841465
24.537695,2.8236315,137.70325,64.02439
30.040257,1.954822,108.73984,62.5
20.981508,2.7000957,98.57723,54.57317
20.09246,1.7376195,81.808945,37.80488
19.381224,2.444597,82.31707,32.621952
19.203413,1.7376195,68.597565,39.90631
30.284267,1.7376195,73.17073,29.878048
19.914652,1.7376195,60.97561,29.878048
29.149029,1.7376195,58.43496,29.573172
29.088379,1.7376195,109.13292,45.36278
27.916075,1.7376195,78.76016,37.19512
35.73969,1.7376195,89.939026,37.19512
37.69559,1.7376195,94.00407,42.378048
38.22902,1.7376195,111.78862,41.463413
38.22902,1.7376195,119.680534,36.280487
36.628735,1.7376195,106.19919,46.612637
31.60317,1.7376195,105.18293,39.634148
29.654982,1.7376195,104.49477,42.987804
30.405403,1.7376195,95.52846,30.792683
29.871977,1.7376195,86.38211,35.97561
35.73969,1.7376195,106.19919,46.706238
33.68895,1.7376195,135.1626,35.67073
38.22902,1.487454,125.50814,42.682926
32.716927,1.7376195,122.6868,51.52439
32.78293,1.7376195,136.17886,55.170074
23.29303,1.3032146,86.5463,35.130165
21.337126,1.7376195,93.27872,53.048782
20.09246,1.7376195,92.479675,45.270164
19.381224,2.489866,83.333336,35.365852
19.203413,1.7376195,65.75236,30.792683
19.203413,1.7376195,77.743904,29.878048
20.27027,1.7376195,71.64634,31.40244
20.625889,1.7376195,54.878048,36.920803
21.514936,1.7376195,64.532524,38.69039
26.493599,1.7376195,79.8823,27.134146
34.85064,1.7376195,101.626015,45.769516
37.69559,1.3032146,121.11229,41.463413
38.406826,1.7376195,137.70325,54.399635
33.170444,1.7376195,129.06505,42.682926
31.0693,1.954822,110.772354,37.5
33.072548,2.606429,118.87634,40.243904
30.405403,2.606429,105.910706,35.365852
28.093884,2.606429,78.25203,28.658537
26.332485,2.606429,77.23577,26.829268
25.302223,2.8236315,78.25203,31.707317
29.644377,1.909705,92.479675,41.76829
35.56188,1.7467654,128.55692,53.7938
29.871977,2.606429,144.30894,61.70914
24.715506,2.606429,132.62195,52.43903
29.476738,2.1720243,118.902435,62.80488
20.625889,1.7376195,106.19919,43.292683
19.914652,1.7376195,69.322426,33.23171
18.847794,1.7376195,80.28455,31.707317
18.847794,1.7376195,73.17073,28.353659
18.847794,1.7376195,64.334435,29.878048
20.09246,1.7376195,67.07317,30.487804
22.226173,2.1435716,92.63436,42.071926
34.672832,1.7376195,123.432175,50.188797
36.628735,1.5590773,120.242546,37.19512
31.116644,1.7376195,79.268295,40.853657
29.694168,1.7376195,109.01525,45.250862
31.116644,1.7376195,80.79269,35.365852
30.938831,1.7376195,103.80202,39.634148
29.338549,1.7376195,98.928085,38.719513
28.093884,1.7376195,66.56504,41.463413
25.782362,1.7376195,70.12195,32.92683
28.627312,2.606429,75.71138,30.182926
29.129093,1.8135273,79.77642,35.67073
29.16074,1.9166557,94.51219,39.32927
35.73969,1.63357,119.9187,44.207317
39.473682,2.3892267,126.01626,52.134148
31.227486,2.3892267,160.5691,64.8247
26.493599,1.7376195,126.01626,52.407497
23.29303,1.7376195,111.28049,56.40244
20.803698,1.7376195,91.46342,41.15854
29.142706,1.7376195,109.08399,45.371555
18.847794,1.7376195,75.203255,41.202194
19.203413,1.7376195,68.08943,29.878048
30.406073,1.7376195,77.23577,29.268293
20.625889,1.520417,66.56504,30.182926
30.775536,1.520417,62.5,25.304878
35.73969,1.7376195,84.85773,31.40244
29.030857,1.8112729,80.28455,33.841465
33.78378,1.7376195,119.67016,48.876232
32.894737,1.5696489,76.21951,31.09756
30.227596,1.954822,112.708466,48.11051
30.761023,2.1720243,87.39838,34.756096
27.738264,1.954822,81.30081,39.02439
27.382647,2.0727437,76.727646,42.987804
26.493599,1.7376195,76.21951,36.890244
27.560455,1.7376195,72.15447,37.5
30.994928,1.7376195,86.89024,33.536587
37.51778,1.7376195,97.560974,37.5
39.473682,1.7376195,129.57317,46.646343
40.71835,1.7376195,144.30894,48.17073
36.806545,2.606429,139.22765,57.621952
29.338549,1.954822,141.7683,57.58571
26.13798,2.2297218,104.6748,48.17073
22.048365,1.7376195,82.31707,41.76829
20.625889,1.7376195,71.42,32.92683
19.914652,1.7376195,81.30081,30.792683
19.381224,1.7376195,76.21951,28.353659
19.381224,1.7376195,81.808945,29.573172
20.625889,2.3301826,80.79269,32.621952
29.394726,1.7376195,86.7293,25.304878
36.628735,1.7376195,83.333336,28.963415
38.22902,1.5475606,84.85773,43.045567
30.14818,1.7376195,87.9065,43.115578
34.495018,1.7376195,77.23577,32.317074
28.674374,1.7376195,66.56504,38.437675
34.31721,1.7376195,93.49593,34.756096
30.049788,1.7376195,85.873985,29.268293
29.871977,1.7376195,85.36585,30.487804
29.35825,1.7647805,82.31707,30.182926
30.227596,1.7376195,110.40838,45.77692
34.672832,1.7376195,101.42976,28.353659
34.672832,1.7376195,95.020325,30.487804
38.406826,2.3892267,113.82114,51.88761
32.66974,1.7376195,127.032524,46.036587
34.85064,1.7376195,134.65446,59.756096
30.761023,1.7376195,133.63821,53.931305
27.382647,2.2628503,116.361786,52.743904
28.526703,1.9510416,113.02617,48.873302
21.870554,1.7376195,90.44715,44.518505
20.803698,1.7376195,86.661156,38.08105
29.792994,1.7376195,83.333336,42.363506
20.803698,1.7376195,71.078865,31.40244
22.226173,1.7376195,72.15447,40.125275
24.182077,1.7376195,61.99187,37.939037
30.057323,1.7376195,70.63008,27.439024
33.428165,1.7376195,83.333336,35.060974
38.406826,1.954822,90.955284,29.573172
38.762447,1.7376195,95.52846,43.988132
38.05121,1.4043201,107.72358,36.280487
37.873398,1.7376195,130.65085,52.483456
35.917496,1.7376195,98.57723,45.015682
27.24005,2.3892267,116.16496,52.597267
27.916075,1.7376195,87.910934,31.707317
27.204836,2.2010565,94.00407,46.305336
27.382647,1.7376195,81.85455,28.353659
33.25035,1.7376195,98.57723,29.573172
36.273117,1.5540532,117.63581,35.060974
35.73969,1.7376195,131.6057,52.85249
29.871977,2.1592042,143.29268,56.09756
29.516869,1.7376195,110.97284,46.062454
23.64865,1.7376195,117.88618,50.678093
31.35033,1.7376195,101.626015,45.42683
19.914652,1.9733195,77.15191,37.5
19.203413,1.7376195,83.84146,29.573172
30.100895,1.7376195,72.15447,29.573172
19.203413,1.7376195,66.21444,29.878048
20.44808,1.7376195,68.08943,29.878048
22.759602,1.7376195,68.56991,25.0
33.605976,1.7376195,100.2633,28.963415
30.826687,1.3032146,96.26466,39.02439
35.02845,1.7376195,85.873985,32.92683
33.428165,1.7376195,94.00407,37.80488
33.78378,1.6302603,88.414635,39.02439
31.427122,1.7376195,100.10162,40.243904
29.16074,1.7376195,97.05285,45.14998
27.738264,1.7376195,82.8252,33.23171
30.56707,1.7376195,82.31707,31.09756
31.185595,1.7376195,95.020325,36.890244
25.96017,1.7376195,97.05285,36.280487
30.938831,1.7376195,107.21545,38.109756
31.29445,1.7376195,127.54066,34.756096
30.258268,2.606429,150.40651,38.414635
33.64366,1.7376195,147.86586,55.182926
24.004267,1.7376195,126.01626,54.57317
22.581793,2.533541,115.34553,51.927856
29.815722,2.0620558,102.64227,51.219513
20.625889,1.7376195,90.955284,39.32927
19.736841,1.7376195,77.23577,30.487804
19.736841,1.7376195,69.10569,30.487804
19.203413,1.7376195,67.5813,30.182926
28.070017,1.7571778,64.02439,29.878048
22.226173,1.7376195,53.86179,36.378773
28.938025,1.7376195,71.138214,39.74026
27.560455,1.7376195,88.414635,27.439024
30.365995,1.7726991,97.560974,30.487804
36.273117,1.7376195,106.496376,28.658537
35.73969,1.7376195,96.544716,44.291206
36.095306,1.7376195,110.83745,32.621952
35.56188,1.3032146,99.5935,31.09756
34.672832,1.7376195,105.18293,39.939026
31.472263,1.7376195,117.88618,39.634148
27.738264,1.7376195,113.31301,35.67073
27.204836,1.7376195,97.560974,33.23171
32.23885,1.7376195,111.28049,32.317074
32.894737,2.1720243,133.63821,39.02439
29.126068,2.606429,136.17886,44.512196
28.449503,3.040834,158.53659,55.182926
24.004267,2.606429,137.19513,53.353657
23.470839,1.7376195,119.41057,51.380547
21.337126,2.4910026,101.626015,44.207317
20.09246,1.7376195,87.39838,38.414635
19.736841,1.7376195,76.727646,32.317074
29.675709,1.7376195,67.5813,28.963415
19.381224,1.7376195,64.532524,27.743902
20.981508,1.7376195,60.97561,28.963415
21.692745,1.7376195,50.30488,24.390244
21.870554,2.1093247,61.99187,22.560976
25.604551,1.7376195,78.25203,26.829268
32.005688,1.7376195,100.60976,26.524391
33.492386,1.3032146,99.085365,37.5
37.69559,1.0860121,146.34146,40.853657
37.873398,1.7376195,147.86586,46.951214
26.789724,2.606429,118.73956,55.13425
32.1835,2.606429,119.79302,42.378048
29.16074,2.606429,97.560974,49.69176
27.027027,1.8879414,89.939026,28.353659
27.560455,1.9761134,105.80917,46.226852
29.871977,2.606429,82.8252,46.449787
32.005688,3.2580364,110.772354,32.92683
35.02845,3.6924415,119.9187,36.890244
31.472263,3.475239,143.29268,60.060974
25.426743,3.475239,144.30894,66.17298
23.29303,1.954822,126.52439,51.82927
29.095787,2.0621343,94.51219,46.658386
20.09246,1.7376195,87.39838,35.67073
19.381224,1.7376195,82.31707,32.317074
19.203413,1.7376195,75.203255,28.658537
19.203413,1.7376195,67.07317,29.878048
20.981508,2.2882648,61.483738,31.09756
24.004267,1.7376195,53.353657,25.609756
36.628735,1.4033996,78.76016,31.09756
29.499844,1.7376195,96.973274,35.97561
33.961594,1.7669525,80.79269,42.39515
36.095306,1.4804531,79.268295,36.890244
29.694168,1.9297947,77.743904,42.682926
30.378744,1.7376195,82.8252,38.109756
28.982931,1.7376195,80.79269,34.146343
28.271692,1.7376195,66.05691,34.451218
25.426743,1.7376195,78.25203,39.02439
24.715506,1.7376195,85.48993,37.5
26.47709,2.3892267,81.808945,45.353256
30.583216,2.606429,98.57723,43.292683
35.73969,2.8236315,121.95122,43.292683
36.806545,3.475239,137.19513,50.0
24.528124,3.2580364,133.5489,60.67073
24.715506,2.8236315,105.38746,51.96431
23.115221,1.7376195,107.21545,52.743904
20.625889,1.7376195,80.84724,42.07317
19.914652,2.3599591,77.23577,31.707317
19.025604,2.4146068,73.67886,29.573172
19.381224,1.7376195,76.21951,41.417503
19.203413,1.7376195,76.727646,28.658537
20.803698,1.7376195,67.5813,30.792683
23.470839,1.7376195,92.92896,40.030617
35.384068,1.7376195,73.17073,29.573172
37.339973,1.7376195,115.92236,35.365852
29.694168,1.3032146,81.808945,29.573172
29.963709,1.7376195,74.18699,32.317074
30.282717,1.7376195,75.71138,33.841465
27.382647,1.3032146,75.203255,33.841465
26.849218,2.2087913,74.18699,41.803787
31.116644,2.1720243,66.05691,36.890244
26.493599,2.1720243,105.09,47.195744
26.671408,2.606429,72.15447,40.243904
27.382647,2.8236315,82.8252,35.060974
32.36131,1.7051743,95.020325,38.109756
34.85064,2.3892267,121.44309,46.341465
27.764074,2.8236315,128.04878,42.987804
27.955416,3.040834,155.48781,67.42448
25.426743,3.040834,139.22765,70.731705
31.116991,1.7376195,109.24797,58.23171
21.337126,1.7376195,86.639366,46.951214
30.432768,1.7376195,80.28455,35.060974
19.381224,1.7376195,75.203255,31.40244
19.736841,1.7376195,74.69512,28.353659
19.736841,1.7376195,77.23577,41.513214
28.872091,1.7376195,68.08943,38.847847
22.048365,1.7376195,55.386177,23.170732
22.93741,1.7376195,64.02439,38.40453
26.493599,1.7376195,83.333336,25.914635
34.139404,1.5158559,104.6748,27.743902
32.048634,1.7376195,105.691055,32.92683
38.406826,1.3032146,126.01626,44.207317
38.584637,1.520417,131.13821,51.233265
34.31721,1.5506164,110.21856,32.92683
30.583216,1.7376195,116.86992,35.67073
28.271692,1.7376195,114.32927,38.414635
29.962,1.8346946,94.00407,35.365852
27.738264,2.3892267,92.479675,34.146343
28.717476,2.3892267,103.150406,34.146343
35.73969,3.040834,112.80488,36.280487
27.422153,2.606429,113.82114,53.967674
33.428165,2.606429,143.29268,62.5
27.382647,2.606429,146.34146,63.109756
25.071123,1.7376195,93.28425,44.512196
22.226173,1.7376195,99.5935,39.02439
20.625889,1.7376195,87.39838,34.451218
29.569292,1.7376195,78.76016,41.155754
19.559032,1.7376195,72.662605,29.573172
19.736841,1.520417,73.17073,28.353659
22.048365,1.3032146,84.89392,34.73138
25.426743,1.7376195,59.95935,23.475607
36.806545,1.520417,83.84146,28.658537
38.22902,1.3981944,100.10162,35.67073
35.73969,1.3032146,105.691055,32.621952
36.273117,1.7376195,84.349594,41.75099
36.095306,1.7376195,81.808945,33.841465
30.405403,1.7376195,84.349594,42.262875
29.16074,1.520417,82.8252,31.09756
30.227596,1.3032146,82.31707,36.280487
27.738264,1.9809073,86.89024,38.414635
28.093884,1.7376195,103.74039,43.509502
29.5526,1.7614154,86.38211,28.963415
33.25035,2.606429,97.05285,39.32927
39.118065,2.606429,130.0813,56.76494
38.940254,2.606429,134.15732,57.20361
33.072548,2.606429,144.30894,52.43903
28.982931,3.040834,132.62195,55.182926
26.493599,1.7376195,113.31301,61.890244
23.826458,1.7376195,94.353325,40.640633
21.514936,1.7376195,86.89024,43.64354
20.44808,1.520417,74.69512,30.182926
20.981508,1.7376195,68.08943,29.268293
20.803698,1.520417,67.053474,29.268293
29.621279,1.520417,106.01893,42.79139
28.327059,1.6323773,57.92683,23.475607
37.873398,1.7376195,109.79168,27.134146
39.118065,1.3352503,83.84146,35.365852
36.984352,2.1720243,119.52277,34.451218
36.450924,1.7376195,82.8252,35.97561
31.131252,1.7376195,92.98781,32.92683
32.005688,1.7376195,103.150406,42.07317
30.701979,1.7376195,91.46342,41.76829
28.982931,1.7376195,81.808945,39.02439
30.583216,1.7376195,83.84146,34.146343
31.29445,1.7376195,93.49593,44.119137
32.1835,1.7376195,97.560974,33.23171
37.339973,1.7376195,111.78862,32.92683
39.118065,1.7376195,100.60976,48.780487
39.651493,2.3892267,120.93496,39.32927
35.02845,2.1720243,149.39024,52.43903
27.916075,1.954822,147.86586,55.792683
25.96017,1.7376195,122.45935,51.52439
23.64865,2.082657,95.49721,46.036587
29.45091,1.7930617,82.8252,34.451218
21.159317,1.7376195,82.8252,28.658537
20.625889,1.0860121,75.71138,26.219515
20.803698,1.3032146,70.63008,27.134146
22.403982,1.7376195,65.04065,29.573172
23.826458,2.1720243,61.483738,39.90561
25.782362,1.9161599,74.69512,26.524391
29.335148,1.8173461,83.333336,35.060974
38.584637,1.7376195,106.70731,33.23171
40.18492,1.7376195,122.45935,32.92683
40.71835,1.2754265,127.032524,34.756096
40.71835,0.86880976,107.72358,32.317074
28.631157,1.9246607,112.61353,48.48784
37.162163,1.3032146,117.88618,42.07317
34.139404,1.7376195,114.32927,36.280487
32.005688,1.7376195,104.6748,28.963415
32.005688,1.7376195,105.691055,27.743902
37.339973,1.6350996,132.62195,54.619488
40.54054,1.7376195,128.93275,42.378048
39.651493,2.3892267,143.80081,45.42683
35.02845,1.954822,141.7683,52.43903
28.982931,1.7376195,137.70325,55.20395
28.093884,1.7376195,126.01626,54.26829
24.182077,1.7376195,102.64227,47.345642
22.403982,1.7376195,90.24399,39.216022
29.089643,1.7376195,108.84812,45.257275
21.159317,1.7376195,69.52163,29.268293
21.337126,1.7376195,68.597565,27.439024
22.581793,1.7376195,62.5,28.353659
23.826458,1.9462194,45.73171,21.646341
24.182077,1.7376195,71.82133,25.304878
29.619974,1.8010696,90.955284,30.487804
39.295876,1.7376195,107.21545,28.658537
40.00711,1.7376195,102.64227,34.756096
39.829304,1.7376195,126.01715,40.243904
39.651493,1.4594854,129.07045,42.07317
36.806545,1.7376195,86.38211,32.92683
29.871977,1.7376195,77.743904,24.695122
28.271692,1.7376195,88.414635,31.09756
28.271692,1.7376195,100.60976,36.890244
30.622864,1.7376195,79.77642,25.609756
36.273117,1.7376195,87.39838,42.366768
39.829304,1.7376195,100.10162,28.353659
42.140823,1.7376195,114.32927,35.67073
29.95246,1.7376195,108.90815,46.646343
32.337624,1.7376195,128.55692,53.233574
27.738264,1.7376195,106.29424,48.780487
23.29303,1.7376195,110.26423,49.082085
21.870554,1.7376195,90.44715,44.49604
20.44808,1.7376195,67.2797,29.573172
29.79596,1.7376195,64.02439,27.134146
27.956205,1.7396139,59.451218,30.182926
22.759602,1.7376195,56.40244,29.573172
26.671408,1.7376195,74.88129,22.560976
38.762447,1.7376195,70.63008,32.92683
40.71835,1.7376195,84.349594,41.230873
38.406826,1.954822,88.414635,30.182926
37.51778,1.4474809,116.98825,30.792683
32.53912,1.954822,88.92277,32.012196
31.65007,1.7376195,85.873985,40.548782
31.116644,1.7376195,100.141174,34.756096
28.80512,1.8256325,58.94309,33.23171
27.560455,1.7376195,81.808945,34.756096
28.271692,1.7376195,94.51219,44.91327
30.227596,1.7376195,80.28455,41.76829
34.85064,1.7376195,95.020325,44.27817
37.873398,1.8049484,122.967476,66.768295
32.18766,2.143817,142.27643,53.963413
29.632183,2.606429,155.99594,63.109756
27.738264,1.954822,148.37398,59.451218
26.13798,1.7376195,123.47561,55.487804
23.29303,1.7376195,92.97139,47.560974
21.692745,1.7376195,87.39838,36.585365
20.803698,1.7376195,71.138214,32.92683
20.981508,1.7376195,67.07317,31.40244
21.337126,1.7376195,65.04065,32.621952
22.581793,1.7376195,64.532524,32.92683
26.31579,1.7376195,57.418697,37.001797
28.519135,1.7846862,71.138214,32.317074
39.295876,1.3072104,74.18699,35.97561
35.56188,1.5603752,115.04378,35.365852
32.36131,1.7376195,107.51211,39.02439
31.472263,1.7376195,107.92386,41.463413
28.093884,1.3032146,96.03658,35.97561
26.671408,1.954822,80.79269,43.092903
27.92822,2.1720243,76.727646,35.060974
27.04944,2.1720243,73.17073,42.027985
27.738264,2.606429,69.10569,36.890244
28.449503,2.8236315,92.479675,50.07806
34.85064,2.606429,105.691055,51.261322
39.651493,2.3892267,132.0675,45.73171
40.54054,1.4699185,136.17886,51.52439
37.51778,1.8122345,140.33263,59.756096
28.093884,3.040834,143.29268,59.146343
26.493599,1.7376195,100.60976,47.865852
23.64865,1.7376195,84.349594,40.243904
21.870554,1.7376195,78.76016,36.890244
28.927898,1.7376195,67.5813,38.894356
20.981508,1.7376195,65.54878,30.182926
21.514936,1.7376195,66.05691,32.012196
22.759602,2.1811037,65.04065,32.317074
27.027027,1.7376195,78.91716,25.304878
39.118065,1.7376195,79.77642,29.878048
39.473682,1.7376195,84.349594,35.365852
28.76231,1.7376195,70.12195,39.48459
32.716927,1.7376195,116.27079,47.748234
31.472263,1.7376195,104.5021,39.32927
26.849218,1.7376195,91.97154,44.522953
30.438177,1.7376195,81.808945,39.32927
30.583216,1.7376195,79.268295,36.585365
29.871977,1.7376195,81.808945,41.686604
27.738264,1.7376195,82.31707,38.414635
27.382647,1.7376195,93.49593,40.243904
36.450924,1.7376195,104.166664,50.30488
41.42959,1.7376195,134.38394,47.560974
41.785206,1.7376195,143.80081,45.73171
32.03211,2.1720243,153.45529,56.707317
31.116644,2.2500648,135.86476,64.02439
29.694168,1.7376195,120.93496,52.134148
30.79919,1.7376195,90.955284,39.32927
24.004267,1.7376195,82.8252,37.19512
30.004017,1.7376195,70.63008,33.23171
22.93741,1.7376195,76.3293,32.012196
23.64865,1.7376195,69.10569,39.376877
24.715506,1.7376195,81.10143,33.841465
28.982931,1.954822,52.845528,24.695122
27.134518,2.1720243,73.17073,42.254578
40.18492,1.7376195,84.85773,39.02439
36.628735,1.7376195,79.77642,32.317074
37.339973,1.7376195,71.64634,32.621952
36.273117,1.7376195,85.36585,34.146343
33.961594,1.7376195,93.49593,37.19512
30.761023,1.9618658,82.8252,43.413876
29.917221,1.7376195,75.71138,35.67073
29.457912,1.7376195,94.1695,33.536587
30.049788,1.7376195,85.873985,33.841465
29.428066,1.7376195,110.8157,46.01024
36.095306,1.7376195,86.38211,37.19512
29.462784,1.8644474,111.259415,44.512196
42.496445,2.3892267,130.32579,39.939026
38.22902,2.606429,154.97968,50.0
30.049788,2.1883492,150.40651,56.40244
28.80512,1.7376195,135.67073,47.560974
26.13798,1.7376195,116.361786,40.853657
23.29303,1.7376195,89.939026,37.5
22.759602,1.7376195,69.61382,33.23171
23.115221,1.7376195,68.08943,30.182926
23.470839,1.7376195,77.23577,30.487804
29.322643,1.7376195,65.04065,34.756096
30.049788,1.7376195,57.418697,26.524391
27.608898,2.0405302,71.64634,41.336044
30.741726,1.7376195,81.808945,32.012196
40.00711,1.7376195,80.79269,34.451218
39.829304,1.7376195,85.873985,41.797005
29.567413,1.7376195,79.268295,41.20994
38.22902,1.3589003,86.38211,32.92683
31.116644,1.7376195,81.808945,32.621952
30.42748,1.7376195,79.268295,29.268293
29.694168,1.7376195,95.52846,31.707317
29.958122,1.7376195,87.39838,43.288307
31.65007,1.7376195,92.479675,43.956505
38.406826,1.7376195,102.64227,34.146343
33.24779,1.7376195,134.65446,41.463413
32.953,1.954822,140.75203,37.19512
38.406826,3.2580364,150.91463,46.951214
30.938831,2.1720243,143.80081,49.390244
30.049788,1.7376195,110.98556,47.256096
31.094812,1.7376195,105.691055,47.62052
24.715506,1.7376195,89.43089,34.146343
30.696243,1.7376195,81.30081,29.268293
23.29303,2.4290655,73.67886,42.143723
23.64865,1.7376195,74.18699,30.182926
24.359886,1.7376195,75.71138,40.846863
26.671408,2.1720243,52.845528,20.731707
28.787264,1.954822,70.63008,30.182926
33.605976,1.7376195,75.71138,34.756096
40.362732,1.7376195,81.808945,30.487804
40.89616,1.7376195,119.59959,29.878048
40.89616,1.7376195,126.01626,28.658537
40.89616,1.7376195,129.06505,26.524391
39.829304,1.7376195,130.0813,52.004032
36.806545,1.7376195,113.63448,33.841465
35.73969,1.7376195,109.756096,31.40244
34.31721,1.7376195,103.077965,30.487804
33.605976,1.7376195,98.57723,28.353659
35.20626,1.7376195,105.07031,29.878048
38.584637,1.7376195,117.88618,39.02439
37.162163,1.7376195,126.01626,51.623783
32.1835,1.954822,140.2439,50.30488
31.722254,1.954822,135.1626,55.98617
29.51636,1.7376195,126.01626,48.780487
27.027027,2.145133,105.18293,44.207317
24.537695,1.7376195,92.479675,34.146343
23.115221,1.7376195,82.8252,30.792683
22.759602,1.7376195,75.71138,41.17935
23.115221,1.7376195,73.67886,27.743902
29.843445,1.7376195,65.54878,29.268293
26.13798,1.4656472,73.556725,18.59756
27.382647,1.7376195,67.07317,38.941338
30.405403,1.6528072,77.23577,25.914635
38.940254,1.7376195,92.98781,28.04878
42.140823,1.7376195,95.52846,43.535133
42.140823,1.7376195,112.80488,36.585365
33.012978,1.7376195,128.55692,39.32927
40.89616,1.7376195,81.30081,31.707317
30.29838,1.7376195,79.268295,32.317074
33.78378,1.7376195,70.12195,28.04878
33.428165,1.7376195,71.138214,29.878048
35.73969,1.400745,75.71138,28.658537
40.71835,1.7376195,81.808945,26.829268
41.963017,1.7376195,94.00407,31.40244
43.029873,1.7376195,128.944,38.414635
32.575397,1.7376195,127.032524,52.134148
32.1835,1.7376195,119.41057,54.57317
29.338549,2.0688133,109.756096,49.57883
27.204836,1.7376195,95.52846,37.5
24.004267,1.7376195,88.92277,33.841465
30.66145,1.7376195,84.349594,30.182926
23.115221,1.7376195,74.18699,30.182926
23.64865,1.7376195,73.17073,29.573172
28.78014,1.7376195,68.597565,39.052948
30.049788,1.7376195,56.40244,21.646341
42.318634,1.7376195,69.10569,29.268293
41.963017,1.1860236,88.414635,33.536587
40.362732,1.7376195,77.743904,26.829268
37.69559,1.7376195,70.12195,26.524391
36.450924,1.7376195,77.743904,32.012196
33.25035,1.7376195,86.89024,42.377617
31.827883,1.7376195,105.483765,39.02439
31.116644,1.7376195,100.5348,35.97561
29.871977,1.9947546,67.07317,39.765957
30.583216,1.8444442,89.43089,39.939026
30.660673,1.7376195,86.38211,38.109756
29.826147,1.7376195,106.35905,44.207317
42.318634,1.7376195,139.64793,52.743904
43.741108,1.7376195,136.86897,46.951214
41.42959,1.7376195,138.21138,56.707317
33.238228,1.7376195,140.2439,55.792683
29.694168,1.7376195,123.47561,47.560974
26.849218,1.7376195,98.06911,42.07317
23.826458,1.7376195,97.05285,33.841465
22.93741,1.7376195,88.414635,29.573172
23.115221,1.7376195,80.28455,29.268293
23.470839,1.7376195,76.727646,27.743902
25.248934,1.7376195,68.597565,30.182926
29.871977,1.7376195,59.451218,21.036585
30.555647,1.7376195,78.76016,26.524391
30.5552,1.7376195,79.268295,28.04878
38.762447,1.7376195,131.08427,52.107616
30.229525,1.7376195,73.67886,29.878048
32.894737,1.7376195,74.18699,35.97561
29.526218,1.8277538,87.39838,35.365852
30.227596,1.7376195,80.28455,34.451218
28.982931,1.6088358,92.38829,30.792683
28.093884,1.7376195,67.5813,33.536587
28.982931,1.7376195,77.23577,35.365852
29.578182,1.7376195,79.77642,41.61965
33.78378,1.7376195,105.639244,33.536587
39.829304,1.7376195,129.06505,46.646343
41.785206,2.606429,133.63821,57.767315
38.940254,2.1720243,145.80672,66.15854
31.29445,1.954822,129.57317,67.37805
29.338549,2.199969,114.837395,57.317074
27.204836,2.1791732,98.57723,49.695118
23.64865,1.7376195,80.87099,35.060974
23.115221,1.7376195,81.808945,29.573172
23.115221,1.7376195,79.268295,28.04878
23.29303,1.7376195,86.38211,43.45482
29.162249,1.7327826,75.71138,30.182926
28.179235,1.7376195,57.92683,36.673584
40.54054,1.7376195,77.743904,26.829268
38.406826,1.7376195,81.30081,31.40244
31.827883,1.7376195,82.31707,41.76513
31.116644,1.6188039,72.662605,26.829268
31.472263,1.7376195,72.662605,27.134146
30.405403,2.0049644,80.79269,43.246212
29.51636,1.7853742,81.808945,31.707317
30.227596,1.6745542,74.69512,28.04878
30.983679,1.7376195,85.36585,29.268293
28.449503,1.7376195,83.333336,32.621952
29.51636,1.7376195,88.02751,28.963415
37.162163,1.7376195,91.46342,32.92683
39.829304,1.7376195,123.98374,50.869667
36.984352,1.7376195,128.55692,35.060974
32.894737,1.8579011,141.7683,46.036587
30.938831,1.7376195,123.721954,56.707317
28.80512,1.7376195,105.43295,44.12195
26.849218,1.7376195,94.00407,36.585365
23.64865,1.7376195,83.84146,32.92683
22.403982,1.7376195,81.30081,28.353659
28.955564,1.7569271,77.743904,28.658537
22.93741,1.7376195,75.203255,40.856636
24.359886,1.7376195,66.56504,28.963415
29.694168,1.7376195,82.70477,21.95122
41.073967,1.7376195,74.18699,27.134146
40.71835,1.7376195,112.89784,24.695122
29.300045,1.7376195,93.596306,32.92683
32.36131,1.7376195,76.727646,38.414635
32.36131,1.7376195,70.63008,41.15854
32.894737,1.7376195,80.79269,39.939026
28.322992,2.1720243,81.30081,36.585365
29.51636,1.7376195,74.18699,37.5
30.85776,1.520417,75.71138,41.15854
26.13798,1.7376195,81.30081,37.5
26.493599,1.7376195,94.00407,42.682926
29.871977,1.7376195,95.52846,38.719513
32.51382,1.7376195,131.09756,53.953068
31.995026,1.954822,129.06505,45.42683
32.98702,1.7376195,140.75203,57.92683
33.088196,1.7376195,138.21138,55.615128
28.093884,1.7376195,114.32927,48.47561
25.604551,1.7376195,89.939026,35.365852
22.93741,2.4555285,80.28455,43.329273
22.403982,1.7376195,83.333336,42.977863
22.581793,1.7376195,73.67886,28.353659
22.581793,1.7376195,74.18699,40.91224
23.64865,1.7376195,74.18699,40.6361
27.916075,1.7376195,54.36992,20.121952
39.118065,1.7376195,71.138214,29.573172
29.30726,1.8542317,83.333336,39.02439
31.472263,1.7376195,82.31707,34.756096
29.871977,1.7376195,73.17073,39.939026
29.51636,1.7376195,63.00813,38.414635
29.338549,1.7376195,97.22597,36.585365
32.749992,1.520417,103.150406,37.19512
29.694168,1.7376195,75.71138,40.584816
27.560455,1.9708937,67.07317,37.19512
26.493599,1.7376195,91.97154,44.37498
30.782364,1.7376195,88.92277,40.853657
29.871977,1.7376195,93.49593,39.634148
31.472263,1.7376195,120.93496,50.74622
36.450924,1.7376195,158.02846,59.87068
32.894737,1.954822,152.94716,50.0
28.982931,2.3892267,127.14709,57.92683
27.916075,1.7376195,122.967476,55.487804
26.493599,1.7376195,99.230774,42.02396
23.115221,1.7376195,82.744354,38.109756
22.048365,1.3032146,71.44128,34.451218
22.226173,1.7376195,69.10569,37.19512
22.403982,1.520417,77.89638,37.19512
29.804821,1.7376195,73.67886,36.585365
25.782362,1.7376195,53.353657,36.10378
26.671408,2.025389,68.08943,38.414635
28.982931,2.3892267,81.808945,35.365852
33.072548,1.7376195,86.38211,42.486427
34.672832,1.7376195,101.626015,38.719513
30.426779,1.8452986,102.13415,35.365852
32.029293,1.7376195,112.296745,38.109756
35.73969,1.7376195,110.26423,47.529514
33.961594,1.6647611,109.24797,40.853657
30.049788,1.520417,104.106636,42.987804
32.58663,1.7376195,115.34553,36.280487
27.382647,1.3032146,100.60976,35.97561
27.916075,1.7376195,104.6748,37.19512
30.938831,1.954822,122.967476,36.585365
32.1835,2.3892267,152.43903,41.76829
29.16074,1.7376195,147.86586,57.012196
27.560455,1.7376195,110.566986,53.963413
26.13798,2.0103257,104.062096,47.256096
31.68401,1.7376195,105.691055,44.512196
23.115221,1.7376195,97.05285,48.47561
22.581793,1.7376195,78.25203,41.502705
22.226173,1.3032146,79.268295,32.012196
22.403982,1.7376195,74.69512,37.5
23.115221,1.7376195,69.61382,37.19512
27.564419,1.7376195,46.747967,34.644897
25.071123,2.0858653,52.845528,35.67073
25.426743,2.3892267,89.38903,33.536587
29.32239,1.7376195,109.26075,45.412773
35.73969,1.4410342,103.65854,29.878048
38.22902,1.7376195,123.47561,40.243904
39.473682,1.3032146,123.98374,39.939026
37.339973,1.7017901,131.32323,54.23695
32.36131,1.7376195,120.60006,51.219513
30.761023,1.7376195,93.49593,46.951214
28.093884,1.7376195,94.00407,39.32927
28.80512,1.7376195,86.89024,34.756096
29.871977,1.7376195,89.43089,43.38701
31.472263,1.7376195,109.64522,44.207317
34.139404,1.7376195,131.09756,46.951214
34.139404,1.7376195,165.6504,56.40244
28.80512,2.2237208,144.81708,54.878048
26.493599,1.7376195,123.47561,51.82927
24.893314,1.8885163,92.126045,38.719513
22.93741,1.7376195,75.203255,41.161976
22.226173,1.7376195,73.434,32.012196
22.581793,1.7376195,72.15447,31.40244
22.759602,1.7376195,78.25203,41.449028
23.115221,1.7376195,72.662605,35.060974
28.271692,1.7376195,52.3374,25.914635
39.829304,1.7376195,132.91122,52.205032
40.54054,1.3032146,81.808945,38.82681
36.984352,1.7376195,74.69512,25.609756
35.73969,1.7376195,78.25203,40.418972
32.1835,1.8763574,87.39838,44.21829
30.583216,1.7376195,100.10162,45.842648
30.405403,1.7376195,85.873985,32.317074
29.338549,1.7376195,59.451218,30.487804
27.560455,1.7376195,69.10569,30.792683
28.627312,2.1720243,93.80551,32.012196
28.627312,1.7376195,71.138214,34.146343
31.40961,1.7376195,99.5935,40.853657
37.51778,1.7376195,131.38434,49.085365
39.829304,2.3892267,133.4543,47.865852
35.917496,1.7649349,129.42284,49.695118
30.405403,1.7376195,130.01286,63.414635
27.027027,1.7376195,125.50814,57.621952
25.071123,1.7376195,98.57723,46.065865
23.470839,1.7376195,82.60095,38.414635
30.05834,1.7376195,72.662605,31.707317
22.581793,1.7376195,68.597565,29.878048
22.759602,1.7376195,74.69512,30.182926
23.470839,1.3032146,68.08943,31.707317
28.80512,1.7376195,50.813007,24.390244
40.362732,1.7376195,69.61382,35.060974
40.362732,1.7376195,82.8252,31.09756
33.78378,1.520417,76.727646,39.31491
31.65007,1.7376195,67.5813,30.792683
31.29445,1.6093589,68.597565,27.134146
31.29445,1.6674013,91.97154,30.487804
33.024235,1.3032146,87.39838,31.09756
30.227596,1.7376195,63.516262,30.487804
29.683945,1.7376195,66.56504,34.756096
28.271692,2.1720243,74.18699,35.67073
31.472263,1.6628075,72.15447,30.487804
32.716927,1.7376195,90.44715,43.539185
38.940254,1.7376195,116.361786,42.07317
41.785206,1.3533074,120.42683,45.73171
37.339973,1.7376195,138.71951,53.963413
32.1835,1.7376195,154.47154,59.451218
28.627312,2.203502,113.31301,56.40244
25.426743,2.3041148,95.52846,46.664425
23.115221,2.2410364,87.39838,35.060974
22.226173,1.776502,76.63655,30.792683
22.581793,1.7376195,75.71138,28.658537
23.470839,1.7278285,77.25535,28.963415
24.004267,1.6966895,77.909935,28.04878
31.29445,1.7376195,53.86179,21.646341
42.496445,1.7376195,75.203255,32.621952
41.607395,1.1812828,83.333336,32.621952
26.953014,2.1720243,73.67886,42.226036
33.428165,1.4933655,103.71093,29.573172
34.495018,1.7376195,77.743904,30.792683
32.716927,1.5846635,95.020325,28.04878
30.405403,1.954822,82.31707,28.04878
30.227596,1.7376195,65.54878,35.97561
29.694168,1.8547583,72.662605,37.5
30.049788,1.7376195,64.532524,34.451218
33.072548,1.7376195,75.203255,39.974472
37.873398,1.7376195,116.80651,34.756096
41.607395,1.7376195,123.96503,34.146343
42.318634,1.2068999,128.55692,34.146343
40.00711,1.7376195,133.63821,53.20588
32.005688,1.7376195,165.6504,52.743904
32.04359,1.7376195,123.98374,51.870747
30.967445,1.7376195,93.49593,39.634148
23.29303,1.7376195,76.43731,32.012196
22.93741,1.7376195,77.23577,28.963415
22.581793,1.7376195,64.02439,27.743902
22.759602,1.7376195,77.743904,30.487804
23.64865,1.7376195,73.67886,28.04878
29.415907,1.7376195,55.386177,21.95122
41.42959,1.7376195,121.30023,32.012196
41.963017,1.7376195,87.9065,42.05366
36.095306,2.1720243,129.36246,54.97425
36.806545,1.954822,82.31707,41.99482
34.85064,1.7376195,88.414635,29.573172
31.29445,1.7376195,96.03658,36.890244
29.338549,1.7376195,97.560974,33.23171
28.627312,1.7376195,80.79269,33.536587
28.271692,1.520417,65.04065,32.012196
27.738264,1.7376195,61.483738,31.707317
30.378542,1.7376195,78.76016,34.146343
36.450924,1.7376195,88.414635,40.243904
31.464666,1.7376195,107.21545,47.560974
28.041492,2.606429,119.41057,51.52439
41.073967,2.1720243,150.91463,52.134148
35.56188,1.7376195,152.43903,60.060974
30.602901,2.1297555,119.41057,53.658535
25.96017,2.087543,94.00407,36.585365
23.826458,1.7376195,93.04764,39.99029
22.403982,1.7376195,72.995255,31.09756
22.759602,1.7376195,70.63008,28.963415
22.93741,1.6768876,74.057106,27.134146
23.64865,1.3032146,68.597565,28.658537
26.70776,1.954822,52.845528,36.61333
30.448256,1.7376195,73.67886,26.219515
41.963017,1.7376195,79.77642,32.012196
39.473682,1.7376195,78.76016,25.304878
36.806545,1.7376195,108.94874,30.182926
34.85064,2.1720243,116.0452,35.97561
32.36131,1.6385611,94.51219,31.09756
29.871977,1.729391,96.544716,27.743902
30.477741,1.7376195,83.333336,33.23171
29.694168,1.7376195,78.76016,40.9451
31.116644,1.7376195,87.9065,39.939026
33.78378,1.7376195,77.23577,40.853657
36.628735,1.7376195,105.18293,46.036587
39.651493,1.7376195,103.150406,44.207317
41.073967,1.2942395,127.032524,37.5
36.628735,1.7376195,149.39024,57.62581
30.049788,2.071756,143.29268,58.01026
30.844917,2.0762725,121.44309,52.884666
26.849218,1.7376195,100.60976,45.42683
23.64865,1.7376195,84.85773,34.451218
22.403982,2.1470594,72.662605,28.353659
30.064587,1.7376195,69.61382,27.743902
22.93741,1.7376195,74.69512,28.963415
23.29303,1.7376195,77.23577,27.134146
29.374105,1.7376195,55.386177,19.817074
32.53912,1.7376195,68.597565,25.0
29.914297,1.7376195,87.9065,43.233532
41.073967,1.1538799,87.9065,25.914635
41.251778,1.7376195,105.691055,46.27564
41.251778,1.1811777,100.10162,29.268293
30.648924,1.7835143,102.13415,30.792683
39.829304,1.7376195,123.98374,23.475607
38.22902,1.7376195,113.31301,42.378048
34.672832,1.7376195,124.17493,50.57963
32.005688,1.7376195,114.21697,47.043617
31.86326,1.7376195,100.60976,26.219515
37.69559,1.7376195,109.24797,29.268293
41.251778,1.7376195,121.95122,39.02439
40.54054,1.3424801,130.0813,39.02439
33.961594,1.7376195,142.27643,46.646343
30.265947,1.7376195,116.16132,52.134148
29.16074,1.7376195,128.55692,52.763382
26.493599,1.7376195,108.231705,47.997433
24.182077,1.7376195,98.06911,34.756096
22.93741,1.7376195,73.40538,29.878048
22.581793,1.7376195,70.12195,29.268293
29.152023,1.7376195,76.21951,40.846615
23.470839,1.7376195,76.727646,28.353659
26.31579,1.7376195,72.733696,20.731707
28.767473,1.7376195,81.66479,21.95122
28.405275,1.4056922,84.0085,20.121952
38.406826,1.7376195,95.020325,28.04878
29.061195,1.7376195,89.8665,30.182926
32.174416,1.8394452,129.57317,32.012196
41.42959,1.2953672,123.56878,32.92683
41.073967,1.7376195,107.72358,46.527565
37.339973,1.6975371,131.86075,54.372646
33.78378,1.7376195,99.8331,29.878048
29.099104,1.954822,92.479675,45.46978
27.236273,2.606429,87.9065,25.0
34.31721,1.7376195,97.05285,37.5
34.31721,1.954822,105.691055,36.585365
41.073967,2.606429,117.88618,35.67073
38.05121,1.6633073,132.32321,54.21093
29.359848,1.954822,120.68418,55.182926
28.093884,2.103047,124.49187,44.207317
26.849218,1.7376195,100.10162,46.479263
24.004267,1.7376195,78.76016,32.621952
22.403982,1.7376195,65.54878,27.439024
22.581793,1.7376195,61.99187,26.829268
23.115221,1.520417,72.662605,26.829268
29.615753,1.520417,84.20923,25.609756
30.405403,1.9620163,50.813007,36.64298
29.121973,1.7376195,109.17167,45.324627
40.18492,1.7376195,94.51219,43.475254
29.502611,1.8232057,86.89024,35.060974
33.428165,1.7376195,80.28455,39.32927
32.716927,1.7376195,87.9065,37.80488
30.583216,1.7376195,102.48801,38.414635
30.405403,1.7376195,91.97154,34.146343
30.583216,1.520417,70.63008,32.92683
20.981508,1.954822,78.76016,31.707317
30.405403,1.7376195,78.25203,35.97561
30.405403,1.7376195,79.77642,34.756096
34.139404,1.7376195,89.939026,41.76829
32.511753,1.7376195,125.50814,52.43903
40.54054,2.3892267,132.92322,46.036587
39.118065,1.954822,133.06021,53.604916
33.527843,1.7376195,146.34146,55.792683
30.227596,1.7376195,110.23275,46.951214
25.96017,1.7376195,101.11789,38.414635
30.921003,1.7376195,89.43089,36.585365
22.581793,1.7376195,74.69512,29.878048
22.93741,2.099494,68.597565,27.134146
29.028624,1.7376195,109.059525,45.381454
30.318027,1.7376195,71.64634,26.219515
30.405403,1.5419725,52.3374,19.207317
40.89616,1.7376195,72.662605,25.609756
39.651493,1.4539926,81.808945,41.983376
31.65007,1.6874448,81.808945,33.536587
30.000338,1.7376195,71.138214,34.146343
30.227596,1.9951085,75.71138,41.78065
29.51636,1.7376195,104.0822,43.90244
29.871977,1.7376195,92.479675,39.02439
29.694168,1.7376195,98.032524,37.80488
28.271692,1.7376195,69.10569,39.02439
30.761023,1.8698298,81.808945,45.121952
29.871977,2.0363603,78.25203,51.82927
29.5456,1.954822,94.00407,47.865852
39.651493,1.4981427,104.166664,50.30488
41.963017,1.4795009,138.80022,52.134148
40.18492,1.954822,137.11867,53.658535
33.25035,2.0534883,134.75797,59.756096
31.712166,1.7376195,114.837395,49.59364
27.027027,1.7376195,90.44715,39.634148
24.537695,1.7376195,86.89024,31.707317
30.120089,1.7376195,70.12195,28.658537
23.115221,1.520417,89.341965,37.41519
23.29303,2.122429,72.662605,29.573172
24.182077,1.7376195,74.63396,27.134146
32.36131,1.7376195,53.86179,21.646341
29.790161,1.7376195,67.07317,29.268293
41.073967,2.1720243,117.874306,27.743902
36.095306,1.7376195,76.727646,32.317074
35.02845,1.7376195,69.10569,39.02439
36.450924,1.7376195,127.45223,51.621876
33.78378,1.7376195,94.51219,44.024536
31.827883,1.954822,85.873985,39.32927
32.005688,1.7376195,115.32283,47.33872
30.405403,1.7376195,111.32668,46.170734
28.278437,2.010138,74.18699,51.82927
27.916075,1.7376195,83.333336,44.817074
29.871977,1.7376195,104.6748,48.47561
34.139404,2.3892267,130.0813,50.914635
37.51778,1.954822,134.47357,54.26829
34.495018,1.8405956,149.39024,59.416065
28.80512,1.7376195,149.39024,62.19512
31.755154,1.7376195,113.31301,50.914635
30.289568,1.7376195,91.97154,44.47046
23.826458,1.520417,79.77642,38.719513
29.36015,1.7376195,98.179634,37.80488
22.759602,1.7376195,70.12195,34.756096
23.115221,1.7376195,79.88384,36.280487
23.826458,1.7376195,68.597565,35.060974
27.159948,2.1720243,58.43496,32.621952
39.829304,1.7376195,73.17073,34.146343
38.762447,1.3887528,80.28455,39.02439
30.938831,1.7376195,78.25203,40.548782
30.761023,1.7376195,77.743904,40.75495
28.247065,2.0241168,76.21951,51.219513
29.871977,1.7376195,113.76521,50.0
28.449503,1.9775305,80.28455,41.76829
28.093884,1.7376195,95.76475,38.109756
27.738264,1.7376195,103.42831,43.42486
28.625008,1.8243034,74.69512,35.365852
30.198221,1.7376195,77.23577,36.280487
32.1835,1.7376195,111.884094,43.292683
38.762447,1.7376195,106.70731,51.219513
40.18492,1.954822,111.78862,43.59756
36.095306,1.954822,124.49187,44.512196
29.51636,2.1724102,140.75203,53.963413
27.382647,1.7376195,113.82114,46.036587
25.782362,1.7376195,88.90199,37.19512
29.440706,1.79179,85.36585,32.317074
22.581793,1.7376195,72.662605,29.268293
22.759602,1.7376195,68.597565,27.439024
30.056568,1.7376195,72.662605,27.743902
28.970734,1.7376195,71.138214,39.542213
30.049788,1.7376195,53.86179,22.256098
41.073967,1.7376195,74.18699,27.134146
28.85324,1.856405,79.268295,37.5
37.873398,1.7376195,75.203255,35.365852
35.73969,1.520417,78.25203,31.40244
35.73969,1.7376195,77.743904,32.012196
33.961594,1.7376195,95.020325,44.303543
30.405403,1.7376195,97.05285,30.487804
29.338549,1.7376195,72.15447,34.451218
29.694168,1.7376195,78.76016,39.634148
28.627312,1.7376195,83.333336,31.707317
32.1835,1.7183053,79.77642,37.80488
35.56188,1.7376195,99.5935,41.76829
39.829304,1.3254544,112.80488,35.97561
40.362732,2.1720243,120.12329,29.878048
33.605976,1.7376195,124.49187,51.450714
30.049788,2.1720243,148.37398,48.780487
31.425419,2.0033693,126.52439,43.59756
30.960396,1.7376195,103.150406,46.975937
24.537695,2.3807664,96.544716,47.127502
22.93741,1.7376195,79.268295,28.353659
22.93741,2.111963,95.4261,42.887203
23.29303,1.7376195,78.76016,28.963415
23.470839,1.7376195,70.63008,26.524391
27.382647,1.7376195,52.845528,35.95342
29.257666,1.7376195,109.648346,45.468403
36.628735,1.7376195,90.955284,28.04878
41.607395,2.1720243,117.63185,26.219515
42.318634,1.2648599,125.0588,34.451218
42.140823,1.3803028,103.65854,47.161606
41.607395,1.3032146,121.44309,30.487804
40.54054,1.7376195,108.231705,27.743902
38.406826,1.5213472,104.6748,49.390244
36.273117,1.5958508,101.626015,44.207317
34.31721,1.7602164,121.12946,42.987804
39.118065,1.7376195,105.18293,38.719513
40.54054,1.3661828,124.08657,35.365852
42.318634,2.3892267,119.41057,35.060974
42.318634,1.7376195,126.01626,36.890244
37.873398,1.7376195,131.6057,40.548782
29.16074,1.7376195,152.94716,51.52439
28.271692,1.7376195,104.82763,43.86813
29.16074,2.0771196,105.18293,49.085365
25.782362,1.7376195,88.92277,36.890244
24.004267,2.3723187,77.743904,42.621677
29.182636,1.7274896,77.23577,28.04878
24.004267,2.0583918,82.31707,28.353659
24.359886,1.7376195,72.887146,25.914635
28.093884,1.954822,50.30488,21.036585
29.871977,1.7376195,83.67921,22.560976
30.674515,1.7376195,76.727646,21.036585
40.89616,1.7376195,86.38211,27.439024
30.091612,1.9386538,103.150406,41.15854
41.42959,1.7376195,113.31301,47.68086
41.785206,1.7376195,115.34553,37.80488
40.89616,1.4065899,101.11789,46.243855
30.688782,1.7376195,83.84146,30.487804
34.139404,1.7376195,75.71138,34.451218
30.43688,1.7376195,81.30081,37.5
34.495018,1.7376195,78.25203,34.451218
39.829304,1.7376195,84.85773,41.454582
42.67425,2.1720243,105.691055,42.987804
44.274536,1.7376195,134.78908,43.59756
41.785206,1.7376195,133.13008,45.121952
27.831327,2.606429,126.70403,53.353657
33.428165,1.8550318,121.95122,50.0
29.694168,1.8288795,107.01018,41.15854
24.715506,1.7376195,94.00407,31.09756
23.29303,2.1172237,74.69512,29.573172
30.333529,1.7376195,73.67886,28.353659
23.29303,1.7376195,72.662605,28.658537
24.004267,1.7376195,67.5813,28.04878
29.142609,1.7376195,53.86179,23.780487
42.318634,1.7376195,76.727646,24.390244
30.510496,1.7376195,78.25203,28.04878
40.54054,1.7376195,77.743904,30.182926
29.901611,1.7376195,73.17073,32.012196
36.273117,1.7376195,82.8252,35.365852
34.85064,1.7376195,91.97154,47.865852
32.894737,1.7376195,92.479675,43.90244
29.006737,1.831297,80.79269,35.060974
28.673592,2.0075233,80.28455,50.914635
31.472263,1.8940189,117.02865,50.172867
33.961594,1.7603197,95.020325,49.390244
40.00711,1.7376195,109.756096,56.09756
43.20768,1.3801394,133.13008,55.487804
46.941677,1.7376195,155.99594,55.487804
42.67425,1.7376195,143.68085,57.621952
34.495018,1.7376195,138.48898,64.32927
31.827883,1.7376195,110.772354,48.36497
28.271692,1.7376195,104.836784,43.839485
24.537695,1.7376195,91.97154,49.085365
28.64206,1.9159214,76.727646,43.59756
23.115221,1.7376195,84.47695,41.15854
23.29303,1.7376195,78.76016,38.414635
23.826458,1.7376195,65.04065,33.23171
30.938831,1.7376195,88.36916,24.390244
30.368319,1.7376195,76.21951,27.439024
41.42959,1.1990625,82.31707,32.621952
39.118065,1.7376195,71.64634,38.465897
35.56188,1.7376195,113.05476,36.280487
32.716927,1.6275245,80.28455,34.756096
29.882114,1.7376195,104.05731,41.15854
29.16074,1.7376195,72.15447,43.90244
28.80512,1.7376195,74.18699,53.048782
28.093884,1.7376195,78.25203,47.560974
28.449503,1.7376195,91.97154,47.560974
32.005688,1.7376195,103.66419,37.5
36.806545,1.7376195,120.42683,42.07317
42.852062,1.7376195,121.95122,50.609756
46.40825,1.7376195,134.65446,59.756096
41.42959,1.954822,141.7683,56.29649
32.276382,1.954822,149.39024,68.597565
29.334236,2.1720243,111.28049,56.40244
27.738264,1.7376195,97.560974,54.878048
24.004267,1.7376195,91.46342,44.46023
29.495874,1.7376195,99.89455,39.02439
22.759602,2.4786232,76.21951,42.72718
23.470839,1.7376195,74.69512,37.5
30.430384,1.7376195,77.23577,32.92683
31.29445,1.7376195,53.353657,26.219515
43.741108,1.954822,78.25203,27.439024
41.42959,1.7376195,82.8252,29.268293
36.806545,1.7376195,109.78878,31.09756
37.162163,1.7376195,70.63008,31.40244
33.428165,1.7376195,73.17073,39.450325
32.005688,1.7376195,80.28455,39.32927
29.427094,1.7376195,94.66034,33.841465
30.049788,1.7376195,67.07317,42.682926
27.916075,1.900997,84.85773,33.536587
28.271692,1.954822,76.727646,32.621952
30.00962,1.7376195,72.15447,33.23171
38.05121,1.7376195,107.21545,42.987804
40.71835,1.7376195,129.31602,42.07317
42.496445,1.7376195,126.01626,51.04422
40.00711,1.7376195,150.91463,51.52439
32.005688,2.1188936,151.9309,60.67073
30.227596,2.135066,120.93496,57.012196
28.627312,1.7376195,105.90807,47.256096
24.715506,1.7376195,92.39265,44.512196
29.000412,1.7353745,103.054405,37.80488
23.470839,1.9285518,87.82705,38.414635
23.64865,1.7376195,76.21951,40.996174
24.004267,1.7376195,63.516262,38.286827
30.938831,1.7376195,57.92683,36.4966
41.963017,1.7376195,74.18699,38.844902
40.54054,1.7376195,77.743904,30.792683
29.057245,1.7376195,74.69512,40.38424
33.428165,1.633603,73.17073,36.890244
29.238726,1.8117445,81.808945,35.060974
29.946167,1.7376195,78.76016,41.15854
33.072548,1.7376195,103.41641,34.451218
32.53912,1.7376195,104.94345,37.19512
29.05687,1.7376195,71.64634,39.546295
32.1835,1.7070957,70.63008,39.32927
31.65007,1.6825585,79.77642,32.92683
36.273117,1.7745453,130.03052,54.46663
38.584637,1.7376195,130.7559,52.111588
29.202639,1.990864,115.802216,49.695118
39.651493,1.5517122,145.32521,53.658535
35.384068,1.7376195,124.722,50.726566
29.338549,1.7376195,117.88618,50.122604
27.916075,1.7376195,98.06911,47.256096
24.182077,1.7376195,81.30081,41.15854
22.93741,1.7376195,75.203255,38.719513
22.93741,2.293864,74.69512,40.243904
23.470839,1.7376195,73.67886,35.67073
23.826458,1.7376195,58.94309,37.16037
31.472263,1.7376195,87.18124,22.865854
40.89616,1.7376195,75.203255,25.609756
39.651493,1.7376195,84.349594,30.182926
34.85064,1.4907495,76.21951,31.09756
28.044567,1.8437096,63.516262,39.939026
31.116644,1.7740759,81.30081,38.109756
31.65007,1.7376195,104.6748,39.02439
29.16074,1.7376195,95.316185,36.280487
28.271692,1.7376195,75.203255,40.548782
27.204836,1.7376195,80.28455,36.280487
26.671408,1.7376195,86.89024,39.939026
27.738264,2.0165293,90.44715,40.853657
28.80512,1.7376195,105.98861,44.255947
30.938831,2.009061,116.86992,51.45166
31.273695,1.954822,111.78862,33.536587
29.51636,2.606429,133.63821,44.512196
26.849218,2.1720243,139.73578,50.609756
27.738264,1.7376195,114.32927,51.219513
26.671408,1.7376195,101.626015,48.780487
24.004267,2.3939955,85.873985,44.789776
22.93741,1.7376195,79.77642,29.878048
23.115221,2.1338499,70.12195,29.268293
29.017658,1.7376195,70.12195,39.561146
23.64865,1.7376195,60.97561,28.04878
27.027027,1.7376195,48.780487,19.207317
29.943773,1.7376195,63.00813,22.560976
29.694168,1.7376195,75.71138,28.04878
33.25035,1.7376195,87.9065,42.856606
35.56188,1.954822,97.560974,46.036587
37.51778,1.7376195,110.26423,48.47561
36.984352,1.7376195,148.88211,52.743904
34.139404,1.7376195,130.58943,44.817074
33.072548,1.7376195,122.45935,55.792683
30.761023,1.7376195,101.11789,45.94453
28.80512,1.7376195,98.06911,45.79089
27.382647,1.7376195,104.166664,41.76829
28.80512,2.1177592,113.82114,50.899693
29.363844,2.0403576,118.29175,51.219513
32.1835,2.8236315,143.29268,42.378048
30.1527,2.1720243,118.39431,45.121952
27.027027,1.7376195,124.49187,53.658535
27.027027,2.2567575,118.902435,51.82927
27.738264,1.7376195,91.46342,40.548782
24.182077,1.7376195,88.414635,39.32927
22.93741,1.7376195,82.8252,42.570168
22.93741,1.7376195,90.85956,39.268288
28.855957,1.7376195,107.740776,44.892365
23.29303,1.7376195,75.339195,30.182926
25.96017,1.7376195,45.73171,21.95122
25.96017,1.7376195,75.469475,24.390244
26.13798,1.7376195,66.56504,38.9681
30.405403,1.7376195,97.31117,35.67073
33.78378,1.7376195,106.19919,46.94006
33.961594,1.520417,125.0,50.50183
38.05121,1.520417,148.88211,50.914635
36.984352,1.7376195,112.80488,42.378048
32.716927,1.7376195,81.30081,44.207317
30.611042,1.7376195,83.84146,33.23171
28.80512,1.7376195,90.95362,32.621952
27.560455,1.7376195,87.39838,37.5
28.271692,1.7376195,92.783646,36.585365
30.405403,1.8782465,110.26423,41.463413
32.005688,1.7678024,99.5935,39.634148
29.694168,1.954822,106.19919,44.207317
31.76177,1.7376195,115.34553,53.048782
26.849218,1.7376195,101.626015,49.390244
30.905111,1.7376195,103.65854,47.18592
25.071123,1.9109741,93.2139,40.243904
23.115221,1.7376195,78.561516,33.536587
29.390396,1.7376195,65.04065,33.23171
28.804274,1.7376195,67.07317,38.7488
23.826458,1.7376195,92.287994,39.71827
26.671408,1.7376195,46.239838,24.695122
26.31579,1.7376195,60.46748,23.780487
28.451801,1.7376195,61.99187,37.580994
28.811256,1.7376195,82.68588,23.475607
37.162163,1.7376195,95.52846,32.92683
38.940254,1.4063292,117.37805,38.414635
39.473682,1.7376195,127.819244,43.292683
36.984352,1.7376195,121.44309,39.32927
35.20626,1.6472545,120.42683,42.987804
34.139404,1.7376195,110.772354,35.67073
33.78378,1.7376195,110.77216,38.719513
32.53912,1.7376195,105.18293,37.80488
31.26007,1.8072627,115.34553,29.573172
38.940254,2.1720243,124.825485,39.02439
39.829304,1.4762937,126.52439,47.256096
32.826633,1.7376195,129.57317,48.780487
33.561565,1.520417,129.57317,54.878048
31.754725,1.7376195,115.85366,49.706284
27.382647,1.7376195,97.560974,40.548782
24.182077,1.7376195,85.36585,40.243904
29.410536,1.7376195,95.13055,34.146343
23.64865,1.7376195,68.08943,30.792683
23.826458,2.105966,66.05691,31.09756
24.715506,1.9959253,57.418697,28.963415
30.405403,1.7376195,52.845528,21.646341
38.940254,1.2346045,73.17073,27.134146
39.829304,1.3105493,84.85773,36.585365
30.067007,1.7376195,75.203255,33.536587
31.472263,1.7376195,70.12195,39.32927
29.338549,2.058881,75.71138,42.13383
38.406826,1.7376195,128.99702,45.121952
29.694168,1.7376195,84.349594,40.243904
29.791708,1.7376195,78.76016,49.695118
28.093884,1.7376195,92.479675,42.682926
28.982931,1.7376195,79.77642,37.80488
30.405403,1.7376195,83.333336,34.451218
33.428165,1.7376195,120.51084,49.327423
35.56188,1.747197,134.14635,50.609756
39.651493,1.954822,133.13008,54.20397
38.05121,1.7376195,131.09756,42.987804
33.908306,1.7376195,146.8496,50.914635
27.027027,1.7376195,116.86992,42.682926
27.382647,1.7376195,102.64227,38.414635
30.3138,1.7376195,91.46342,43.935585
22.93741,2.4666467,81.30081,43.7322
22.581793,2.175355,74.69512,31.09756
23.115221,1.7376195,71.64634,40.260277
23.29303,1.7376195,67.5813,25.609756
29.342775,1.7376195,53.86179,21.341463
38.05121,1.7376195,75.71138,25.304878
30.328661,1.7376195,78.25203,33.23171
37.339973,1.7376195,77.743904,38.719513
35.02845,1.954822,68.08943,40.853657
32.36131,1.7376195,77.743904,38.414635
33.25035,1.7376195,89.939026,40.548782
31.827883,2.3892267,87.39838,36.890244
31.116644,1.7376195,85.873985,47.865852
31.116644,1.7376195,78.76016,32.92683
30.356264,1.7376195,78.76016,30.792683
30.354141,1.7376195,80.79269,33.23171
41.607395,1.7376195,79.77642,33.23171
43.20768,1.7376195,104.6748,40.548782
43.38549,1.3293029,126.52439,52.377026
41.607395,1.954822,122.45935,43.90244
32.716927,1.7376195,123.98374,54.57317
31.492706,1.7376195,106.19919,46.036587
29.338549,1.7376195,99.5935,42.682926
30.877447,1.7376195,88.92277,34.756096
23.64865,1.7376195,73.67886,30.182926
29.449944,1.7376195,89.820465,28.353659
23.470839,1.7376195,70.12195,39.914177
24.004267,1.7376195,73.61499,27.439024
32.005688,1.7376195,53.353657,19.207317
30.27045,1.7376195,67.07317,20.121952
32.1835,2.1720243,73.67886,41.86628
38.940254,1.7376195,110.505005,25.304878
41.073967,1.2220025,103.150406,32.621952
41.073967,1.7376195,116.9939,26.219515
32.23252,1.7376195,109.24797,33.23171
29.300064,2.0743499,99.085365,47.73094
37.51778,1.7376195,84.349594,41.46815
32.894737,1.7376195,93.06264,24.695122
30.227596,1.7376195,101.11789,23.780487
31.827883,1.5934287,93.49593,26.524391
26.790352,2.606429,98.00194,29.268293
30.616861,1.954822,101.11789,34.451218
31.046343,1.8174115,111.28049,31.707317
40.00711,1.7376195,121.96147,35.67073
31.29445,1.9816678,160.5691,48.47561
30.405403,1.7376195,127.032524,47.256096
29.694168,1.7376195,112.296745,41.15854
25.604551,1.7376195,92.479675,29.878048
23.115221,1.7376195,84.349594,28.04878
23.29303,1.7376195,76.21951,28.963415
23.29303,2.099026,74.69512,28.658537
23.826458,1.7376195,68.08943,39.09709
34.495018,1.7376195,90.48602,19.512196
38.940254,1.7376195,75.71138,39.702816
40.54054,1.2190918,84.349594,30.792683
37.69559,1.7376195,78.76016,29.573172
36.806545,1.7376195,118.36757,37.5
37.339973,1.7376195,90.955284,43.031166
31.896849,1.7376195,109.756096,38.109756
33.428165,1.7376195,89.43089,42.916504
32.53912,1.7376195,84.85773,42.329216
30.049788,1.6549255,99.254005,35.060974
30.049788,1.7376195,101.626015,39.634148
35.02845,1.5820855,96.03658,37.5
39.473682,1.7376195,111.78862,40.853657
41.251778,1.7376195,121.44309,39.634148
41.785206,2.606429,126.52439,55.643528
39.295876,2.1720243,135.1626,38.414635
32.13192,1.954822,134.14635,50.914635
30.761023,1.9181731,116.5959,47.256096
31.29445,1.7376195,98.06911,41.463413
31.189577,1.7376195,95.52846,37.5
28.927881,1.7497635,75.203255,29.878048
29.227547,1.7376195,108.851105,45.256367
23.470839,1.7376195,66.05691,38.842514
23.826458,2.3923085,70.12195,41.320274
31.827883,1.7376195,58.43496,21.036585
30.049788,2.0203161,70.63008,41.039963
34.85064,1.7376195,96.263664,23.475607
30.745424,1.7259818,101.626015,25.914635
41.251778,1.7376195,110.772354,47.03667
40.71835,1.7376195,118.09811,29.573172
32.4443,1.7376195,118.902435,37.5
40.71835,1.7376195,113.31301,47.921486
37.69559,1.7376195,95.020325,46.341465
36.095306,1.7376195,126.18857,51.039368
31.437117,1.7376195,99.5935,35.67073
33.072548,1.7376195,106.03206,35.365852
39.473682,1.7376195,123.41432,38.414635
32.136963,1.7376195,121.95122,51.583275
41.607395,2.1720243,111.78862,36.280487
39.829304,1.4257115,126.18164,37.80488
32.53912,1.7376195,133.13008,50.609756
30.761023,1.8899627,128.04878,41.463413
32.463696,1.7376195,116.361786,36.890244
27.204836,1.7376195,100.10162,38.719513
23.826458,1.7376195,94.51219,34.756096
23.29303,1.7376195,85.36585,29.878048
23.64865,1.7376195,82.8252,42.63294
24.182077,1.7376195,76.21951,26.829268
32.1835,1.7376195,49.79675,34.756496
28.80512,1.6752704,65.04065,20.731707
31.65007,1.7376195,69.10569,20.426828
38.584637,1.7376195,87.39838,22.560976
41.607395,1.3762455,99.5935,45.883663
42.496445,1.7376195,120.42683,35.67073
42.496445,1.954822,117.37805,40.243904
41.073967,1.7376195,104.6748,45.684673
39.118065,1.7376195,91.97154,45.42683
30.533804,1.7376195,88.414635,40.548782
34.672832,1.7376195,89.939026,39.939026
39.295876,1.352613,97.560974,36.890244
40.18492,1.7376195,80.28455,46.341465
40.89616,1.7376195,89.939026,39.02439
41.607395,1.7376195,104.6748,45.701527
37.69559,1.7376195,128.27563,45.121952
28.304796,1.9524376,112.00113,48.50256
29.16074,1.7376195,106.60937,44.452435
28.982931,1.7376195,90.955284,43.902008
26.13798,1.7376195,81.30081,32.012196
30.421713,1.7376195,80.28455,32.317074
23.115221,1.7376195,73.17073,30.487804
30.366833,1.7376195,72.15447,26.829268
29.135778,1.7376195,76.21951,40.712746
29.490664,1.7376195,53.86179,18.292683
38.406826,1.7376195,69.61382,21.341463
39.651493,1.4432878,75.71138,40.604115
33.961594,1.7376195,74.69512,27.134146
32.36131,1.7376195,79.268295,30.182926
32.005688,1.7376195,78.76016,35.67073
32.53912,1.7376195,88.92277,43.02078
32.005688,1.7376195,88.92277,37.19512
31.29445,1.7376195,72.15447,39.68122
28.80512,2.1720243,115.06068,50.609756
27.560455,1.7376195,91.46342,44.106834
29.16074,1.7376195,76.727646,43.59756
30.227596,1.7376195,101.11789,45.73171
29.543308,2.0518134,120.11311,53.048782
39.829304,1.5330536,127.54066,53.353657
36.273117,1.7765512,129.0901,54.180008
28.627312,2.3504586,131.09756,63.719513
26.671408,1.7376195,105.61836,50.914635
26.849218,1.7376195,92.98781,44.70332
24.359886,1.7376195,89.939026,33.841465
29.365215,1.7376195,77.743904,41.174496
22.581793,1.7376195,77.743904,41.416862
22.581793,1.7376195,72.662605,31.09756
23.115221,1.7376195,61.483738,27.134146
31.29445,1.7376195,49.288616,34.753773
35.20626,1.8318352,128.67491,54.48796
36.273117,1.7376195,78.76016,28.04878
31.29445,1.7376195,79.268295,40.837887
29.871977,1.7539068,71.64634,31.40244
29.16074,1.7376195,97.28184,37.5
29.51636,1.7376195,80.28455,41.55583
30.444105,1.7376195,82.8252,35.97561
28.982931,1.7376195,72.15447,43.292683
30.033228,1.7376195,76.21951,36.890244
30.436943,1.7376195,80.79269,33.536587
26.671408,1.7376195,79.77642,31.707317
28.271692,1.7376195,86.38211,37.80488
33.25035,2.3892267,130.02121,53.353657
36.095306,1.7376195,125.0,47.256096
35.384068,1.7376195,133.13008,46.341465
28.449503,1.7376195,134.65446,52.134148
26.493599,1.7376195,115.85366,50.10952
27.027027,1.7376195,100.71123,42.524208
23.826458,2.4136984,90.44715,45.87127
22.759602,1.7376195,73.86336,30.792683
29.042137,1.7376195,74.69512,40.48909
22.93741,1.6741477,73.72939,27.134146
23.115221,1.7376195,66.05691,26.219515
31.827883,1.5051719,59.95935,20.121952
33.78378,1.7376195,70.12195,23.780487
35.384068,1.7376195,125.581245,50.963398
30.938831,1.554551,98.33439,30.182926
31.187323,1.7376195,86.89024,26.524391
28.686134,1.9234307,112.4437,48.458225
29.694168,1.7376195,94.51219,35.67073
29.16074,1.8223643,86.38211,32.317074
28.972488,1.8348949,79.77642,35.97561
27.382647,1.7376195,80.79269,37.5
28.271692,1.7376195,79.77642,32.92683
28.80512,1.954822,79.77642,33.23171
32.1835,1.722227,86.89024,39.32927
34.85064,1.7376195,111.28049,41.463413
25.741587,3.040834,107.21545,34.146343
31.037115,2.0294478,123.47561,44.512196
31.769587,2.1250238,139.22765,57.812527
27.560455,1.7376195,121.95122,46.036587
31.114786,1.7376195,95.020325,39.02439
24.715506,1.520417,81.808945,32.317074
23.115221,1.520417,72.662605,30.182926
29.750626,1.7376195,66.05691,29.268293
23.115221,2.1312413,67.07317,30.487804
23.29303,1.7376195,58.94309,31.09756
32.894737,1.7376195,51.82927,35.068928
30.726564,1.7376195,76.21951,23.780487
40.54054,1.1723787,82.31707,25.914635
35.20626,1.954822,86.89024,43.610157
33.072548,1.7376195,101.25692,31.40244
32.716927,1.7376195,95.52846,37.5
31.116644,1.954822,111.28049,34.146343
30.253023,1.7376195,92.98781,44.484627
29.51636,1.520417,88.92277,28.04878
29.53641,1.7376195,92.45617,31.09756
28.627312,1.7376195,82.8252,29.878048
29.338549,1.7376195,107.694664,44.811146
36.806545,1.4801905,86.38211,38.414635
40.71835,2.1720243,107.72358,39.634148
27.633238,2.3892267,107.20999,39.939026
39.473682,1.7376195,126.01626,46.341465
30.049788,1.7376195,149.89838,50.30488
28.449503,2.0301154,122.45935,42.987804
29.16074,1.7376195,97.05285,36.890244
30.804384,1.7376195,85.873985,31.707317
23.29303,1.7376195,73.67886,28.658537
22.759602,1.7376195,66.56504,28.658537
28.573214,1.7123648,65.54878,29.268293
23.29303,2.0591795,61.99187,25.609756
33.072548,1.800518,51.321136,36.478264
37.51778,1.7376195,73.67886,22.865854
40.89616,1.7376195,81.30081,24.085365
39.473682,1.7376195,80.28455,24.085365
35.73969,1.5559267,116.22967,35.97561
37.162163,1.5374267,104.166664,43.292683
33.072548,1.7376195,118.39431,49.846233
31.65007,1.7376195,87.39838,37.5
31.29445,1.7885495,84.349594,39.634148
31.873608,1.7376195,102.64227,34.756096
30.238132,1.8107812,100.10162,31.09756
29.840248,2.092343,109.24797,50.11249
34.139404,1.7376195,119.41057,31.40244
38.406826,2.3892267,119.9187,40.548782
40.00711,1.7376195,126.03949,38.719513
25.870508,3.2580364,129.57317,39.634148
29.871977,2.3892267,142.78455,50.0
28.093884,1.7376195,120.42683,49.390244
28.982931,1.7376195,110.772354,44.207317
25.782362,1.7376195,89.43089,39.939026
29.391632,1.7376195,92.50978,32.012196
23.29303,1.7376195,72.15447,29.573172
23.64865,1.7376195,68.597565,28.353659
28.248714,1.7265996,61.483738,30.792683
30.583216,1.5812837,55.89431,22.560976
28.660635,1.7376195,66.56504,38.72026
31.699371,1.7376195,92.479675,23.780487
39.118065,2.1720243,101.626015,27.134146
41.607395,1.2741274,122.419945,30.792683
41.42959,1.520417,108.231705,35.97561
41.251778,1.7376195,121.44309,34.756096
31.896437,1.7376195,104.166664,34.146343
30.969868,1.7376195,89.43089,34.146343
33.25035,1.7376195,104.71647,35.060974
33.605976,1.7376195,107.72358,28.353659
33.78378,1.8057536,98.57723,46.618374
31.201601,1.7376195,108.73984,48.238956
41.42959,1.7376195,126.30388,37.19512
41.785206,1.7376195,130.0813,32.621952
38.05121,1.7376195,121.92919,37.80488
30.227596,1.7376195,140.75203,51.52439
28.80512,1.7376195,102.39255,43.90244
30.049788,1.933831,104.6748,42.378048
25.782362,1.7376195,90.955284,44.01467
23.29303,2.2110147,85.36585,34.756096
22.93741,1.7376195,79.77642,33.23171
23.29303,1.7376195,73.17073,31.09756
23.64865,1.7376195,64.02439,26.219515
29.871977,1.7376195,49.288616,21.646341
28.521715,1.6235883,62.5,20.426828
28.80512,1.7376195,76.727646,23.780487
37.162163,1.7376195,84.349594,23.780487
29.841635,1.7567527,91.46342,27.439024
32.528454,1.7376195,116.361786,34.451218
42.318634,1.7376195,142.78455,35.365852
40.54054,1.2827916,94.00407,36.280487
36.095306,1.7376195,89.939026,43.292683
33.25035,1.7376195,117.43537,48.088577
32.1835,1.7376195,92.98781,43.993195
29.277561,1.7376195,86.83089,25.609756
39.473682,1.7376195,87.9065,25.0
41.073967,1.954822,119.676315,30.182926
42.318634,1.7376195,99.5935,29.878048
39.473682,1.7376195,119.94364,34.146343
31.827883,1.7376195,126.52439,51.888847
30.761023,1.7376195,114.32927,45.121952
30.405403,1.7376195,110.772354,40.243904
26.13798,1.7376195,102.64227,35.060974
23.29303,1.7376195,90.44715,29.573172
23.470839,1.7376195,81.808945,28.963415
23.64865,1.7376195,70.63008,28.658537
29.067366,1.7376195,86.75886,26.829268
27.9447,1.6314092,54.36992,21.646341
40.18492,1.7376195,71.138214,38.253212
41.251778,1.4995304,134.99126,53.52534
40.71835,1.7376195,114.53203,25.0
22.759602,1.7376195,83.333336,42.889523
32.53912,1.7376195,103.65854,40.548782
33.428165,1.7376195,109.24797,38.109756
37.873398,1.7376195,105.18293,46.08178
31.196573,1.7376195,95.52846,39.02439
29.782135,1.9187623,95.52846,41.76829
31.472263,1.7376195,112.98338,46.606167
30.505928,1.7376195,96.03658,45.10158
23.470839,1.7376195,105.18293,43.59756
26.493599,2.2756724,126.52439,50.30488
34.139404,1.7376195,119.9187,53.048782
30.227596,1.7376195,123.98374,44.817074
17.78094,1.7376195,142.78455,52.134148
17.958748,1.7376195,126.52439,52.43903
14.75818,1.7376195,112.80488,44.207317
8.89047,2.9886866,94.00407,35.060974
4.978663,1.7376195,47.782654,26.427786
29.268394,1.7376195,94.03923,33.23171
29.62029,1.7376195,95.53882,34.451218
6.401138,2.9788265,65.04065,42.43557
17.247509,1.7376195,57.92683,23.780487
23.470839,1.7376195,79.268295,32.012196
26.13798,1.7049229,88.01117,32.621952
41.251778,1.7376195,76.21951,39.40671
38.940254,1.7376195,82.8252,39.634148
30.259836,1.7376195,85.36585,44.207317
35.20626,1.7376195,109.24797,46.951214
33.78378,1.7376195,102.13415,50.609756
30.405403,1.7376195,88.414635,43.292595
29.26186,2.074358,95.020325,52.43903
30.284634,1.7376195,91.97154,52.743904
32.36131,1.7376195,123.90512,52.743904
40.54054,1.4952418,100.10162,57.012196
44.807964,1.7376195,119.41057,67.98781
50.320057,1.7376195,132.11382,53.963413
46.58606,1.954822,127.54066,52.124527
38.05121,1.954822,131.09756,64.02439
35.56188,1.7376195,132.62195,64.939026
34.672832,1.8531295,129.4974,50.914635
27.204836,1.7376195,97.560974,45.498344
24.182077,1.7376195,94.51219,45.08477
24.715506,1.7376195,84.85773,32.317074
25.071123,1.7376195,83.84146,35.060974
25.604551,1.7376195,71.64634,32.92683
37.873398,1.7376195,107.96841,25.609756
42.67425,1.19997,122.272865,29.573172
43.741108,1.7376195,123.780235,30.792683
41.073967,1.7376195,84.85773,35.365852
39.651493,1.954822,134.12167,50.0
29.802895,1.7376195,86.38211,42.982853
29.048449,1.9595232,113.57067,46.646343
36.628735,1.7376195,126.38584,51.03122
28.411852,2.1033351,83.333336,55.792683
31.29445,1.7376195,87.9065,40.548782
30.492443,1.7376195,96.03658,45.40918
37.873398,1.7376195,90.955284,53.048782
41.607395,1.7376195,102.64227,45.133526
30.494085,1.7376195,131.16937,65.85366
49.2532,1.7376195,143.84312,51.058094
31.838142,1.7376195,131.09756,75.30488
38.584637,1.7376195,138.21138,84.45122
35.56188,1.7376195,133.13008,81.097565
32.53912,1.7376195,109.756096,60.97561
30.89364,1.7376195,98.57723,48.47561
23.29303,1.7376195,85.36585,43.39865
24.182077,1.7376195,89.43089,43.59756
24.004267,1.7376195,78.76016,43.90244
29.745882,1.7376195,103.451256,41.15854
36.450924,1.7376195,58.43496,41.463413
40.71835,1.7376195,78.25203,41.463413
42.852062,1.7376195,126.0203,35.67073
41.42959,1.3403883,89.939026,47.256096
40.71835,1.7376195,87.39838,50.0
31.048338,1.7376195,94.00407,40.548782
35.20626,1.7376195,109.24797,48.780487
33.25035,1.8555428,98.06911,47.002228
31.65007,1.7376195,88.414635,53.658535
28.80512,1.7376195,84.349594,43.59756
29.248724,1.9816655,89.939026,46.646343
29.82345,1.7376195,111.66059,49.390244
31.314535,1.7376195,104.166664,52.134148
43.91892,1.7376195,153.26123,67.68293
48.186344,1.7376195,138.21138,65.243904
45.697014,1.7376195,148.68134,59.756096
39.295876,1.7376195,144.81708,55.799282
32.05367,1.7376195,126.52439,61.890244
33.605976,1.7376195,102.64227,46.000134
25.96017,1.7376195,96.54966,43.90244
23.470839,1.7376195,92.33896,39.90053
23.29303,1.7376195,91.04744,39.39682
23.64865,1.7376195,86.31324,40.243904
24.893314,1.7376195,69.10569,37.5
36.273117,1.7376195,58.94309,36.05255
40.89616,1.7376195,118.88693,29.878048
41.607395,1.7376195,88.414635,42.0776
41.073967,1.2637566,88.92277,38.109756
40.54054,1.7376195,129.70465,42.682926
30.51211,1.7376195,99.085365,46.05768
36.806545,1.7376195,109.24797,63.109756
30.902637,1.7376195,102.64227,59.756096
31.827883,2.2111068,137.33969,64.02439
32.1835,1.7376195,124.26097,53.353657
35.02845,1.7376195,125.561905,48.17073
36.806545,1.8082373,135.58362,55.792683
40.18492,2.1720243,111.28049,60.67073
43.029873,1.954822,129.57317,82.31708
45.697014,1.7376195,138.71951,73.17073
44.09673,1.7376195,132.62195,65.54878
37.162163,1.954822,137.9891,58.23171
36.806545,1.7376195,137.77626,58.841465
35.73969,1.7376195,106.19919,46.546013
26.849218,1.7376195,92.479675,51.52439
23.470839,1.7376195,86.89024,43.636196
23.826458,1.7376195,81.30081,42.064114
30.320332,1.7376195,81.30081,38.414635
24.893314,1.7954525,87.85324,35.97561
29.303272,1.7376195,60.97561,29.268293
35.917496,1.4638443,74.69512,33.536587
38.762447,1.4029318,92.98781,40.548782
41.073967,2.1720243,102.64227,45.73171
42.140823,1.7376195,103.150406,48.17073
31.784029,1.7376195,115.85366,49.82106
32.09703,1.7376195,123.98374,57.317074
40.54054,1.954822,113.82114,46.036587
38.762447,1.7376195,102.13415,56.707317
31.840755,1.7376195,113.82114,46.951214
38.406826,1.5907133,114.32927,50.38735
30.908869,1.7376195,97.05285,50.914635
42.67425,1.7376195,112.80488,48.17073
45.341393,1.954822,116.86992,57.92683
52.63158,2.1720243,128.04878,46.341465
44.985775,1.7376195,130.0813,53.048782
40.18492,1.7376195,149.89838,61.585365
32.78157,1.7376195,134.65446,59.146343
39.118065,1.6709465,138.96179,55.487804
31.851156,1.7376195,112.296745,45.42683
24.715506,1.7376195,104.6748,38.414635
30.315376,1.7376195,92.98781,44.704
24.537695,1.7376195,83.84146,39.634148
25.782362,1.7376195,75.71138,37.80488
27.058918,2.0051916,59.95935,38.590416
29.405704,1.7469523,82.8252,28.963415
38.940254,1.5309525,99.085365,46.398575
42.140823,1.7376195,97.560974,43.96005
42.140823,1.7376195,130.86981,42.987804
42.496445,1.7376195,135.49977,47.256096
42.318634,1.7376195,135.1626,49.695118
41.42959,1.4091783,98.57723,46.09749
30.17598,1.7376195,89.939026,52.743904
37.873398,1.7376195,100.10162,45.42683
35.02845,1.7376195,109.756096,44.817074
36.984352,1.7376195,112.296745,42.378048
41.42959,1.7376195,111.28049,47.33043
44.452347,1.7376195,130.58943,51.70969
33.423008,1.7376195,140.75203,51.219513
47.830727,1.7376195,146.65385,54.878048
41.251778,1.7376195,148.88211,60.67073
38.762447,1.7376195,133.13008,55.487804
32.16282,1.7376195,119.41057,47.560974
29.054367,1.7376195,108.92229,45.329456
23.64865,1.7376195,86.89024,37.5
23.826458,2.1580775,84.349594,34.756096
24.182077,1.7376195,79.268295,41.744663
25.248934,1.8381525,91.331764,37.19512
30.419222,1.7376195,73.67886,26.524391
41.251778,1.7376195,89.43089,29.268293
30.236275,1.7376195,88.92277,43.550423
41.42959,1.7376195,81.808945,38.414635
40.71835,1.7376195,85.36585,38.109756
39.118065,1.7376195,82.8252,40.243904
30.711142,1.9239712,111.28049,39.32927
34.495018,1.7376195,107.21545,34.451218
32.53912,1.7376195,86.89024,42.466324
30.938831,1.954822,97.560974,46.188328
31.29445,1.7376195,90.955284,50.0
30.837963,1.7376195,91.97154,45.121952
40.00711,1.7376195,120.42683,42.378048
33.27302,1.7376195,143.80081,57.144737
42.496445,1.7376195,142.78455,49.390244
27.975264,2.3892267,120.601715,50.609756
36.095306,2.1720243,157.52032,56.707317
31.65007,1.7376195,120.704636,52.43903
32.53912,1.7376195,120.93496,45.42683
25.426743,1.7376195,107.72358,41.15854
23.29303,1.7376195,96.03658,34.146343
30.570206,1.7376195,84.349594,33.23171
24.537695,1.7376195,90.955284,32.92683
25.248934,1.7376195,88.414635,34.451218
30.35716,1.7376195,74.18699,26.829268
40.00711,1.212464,81.30081,28.963415
43.91892,1.7376195,80.28455,29.573172
40.18492,1.7376195,118.30427,29.573172
32.894737,1.7376195,87.9065,26.219515
36.450924,1.7376195,105.18293,46.254036
35.56188,1.954822,101.626015,26.219515
29.314823,1.7376195,108.7789,45.093575
32.53912,1.7376195,84.349594,42.378048
29.51636,1.7376195,72.662605,46.036587
29.694168,1.7376195,70.63008,46.036587
29.82735,1.7376195,76.21951,38.719513
38.940254,1.7376195,96.544716,34.146343
42.318634,1.7376195,115.34553,46.951214
42.318634,2.1720243,112.80488,62.5
30.820793,2.1893144,121.95122,59.756096
36.273117,1.9921237,145.92601,67.98781
32.005688,1.7376195,134.14635,55.487804
32.1835,1.7376195,121.44309,45.121952
25.071123,1.7376195,104.6748,39.634148
31.40551,1.7376195,96.544716,33.536587
23.29303,2.1709447,90.955284,32.317074
23.826458,1.7293729,79.906494,31.40244
24.715506,1.7376195,74.69512,31.707317
35.917496,1.7376195,107.50683,31.09756
40.54054,1.3115013,77.23577,39.634148
42.67425,1.7376195,88.414635,42.987804
41.073967,1.954822,127.811035,40.853657
40.71835,1.7376195,88.92277,37.5
38.22902,1.7376195,98.57723,41.76829
29.930105,1.7376195,107.88261,44.817074
34.672832,1.7376195,125.43881,48.780487
30.296932,1.7376195,92.479675,44.43999
30.19088,1.7376195,88.414635,43.53177
31.29445,2.1346717,128.62059,57.317074
32.716927,1.7376195,116.77276,47.966618
40.54054,1.4797263,114.837395,50.318142
43.5633,1.7376195,133.13008,54.878048
48.008533,2.1720243,160.06097,68.902435
44.807964,1.3649791,156.50406,58.841465
39.473682,1.954822,145.83333,66.15854
32.716927,1.7376195,141.26016,62.80488
34.139404,1.7376195,134.14635,50.914635
26.31579,1.7376195,117.88618,40.548782
23.64865,1.7376195,104.166664,38.109756
31.253103,1.7376195,96.03658,38.414635
30.541153,1.7376195,99.085365,46.024845
24.537695,1.7376195,85.873985,39.02439
29.587448,1.7376195,70.12195,38.109756
29.356325,1.7376195,76.727646,40.691513
43.029873,1.520417,99.5935,51.52439
41.42959,1.3001922,107.21545,41.463413
29.851587,1.7376195,87.39838,58.23171
29.772099,1.7376195,108.88255,46.951214
32.951622,1.7376195,126.52439,41.15854
36.095306,1.7376195,109.24797,43.90244
33.072548,1.7376195,104.6748,57.012196
32.36131,1.7376195,107.72358,47.481243
32.216125,1.7376195,121.44309,52.134148
37.51778,1.954822,130.7632,53.684624
41.963017,1.7376195,110.26423,65.85366
46.05263,1.7376195,152.94716,57.24386
55.83215,2.3892267,161.33177,59.756096
53.876244,2.3892267,171.74797,64.32927
31.885946,2.1720243,160.06097,70.12195
39.651493,1.6132501,140.75203,57.621952
39.651493,1.7376195,136.78888,54.26829
28.271692,1.7376195,119.41057,45.42683
24.182077,1.7376195,86.49015,40.243904
24.893314,1.7376195,87.32135,39.32927
24.182077,1.7376195,83.84146,39.634148
25.604551,2.298049,76.21951,42.550488
38.05121,1.7376195,69.10569,35.365852
30.019882,1.7376195,108.76025,46.646343
43.38549,1.7376195,97.560974,51.82927
31.973093,1.7376195,116.86992,49.390244
41.251778,1.4165059,102.64227,52.134148
41.073967,1.4440173,113.31301,49.76763
40.71835,2.1720243,136.03737,54.877544
37.339973,1.7376195,132.1584,50.30488
35.384068,1.7376195,105.691055,58.841465
35.56188,1.7376195,103.150406,46.175533
34.672832,1.8106806,116.361786,53.353657
36.806545,1.7376195,107.72358,59.451218
41.607395,1.7376195,123.47561,50.50155
46.230442,1.7376195,160.5691,72.256096
51.031296,2.606429,158.02846,68.597565
48.186344,1.954822,151.41171,59.451218
41.251778,1.954822,158.53659,67.37805
40.89616,1.7376195,177.84554,73.78049
39.473682,1.7376195,137.70325,63.109756
30.715462,2.1708171,124.49187,54.57317
31.635382,1.7376195,108.231705,50.0
25.248934,1.7376195,97.10589,41.35567
24.182077,1.7376195,91.46342,42.987804
25.426743,2.2398427,84.85773,45.73171
36.450924,1.7376195,81.808945,40.548782
38.762447,1.7376195,129.33517,46.646343
30.93903,1.7376195,112.296745,72.86585
31.424377,1.7376195,112.80488,49.076183
31.573,1.7376195,121.95122,70.731705
43.38549,1.7376195,160.31374,77.743904
42.496445,1.954822,153.96341,78.04878
41.785206,1.6546658,157.01219,70.42683
41.785206,1.714038,136.17886,77.439026
40.00711,1.7376195,139.73578,90.243904
39.651493,1.8380296,151.6166,72.256096
32.548065,1.7376195,132.62195,54.19065
42.140823,1.7376195,132.11382,72.86585
49.07539,1.3835946,150.40651,78.65854
56.187767,1.7376195,172.76422,77.439026
49.07539,1.7376195,161.58537,70.731705
42.140823,1.6881571,160.06097,73.47561
41.251778,1.8389201,160.15565,79.87805
42.67425,1.7376195,159.30746,77.439026
37.162163,1.9380636,127.54066,73.17073
25.782362,2.3234558,116.361786,51.983532
25.426743,1.7376195,117.04387,64.02439
24.537695,1.7376195,116.51069,65.243904
25.604551,2.069865,102.06945,45.3587
36.628735,1.7764556,135.36618,54.57317
30.714695,1.7376195,129.49474,63.414635
41.785206,1.7376195,111.78862,68.29269
43.5633,1.3533636,113.31301,56.09756
45.341393,1.7376195,125.0,56.09756
44.807964,1.7376195,155.31653,70.42683
44.09673,1.7376195,155.72961,70.731705
30.36764,1.7376195,120.0711,56.707317
40.54054,1.7376195,113.82114,48.21978
39.651493,1.7376195,117.37805,63.109756
31.12163,1.7376195,103.150406,53.658535
30.259405,2.2187316,116.86992,60.365852
30.4147,2.2625132,120.42683,63.719513
46.05263,1.7376195,127.032524,50.67037
52.987198,1.1495861,136.687,76.21951
50.853485,1.7376195,166.5399,76.21951
41.42959,1.9539427,159.04471,92.07317
32.68386,1.7376195,151.9309,84.14634
39.651493,1.7376195,151.04283,70.731705
32.009064,1.7376195,117.37805,50.914635
24.004267,1.7376195,92.7558,39.932755
24.893314,1.7376195,94.385796,46.036587
23.826458,1.7376195,104.6748,45.73171
30.830246,1.7376195,101.626015,46.311485
37.51778,1.7376195,84.349594,41.66217
42.67425,1.7376195,102.64227,45.36974
30.33463,1.7376195,122.65046,58.841465
29.911287,1.7376195,85.36585,42.696163
41.963017,1.954822,94.51219,83.53658
40.71835,1.7376195,111.28049,86.89024
40.71835,1.7376195,121.95122,86.28049
39.651493,1.7376195,105.691055,79.268295
33.961594,1.7376195,106.70731,93.90243
30.583216,2.0369897,110.26423,50.236233
31.65007,1.7376195,120.93496,85.060974
33.428165,1.7376195,109.756096,85.060974
42.318634,1.7376195,119.41057,99.085365
44.09673,1.954822,147.35773,106.70731
33.11946,1.7376195,164.63414,97.560974
48.186344,1.954822,171.33171,85.36585
25.248934,2.9991856,180.8943,86.585365
18.847794,1.7376195,124.015305,85.67073
20.625889,1.7376195,85.74698,37.692726
29.993994,2.289868,113.31301,67.68293
33.428165,1.7376195,109.24797,63.109756
27.916075,1.7376195,118.579346,60.365852
23.470839,1.7376195,109.75858,62.5
19.381224,1.7376195,101.313515,64.32927
29.515299,1.7376195,82.31707,55.792683
28.826488,2.3216987,97.560974,70.42683
45.163586,1.7376195,139.72658,51.766212
42.318634,1.7376195,101.11789,45.062943
41.251778,1.7376195,111.28049,71.03659
40.71835,1.8533816,158.6574,78.65854
39.473682,1.7376195,129.06505,63.109756
34.31721,1.7376195,143.16487,70.42683
29.566685,1.7376195,96.544716,79.87805
31.65007,1.954822,117.31861,49.714947
33.072548,1.7376195,111.28049,59.146343
33.428165,1.7376195,119.17383,48.80057
40.89616,1.7376195,116.361786,71.34146
44.452347,1.7376195,158.53659,58.57708
52.987198,1.7376195,154.97968,87.80488
49.78663,1.7376195,166.66667,86.585365
41.42959,2.1720243,179.87805,83.53658
39.295876,1.7376195,153.96341,88.71951
40.89616,1.7376195,145.83333,75.914635
32.005688,1.7376195,119.9187,55.487804
32.111576,1.7376195,114.32927,39.634148
25.782362,1.7376195,89.782104,39.02439
25.248934,1.7376195,97.560974,37.19512
27.027027,1.7376195,85.873985,39.939026
38.406826,1.7376195,80.28455,33.23171
43.38549,1.7376195,85.36585,41.400097
44.09673,1.7376195,96.03658,48.780487
41.963017,1.7376195,93.49593,49.695118
41.785206,1.7376195,138.16162,53.048782
41.073967,1.7376195,104.6748,45.712387
39.829304,1.5922167,112.80488,59.451218
28.857897,1.7376195,107.25513,44.604332
35.917496,1.7376195,135.42067,58.23171
35.02845,1.7376195,88.414635,49.085365
35.20626,1.7376195,100.10162,48.17073
38.406826,1.7376195,104.6748,58.536587
41.963017,1.954822,114.837395,67.07317
47.119488,1.4199989,142.27643,73.78049
30.700548,1.7376195,132.49512,67.37805
45.697014,2.1720243,147.86586,82.62194
40.89616,1.954822,169.71545,84.756096
38.05121,1.9409245,143.80081,76.82927
39.473682,1.7376195,144.95,64.63415
31.116644,1.7376195,106.19919,45.42683
24.537695,1.7376195,95.020325,41.463413
25.426743,1.7376195,98.06911,39.939026
24.715506,1.7376195,89.43089,39.634148
27.204836,1.7376195,81.30081,40.243904
38.05121,1.7376195,69.61382,32.92683
41.607395,1.7376195,125.33825,36.585365
42.140823,1.7376195,88.92277,41.463413
29.292742,2.1720243,106.19919,50.30488
35.02845,1.7376195,123.838326,50.355236
36.273117,1.7376195,110.26423,56.707317
39.651493,1.7376195,143.87834,61.585365
28.612053,2.200143,92.479675,60.060974
37.51778,1.6028376,96.03658,45.83684
33.961594,1.7376195,129.8048,53.963413
32.53912,1.7376195,98.57723,58.841465
36.628735,1.7376195,101.626015,52.43903
41.073967,1.7376195,148.15204,66.768295
32.1714,1.7376195,138.21138,77.13415
44.09673,2.1720243,138.71951,73.17073
28.39651,2.606429,139.73578,68.29269
38.762447,2.1720243,132.9857,54.77816
34.31721,1.7376195,142.27643,83.53658
39.651493,1.7376195,145.09389,63.414635
30.583216,2.034391,113.82114,52.43903
31.510307,1.7376195,104.6748,47.865852
30.877499,1.7376195,93.49593,46.646343
24.537695,1.7376195,87.39838,43.423466
26.671408,2.008189,104.69875,45.931633
37.51778,1.7376195,116.704575,34.146343
40.00711,1.7376195,96.03658,39.32927
41.073967,1.7376195,101.626015,47.560974
30.974958,1.7376195,103.65854,52.43903
29.97074,1.7376195,86.38211,51.219513
31.144663,1.7376195,107.21545,56.40244
36.628735,1.7376195,110.26423,45.121952
33.78378,1.7376195,112.20259,40.853657
32.716927,1.7376195,83.333336,41.90042
31.116644,1.8495921,97.05285,42.987804
30.583216,1.7376195,112.153946,46.951214
31.29445,1.7376195,94.51219,54.26829
36.273117,1.7376195,121.95122,54.878048
38.940254,1.6125089,123.47561,56.40244
31.317627,1.7376195,119.9187,71.34146
38.762447,1.6435777,134.65446,58.23171
33.428165,1.7376195,139.0677,66.15854
32.1835,1.7376195,142.27643,68.29269
36.628735,1.7376195,127.33066,51.539867
29.694168,2.210998,109.24797,60.67073
24.359886,2.381929,100.10162,49.695118
25.604551,1.7376195,100.10162,48.780487
30.091211,1.7376195,87.9065,43.47244
26.13798,1.7376195,80.28455,50.914635
35.20626,1.7376195,124.04007,50.371407
30.583216,1.954822,77.743904,42.682926
31.116644,1.7376195,95.52846,51.82927
35.917496,2.1720243,112.296745,69.51219
30.945915,1.7376195,109.756096,66.46342
38.22902,1.7376195,134.65446,70.12195
40.54054,1.7376195,152.89981,72.86585
41.073967,1.7376195,127.54066,51.58425
39.829304,1.7376195,112.80488,67.07317
36.095306,1.7376195,121.95122,44.512196
33.428165,1.7376195,106.70731,40.853657
34.85064,1.7376195,113.82114,42.987804
31.237251,1.7376195,106.19919,49.695118
40.89616,1.7376195,126.01626,54.878048
30.832687,2.3261518,130.58943,66.15854
38.762447,1.6597193,132.62195,58.536587
31.472263,1.7376195,135.1626,54.212807
31.29445,2.1791074,132.11382,63.414635
37.51778,1.7376195,128.04878,66.768295
29.51636,2.2441847,106.19919,63.414635
24.182077,1.7376195,107.353745,58.23171
25.248934,2.3170652,94.51219,46.559097
24.893314,1.7376195,84.349594,54.57317
25.96017,1.7376195,76.21951,40.76542
32.716927,1.954822,55.89431,46.036587
30.341255,1.7376195,116.90744,53.353657
27.075657,2.3892267,91.97154,54.878048
33.78378,1.954822,103.150406,57.621952
38.762447,1.7376195,95.020325,43.793312
41.42959,1.7376195,126.687035,39.32927
40.89616,1.7376195,124.32271,36.280487
39.118065,1.7376195,122.999016,36.585365
30.375002,1.7376195,86.38211,42.07317
30.623495,1.7376195,84.85773,37.19512
31.29445,1.7376195,81.808945,33.536587
30.583216,1.7376195,84.85773,42.192245
38.05121,1.7376195,83.333336,39.32927
40.18492,1.7376195,138.41603,54.57317
40.00711,1.954822,118.902435,60.97561
31.563066,1.954822,135.1626,64.939026
30.938831,1.7376195,146.8496,57.120026
30.761023,1.7376195,140.75203,62.80488
29.201658,1.7376195,109.622055,45.515663
29.16074,1.7376195,103.65854,53.658535
23.826458,1.7376195,89.386444,43.59756
28.447474,1.7018656,98.40816,34.756096
24.359886,1.7376195,82.31707,35.97561
25.426743,1.7376195,73.17073,40.175472
34.31721,1.4529248,59.451218,28.658537
38.584637,1.7376195,83.84146,41.32288
30.355673,1.7376195,84.85773,44.207317
40.362732,1.7376195,84.85773,55.792683
41.073967,1.7376195,85.36585,58.23171
41.42959,1.7376195,101.626015,45.00442
38.584637,1.5460905,111.28049,51.52439
33.961594,1.7376195,101.11789,42.682926
32.716927,1.7376195,81.808945,37.5
31.827883,1.9432675,80.79269,54.26829
31.65007,1.7376195,87.39838,60.97561
28.891735,2.0584958,92.479675,45.88719
41.963017,1.3832524,107.21545,47.82159
43.741108,1.7376195,150.70796,65.243904
44.807964,1.7376195,137.19513,76.21951
42.67425,1.7376195,160.12395,79.57317
31.931559,1.7376195,139.73578,88.414635
32.4753,1.7376195,128.55692,53.041553
35.73969,1.7376195,112.296745,72.560974
28.982931,1.7376195,124.11957,62.5
24.004267,1.7376195,89.939026,57.621952
24.715506,1.7376195,108.177505,57.621952
29.710957,1.7376195,82.8252,58.536587
25.604551,1.7376195,76.21951,56.40244
35.73969,1.7376195,60.46748,35.365852
40.00711,1.7376195,133.43745,52.28066
28.971743,1.954822,87.9065,59.146343
40.89616,2.1720243,87.39838,53.658535
41.251778,1.3992246,92.479675,44.492577
41.073967,1.7376195,135.2278,52.34883
38.584637,1.954822,112.296745,38.109756
36.273117,1.7376195,84.349594,34.756096
33.78378,1.7376195,76.727646,40.853657
31.827883,1.7376195,90.44715,34.146343
31.827883,1.7376195,86.89024,39.02439
33.072548,1.7376195,97.560974,43.292683
40.89616,1.7376195,106.19919,53.048782
45.697014,1.7376195,146.29134,56.707317
47.119488,1.3867991,158.22911,69.20731
43.741108,2.1720243,140.75203,56.632545
38.05121,1.908222,146.34146,73.47561
34.139404,1.7376195,129.57317,75.60976
31.007265,1.7376195,112.296745,69.81707
28.80512,1.7376195,96.544716,59.146343
30.227245,1.7376195,118.5879,55.487804
24.537695,1.7376195,102.91769,53.048782
24.182077,1.7376195,100.91758,53.658535
25.96017,1.7376195,79.268295,42.378048
36.450924,1.5928459,60.46748,37.596478
40.54054,1.7376195,76.727646,36.585365
41.785206,1.4554553,79.77642,59.756096
40.54054,2.1720243,139.95984,54.26829
29.106104,1.954822,83.84146,48.780487
38.940254,2.1720243,102.64227,43.59756
36.628735,1.7376195,120.42683,46.036587
36.095306,1.4788195,101.11789,33.841465
33.25035,1.7376195,88.414635,43.90244
30.583216,1.7376195,86.89024,42.682926
32.1835,1.864401,86.38211,50.0
35.02845,1.7376195,95.020325,48.17073
30.882175,1.7376195,105.691055,57.317074
44.807964,1.7376195,137.19513,72.560974
46.230442,1.2250136,149.89838,58.246975
43.741108,1.7376195,145.32521,70.731705
38.05121,1.9547486,151.50723,74.69512
35.56188,1.3032146,145.19293,71.95122
38.05121,1.7376195,127.032524,67.68293
29.16074,1.7376195,106.19919,58.23171
19.381224,1.7376195,92.98781,54.57317
30.63872,1.7376195,94.00407,53.658535
30.496994,1.7376195,90.955284,50.30488
25.96017,2.3106706,79.268295,53.353657
36.628735,1.6733508,126.39511,44.207317
39.473682,1.7376195,82.31707,45.121952
41.785206,1.7376195,83.84146,33.841465
38.940254,1.4278277,88.92277,43.59756
39.295876,1.7376195,91.97154,49.695118
38.406826,1.7376195,97.05285,52.134148
34.139404,1.7376195,98.57723,38.414635
33.78378,1.8007678,95.52846,46.098927
31.65007,1.7376195,88.414635,38.719513
31.271433,1.7376195,107.21545,47.788006
29.953814,2.079928,107.72358,50.609756
32.36131,1.7376195,105.691055,42.987804
39.118065,2.1720243,110.26423,60.060974
31.03623,2.1720243,140.75203,61.585365
43.91892,1.954822,149.96663,63.109756
43.029873,2.606429,136.17886,78.65854
38.762447,2.3892267,140.75203,78.35366
35.56188,1.7376195,130.58943,61.890244
37.873398,1.7376195,123.98374,70.12195
30.449297,1.7376195,101.11789,62.80488
24.359886,1.7376195,85.873985,53.963413
25.248934,1.7376195,88.92277,53.353657
16.002846,1.7376195,80.46584,53.658535
25.782362,2.3892472,77.743904,58.841465
36.095306,1.7376195,58.94309,36.380783
39.829304,1.7376195,80.28455,52.743904
28.894564,2.0598364,88.92277,52.134148
42.496445,1.2802022,95.52846,45.121952
42.318634,1.3514842,95.52846,45.071266
40.89616,1.7376195,97.560974,44.24922
38.940254,1.7376195,131.76888,52.2521
36.628735,1.7376195,102.64227,56.707317
34.672832,1.954822,107.21545,59.756096
35.02845,1.7376195,118.24004,42.682926
31.290365,1.7376195,106.19919,48.47561
34.672832,1.7376195,131.25327,53.963413
40.54054,1.7376195,115.85366,50.914635
43.20768,1.7376195,111.28049,50.914635
29.643719,1.7376195,107.46129,45.73171
42.496445,1.7376195,136.83618,49.695118
35.73969,2.063301,147.90633,72.560974
34.672832,1.7376195,140.2439,67.68293
36.806545,1.7376195,123.47561,67.37805
28.982931,1.7376195,106.19919,47.6791
24.182077,2.478584,91.46342,56.09756
30.307074,1.7376195,93.49593,44.599216
29.973316,1.7376195,117.48727,54.878048
25.248934,1.7376195,78.25203,56.707317
32.53912,1.7376195,58.43496,46.646343
35.917496,1.7376195,76.727646,54.878048
38.940254,1.761058,144.16049,61.585365
41.251778,1.7376195,91.97154,59.756096
41.251778,1.3231077,95.52846,44.817074
41.251778,1.7376195,114.837395,36.280487
41.251778,1.954822,123.47561,36.280487
40.362732,1.7376195,119.9187,35.060974
40.362732,1.7376195,129.30975,43.90244
37.51778,1.7376195,116.86992,42.07317
36.984352,1.5300077,121.38704,36.280487
38.406826,1.7376195,97.05285,44.512196
41.607395,1.7376195,104.6748,41.76829
43.91892,1.7376195,118.902435,42.07317
44.807964,1.7376195,123.47561,42.987804
42.140823,1.4556571,136.17886,56.40244
36.450924,1.7376195,137.19513,54.103928
37.69559,1.7376195,138.71951,45.73171
38.940254,1.7376195,121.95122,49.997032
28.982931,1.9638225,109.43461,47.67319
30.468447,1.7376195,89.939026,50.30488
24.715506,1.7376195,84.85773,43.136578
23.826458,1.7376195,82.31707,35.060974
25.248934,1.7376195,76.727646,32.621952
31.116644,1.7376195,56.40244,25.0
29.125795,1.7376195,84.393005,23.780487
31.29445,1.5701262,69.61382,24.390244
38.406826,1.7376195,84.349594,27.134146
41.42959,1.4397843,134.5841,46.036587
41.963017,1.7376195,126.01626,50.805416
41.073967,1.7376195,138.21138,51.82927
31.455442,1.8499166,119.9187,32.92683
36.095306,1.7376195,100.45048,24.390244
33.961594,1.7376195,102.64227,21.036585
30.427246,1.6900599,92.98781,25.304878
36.628735,1.623088,76.727646,41.417427
29.62263,1.7376195,79.77642,41.38428
44.09673,1.7376195,102.13415,34.451218
44.274536,1.104873,123.98374,33.23171
42.67425,1.2479186,128.55692,38.414635
38.406826,1.7641999,126.01626,65.85366
37.51778,1.7376195,129.06505,70.12195
37.162163,1.7376195,126.52439,60.365852
28.449503,1.7376195,111.426186,52.743904
23.826458,2.2898848,94.51219,41.463413
25.248934,1.722211,84.53433,30.792683
24.182077,1.7198801,80.54699,29.878048
25.782362,1.7376195,76.21951,32.621952
34.139404,1.7376195,54.878048,35.652153
28.446224,1.9755408,113.568146,49.28063
42.318634,1.7376195,119.20406,28.963415
41.42959,1.3854815,88.92277,43.74694
40.89616,2.1720243,131.11946,44.207317
39.829304,1.7376195,102.13415,46.341465
38.22902,1.7376195,126.01626,44.207317
34.495018,1.7376195,95.020325,34.756096
28.928173,1.6664449,98.985245,34.451218
30.583216,1.7376195,82.31707,41.763405
31.116644,1.7686458,87.9065,38.414635
33.072548,1.7118601,82.8252,42.378048
41.073967,1.417177,95.020325,45.178074
43.38549,1.7376195,118.902435,50.609756
42.67425,1.7376195,122.967476,50.21171
41.073967,1.7376195,126.52439,52.43903
33.961594,1.7376195,121.04628,49.302933
35.56188,2.0278819,138.21138,72.560974
36.095306,1.6946322,120.42683,51.77864
27.204836,1.7376195,110.45135,53.963413
24.004267,2.410752,86.89024,45.128273
29.797598,1.7376195,84.85773,42.44043
29.66428,1.7376195,78.76016,50.0
25.782362,1.7376195,78.25203,52.743904
35.20626,1.525904,56.91057,39.634148
41.073967,1.7376195,134.0975,49.390244
42.852062,1.3707638,79.268295,55.792683
31.098299,1.7376195,97.560974,46.036587
41.251778,1.7376195,77.743904,39.546513
38.584637,1.7376195,131.57137,52.400448
37.162163,1.7376195,112.80488,38.414635
33.072548,1.7376195,92.479675,38.719513
34.31721,1.6775926,86.89024,44.817074
31.65007,1.7376195,87.39838,42.987804
31.827883,1.7376195,97.560974,49.695118
33.605976,1.9482846,131.45796,53.963413
41.073967,1.7376195,106.70731,63.719513
44.452347,1.7376195,153.0143,66.15854
29.97555,2.4387197,138.46555,68.29269
30.733446,1.7376195,135.19347,70.12195
38.762447,1.7376195,137.70325,78.04878
38.05121,1.7376195,123.47561,79.57317
36.628735,1.7376195,127.032524,50.914635
28.093884,1.7376195,105.691055,47.32505
24.182077,1.7376195,92.479675,44.514557
25.426743,1.7376195,85.36585,40.853657
24.893314,1.9570802,94.7944,42.378048
26.13798,1.7376195,99.41636,42.107456
34.85064,1.7376195,60.97561,36.83466
40.89616,1.7376195,77.743904,38.719513
30.344162,1.7376195,89.939026,47.865852
41.073967,1.7376195,142.5481,59.146343
40.00711,2.606429,88.414635,46.772755
39.473682,2.1720243,92.479675,45.193012
37.162163,1.954822,118.902435,51.007374
36.984352,1.5862057,102.13415,46.646343
34.85064,1.7376195,99.5935,50.0
31.472263,1.7376195,122.9836,54.57317
33.605976,1.7376195,102.64227,60.67073
34.139404,1.9164073,102.13415,60.97561
41.607395,1.7376195,104.6748,64.939026
44.09673,1.5668075,134.14635,75.0
44.807964,1.7376195,145.68298,58.23171
43.741108,1.7376195,161.58537,63.414635
30.665472,2.1720243,144.30894,69.51219
36.095306,1.7376195,131.6057,64.939026
35.917496,1.8243097,120.93496,60.365852
27.382647,1.7376195,110.26423,51.82927
23.826458,1.7376195,93.49593,44.962337
25.604551,1.7376195,89.43089,42.378048
24.359886,1.7376195,91.46342,41.463413
26.13798,1.7376195,79.268295,43.90244
35.384068,1.7376195,65.54878,37.75477
40.54054,1.3149105,82.31707,41.15854
43.029873,1.7376195,90.955284,46.951214
29.17113,1.9554087,113.441376,46.951214
43.029873,1.268802,90.955284,46.341465
44.985775,1.7376195,109.24797,43.59756
37.873398,1.7376195,114.837395,44.512196
33.605976,1.6671486,94.00407,38.414635
32.53912,1.9102863,78.76016,53.963413
32.36131,1.8996471,96.544716,52.134148
31.827883,1.7376195,88.92277,53.353657
40.362732,1.7376195,100.60976,53.658535
41.251778,1.5165122,104.166664,60.060974
43.029873,1.7376195,135.67073,63.719513
44.452347,1.7376195,141.7683,54.69818
43.029873,1.5836477,139.73578,71.03659
40.362732,1.7376195,126.01626,74.69512
38.406826,1.7376195,125.50814,72.256096
37.873398,1.7376195,112.80488,69.51219
31.189548,1.7376195,109.24797,58.536587
24.359886,1.7376195,95.52846,45.37052
25.96017,1.7376195,87.39838,52.134148
30.32739,1.7376195,116.225235,52.43903
25.96017,1.7376195,72.662605,55.792683
34.495018,1.7376195,59.451218,44.207317
40.89616,1.7376195,76.727646,48.780487
43.20768,1.954822,93.49593,44.072716
41.42959,1.7376195,100.60976,48.780487
38.762447,1.7376195,87.9065,42.28141
30.682846,1.7376195,100.60976,46.367878
37.873398,1.7376195,141.91925,63.414635
35.20626,1.7336626,115.85366,50.645153
35.02845,1.7376195,130.21426,53.353657
30.046406,1.7376195,86.38211,53.353657
33.25035,2.060528,134.84467,60.365852
30.509884,1.7376195,123.533455,58.841465
40.362732,1.7376195,103.150406,45.417747
42.496445,1.4042288,131.6057,53.048782
42.140823,1.7376195,133.27261,45.121952
40.00711,2.3892267,134.74103,55.85782
29.153412,2.1720243,128.72763,59.146343
29.33097,2.3892267,128.04878,53.658535
36.450924,1.954822,121.95122,51.219513
31.540504,1.7376195,109.24797,47.256096
24.359886,1.7376195,94.51219,40.853657
25.071123,1.7376195,86.89024,37.19512
24.182077,1.7376195,87.39838,36.280487
29.280905,1.7376195,78.25203,41.069153
33.428165,1.7376195,53.353657,30.182926
37.162163,1.7376195,117.5624,37.19512
39.651493,1.3703897,96.03658,42.07317
29.943884,1.954822,99.5935,49.085365
41.073967,1.418695,100.60976,46.3588
41.42959,1.420241,113.82114,49.70813
41.251778,1.3209455,124.49291,35.060974
39.473682,1.7376195,107.72358,28.658537
38.762447,1.4501277,122.178215,36.585365
36.806545,1.7376195,125.0,51.116653
33.961594,1.7376195,110.772354,30.792683
31.619225,1.7376195,99.5935,36.890244
40.89616,1.7376195,110.772354,34.451218
43.38549,1.1984863,126.18189,33.841465
43.20768,1.3460199,131.09756,53.63394
43.029873,2.3892267,133.13008,56.172165
39.118065,1.7376195,133.3179,52.7462
37.339973,1.7376195,127.032524,42.987804
38.22902,1.7376195,130.44647,52.194817
31.632675,1.7376195,104.166664,36.585365
24.893314,1.7376195,95.52846,31.40244
26.671408,1.7376195,95.52846,33.23171
25.071123,1.7376195,85.36585,31.707317
26.13798,1.7376195,72.15447,32.317074
32.716927,1.7376195,118.510025,48.650753
33.961594,1.4540751,65.54878,25.609756
33.072548,1.4709517,67.5813,22.560976
40.54054,1.7376195,81.808945,23.780487
41.785206,1.7376195,94.51219,43.598057
41.963017,1.7376195,123.47561,39.32927
42.496445,1.7376195,140.2439,43.292683
30.308378,1.8036436,98.06911,32.621952
31.287281,1.7376195,94.00407,30.792683
35.73969,1.7376195,83.333336,28.963415
32.005688,1.7376195,96.544716,29.268293
33.605976,2.1720243,90.44715,20.426828
29.141994,1.7376195,86.33932,26.524391
42.67425,1.7376195,120.3401,28.963415
43.38549,1.7376195,109.24797,32.621952
29.944471,1.7376195,105.18355,42.07317
31.761183,2.101542,137.19513,56.927017
32.037655,1.7376195,115.34553,49.085365
38.406826,1.7376195,115.85366,41.15854
29.16074,1.7376195,99.5935,45.832024
24.182077,1.7376195,86.89024,43.543476
26.493599,1.7376195,86.38211,33.536587
25.071123,1.7376195,86.89024,31.40244
29.52224,1.7376195,93.6888,32.92683
34.139404,1.7376195,56.91057,22.256098
40.18492,1.7376195,72.15447,26.829268
31.430885,1.7376195,90.44715,27.439024
42.67425,1.3121326,82.31707,41.97947
47.475105,1.7376195,86.38211,37.19512
42.140823,1.7376195,129.99588,41.76829
40.362732,1.7376195,112.296745,38.414635
39.829304,1.954822,96.03658,34.451218
29.506952,1.7376195,95.094666,33.841465
33.78378,1.5825878,80.28455,34.756096
31.116644,1.7376195,82.8252,42.682926
30.199835,1.7376195,84.349594,46.036587
40.54054,1.7376195,100.60976,50.914635
43.38549,1.7376195,118.39431,48.78519
47.475105,1.7376195,115.34553,50.0
43.38549,1.3678904,129.06505,54.26829
31.763933,2.1148307,139.22765,57.421314
36.273117,1.7376195,121.44309,50.40626
38.22902,1.7376195,117.37805,49.695118
29.51636,1.7376195,91.46342,36.280487
24.537695,1.7376195,87.39838,43.440186
24.893314,1.7376195,90.44715,44.014874
24.893314,2.0809863,90.955284,32.012196
26.13798,1.7376195,100.13444,42.41323
35.56188,1.3496348,56.91057,23.475607
40.89616,1.7376195,71.64634,28.658537
41.785206,1.7376195,81.808945,28.963415
39.829304,1.7376195,81.30081,28.353659
41.073967,1.7376195,135.2072,52.312294
40.00711,1.7376195,124.65243,38.414635
39.651493,1.954822,126.342834,40.853657
35.20626,1.5684936,95.52846,37.5
29.210276,1.7376195,108.554245,45.074883
30.938831,1.7376195,96.03658,44.766582
30.325455,1.8665355,100.10162,38.109756
33.961594,1.7376195,107.21545,47.121754
41.785206,1.7376195,114.837395,49.390244
45.341393,1.2819914,142.60603,50.609756
33.364414,1.7376195,139.73578,48.780487
43.91892,1.954822,147.35773,44.512196
39.473682,1.954822,143.29268,56.511024
37.51778,1.7376195,126.52439,53.048782
35.20626,1.7376195,122.45935,50.730198
27.204836,1.7376195,105.691055,47.45782
23.470839,2.2185867,85.36585,35.67073
24.182077,1.7376195,88.414635,31.707317
24.537695,1.7376195,79.77642,31.707317
25.426743,1.7376195,74.18699,40.47478
36.273117,1.7376195,58.94309,25.609756
42.496445,1.7376195,120.40022,28.963415
43.029873,1.7376195,120.822296,28.353659
41.607395,1.7376195,82.31707,28.658537
40.00711,1.3604962,122.54646,33.23171
30.07729,1.7376195,89.939026,43.826183
37.339973,1.954822,102.13415,37.5
26.740637,2.606429,88.414635,38.414635
34.672832,1.954822,114.91908,37.80488
29.935713,1.7376195,77.23577,41.76829
32.36131,1.7649204,83.333336,42.378048
29.473812,1.9732068,94.51219,44.817074
40.18492,1.4289243,91.97154,50.30488
44.274536,1.7376195,133.63821,55.792683
46.58606,1.7376195,114.837395,50.30488
44.452347,1.954822,143.25803,53.658535
31.300991,2.0959706,130.58943,55.141483
38.05121,1.7376195,142.7414,62.5
37.339973,1.7376195,120.93496,55.487804
28.627312,2.137609,102.64227,48.390614
24.004267,1.7376195,84.16311,38.414635
24.182077,2.238689,87.39838,39.32927
30.121014,1.7376195,76.727646,37.5
25.782362,1.7376195,73.17073,34.451218
29.52513,1.7376195,58.43496,26.219515
42.140823,1.7376195,73.67886,38.749687
42.140823,1.2507515,125.17404,33.23171
40.71835,1.7376195,98.06911,44.57493
39.295876,1.7376195,132.52338,52.336723
40.18492,1.4066415,97.560974,46.341465
39.829304,1.7376195,106.70731,44.512196
35.02845,1.566108,101.626015,38.109756
34.31721,1.7376195,106.70731,37.19512
32.53912,1.7412333,115.34553,38.414635
29.73043,2.0766032,106.19919,49.20349
32.005688,1.7376195,105.691055,39.939026
30.550297,1.7376195,97.05285,45.318233
42.852062,1.954822,119.41057,50.099422
44.274536,1.3362007,130.0813,54.26829
32.157658,1.954822,140.2439,53.658535
33.528767,1.7376195,148.88211,59.146343
38.584637,1.7376195,134.65446,52.43903
29.73315,1.7376195,102.305405,39.939026
27.382647,1.7376195,100.60976,34.451218
29.87166,1.7376195,83.84146,42.62006
25.071123,1.7376195,83.84146,31.707317
24.537695,1.7376195,80.79269,32.621952
29.224682,1.7376195,72.15447,39.642166
34.85064,1.3833876,100.91975,23.780487
30.184391,1.7376195,70.12195,28.353659
42.67425,1.7376195,86.89024,28.963415
28.863268,1.603398,95.98481,30.182926
40.362732,1.7376195,89.939026,37.80488
38.22902,1.5682795,105.691055,47.866234
31.230215,1.7376195,102.64227,45.73171
28.86301,1.954822,88.414635,44.54505
35.02845,1.7376195,86.89024,34.451218
30.721432,1.7376195,87.39838,35.365852
33.072548,1.7376195,101.88743,33.23171
32.53912,1.7629815,116.69142,42.682926
32.327324,1.7376195,123.98374,51.219513
41.251778,2.1720243,130.84659,42.987804
42.67425,1.192716,136.17886,32.317074
40.54054,1.7376195,138.21138,41.463413
34.139404,1.7376195,137.70325,53.353657
33.428165,1.7376195,119.82877,47.865852
34.495018,1.7376195,132.62195,40.548782
27.738264,1.965919,114.32927,34.756096
23.826458,1.7376195,101.11789,32.317074
24.715506,1.7376195,90.955284,28.963415
28.346916,2.0651565,85.36585,44.40149
30.456139,1.7376195,78.25203,29.878048
33.605976,1.4410527,52.845528,25.0
36.273117,1.7376195,66.05691,25.609756
37.69559,1.954822,83.333336,27.134146
38.762447,1.7376195,83.333336,23.475607
41.42959,2.1720243,98.57723,28.658537
40.54054,2.1720243,118.39431,26.829268
40.71835,1.2162371,123.47561,27.743902
32.4554,1.7376195,106.70731,24.390244
35.56188,1.7238497,100.60976,47.331146
35.384068,1.7376195,107.21545,31.09756
31.29445,1.9564068,89.43089,45.052586
33.78378,1.7376195,107.72358,31.707317
37.873398,1.4830445,121.214165,34.756096
42.140823,1.954822,112.296745,38.414635
42.318634,1.7376195,125.0,50.81921
40.54054,1.4211699,137.19513,44.512196
33.428165,1.7616693,125.50814,42.987804
35.384068,1.7376195,133.63821,43.292683
31.505953,1.946589,126.52439,38.719513
29.51636,1.7376195,98.13812,38.109756
24.537695,1.7376195,94.51219,35.67073
30.94684,1.7376195,86.89024,32.317074
23.64865,1.7376195,82.31707,28.963415
24.893314,1.7376195,72.662605,27.743902
28.605976,1.956974,112.98183,48.980694
31.65007,1.7376195,60.46748,28.658537
30.394173,1.7376195,74.69512,24.695122
31.187796,1.7376195,86.38211,21.95122
40.18492,1.7376195,117.88618,23.780487
41.073967,1.7376195,118.16782,29.573172
41.073967,1.7376195,119.62925,30.792683
36.628735,1.3577943,127.032524,22.560976
33.25035,1.7376195,88.13978,19.512196
30.28669,1.6911196,94.00407,23.170732
29.871977,1.64758,95.52846,21.341463
28.98966,1.7376195,84.96683,24.695122
38.584637,1.7376195,86.89024,26.829268
41.963017,1.7376195,124.234055,35.365852
41.963017,1.7376195,105.691055,31.707317
41.073967,1.954822,150.40651,38.109756
33.5407,1.7376195,143.29268,47.560974
30.56696,2.1895003,121.44309,57.621952
35.56188,1.7376195,122.967476,53.963413
27.027027,2.188722,104.6748,49.390244
23.29303,2.3263838,92.98781,42.378048
25.426743,1.7376195,88.414635,43.484474
24.182077,1.7376195,75.203255,42.682926
29.376904,1.7376195,72.15447,44.207317
32.716927,1.8425381,59.451218,38.26751
38.406826,1.5153388,123.89856,39.02439
40.89616,1.2735759,83.84146,39.02439
28.32971,2.0426655,81.808945,43.601284
39.295876,1.7376195,88.92277,39.02439
35.56188,1.7376195,125.17223,47.865852
33.428165,2.1720243,100.60976,47.560974
31.272524,1.7376195,93.49593,35.365852
26.964363,2.3892267,82.31707,42.07317
30.938831,1.7376195,88.92277,48.17073
30.761023,1.9188597,116.82186,46.951214
31.472263,1.9378302,100.10162,47.198505
35.56188,1.7376195,99.5935,45.167828
39.295876,1.7376195,126.01626,51.421005
39.295876,1.5215833,120.93496,51.433525
39.118065,1.7376195,139.73578,46.951214
35.02845,1.7376195,142.27643,55.95024
34.85064,1.9759693,135.1626,66.46342
35.02845,1.7376195,109.756096,59.146343
26.671408,1.7376195,99.88817,42.300873
23.470839,1.7376195,85.36585,47.256096
24.893314,1.7376195,86.89024,47.865852
24.004267,1.7376195,79.77642,42.02021
24.893314,1.7376195,76.21951,48.47561
33.072548,1.7376195,58.94309,41.463413
36.628735,1.7376195,70.63008,32.317074
38.940254,1.7376195,86.89024,30.792683
37.69559,1.3595184,90.955284,31.40244
36.628735,1.7376195,86.38211,39.32927
29.879778,1.99496,104.166664,43.59756
32.36131,2.1720243,111.28049,41.15854
30.405403,1.7376195,87.9065,37.5
30.938831,1.7376195,78.76016,44.207317
28.80512,2.114422,91.97154,52.134148
29.694168,1.7376195,83.84146,37.80488
31.29445,1.7376195,93.49593,49.695118
39.473682,1.7376195,131.43411,51.812656
41.607395,1.7376195,130.58943,61.585365
41.785206,1.7376195,132.11382,56.40244
32.82248,1.7376195,139.22765,59.756096
33.605976,1.7376195,150.91463,66.768295
31.65007,2.2374535,129.06505,68.902435
34.495018,1.7376195,131.09756,53.181965
29.140503,2.216421,100.60976,60.97561
24.182077,2.4771698,96.544716,54.57317
30.12584,1.7376195,111.960236,48.47561
29.89319,1.7376195,80.79269,47.256096
24.893314,1.7376195,95.777374,41.03334
28.491808,1.7376195,63.00813,37.82435
38.940254,1.7376195,72.15447,38.66562
41.607395,1.7376195,85.873985,51.219513
38.762447,1.954822,91.97154,48.17073
36.450924,1.7376195,128.23724,48.47561
39.651493,1.7376195,140.7572,58.536587
38.05121,2.1720243,109.756096,53.048782
28.65658,2.1720243,110.73026,44.512196
33.25035,1.7376195,88.414635,39.939026
31.472263,1.7376195,89.43089,43.397842
30.761023,1.8804959,91.97154,42.682926
29.394777,1.7376195,94.91563,34.756096
39.829304,1.7376195,91.97154,45.42683
41.963017,1.7376195,122.45935,50.060574
42.140823,1.7376195,120.93496,49.39683
28.418745,2.1720243,110.69086,43.90244
36.095306,1.7119733,137.70325,50.609756
32.716927,1.862285,115.85366,50.30488
35.384068,1.7376195,108.73984,36.280487
29.16074,1.7376195,106.57962,44.439423
24.715506,1.7376195,89.939026,29.878048
25.782362,1.7376195,74.69512,29.268293
25.071123,1.7376195,79.005554,30.487804
24.893314,1.7376195,69.61382,29.573172
33.961594,1.7376195,53.353657,23.170732
30.2647,1.7376195,74.18699,29.573172
30.622396,1.7376195,81.808945,33.841465
30.571186,1.7376195,78.76016,27.439024
40.362732,1.7376195,78.76016,34.146343
36.984352,1.7376195,115.246056,35.365852
30.196022,2.022901,106.70731,47.865852
31.65007,1.954822,92.98781,33.536587
33.605976,1.7376195,96.03658,44.483353
32.1835,1.7376195,106.19919,41.76829
29.544525,1.7376195,111.33541,46.220676
32.005688,1.7376195,94.51219,54.57317
30.314522,1.7376195,122.822136,59.146343
42.852062,1.7376195,134.65446,57.92683
43.5633,1.954822,144.07657,56.09756
42.318634,2.1720243,145.32521,57.317074
35.56188,1.7376195,140.75203,56.40244
32.894737,1.7376195,110.26423,68.29269
36.095306,1.7376195,113.31301,64.63415
29.535616,2.2107534,104.6748,61.890244
24.359886,1.7376195,105.50752,56.40244
25.782362,1.7376195,86.38211,55.182926
25.071123,2.3112457,82.8252,43.801758
24.893314,2.2460074,110.297226,55.487804
26.699121,2.1720243,61.483738,50.609756
39.651493,1.7376195,82.8252,40.850513
31.207605,1.7376195,99.085365,45.42683
41.963017,1.379729,133.45985,44.512196
41.607395,1.7376195,96.03658,45.73171
40.89616,1.954822,100.60976,46.242146
40.71835,1.7376195,121.95122,49.80015
37.69559,1.6115254,109.24797,48.9395
34.85064,1.754802,101.11789,47.330395
32.894737,1.7376195,97.560974,49.085365
34.85064,1.7376195,90.955284,43.326733
35.20626,1.7376195,140.37631,64.02439
40.362732,1.7376195,111.78862,65.54878
43.38549,1.3516695,141.7683,52.134148
46.941677,1.7376195,140.2439,54.57317
30.919521,2.3892267,157.01219,63.719513
39.295876,1.7376195,162.09349,75.30488
34.495018,1.7376195,140.75203,73.47561
38.940254,1.7376195,124.49187,71.95122
30.761023,1.7376195,110.26423,48.495777
31.345861,1.7376195,101.626015,39.634148
26.13798,1.7376195,97.05285,40.243904
25.604551,1.7376195,90.44715,40.853657
24.893314,1.7376195,84.349594,42.963314
33.605976,2.1720243,72.662605,35.365852
37.69559,1.7376195,121.99944,39.634148
41.073967,1.7376195,94.51219,48.47561
31.27889,1.7376195,110.26423,61.280487
42.140823,1.4429035,110.772354,58.23171
40.89616,1.7376195,106.19919,52.743904
41.073967,1.7376195,115.34553,49.085365
31.234173,1.7376195,108.73984,48.105568
31.32008,1.7376195,107.21545,48.012905
33.78378,1.7376195,109.24797,47.65708
32.53912,1.7376195,126.69427,54.878048
34.495018,1.7376195,100.60976,56.707317
40.89616,1.7376195,142.88078,59.146343
44.09673,1.7376195,119.9187,49.695118
45.87482,1.7376195,141.26016,63.109756
43.20768,1.7376195,160.5691,59.286423
37.69559,1.7376195,151.39125,74.69512
29.522497,1.7376195,110.62212,45.831562
30.335297,1.7376195,128.48102,64.63415
30.227596,1.7376195,123.98374,51.43942
24.715506,1.7376195,111.28049,49.085365
25.426743,1.7376195,103.150406,39.02439
24.715506,1.7376195,91.97154,38.109756
28.794645,1.9455132,113.84375,49.16344
30.938831,1.7376195,97.70362,34.756096
29.570452,1.7376195,96.86293,35.97561
30.60832,1.7376195,98.57723,45.645584
41.607395,1.7376195,92.98781,43.292683
41.963017,1.7376195,102.64227,44.512196
32.743504,1.7376195,125.0,47.560974
41.251778,1.3570346,136.687,44.207317
37.51778,1.3395679,116.361786,26.829268
36.273117,1.4226797,118.39431,29.573172
31.489515,1.954822,111.28049,29.268293
30.610096,1.7376195,99.085365,45.98091
31.827883,1.7376195,94.00407,28.963415
38.22902,1.7376195,112.457726,30.487804
30.813223,1.954822,105.18293,38.719513
47.475105,1.954822,128.55692,42.682926
43.91892,1.7376195,142.6674,54.57317
37.51778,1.7376195,167.17479,82.92683
35.56188,1.7376195,140.2439,54.930054
40.54054,1.7376195,149.8621,68.29269
30.583216,1.7376195,124.51334,58.841465
24.715506,1.7376195,100.10162,46.394608
30.925756,1.7376195,100.10162,55.487804
25.426743,1.7376195,92.479675,44.68548
30.170687,1.7376195,91.97154,44.215355
33.961594,1.7376195,69.61382,38.735844
39.651493,1.7376195,78.25203,51.219513
41.785206,1.7376195,92.98781,62.19512
40.71835,1.5573862,92.479675,61.585365
39.295876,1.7376195,90.44715,67.37805
33.78378,1.7376195,120.6012,49.2602
28.449503,2.1652544,116.86992,53.048782
14.224751,3.0644202,102.13415,48.471603
13.513514,1.7376195,88.414635,44.043354
30.06915,1.7376195,90.44715,59.756096
30.273584,1.7376195,96.03658,61.585365
31.827883,1.7376195,139.24593,68.902435
38.584637,1.7376195,98.57723,68.597565
42.852062,1.7376195,139.73578,71.34146
43.38549,1.4248166,131.09756,59.146343
31.961061,2.275223,146.34146,61.585365
36.628735,2.1720243,146.34146,67.37805
32.53912,1.7376195,115.85366,64.939026
37.51778,1.7376195,118.39431,64.02439
29.16074,2.395798,134.39166,65.85366
30.472599,1.7376195,95.52846,55.792683
25.426743,1.7376195,88.414635,43.50397
28.38083,2.037598,82.31707,43.590866
24.537695,1.7376195,78.76016,41.383762
33.428165,1.7376195,107.91456,36.890244
38.584637,1.7376195,72.662605,37.80488
41.073967,1.7376195,87.9065,49.390244
40.54054,1.7376195,82.31707,46.341465
38.762447,1.7376195,134.7476,51.82927
35.917496,1.7376195,102.13415,46.341465
32.357334,1.7376195,114.32927,39.634148
33.605976,1.7376195,108.73984,36.280487
32.894737,1.8005486,91.46342,48.17073
32.53912,1.7376195,103.65854,44.512196
30.938831,2.1780438,101.626015,64.32927
32.894737,1.7376195,93.49593,67.37805
38.05121,1.7376195,97.05285,70.42683
40.71835,1.7291101,151.63077,68.902435
42.318634,1.7376195,138.21138,63.414635
30.837183,2.1720243,140.2439,65.243904
35.20626,1.7376195,152.43903,87.19512
33.78378,1.7376195,147.35773,57.33129
35.73969,1.7376195,159.9012,89.63415
29.338549,2.0870063,116.86992,51.49818
28.093884,1.7376195,98.06911,77.13415
28.80512,1.7376195,100.10162,68.29269
28.627312,1.7376195,95.020325,62.80488
28.449503,1.7376195,91.46342,44.00017
29.136482,1.7376195,72.15447,39.81318
41.963017,1.7376195,85.873985,46.951214
39.295876,1.7376195,89.939026,50.609756
36.984352,1.7376195,134.57126,54.57317
36.273117,1.7376195,92.98781,47.560974
35.384068,1.7376195,124.62046,46.036587
35.02845,1.7763827,110.772354,52.743904
33.78378,1.8318012,112.296745,52.743904
33.072548,1.7376195,96.544716,44.815113
31.116644,2.0708997,96.03658,59.756096
31.65007,1.7376195,117.88618,58.23171
32.36131,1.7376195,112.80488,62.5
34.85064,1.7376195,114.837395,48.733047
32.381504,1.7376195,137.19513,68.902435
43.029873,1.3796461,154.97968,59.74411
38.762447,1.9305214,144.81708,77.439026
33.412994,1.7376195,161.58537,84.14634
31.507692,2.6558137,153.45529,86.89024
34.495018,1.7376195,132.11382,79.57317
28.093884,1.7376195,126.01626,60.67073
23.826458,1.7376195,106.19919,48.008636
25.248934,2.3410246,108.73984,49.992355
25.071123,1.7376195,94.51219,45.42683
24.715506,1.7376195,95.020325,48.780487
29.25239,1.7376195,77.23577,41.00729
35.56188,1.7376195,123.88502,50.20239
38.406826,1.7376195,95.020325,43.701027
29.680801,1.7376195,107.511734,45.42683
40.18492,1.7376195,102.13415,45.534424
38.584637,1.7376195,122.967476,48.780487
40.54054,1.4340656,139.22765,47.256096
39.651493,1.7376195,126.25586,40.548782
30.299595,1.7376195,92.479675,44.484673
30.381155,1.7376195,96.544716,45.450108
32.005688,1.6489522,106.19919,31.09756
32.716927,1.7376195,100.60976,32.92683
29.452642,1.7376195,98.402405,37.19512
39.473682,1.954822,99.5935,50.0
42.852062,1.954822,116.86992,59.146343
38.22902,2.3892267,152.43903,58.536587
32.155376,2.1131124,140.2439,52.43903
31.759243,2.1701863,137.19513,55.792683
33.428165,1.8903708,137.70325,53.353657
31.670555,1.7376195,106.70731,43.59756
24.182077,1.7376195,92.479675,38.414635
26.13798,1.7376195,91.46342,38.414635
25.248934,1.7376195,81.30081,39.02439
24.893314,1.7376195,88.414635,43.65437
32.894737,1.843228,74.18699,41.30795
36.628735,1.7376195,82.8252,41.463413
36.095306,1.7376195,104.166664,44.207317
33.78378,1.7376195,96.03658,44.676544
34.139404,1.7376195,106.19919,58.536587
32.894737,1.8763641,108.231705,49.307327
33.25035,1.9584599,121.44309,57.621952
33.78378,1.7376195,113.31301,51.52439
33.961594,1.7376195,127.93148,52.43903
30.405403,1.7376195,100.10162,45.871128
30.927515,1.7376195,102.64227,46.7882
32.716927,1.8507159,86.38211,50.609756
32.894737,1.954822,130.14236,55.792683
37.339973,1.7376195,132.62195,53.068737
37.873398,1.954822,132.11382,53.868942
34.139404,1.7376195,151.42276,60.97561
31.116644,1.7376195,137.70325,55.050827
30.583216,1.7376195,145.49133,78.96342
34.139404,1.7892871,118.39431,51.206123
29.16074,1.7376195,120.28789,58.841465
25.248934,2.06556,102.02312,45.21622
27.204836,1.7376195,99.5935,46.09227
27.204836,1.7376195,87.9065,54.57317
26.31579,1.7376195,86.89024,49.390244
31.116644,1.7551118,68.597565,36.585365
32.36131,1.7376195,77.23577,40.391186
32.894737,1.7376195,119.18464,48.870102
33.78378,1.7376195,87.9065,46.951214
35.56188,1.7376195,92.479675,51.52439
33.25035,1.7376195,107.72358,47.290092
34.139404,1.7376195,107.21545,37.19512
33.428165,1.7376195,109.756096,28.353659
33.605976,1.7169157,118.088066,41.463413
32.53912,1.7376195,115.34553,35.365852
32.149773,1.7376195,118.39431,46.036587
32.894737,1.7376195,102.13415,40.548782
35.384068,1.6228677,109.756096,43.59756
38.05121,1.7376195,111.78862,45.121952
39.829304,2.1720243,127.032524,59.451218
35.73969,1.954822,146.53941,70.731705
31.29445,1.7376195,133.13008,55.792683
31.65007,1.7376195,122.598785,54.878048
33.78378,1.7376195,131.6057,58.841465
29.871977,1.7376195,104.166664,53.658535
24.893314,1.7376195,97.30566,47.865852
26.31579,1.7376195,84.349594,38.109756
25.248934,1.7376195,88.414635,37.19512
25.96017,1.7376195,84.349594,42.907627
30.938831,1.7326462,66.56504,36.280487
30.938831,1.7376195,70.63008,32.012196
32.36131,1.7376195,80.28455,33.841465
33.428165,1.7376195,118.43383,48.44824
35.56188,1.7376195,91.46342,42.378048
34.672832,2.1720243,132.11382,44.207317
33.74989,1.7376195,146.34146,46.341465
34.31721,1.7875401,118.902435,51.485218
32.53912,1.954822,104.6748,32.92683
31.612503,1.7376195,98.06911,34.756096
29.16074,1.5672565,90.45968,28.353659
31.827883,1.7376195,94.38539,29.268293
30.208302,1.8513579,101.11789,34.146343
38.940254,1.7376195,126.52439,46.646343
42.496445,1.7376195,136.62245,52.046764
37.339973,1.7376195,141.26016,53.048782
31.65007,1.7376195,137.70325,59.451218
29.28484,1.7376195,109.11313,45.356125
33.605976,1.7376195,122.11845,49.390244
29.51636,1.7376195,108.231705,40.243904
24.537695,2.3944216,96.544716,47.164196
31.047695,1.7376195,93.49593,38.109756
25.248934,1.8303221,89.88861,37.19512
29.818102,1.7376195,102.965935,40.243904
31.29445,1.6910384,71.138214,34.146343
33.428165,1.7376195,80.28455,33.841465
35.02845,1.7376195,80.79269,43.90244
34.85064,1.7321812,123.96809,43.292683
36.273117,1.7642033,130.90569,50.914635
33.428165,1.7376195,98.06911,53.048782
33.072548,1.7376195,118.68868,46.646343
33.072548,1.954822,93.49593,44.207317
30.734703,1.7376195,86.38211,38.109756
31.29445,2.0866172,127.4033,54.57317
30.061543,1.7376195,119.53287,56.707317
32.005688,1.7376195,115.237755,47.481606
35.20626,1.9250433,99.085365,66.46342
39.295876,1.7376195,112.296745,67.37805
42.496445,1.7376195,124.49187,64.63415
38.05121,1.7376195,149.89838,57.593502
30.156477,1.954822,132.80164,64.939026
32.493958,1.7376195,140.2439,75.30488
31.959213,1.7376195,130.58943,68.597565
31.084862,1.7376195,103.65854,55.487804
31.037664,1.7376195,93.49593,39.02439
26.671408,1.7376195,97.05285,37.80488
25.96017,1.7376195,95.020325,45.000465
25.604551,1.7376195,87.9065,43.35518
28.969355,1.7876688,74.69512,35.060974
34.85064,1.7376195,83.333336,34.756096
38.22902,1.7376195,84.349594,41.270596
37.339973,1.7376195,95.52846,46.951214
34.85064,1.7376195,107.72358,44.207317
32.894737,1.7376195,109.756096,57.92683
34.85064,1.7376195,116.86992,57.317074
32.53912,1.9733467,101.626015,58.536587
30.586475,1.7376195,93.49593,53.353657
29.871977,1.7376195,99.085365,59.756096
29.16074,1.954822,104.6748,62.19512
29.737387,1.7376195,93.49593,72.256096
30.017206,1.954822,102.64227,47.693394
39.829304,1.4977657,116.361786,50.450546
47.2973,1.7376195,145.83333,72.86585
42.318634,1.6833822,152.94716,74.69512
35.20626,2.1077335,151.42276,73.78049
33.961594,1.7376195,120.93496,69.81707
33.78378,1.7376195,115.85366,49.47537
29.871977,2.052405,92.98781,46.090916
25.248934,2.3259768,86.38211,50.609756
27.382647,1.7376195,96.544716,50.914635
27.027027,2.2203279,94.00407,52.134148
26.13798,1.7376195,91.97154,53.353657
28.862415,1.8699056,80.28455,38.414635
30.594316,1.7376195,81.30081,30.487804
36.806545,1.7376195,85.873985,41.78835
29.989655,1.7376195,88.414635,43.45734
35.384068,1.7376195,87.9065,42.378048
31.215475,1.7376195,97.560974,44.207317
31.276228,1.7376195,102.13415,42.07317
33.428165,1.8713585,123.88176,52.78023
31.472263,1.7376195,88.92277,38.414635
31.116644,1.7376195,91.46342,35.97561
31.472263,1.7376195,96.544716,40.243904
32.1835,1.901391,93.49593,45.923332
33.78378,1.80928,92.479675,45.468494
31.601091,1.7376195,114.837395,56.707317
43.5633,1.3933929,140.92125,52.43903
39.473682,1.7376195,145.32521,53.048782
32.53912,2.0599978,135.67073,60.365852
30.583216,1.7376195,129.57317,73.47561
33.072548,2.0951076,127.54066,67.37805
29.871977,1.7376195,96.544716,64.02439
25.426743,2.4331887,83.333336,58.23171
27.560455,1.7376195,82.31707,53.353657
29.370592,1.7376195,74.69512,51.52439
26.671408,2.243679,76.21951,42.60813
32.716927,1.7376195,73.67886,32.012196
34.85064,1.4796944,73.17073,31.09756
37.339973,1.7376195,82.8252,40.243904
35.73969,1.7376195,83.84146,43.90244
35.384068,1.7376195,92.98781,43.74121
30.954487,1.9392482,113.82114,41.76829
32.606056,1.7376195,125.0,42.987804
33.072548,1.7376195,113.31301,34.451218
32.716927,1.8856741,98.06911,46.901085
30.049788,2.0676875,121.44309,52.873425
31.964361,1.7376195,114.32927,43.90244
32.005688,1.7376195,99.085365,43.59756
34.139404,1.8055931,113.82114,50.48182
39.295876,1.7376195,139.22765,54.52057
40.54054,1.7376195,128.04878,46.036587
36.628735,1.7376195,153.96341,58.31064
32.005688,1.7376195,147.86586,57.289062
30.761023,1.7376195,141.26016,56.164513
33.605976,1.7376195,139.59421,66.46342
29.338549,1.7376195,111.28049,59.146343
24.359886,1.7376195,100.60976,62.80488
26.493599,1.7376195,95.020325,62.19512
30.497086,1.7376195,94.00407,44.49885
26.31579,1.7376195,86.89024,65.85366
32.36131,1.7376195,72.662605,60.97561
34.31721,1.7376195,132.55672,56.09756
34.672832,1.7376195,84.85773,57.621952
34.495018,1.7376195,85.36585,49.390244
35.20626,1.7376195,89.43089,43.059025
33.428165,1.7376195,114.32927,48.77501
32.716927,1.7376195,123.47561,50.30488
33.072548,1.7376195,116.361786,50.609756
31.827883,1.8229743,117.37805,40.548782
30.405403,2.1720243,104.166664,38.719513
30.938831,1.7376195,100.10162,41.76829
33.605976,1.7376195,117.32851,45.73171
33.78378,1.7376195,104.6748,46.786583
35.73969,1.7376195,134.65446,42.07317
36.806545,2.1720243,119.9187,49.085365
33.73549,1.7376195,150.91463,57.317074
31.65007,1.7376195,140.75203,59.146343
30.938831,2.0548415,148.88211,59.76664
32.716927,1.7376195,135.1626,63.414635
30.761023,1.7376195,115.85366,56.40244
30.956009,1.7376195,104.166664,53.963413
27.204836,1.7376195,95.52846,50.609756
27.027027,2.206135,95.52846,46.512436
26.31579,2.0123682,102.98728,45.318382
31.65007,1.7376195,99.88993,34.756096
31.116644,1.7376195,71.138214,29.573172
32.716927,1.7376195,90.955284,42.07317
34.31721,1.7071204,88.92277,45.42683
35.917496,1.7376195,103.65854,43.59756
34.85064,1.7376195,133.63821,53.530037
35.384068,1.7376195,144.81708,41.76829
33.25035,1.6441289,103.65854,35.060974
33.25035,1.7376195,100.60976,41.463413
31.116644,1.7376195,125.0,42.682926
32.36131,1.7376195,109.756096,44.512196
32.716927,1.7376195,104.166664,46.405354
33.25035,1.7376195,111.28049,40.243904
35.56188,1.7376195,116.361786,49.350166
32.946342,1.7376195,136.17886,55.02319
35.02845,1.7548547,143.29268,47.256096
32.36131,1.7376195,127.879326,56.707317
30.938831,1.7376195,128.1903,61.280487
34.139404,1.7376195,116.361786,49.279823
32.005688,1.7376195,126.15994,55.487804
27.204836,2.1988049,103.150406,48.314304
28.093884,1.7376195,98.06911,33.536587
27.204836,1.7376195,90.44715,32.317074
27.027027,1.7376195,90.44715,34.146343
31.65007,1.7376195,70.12195,29.878048
31.827883,1.8746196,61.483738,38.41885
33.072548,1.7376195,82.31707,30.792683
35.56188,1.7376195,90.44715,37.5
39.295876,1.954822,102.13415,46.304714
40.00711,1.7376195,113.31301,41.76829
39.651493,1.4370027,129.57317,43.90244
35.917496,1.7376195,108.231705,47.17069
33.78378,1.7376195,97.05285,36.890244
32.005688,1.7376195,99.5935,38.719513
30.583216,1.7376195,109.756096,34.451218
31.486158,1.7376195,111.28049,48.668583
37.69559,1.7376195,106.19919,46.34714
41.073967,1.7376195,129.85294,43.292683
40.18492,1.7376195,135.1626,36.585365
35.20626,1.7376195,126.15492,47.865852
33.283737,1.7376195,137.70325,48.17073
30.583216,1.7376195,113.22089,48.780487
33.428165,1.954822,118.39431,44.207317
30.227596,1.893358,100.60976,41.15854
24.715506,1.8482763,89.19274,36.585365
26.849218,1.7376195,100.0788,42.270504
26.493599,1.7376195,79.77642,36.890244
26.31579,1.7376195,76.21951,37.19512
32.716927,1.7376195,70.12195,30.792683
34.495018,1.7376195,100.1009,27.743902
35.384068,1.7376195,79.77642,46.951214
34.139404,1.7376195,80.28455,41.101696
35.384068,1.7376195,108.231705,35.060974
32.044197,1.7376195,108.73984,33.536587
33.78378,2.3892267,124.49187,54.87466
33.78378,2.3892267,127.30264,56.5275
32.53912,1.7376195,104.67622,36.585365
30.938831,1.7376195,105.70511,40.243904
29.338549,1.7376195,119.9187,42.987804
31.116644,1.7376195,99.5935,45.70118
34.31721,1.7376195,114.837395,51.82927
39.295876,1.7376195,123.47561,56.09756
41.785206,1.7376195,142.67023,58.536587
34.399086,1.7376195,159.55284,50.0
32.36131,2.004131,146.8496,53.963413
30.761023,1.7376195,116.361786,65.85366
31.813524,1.7376195,116.361786,58.23171
29.338549,1.7376195,111.28049,56.40244
24.537695,2.1836646,98.57723,35.97561
29.055922,1.6524421,99.65752,33.841465
26.493599,1.7376195,89.939026,34.756096
26.13798,1.7376195,85.89553,35.060974
27.456863,2.0563598,71.138214,41.38757
34.139404,1.7376195,99.871796,28.963415
36.450924,1.5313499,82.8252,43.292683
33.78378,1.7376195,96.544716,33.23171
32.385418,1.7376195,115.34553,39.939026
33.605976,1.7376195,129.06505,44.512196
33.961594,1.7376195,132.11382,48.47561
32.716927,1.7376195,114.837395,49.392918
31.827883,1.7376195,100.10162,48.17073
28.982931,1.7376195,104.6748,50.30488
28.271692,2.2011516,103.150406,53.963413
30.942717,1.7376195,101.11789,54.57317
31.389727,1.7376195,108.73984,54.57317
37.873398,1.7376195,109.24797,72.86585
41.073967,2.3892267,146.34146,58.536587
36.273117,1.7376195,148.88211,54.57317
32.1835,1.7376195,142.27643,64.63415
30.761023,1.7376195,141.26016,90.54878
33.25035,1.7376195,128.04878,75.0
29.694168,1.9582783,111.881134,48.617752
29.304552,2.0444233,93.49593,51.219513
26.493599,1.7376195,92.98781,44.784267
26.493599,1.7376195,87.9065,38.414635
26.13798,1.7376195,82.8252,37.5
31.827883,1.7376195,75.203255,35.060974
33.25035,1.7376195,105.92885,36.585365
35.56188,1.7376195,89.43089,42.987804
30.56132,1.7376195,90.44715,43.90244
29.523779,1.9800012,93.49593,46.646343
34.31721,1.7376195,114.32927,34.451218
33.78378,1.7376195,105.691055,33.23171
33.25035,1.6494395,105.18293,34.451218
30.855103,1.7376195,94.00407,40.243904
31.65007,1.9464813,121.71814,49.390244
31.116644,1.948561,99.085365,49.085365
30.64512,1.7376195,94.51219,52.134148
34.31721,1.7376195,108.73984,55.487804
40.89616,1.7376195,115.85366,67.37805
40.89616,1.7376195,144.81708,64.32927
37.51778,1.7376195,130.561,52.56861
33.072548,1.954822,160.06097,74.69512
31.966335,1.7376195,136.17886,84.756096
33.78378,1.7376195,127.54066,52.236656
30.049788,2.2587953,123.47561,63.719513
31.500364,1.7376195,110.26423,48.64367
27.027027,2.1664977,99.5935,48.17073
26.31579,1.7376195,89.939026,43.813576
26.31579,1.7376195,91.75692,40.243904
32.005688,1.7376195,77.743904,34.451218
34.495018,1.7376195,82.8252,41.56206
36.095306,1.7376195,95.52846,44.026222
29.818974,1.9111654,95.020325,41.76829
34.31721,1.7376195,100.10162,39.02439
33.072548,1.7376195,114.01244,42.987804
33.25035,1.7376195,109.756096,50.0
32.53912,1.7376195,122.967476,51.050938
31.318716,1.7376195,108.73984,53.353657
30.049788,1.7376195,111.28049,53.048782
30.049788,1.7376195,95.52846,53.353657
33.428165,1.7376195,102.64227,52.743904
35.384068,1.7376195,126.01626,51.574196
31.268818,1.954822,132.11382,65.243904
32.07336,1.954822,145.32521,66.15854
38.05121,1.7376195,155.48781,65.243904
32.53912,1.7376195,134.89647,63.109756
31.116644,1.7376195,137.70325,75.30488
33.961594,1.7376195,118.39431,63.109756
29.338549,1.7376195,105.18293,56.40244
30.580091,1.7376195,97.560974,55.792683
27.204836,1.7376195,91.97154,44.33645
26.671408,2.2530959,85.873985,44.803112
26.671408,1.7376195,80.79269,42.378048
32.716927,1.7376195,77.743904,38.719513
33.428165,1.7376195,77.743904,36.280487
38.22902,1.7376195,92.98781,44.207317
38.05121,1.7376195,91.46342,43.317543
37.51778,1.7376195,130.4572,52.578087
36.273117,1.7376195,104.6748,46.228188
33.25035,1.7376195,111.78862,33.841465
33.428165,1.6000013,98.57723,32.621952
32.53912,1.7376195,99.5935,34.756096
31.827883,1.7376195,114.7871,46.341465
32.36131,1.7376195,111.28049,53.963413
32.184513,1.7376195,122.45935,51.691742
30.725101,2.078797,117.88618,50.914635
41.073967,1.7376195,129.57317,51.807316
41.073967,1.6449925,146.91086,63.109756
37.873398,1.7852145,148.88211,63.109756
33.072548,1.7376195,147.86586,63.414635
32.335144,1.7376195,129.57317,57.621952
32.26902,1.7376195,120.42683,52.43903
29.650642,1.7376195,101.93754,39.939026
31.633638,1.7376195,101.11789,34.146343
27.560455,2.1803117,96.03658,46.712826
27.204836,2.1819825,87.9065,44.7027
27.204836,1.7376195,81.808945,32.317074
31.29445,1.5248716,95.048615,27.439024
30.588331,1.7376195,75.203255,24.390244
35.73969,2.1720243,96.544716,38.414635
36.095306,1.6752622,104.166664,47.71611
31.39004,1.954822,113.82114,36.280487
29.223372,1.7376195,93.06296,32.621952
36.628735,1.7376195,116.361786,29.878048
34.31721,1.7376195,119.9187,26.219515
33.25035,1.7376195,119.9187,30.792683
33.78378,1.7376195,113.82114,31.707317
33.072548,1.7376195,105.18293,46.69609
32.53912,1.691926,101.626015,35.060974
36.628735,1.7376195,109.24797,37.5
32.175068,1.954822,130.0813,43.59756
39.118065,2.606429,137.23494,53.048782
34.139404,2.606429,144.81708,64.02439
32.1835,2.1720243,136.687,57.92683
32.005688,1.954822,128.40628,55.487804
33.605976,1.8431537,119.41057,51.956657
29.694168,1.7376195,120.42683,43.292683
30.866068,1.7376195,102.64227,46.83854
25.426743,1.7376195,95.52846,37.5
25.248934,2.3122268,90.44715,45.437466
25.604551,1.7376195,78.76016,37.80488
30.405403,1.7376195,94.13551,32.621952
30.761023,1.7376195,70.63008,29.268293
32.1835,1.8786763,83.333336,43.36343
36.450924,1.3672287,106.80318,24.695122
31.650734,1.7376195,97.560974,28.353659
37.873398,1.7376195,112.296745,32.012196
34.418354,1.7376195,146.34146,30.792683
33.605976,1.5342587,111.78862,26.829268
31.650124,1.7376195,96.544716,23.475607
30.227596,1.7081467,96.03658,27.134146
29.871977,1.7376195,95.020325,33.23171
33.072548,1.7376195,89.939026,37.19512
35.384068,1.7493751,110.26423,49.62627
41.251778,1.7376195,116.86992,45.42683
41.785206,1.4474078,137.83792,50.609756
38.05121,1.954822,156.50406,64.939026
32.716927,1.7376195,126.01626,66.46342
33.25035,1.7376195,115.85366,71.03659
31.424923,1.7376195,121.95122,73.17073
28.80512,1.7376195,114.837395,44.207317
32.05807,1.7376195,110.26423,40.853657
24.893314,1.7376195,102.64227,39.634148
26.31579,1.7376195,91.97941,40.548782
26.849218,1.7376195,90.44715,41.76829
31.65007,1.7376195,80.79269,36.585365
35.02845,1.7376195,84.349594,30.487804
39.295876,1.7376195,81.30081,40.862
35.56188,1.551051,91.97154,39.32927
34.672832,1.7500781,91.46342,44.92242
32.894737,1.7376195,106.19919,48.47561
31.024645,2.212854,130.0813,57.621952
33.072548,1.7376195,116.86992,49.84725
32.1835,1.9020677,120.915306,47.560974
31.827883,1.7376195,97.05285,52.43903
32.005688,1.7376195,123.05701,53.658535
32.53912,2.1666048,108.231705,71.95122
33.961594,1.7376195,131.6057,79.57317
39.295876,1.7376195,136.17886,64.63415
31.617844,1.954822,142.27643,68.597565
39.118065,1.9870516,158.44914,80.18293
33.25035,2.1720243,138.71951,77.13415
32.1835,1.7376195,144.81708,72.256096
33.78378,1.7376195,134.14635,70.12195
30.524231,1.7376195,128.95091,64.63415
24.537695,1.7376195,99.085365,46.34065
26.31579,1.7376195,105.604866,52.743904
26.671408,1.7376195,102.71944,49.390244
29.79774,1.7376195,83.84146,42.439743
29.898335,1.7376195,79.268295,46.951214
34.85064,1.7376195,85.36585,41.97944
40.18492,1.7376195,92.98781,43.03142
38.22902,1.7376195,101.11789,44.207317
35.56188,1.6606933,104.6748,46.951214
32.580273,1.7376195,124.49187,50.0
32.1835,1.7376195,113.90986,46.810513
32.1835,1.7376195,103.150406,46.51496
32.36131,1.7376195,84.349594,46.341465
30.405403,1.7376195,97.560974,46.036587
30.405403,1.954822,102.13415,58.23171
30.938831,1.7376195,102.13415,71.03659
35.73969,1.7376195,142.24188,66.15854
41.251778,1.954822,146.51543,62.80488
33.57828,1.7376195,151.9309,66.768295
36.628735,2.1720243,163.10976,72.256096
32.53912,2.1720243,141.30055,70.12195
30.01595,2.3246758,134.29398,64.939026
32.53912,2.0662618,134.14635,60.97561
28.449503,1.7376195,105.691055,56.09756
23.826458,2.3887188,104.166664,47.865852
25.071123,1.7376195,92.98781,46.646343
30.644869,1.7376195,88.92277,38.719513
25.782362,1.7376195,82.8252,42.558796
31.116644,1.6489406,102.070114,34.146343
35.02845,1.7376195,85.873985,42.24099
40.362732,1.7376195,100.60976,45.73171
30.926132,1.7376195,94.00407,41.15854
35.02845,1.7376195,97.05285,49.695118
31.10532,1.7376195,107.72358,54.57317
31.827883,1.7376195,126.52439,53.353657
32.1835,1.7376195,96.03658,52.134148
31.29445,1.9198368,105.18293,47.865852
30.227596,1.7376195,97.05285,58.23171
30.102093,1.7376195,95.52846,61.585365
32.894737,1.7376195,125.233345,53.963413
28.180557,2.3892267,110.26423,56.09756
40.89616,1.7376195,136.687,54.878048
41.42959,1.7376195,136.17886,59.146343
35.384068,1.954822,154.97968,71.64634
31.827883,1.7376195,144.30894,62.80488
31.054092,1.954822,125.0,59.756096
32.005688,2.0111709,106.19919,57.92683
28.80512,2.0152767,94.51219,45.42683
24.004267,2.2227242,92.479675,36.890244
30.719505,1.7376195,85.36585,35.365852
24.893314,1.7376195,78.25203,35.060974
25.604551,1.7376195,67.07317,36.280487
29.500202,1.7376195,66.05691,32.317074
28.619217,1.754721,70.63008,30.487804
38.05121,1.7376195,74.69512,28.04878
34.495018,1.7376195,104.90946,32.012196
30.004072,1.7376195,90.955284,44.260452
33.78378,1.7376195,94.51219,44.3444
33.072548,1.954822,122.45935,47.560974
31.116644,1.9343945,98.57723,49.390244
29.694168,1.9568859,99.5935,45.121952
29.16074,1.7376195,97.560974,45.73171
29.694168,1.7376195,98.57723,43.59756
32.1835,1.7376195,88.414635,42.993046
34.31721,1.7376195,107.72358,47.078587
35.56188,1.7376195,141.74268,65.85366
38.05121,2.3892267,136.17886,65.243904
34.672832,2.1720243,156.50406,57.92683
30.938831,1.954822,136.687,53.963413
30.049788,1.7376195,120.93496,60.060974
32.894737,1.9570299,119.41057,57.92683
28.627312,1.7376195,101.626015,52.134148
23.64865,1.7376195,96.544716,47.560974
24.359886,1.7376195,95.020325,47.865852
30.050865,1.7376195,82.31707,42.682926
26.13798,1.7376195,80.28455,37.19512
32.53912,1.7376195,77.23577,32.621952
35.20626,1.7376195,76.727646,31.09756
37.51778,1.7376195,79.268295,40.2519
34.31721,1.7376195,78.25203,40.243904
34.139404,1.7376195,73.67886,51.82927
32.53912,1.7376195,101.11789,53.963413
31.65007,1.7376195,111.78862,48.70319
32.53912,1.7376195,102.10805,34.756096
30.4507,1.7376195,84.85773,42.682926
32.1835,1.7376195,97.05285,51.52439
31.084854,1.7376195,103.150406,46.84652
29.86917,2.0568745,105.691055,48.967297
34.495018,1.954822,104.166664,53.658535
29.134405,2.1720243,110.26423,58.536587
38.584637,1.7376195,132.62195,54.878048
35.384068,1.954822,150.40651,53.048782
32.64516,2.0669663,144.81708,49.390244
31.29445,2.1720243,135.67073,57.0557
31.491003,1.954822,128.55692,54.035496
29.338549,1.9608451,111.30637,48.358875
24.893314,1.7376195,89.43089,43.7701
25.96017,1.7376195,91.46342,37.19512
26.31579,2.0511203,87.39838,36.585365
25.96017,1.7376195,76.21951,40.73465
29.221249,1.7376195,89.94782,28.963415
31.827883,2.1720243,71.64634,25.609756
34.495018,1.7376195,88.92277,32.92683
38.22902,1.4621787,102.13415,43.59756
37.339973,2.1720243,99.085365,42.378048
36.984352,1.7376195,126.52439,51.82927
36.095306,1.6135123,122.45935,44.817074
35.02845,1.7376195,105.18293,37.19512
34.85064,1.7376195,107.21545,46.901623
32.36131,1.7376195,89.43089,38.109756
31.29445,1.7376195,103.86371,37.80488
32.53912,1.7376195,106.392265,37.19512
30.802265,1.7376195,101.626015,46.40697
36.095306,1.7376195,117.88618,49.679413
37.51778,2.3892267,129.61244,46.341465
33.78378,2.3892267,143.29268,49.085365
29.67609,1.7376195,106.47677,45.121952
31.29445,1.7376195,130.58943,48.47561
33.605976,1.7376195,123.47561,41.76829
28.627312,1.7376195,107.72358,48.026154
24.004267,1.8487298,86.40122,35.97561
30.21357,1.7376195,91.97154,44.485023
30.78965,1.7376195,86.89024,32.012196
30.238365,1.7376195,74.18699,32.317074
30.227596,1.7376195,71.138214,31.40244
29.694168,1.7376195,61.99187,26.829268
32.36131,1.7376195,79.268295,27.439024
33.428165,1.662282,113.38774,38.414635
37.69559,2.1720243,101.626015,39.634148
29.676369,1.7376195,104.336426,42.07317
36.095306,1.7376195,143.29268,55.719646
34.85064,1.7376195,105.55514,32.012196
32.1835,1.7376195,83.84146,41.82896
31.472263,1.7376195,96.03658,25.304878
31.827883,1.7376195,80.28455,27.439024
32.53912,1.954822,79.77642,24.085365
33.605976,1.7376195,77.743904,27.439024
36.984352,1.7376195,91.97154,32.621952
38.22902,1.4746715,133.63821,39.634148
34.139404,1.7376195,149.39024,42.682926
31.827883,1.7376195,134.65446,54.122757
31.827883,1.7376195,120.42683,50.375526
32.308937,1.7376195,126.52439,52.481514
28.093884,1.7376195,100.60976,33.536587
24.182077,1.7376195,91.46342,33.841465
24.537695,1.7376195,86.89024,40.548782
30.597393,1.7376195,85.36585,39.634148
25.96017,1.7376195,77.743904,41.023758
31.65007,1.7376195,71.64634,39.386055
30.412523,1.7376195,81.808945,37.19512
38.05121,1.7376195,112.73369,29.573172
28.967375,1.7376195,85.63089,25.914635
33.428165,1.7376195,88.92277,43.131756
32.53912,1.5664777,102.45634,31.40244
33.78378,1.7376195,118.39431,39.32927
32.36131,2.1720243,100.10162,29.878048
29.056923,1.7872608,78.25203,33.23171
30.049788,1.7376195,80.79269,41.463413
29.694168,1.7376195,86.38211,46.951214
31.65007,1.7376195,113.94983,47.256096
34.139404,1.7376195,103.150406,54.878048
35.917496,1.7376195,110.772354,67.68293
37.873398,1.7376195,144.29253,65.243904
33.120636,1.7376195,141.7683,56.22457
31.472263,1.7376195,126.732994,57.92683
32.649544,1.7376195,131.6057,59.756096
32.53912,1.9468266,126.52439,54.878048
29.690823,2.0146904,99.5935,47.560974
30.572496,1.7376195,90.44715,41.76829
24.537695,2.094283,83.84146,32.92683
25.604551,1.7376195,80.28455,41.884224
26.13798,1.7376195,77.23577,32.317074
32.894737,1.7376195,70.12195,32.92683
37.873398,1.7376195,131.4799,52.760124
39.829304,1.520417,87.39838,41.15854
34.31721,1.7376195,84.349594,41.463413
32.716927,1.7376195,84.85773,45.121952
32.1835,1.8208519,108.73984,44.512196
31.309122,1.7376195,102.13415,44.817074
32.36131,1.7376195,96.03658,44.58558
31.29445,1.7376195,86.38211,39.634148
28.982931,1.7376195,82.8252,52.134148
28.80512,2.1157944,87.39838,51.52439
31.65007,1.9259436,90.44715,51.82927
30.381435,1.7376195,103.150406,68.29269
37.339973,1.954822,149.6591,74.085365
38.406826,2.3892267,159.04471,75.60976
30.5868,1.7376195,134.7493,69.51219
31.116644,1.954822,139.22765,64.939026
30.227596,2.606429,129.57317,63.109756
31.996073,1.7376195,121.95122,55.182926
27.738264,1.7376195,103.150406,54.57317
23.826458,2.4262993,91.46342,51.82927
24.715506,1.7376195,92.479675,49.390244
25.782362,1.7376195,88.414635,43.70282
29.961132,1.7376195,88.92277,43.647892
31.472263,1.7376195,75.71138,40.26633
36.450924,1.7376195,76.21951,38.109756
38.22902,1.7376195,84.349594,40.243904
33.961594,1.7376195,82.31707,41.38388
33.78378,1.7376195,75.203255,39.934082
30.577246,1.7376195,88.92277,41.76829
32.53912,1.7376195,111.447815,42.378048
29.157763,1.7376195,109.49852,45.53963
33.072548,1.7376195,77.23577,40.201584
31.29445,1.7376195,91.46342,36.280487
31.29445,1.7376195,121.598755,54.26829
30.251255,1.7376195,122.49669,58.23171
36.095306,1.7108943,103.150406,54.57317
40.00711,2.1720243,128.55692,54.878048
34.281395,1.7376195,168.19106,71.03659
35.20626,1.7376195,141.40565,66.46342
31.65007,1.7376195,147.86586,55.182926
32.1835,1.7376195,139.22765,55.487804
32.716927,1.7376195,129.06505,52.43903
28.271692,1.7376195,107.21545,43.90244
24.004267,2.3232427,98.57723,45.121952
24.715506,1.7376195,95.52846,44.207317
30.698957,1.7376195,91.46342,44.207317
25.604551,1.520417,81.30081,44.512196
29.480555,1.833159,86.38211,36.280487
39.473682,1.7376195,87.39838,33.23171
30.587872,1.7376195,100.10162,46.1576
29.643072,1.9487792,96.03658,42.682926
34.85064,2.3892267,85.873985,46.951214
29.957458,2.0307744,104.6748,47.865852
32.716927,1.7376195,121.95122,51.068386
31.827883,1.7376195,104.6748,27.134146
31.827883,1.7376195,95.52846,34.451218
32.716927,1.7376195,116.942535,48.05687
28.240887,1.9609016,111.752495,48.509796
35.384068,1.7376195,99.085365,45.12281
30.650057,1.7376195,132.18202,67.37805
41.607395,1.954822,117.37805,66.768295
41.42959,1.7376195,141.26016,54.772556
37.69559,2.1720243,161.07724,62.732258
33.605976,2.1720243,133.13008,56.707317
33.78378,1.7376195,124.3699,50.0
31.826965,1.7376195,113.82114,52.134148
29.694168,1.7376195,105.63403,43.292683
31.064863,1.7376195,90.44715,33.841465
26.13798,1.7376195,84.349594,34.146343
26.13798,1.7376195,87.39838,33.23171
27.560455,1.7376195,104.388435,43.90344
33.961594,1.5932381,81.808945,37.19512
30.383934,1.7376195,78.76016,33.536587
29.870928,1.7376195,102.53561,40.548782
30.4774,1.7376195,97.560974,45.482155
37.339973,1.7376195,130.27116,52.605946
33.072548,1.7376195,108.231705,47.560974
32.894737,1.8887022,115.85366,51.82927
31.116644,1.8813659,101.11789,44.207317
31.65007,1.7376195,87.9065,44.207317
31.65007,1.7376195,104.166664,57.621952
32.36131,1.7376195,103.65854,54.26829
33.78378,1.9739909,99.085365,63.414635
28.992725,1.7376195,108.356026,45.00651
40.71835,1.7376195,141.95242,58.536587
40.18492,1.7376195,155.48781,58.451836
35.917496,1.7376195,154.97968,64.63415
32.1835,1.7376195,147.35773,50.30488
32.221153,1.7376195,119.41057,47.865852
33.961594,1.7376195,109.24797,46.036587
30.761023,1.7376195,106.19919,38.719513
25.426743,2.0945723,100.10162,35.67073
25.96017,1.7376195,90.955284,34.451218
25.426743,2.0617454,83.84146,34.756096
26.493599,1.7376195,76.21951,38.109756
32.716927,1.954822,73.17073,39.32927
32.716927,1.954822,73.17073,28.963415
35.56188,1.7376195,88.414635,35.060974
39.473682,1.954822,125.39867,38.414635
38.406826,1.954822,99.5935,30.182926
37.162163,1.7376195,103.65854,37.80488
36.984352,1.7376195,118.39431,39.939026
36.095306,1.7376195,102.64227,45.71705
35.02845,1.520288,100.10162,32.317074
33.25035,1.7376195,107.69237,38.109756
33.428165,1.6659975,108.231705,38.109756
35.384068,1.6006341,102.64227,42.07317
35.917496,1.7320361,127.99542,46.341465
38.406826,1.7376195,137.22867,55.487804
33.613857,1.7376195,148.37398,56.09756
35.56188,1.7376195,146.8496,60.97561
32.1835,1.7376195,131.6057,65.243904
33.605976,1.7376195,127.54066,51.984528
35.384068,1.71764,114.32927,51.219513
32.005688,1.7376195,102.64227,46.44689
26.13798,2.1268015,102.13415,38.719513
26.13798,1.7376195,94.51219,36.890244
30.543674,1.7376195,83.84146,37.5
26.849218,1.7376195,87.9065,39.32927
29.069582,1.8375669,79.268295,37.80488
31.827883,1.7376195,69.10569,38.75009
30.437016,1.7376195,83.333336,34.146343
35.73969,1.7376195,126.668045,51.383526
36.984352,1.4760196,113.31301,37.5
31.761953,1.954822,121.95122,39.939026
40.89616,1.7376195,128.04878,38.719513
36.806545,1.7376195,121.95122,50.378498
35.02845,2.1720243,127.38701,54.81203
33.072548,1.7376195,98.57723,32.317074
32.1835,1.7376195,87.39838,31.40244
34.672832,1.7376195,102.89531,28.963415
35.20626,1.7376195,83.333336,33.841465
40.54054,1.7376195,104.6748,40.243904
40.54054,1.7376195,140.2439,55.792683
32.37222,1.7376195,136.687,69.20731
32.36131,1.9594518,134.65446,56.133804
32.36131,1.7376195,121.95122,50.962997
33.961594,1.7376195,119.716705,45.42683
29.694168,1.7376195,102.830925,40.853657
24.537695,2.1627793,89.939026,35.365852
25.426743,1.7376195,90.44715,35.67073
25.96017,1.7376195,83.84146,39.634148
26.671408,1.7376195,79.77642,41.15854
28.872494,1.7205611,102.15051,36.890244
42.140823,1.7376195,78.76016,33.841465
37.51778,1.7376195,96.03658,33.23171
34.672832,1.4266934,84.85773,25.914635
33.25035,1.7376195,98.39314,28.04878
30.937782,1.7376195,83.84146,29.268293
31.827883,1.7376195,94.51219,44.507366
32.36131,1.7376195,84.85773,32.012196
30.333996,1.7376195,80.79269,38.414635
32.36131,1.7890646,79.268295,46.036587
29.776726,1.954822,93.49593,46.036587
33.605976,1.7595757,98.06911,46.036587
33.78378,1.7376195,99.085365,55.792683
35.02845,1.7376195,134.14635,61.890244
30.31647,1.7376195,130.29604,66.46342
35.384068,1.7376195,123.27277,49.98037
31.472263,1.7376195,142.78455,67.37805
31.472263,1.7376195,129.128,60.060974
33.072548,1.7376195,100.60976,52.43903
28.80512,1.7376195,101.626015,48.47561
24.004267,1.7376195,93.36458,40.17561
24.359886,1.7376195,84.39723,38.109756
24.182077,2.3721833,79.268295,43.10082
29.943354,1.7376195,84.349594,42.427315
33.25035,1.7376195,79.268295,33.536587
40.362732,1.2235094,81.808945,30.182926
35.917496,1.4085921,80.28455,29.268293
33.428165,1.520417,77.23577,39.361305
32.53912,1.5676453,74.18699,29.268293
33.428165,1.7376195,70.12195,35.97561
30.938831,1.7376195,94.00407,32.621952
31.472263,1.7376195,87.9065,25.609756
32.894737,1.7376195,99.5935,39.634148
31.07452,1.7376195,92.479675,37.5
33.072548,1.7376195,110.98283,40.548782
32.36131,1.6830343,108.61086,37.19512
34.672832,1.7376195,110.772354,48.17073
31.625298,1.954822,131.6057,59.146343
38.584637,2.1720243,150.40651,56.40244
29.936275,2.3892267,139.73578,59.727425
31.827883,1.954822,139.73578,57.317074
30.761023,1.7376195,123.98374,57.621952
33.25035,1.7376195,107.72358,51.82927
29.694168,1.7376195,98.57723,45.656128
30.743305,1.7376195,92.98781,46.036587
30.144234,1.7376195,90.44715,43.699154
25.604551,1.7376195,84.349594,42.07317
26.493599,1.7376195,85.36585,34.756096
30.80884,1.7376195,82.31707,31.09756
41.251778,1.7376195,122.2483,32.621952
38.05121,1.7376195,98.57723,31.40244
35.384068,1.954822,86.89024,29.878048
28.778097,1.7115605,100.70661,35.060974
32.005688,1.7376195,85.873985,42.33428
32.53912,1.7376195,102.13415,39.32927
31.544844,1.7376195,95.020325,31.707317
34.495018,1.7376195,97.560974,33.841465
30.471365,1.7376195,86.89024,39.634148
32.005688,1.7376195,114.14053,46.646343
32.894737,1.7376195,121.98953,51.52439
36.273117,1.7376195,92.98781,51.219513
38.584637,1.6541765,130.0813,57.012196
38.406826,1.7376195,157.01219,59.146343
35.384068,1.886779,140.2439,61.890244
32.763733,1.7376195,135.67073,55.100807
33.25035,1.7376195,123.47561,51.157585
33.605976,1.8153208,105.18293,51.219513
29.848024,1.9758053,98.57723,45.73171
24.715506,1.7376195,84.85773,42.378048
30.859446,1.7376195,88.92277,36.890244
25.248934,1.7376195,85.36585,34.451218
26.13798,1.7376195,86.901085,35.97561
33.605976,1.7376195,83.333336,34.451218
41.607395,1.7376195,78.25203,39.612164
37.69559,1.7376195,87.9065,32.317074
35.20626,1.3032146,91.97154,35.365852
33.605976,1.7376195,79.77642,40.829086
32.005688,1.7376195,85.873985,35.97561
31.65007,1.7376195,115.513214,47.610443
31.827883,1.7376195,88.92277,34.451218
33.428165,1.7376195,76.727646,36.890244
30.761023,1.7376195,89.939026,41.15854
32.36131,1.9020894,120.5184,51.665085
30.85084,1.7376195,92.479675,42.987804
35.917496,1.7376195,109.24797,47.603085
42.140823,1.7376195,133.59276,45.121952
39.651493,1.7376195,165.14227,61.229122
35.56188,1.7376195,130.13039,51.52439
33.072548,1.7376195,145.83333,54.57317
31.99639,1.7376195,122.45935,57.621952
33.428165,1.7376195,110.772354,48.780487
29.338549,1.7376195,108.73984,47.856857
29.223635,1.7376195,95.77945,35.97561
31.137497,1.7376195,89.939026,31.40244
25.248934,1.7376195,81.808945,31.09756
26.493599,2.0075073,77.743904,35.97561
33.78378,1.7376195,86.38211,31.40244
42.140823,1.7376195,78.25203,31.40244
30.05325,1.7765056,90.955284,32.621952
30.646412,1.7376195,83.84146,36.585365
34.85064,1.5904443,114.112206,36.280487
32.36131,1.6775047,84.349594,35.060974
32.005688,1.6460694,90.44715,31.09756
31.827883,1.7376195,101.11789,46.034245
30.74033,1.7376195,102.64227,46.754116
32.53912,1.7376195,95.52846,37.80488
34.139404,1.7376195,102.13415,44.512196
33.25035,1.7376195,100.60976,49.390244
30.323914,2.1581879,115.85366,55.792683
29.508614,1.954822,118.0653,53.048782
36.806545,2.3892267,148.88211,57.92683
35.20626,2.3892267,155.99594,62.967587
34.113373,1.7376195,153.96341,54.57317
32.894737,1.9270307,138.71951,56.956707
33.605976,1.8776336,126.68568,48.47561
32.30453,1.7376195,115.85366,43.90244
24.715506,1.7376195,99.085365,37.19512
25.248934,1.7376195,90.44715,44.20102
25.96017,1.7376195,85.51299,35.365852
26.493599,1.7376195,90.6905,37.80488
32.005688,1.7376195,77.23577,33.536587
29.014404,1.5858815,95.87282,30.792683
35.73969,1.4565785,76.21951,32.317074
40.54054,1.7376195,86.89024,41.8688
40.362732,1.4614865,114.837395,49.752716
37.69559,1.7376195,127.032524,32.92683
36.273117,1.7376195,117.37805,38.414635
34.85064,1.7376195,100.10162,29.878048
34.31721,1.7376195,103.150406,33.841465
32.36131,1.6398256,107.233376,35.060974
31.827883,1.7376195,114.32927,35.97561
33.428165,1.7376195,105.21942,34.146343
37.51778,1.5314687,113.31301,44.512196
31.143469,1.954822,119.9187,50.30488
40.00711,1.7376195,142.75404,59.756096
30.095472,1.7376195,118.734985,56.09756
33.072548,1.9586569,128.018,50.609756
32.005688,1.7376195,120.42683,51.82927
35.02845,1.7376195,117.37805,49.506126
31.65007,1.8361038,111.28049,42.378048
26.13798,1.7376195,98.57723,45.848835
25.96017,1.7376195,100.10162,33.23171
26.13798,1.7376195,84.349594,35.060974
27.738264,1.7376195,94.64875,38.719513
33.78378,1.565991,74.18699,33.536587
33.072548,1.7376195,71.138214,27.134146
33.78378,1.5231102,83.333336,28.04878
31.40231,1.7376195,95.020325,31.09756
41.607395,1.7376195,105.18293,46.02046
38.762447,1.4131776,131.09756,37.19512
35.917496,1.7376195,141.26016,35.97561
34.495018,1.7376195,106.19919,32.621952
32.894737,1.6321875,97.560974,34.146343
33.605976,1.7376195,120.19425,49.188488
32.36131,1.8919903,102.13415,47.57232
29.414825,1.7376195,89.52337,28.04878
36.984352,1.7376195,89.43089,33.23171
42.496445,1.7376195,99.5935,39.939026
41.251778,1.954822,155.99594,55.182926
37.339973,1.7376195,151.42276,52.743904
33.25035,1.7376195,141.7683,55.739067
32.53912,1.7376195,126.01626,49.695118
32.53912,1.7376195,121.44309,45.121952
29.16074,1.7376195,94.312904,34.146343
23.64865,1.7376195,89.43089,32.92683
24.004267,1.7376195,88.414635,32.92683
29.538338,1.7376195,79.268295,41.54573
25.604551,1.7376195,79.268295,41.796032
33.072548,1.7376195,98.98787,29.573172
40.71835,1.7376195,121.78368,34.146343
36.806545,1.7376195,113.83751,33.536587
35.02845,1.7376195,86.38211,25.914635
34.672832,1.7376195,91.97154,27.134146
34.139404,1.7376195,89.43089,30.792683
31.472263,1.7376195,120.42683,36.280487
31.868454,1.7376195,100.10162,25.304878
32.53912,1.5625886,78.25203,28.353659
29.478134,2.0493722,98.57723,47.44281
31.116644,1.7376195,102.13415,46.51352
32.716927,1.7376195,116.46052,46.341465
32.716927,1.7376195,105.18293,48.17073
31.547777,2.1423905,134.65446,53.048782
35.20626,1.7376195,154.47154,63.719513
35.384068,1.7376195,135.76413,58.841465
31.65007,1.7376195,136.17886,58.536587
32.1835,1.7376195,110.26423,55.487804
33.072548,1.7376195,112.296745,48.489143
29.16074,1.7376195,96.03658,31.707317
24.715506,1.7376195,91.46342,32.92683
24.715506,1.7376195,88.92277,31.707317
25.248934,1.7376195,82.8252,34.146343
26.671408,1.7376195,80.79269,35.67073
33.25035,1.7376195,85.36585,32.012196
39.651493,1.7376195,87.39838,32.317074
35.20626,1.7376195,91.46342,33.23171
33.428165,1.5779938,83.333336,32.317074
31.472263,1.7376195,112.4545,46.36084
31.472263,1.7376195,89.939026,31.09756
30.405403,2.0070581,85.873985,44.38821
30.049788,1.7376195,93.587524,32.621952
31.472263,1.7376195,79.268295,31.09756
29.16074,2.0782077,86.38211,44.48591
30.523287,1.7376195,82.8252,39.32927
33.78378,1.7376195,87.39838,42.577225
31.33609,1.7376195,100.60976,45.121952
28.006725,2.1720243,112.912674,49.687706
35.384068,1.8496373,157.52032,55.487804
34.139404,1.954822,162.60162,53.658535
31.65007,1.7376195,139.22765,59.146343
30.583216,1.7376195,127.54066,52.702442
34.139404,1.8143069,112.80488,50.155113
28.627312,1.7376195,94.00407,36.585365
8.89047,1.7376195,82.31707,34.756096
4.978663,1.7376195,76.727646,32.92683
5.8677096,1.7376195,76.727646,32.92683
6.756757,1.7376195,72.15447,33.23171
13.869132,1.3032146,77.743904,32.621952
21.159317,1.7376195,79.268295,42.17487
30.640993,1.7376195,82.31707,28.963415
29.344074,1.7376195,79.268295,41.44367
10.668563,2.7867484,76.21951,32.012196
30.648743,1.7376195,87.39838,39.02439
28.982931,1.7376195,108.231705,39.939026
28.271692,1.7376195,105.47326,44.15116
29.338549,1.7589543,74.69512,29.878048
24.182077,2.0935009,79.268295,32.317074
30.69619,1.7376195,86.89024,33.841465
28.627312,1.7376195,88.92277,41.463413
30.938831,1.9023635,111.28049,45.73171
33.072548,1.8664324,124.05071,48.47561
32.894737,1.7376195,162.60162,49.085365
32.716927,1.7376195,154.97968,56.09756
29.338549,2.15731,139.22765,53.048782
28.982931,1.7376195,125.0,52.43903
31.65007,1.8217484,115.34553,41.15854
27.382647,1.7376195,100.10162,46.132507
23.115221,1.7376195,95.020325,32.92683
23.470839,1.7376195,86.89024,29.268293
23.826458,1.7376195,93.52452,40.201218
24.004267,1.7376195,76.21951,32.92683
31.65007,1.7376195,85.873985,42.257057
37.873398,1.553152,88.414635,43.709248
33.605976,1.7376195,94.00407,27.134146
30.761023,1.7376195,91.11704,28.353659
29.985163,1.7376195,86.38211,43.095684
31.827883,1.520417,87.9065,33.536587
29.090382,1.7376195,109.490906,45.506985
28.449503,1.7376195,85.873985,42.802727
28.982931,1.7376195,81.80975,24.390244
28.80512,1.7376195,84.34813,26.524391
27.738264,1.7376195,88.27547,32.317074
29.871977,1.8162686,85.873985,34.451218
29.13519,1.7376195,109.13268,45.38861
32.005688,1.7376195,113.90362,45.121952
32.36131,1.954822,148.88211,52.134148
32.716927,1.7376195,155.48781,51.219513
28.982931,1.954822,142.27643,46.341465
28.271692,1.7376195,127.032524,52.634617
31.116644,1.7376195,112.296745,38.414635
29.632593,1.7376195,93.99175,32.012196
23.470839,1.7376195,84.349594,32.012196
23.64865,1.7376195,83.333336,28.963415
23.826458,1.7376195,76.085014,29.268293
26.158957,2.3892267,74.69512,43.55041
28.617117,1.7176282,66.56504,29.573172
35.917496,1.3988318,72.662605,28.353659
32.894737,1.7376195,81.808945,27.134146
30.227596,1.7376195,86.89024,30.487804
29.51636,2.0333905,92.98781,45.562347
29.694168,1.7376195,96.274826,35.365852
29.338549,2.075444,111.28049,49.085365
30.632692,1.7376195,84.349594,37.19512
29.51636,1.7376195,84.349594,42.54543
30.821524,1.7376195,90.44715,42.682926
28.093884,2.0940301,115.900764,52.43903
29.679743,2.0849817,106.19919,49.32977
29.871977,1.9201788,125.50814,40.548782
32.005688,2.1720243,140.75203,40.243904
33.072548,2.3892267,160.06097,51.52439
30.938831,2.1159108,154.47154,57.012196
27.027027,1.7376195,130.0813,50.30488
27.560455,1.7376195,99.53937,43.90244
29.338549,1.7376195,118.902435,50.574154
25.782362,1.7376195,98.57723,33.23171
22.759602,1.7376195,97.05285,31.40244
22.759602,1.7376195,73.72296,29.878048
22.93741,1.7376195,72.2896,28.658537
22.759602,1.7376195,68.08943,29.268293
26.671408,1.7376195,65.54878,27.743902
26.493599,1.7376195,68.08943,39.063778
29.694168,2.1720243,82.31707,43.97105
32.53912,1.7376195,85.873985,25.609756
33.072548,1.6035049,107.205734,33.536587
32.36131,1.6721884,108.87813,36.890244
33.605976,1.7658916,138.71951,42.682926
32.005688,1.7376195,108.73984,33.23171
29.371273,1.7376195,110.21473,45.743206
31.29445,1.7376195,99.60401,34.451218
31.29445,1.9850287,111.78862,50.308483
31.472263,1.7376195,105.691055,39.02439
30.761023,1.7820145,110.26423,34.146343
31.472263,1.7376195,118.39431,42.07317
32.005688,2.1175177,165.14227,59.146343
30.405403,1.7376195,129.56053,63.719513
26.849218,1.7376195,135.1626,53.658535
31.8994,2.0554972,132.62195,49.695118
29.51636,1.7376195,134.14635,46.646343
26.13798,1.7376195,105.691055,36.280487
23.29303,1.7376195,92.98781,32.92683
22.93741,1.7376195,90.44715,29.878048
22.93741,1.7376195,82.31707,29.268293
23.115221,1.7376195,72.15447,40.437393
26.31579,1.7376195,101.426865,42.976612
25.604551,1.7376195,65.54878,38.605396
27.560455,1.954822,72.662605,21.341463
32.36131,1.7376195,85.36585,28.658537
33.78378,1.7376195,112.019356,39.02439
33.428165,1.520417,117.37805,55.792683
32.005688,2.1720243,149.89838,60.26457
32.005688,1.680925,108.51163,38.414635
32.36131,1.7376195,104.76147,37.19512
28.627312,1.7376195,104.166664,43.59756
26.849218,1.7376195,92.479675,39.939026
32.06257,1.7376195,109.24797,38.719513
28.80512,2.606429,94.51219,49.194344
26.432648,2.8236315,105.18293,42.378048
33.831184,1.7376195,148.37398,55.182926
31.29445,2.1430569,150.91463,60.365852
27.738264,2.2668207,131.09756,53.353657
26.13798,1.7376195,120.42683,47.256096
32.304832,1.7376195,112.296745,38.414635
25.782362,1.7376195,94.00407,34.146343
29.249538,1.7376195,92.569244,32.621952
22.93741,1.7376195,80.28455,30.487804
23.29303,1.7376195,79.268295,41.936394
30.774273,1.7376195,86.38211,30.182926
28.982931,1.7376195,86.89024,42.77364
36.450924,1.7376195,83.333336,30.487804
32.716927,1.7376195,85.873985,30.182926
29.871977,1.655266,85.873985,23.475607
29.51636,1.7376195,78.25203,28.658537
28.80512,1.8134345,90.955284,29.573172
29.871977,1.7376195,112.80488,48.891064
29.51636,1.6049268,93.17223,29.878048
30.449244,1.7376195,80.79269,32.012196
27.776869,2.3892267,89.43089,39.02439
31.545626,1.7376195,104.166664,44.207317
27.916075,1.7376195,105.691055,41.15854
29.694168,1.7376195,116.86992,49.390244
32.1835,1.9813226,149.89838,60.055298
32.53912,1.7376195,172.2561,62.5
30.518192,1.7376195,126.99351,62.5
33.06446,1.7376195,139.73578,53.658535
32.51817,1.7376195,128.55692,53.048782
25.426743,1.7376195,108.231705,43.59756
23.826458,1.7376195,89.43089,34.451218
22.226173,2.159849,93.91972,42.631058
22.581793,1.7376195,80.79269,33.536587
22.581793,1.7376195,74.89032,31.707317
22.93741,2.1676517,81.30081,30.182926
27.204836,1.9320283,82.8252,31.707317
35.56188,2.1720243,80.28455,35.67073
32.1835,1.7831229,84.85773,43.292683
31.29445,3.475239,89.43089,40.548782
31.29445,2.3892267,84.85773,37.19512
30.938831,2.8236315,83.84146,41.463413
27.916075,1.7376195,98.041534,41.463413
28.271692,1.7376195,88.92277,35.97561
28.449503,1.6167021,91.01588,29.573172
28.536442,2.1720243,83.333336,34.756096
26.671408,2.0514219,105.439186,46.575474
26.493599,1.7376195,80.79269,38.414635
29.76174,1.7376195,103.30229,41.15854
32.894737,1.7376195,125.0,53.658535
33.953346,1.7376195,159.04471,60.67073
32.005688,1.7376195,131.86795,61.585365
32.95876,1.7376195,136.17886,54.878048
27.027027,1.7376195,127.032524,53.658535
26.849218,1.7376195,106.19919,42.987804
24.359886,1.7376195,100.60976,37.19512
22.759602,1.7376195,87.39838,41.15854
22.581793,1.7376195,84.349594,40.243904
30.37565,1.7376195,78.76016,36.585365
22.581793,1.7376195,73.67886,36.585365
27.204836,1.7376195,102.75091,43.352795
35.20626,1.5576845,113.13411,34.451218
32.894737,1.954822,91.97154,35.67073
29.615206,1.850124,91.46342,35.67073
31.116644,1.7907082,77.23577,40.548782
29.51636,1.7376195,80.79269,49.390244
29.51636,1.9180748,97.560974,40.853657
28.627312,1.7376195,74.69512,40.488163
28.449503,1.7376195,74.18699,38.414635
26.849218,1.520417,85.873985,38.109756
26.493599,1.7376195,88.92277,45.73171
26.671408,2.0854497,99.085365,39.634148
29.338549,1.7376195,117.88618,50.35218
32.36131,1.7376195,153.45529,58.670628
34.672832,1.820541,153.45529,60.50783
32.005688,1.8946043,119.50947,51.15178
33.199646,1.7376195,140.75203,53.963413
28.093884,1.7376195,98.57723,44.817074
25.782362,2.174309,102.13415,41.463413
32.43062,1.520417,100.60976,36.585365
21.870554,1.7376195,81.808945,34.756096
28.299004,2.0384905,81.808945,43.368423
22.048365,1.7376195,80.28455,32.012196
22.403982,2.2171092,75.71138,30.792683
26.671408,1.7376195,71.64634,29.573172
35.20626,1.7376195,89.939026,43.00926
32.894737,1.5610338,106.42557,32.92683
30.938831,1.7376195,92.42762,28.353659
29.694168,1.7376195,94.75315,33.841465
29.694168,2.1720243,99.709526,34.451218
28.627312,2.1111019,102.64227,48.06637
29.16074,1.7376195,86.89024,34.756096
29.468153,1.7376195,69.61382,42.378048
27.738264,1.7376195,76.727646,40.628887
27.560455,1.9651368,85.873985,37.5
28.449503,1.7376195,91.97154,44.081154
29.871977,1.7376195,110.772354,56.40244
32.894737,1.7376195,155.48781,59.383648
32.36131,1.7376195,136.41914,63.719513
32.36131,1.7376195,162.60162,63.414635
27.738264,1.7376195,145.32521,56.09756
26.493599,1.7376195,103.4925,50.30488
30.264315,1.9150509,103.65854,39.634148
30.965475,1.7376195,89.939026,35.97561
22.581793,2.2539778,91.97154,34.451218
22.581793,2.2610462,91.97154,33.536587
22.93741,1.7376195,76.951,33.23171
29.162453,1.7376195,94.0881,34.146343
26.493599,1.7376195,77.23577,32.012196
34.85064,2.1720243,84.349594,37.19512
33.428165,1.954822,84.85773,39.02439
32.005688,1.7376195,79.77642,33.841465
30.759832,1.7376195,84.85773,33.841465
31.116644,1.7052728,95.52846,32.317074
32.36131,1.7376195,105.691055,37.80488
30.049788,1.7936924,90.955284,34.451218
30.312275,1.7376195,77.743904,28.658537
28.271692,1.7376195,89.973465,33.536587
30.753702,1.7376195,84.85773,31.707317
29.16074,1.7376195,81.808945,41.700024
29.51636,2.1720243,99.5935,39.02439
32.36131,1.954822,135.67073,55.78553
33.072548,1.7376195,159.04471,51.82927
34.097282,1.7376195,149.89838,49.390244
27.382647,2.209363,137.70325,47.865852
27.204836,2.2301085,125.0,50.914635
31.319326,1.7376195,100.60976,38.719513
24.359886,1.7376195,80.93678,34.146343
22.403982,1.7376195,73.518745,30.182926
22.226173,1.7376195,86.38211,28.353659
22.759602,1.7376195,80.79269,27.134146
23.115221,1.7376195,70.63008,28.658537
24.182077,2.029927,70.63008,27.743902
26.31579,2.0449057,104.129684,45.99239
30.227596,1.7376195,83.333336,26.829268
34.31721,1.4844842,103.150406,27.134146
31.0037,1.7212878,105.691055,25.0
31.242085,1.774927,113.82114,27.134146
33.072548,1.520417,111.28049,29.268293
34.456272,1.3032146,106.19919,23.780487
31.827883,1.520417,104.6748,28.963415
29.29058,1.7376195,92.225876,32.317074
28.418844,1.963224,112.64061,48.86797
31.116644,1.7376195,104.6748,22.560976
31.827883,1.7376195,104.6748,30.182926
32.894737,1.7376195,131.6057,33.841465
35.04737,1.7376195,163.61789,46.951214
30.583216,1.954822,144.81708,58.15367
32.43947,1.7376195,125.0,54.26829
28.093884,1.7376195,127.54066,52.780956
27.382647,1.7376195,108.73984,41.15854
24.715506,1.7376195,98.57723,45.959915
22.93741,1.7376195,89.43089,44.361942
22.93741,1.7376195,89.939026,32.317074
23.115221,2.1881306,81.808945,31.40244
29.211678,1.7376195,74.69512,40.262997
25.071123,1.7376195,69.61382,28.04878
29.227161,1.7376195,108.75278,45.09151
30.803442,1.7376195,78.25203,20.731707
33.961594,1.7376195,87.39838,24.390244
33.062904,1.7376195,120.42683,31.707317
33.605976,1.520417,138.21138,39.02439
35.56188,1.4976408,112.0318,31.707317
33.961594,1.5010432,105.691055,25.609756
32.53912,1.7376195,106.19919,27.134146
30.938831,1.7376195,112.9571,46.677628
30.405403,1.7376195,82.31707,41.837914
30.583216,1.6349981,79.77642,25.0
32.005688,1.554089,100.29057,29.878048
33.78378,1.520417,110.772354,42.987804
32.36131,1.9535067,151.9309,51.82927
31.827883,1.7376195,143.80081,54.57317
28.271692,1.7376195,139.73578,44.512196
28.271692,1.7376195,120.42683,41.76829
27.738264,1.7376195,113.31301,34.451218
25.071123,1.7376195,96.544716,30.792683
23.115221,1.7376195,83.84146,42.755753
22.93741,1.7376195,83.333336,42.733562
30.071596,1.7376195,72.15447,28.658537
23.826458,1.7376195,71.138214,29.573172
27.738264,1.7376195,70.63008,28.658537
34.85064,1.7376195,105.24569,30.487804
35.73969,1.7376195,78.25203,29.268293
32.005688,1.3032146,79.268295,24.085365
32.1835,1.7376195,116.0385,47.731403
31.827883,1.7376195,79.268295,25.0
32.005688,1.7376195,85.873985,35.365852
31.29445,1.686672,86.38211,31.707317
31.65007,1.7376195,88.414635,43.033348
29.694168,1.7376195,78.76016,41.29651
30.049788,1.954822,77.743904,35.060974
30.583216,1.7852756,83.84146,36.280487
33.25035,1.7376195,116.43992,44.512196
31.786793,2.250057,141.26016,61.280487
34.139404,1.7376195,177.3374,66.768295
32.1835,1.7376195,157.52032,63.109756
30.405403,1.7376195,139.22765,62.19512
28.627312,1.7376195,116.86992,53.048782
28.093884,1.7376195,110.772354,37.19512
25.426743,2.0765398,93.49593,33.841465
23.115221,1.7376195,85.36585,30.182926
23.115221,1.7376195,74.06867,30.182926
23.29303,1.7376195,78.25203,41.78463
24.182077,1.7376195,73.67886,29.268293
28.982931,1.7376195,80.79269,29.573172
28.39338,2.0596743,85.36585,44.36367
29.120726,1.7376195,92.13995,32.621952
32.005688,1.3032146,77.23577,38.38426
31.29445,1.0860121,76.727646,37.383324
30.938831,1.3032146,88.414635,29.268293
29.827974,1.822146,94.51219,32.317074
30.473537,1.7376195,82.31707,33.841465
29.16074,1.7376195,73.17073,29.573172
27.560455,1.7376195,79.268295,33.536587
28.982931,1.8593725,81.30081,36.585365
29.338549,1.954822,96.415276,35.365852
32.005688,1.7376195,94.00407,40.548782
34.672832,1.7376195,121.703835,49.55764
35.20626,2.3892267,160.5691,62.80488
32.53912,1.7376195,153.96341,58.536587
30.227596,1.7376195,122.95736,58.536587
31.852945,1.7376195,115.85366,52.43903
31.65184,1.7376195,103.150406,37.19512
24.359886,1.7376195,89.939026,31.09756
31.29957,1.7376195,90.44715,29.268293
30.768148,1.7376195,81.808945,27.439024
22.93741,2.4852405,84.85773,44.62345
23.826458,1.7376195,84.85773,42.82244
29.338549,1.7376195,81.30081,29.268293
36.450924,1.7376195,90.955284,32.92683
35.384068,1.7376195,85.873985,34.451218
33.072548,1.3032146,75.71138,26.524391
31.618118,1.0860121,92.29992,37.5
31.472263,1.881728,116.76946,49.963207
29.50194,1.8934755,91.46342,38.719513
30.227596,1.520417,80.28455,34.451218
29.16074,1.7924095,74.69512,31.09756
28.982931,1.7376195,75.203255,35.365852
29.155462,1.954822,76.727646,35.060974
32.53912,1.7376195,79.77642,39.634148
31.318117,1.7376195,107.21545,50.30488
36.984352,1.7484311,162.60162,55.487804
35.384068,1.7376195,155.99594,59.756096
33.25035,1.7376195,145.83333,56.705887
32.891617,1.7376195,138.21138,55.444878
28.271692,1.7376195,122.45935,51.680496
27.204836,1.7376195,94.34829,39.32927
31.13437,1.7376195,91.46342,31.707317
23.29303,1.7376195,87.39838,28.963415
23.470839,1.7376195,72.68289,28.04878
23.826458,1.7376195,78.76016,28.353659
29.59471,1.7376195,83.333336,42.530922
31.29445,1.7376195,92.78876,28.658537
38.22902,1.7376195,130.54759,52.159073
37.162163,1.520417,85.873985,30.792683
29.243752,1.7376195,86.649475,25.304878
32.005688,1.3032146,81.808945,28.658537
30.227596,1.7659123,87.9065,32.621952
29.694168,1.7376195,104.6748,36.280487
29.51636,1.7376195,85.36585,27.134146
29.673283,1.520417,85.56077,27.439024
28.449503,1.520417,72.662605,38.65778
28.271692,1.7376195,79.77642,34.146343
31.644136,1.520417,85.36585,38.719513
30.009083,1.7376195,106.459015,43.59756
32.99718,1.7376195,140.2439,56.265747
34.672832,1.7376195,169.71545,62.602306
31.472263,1.7376195,134.8293,64.63415
29.16074,1.7376195,142.78455,58.841465
28.271692,1.7376195,115.34553,49.92371
27.738264,1.7376195,109.756096,36.585365
30.797316,1.7376195,86.38211,30.487804
22.93741,1.7376195,85.36585,31.40244
23.115221,1.7376195,77.743904,41.60805
23.115221,2.122502,77.743904,29.573172
24.359886,1.7376195,77.743904,31.707317
29.51636,1.7376195,76.727646,40.834515
37.339973,1.7376195,121.6283,39.02439
38.22902,1.954822,77.23577,32.621952
27.2008,2.3892267,74.69512,27.439024
33.78378,1.7376195,78.76016,29.573172
31.65007,1.954822,107.87026,38.414635
31.827883,1.7376195,97.05285,32.621952
30.583216,1.7376195,89.43089,28.658537
30.761023,1.7376195,79.77642,31.09756
29.16074,1.7376195,86.38211,31.707317
30.912046,1.7376195,92.98781,37.5
30.583216,1.7376195,99.5935,37.80488
31.827883,1.954822,114.32927,46.951214
32.894737,1.954822,144.81708,55.182926
32.1835,2.3892267,167.68292,66.47625
31.116644,2.1401272,155.99594,59.146343
28.449503,1.7376195,140.2439,56.156715
28.449503,1.7376195,115.85366,53.658535
28.449503,1.7376195,103.65854,39.939026
31.061617,1.7376195,90.955284,33.536587
23.470839,1.7376195,80.28455,31.09756
23.29303,1.7376195,86.89024,29.878048
23.64865,1.7376195,79.268295,31.09756
24.893314,1.7376195,73.67886,31.707317
29.800507,1.7376195,68.597565,31.09756
27.560455,1.7376195,74.69512,32.317074
30.227596,1.954822,85.873985,26.219515
33.072548,1.954822,103.150406,29.878048
33.072548,2.1720243,104.166664,28.658537
32.53912,1.7376195,108.231705,32.621952
29.139763,1.7883527,105.55635,39.02439
31.472263,1.7816848,107.72358,39.32927
33.47251,1.3032146,110.26423,46.214558
32.810055,1.520417,111.78862,46.951214
30.405403,1.954822,100.60976,37.19512
28.982931,1.8020542,102.78996,38.719513
30.049788,1.7376195,108.231705,47.560974
33.428165,1.7376195,161.07724,60.574757
29.736261,2.3750892,134.0025,65.243904
32.15975,2.1600792,143.29268,54.57317
28.093884,1.7376195,140.75203,54.878048
28.449503,1.7376195,124.49187,62.5
28.982931,1.7376195,105.48413,44.0134
25.426743,1.7376195,98.70133,42.043938
23.115221,2.2428606,86.89024,35.365852
22.581793,1.7376195,78.10362,34.451218
22.581793,1.7376195,73.373245,31.09756
24.359886,2.3784413,73.67886,41.96058
29.379463,1.7376195,92.360275,32.012196
29.93041,1.7376195,74.18699,35.060974
28.449503,1.793998,66.56504,28.353659
29.912317,1.7376195,88.92277,43.655415
35.73969,1.520417,98.57723,40.853657
35.384068,1.0860121,133.13008,50.609756
36.095306,1.8992546,140.2439,64.02439
29.786045,1.520417,106.49221,42.903603
32.894737,1.7376195,106.19919,51.52439
33.072548,1.7376195,94.51219,44.259468
29.51636,1.7376195,91.46342,40.548782
30.405403,1.7376195,94.51219,41.463413
32.894737,1.8714561,111.28049,52.134148
35.02845,1.7376195,147.35773,66.768295
32.53912,1.7376195,163.10976,61.229637
32.36131,2.1728303,157.52032,67.07317
28.982931,1.7376195,127.032524,62.80488
27.560455,1.7376195,120.42683,50.87519
29.51636,2.0755224,111.28049,50.0
24.715506,1.7376195,96.03658,40.243904
30.871317,1.7376195,86.38211,35.060974
22.93741,1.7376195,88.414635,35.060974
23.29303,1.7376195,72.662605,34.146343
24.715506,1.7376195,73.67886,31.40244
29.998732,1.7376195,74.18699,32.012196
36.273117,1.4694155,90.44715,35.67073
33.428165,1.7451838,118.18626,42.682926
32.53912,1.7376195,92.479675,38.719513
30.761023,1.7376195,90.44715,34.451218
30.761023,1.7376195,109.24797,47.896297
31.116644,1.9822552,116.86992,50.30488
29.694168,1.7376195,103.65986,41.76829
29.820356,1.7376195,75.71138,41.15854
28.449503,1.520417,103.93075,42.15737
28.449503,1.7376195,86.89024,40.853657
30.527958,1.7376195,98.57723,45.85986
30.583216,1.9868948,114.32927,49.695118
32.36131,1.7376195,164.63414,70.42683
32.1835,1.7376195,165.14227,69.51219
33.87951,1.7376195,155.99594,64.63415
28.093884,2.2622077,129.06505,57.012196
27.560455,1.7376195,118.39431,52.134148
27.560455,1.7376195,110.772354,42.07317
24.004267,1.7376195,92.479675,34.146343
22.048365,1.7376195,80.79269,34.756096
22.226173,1.7376195,81.808945,32.012196
22.403982,1.7376195,75.47656,32.92683
24.359886,1.7376195,75.71138,41.10396
30.049788,1.7376195,73.17073,34.451218
30.76854,1.7376195,89.43089,39.32927
30.751616,1.7376195,90.44715,36.890244
30.938831,1.7376195,81.30081,36.890244
32.005688,1.7020737,108.277985,37.80488
30.583216,1.9979494,113.31301,50.338062
29.51636,1.7376195,109.756096,44.512196
29.51636,1.7376195,95.020325,42.07317
28.627312,1.7376195,84.349594,42.987804
27.916075,1.954822,109.12885,48.47561
27.560455,1.7376195,98.57723,45.121952
28.80512,1.7376195,103.65854,53.048782
30.049788,2.1382296,113.82114,56.707317
33.428165,1.7376195,154.47154,72.86585
32.716927,1.949236,179.87805,67.17592
32.005688,1.7376195,161.07724,60.678623
28.449503,1.7376195,129.06505,53.22768
32.153824,1.7376195,125.50814,55.182926
30.799353,1.7376195,101.11789,46.38577
24.004267,1.7376195,91.46342,39.32927
21.692745,1.7376195,78.966255,37.80488
29.565899,1.7376195,96.83066,35.060974
22.048365,2.507184,75.203255,42.39995
23.470839,1.7376195,71.64634,39.94749
30.938831,1.7376195,71.64634,33.841465
29.382898,1.8582077,87.9065,36.585365
33.072548,1.7376195,108.70625,38.719513
31.65007,1.7376195,87.9065,37.80488
29.848103,1.7376195,87.39838,43.461483
29.338549,2.0861006,109.24797,49.60193
29.338549,1.7376195,107.35102,44.673992
30.58432,1.7376195,91.46342,42.987804
28.80512,1.7376195,80.79269,48.780487
28.982931,1.9353206,110.1034,46.036587
29.478838,2.010358,98.06911,45.73171
31.452473,1.7376195,106.19919,51.219513
32.53912,1.7376195,128.04878,61.890244
30.942574,1.7376195,135.92091,68.902435
29.450352,1.7376195,110.952484,46.07374
31.116644,1.7376195,127.60517,59.756096
28.982931,1.7376195,118.356705,56.707317
28.449503,1.7376195,130.58943,53.50447
31.063612,1.7376195,98.57723,44.817074
25.426743,2.1598742,81.30081,41.15854
22.403982,1.7376195,76.727646,36.585365
22.93741,2.4697447,74.18699,42.350723
22.93741,1.7376195,91.12327,39.424118
25.248934,1.7376195,71.138214,32.621952
30.938831,1.7376195,77.743904,32.92683
36.984352,1.7376195,89.43089,42.92842
30.5803,1.7376195,99.5935,45.963806
32.36131,1.7376195,96.03658,35.365852
31.827883,1.7376195,87.9065,38.414635
30.583216,1.7376195,95.688416,33.536587
30.049788,1.7376195,101.11789,46.055077
30.983803,1.7376195,87.9065,34.146343
28.80512,1.7376195,72.662605,32.92683
28.271692,1.7376195,91.97154,28.658537
28.093884,1.7376195,90.44715,38.109756
29.338549,1.7376195,85.36585,36.585365
32.005688,1.7376195,115.85366,54.26829
33.25035,1.8858778,122.99407,52.577194
34.62068,1.7376195,166.66667,61.890244
31.827883,2.1423643,133.3537,59.756096
33.63907,1.7376195,145.83333,53.048782
32.443993,1.7376195,120.42683,45.121952
28.093884,2.170939,104.6748,48.933273
24.359886,2.1448681,92.479675,33.23171
28.423637,2.0250034,81.808945,43.304672
22.403982,1.7376195,90.44715,32.012196
22.048365,1.7376195,81.808945,31.707317
24.182077,1.7376195,69.10569,33.841465
30.761023,1.7376195,75.203255,40.19305
31.359468,1.7376195,92.98781,32.012196
33.961594,2.1720243,88.92277,34.146343
32.894737,1.6399692,91.97154,33.841465
30.461899,1.7376195,85.36585,42.07317
30.583216,1.7376195,97.05285,49.390244
28.982931,1.7376195,99.5935,51.52439
28.982931,1.954822,91.97154,45.42683
28.627312,1.7376195,87.9065,46.341465
27.204836,1.7376195,93.49593,44.762215
27.204836,1.954822,110.319695,52.134148
27.560455,1.7376195,116.86992,53.963413
32.38241,1.7376195,129.06505,59.756096
34.429146,1.7376195,169.20732,64.32927
32.894737,1.7376195,178.86179,65.61138
29.51636,1.7376195,157.52032,67.37805
26.849218,1.7376195,134.65446,65.243904
26.493599,1.7376195,129.57317,56.40244
26.493599,1.7376195,111.28049,49.085365
31.020123,1.7376195,99.085365,48.17073
21.870554,2.4147904,82.8252,41.463413
21.692745,1.7376195,82.31707,33.536587
30.46815,1.7376195,79.77642,30.792683
24.004267,1.7376195,70.63008,30.792683
25.782362,2.0092223,65.04065,32.621952
25.248934,1.7376195,75.71138,36.890244
29.16074,2.3892267,68.08943,34.146343
28.352915,2.3892267,98.57723,35.97561
14.935988,1.520417,109.756096,48.802803
24.537695,1.7376195,120.42683,51.581654
32.1835,1.7702758,142.27643,38.109756
32.381577,1.7376195,115.85366,37.5
31.29445,1.7548084,109.160416,40.243904
31.116644,2.1720243,131.6057,42.682926
29.16074,1.9081817,126.01626,35.060974
31.002108,1.9606203,119.41057,40.243904
28.982931,2.1720243,117.37805,43.292683
32.716927,1.7376195,118.59392,48.649063
32.1835,1.7376195,169.71545,63.719513
33.280033,1.7376195,142.78455,56.09756
27.204836,1.7376195,120.93496,52.743904
27.382647,2.296216,123.47561,55.182926
27.204836,2.1713984,109.756096,47.560974
24.359886,1.7376195,86.047455,38.719513
22.226173,2.2507908,86.89024,32.012196
22.048365,1.7376195,71.16406,29.878048
21.514936,2.2772202,81.30081,30.487804
23.826458,1.7376195,73.67886,27.134146
25.604551,1.7376195,69.61382,27.743902
24.359886,1.7376195,67.07317,27.439024
27.162865,2.0312507,65.04065,39.712452
31.472263,1.4316161,92.301315,24.085365
33.428165,1.3032146,102.64227,35.060974
33.072548,1.3032146,114.32064,44.007847
32.894737,1.3032146,117.449295,51.219513
33.591667,1.7376195,143.29268,53.658535
32.53912,1.7376195,109.24797,41.76829
30.761023,1.7376195,106.19919,41.15854
28.449503,1.954822,107.04307,46.199078
29.51636,2.3892267,104.55445,38.414635
29.871977,1.7376195,99.085365,42.378048
31.827883,1.7376195,132.62195,53.963413
32.005688,1.7376195,157.01219,52.743904
29.694168,1.7376195,158.02846,49.085365
33.25798,1.7376195,139.22765,50.0
26.671408,2.2558563,128.55692,49.695118
27.027027,1.7376195,109.24797,44.207317
24.004267,1.7376195,92.23976,39.675514
22.048365,1.7376195,80.28455,42.052364
22.048365,1.7376195,76.21951,31.09756
22.048365,1.7376195,75.203255,32.012196
24.182077,1.7376195,74.69512,31.707317
29.31963,1.7376195,75.203255,40.638515
34.672832,1.627246,95.52846,41.15854
32.716927,1.7376195,118.303894,48.519222
31.116644,1.3032146,83.84146,34.451218
30.227596,1.520417,80.28455,43.59756
28.80512,1.3032146,101.626015,50.0
28.271692,1.3032146,101.11789,44.03682
28.982931,1.520417,77.743904,40.102337
28.627312,1.3032146,68.08943,47.865852
26.849218,1.520417,104.57356,52.743904
27.027027,1.7376195,109.50222,53.963413
27.382647,2.2913144,122.274,59.451218
29.16074,2.1720243,130.58943,60.67073
33.25035,1.7376195,118.339554,48.515644
33.460426,1.7376195,157.52032,75.60976
31.29445,1.7376195,153.96341,77.439026
32.1203,1.7376195,132.62195,75.30488
27.560455,1.7376195,121.44309,69.20731
26.13798,1.7376195,110.43233,57.012196
23.29303,1.7376195,99.5935,46.270626
21.692745,2.1614695,92.43938,48.17073
21.692745,2.0293686,86.02651,41.76829
21.514936,1.7376195,84.85773,38.414635
23.470839,1.7376195,77.23577,39.634148
29.460453,1.7376195,76.21951,40.49049
33.605976,1.7376195,118.39413,48.33774
30.502338,1.7376195,86.89024,41.463413
29.51636,1.9174004,86.89024,42.378048
28.982931,1.520417,88.414635,44.512196
28.271692,1.9995263,96.03658,41.76829
28.093884,1.3032146,99.085365,46.951214
28.80512,1.9942127,110.38576,48.23044
27.916075,1.7376195,72.15447,36.890244
26.849218,1.7376195,84.85773,50.30488
26.31579,2.2036576,86.38211,48.47561
27.027027,1.7376195,91.97154,44.331104
29.338549,2.1720243,124.90803,58.23171
31.65007,1.7376195,183.94308,77.743904
31.65007,1.7376195,152.12546,84.756096
30.761023,2.3769233,159.55284,72.256096
28.093884,1.7376195,130.89012,70.12195
26.31579,1.7376195,125.0,57.012196
25.782362,1.7376195,108.73984,44.512196
23.115221,1.7376195,90.18359,39.02483
31.844883,1.520417,86.89024,34.756096
29.071589,1.7979436,80.28455,32.92683
21.337126,1.7376195,77.23577,31.707317
22.93741,1.7376195,75.203255,33.23171
27.204836,1.7376195,71.64634,35.97561
34.85064,1.7376195,83.333336,38.414635
32.36131,1.7376195,86.38211,35.97561
30.405403,1.7376195,72.15447,39.55917
28.271692,1.520417,80.79269,48.47561
31.385412,1.520417,94.51219,43.587795
28.449503,1.520417,109.756096,47.256096
28.093884,1.7376195,79.268295,41.463413
27.560455,1.520417,67.5813,44.207317
25.248934,2.1917434,81.808945,42.07317
25.426743,1.7376195,75.203255,44.817074
26.13798,2.1720243,107.722885,50.609756
28.627312,2.606429,128.55692,60.97561
31.65007,2.2865314,189.53252,69.20731
32.005688,1.7376195,182.4187,77.743904
34.57883,1.7376195,165.6504,62.429626
33.54219,1.7376195,149.39024,62.5
25.604551,1.7376195,126.01626,57.317074
25.604551,1.7376195,112.296745,42.07317
30.806774,1.7376195,94.51219,41.76829
21.692745,1.7376195,85.873985,43.5978
21.692745,1.7376195,81.808945,36.280487
21.514936,2.303409,72.15447,33.841465
29.486856,1.7376195,92.617676,32.012196
27.204836,1.7376195,102.20363,43.031162
33.961594,1.7376195,85.36585,37.5
31.472263,1.7376195,85.36585,35.365852
29.16074,1.954822,82.31707,40.243904
30.022583,1.7376195,106.37424,43.292683
27.027027,1.7376195,99.085365,44.512196
27.204836,1.7376195,115.34553,49.085365
28.449503,1.7376195,86.38211,42.07317
31.629744,1.520417,86.38211,41.76829
31.638334,1.520417,94.51219,48.17073
25.604551,1.7376195,97.05285,42.378048
26.31579,1.7376195,95.020325,35.97561
29.51636,2.1146529,123.98374,51.82927
32.53912,1.7376195,183.43495,63.414635
32.716927,1.954822,192.07317,70.42683
29.694168,1.7376195,163.61789,65.85366
27.382647,1.7376195,148.88211,61.280487
32.37558,1.7376195,130.58943,57.621952
24.537695,1.7376195,118.39431,47.560974
28.86941,1.8401877,107.07779,42.07317
30.604101,1.7376195,83.333336,36.585365
21.337126,1.7376195,79.77642,33.23171
21.159317,1.7376195,72.31542,32.317074
22.759602,1.7376195,77.631996,34.146343
25.426743,2.0423694,69.10569,32.92683
33.428165,1.7376195,119.65743,49.00729
32.36131,1.7376195,109.23689,40.548782
31.116644,1.7663605,89.939026,36.890244
30.583216,1.3032146,79.77642,47.256096
30.049788,1.3032146,104.16563,40.63626
29.871977,1.3032146,98.57723,38.109756
29.16074,1.7376195,106.20066,44.2619
28.982931,1.8950375,82.31707,37.19512
28.093884,1.9030815,95.020325,34.146343
28.627312,1.7376195,94.00407,42.07317
32.407368,1.520417,98.06911,38.719513
29.16074,2.1720243,110.772354,42.378048
30.938831,2.2006276,175.813,58.841465
31.65007,2.8236315,175.30487,64.02439
29.16074,1.7376195,169.71545,56.40244
26.671408,1.7376195,145.83333,58.23171
25.96017,1.7376195,139.73578,50.0
25.071123,2.3360553,115.34553,48.17073
23.470839,1.7376195,92.875206,40.132977
21.692745,1.7376195,78.17945,36.585365
30.840353,1.7376195,89.43089,33.23171
21.514936,1.7376195,82.31707,42.459145
22.93741,2.1720243,75.71138,30.487804
23.29303,1.7376195,69.10569,39.451286
30.556114,1.7376195,81.30081,30.182926
30.405403,2.1720243,115.206085,50.53845
34.672832,3.040834,97.560974,32.621952
33.072548,1.954822,115.47851,42.987804
32.894737,1.7376195,125.0,46.036587
29.65471,1.7376195,106.45635,45.42683
31.147913,1.7376195,101.626015,44.207317
31.65007,1.7376195,122.45935,46.951214
30.583216,1.7376195,122.967476,44.207317
29.871977,2.0744057,116.86992,51.666557
30.642906,1.954822,109.24797,44.817074
31.840134,1.7376195,113.31301,47.865852
32.1835,1.7376195,177.3374,64.90812
31.827883,1.7376195,177.84554,63.109756
28.80512,1.7376195,119.77338,58.23171
26.671408,2.358352,134.65446,54.57317
26.849218,1.7376195,136.17886,53.658535
25.426743,1.7376195,105.4065,53.353657
46.40825,3.475239,174.79675,83.231705
21.870554,1.7376195,75.71138,35.67073
21.337126,1.520417,74.69512,34.756096
22.759602,1.520417,69.61382,38.5236
22.581793,1.7376195,71.138214,32.621952
22.93741,1.7376195,64.532524,31.40244
25.248934,1.7376195,70.63008,32.317074
30.405403,1.7376195,94.22701,31.09756
33.961594,1.7376195,97.05285,37.19512
33.25035,1.7376195,108.84115,37.5
34.19595,1.7376195,151.9309,47.865852
33.072548,1.7376195,119.44723,48.17073
32.38531,1.7376195,120.42683,46.341465
31.29445,1.7376195,100.60976,46.12477
29.16074,1.520417,96.03658,47.865852
28.271692,1.7376195,104.166664,46.88088
30.59786,1.7376195,89.939026,47.560974
30.761023,1.7376195,143.80081,59.451218
33.072548,1.954822,155.99594,60.97561
33.072548,1.7376195,167.68292,66.46342
29.338549,1.7376195,108.4511,45.143627
26.671408,2.4342966,134.14635,61.280487
26.13798,1.7376195,122.967476,52.025444
24.359886,1.7376195,95.52846,45.217075
22.226173,2.2916312,78.76016,37.19512
21.692745,1.7376195,74.69512,32.92683
21.514936,1.520417,70.12195,33.536587
22.759602,1.7376195,65.04065,38.53701
22.403982,1.7376195,88.252174,38.402367
28.55846,1.7376195,63.00813,37.856018
34.31721,1.7376195,120.200096,48.95211
32.005688,1.7376195,104.50804,37.19512
33.428165,1.7376195,77.743904,37.5
30.207146,1.7376195,79.77642,39.634148
28.80512,2.1078243,98.57723,47.314175
32.108562,1.3032146,90.955284,42.064358
28.627312,2.0642412,81.30081,48.17073
27.916075,1.3032146,78.76016,49.695118
26.13798,1.520417,83.84146,41.54609
29.794138,1.7376195,109.186386,46.951214
27.027027,1.7376195,105.745415,50.914635
30.297794,2.1720243,135.67073,73.47561
31.472263,1.7376195,149.00273,81.402435
31.116644,1.7376195,166.66667,62.431488
29.16074,1.7376195,152.94716,73.47561
27.560455,1.7376195,128.55692,57.92683
26.31579,1.7376195,122.45935,58.23171
23.826458,1.7376195,112.296745,41.15854
30.941349,1.7376195,90.955284,36.890244
22.048365,1.7376195,83.84146,33.536587
21.337126,1.7376195,85.36585,36.890244
22.93741,1.7376195,79.77642,32.621952
22.226173,1.7376195,80.04289,37.19512
25.426743,1.7376195,69.61382,37.19512
34.495018,1.7376195,80.79269,40.243904
32.36131,1.7376195,83.333336,41.64243
30.583216,1.7376195,106.09711,42.682926
28.80512,1.520417,77.743904,44.512196
29.16074,1.520417,89.939026,50.0
29.338549,1.3032146,93.49593,46.951214
29.89097,1.7376195,72.15447,37.80488
28.982931,1.7376195,79.268295,42.07317
29.46916,1.7376195,73.67886,46.341465
26.849218,1.7376195,92.479675,44.395348
27.738264,2.318102,96.03658,62.19512
30.708502,2.1720243,135.1626,57.136513
31.827883,1.7376195,195.63008,96.95122
33.7349,1.7376195,170.7317,86.89024
30.583216,1.7376195,162.60162,82.01219
27.382647,1.7376195,140.2439,77.439026
26.849218,2.530795,118.902435,67.98781
24.182077,1.7376195,105.18293,50.0
22.226173,2.5250304,94.51219,46.78877
21.870554,2.3800118,84.85773,39.939026
28.693928,1.9627002,114.084145,49.389305
22.759602,1.7376195,66.56504,38.414635
23.115221,2.3257,67.07317,43.90244
26.671408,2.0677648,65.04065,41.76829
36.273117,1.5441452,78.25203,43.90244
33.605976,1.7376195,122.86837,49.695118
31.472263,1.7376195,79.77642,35.060974
31.29445,1.520417,71.138214,36.280487
31.059326,1.520417,80.28455,44.817074
32.641605,1.520417,102.13415,40.853657
29.16074,1.8514459,83.84146,33.841465
30.83842,1.520417,72.662605,36.585365
27.916075,1.9453363,106.02671,45.73171
30.237314,1.7376195,83.333336,40.243904
28.12624,2.1720243,90.44715,51.219513
30.405403,2.606429,140.75203,60.747643
29.328796,1.7376195,109.2245,45.2987
30.598719,1.7376195,148.78903,84.45122
30.405403,1.7376195,170.7317,77.13415
27.916075,1.7376195,139.22765,55.748486
26.671408,2.5600398,115.34553,70.12195
24.359886,2.3125758,111.11077,58.23171
22.048365,1.7376195,95.020325,50.609756
21.870554,1.7376195,85.50326,44.512196
21.870554,1.7376195,77.23577,47.560974
29.286354,1.7376195,71.64634,45.42683
23.29303,1.7376195,90.9358,46.341465
29.331507,1.7376195,110.11272,45.68178
34.85064,1.7376195,123.56431,50.208504
33.428165,1.8014957,120.895065,43.59756
29.694168,1.954822,84.349594,43.176666
30.766602,1.7376195,89.43089,37.80488
29.16074,1.7376195,86.89024,38.414635
28.627312,1.9979168,89.939026,42.682926
29.072147,1.9503474,85.873985,44.512196
28.093884,1.520417,75.203255,44.512196
27.027027,1.520417,99.56587,46.341465
27.027027,1.7376195,83.333336,46.341465
27.382647,2.0140643,105.98874,46.597443
30.049788,2.5965567,168.19106,83.231705
32.894737,1.7376195,181.91057,66.45134
31.472263,2.414571,169.71545,78.96342
29.16074,1.7376195,145.42099,80.79269
27.560455,1.7376195,133.95444,73.78049
26.493599,1.7376195,110.26423,64.02439
23.826458,1.7376195,103.150406,54.57317
22.048365,1.7376195,88.414635,42.682926
21.692745,1.7376195,87.94146,38.446503
21.514936,1.7376195,86.89024,41.15854
22.403982,2.3107076,85.36585,37.80488
22.403982,1.7376195,78.34124,35.97561
25.248934,1.7376195,78.25203,39.02439
35.384068,1.7376195,95.52846,44.48925
29.32541,1.7376195,109.40505,45.339878
31.472263,1.9155291,82.31707,43.008804
29.51636,2.0207086,82.31707,50.609756
32.801632,1.3032146,95.52846,53.048782
28.627312,1.3032146,114.837395,53.353657
28.271692,2.1431243,101.11789,51.52439
28.093884,2.1682978,89.939026,52.43903
31.109373,1.7376195,102.64227,53.963413
27.027027,1.7376195,105.691055,60.365852
27.204836,2.4016104,122.45935,63.109756
28.982931,2.1720243,147.46716,81.097565
30.405403,1.7376195,157.37358,93.59756
30.938831,2.8236315,188.51627,74.40374
28.489887,1.9557394,113.367546,49.00151
27.738264,2.6716988,157.01219,79.57317
26.493599,1.7376195,144.30894,76.82927
24.004267,1.7376195,119.9187,62.80488
22.048365,1.7376195,104.166664,58.536587
21.692745,1.7376195,85.873985,47.865852
30.09737,1.7376195,106.60446,43.292683
22.403982,1.7376195,90.82355,39.4902
22.226173,2.1720243,72.15447,39.939026
22.93741,2.2748764,68.597565,39.32927
25.248934,1.7376195,86.43905,37.5
28.627312,2.1720243,96.03677,34.756096
33.25035,3.040834,124.56292,45.42683
31.008339,2.069818,121.44309,50.0
28.918707,1.7376195,108.07329,44.989002
33.428165,1.7376195,147.86586,46.036587
32.716927,1.7376195,141.26016,55.66843
31.827883,1.7376195,119.9187,51.219513
30.049788,2.0187135,142.78455,46.646343
28.271692,1.7376195,135.67073,46.341465
28.449503,1.954822,151.9309,50.609756
30.227596,2.3965676,193.08943,68.902435
35.73508,1.7376195,182.92683,66.97579
29.338549,1.7376195,188.51627,68.20142
28.271692,1.7376195,162.60162,69.20731
27.204836,1.7376195,146.8496,69.51219
25.96017,1.7376195,149.39024,70.12195
24.359886,1.7376195,104.966324,55.792683
22.403982,2.5250134,111.78862,49.390244
21.692745,2.4349349,98.06911,42.682926
20.981508,1.520417,93.49593,44.257446
29.949894,1.520417,107.45166,43.298115
28.87795,1.7660306,103.81075,37.80488
22.403982,1.7376195,67.5813,39.42672
28.998726,1.6348271,98.17866,32.621952
27.204836,1.7376195,84.85773,33.841465
31.29445,1.7376195,112.296745,36.890244
32.36131,1.9337269,141.7683,57.506706
34.139404,1.7376195,152.94716,58.3268
34.428684,1.7376195,163.10976,62.221134
32.065666,1.7376195,121.95122,55.487804
31.1576,1.7376195,108.231705,48.142742
29.338549,1.520417,97.004745,39.02439
28.627312,1.7376195,89.939026,34.756096
28.627312,1.7376195,104.6748,47.06472
30.583216,1.7376195,122.54101,56.40244
32.53912,1.954822,164.12602,70.42683
32.894737,2.1358013,182.4187,64.02439
33.982517,2.3302975,177.84554,64.02439
27.560455,1.7376195,143.80081,62.5
29.893784,1.7376195,116.51902,54.57317
24.004267,2.3658087,108.73984,46.646343
22.226173,1.7376195,87.9065,42.07317
22.226173,2.5530767,83.333336,44.727913
30.175646,1.520417,73.17073,39.23859
22.403982,1.7376195,70.12195,39.32927
22.581793,2.317522,77.23577,39.02439
26.13798,1.7376195,72.15447,44.207317
34.139404,1.7376195,81.30081,41.463413
32.53912,1.7376195,98.06911,47.256096
30.405403,1.7376195,87.9065,38.109756
30.049788,1.7376195,89.939026,43.513474
28.982931,1.3032146,105.691055,45.06494
28.80512,1.3032146,109.960594,53.048782
28.80512,1.520417,106.086555,48.17073
31.140589,1.3032146,97.55048,39.634148
27.560455,1.520417,105.15353,51.219513
27.560455,1.7376195,111.78862,47.560974
27.560455,1.7376195,107.118645,50.609756
31.117186,2.1720243,154.47154,74.69512
32.36131,1.7376195,156.32709,90.243904
32.716927,1.7376195,146.97534,76.82927
34.41859,1.7376195,161.58537,61.68064
27.382647,1.7376195,137.62814,76.82927
26.13798,2.3076174,124.49187,53.72591
31.751408,1.7376195,112.80488,49.390244
22.226173,1.7376195,90.188644,39.27308
29.98639,1.8549047,95.020325,37.19512
21.692745,1.7376195,87.94774,38.377956
30.01216,1.7376195,74.18699,37.80488
22.226173,1.7376195,76.31067,35.060974
25.426743,2.1812136,67.07317,43.292683
29.877295,1.7896028,89.43089,33.23171
33.072548,1.7376195,93.49593,35.060974
30.761023,1.7376195,82.8252,37.19512
28.449503,1.520417,82.31707,37.19512
28.80512,1.520417,92.57935,36.585365
29.16074,1.3032146,100.857506,45.121952
28.982931,1.7376195,98.57723,35.060974
27.560455,1.7376195,91.97154,41.15854
26.849218,2.0740032,94.51219,39.32927
27.027027,1.7376195,99.085365,43.292683
29.871977,1.7376195,104.166664,59.451218
32.894737,2.1720243,165.6504,89.63415
31.827883,2.7483985,219.00406,107.92683
33.072548,1.7376195,176.32114,64.77165
30.558025,1.7376195,135.9617,71.34146
27.382647,1.7376195,135.1626,54.69074
25.604551,1.7376195,129.57317,56.707317
23.64865,1.7376195,89.03344,44.207317
21.870554,2.3580081,98.57723,36.280487
31.474943,1.520417,83.84146,35.97561
21.337126,1.7376195,83.84146,39.32927
22.226173,1.7376195,82.8252,35.365852
22.226173,1.7376195,72.662605,40.55381
25.96017,1.7376195,73.17073,39.02439
34.495018,1.7376195,82.8252,33.841465
32.1835,1.7376195,88.92277,40.548782
30.314152,1.7376195,79.268295,33.841465
28.80512,1.520417,90.06427,34.756096
28.449503,2.1334198,95.020325,46.660915
28.627312,1.520417,114.32927,42.07317
28.80512,1.7376195,94.51219,37.5
28.271692,1.9843624,73.17073,42.378048
26.849218,1.520417,93.49593,43.90244
27.204836,1.7376195,91.46342,50.0
27.027027,2.2166476,109.24797,50.30488
29.153791,2.606429,152.94716,72.256096
32.894737,1.7376195,184.95935,67.11928
32.716927,1.7376195,144.63127,74.69512
29.80863,2.2811878,131.38966,62.5
26.849218,2.49464,140.2439,65.243904
25.604551,1.7376195,96.88601,41.278694
23.470839,1.7376195,110.26423,52.743904
21.692745,1.7376195,93.49593,44.817074
21.692745,1.7376195,80.351845,40.548782
21.337126,1.7376195,86.89024,41.463413
30.314667,1.7376195,83.333336,36.890244
22.226173,1.7376195,78.45863,36.890244
25.782362,2.166809,79.268295,42.987804
33.072548,1.7376195,87.39838,38.414635
32.894737,1.7376195,90.955284,43.45617
30.761023,1.954822,81.808945,44.207317
29.694168,1.7376195,76.727646,41.463413
28.982931,1.7376195,95.52846,39.939026
29.16074,1.7376195,117.37805,38.414635
30.06221,1.7376195,86.89024,42.898273
28.627312,1.520417,77.23577,39.736603
26.493599,1.520417,97.13274,39.871994
26.671408,1.7376195,96.03658,45.5047
26.849218,2.27944,114.837395,51.755367
29.694168,1.520417,142.96878,78.65854
31.29445,1.7376195,158.85495,93.59756
32.1835,1.954822,118.01355,49.948338
28.982931,1.7376195,145.83333,68.597565
26.493599,1.7376195,127.032524,67.98781
25.426743,2.3507655,123.98374,53.744263
31.694147,1.7376195,109.24797,43.59756
21.692745,1.7376195,91.46342,41.463413
30.868597,1.7376195,88.92277,38.109756
29.234264,1.842325,83.84146,36.585365
21.514936,1.7376195,76.66998,35.97561
21.870554,1.7376195,82.8252,39.02439
24.893314,1.7376195,81.808945,50.914635
32.53912,1.7486457,83.84146,42.07317
31.116644,1.9313534,82.31707,43.181805
30.938831,0.86880976,86.89024,43.90244
30.938831,1.3032146,91.97154,42.378048
30.583216,1.3032146,103.65854,50.30488
30.049788,1.3032146,105.35895,46.951214
30.938831,1.7376195,97.05285,35.97561
29.338549,1.7376195,84.349594,44.207317
27.738264,1.7376195,96.03658,48.47561
27.916075,1.7376195,100.10162,45.954823
33.0152,1.520417,117.37805,50.914635
28.982931,2.3683956,166.15854,64.939026
34.777126,1.7376195,177.3374,73.47561
30.761023,2.8236315,146.38165,76.21951
28.449503,1.7376195,134.7556,72.560974
26.13798,1.7376195,120.13952,65.85366
25.604551,2.4597037,130.0813,58.841465
23.470839,2.104779,97.67087,47.256096
22.403982,1.7376195,102.64227,47.13558
21.692745,1.7376195,95.020325,40.243904
21.337126,1.7376195,89.939026,35.97561
21.692745,1.7376195,82.8252,38.414635
21.692745,2.3426387,82.8252,36.585365
22.581793,1.7376195,74.69512,40.243904
25.248934,1.7376195,69.61382,33.23171
30.405403,2.1720243,84.85773,36.585365
25.320036,3.040834,110.772354,55.631023
32.1835,1.954822,118.595024,48.17073
32.36131,1.7376195,121.26579,51.52439
33.428165,1.7376195,115.43888,44.512196
33.605976,1.7376195,178.86179,41.15854
32.36131,1.9656298,155.48781,52.743904
33.679596,1.7376195,150.40651,58.536587
28.80512,1.7376195,135.67073,54.878048
28.093884,1.954822,147.35773,59.173058
29.51636,2.446996,191.05692,67.98781
29.338549,2.4100087,136.74304,68.29269
28.982931,1.7376195,202.23578,72.049866
27.027027,1.7376195,176.82927,66.768295
26.31579,1.7376195,155.99594,67.68293
25.426743,2.3723674,148.37398,59.73184
23.826458,2.502979,140.75203,58.226177
22.403982,3.475239,121.44309,47.256096
30.610237,1.7376195,92.98781,46.341465
21.159317,2.446025,83.333336,41.463413
21.692745,1.520417,75.203255,40.219273
21.514936,1.7376195,73.17073,36.890244
22.226173,1.7376195,66.05691,38.82717
23.29303,2.1553175,61.99187,33.536587
27.204836,1.7376195,82.31707,35.365852
32.53912,1.7376195,102.64227,39.02439
32.36131,1.7376195,130.58943,47.256096
32.716927,1.7376195,162.09349,61.274754
33.25035,1.7376195,157.52032,42.987804
32.716927,1.7376195,132.62195,53.58647
30.734102,1.7376195,97.05285,45.218754
29.51636,2.0629435,96.544716,46.575657
28.271692,1.7376195,86.38211,46.646343
27.738264,1.7376195,107.21545,48.066048
28.7149,1.9234192,112.48133,48.483612
33.21305,1.954822,159.04471,62.142876
30.938831,1.7376195,164.12602,64.939026
28.271692,1.7376195,148.88211,68.902435
25.604551,1.7376195,133.13008,61.280487
25.248934,2.363951,124.49187,53.95441
30.795942,2.0730112,120.42683,48.780487
22.226173,1.7376195,101.11789,42.07317
21.692745,1.7376195,99.5935,38.414635
21.159317,1.520417,81.30081,41.338528
21.870554,2.3661516,75.203255,40.853657
21.870554,1.7376195,73.67886,38.719513
25.248934,1.7376195,69.10569,39.297306
33.25035,1.7376195,82.31707,35.97561
30.943377,1.7376195,93.49593,42.07317
30.227596,1.7376195,88.414635,43.389915
30.405403,1.7376195,76.727646,35.365852
29.51636,1.9885229,96.544716,45.42683
30.067604,2.0923967,111.78862,50.86421
28.627312,1.520417,107.21545,41.76829
29.16074,1.3032146,96.47847,40.243904
27.560455,1.520417,80.79269,40.853657
27.916075,1.7376195,91.97154,41.76829
27.382647,1.7376195,98.06911,48.17073
28.80512,2.1720243,163.61789,75.60976
30.938831,1.7376195,152.00204,85.060974
32.894737,1.7376195,190.54878,73.78049
30.405403,1.7376195,130.06169,63.719513
26.493599,1.7376195,117.0806,61.890244
30.362476,2.2856271,122.45935,63.719513
23.115221,1.7376195,102.13415,46.646343
30.69093,1.7376195,89.939026,39.939026
21.692745,1.7376195,78.205666,38.109756
21.159317,1.7376195,73.17073,40.701527
29.62616,1.7376195,73.67886,45.121952
21.870554,1.7376195,81.572945,39.634148
25.071123,1.7376195,74.69512,40.602264
33.78378,1.7376195,77.743904,40.529198
32.005688,1.7376195,99.5935,42.987804
31.827883,1.7376195,93.49593,38.109756
30.405403,1.520417,105.974754,44.512196
32.005688,1.520417,100.60976,46.036587
32.53912,1.3032146,111.78862,50.30488
33.072548,1.7376195,116.30011,44.512196
28.627312,1.7376195,105.21612,46.951214
30.510988,1.7376195,88.92277,47.256096
27.738264,1.7376195,108.69996,50.609756
28.982931,1.7376195,103.150406,61.890244
30.405403,2.1720243,158.02846,62.656578
33.428165,1.7376195,164.6796,100.30488
33.961594,2.4568384,177.84554,91.46342
30.938831,1.7376195,173.27235,92.37805
26.671408,1.7376195,153.96341,93.29269
25.604551,1.7376195,136.687,55.25801
31.116005,1.7376195,111.78862,63.414635
30.29777,1.7376195,94.00407,54.878048
31.122461,1.520417,88.92277,42.670563
21.159317,1.7376195,78.76016,47.865852
21.514936,1.7376195,76.727646,46.646343
21.870554,1.7376195,71.138214,39.95502
25.426743,1.7376195,72.662605,50.609756
34.31721,1.7376195,91.46342,51.52439
30.435244,1.7376195,95.52846,56.09756
30.583216,1.9229808,89.939026,45.42683
29.871977,2.0136592,79.77642,42.751087
30.405403,1.7241544,102.846985,36.890244
29.135904,1.7854354,105.82272,40.548782
29.51636,1.7376195,90.44715,38.109756
29.338549,1.9003888,80.79269,38.719513
27.738264,1.520417,79.77642,46.341465
28.093884,2.13816,73.67886,51.219513
28.80512,2.1720243,98.06911,47.929874
29.694168,2.606429,154.47154,85.97561
32.716927,1.7376195,195.12195,86.89024
32.716927,1.7376195,188.51627,78.96342
29.694168,2.596779,165.6504,80.79269
27.738264,1.7376195,138.46877,77.439026
31.763412,1.7376195,118.39431,61.585365
23.29303,1.7376195,112.80488,52.743904
30.982094,1.7376195,102.13415,46.51963
22.048365,1.7376195,85.873985,49.390244
28.730381,2.0332239,86.38211,44.52814
22.048365,1.7376195,78.76016,42.987804
22.048365,1.7376195,83.818146,41.463413
29.644653,1.7376195,77.23577,49.390244
34.139404,1.7663853,90.44715,50.0
32.716927,1.7376195,93.49593,44.28109
30.761023,1.954822,85.873985,43.493526
31.472263,1.7376195,85.36585,43.292683
28.80512,1.7376195,88.414635,44.512196
28.449503,1.7376195,114.837395,50.0
28.80512,1.7376195,97.05285,45.36956
28.093884,1.520417,79.268295,35.365852
30.005417,1.8908036,97.560974,39.634148
27.560455,1.7376195,88.414635,45.42683
30.227596,1.7376195,114.837395,64.939026
30.761023,1.520417,169.71545,93.90243
32.894737,1.7376195,205.28455,106.70731
33.997814,2.689741,194.1057,85.36585
30.405403,1.7376195,173.27235,79.87805
26.849218,2.2960136,151.9309,60.776127
25.426743,1.7376195,124.49187,52.429306
28.981644,1.7376195,109.29432,45.510727
30.408205,1.7376195,115.899414,51.219513
21.870554,1.7376195,89.939026,44.276318
21.692745,1.7376195,94.51219,49.695118
21.870554,1.7376195,88.92277,45.121952
29.746273,1.7376195,81.30081,48.780487
30.094948,1.7376195,116.48162,53.963413
33.961594,1.7376195,90.44715,46.646343
32.894737,1.7376195,97.05285,49.390244
31.472263,0.86880976,104.850624,38.043114
30.583216,1.3032146,106.07133,41.29858
31.472263,1.3032146,101.11789,53.048782
30.227596,1.3032146,128.55692,57.317074
29.51636,1.7376195,114.837395,57.012196
31.711233,1.7376195,108.231705,46.646343
28.449503,1.9322945,106.86205,44.512196
28.80512,1.7376195,119.9187,51.82927
28.093884,1.520417,126.01626,51.387764
29.51636,2.1720243,145.82068,80.18293
34.631615,1.7376195,208.33333,95.731705
29.51636,2.8236315,195.63008,94.20731
34.41114,1.7376195,185.97562,95.42683
30.4515,1.7376195,149.52681,85.67073
25.071123,1.7376195,150.40651,78.65854
32.18359,1.7376195,131.09756,69.20731
22.403982,1.7376195,105.691055,48.12025
22.048365,1.7376195,90.955284,47.256096
21.692745,1.7376195,84.85773,43.29464
29.599428,1.7376195,106.384705,45.42683
22.048365,2.1215765,92.74315,46.646343
23.115221,1.7376195,70.12195,50.0
24.715506,1.7376195,78.76016,41.49944
28.757164,2.1720243,91.46342,44.207317
34.495018,3.040834,124.78292,42.987804
36.273117,1.954822,120.93496,42.378048
35.20626,1.7376195,108.49757,34.146343
34.139404,1.7376195,150.91463,42.682926
32.151478,1.9312311,132.11382,39.634148
31.472263,1.7376195,119.742935,51.82927
30.049788,1.7376195,129.57317,55.792683
29.338549,2.106616,129.57317,54.761463
29.51636,1.954822,135.67073,57.317074
33.00235,2.5921028,175.30487,79.57317
30.583216,1.7376195,191.05692,76.82927
29.338549,2.5429895,177.3374,75.60976
34.155056,1.7376195,172.2561,82.01219
26.13798,1.7376195,154.47154,77.13415
25.071123,1.7376195,161.07724,77.743904
23.470839,1.7376195,146.8496,61.280487
22.226173,3.475239,120.42683,54.26829
21.692745,1.7376195,99.5935,53.658535
21.337126,1.520417,99.085365,46.036587
21.692745,1.520417,85.36585,45.73171
21.692745,1.7376195,86.89024,47.560974
22.403982,1.7376195,85.873985,43.517044
30.348984,1.7376195,83.84146,40.853657
27.027027,1.7376195,90.955284,39.634148
32.894737,1.7376195,107.72358,47.57621
33.25035,1.7376195,140.75203,51.82927
34.31721,1.7376195,123.152695,50.218266
34.85064,1.7376195,170.7317,63.239452
33.605976,1.7376195,134.65446,48.47561
31.29445,1.9216441,128.04878,47.256096
30.938831,1.520417,117.37805,48.611618
28.80512,2.1347194,113.31301,50.998905
29.953539,1.7376195,118.09011,55.487804
29.694168,1.7376195,159.04471,77.13415
34.19002,2.1536036,178.35365,67.491035
31.472263,1.7376195,221.54471,78.96342
30.049788,1.7376195,193.59756,69.91064
33.590324,1.7376195,158.53659,70.42683
25.248934,1.7376195,95.55038,40.76281
23.470839,1.7376195,134.14635,55.06142
30.195858,2.0502229,109.756096,48.47561
21.870554,1.7376195,99.085365,46.383335
21.514936,2.6303172,100.10162,53.658535
21.692745,1.7376195,82.31707,51.219513
22.048365,1.7376195,87.939316,38.296677
25.782362,1.7376195,83.333336,56.707317
31.517809,1.7376195,107.72358,50.30488
32.005688,1.7376195,107.21545,51.82927
30.735767,1.7376195,95.020325,45.121952
31.29445,1.7376195,88.92277,50.30488
32.005688,1.3032146,108.231705,52.743904
30.405403,1.3032146,118.902435,53.963413
28.449503,1.520417,95.020325,49.695118
28.449503,1.3032146,96.03658,48.17073
27.204836,1.520417,106.70731,53.963413
27.382647,2.3730493,105.18293,62.5
27.738264,1.7376195,128.77162,68.29269
32.13406,2.1720243,181.40244,96.03658
31.65007,1.7376195,233.2317,108.53658
32.1835,1.7376195,154.26291,87.80488
30.583216,1.7376195,155.31854,91.768295
26.849218,1.7376195,157.01219,83.53658
25.071123,1.7376195,129.57317,70.12195
23.29303,1.7376195,90.686035,39.21865
21.692745,1.7376195,87.25913,38.100212
22.048365,1.7376195,91.53919,50.30488
21.514936,1.7376195,96.73129,55.487804
22.048365,1.7376195,90.44715,48.17073
21.870554,1.7376195,91.5277,50.30488
25.604551,1.7376195,83.333336,54.57317
33.072548,1.7376195,94.00407,51.52439
32.1835,1.7376195,94.51219,51.52439
30.16804,1.7376195,89.939026,43.646393
28.775595,1.9818425,83.84146,46.341465
28.982931,1.520417,99.5935,47.865852
29.871977,1.3032146,107.21545,44.817074
30.99837,1.7376195,94.00407,39.02439
28.627312,1.7376195,84.85773,48.47561
29.592804,1.7376195,79.77642,57.92683
27.560455,1.7376195,87.9065,60.97561
28.627312,1.7376195,121.44309,69.51219
31.472263,2.1720243,191.56505,95.731705
32.53912,1.7376195,232.21545,102.13415
30.405403,1.7376195,215.44716,95.731705
29.16074,1.7376195,183.43495,86.585365
30.531479,1.7376195,151.84984,87.19512
25.604551,1.7376195,126.18528,71.34146
30.551674,1.7376195,126.28998,60.67073
22.048365,1.7376195,114.32927,59.146343
22.581793,1.520417,91.46342,53.048782
21.870554,1.7376195,89.43089,55.487804
22.226173,2.2014263,95.5619,50.0
22.226173,1.7376195,88.996956,38.66829
28.055216,2.1134787,78.76016,56.09756
34.139404,1.7376195,96.544716,55.182926
33.961594,1.7376195,102.13415,45.801495
31.455608,1.7376195,103.150406,46.341465
31.728188,1.520417,90.955284,39.02439
31.980488,1.520417,89.939026,38.414635
28.982931,2.0829203,94.51219,46.049385
29.694168,1.7376195,85.873985,33.841465
28.982931,1.520417,105.56322,42.74108
28.271692,1.520417,96.361626,41.76829
28.627312,1.7376195,88.92277,47.256096
28.449503,2.1720243,116.86992,70.12195
29.338549,2.606429,179.87805,88.414635
33.25035,1.7376195,206.30081,92.98781
32.53912,1.7376195,184.95935,93.59756
31.827883,1.7376195,163.4138,99.390236
26.493599,2.9608574,168.69919,89.63415
32.60911,1.7376195,144.81708,75.914635
32.692875,1.7376195,135.1626,61.890244
21.870554,1.7376195,97.11279,54.878048
30.080896,1.7376195,117.35996,54.878048
21.870554,1.7376195,87.9065,59.756096
22.048365,2.6369715,85.36585,57.621952
22.226173,1.7376195,79.268295,42.009098
25.782362,1.7376195,79.268295,56.707317
33.428165,1.8711187,95.52846,56.09756
32.1835,1.8823847,99.5935,49.695118
31.65007,1.954822,102.64227,50.609756
28.627312,1.7376195,114.90727,54.878048
29.871977,1.7376195,92.98781,53.963413
28.627312,1.7376195,110.26423,45.73171
28.80512,1.7376195,94.00407,47.256096
27.916075,1.520417,98.13588,42.987804
26.31579,2.1973665,86.38211,47.560974
30.752222,1.7376195,100.10162,56.40244
27.560455,1.7376195,115.85366,66.768295
28.627312,2.8442078,153.26442,89.939026
32.1835,1.7376195,224.59349,77.33589
30.938831,1.954822,215.95529,96.03658
29.871977,1.7376195,192.07317,85.060974
26.13798,2.8604796,159.04471,82.62194
24.893314,1.7376195,135.67073,69.51219
23.115221,1.7376195,99.85497,55.487804
21.692745,1.7376195,109.756096,49.695118
22.048365,1.7376195,89.023224,46.951214
30.109995,1.7376195,90.955284,43.97115
21.692745,1.7376195,87.49417,38.23568
21.870554,2.6323612,75.71138,57.621952
24.893314,1.7376195,79.77642,65.243904
32.1835,1.8743337,119.28351,50.92232
32.36131,1.9227517,104.6748,53.048782
30.227596,0.86880976,109.756096,48.47561
32.650036,1.3032146,91.46342,45.42683
30.049788,1.9080919,108.231705,40.853657
27.560455,1.3032146,113.82114,38.719513
28.627312,1.7376195,92.422325,35.365852
27.738264,1.7376195,85.36585,30.487804
26.671408,1.7376195,112.296745,36.585365
26.13798,1.7376195,125.50814,52.55694
28.627312,1.520417,138.21138,63.719513
33.273773,2.1720243,193.08943,82.01219
30.938831,1.7376195,233.2317,85.97561
29.51636,2.8236315,221.54471,89.63415
34.66255,1.7376195,207.82521,97.256096
25.782362,2.4461427,180.38618,68.86071
24.537695,1.7376195,146.8496,77.13415
23.470839,1.7376195,140.2439,67.37805
22.403982,1.7376195,109.756096,60.060974
30.502638,1.7376195,96.03658,53.353657
21.514936,2.559469,88.414635,45.41465
22.048365,1.7376195,83.84146,45.73171
27.569685,2.1720243,75.71138,49.390244
22.581793,1.7376195,70.12195,39.853664
24.359886,2.36374,70.63008,41.274284
27.916075,2.1720243,92.479675,46.73229
26.026928,3.040834,117.88618,47.256096
31.827883,1.954822,130.58943,48.17073
32.005688,1.7376195,136.17886,54.26829
31.65007,1.7376195,130.0813,61.585365
30.603703,1.7376195,129.28244,64.02439
31.29445,1.7376195,138.09044,68.597565
29.694168,1.7376195,133.63821,63.109756
28.271692,1.7376195,146.34146,60.67073
32.12207,2.3661647,153.45529,66.15854
28.449503,1.7376195,205.79268,81.70731
29.16074,1.7376195,236.28049,81.01236
34.376698,1.7376195,217.98781,100.30488
27.916075,3.0680757,179.36992,101.21951
26.13798,1.7376195,171.23984,96.64634
25.248934,1.7376195,167.68292,90.54878
24.004267,1.7376195,158.02846,75.30488
22.403982,3.475239,132.62195,60.67073
30.834852,1.7376195,100.10162,56.09756
31.14276,1.520417,87.39838,53.353657
22.048365,1.520417,77.743904,53.963413
21.692745,1.7376195,74.18699,57.317074
28.763351,1.7376195,73.67886,63.414635
22.759602,2.5457358,78.25203,56.40244
26.493599,1.7376195,108.992584,55.182926
31.47226,1.7376195,113.31301,57.012196
32.033115,1.7376195,121.95122,53.963413
37.69559,1.7376195,186.48373,66.65211
38.762447,1.8464005,194.61382,67.98781
35.917496,1.7376195,133.63821,64.939026
32.894737,1.7376195,103.150406,51.219513
30.761023,1.9958292,119.9187,51.96038
29.204523,2.1104078,94.51219,55.792683
28.80512,1.7376195,111.78862,64.63415
29.51636,2.1475573,165.6504,64.02549
30.405403,2.11505,167.17479,64.76402
30.761023,2.4480593,194.1057,75.60976
28.449503,1.7376195,149.88042,88.10975
26.31579,1.7376195,134.20227,76.5244
33.46852,1.7376195,155.48781,69.20731
23.470839,2.5234997,135.67073,57.06946
31.822947,1.7376195,110.772354,44.817074
22.403982,1.7376195,99.085365,43.59756
21.692745,2.5622382,99.5935,49.085365
22.048365,2.479481,88.414635,47.865852
30.345173,1.7376195,89.43089,53.048782
25.426743,1.7376195,85.36585,56.707317
32.894737,1.7376195,99.5935,59.146343
32.005688,1.7376195,121.78823,53.353657
31.088541,1.7376195,102.64227,47.865852
28.982931,2.1230175,90.955284,53.048782
29.871977,1.3032146,107.72358,54.57317
33.355133,1.3032146,110.772354,56.40244
28.982931,1.520417,86.89024,41.93946
29.51636,1.3032146,70.12195,51.52439
27.738264,1.520417,112.6915,57.012196
28.922861,2.01685,87.39838,44.57613
27.738264,1.7376195,113.82114,72.560974
29.338549,2.7600412,193.59756,89.02439
31.472263,2.7779467,226.11789,120.12195
31.472263,2.7709622,221.03659,106.70731
29.51636,1.7376195,198.17073,70.902115
26.671408,1.7376195,154.92462,95.42683
24.893314,1.7376195,136.687,78.65854
22.93741,1.7376195,120.574715,73.78049
21.692745,1.7376195,107.22216,63.719513
22.048365,2.5299962,89.939026,45.66544
21.692745,2.5907826,85.36585,45.251797
22.226173,1.7376195,83.333336,57.621952
21.514936,1.7376195,82.31707,56.707317
24.715506,1.7376195,90.44715,60.060974
32.36131,1.7376195,106.70731,64.32927
31.116644,1.7376195,103.150406,59.451218
32.36131,1.7376195,98.57723,53.353657
32.894737,1.520417,128.12347,57.92683
33.072548,1.9260684,108.231705,55.792683
32.005688,1.3032146,105.691055,56.09756
31.65007,1.9278966,86.89024,52.134148
32.36131,1.7376195,126.839775,55.182926
28.627312,1.7376195,101.11789,46.283432
28.093884,1.7376195,98.57723,45.799526
28.093884,1.7376195,144.59845,82.31708
30.583216,2.8260643,196.13821,103.04878
32.005688,2.6207476,242.37805,114.939026
31.472263,1.7376195,207.31708,72.982574
30.227596,3.022371,194.1057,115.54878
28.093884,1.7376195,171.23984,98.47561
26.31579,1.7376195,159.04471,92.98781
32.17339,1.7376195,139.22765,78.65854
22.403982,1.7376195,89.2833,38.788044
22.581793,1.520417,102.64227,46.313576
22.048365,1.7376195,110.43536,66.46342
22.759602,1.7376195,88.92277,64.939026
23.115221,1.7376195,80.28455,72.560974
25.426743,1.7376195,89.43089,67.37805
33.25035,1.7376195,103.65854,67.98781
31.080843,1.7376195,109.24797,58.841465
30.938831,1.7376195,91.46342,55.792683
29.871977,1.520417,104.595055,45.42683
29.871977,1.520417,108.231705,56.40244
29.338549,1.520417,128.04878,51.40821
29.338549,1.7376195,95.020325,53.048782
28.627312,1.520417,116.477844,57.621952
27.382647,2.2949593,99.5935,57.621952
27.382647,2.2927704,102.13415,56.707317
27.738264,2.1720243,133.38792,68.29269
28.982931,2.606429,194.1057,74.59465
31.116644,1.7376195,238.313,81.32015
32.36131,1.7376195,210.36586,107.92683
34.225163,1.7376195,208.33333,101.52439
28.449503,1.7376195,171.74797,100.914635
26.31579,1.7376195,149.39024,58.643833
23.29303,1.7376195,140.75203,56.707485
30.621548,1.7376195,104.6748,70.42683
30.047737,1.7376195,92.479675,60.97561
22.048365,1.7376195,98.06911,71.03659
22.93741,1.7376195,85.36585,43.153355
22.759602,1.7376195,83.84146,61.280487
25.96017,1.7376195,119.81212,65.85366
33.78378,1.7376195,120.14491,49.00586
32.36131,2.100856,106.19919,65.85366
32.1835,1.9823966,92.479675,57.621952
30.049788,1.7376195,125.17107,59.451218
29.51636,1.7376195,108.231705,60.67073
31.29445,1.7376195,116.86992,53.963413
30.495539,1.7376195,95.52846,44.943638
28.80512,1.520417,90.44715,62.5
27.027027,2.384427,87.39838,63.109756
30.23251,1.7376195,95.020325,58.841465
28.271692,1.7376195,133.13008,72.560974
31.834486,2.9830384,188.51627,107.01219
31.827883,1.7376195,222.56097,121.64634
32.005688,1.954822,224.08537,78.541824
29.338549,1.7376195,210.87398,99.69512
27.560455,1.7376195,204.77643,93.90243
26.31579,1.7376195,164.12602,89.02439
23.29303,1.7376195,127.54066,67.68293
30.077751,2.1835701,111.78862,59.451218
22.403982,1.7376195,96.544716,58.23171
30.15679,1.7376195,95.52846,64.32927
22.581793,2.6226068,95.020325,58.23171
22.759602,1.7376195,86.89024,60.365852
24.715506,1.7376195,88.92277,64.02439
33.072548,1.7376195,103.150406,66.46342
31.472263,1.7376195,102.64227,46.164562
31.29445,0.86880976,106.19919,50.0
30.583216,1.3032146,111.798706,51.52439
32.894737,1.8778158,107.72358,49.23107
31.472263,1.3032146,115.556816,51.52439
30.761023,1.7376195,111.28049,51.52439
29.16074,2.001154,105.18293,45.42683
28.449503,1.7376195,97.05285,50.914635
28.093884,1.7376195,103.2152,43.33881
28.449503,1.520417,124.49187,64.32927
28.093884,2.1720243,184.95935,83.231705
29.16074,2.7280633,206.80894,87.80488
30.049788,2.8236315,151.28444,85.060974
28.80512,1.7376195,189.02438,84.756096
34.68788,1.7376195,181.91057,78.96342
33.730022,1.7376195,163.61789,78.04878
24.537695,1.7376195,139.22765,66.768295
23.115221,1.7376195,120.93496,52.43903
22.759602,2.4981842,104.166664,49.085365
22.048365,1.7376195,100.10162,55.792683
22.93741,1.7376195,92.98781,46.036587
23.29303,2.1720243,96.09614,46.036587
23.826458,1.7376195,83.84146,53.963413
29.244213,2.0527616,93.49593,51.52439
28.271692,2.1720243,107.21545,50.27262
32.716927,3.040834,128.46854,49.695118
33.961594,1.954822,137.70325,55.792683
34.31721,1.7376195,152.43903,58.223866
33.605976,1.7376195,119.517456,48.775265
32.716927,1.7376195,126.504875,54.57317
33.78378,1.7376195,151.42276,49.085365
32.716927,1.7376195,139.22765,57.012196
29.871977,1.7376195,133.63821,55.792683
29.694168,1.954822,159.04471,61.708637
28.982931,1.9403105,110.63962,47.845257
34.518734,1.7376195,217.98781,98.17073
29.338549,1.7376195,153.74257,91.15854
27.916075,2.842827,223.57724,91.15854
27.204836,1.7376195,214.93903,93.90243
26.31579,1.7376195,183.94308,86.28049
24.893314,1.7376195,146.8496,78.35366
22.581793,3.475239,131.6057,62.011204
31.21338,1.7376195,116.361786,67.68293
21.692745,1.520417,106.70731,47.45363
22.226173,2.5465426,100.60976,48.34266
22.759602,1.7376195,90.44715,52.134148
22.226173,1.7376195,98.27837,55.487804
30.044365,1.7376195,86.89024,52.743904
26.671408,1.7376195,99.085365,46.341465
31.827883,1.7376195,130.58943,49.085365
33.25035,1.7376195,144.30894,46.341465
34.139404,1.7376195,154.47154,58.95045
35.20626,1.7376195,173.78049,64.02148
32.894737,1.8976617,123.85827,48.17073
30.938831,1.7376195,112.71422,46.594902
30.012514,2.044069,104.6748,49.695118
28.449503,1.7376195,115.34553,44.512196
28.80512,1.7376195,143.29268,54.26829
29.16074,1.7376195,170.22357,80.18293
30.938831,1.954822,194.1057,89.02439
32.005688,1.7376195,151.48746,84.756096
28.449503,2.8336048,186.99187,89.939026
27.560455,1.7376195,187.5,88.414635
26.849218,1.7376195,138.78394,79.57317
31.519722,1.7376195,119.9187,66.46342
22.759602,1.7376195,114.32927,60.365852
22.403982,1.7376195,107.21545,57.621952
22.048365,1.520417,98.06911,64.63415
29.97469,1.7376195,86.38211,43.068577
23.826458,1.7376195,89.43089,55.182926
25.604551,2.4323285,85.873985,59.756096
33.605976,1.7376195,119.78114,48.909447
30.110188,1.7376195,119.44331,56.40244
32.1835,1.7376195,101.626015,55.182926
32.1835,1.912745,96.03658,53.353657
32.894737,1.3032146,100.60976,50.0
31.29445,1.3032146,110.320595,42.843983
31.65007,1.520417,96.03658,57.92683
30.405403,1.3032146,89.43089,59.146343
31.477922,1.520417,92.98781,43.533585
27.916075,1.7376195,94.51219,61.280487
28.093884,1.7376195,115.34553,69.81707
29.338549,2.1720243,184.45122,95.42683
32.36131,2.700145,229.67479,117.68293
32.894737,1.7376195,235.26422,96.95122
31.116644,2.7072375,220.02032,98.78049
28.449503,1.7376195,182.4187,93.29269
27.738264,1.7376195,146.34146,86.585365
24.359886,1.7376195,117.88618,50.949
22.403982,1.7376195,108.231705,64.63415
22.759602,1.7376195,110.26423,56.40244
21.514936,1.7376195,107.190895,64.02439
28.857231,2.1355348,89.939026,58.23171
23.29303,1.7376195,92.38846,39.886585
26.31579,1.7376195,90.955284,63.719513
35.20626,1.7376195,110.26423,71.95122
32.894737,2.0056074,107.21545,60.365852
31.472263,1.7376195,123.98374,50.609756
29.871977,1.520417,107.21545,52.743904
29.871977,1.520417,110.772354,67.37805
29.871977,1.3032146,122.88464,61.890244
30.789795,1.7376195,103.150406,46.797497
28.982931,1.7376195,87.9065,60.365852
27.738264,1.7376195,112.028015,54.878048
28.449503,1.7376195,103.65854,60.97561
28.80512,2.4226706,138.21138,69.51219
30.405403,2.1720243,200.71138,96.03658
32.716927,1.7376195,247.45935,81.71877
32.53912,1.7376195,176.89824,118.29269
31.116644,1.7376195,236.78862,80.58328
27.738264,1.7376195,197.15446,97.256096
30.706692,1.7376195,151.68169,86.89024
31.61874,2.144137,139.73578,57.983498
21.870554,1.7376195,109.24797,64.32927
31.87057,1.520417,99.5935,44.92067
21.692745,1.7376195,110.0492,66.15854
30.281898,1.7376195,97.05285,59.146343
23.29303,1.7376195,90.955284,65.85366
24.715506,1.7376195,97.05285,68.29269
32.894737,1.7376195,117.37805,70.12195
31.576927,1.7376195,114.32927,59.146343
31.65007,1.7376195,106.19919,59.451218
30.829126,1.520417,118.135376,56.09756
31.65007,1.520417,119.41556,52.43903
30.227596,1.520417,113.1769,50.914635
28.982931,1.9982945,113.69113,50.30488
29.694168,1.520417,111.35516,51.219513
28.627312,1.520417,116.15492,58.536587
29.16074,1.7376195,106.455956,44.362705
28.80512,2.1720243,140.2439,71.03659
29.16074,2.606429,214.4309,105.48781
32.1835,2.5847526,250.50813,131.70732
34.31721,1.7376195,235.26422,80.07154
31.116644,2.7505865,192.5813,98.17073
33.910576,1.7376195,195.63008,102.439026
26.849218,1.7376195,163.61789,84.756096
24.715506,1.7376195,129.57317,66.46342
22.403982,1.7376195,108.73984,69.20731
21.870554,1.7376195,96.544716,64.02439
28.613634,2.2646198,91.46342,67.07317
30.157106,1.7376195,97.05285,62.19512
22.403982,1.7376195,103.91983,60.060974
30.582577,1.7376195,95.020325,44.781998
33.072548,1.7376195,110.772354,71.64634
34.495018,1.7376195,138.16705,62.80488
32.894737,1.954822,111.28049,49.384495
31.65007,1.7376195,129.64299,59.756096
31.29445,1.7376195,107.21545,60.97561
30.405403,1.7376195,110.81502,45.926304
29.338549,2.0191064,116.849976,51.219513
28.627312,1.9705564,112.30609,48.17073
27.560455,1.520417,97.560974,44.544456
27.738264,2.3151455,106.70731,60.060974
31.689995,2.1180608,138.71951,57.28268
28.712545,2.9344418,162.87953,101.52439
32.716927,1.7376195,229.67479,116.768295
32.53912,1.954822,234.24797,111.585365
31.65007,1.7376195,217.98781,102.743904
36.319935,1.7376195,194.61382,70.381424
28.271692,1.7376195,155.99594,72.86585
25.782362,2.370256,131.09756,55.90849
23.29303,2.7264361,117.37805,64.63415
21.870554,1.7376195,105.18293,48.097507
21.692745,1.7376195,98.57723,66.46342
22.048365,1.7376195,103.90869,60.97561
30.111177,1.7376195,91.46342,57.621952
25.96017,1.7376195,90.44715,67.07317
29.486698,2.3481612,111.28049,68.902435
33.072548,1.7376195,105.691055,60.67073
30.761023,0.86880976,110.61933,53.048782
32.005688,1.3032146,102.64227,60.97561
31.827883,1.3032146,105.691055,56.707317
30.405403,1.3032146,106.68243,41.61445
29.16074,1.7376195,101.626015,46.506317
28.982931,1.7376195,96.544716,47.560974
31.241974,1.7376195,109.24797,48.29724
30.405403,1.7376195,117.37805,52.134148
32.716927,1.520417,144.30894,60.97561
32.005688,2.1720243,192.07317,96.64634
32.36131,1.7376195,230.18292,112.5
25.887947,2.8236315,172.35837,109.756096
28.760777,2.882428,159.68965,96.95122
27.382647,1.7376195,184.45122,85.67073
34.615467,1.7376195,163.10976,61.7252
25.071123,2.7545388,143.29268,74.69512
22.581793,2.553947,123.98374,54.201977
22.403982,1.7376195,109.24797,63.719513
21.692745,1.7376195,108.231705,65.243904
30.73029,1.7376195,100.60976,59.451218
21.870554,2.1720243,112.560356,64.939026
28.801043,2.3010776,98.06911,67.68293
25.248934,1.7376195,106.19919,58.841465
29.694168,2.1720243,104.166664,56.40244
33.605976,3.040834,132.11382,54.878048
33.072548,2.0375252,127.54066,61.280487
34.139404,1.7376195,145.83333,56.645977
35.56188,1.7376195,163.61789,61.35606
34.139404,1.7376195,151.42276,62.19512
32.571644,1.7376195,140.75203,69.51219
33.25035,1.7376195,148.37398,67.07317
31.116644,1.7376195,136.17886,69.20731
33.371582,1.954822,173.78049,74.085365
30.405403,1.7376195,214.4309,91.46342
36.639843,2.2375054,223.0691,79.552734
29.871977,1.7376195,231.70732,95.731705
28.093884,1.7376195,202.23578,92.98781
26.671408,2.9953904,152.17827,90.54878
25.604551,1.7376195,167.17479,83.53658
25.071123,1.7376195,95.19696,40.661858
22.581793,2.5901859,140.75203,58.69181
22.048365,1.7376195,119.41057,75.60976
29.699884,2.098177,107.72358,49.855175
21.870554,1.520417,94.00407,44.276443
22.048365,1.7376195,92.479675,44.88388
22.403982,1.7376195,82.8252,65.243904
24.182077,1.7376195,86.89024,43.617695
31.744368,1.7376195,112.296745,53.353657
34.139404,1.7376195,102.13415,58.23171
35.56188,1.7376195,124.81829,50.601246
36.450924,1.7376195,155.48781,59.014584
35.20626,1.7376195,192.5813,66.768295
33.25035,1.9391998,136.687,55.792683
31.827883,1.7376195,116.86992,55.487804
32.005688,1.520417,111.28049,52.134148
28.80512,1.7376195,106.70731,51.82927
29.338549,1.7376195,140.93356,74.69512
29.694168,1.7376195,193.59756,105.79269
30.405403,1.954822,223.0691,100.60976
30.938831,1.7376195,217.47968,85.36585
29.871977,1.7376195,179.36992,86.28049
27.027027,1.7376195,166.66667,105.48781
25.782362,1.7376195,143.29268,56.78512
24.359886,1.7376195,142.27643,56.912064
22.759602,1.7376195,118.39431,66.768295
21.870554,1.7376195,109.24797,57.92683
21.514936,2.8417122,105.18293,67.37805
22.93741,1.7376195,96.03658,61.890244
23.29303,1.7376195,89.939026,44.43809
25.96017,2.2863731,90.44715,45.748337
31.68767,1.7376195,122.45935,68.29269
32.36131,1.7376195,120.93496,64.32927
31.472263,1.7376195,113.31301,60.060974
30.141087,1.7376195,97.05285,63.414635
33.6295,1.3032146,112.296745,47.023434
31.29445,1.3032146,118.39431,64.32927
29.51636,1.520417,100.10162,56.40244
29.338549,2.0395386,82.31707,43.326935
28.449503,2.2868152,92.479675,63.414635
28.271692,1.7376195,106.19919,68.597565
28.093884,1.7376195,138.21138,86.89024
28.982931,2.1720243,207.31708,110.97561
31.827883,2.8525856,217.47968,136.28049
31.016891,3.0659542,211.89024,131.70732
32.057934,1.7376195,206.30081,122.86585
27.027027,3.0463889,206.80894,98.78049
32.749214,1.7376195,153.45529,89.939026
24.182077,1.7376195,142.27643,56.70711
22.759602,2.5317132,116.361786,52.210888
22.226173,1.7376195,97.05285,69.20731
28.75123,2.3166742,95.52846,70.42683
21.692745,1.7376195,102.622025,60.67073
29.190844,2.154364,97.05285,58.23171
25.248934,2.605671,97.560974,69.20731
33.605976,1.7376195,114.32927,49.110325
31.65007,1.7376195,104.166664,46.50325
31.29445,1.7376195,99.085365,57.012196
29.51636,2.3629913,134.43857,66.15854
30.049788,1.520417,103.150406,63.719513
30.227596,1.3032146,123.47561,68.902435
31.472263,1.7376195,109.756096,58.841465
30.583216,1.7376195,120.06656,53.963413
30.065655,1.7376195,96.544716,68.29269
27.027027,2.4676983,102.64227,66.768295
27.738264,1.7376195,133.63821,54.219906
28.80512,2.1720243,204.77643,105.79269
29.388586,1.7376195,178.19989,123.17073
32.1835,1.7376195,173.45311,113.414635
31.116644,1.7376195,221.03659,76.5502
33.941463,1.7376195,202.7439,103.65854
26.493599,1.7376195,161.07724,90.243904
30.705463,1.7376195,141.06021,75.30488
30.426153,2.3595254,127.032524,67.98781
21.692745,2.8078585,108.73984,63.414635
30.487814,1.7376195,103.65854,69.51219
22.226173,1.7376195,100.10162,63.719513
22.226173,2.7846644,86.38211,68.29269
25.426743,1.7376195,87.39838,64.02439
33.605976,1.7376195,112.80488,74.39024
31.631266,1.7376195,116.86992,50.341293
31.116644,2.163898,106.70731,65.85366
31.496323,1.520417,97.560974,57.621952
31.65007,1.520417,111.28049,54.878048
29.338549,2.248047,127.97734,61.280487
30.120586,2.0827715,106.70731,53.353657
28.627312,1.520417,111.34707,53.963413
27.204836,2.2187958,94.51219,46.67372
31.328415,1.7376195,111.28049,61.585365
27.204836,2.6721256,132.62195,78.96342
28.80512,2.606429,191.05692,105.18293
31.116644,2.7981124,226.11789,118.902435
32.1835,1.7376195,214.93903,101.21951
30.049788,1.7376195,109.75028,45.538597
27.027027,1.7376195,190.54878,105.79269
25.604551,1.7376195,144.81708,81.097565
23.826458,1.7376195,149.89838,69.81707
21.692745,1.7376195,108.247665,65.85366
21.692745,1.7376195,104.6748,47.73868
21.159317,2.843552,100.10162,66.46342
21.870554,1.7376195,99.5935,61.585365
21.870554,1.7376195,97.05285,59.146343
30.041904,1.7376195,96.544716,67.37805
33.072548,1.7376195,113.82114,74.39024
31.827883,1.7376195,108.231705,61.890244
30.583216,1.954822,108.231705,52.43903
28.80512,1.7376195,104.6748,52.743904
28.271692,1.7376195,108.231705,64.02439
28.982931,2.202878,122.889565,57.621952
28.80512,2.162397,101.626015,53.353657
28.627312,1.520417,89.43089,54.57317
27.382647,1.520417,92.98781,58.23171
26.493599,1.7376195,114.837395,49.821926
27.204836,1.7376195,140.75203,74.69512
29.338549,1.520417,153.85103,90.85366
32.36131,2.7611835,207.31708,110.97561
31.65007,1.954822,213.92276,116.768295
30.227596,1.7376195,218.49594,107.01219
34.17663,1.7376195,184.45122,98.47561
26.671408,1.7376195,157.01219,91.15854
24.004267,1.7376195,133.63821,55.00202
30.773329,2.0521786,117.37805,51.781456
21.692745,1.7376195,87.57315,38.271305
21.159317,1.7376195,100.60976,46.747814
30.056942,1.7376195,90.44715,58.536587
22.226173,1.7376195,101.93805,59.451218
24.537695,1.7376195,92.98781,64.63415
33.605976,1.7376195,111.28049,48.20538
33.072548,1.9597472,108.73984,59.451218
32.36131,0.86880976,112.80488,44.36482
31.472263,1.3032146,94.00407,48.780487
33.02518,1.3032146,108.231705,59.146343
29.338549,1.3032146,124.49187,51.82927
29.698624,1.7376195,108.8496,47.560974
28.449503,1.7376195,100.60976,47.256096
27.382647,2.2762988,108.231705,55.487804
26.31579,1.7376195,107.21545,58.23171
34.10143,1.520417,142.27643,65.54878
28.093884,2.1720243,182.92683,81.097565
28.982931,1.7376195,201.21951,102.439026
30.049788,2.8236315,213.41463,90.54878
36.421104,1.7376195,197.15446,70.847275
26.31579,1.7376195,176.32114,84.756096
32.73572,2.127917,154.47154,61.31102
30.698988,1.7376195,147.54062,82.62194
28.883423,2.4012914,105.18293,72.560974
30.19344,1.7376195,94.00407,61.280487
21.514936,1.7376195,82.31707,42.746716
28.086649,2.0994935,78.25203,55.182926
21.337126,2.1720243,105.884964,59.756096
28.141016,2.0673695,82.8252,43.835533
29.337507,1.7376195,78.25203,61.280487
28.627312,2.1720243,86.38211,56.40244
33.428165,3.040834,132.11382,60.725403
33.072548,1.954822,141.7683,57.084805
32.768745,2.2360344,158.02846,57.317074
33.428165,1.7376195,170.7317,56.707317
32.716927,1.7376195,128.55692,52.350426
31.65007,1.7376195,123.98374,49.695118
32.996162,1.7376195,135.1626,55.182926
30.761023,1.7376195,128.55692,53.658535
29.694168,1.954822,153.96341,64.63415
30.583216,1.7376195,207.31708,72.95264
31.827883,2.5000343,210.36586,84.756096
29.51636,1.7376195,207.31708,90.243904
32.291016,2.8113904,174.28862,92.98781
27.027027,1.7376195,161.58537,93.29269
25.96017,1.7376195,134.85547,78.04878
31.129738,2.4916947,142.78455,75.60976
22.93741,3.475239,141.31125,71.03659
22.048365,1.7376195,109.24797,64.939026
31.691969,1.520417,98.57723,44.508133
21.870554,2.7378526,82.31707,62.5
21.514936,1.7376195,81.808945,57.92683
22.581793,1.7376195,78.25203,70.731705
29.977697,1.7376195,86.38211,42.828304
27.738264,2.203603,94.51219,52.134148
32.894737,1.7376195,113.31301,54.878048
33.428165,1.7376195,142.78455,58.536587
34.495018,1.7376195,158.53659,61.280487
34.672832,1.7376195,159.55284,60.377266
32.00702,1.7376195,125.0,59.451218
31.65007,1.7376195,105.691055,65.54878
29.426476,2.1086671,98.57723,55.182926
27.916075,1.7376195,92.479675,56.707317
29.16074,1.7376195,131.09756,61.280487
28.982931,2.1825411,179.87805,67.61369
30.761023,1.954822,195.12195,100.30488
30.761023,1.7376195,204.77643,92.37805
28.982931,1.7376195,198.17073,99.085365
25.96017,1.7376195,171.74797,78.04878
25.071123,1.7376195,138.21138,80.48781
23.470839,1.7376195,126.52439,67.68293
21.870554,1.7376195,101.11789,59.451218
21.337126,1.7376195,92.479675,55.182926
20.981508,1.520417,85.873985,59.451218
21.337126,1.7376195,85.873985,57.621952
21.514936,1.7376195,78.25203,56.40244
28.476786,2.0848157,85.873985,52.134148
32.005688,1.7376195,106.19919,63.719513
33.78378,1.7376195,126.08183,51.52439
30.315845,1.7376195,88.92277,50.30488
31.116644,1.8841487,75.71138,48.17073
30.227596,2.0892448,85.36585,57.621952
29.51636,1.3032146,123.0139,64.02439
31.109417,1.520417,90.955284,56.09756
28.80512,1.3032146,79.77642,60.67073
28.721643,2.21812,91.97154,63.719513
27.382647,1.7376195,128.53308,69.20731
32.01793,1.7376195,118.39431,50.516136
28.449503,2.1720243,176.32114,92.68293
30.583216,1.7376195,206.80894,107.62195
31.29445,1.7376195,154.78448,88.414635
28.80512,1.7376195,206.80894,95.42683
26.849218,1.7376195,180.38618,78.96342
33.9204,1.7376195,165.6504,74.69512
23.470839,2.8236141,132.62195,71.34146
21.692745,1.7376195,114.845505,70.42683
29.983963,1.7376195,93.49593,61.585365
21.159317,2.8633935,90.44715,66.15854
21.692745,1.7376195,96.03658,60.97561
21.692745,1.7376195,85.873985,58.841465
25.248934,1.7376195,82.31707,42.33324
32.1835,1.7376195,143.10379,72.256096
32.005688,1.7376195,128.5774,59.146343
31.472263,1.7376195,88.414635,57.621952
30.405403,1.520417,96.03658,50.914635
28.449503,2.2786982,110.772354,60.060974
28.271692,1.3032146,123.47561,49.254158
28.271692,1.7376195,114.837395,53.963413
28.449503,1.7376195,101.11789,54.878048
31.23991,1.7376195,110.772354,59.451218
26.13798,1.7376195,104.6748,60.67073
26.849218,1.7376195,123.98374,51.91378
27.916075,2.9307766,178.86179,93.90243
29.602798,1.7376195,170.73604,113.10976
33.408955,1.7376195,229.16667,123.78049
29.16074,1.7376195,197.15446,94.81707
26.849218,1.7376195,176.32114,92.07317
25.782362,1.7376195,148.88211,91.15854
23.826458,1.7376195,128.04878,77.439026
22.048365,2.6008184,113.31301,51.907795
21.514936,1.520417,91.97154,55.487804
21.337126,1.7376195,84.85773,43.406796
21.514936,1.7376195,81.30081,42.479713
29.686716,2.348409,133.28668,64.939026
24.359886,1.7376195,113.29983,63.414635
29.694168,1.7376195,130.76549,66.15854
29.472204,2.203049,102.64227,61.585365
32.894737,1.7376195,98.06911,65.243904
30.761023,1.520417,90.44715,51.219513
29.871977,1.520417,109.756096,47.234802
29.871977,1.520417,131.76147,67.98781
29.694168,2.209738,115.34553,59.451218
29.338549,2.1779785,98.57723,58.841465
28.449503,1.520417,113.82114,48.176994
27.560455,2.4651675,121.95122,68.902435
30.922968,2.1720243,152.94716,81.70731
28.80512,2.606429,218.49594,81.39043
34.805176,1.7376195,250.50813,117.68293
30.227596,1.7376195,241.36179,111.89024
28.449503,1.7376195,202.23578,86.28049
26.31579,1.7376195,189.02438,80.48781
25.426743,1.7376195,157.52032,78.65854
31.835257,1.7376195,129.57317,71.95122
22.226173,2.5852509,115.34553,52.303524
21.692745,1.7376195,102.64227,58.841465
21.337126,1.7376195,97.05285,67.07317
21.692745,1.7376195,94.51219,62.19512
30.382383,1.7376195,122.43551,58.841465
29.45403,1.7376195,84.85773,65.243904
29.338549,2.3539062,133.21017,64.32927
32.894737,1.7376195,100.10162,56.09756
30.227596,1.954822,119.60163,53.658535
29.871977,1.7376195,94.51219,52.743904
29.694168,1.7376195,103.65854,56.09756
32.378345,1.7376195,138.21138,69.51219
28.449503,1.7376195,116.86992,55.487804
27.560455,1.520417,107.787445,53.353657
26.849218,1.520417,123.47561,61.890244
26.493599,1.7376195,116.86992,70.731705
27.382647,1.7376195,150.91463,58.81995
28.093884,1.520417,191.56505,98.17073
29.694168,1.7376195,230.69106,107.62195
29.871977,1.954822,223.0691,103.96342
28.093884,1.7376195,216.97154,94.51219
26.493599,1.7376195,186.99187,92.37805
25.248934,3.1400201,153.07477,95.731705
24.004267,1.7376195,124.49187,84.45122
22.048365,2.8562632,107.72358,68.29269
21.337126,2.6028125,99.5935,48.23384
20.803698,1.7376195,86.89024,70.12195
21.159317,1.7376195,90.955284,66.46342
21.514936,1.7376195,88.92277,64.63415
23.826458,2.683651,92.479675,67.98781
29.338549,1.7376195,114.32927,67.37805
34.672832,1.8861415,97.560974,60.97561
33.961594,0.86880976,93.49593,55.487804
33.072548,1.3032146,95.020325,57.92683
31.116644,1.3032146,102.64227,54.26829
31.29445,1.3032146,122.45935,49.12305
30.049788,1.7376195,102.64227,43.292683
28.982931,1.9157734,102.13415,37.19512
28.093884,2.0395463,104.6748,42.07317
31.796722,1.7376195,112.80488,52.134148
28.093884,2.4187717,153.96341,64.63415
28.449503,2.1720243,208.84146,80.18293
28.982931,2.848554,233.73984,102.439026
29.51636,2.8236315,231.19919,94.51219
27.738264,1.7376195,104.24437,43.80187
25.96017,1.7376195,209.3496,89.02439
25.071123,1.7376195,95.964905,40.98712
24.004267,1.7376195,173.78049,74.39024
22.226173,1.7376195,139.22765,66.15854
21.692745,1.7376195,120.93496,60.67073
21.159317,2.588655,110.15895,65.54878
21.692745,2.733197,106.19919,61.280487
21.337126,2.1720243,96.03658,53.353657
22.048365,1.7376195,89.43089,56.09756
23.826458,1.7376195,96.544716,57.012196
29.454216,2.1720243,112.296745,55.487804
32.36131,2.033089,119.9187,60.060974
32.53912,1.954822,135.67073,61.280487
33.759903,1.7376195,149.89838,59.451218
33.25035,1.7376195,171.23984,63.509342
31.472263,1.7376195,154.47154,54.26829
31.29445,2.1048148,150.91463,56.707317
31.116644,1.7376195,151.9309,58.536587
28.80512,1.7376195,114.86853,53.658535
28.627312,2.221466,178.86179,67.699936
29.16074,1.7376195,213.41463,84.14634
30.370874,1.7376195,160.59064,98.17073
28.093884,1.7376195,241.36179,94.81707
27.560455,2.8370638,240.34554,91.15854
26.13798,1.7376195,138.6295,81.402435
25.426743,1.7376195,204.2683,74.39024
24.359886,2.7258964,166.66667,66.15854
22.226173,3.475239,139.73578,64.15795
21.692745,1.7376195,116.361786,67.37805
20.981508,1.520417,110.26423,56.09756
21.514936,2.7370908,101.626015,58.841465
21.514936,1.7376195,92.677315,52.743904
22.226173,2.5942388,91.97154,54.878048
22.93741,1.7376195,99.085365,58.536587
26.671408,1.7376195,107.139725,52.43903
33.072548,1.7376195,121.44309,49.390244
33.428165,1.7376195,152.94716,51.52439
33.25035,1.7376195,174.79675,56.707317
34.31721,1.7376195,215.44716,69.51219
33.072548,1.7376195,173.78049,70.42683
31.116644,1.7376195,153.96341,55.487804
29.871977,1.520417,125.0,55.792683
31.880676,1.7376195,120.42683,50.87983
28.093884,1.7376195,137.19513,56.09756
29.010668,1.7376195,108.836624,45.219646
33.174698,1.954822,197.6626,99.085365
29.694168,2.6405146,223.0691,84.756096
30.36356,1.7376195,155.18535,91.15854
26.13798,1.7376195,190.54878,87.19512
25.426743,1.7376195,147.35643,90.243904
24.004267,1.7376195,92.318825,39.70292
22.581793,1.7376195,90.223015,39.215355
22.048365,1.7376195,115.34553,53.048782
21.514936,1.520417,105.18293,46.730175
21.692745,2.6019535,99.085365,48.317097
21.870554,1.7376195,91.46342,54.57317
23.470839,1.7376195,89.43089,44.063183
27.027027,1.7376195,123.47561,56.09756
32.005688,1.7376195,111.28049,53.963413
32.1835,1.7376195,117.37805,62.5
30.417488,1.7376195,123.72369,58.841465
35.44073,1.3032146,155.99594,69.81707
36.235275,1.3032146,175.30487,79.57317
28.80512,1.520417,130.58943,70.42683
29.16074,1.3032146,129.06505,69.20731
27.204836,1.520417,129.57317,76.5244
32.693626,1.7376195,129.57317,53.259487
26.671408,1.7376195,157.01219,74.69512
28.093884,2.1720243,192.07317,82.92683
28.627312,1.7376195,240.34554,90.85366
28.449503,1.7376195,158.71512,98.17073
33.875015,2.7081628,227.13414,92.98781
26.31579,1.7376195,203.76016,94.20731
25.426743,3.0206313,176.32114,89.63415
32.493076,2.6250787,166.15854,84.756096
22.759602,1.7376195,142.27643,76.5244
31.921986,1.7376195,128.04878,67.37805
20.981508,2.9555657,111.28049,71.95122
21.514936,2.744374,103.65854,61.585365
21.159317,1.7376195,105.97587,64.32927
22.048365,2.7618587,100.10162,64.939026
24.182077,2.350926,112.80645,59.451218
27.560455,1.7376195,101.11789,56.09756
31.807037,1.7376195,119.9187,59.451218
32.53912,1.520417,158.02846,73.47561
35.651447,1.520417,180.38618,75.60976
31.472263,1.3032146,206.80894,77.439026
31.116644,2.3333306,140.81253,70.42683
30.405403,1.7376195,111.36603,46.185673
32.005688,1.7376195,184.45122,66.846375
33.937634,1.7376195,164.63414,70.731705
32.716927,1.7376195,176.82927,71.34146
32.53912,2.1720243,199.69513,90.243904
32.005688,1.7376195,192.07317,104.268295
28.271692,1.7376195,159.9766,100.0
26.671408,2.8849013,147.73283,86.28049
30.266117,1.7376195,156.14949,93.90243
25.96017,3.0842824,153.18599,93.29269
25.071123,0.43440488,153.96341,82.92683
24.537695,2.7821329,145.83333,73.78049
23.64865,0.0,142.27643,72.256096
21.692745,2.962519,112.80488,72.86585
21.870554,2.767799,99.085365,64.02439
21.692745,0.0,85.873985,66.768295
34.4491,0.0,92.63839,29.450432
22.048365,0.0,74.18699,58.536587
23.826458,0.0,62.5,30.494015
27.027027,0.0,79.77642,54.57317
39.328156,0.0,111.28049,57.92683
29.755495,2.5042777,141.38791,73.17073
38.05121,0.0,174.28862,67.98781
33.605976,0.0,143.80081,47.072956
29.338549,0.0,123.98374,54.878048
28.982931,0.0,109.24797,55.792683
27.738264,2.3331459,114.837395,60.060974
26.671408,0.0,144.81708,59.756096
26.671408,2.8061268,148.37398,83.53658
27.382647,0.0,125.67646,83.53658
27.382647,0.0,187.5,79.268295
27.204836,0.0,198.67886,85.67073
26.493599,0.0,190.04065,96.03658
25.96017,2.022223,102.39996,45.126614
24.537695,1.3032146,154.47154,57.57205
32.024414,1.7376195,129.06505,70.731705
21.692745,1.7376195,114.837395,64.32927
21.159317,2.6154375,112.697044,66.46342
21.514936,1.7376195,113.82114,49.893982
21.159317,1.7376195,103.150406,55.182926
22.403982,1.7376195,101.626015,60.97561
25.248934,1.7376195,115.09795,63.109756
28.093884,1.7376195,110.26423,57.92683
32.005688,2.036892,112.296745,59.756096
32.182236,1.7376195,131.6057,65.243904
31.472263,1.7376195,132.15015,62.80488
32.1835,2.2384446,188.51627,66.46342
33.913486,1.7376195,155.48781,62.80488
31.827883,1.9600822,138.21138,56.744595
29.51636,1.520417,106.99654,43.176506
32.829163,1.7376195,148.37398,73.78049
27.738264,2.7504232,144.44778,80.18293
28.449503,2.9555376,190.04065,100.0
28.982931,1.7376195,167.33583,110.060974
29.871977,1.954822,111.12596,47.55566
30.200258,1.7376195,162.96982,100.914635
26.671408,1.7376195,208.33333,87.19512
35.522545,1.7376195,181.40244,66.69682
24.182077,1.7376195,165.6504,79.57317
22.226173,1.7376195,111.0321,66.15854
21.692745,1.7376195,118.39431,60.060974
20.803698,1.7376195,106.70731,62.80488
21.337126,1.7376195,105.691055,55.487804
21.337126,2.6743853,101.11789,54.878048
22.226173,1.7376195,102.64227,61.280487
26.13798,1.7376195,114.837395,49.818924
30.405403,1.7376195,107.72358,55.487804
30.938831,0.86880976,110.772354,60.97561
31.472263,2.1789567,114.837395,67.37805
31.827883,1.3032146,150.40651,56.40244
31.116644,1.3032146,155.99594,63.719513
30.761023,1.7376195,152.43903,58.63007
30.405403,1.7376195,150.91463,53.353657
27.916075,1.7376195,141.26016,62.19512
27.382647,1.7376195,135.80383,76.5244
27.382647,1.520417,170.7317,87.5
36.793884,2.266148,228.65854,81.12444
28.80512,1.7376195,167.1531,110.36585
29.16074,2.7805552,241.36179,101.52439
33.298225,2.7770638,226.62602,98.78049
29.817066,1.7376195,162.50098,102.743904
24.893314,1.7376195,193.08943,90.54878
24.182077,3.0706367,161.58537,86.585365
22.403982,1.7376195,135.1626,55.499836
21.870554,1.7376195,111.78862,68.597565
20.981508,1.7376195,104.6748,67.07317
21.692745,1.7376195,104.6748,56.40244
28.4573,2.1720243,93.49593,53.963413
22.048365,1.7376195,91.97154,62.80488
30.524992,1.7376195,94.51219,55.792683
26.31579,2.1720243,93.49593,46.777218
30.583216,3.040834,103.65854,51.219513
31.827883,1.954822,130.79774,58.841465
34.933994,2.306258,191.56505,61.585365
33.072548,1.7376195,184.45122,60.67073
32.005688,1.9099647,119.11104,51.173027
31.472263,1.7376195,150.40651,63.719513
33.48293,2.3678486,172.76422,66.46342
28.449503,1.7376195,162.09349,62.5
34.46771,1.954822,193.08943,72.86585
28.627312,1.7376195,227.64227,79.87805
28.627312,1.7376195,157.13925,95.42683
29.16074,1.7376195,212.90651,92.98781
35.308838,1.7376195,207.31708,89.02439
34.310722,1.7376195,175.813,82.62194
25.426743,1.7376195,97.13069,41.423378
24.182077,1.7376195,131.06369,79.87805
22.048365,3.475239,155.48781,66.768295
21.692745,1.7376195,125.0,77.743904
20.981508,1.520417,119.41057,50.27972
31.881563,1.520417,105.691055,58.536587
21.159317,1.7376195,86.49196,37.89186
22.048365,1.7376195,95.52846,58.841465
22.581793,2.139315,94.56472,42.752182
24.893314,1.7376195,95.020325,48.17073
30.227596,1.7376195,109.24797,56.09756
32.994205,1.7376195,134.14635,50.914635
32.894737,1.7376195,192.07317,60.97561
37.65778,1.7376195,217.98781,76.566864
33.072548,2.073827,168.19106,62.80488
31.827883,1.7376195,131.09756,62.19512
30.049788,1.520417,120.32091,58.841465
27.916075,1.7376195,117.37805,52.743904
27.738264,1.7376195,150.91463,64.02439
28.627312,1.7376195,173.78049,89.32927
28.627312,1.954822,186.48373,100.60976
29.338549,1.7376195,156.19214,93.90243
27.916075,1.7376195,193.08943,69.72879
25.96017,3.0560088,194.1057,91.15854
25.071123,1.7376195,141.64459,87.19512
24.537695,1.7376195,147.35773,73.17073
22.226173,1.7376195,88.68273,38.70885
21.870554,1.7376195,105.691055,57.012196
21.159317,2.7703388,101.11789,61.890244
21.337126,1.7376195,86.5851,38.05196
21.337126,1.7376195,103.19387,60.97561
22.759602,1.7376195,89.43089,65.54878
26.13798,1.7376195,103.150406,67.37805
30.227596,1.7376195,104.166664,57.92683
31.29445,1.9490052,105.18293,48.447742
30.628363,1.7376195,103.65854,61.890244
31.65007,1.3032146,139.22765,72.560974
31.472263,1.3032146,158.53659,70.731705
30.761023,1.520417,158.02846,56.707317
29.51636,1.3032146,145.83333,62.5
28.271692,1.520417,153.45529,55.182926
26.493599,1.7376195,156.50406,61.585365
26.31579,1.7376195,179.36992,69.20731
27.027027,2.1720243,211.89024,90.243904
28.982931,1.7376195,160.7304,100.60976
29.338549,1.7376195,217.47968,100.0
28.271692,1.7376195,245.93495,102.13415
34.43867,1.7376195,228.1504,99.390236
25.426743,1.7376195,197.6626,91.15854
33.614105,1.7376195,160.5691,74.39024
22.403982,1.7376195,133.63821,54.85883
22.048365,1.7376195,118.39431,64.939026
21.337126,1.7376195,110.772354,68.902435
21.337126,2.4981153,106.30807,61.585365
21.159317,1.7376195,101.37332,61.280487
22.226173,1.7376195,89.63954,39.013386
24.893314,1.7376195,105.691055,69.20731
27.560455,1.7376195,101.626015,53.353657
28.80512,2.2423973,124.13122,58.841465
32.159386,1.520417,113.82114,66.768295
32.53912,2.257956,143.29268,72.86585
32.1835,1.3032146,162.60162,67.37805
33.49068,1.7376195,146.8496,56.09756
32.005688,1.7376195,164.12602,59.146343
30.227596,2.3007007,133.47565,64.32927
29.51636,1.7376195,165.14227,67.07317
32.005688,1.7376195,157.52032,76.21951
32.53912,2.1720243,190.54878,70.866806
32.1835,1.7376195,175.30487,100.914635
29.338549,1.9765434,113.50526,49.239155
27.027027,1.7376195,142.27643,56.61262
25.604551,1.7376195,142.71442,85.36585
25.426743,1.7376195,143.29268,80.18293
